# Converted from resources/robots/b2z1_pcl/meshes/visual/z1_GripperMover.dae
# DAE scene node transforms intentionally not baked; URDF link frames already define mesh placement.
o geom_0_prim_0
v 0.0265915897 -0.0383759104 0.0262493398
v 0.0280104801 -0.0382633805 0.0262493398
v 0.0199992005 -0.0304999892 0.0262493398
v 0.0176691394 0.0389894806 0.0262493398
v 0.0166405402 0.038999971 0.0262493398
v 0.0166405402 0.0289999805 0.0262493398
v 0.0199992005 0.0289999805 0.0262493398
v 0.0199992005 0.0195031092 0.0262493398
v 0.0292710606 0.0195031092 0.0262493398
v 0.0276703797 0.0382861383 0.0262493398
v 0.0251678806 0.0385015011 0.0262493398
v 0.0237438604 0.0386240408 0.0262493398
v 0.0322738215 0.03802412 0.0262493398
v 0.0319227502 0.0380301401 0.0262493398
v 0.0308527909 0.0380795002 0.0262493398
v 0.0263574701 -0.0235042498 0.0262493398
v 0.0262167398 -0.0236555301 0.0262493398
v 0.0365500413 -0.0379722714 0.0262493398
v 0.02588135 -0.0239866897 0.0262493398
v 0.0258619096 -0.0240058806 0.0262493398
v 0.0194826704 -0.0389204584 0.0262493398
v 0.0184126999 -0.0389698111 0.0262493398
v 0.0166405402 -0.0304999892 0.0262493398
v 0.0180616304 -0.0389757715 0.0262493398
v 0.0166405402 -0.038999971 0.0262493398
v 0.0223250296 0.0387365818 0.0262493398
v 0.0214207694 0.0388083383 0.0262493398
v 0.0209038798 0.0388394482 0.0262493398
v 0.0351225697 0.03799152 0.0262493398
v 0.0348056518 0.0379957482 0.0262493398
v 0.0336949192 0.0379999802 0.0262493398
v 0.0301239993 0.0381131098 0.0262493398
v 0.0294317603 0.0381619297 0.0262493398
v 0.0280103609 0.038262181 0.0262493398
v 0.0279749595 -0.0212954208 0.0262493398
v 0.0278799497 -0.0214667898 0.0262493398
v 0.0202115104 -0.0388867818 0.0262493398
v 0.0209036991 -0.0388379619 0.0262493398
v 0.0223251507 -0.0387377702 0.0262493398
v 0.0194829106 0.0389250517 0.0262493398
v 0.0194103103 0.0389293991 0.0262493398
v 0.0180615708 0.0389759503 0.0262493398
v 0.0276439693 -0.0218541007 0.0262493398
v 0.0276240092 -0.0218840204 0.0262493398
v 0.0273918491 -0.0222320501 0.0262493398
v 0.0210591499 -0.02741169 0.0262493398
v 0.0209765397 -0.0274581295 0.0262493398
v 0.0226650797 -0.0387137495 0.0262493398
v 0.0251675807 -0.0384984612 0.0262493398
v 0.0199992005 -0.0279433709 0.0262493398
v 0.0204874203 -0.0277117398 0.0262493398
v 0.0205239002 -0.0276927892 0.0262493398
v 0.0297876503 -0.0170387607 0.0262493398
v 0.0294846203 -0.0178640392 0.0262493398
v 0.0283048097 -0.0206623003 0.0262493398
v 0.0282897893 -0.0206921604 0.0262493398
v 0.0281002503 -0.0210695192 0.0262493398
v 0.0272332393 -0.0224501397 0.0262493398
v 0.0271236803 -0.0226008203 0.0262493398
v 0.0268401504 -0.0229592901 0.0262493398
v 0.0298498794 -0.0168575607 0.0262493398
v 0.0268115401 -0.0229926705 0.0262493398
v 0.0265522506 -0.0232949797 0.0262493398
v 0.0309252106 -0.0380705483 0.0262493398
v 0.0251150709 -0.0246570092 0.0262493398
v 0.0248699691 -0.0248462502 0.0262493398
v 0.0322738811 -0.0380240008 0.0262493398
v 0.0326663218 -0.0380104706 0.0262493398
v 0.0336949192 -0.0379999802 0.0262493398
v 0.02891469 -0.0381916091 0.0262493398
v 0.0215806309 -0.0271149799 0.0262493398
v 0.0214706603 -0.0271803699 0.0262493398
v 0.0304199997 -0.0151055399 0.0262493398
v 0.0303419791 -0.01536786 0.0262493398
v 0.0293630306 -0.01817476 0.0262493398
v 0.0291640703 -0.0186831299 0.0262493398
v 0.0289832298 -0.0191197898 0.0262493398
v 0.0254834797 -0.0243490897 0.0262493398
v 0.0253828093 -0.0244332496 0.0262493398
v 0.0354394913 -0.0379896089 0.0262493398
v 0.0351225697 -0.03799152 0.0262493398
v 0.0294315796 -0.0381604992 0.0262493398
v 0.0220885798 -0.0268016998 0.0262493398
v 0.0217355397 -0.0270228293 0.0262493398
v 0.0302997809 -0.01549959 0.0262493398
v 0.0300734602 -0.0162064992 0.0262493398
v 0.0308526102 -0.0380749106 0.0262493398
v 0.0224915706 -0.0265404508 0.0262493398
v 0.0222645402 -0.0266914908 0.0262493398
v 0.0288743302 -0.0193828307 0.0262493398
v 0.0288440492 -0.0194529202 0.0262493398
v 0.0286866408 -0.0198178794 0.0262493398
v 0.0285713002 -0.0200772807 0.0262493398
v 0.0284972098 -0.0202438794 0.0262493398
v 0.0247197691 -0.0249622408 0.0262493398
v 0.0243471805 -0.0252355896 0.0262493398
v 0.0240197107 -0.0254759099 0.0262493398
v 0.0236068293 -0.0257720891 0.0262493398
v 0.0230764691 -0.0261433702 0.0262493398
v 0.02284812 -0.0263032299 0.0262493398
v 0.0308281109 -0.0136709204 0.0262493398
v 0.0307097398 -0.0141005497 0.0262493398
v 0.0305933896 -0.01452279 0.0262493398
v 0.0312322304 -0.01201862 0.0262493398
v 0.0314113386 -0.0111839697 0.0262493398
v 0.0314263105 -0.0111142304 0.0262493398
v 0.0310816094 -0.0126617504 0.0262493398
v 0.0310463309 -0.0128121898 0.0262493398
v 0.0310342908 0.0133376699 0.0262493398
v 0.0311992094 0.0125896297 0.0262493398
v 0.0365500413 0.0379722714 0.0262493398
v 0.0317641385 -0.00928324368 0.0262493398
v 0.0316966698 -0.0096694231 0.0262493398
v 0.0316035114 -0.0102024004 0.0262493398
v 0.0295978691 0.0185413901 0.0262493398
v 0.0296477601 0.0183851104 0.0262493398
v 0.0321873389 0.00623977091 0.0262493398
v 0.0322919413 0.00509911682 0.0262493398
v 0.0299076401 0.0175707303 0.0262493398
v 0.0300846603 0.0169783197 0.0262493398
v 0.0302003603 0.0165913105 0.0262493398
v 0.0312175099 0.0125065399 0.0262493398
v 0.0314244591 0.0114760902 0.0262493398
v 0.0314977095 0.0110739404 0.0262493398
v 0.0316132903 0.0104393903 0.0262493398
v 0.0317614004 0.00953519344 0.0262493398
v 0.0317839906 0.00939702895 0.0262493398
v 0.0304759108 0.0156037798 0.0262493398
v 0.0304915905 0.0155432196 0.0262493398
v 0.0307341199 0.0146088004 0.0262493398
v 0.0308613703 0.0140793296 0.0262493398
v 0.0309748594 0.0136070196 0.0262493398
v 0.0319406912 -0.00812196732 0.0262493398
v 0.0319087505 -0.00835466292 0.0262493398
v 0.0319084488 -0.00835669041 0.0262493398
v 0.0319366418 0.00834923889 0.0262493398
v 0.0319845006 0.00797450542 0.0262493398
v 0.0320711099 0.00729656219 0.0262493398
v 0.0321490094 -0.00648176577 0.0262493398
v 0.03214138 -0.00654578209 0.0262493398
v 0.0320366584 -0.0074228039 0.0262493398
v 0.0321702883 0.00639456511 0.0262493398
v 0.0321826302 0.00628238916 0.0262493398
v 0.0323141217 0.00479733897 0.0262493398
v 0.0323700905 0.0040370822 0.0262493398
v 0.0324179493 0.00318592694 0.0262493398
v 0.0324084088 -0.0033279059 0.0262493398
v 0.032407701 -0.00334346201 0.0262493398
v 0.0323410593 -0.00438398123 0.0262493398
v 0.0323265083 -0.00457864907 0.0262493398
v 0.0324868485 -0.00124925305 0.0262493398
v 0.0324737392 -0.00169903005 0.0262493398
v 0.0322953984 -0.00494557619 0.0262493398
v 0.0322455689 -0.00553369522 0.0262493398
v 0.0324721299 -0.00175315095 0.0262493398
v 0.0324562117 -0.0022983551 0.0262493398
v 0.032429751 0.00297611905 0.0262493398
v 0.0324711204 0.00191646803 0.0262493398
v 0.0324788615 0.00156342902 0.0262493398
v 0.0324943587 0.000858767016 0.0262493398
v 0.0324989483 -6.64442996e-05 0.0262493398
v 0.0324996114 -0.000196673995 0.0262493398
v 0.0223539993 -0.0276114307 0.0242754202
v 0.0226117894 -0.0275797192 0.0240323506
v 0.0226133391 -0.0304999892 0.0240340196
v 0.0257959906 -0.0271014497 0.0205806401
v 0.0260676108 -0.0270465594 0.0202320199
v 0.0260693394 -0.0304999892 0.0202333294
v 0.0270501897 -0.0268284604 0.0188990198
v 0.0270835701 -0.0268205404 0.0188518092
v 0.0270846393 -0.0304999892 0.01885253
v 0.0203223806 0.0194999501 0.0259999596
v 0.0213350598 0.0289999805 0.0251756292
v 0.0270846393 0.0289999805 0.01885253
v 0.0270137098 0.0194543004 0.0189540908
v 0.0266374294 0.0194886904 0.0194793306
v 0.0260693394 0.0289999805 0.0202333294
v 0.0262488108 0.0194999501 0.0199999809
v 0.0260693394 0.0194999501 0.0202333294
v 0.0249837004 0.0289999805 0.0215595309
v 0.0249837004 0.0194999501 0.0215595309
v 0.0238306504 0.0289999805 0.0228275601
v 0.0238306504 0.0194999501 0.0228275601
v 0.0226133391 0.0289999805 0.0240340196
v 0.0226133391 0.0194999501 0.0240340196
v 0.0213350598 0.0194999501 0.0251756292
v 0.0280269291 0.0192195699 0.0174209401
v 0.0277129393 0.0193176791 0.0179162007
v 0.0280269291 0.0289999805 0.0174209401
v 0.0274035297 0.0193909407 0.0183860008
v 0.0270838104 0.0194429103 0.0188519303
v 0.0283476096 0.0190910604 0.0168941598
v 0.0288935807 0.0289999805 0.0159423295
v 0.0286257807 0.0189530198 0.01641839
v 0.0294302106 0.0183756892 0.01492857
v 0.0291811209 0.0185873508 0.0154096996
v 0.0296823308 0.0289999805 0.0144207403
v 0.0289185606 0.0187752806 0.0158961397
v 0.0288935807 0.0187931601 0.0159423295
v 0.0302809998 0.0173298102 0.0131170703
v 0.0300873499 0.0176225901 0.0135554001
v 0.0303909704 0.0289999805 0.0128602302
v 0.0298830792 0.0178922992 0.0139999902
v 0.0296823308 0.0181240998 0.0144207403
v 0.0309258606 0.0159852505 0.0115147196
v 0.0307820402 0.0163481198 0.0118938005
v 0.0310176592 0.0289999805 0.0112650301
v 0.0306274202 0.0166925099 0.0122865401
v 0.0305120908 0.0169232395 0.01257014
v 0.0303897802 0.0171384793 0.0128597002
v 0.0314811394 0.01397401 0.00989615917
v 0.0313936993 0.0143828904 0.0101701599
v 0.0315607116 0.0289999805 0.00963944104
v 0.0312914811 0.0148062101 0.0104805799
v 0.03118008 0.0152134197 0.0108074499
v 0.0310176592 0.0157280508 0.0112650301
v 0.0318019912 -0.0235443097 0.0088109374
v 0.0318476483 -0.0233570896 0.00864434242
v 0.0320185982 -0.0304999892 0.00798785593
v 0.0315607116 -0.0304999892 0.00963944104
v 0.0315603614 -0.0242173001 0.00963938236
v 0.0316070318 -0.0241163298 0.00948637724
v 0.0316422507 -0.0240270998 0.00936728716
v 0.0316852294 -0.0239182692 0.00922197104
v 0.0317205712 -0.0238134805 0.00909900572
v 0.0317469798 -0.0237352196 0.00900709629
v 0.0318547413 -0.0233223401 0.00861793663
v 0.0318869315 -0.0231650993 0.00849825144
v 0.0319201909 -0.0229675695 0.00837254524
v 0.0319346711 -0.02286583 0.00831705332
v 0.0319570303 -0.0226790309 0.00823068619
v 0.0319632217 -0.0226117298 0.00820660498
v 0.0319744907 -0.0224887691 0.00816267729
v 0.0319871306 -0.0222943407 0.00811290741
v 0.0319931507 -0.02215611 0.00808924437
v 0.0319458209 -0.0138995601 0.00827431586
v 0.0319975615 -0.0217675492 0.00807189941
v 0.0318728015 -0.0145146204 0.00855094101
v 0.0319932103 -0.0215703808 0.00808906462
v 0.0318682715 -0.0145527702 0.00856804755
v 0.0319975615 -0.0219628196 0.00807183888
v 0.0319975615 -0.0218951702 0.00807183888
v 0.0320156217 -0.0132464701 0.00799995568
v 0.0320070907 -0.0133259203 0.00803333521
v 0.0319690704 -0.0210130792 0.00818383601
v 0.0319478512 -0.0206463896 0.00826644804
v 0.0317820907 -0.0152087798 0.00888240337
v 0.0319764018 -0.0211723391 0.00815522578
v 0.0319835506 -0.0213287398 0.00812703278
v 0.0319333598 -0.0204453394 0.00832199957
v 0.0319215618 -0.0202813093 0.00836735871
v 0.0318897888 -0.0199147407 0.00848752167
v 0.0318696387 -0.0197147094 0.00856256392
v 0.0318522416 -0.0195415001 0.00862753298
v 0.0318092704 -0.0191681907 0.00878465082
v 0.0317851305 -0.0189799592 0.00887101796
v 0.0317125283 -0.0177714806 0.00912767556
v 0.0317609906 -0.0187913105 0.00895762444
v 0.0317089483 -0.0183915403 0.00914013293
v 0.0316906497 -0.0182405096 0.00920301583
v 0.0316752084 -0.0181127097 0.00925630331
v 0.0316444598 -0.0178210102 0.00936079025
v 0.0316191912 -0.0175259095 0.00944590475
v 0.0316171609 -0.0174962804 0.00945269968
v 0.0315974914 -0.0172118507 0.00951826479
v 0.0315929018 -0.0171231609 0.00953346398
v 0.0315865204 -0.0169995409 0.00955462363
v 0.0315831788 -0.0168710891 0.00956553221
v 0.0315839015 -0.0167496204 0.00956326723
v 0.0315840207 -0.0167250596 0.00956279039
v 0.0315905213 -0.0165878497 0.00954133179
v 0.0315958783 -0.0165280104 0.00952345133
v 0.0316031501 -0.0164471194 0.00949931145
v 0.0316120312 -0.0163748208 0.00946968701
v 0.0316205584 -0.0163056795 0.0094413748
v 0.0316419005 -0.0161578599 0.00936961081
v 0.031666331 -0.0160000306 0.00928670075
v 0.0316862985 -0.0158702694 0.00921827462
v 0.0317121707 -0.0156914499 0.00912749674
v 0.0319694802 0.00958377123 0.00818228722
v 0.0319431983 0.01009678 0.00828433037
v 0.0320185982 0.0289999805 0.00798785593
v 0.0319106504 0.0106058102 0.00840884354
v 0.0318717286 0.0111075602 0.00855511427
v 0.0320156217 0.00749999192 0.00799995568
v 0.032012701 0.00802487135 0.0080114603
v 0.0320041701 0.00854581501 0.00804561283
v 0.0319897495 0.00906675961 0.00810271502
v 0.0318260118 0.0116041796 0.0087236762
v 0.0317731984 0.0120936604 0.0089139929
v 0.0317134783 0.0125713898 0.00912427902
v 0.0316458307 0.0130414898 0.00935614109
v 0.0315698907 0.0134993102 0.00960886385
v 0.0315607116 0.0135546904 0.00963944104
v 0.0310408399 -0.0250109397 0.0112004802
v 0.0311602894 -0.0248722993 0.0108643696
v 0.031269189 -0.0247252509 0.0105460202
v 0.0312870108 -0.0247011092 0.0104938103
v 0.0313094184 -0.0246681497 0.0104267504
v 0.03139662 -0.0245283805 0.0101602599
v 0.0314199887 -0.0244908296 0.0100886198
v 0.031481199 -0.0243771002 0.00989472773
v 0.0315189287 -0.0243070107 0.00977522135
v 0.0305796806 -0.0254204795 0.0124009196
v 0.0306522194 -0.0253669005 0.01222282
v 0.0310176592 -0.0304999892 0.0112650301
v 0.0306802299 -0.0253462102 0.0121540399
v 0.0308678709 -0.0251852795 0.0116693303
v 0.0309816506 -0.0250720307 0.0113618895
v 0.03101754 -0.0250363294 0.0112649696
v 0.03102725 -0.0250266697 0.0112387501
v 0.0300356094 -0.0257694703 0.0136653101
v 0.0301797297 -0.0256893598 0.0133484602
v 0.0303909704 -0.0304999892 0.0128602302
v 0.0296823308 -0.0304999892 0.0144207403
v 0.0296809003 -0.0259525701 0.0144200297
v 0.02977705 -0.0259054806 0.01421999
v 0.0298958998 -0.0258471891 0.0139725804
v 0.0302309301 -0.0256567001 0.0132294204
v 0.0303900205 -0.0255553108 0.0128598204
v 0.0304415207 -0.0255225301 0.0127402497
v 0.0288935807 -0.0304999892 0.0159423295
v 0.0288919806 -0.0262821894 0.0159414392
v 0.0291483905 -0.0261858106 0.0154715097
v 0.0292653404 -0.0261385404 0.0152491303
v 0.0292928796 -0.0261265598 0.0151948901
v 0.0293138605 -0.0261174403 0.0151535198
v 0.0295908395 -0.0259967409 0.0146074798
v 0.0280269291 -0.0304999892 0.0174209401
v 0.0282289907 -0.0265055206 0.0170873404
v 0.0283654295 -0.0264634993 0.0168627501
v 0.0284004807 -0.0264527705 0.0168051105
v 0.0287770592 -0.0263251606 0.0161514804
v 0.0287824795 -0.0263233092 0.0161420703
v 0.0276541691 -0.0266732499 0.0180046503
v 0.0280027892 -0.0265751407 0.0174596906
v 0.0280265193 -0.0265678708 0.0174206998
v 0.0271342304 -0.0268085003 0.01878017
v 0.0271630809 -0.0268016402 0.0187394004
v 0.0275902096 -0.0266912505 0.0181046091
v 0.0262658503 -0.0270064399 0.0199775007
v 0.0264198091 -0.0269727092 0.0197701994
v 0.0267215893 -0.0269066002 0.0193636995
v 0.0253120605 -0.0271916892 0.0211730003
v 0.0250854399 -0.0272303801 0.0214376394
v 0.0249837004 -0.0304999892 0.0215595309
v 0.0255069099 -0.0271553304 0.0209345203
v 0.0257654097 -0.0271071699 0.0206181407
v 0.0243852697 -0.0273433905 0.0222322904
v 0.0248140004 -0.0272767507 0.0217546206
v 0.0249822102 -0.0272480194 0.0215582196
v 0.0227230098 -0.0275660697 0.0239274502
v 0.0229206607 -0.0275417492 0.0237411205
v 0.0238306504 -0.0304999892 0.0228275601
v 0.0233590007 -0.0274873897 0.0233079102
v 0.0234684907 -0.0274737999 0.0231997296
v 0.0236643497 -0.0274479892 0.0229999404
v 0.0237811804 -0.0274318997 0.0228790604
v 0.0238301102 -0.0274248105 0.0228270199
v 0.0243021194 -0.0273563191 0.02232497
v 0.0211941004 -0.0277648494 0.0252944194
v 0.0213339906 -0.0277457796 0.02517437
v 0.0213350598 -0.0304999892 0.0251756292
v 0.02177798 -0.0276853405 0.0247935001
v 0.0218979102 -0.0276699606 0.0246856809
v 0.0206015091 -0.0278507397 0.0257793609
v 0.0329961702 0.0289999805 -0.000502292998
v 0.0329961702 -0.0304999892 -0.000502292998
v 0.0329777487 0.0289999805 0.00121146406
v 0.0329777487 -0.0304999892 0.00121146406
v 0.0328703485 0.0289999805 0.00292199804
v 0.0328703485 -0.0304999892 0.00292199804
v 0.0326743089 0.0289999805 0.00462460518
v 0.0326743089 -0.0304999892 0.00462460518
v 0.0323901698 0.0289999805 0.00631475402
v 0.0323901698 -0.0304999892 0.00631475402
v 0.01484924 -0.0404999815 -0.01484924
v 0.01484924 -0.0304999892 -0.01484924
v 0.0223212205 -0.0404999815 -0.00737720681
v 0.0223212205 -0.0304999892 -0.00737720681
v -0.0187410694 -0.0404999815 0.00946563389
v -0.0186812803 -0.0404999815 0.00959205627
v -0.0186812803 -0.0304999892 0.00959205627
v -0.0198072102 -0.0404999815 0.00696557714
v -0.0197690707 -0.0404999815 0.00708389189
v -0.0197690707 -0.0304999892 0.00708389189
v -0.0205414202 -0.0404999815 0.00434869481
v -0.0205218103 -0.0404999815 0.00445568515
v -0.0205218103 -0.0304999892 0.00445568515
v -0.0209315401 -0.0404999815 0.00165885605
v -0.0209267698 -0.0404999815 0.00175195897
v -0.0209267698 -0.0304999892 0.00175195897
v -0.0209708791 -0.0404999815 -0.00105881598
v -0.0209770203 -0.0404999815 -0.000981390011
v -0.0209770203 -0.0304999892 -0.000981390011
v -0.0206588507 -0.0404999815 -0.00375890709
v -0.0206717793 -0.0404999815 -0.00369811011
v -0.0206717793 -0.0304999892 -0.00369811011
v -0.0200006291 -0.0404999815 -0.00639617397
v -0.0200161897 -0.0404999815 -0.00635224488
v -0.0200161897 -0.0304999892 -0.00635224488
v -0.01900726 -0.0404999815 -0.00892639067
v -0.0190213304 -0.0404999815 -0.00889867544
v -0.0190213304 -0.0304999892 -0.00889867544
v -0.0176953599 -0.0404999815 -0.0113071203
v -0.0177041795 -0.0404999815 -0.0112942997
v -0.0177041795 -0.0304999892 -0.0112942997
v 0.00501811504 -0.0404999815 -0.0203874093
v 0.0048832288 -0.0404999815 -0.0204243008
v 0.0048832288 -0.0304999892 -0.0204243008
v 0.00760972407 -0.0404999815 -0.0195687395
v 0.00749516394 -0.0404999815 -0.0196168404
v 0.00749516394 -0.0304999892 -0.0196168404
v 0.0100739496 -0.0404999815 -0.0184221808
v 0.00998002198 -0.0404999815 -0.0184769593
v 0.00998002198 -0.0304999892 -0.0184769593
v 0.0123695098 -0.0404999815 -0.0169668701
v 0.0122957798 -0.0404999815 -0.0170238595
v 0.0122957798 -0.0304999892 -0.0170238595
v -0.0120450798 -0.0404999815 0.0172021892
v -0.0120450798 -0.0304999892 0.0172021892
v -0.0124860397 -0.0404999815 0.0168835502
v -0.0125490399 -0.0304999892 0.01683807
v 0.0144031001 -0.0404999815 -0.0152823301
v 0.0144031001 -0.0304999892 -0.0152823301
v 0.0144588901 -0.0404999815 -0.0152281504
v 0.0140535804 -0.0404999815 -0.01559084
v 0.0136457598 -0.0404999815 -0.0159509107
v 0.0133777801 -0.0304999892 -0.0161874201
v 0.0133777801 -0.0404999815 -0.0161874201
v 0.0132302605 -0.0404999815 -0.0163014494
v 0.0127998497 -0.0404999815 -0.0166341607
v 0.011922 -0.0404999815 -0.0172757506
v 0.0114708496 -0.0404999815 -0.0175797306
v 0.0111615602 -0.0304999892 -0.0177881699
v 0.0111615602 -0.0404999815 -0.0177881699
v 0.0110139204 -0.0404999815 -0.0178742409
v 0.0105439397 -0.0404999815 -0.0181481801
v 0.00959062483 -0.0404999815 -0.0186711494
v 0.00910377502 -0.0404999815 -0.0189139806
v 0.0087561598 -0.0304999892 -0.0190873705
v 0.0087561598 -0.0404999815 -0.0190873705
v 0.00861287117 -0.0404999815 -0.0191475693
v 0.00811129808 -0.0404999815 -0.0193581507
v 0.00709849503 -0.0404999815 -0.0197537504
v 0.00658428622 -0.0404999815 -0.0199313108
v 0.00620234013 -0.0304999892 -0.02006316
v 0.00620234013 -0.0404999815 -0.02006316
v 0.00606745388 -0.0404999815 -0.0201000497
v 0.00554275513 -0.0404999815 -0.0202437006
v 0.00448739482 -0.0404999815 -0.0205054209
v 0.00395447016 -0.0404999815 -0.0206146203
v 0.00354343606 -0.0304999892 -0.0206988398
v 0.00354343606 -0.0404999815 -0.0206988398
v 0.0034202931 -0.0404999815 -0.0207158308
v 0.00218856311 -0.0404999815 -0.0208856408
v 0.00218856311 -0.0304999892 -0.0208856408
v 0.00234246207 -0.0404999815 -0.0208644196
v 0.00288140704 -0.0404999815 -0.0207901001
v 0.00180107297 -0.0404999815 -0.0209134798
v 0.00125843205 -0.0404999815 -0.0209525805
v 0.000824455987 -0.0304999892 -0.0209838096
v 0.000824455987 -0.0404999815 -0.0209838096
v 0.000715692993 -0.0404999815 -0.0209845304
v -0.000543172995 -0.0404999815 -0.0209929291
v -0.000543172995 -0.0304999892 -0.0209929291
v -0.000372259994 -0.0404999815 -0.0209918004
v 0.000171727006 -0.0404999815 -0.0209881607
v -0.000915491022 -0.0404999815 -0.0209711697
v -0.00145858503 -0.0404999815 -0.0209394004
v -0.001908481 -0.0304999892 -0.0209130608
v -0.001908481 -0.0404999815 -0.0209130608
v -0.00200098706 -0.0404999815 -0.0209015608
v -0.00326567795 -0.0404999815 -0.0207445007
v -0.00326567795 -0.0304999892 -0.0207445007
v -0.00308066607 -0.0404999815 -0.0207674503
v -0.0025408261 -0.0404999815 -0.0208345
v -0.00361675001 -0.0404999815 -0.0206774399
v -0.00415116502 -0.0404999815 -0.0205754004
v -0.00460910704 -0.0304999892 -0.0204879008
v -0.00460910704 -0.0404999815 -0.0204879008
v -0.00468426896 -0.0404999815 -0.0204684101
v -0.00593292713 -0.0404999815 -0.0201444607
v -0.00593292713 -0.0304999892 -0.0201444607
v -0.00573736383 -0.0404999815 -0.0201951806
v -0.00521081593 -0.0404999815 -0.0203317907
v -0.00625753403 -0.0404999815 -0.0200372301
v -0.00677412702 -0.0404999815 -0.0198666397
v -0.00723159313 -0.0304999892 -0.0197155401
v -0.00723159313 -0.0404999815 -0.0197155401
v -0.00728917122 -0.0404999815 -0.0196922403
v -0.00849956181 -0.0404999815 -0.0192029998
v -0.00849956181 -0.0304999892 -0.0192029998
v -0.00829785969 -0.0404999815 -0.0192845408
v -0.00779348612 -0.0404999815 -0.0194883905
v -0.00879353192 -0.0404999815 -0.0190612599
v -0.0092835417 -0.0404999815 -0.0188249908
v -0.00973153114 -0.0304999892 -0.0186090395
v -0.00973153114 -0.0404999815 -0.0186090395
v -0.0109221898 -0.0304999892 -0.0179361105
v -0.0097720623 -0.0404999815 -0.0185860898
v -0.0102456203 -0.0404999815 -0.0183184706
v -0.0107192304 -0.0404999815 -0.0180507805
v -0.0109221898 -0.0404999815 -0.0179361105
v -0.0111821797 -0.0404999815 -0.0177659299
v -0.0116373803 -0.0404999815 -0.01746797
v -0.0120665403 -0.0304999892 -0.0171871092
v -0.0120665403 -0.0404999815 -0.0171871092
v -0.0131596904 -0.0304999892 -0.0163652301
v -0.0120913303 -0.0404999815 -0.0171684604
v -0.0125261499 -0.0404999815 -0.0168415904
v -0.0129609704 -0.0404999815 -0.0165146496
v -0.0131596904 -0.0404999815 -0.0163652301
v -0.0133836204 -0.0404999815 -0.0161728207
v -0.0137962596 -0.0404999815 -0.0158182904
v -0.0141969901 -0.0304999892 -0.01547396
v -0.0141969901 -0.0404999815 -0.01547396
v -0.0151741495 -0.0304999892 -0.0145169999
v -0.0142081296 -0.0404999815 -0.0154630505
v -0.0145967603 -0.0404999815 -0.0150824701
v -0.0149854403 -0.0404999815 -0.0147018395
v -0.0151741495 -0.0404999815 -0.0145169999
v -0.0160869304 -0.0404999815 -0.01349854
v -0.0160869304 -0.0304999892 -0.01349854
v -0.0157238804 -0.0404999815 -0.0139035499
v -0.0153608304 -0.0404999815 -0.0143087497
v -0.0164228007 -0.0404999815 -0.0130706998
v -0.0167587306 -0.0404999815 -0.0126427403
v -0.0169314109 -0.0304999892 -0.0124227405
v -0.0169314109 -0.0404999815 -0.0124227405
v -0.0170806609 -0.0404999815 -0.0122048203
v -0.0173880402 -0.0404999815 -0.0117559396
v -0.0179736596 -0.0404999815 -0.0108398097
v -0.0182511806 -0.0404999815 -0.0103719197
v -0.0184017997 -0.0304999892 -0.0101179397
v -0.0184017997 -0.0404999815 -0.0101179397
v -0.0185143892 -0.0404999815 -0.00989627838
v -0.0187608507 -0.0404999815 -0.00941133406
v -0.0192234498 -0.0404999815 -0.00842732098
v -0.0194377806 -0.0404999815 -0.00792729761
v -0.01956027 -0.0304999892 -0.00764167309
v -0.01956027 -0.0404999815 -0.00764167309
v -0.0196379405 -0.0404999815 -0.00742190983
v -0.0198193099 -0.0404999815 -0.00690901186
v -0.0201510694 -0.0404999815 -0.00587355997
v -0.0202987101 -0.0404999815 -0.0053499341
v -0.0203872304 -0.0304999892 -0.00503587723
v -0.0203872304 -0.0404999815 -0.00503587723
v -0.0204324704 -0.0404999815 -0.00482308818
v -0.0205456596 -0.0404999815 -0.00429099705
v -0.0207410995 -0.0404999815 -0.00322139193
v -0.02081942 -0.0404999815 -0.00268304301
v -0.0208686497 -0.0304999892 -0.00234472705
v -0.0208686497 -0.0404999815 -0.00234472705
v -0.0208846908 -0.0404999815 -0.00214338303
v -0.0209277794 -0.0404999815 -0.00160104001
v -0.0209836308 -0.0404999815 -0.000515225984
v -0.0209913794 -0.0404999815 2.87530002e-05
v -0.0209964495 -0.0304999892 0.000386131986
v -0.0209964495 -0.0404999815 0.000386131986
v -0.0209869109 -0.0404999815 0.000572349993
v -0.0209591892 -0.0404999815 0.00111562002
v -0.0208745506 -0.0404999815 0.00219964911
v -0.0208115503 -0.0404999815 0.00274002505
v -0.0207683407 -0.0304999892 0.00311046792
v -0.0207683407 -0.0404999815 0.00311046792
v -0.0207375195 -0.0404999815 0.00327855302
v -0.0206394698 -0.0404999815 0.00381362392
v -0.0204157196 -0.0404999815 0.00487768603
v -0.0202830397 -0.0404999815 0.00540530588
v -0.0201882701 -0.0304999892 0.00578206684
v -0.0201882701 -0.0404999815 0.00578206684
v -0.0201406404 -0.0404999815 0.00592994597
v -0.01997393 -0.0404999815 0.00644779205
v -0.0196147505 -0.0404999815 0.0074740639
v -0.0194146596 -0.0404999815 0.00797998905
v -0.0192660596 -0.0304999892 0.00835567713
v -0.0192660596 -0.0404999815 0.00835567713
v -0.0192062799 -0.0404999815 0.00848209765
v -0.0189737007 -0.0404999815 0.00897389557
v -0.0184851196 -0.0404999815 0.0099452734
v -0.0182210207 -0.0404999815 0.0104209101
v -0.0180173498 -0.0304999892 0.0107877199
v -0.0180173498 -0.0404999815 0.0107877199
v -0.0179500505 -0.0404999815 0.0108922096
v -0.0172769409 -0.0404999815 0.0119376099
v -0.0172769409 -0.0304999892 0.0119376099
v -0.0173610393 -0.0404999815 0.0118069602
v -0.0176555496 -0.0404999815 0.0113496101
v -0.0170457903 -0.0404999815 0.0122498795
v -0.0167220794 -0.0404999815 0.0126871401
v -0.0164632201 -0.0304999892 0.0130369002
v -0.0164632201 -0.0404999815 0.0130369002
v -0.0163929407 -0.0404999815 0.0131199304
v -0.0155796995 -0.0404999815 0.0140808802
v -0.0155796995 -0.0304999892 0.0140808802
v -0.0156901404 -0.0404999815 0.0139504001
v -0.0160415694 -0.0404999815 0.0135351401
v -0.0153207704 -0.0404999815 0.0143492799
v -0.0149429999 -0.0404999815 0.01474082
v -0.0146301296 -0.0304999892 0.0150651298
v -0.0146301296 -0.0404999815 0.0150651298
v -0.0145611698 -0.0404999815 0.0151278302
v -0.0136184599 -0.0404999815 0.0159854796
v -0.0136184599 -0.0304999892 0.0159854796
v -0.0137563897 -0.0404999815 0.0158600193
v -0.0141587798 -0.0404999815 0.0154939201
v -0.0133389803 -0.0404999815 0.0162082892
v -0.0129135801 -0.0404999815 0.0165474396
v -0.0125490399 -0.0404999815 0.01683807
v -0.01203823 -0.0404999815 0.0172069594
v -0.01203823 -0.0304999892 0.0172069594
v 0.0971130729 0.0259804092 0.00834614038
v 0.0788118765 0.0300066397 0.0168801509
v 0.0971130729 -0.0259804092 0.00834614038
v 0.0788118765 -0.0300066397 0.0168801509
v 0.100000001 0.0259804092 0.00381463696
v 0.100000001 -0.0259804092 0.00381463696
v 0.100000001 0.0259804092 -0.0089999428
v 0.100000001 -0.0259804092 -0.0089999428
v 0.0831693411 0.0332559906 -0.0089999428
v 0.0861555263 0.0326496884 -0.0089999428
v 0.0832203627 -0.0332399011 -0.0089999428
v 0.0762169287 0.0347203016 -0.0089999428
v 0.0796908736 0.0339777991 -0.0089999428
v 0.0762169287 -0.0347203016 -0.0089999428
v 0.0811437294 0.0336672589 -0.0089999428
v 0.0784019828 -0.0342459008 -0.0089999428
v 0.0796906278 -0.0339768492 -0.0089999428
v 0.0831683204 -0.0332507417 -0.0089999428
v 0.0969965383 -0.0305644795 -0.0089999428
v 0.0901399776 -0.0318740606 -0.0089999428
v 0.0866521522 0.0325532518 -0.0089999428
v 0.0886956379 -0.0321499109 -0.0089999428
v 0.0866528079 -0.0325565897 -0.0089999428
v 0.0995929837 0.0279563591 -0.0089999428
v 0.0998176932 0.0273181703 -0.0089999428
v 0.0973416492 0.03039819 -0.0089999428
v 0.0901404023 0.0318760201 -0.0089999428
v 0.0929974914 0.0313213393 -0.0089999428
v 0.0984382629 0.0296106301 -0.0089999428
v 0.0988968611 0.0291131698 -0.0089999428
v 0.0992841721 0.0285583697 -0.0089999428
v 0.0969965383 0.0305644795 -0.0089999428
v 0.0999541804 0.02665543 -0.0089999428
v 0.0973416492 -0.03039819 -0.0089999428
v 0.0999541804 -0.02665543 -0.0089999428
v 0.0998176932 -0.0273181703 -0.0089999428
v 0.0979166627 0.0300415698 -0.0089999428
v 0.0992841721 -0.0285583697 -0.0089999428
v 0.0988968611 -0.0291131698 -0.0089999428
v 0.0984382629 -0.0296106301 -0.0089999428
v 0.0995929837 -0.0279563591 -0.0089999428
v 0.0979166627 -0.0300415698 -0.0089999428
v 0.0609940216 -0.0379469916 -0.00293517089
v 0.0609940216 0.0379469916 -0.00293517089
v 0.0644472167 -0.0372583196 -0.00454545021
v 0.0656054616 -0.0370083414 -0.00508552697
v 0.0719907209 0.0356035791 -0.008063077
v 0.0719907209 -0.0356035791 -0.008063077
v 0.0656054616 0.0370083414 -0.00508552697
v 0.0621578582 0.0377243087 -0.00347787095
v 0.0223212205 0.0404999815 -0.00737720681
v 0.0223212205 0.0289999805 -0.00737720681
v 0.01484924 0.0404999815 -0.01484924
v 0.01484924 0.0289999805 -0.01484924
v -0.0163929407 0.0404999815 0.0131199304
v -0.0164632201 0.0404999815 0.0130369002
v -0.0164632201 0.0289999805 0.0130369002
v -0.0120913303 0.0404999815 -0.0171684604
v -0.0120665403 0.0404999815 -0.0171871092
v -0.0120665403 0.0289999805 -0.0171871092
v -0.00728917122 0.0404999815 -0.0196922403
v -0.00723159313 0.0404999815 -0.0197155401
v -0.00723159313 0.0289999805 -0.0197155401
v -0.00200098706 0.0404999815 -0.0209015608
v -0.001908481 0.0404999815 -0.0209130608
v -0.001908481 0.0289999805 -0.0209130608
v 0.0034202931 0.0404999815 -0.0207158308
v 0.00354343606 0.0404999815 -0.0206988398
v 0.00354343606 0.0289999805 -0.0206988398
v 0.0144588901 0.0404999815 -0.0152281504
v 0.0144031001 0.0289999805 -0.0152823301
v 0.0144031001 0.0404999815 -0.0152823301
v -0.0125490399 0.0404999815 0.01683807
v -0.0125490399 0.0289999805 0.01683807
v -0.0124860397 0.0404999815 0.0168835502
v -0.0120450798 0.0289999805 0.0172021892
v -0.0120450798 0.0404999815 0.0172021892
v 0.0140535804 0.0404999815 -0.01559084
v 0.0133777801 0.0289999805 -0.0161874201
v 0.0136457598 0.0404999815 -0.0159509107
v 0.0122957798 0.0289999805 -0.0170238595
v 0.0122957798 0.0404999815 -0.0170238595
v 0.0123695098 0.0404999815 -0.0169668701
v 0.0127998497 0.0404999815 -0.0166341607
v 0.0132302605 0.0404999815 -0.0163014494
v 0.0133777801 0.0404999815 -0.0161874201
v 0.011922 0.0404999815 -0.0172757506
v 0.0111615602 0.0289999805 -0.0177881699
v 0.0114708496 0.0404999815 -0.0175797306
v 0.00998002198 0.0289999805 -0.0184769593
v 0.00998002198 0.0404999815 -0.0184769593
v 0.0100739496 0.0404999815 -0.0184221808
v 0.0105439397 0.0404999815 -0.0181481801
v 0.0110139204 0.0404999815 -0.0178742409
v 0.0111615602 0.0404999815 -0.0177881699
v 0.00959062483 0.0404999815 -0.0186711494
v 0.0087561598 0.0289999805 -0.0190873705
v 0.00910377502 0.0404999815 -0.0189139806
v 0.00749516394 0.0289999805 -0.0196168404
v 0.00749516394 0.0404999815 -0.0196168404
v 0.00760972407 0.0404999815 -0.0195687395
v 0.00811129808 0.0404999815 -0.0193581507
v 0.00861287117 0.0404999815 -0.0191475693
v 0.0087561598 0.0404999815 -0.0190873705
v 0.00709849503 0.0404999815 -0.0197537504
v 0.00620234013 0.0289999805 -0.02006316
v 0.00658428622 0.0404999815 -0.0199313108
v 0.00501811504 0.0404999815 -0.0203874093
v 0.00554275513 0.0404999815 -0.0202437006
v 0.0048832288 0.0289999805 -0.0204243008
v 0.00606745388 0.0404999815 -0.0201000497
v 0.00620234013 0.0404999815 -0.02006316
v 0.00395447016 0.0404999815 -0.0206146203
v 0.00448739482 0.0404999815 -0.0205054209
v 0.0048832288 0.0404999815 -0.0204243008
v 0.00218856311 0.0289999805 -0.0208856408
v 0.00218856311 0.0404999815 -0.0208856408
v 0.00234246207 0.0404999815 -0.0208644196
v 0.00288140704 0.0404999815 -0.0207901001
v 0.00180107297 0.0404999815 -0.0209134798
v 0.000824455987 0.0289999805 -0.0209838096
v 0.00125843205 0.0404999815 -0.0209525805
v -0.000543172995 0.0289999805 -0.0209929291
v -0.000372259994 0.0404999815 -0.0209918004
v 0.000171727006 0.0404999815 -0.0209881607
v 0.000715692993 0.0404999815 -0.0209845304
v 0.000824455987 0.0404999815 -0.0209838096
v -0.00145858503 0.0404999815 -0.0209394004
v -0.000915491022 0.0404999815 -0.0209711697
v -0.000543172995 0.0404999815 -0.0209929291
v -0.00326567795 0.0289999805 -0.0207445007
v -0.00326567795 0.0404999815 -0.0207445007
v -0.00308066607 0.0404999815 -0.0207674503
v -0.0025408261 0.0404999815 -0.0208345
v -0.00361675001 0.0404999815 -0.0206774399
v -0.00460910704 0.0289999805 -0.0204879008
v -0.00415116502 0.0404999815 -0.0205754004
v -0.00593292713 0.0289999805 -0.0201444607
v -0.00573736383 0.0404999815 -0.0201951806
v -0.00521081593 0.0404999815 -0.0203317907
v -0.00468426896 0.0404999815 -0.0204684101
v -0.00460910704 0.0404999815 -0.0204879008
v -0.00677412702 0.0404999815 -0.0198666397
v -0.00625753403 0.0404999815 -0.0200372301
v -0.00593292713 0.0404999815 -0.0201444607
v -0.00849956181 0.0289999805 -0.0192029998
v -0.00849956181 0.0404999815 -0.0192029998
v -0.00829785969 0.0404999815 -0.0192845408
v -0.00779348612 0.0404999815 -0.0194883905
v -0.00879353192 0.0404999815 -0.0190612599
v -0.00973153114 0.0289999805 -0.0186090395
v -0.0092835417 0.0404999815 -0.0188249908
v -0.0109221898 0.0289999805 -0.0179361105
v -0.0107192304 0.0404999815 -0.0180507805
v -0.0102456203 0.0404999815 -0.0183184706
v -0.0097720623 0.0404999815 -0.0185860898
v -0.00973153114 0.0404999815 -0.0186090395
v -0.0116373803 0.0404999815 -0.01746797
v -0.0111821797 0.0404999815 -0.0177659299
v -0.0109221898 0.0404999815 -0.0179361105
v -0.0131596904 0.0289999805 -0.0163652301
v -0.0131596904 0.0404999815 -0.0163652301
v -0.0129609704 0.0404999815 -0.0165146496
v -0.0125261499 0.0404999815 -0.0168415904
v -0.0133836204 0.0404999815 -0.0161728207
v -0.0141969901 0.0289999805 -0.01547396
v -0.0137962596 0.0404999815 -0.0158182904
v -0.0151741495 0.0289999805 -0.0145169999
v -0.0149854403 0.0404999815 -0.0147018395
v -0.0145967603 0.0404999815 -0.0150824701
v -0.0142081296 0.0404999815 -0.0154630505
v -0.0141969901 0.0404999815 -0.01547396
v -0.0160869304 0.0404999815 -0.01349854
v -0.0157238804 0.0404999815 -0.0139035499
v -0.0160869304 0.0289999805 -0.01349854
v -0.0153608304 0.0404999815 -0.0143087497
v -0.0151741495 0.0404999815 -0.0145169999
v -0.0164228007 0.0404999815 -0.0130706998
v -0.0169314109 0.0289999805 -0.0124227405
v -0.0167587306 0.0404999815 -0.0126427403
v -0.0176953599 0.0404999815 -0.0113071203
v -0.0173880402 0.0404999815 -0.0117559396
v -0.0170806609 0.0404999815 -0.0122048203
v -0.0169314109 0.0404999815 -0.0124227405
v -0.0177041795 0.0404999815 -0.0112942997
v -0.0177041795 0.0289999805 -0.0112942997
v -0.0179736596 0.0404999815 -0.0108398097
v -0.0184017997 0.0289999805 -0.0101179397
v -0.0182511806 0.0404999815 -0.0103719197
v -0.01900726 0.0404999815 -0.00892639067
v -0.0187608507 0.0404999815 -0.00941133406
v -0.0185143892 0.0404999815 -0.00989627838
v -0.0184017997 0.0404999815 -0.0101179397
v -0.0190213304 0.0404999815 -0.00889867544
v -0.0190213304 0.0289999805 -0.00889867544
v -0.0192234498 0.0404999815 -0.00842732098
v -0.01956027 0.0289999805 -0.00764167309
v -0.0194377806 0.0404999815 -0.00792729761
v -0.0200006291 0.0404999815 -0.00639617397
v -0.0198193099 0.0404999815 -0.00690901186
v -0.0196379405 0.0404999815 -0.00742190983
v -0.01956027 0.0404999815 -0.00764167309
v -0.0200161897 0.0404999815 -0.00635224488
v -0.0200161897 0.0289999805 -0.00635224488
v -0.0201510694 0.0404999815 -0.00587355997
v -0.0203872304 0.0289999805 -0.00503587723
v -0.0202987101 0.0404999815 -0.0053499341
v -0.0206717793 0.0289999805 -0.00369811011
v -0.0206717793 0.0404999815 -0.00369811011
v -0.0206588507 0.0404999815 -0.00375890709
v -0.0205456596 0.0404999815 -0.00429099705
v -0.0204324704 0.0404999815 -0.00482308818
v -0.0203872304 0.0404999815 -0.00503587723
v -0.0207410995 0.0404999815 -0.00322139193
v -0.0208686497 0.0289999805 -0.00234472705
v -0.02081942 0.0404999815 -0.00268304301
v -0.0209770203 0.0289999805 -0.000981390011
v -0.0209770203 0.0404999815 -0.000981390011
v -0.0209708791 0.0404999815 -0.00105881598
v -0.0209277794 0.0404999815 -0.00160104001
v -0.0208846908 0.0404999815 -0.00214338303
v -0.0208686497 0.0404999815 -0.00234472705
v -0.0209836308 0.0404999815 -0.000515225984
v -0.0209964495 0.0289999805 0.000386131986
v -0.0209913794 0.0404999815 2.87530002e-05
v -0.0209267698 0.0289999805 0.00175195897
v -0.0209267698 0.0404999815 0.00175195897
v -0.0209315401 0.0404999815 0.00165885605
v -0.0209591892 0.0404999815 0.00111562002
v -0.0209869109 0.0404999815 0.000572349993
v -0.0209964495 0.0404999815 0.000386131986
v -0.0208745506 0.0404999815 0.00219964911
v -0.0207683407 0.0289999805 0.00311046792
v -0.0208115503 0.0404999815 0.00274002505
v -0.0205218103 0.0289999805 0.00445568515
v -0.0205218103 0.0404999815 0.00445568515
v -0.0205414202 0.0404999815 0.00434869481
v -0.0206394698 0.0404999815 0.00381362392
v -0.0207375195 0.0404999815 0.00327855302
v -0.0207683407 0.0404999815 0.00311046792
v -0.0204157196 0.0404999815 0.00487768603
v -0.0201882701 0.0289999805 0.00578206684
v -0.0202830397 0.0404999815 0.00540530588
v -0.0197690707 0.0289999805 0.00708389189
v -0.0197690707 0.0404999815 0.00708389189
v -0.0198072102 0.0404999815 0.00696557714
v -0.01997393 0.0404999815 0.00644779205
v -0.0201406404 0.0404999815 0.00592994597
v -0.0201882701 0.0404999815 0.00578206684
v -0.0196147505 0.0404999815 0.0074740639
v -0.0192660596 0.0289999805 0.00835567713
v -0.0194146596 0.0404999815 0.00797998905
v -0.0186812803 0.0289999805 0.00959205627
v -0.0186812803 0.0404999815 0.00959205627
v -0.0187410694 0.0404999815 0.00946563389
v -0.0189737007 0.0404999815 0.00897389557
v -0.0192062799 0.0404999815 0.00848209765
v -0.0192660596 0.0404999815 0.00835567713
v -0.0184851196 0.0404999815 0.0099452734
v -0.0180173498 0.0289999805 0.0107877199
v -0.0182210207 0.0404999815 0.0104209101
v -0.0172769409 0.0289999805 0.0119376099
v -0.0173610393 0.0404999815 0.0118069602
v -0.0176555496 0.0404999815 0.0113496101
v -0.0179500505 0.0404999815 0.0108922096
v -0.0180173498 0.0404999815 0.0107877199
v -0.0167220794 0.0404999815 0.0126871401
v -0.0170457903 0.0404999815 0.0122498795
v -0.0172769409 0.0404999815 0.0119376099
v -0.0155796995 0.0289999805 0.0140808802
v -0.0155796995 0.0404999815 0.0140808802
v -0.0156901404 0.0404999815 0.0139504001
v -0.0160415694 0.0404999815 0.0135351401
v -0.0153207704 0.0404999815 0.0143492799
v -0.0146301296 0.0289999805 0.0150651298
v -0.0149429999 0.0404999815 0.01474082
v -0.0136184599 0.0289999805 0.0159854796
v -0.0137563897 0.0404999815 0.0158600193
v -0.0141587798 0.0404999815 0.0154939201
v -0.0145611698 0.0404999815 0.0151278302
v -0.0146301296 0.0404999815 0.0150651298
v -0.0129135801 0.0404999815 0.0165474396
v -0.0133389803 0.0404999815 0.0162082892
v -0.0136184599 0.0404999815 0.0159854796
v -0.01203823 0.0404999815 0.0172069594
v -0.01203823 0.0289999805 0.0172069594
v 0.0251675807 0.0409999415 0.0237477999
v 0.0265915897 0.0409999415 0.0236253105
v 0.0326030813 0.0409999415 -0.000116677002
v 0.0336949192 0.0409999415 0.0232493803
v 0.0336949192 0.0409999415 0.000278808991
v 0.0326663218 0.0409999415 0.0232598092
v 0.0322738811 0.0409999415 0.0232733991
v 0.0280104801 0.0409999415 0.0235127192
v 0.02891469 0.0409999415 0.0234410092
v 0.0294315796 0.0409999415 0.0234098993
v 0.0308526102 0.0409999415 0.0233243108
v 0.0309252106 0.0409999415 0.0233199
v 0.0315270983 0.0409999415 -0.000553440012
v 0.0223251507 0.0409999415 0.0239871107
v 0.0226650797 0.0409999415 0.0239631496
v 0.0184126999 0.0409999415 0.0242192093
v 0.0304685198 0.0409999415 -0.00103080203
v 0.0180616304 0.0409999415 0.0242251698
v 0.0294288304 0.0409999415 -0.00154817104
v 0.0166405402 0.0409999415 0.0242493693
v 0.0155482804 0.0409999415 0.0242429301
v 0.0148079302 0.0409999415 0.0242284499
v 0.0284096505 0.0409999415 -0.00210475898
v 0.0142284604 0.0409999415 0.0242171809
v 0.0194826704 0.0409999415 0.0241698008
v 0.0202115104 0.0409999415 0.0241361801
v 0.0209036991 0.0409999415 0.0240873601
v 0.00313073304 0.0409999415 0.0229977295
v 0.0038036101 0.0409999415 0.0231314301
v 0.0245664101 0.0409999415 -0.00470602512
v -0.00241798093 0.0409999415 0.02148127
v -0.00162553706 0.0409999415 0.0217437707
v 0.0228042603 0.0409999415 -0.00621831417
v -0.00152456702 0.0409999415 0.0217772704
v 0.00839197636 0.0409999415 0.0238283798
v 0.00930309203 0.0409999415 0.0239209495
v 0.0264384709 0.0409999415 -0.00333219697
v 0.00516402721 0.0409999415 0.0233806297
v 0.0254893806 0.0409999415 -0.00400125887
v 0.00471758796 0.0409999415 0.0233010594
v 0.00413596584 0.0409999415 0.0231974106
v 0.000316457998 0.0409999415 0.0223215204
v 0.00107425405 0.0409999415 0.0225197002
v 0.0236709099 0.0409999415 -0.00544541981
v 0.00126480998 0.0409999415 0.0225695297
v 0.00198155595 0.0409999415 0.0227413103
v 0.0022101989 0.0409999415 0.0227960907
v 0.00289142109 0.0409999415 0.0229453407
v -0.000730004977 0.0409999415 0.0220214706
v -0.000613217999 0.0409999415 0.0220574103
v 0.000170177998 0.0409999415 0.0222799703
v -0.00495314505 0.0409999415 0.0205170494
v -0.0042779441 0.0409999415 0.0207914691
v 0.0219676401 0.0409999415 -0.00702369213
v -0.00415277388 0.0409999415 0.02084231
v -0.0182554703 0.0409999415 0.00932723191
v -0.0180510804 0.0409999415 0.00971186068
v 0.0274124108 0.0409999415 -0.00269967294
v 0.0111390296 0.0409999415 0.0240695402
v 0.0117233898 0.0409999415 0.0241093598
v 0.0120565798 0.0409999415 0.0241264105
v 0.01295387 0.0409999415 0.0241724197
v 0.0129739 0.0409999415 0.0241731405
v 0.00949245598 0.0409999415 0.0239402
v 0.01022112 0.0409999415 0.0240018908
v 0.0105351796 0.0409999415 0.0240284801
v 0.00563305616 0.0409999415 0.0234548394
v 0.00621575117 0.0409999415 0.0235470496
v 0.00654965593 0.0409999415 0.0235934202
v 0.00729155494 0.0409999415 0.0236964207
v 0.00746703101 0.0409999415 0.0237174593
v 0.00838482287 0.0409999415 0.0238274895
v -0.0034002061 0.0409999415 0.0211291295
v -0.00329393102 0.0409999415 0.0211695991
v -0.00251585199 0.0409999415 0.0214464609
v -0.0124641601 0.0409999415 0.0162757002
v -0.0121878302 0.0409999415 0.0164803192
v -0.0065754652 0.0409999415 0.0197937991
v -0.00601082994 0.0409999415 0.02005326
v -0.0059663048 0.0409999415 -0.0196127202
v -0.00611060811 0.0409999415 -0.0195662901
v -0.0185316801 0.0409999415 0.00876480341
v -0.0175335407 0.0409999415 -0.0106221996
v -0.0175542198 0.0409999415 -0.0105867302
v -0.0205000602 0.0409999415 -8.6742999e-05
v -0.0204986893 0.0409999415 2.79372998e-05
v -0.0103555899 0.0409999415 0.0177241508
v -0.0101728998 0.0409999415 0.0178359691
v -0.000838837004 0.0409999415 -0.0204827692
v -0.000894151977 0.0409999415 -0.0204796698
v -0.00658625318 0.0409999415 -0.0194134098
v -0.00661587715 0.0409999415 -0.0194028597
v -0.00711601879 0.0409999415 -0.0192242805
v -0.0179501697 0.0409999415 0.00990176201
v -0.01779305 0.0409999415 0.0101760002
v -0.0176259205 0.0409999415 0.0104678199
v -0.0175238196 0.0409999415 0.0106336996
v -0.0172832608 0.0409999415 0.0110244704
v -0.0172435008 0.0409999415 0.0110847298
v -0.00576639082 0.0409999415 0.0201655608
v -0.00514829112 0.0409999415 0.0204327106
v -0.00278663589 0.0409999415 -0.0203099791
v -0.00300764991 0.0409999415 -0.0202760603
v -0.00342905498 0.0409999415 -0.0202113893
v -0.00353199197 0.0409999415 -0.0201922599
v -0.00405412912 0.0409999415 -0.0200950503
v -0.00406837417 0.0409999415 -0.0200923607
v -0.00719851209 0.0409999415 -0.0191948395
v -0.00761127379 0.0409999415 -0.0190324709
v -0.00780331995 0.0409999415 -0.0189569499
v -0.0100061204 0.0409999415 -0.0178900901
v -0.00957489014 0.0409999415 -0.0181265995
v -0.00953990221 0.0409999415 -0.0181443598
v -0.0168251302 0.0409999415 -0.0117121898
v -0.0169808809 0.0409999415 -0.0114806797
v 0.01093888 0.0409999415 -0.0173375607
v 0.0107529098 0.0409999415 -0.0174508598
v 0.00923919585 0.0409999415 -0.0183001701
v 0.00889003184 0.0409999415 -0.0184695702
v 0.008654356 0.0409999415 -0.0185838304
v 0.00622516777 0.0409999415 -0.0195321403
v 0.00592338992 0.0409999415 -0.0196231008
v 0.00560241891 0.0409999415 -0.0197198894
v 0.00541317416 0.0409999415 -0.0197703801
v 0.00497448398 0.0409999415 -0.0198874995
v 0.00489950087 0.0409999415 -0.0199050307
v 0.00438225223 0.0409999415 -0.0200256109
v 0.00434118509 0.0409999415 -0.0200351998
v 0.003861784 0.0409999415 -0.0201310497
v 0.00370204402 0.0409999415 -0.02016294
v 0.00333893206 0.0409999415 -0.0202236697
v 0.00305735995 0.0409999415 -0.0202706996
v -0.00457298709 0.0409999415 -0.01998174
v -0.00470489217 0.0409999415 -0.0199527703
v -0.00508886483 0.0409999415 -0.0198557302
v -0.00533854915 0.0409999415 -0.0197926704
v -0.00560146477 0.0409999415 -0.0197172705
v -0.00810152199 0.0409999415 -0.0188285708
v -0.00840109494 0.0409999415 -0.0186995808
v -0.00858664513 0.0409999415 -0.0186126195
v -0.0171878897 0.0409999415 -0.0111729503
v -0.0172730591 0.0409999415 -0.0110372901
v -0.0202277303 0.0409999415 -0.0033317199
v -0.0202552602 0.0409999415 -0.00314587308
v -0.0169508997 0.0409999415 0.0115279499
v -0.0169237796 0.0409999415 0.0115690203
v -0.0166456103 0.0409999415 0.0119624697
v -0.0165481493 0.0409999415 0.0121003902
v -0.0163297597 0.0409999415 0.01238936
v -0.0161562506 0.0409999415 0.01261889
v -0.0160034206 0.0409999415 0.0128082596
v -0.0157478992 0.0409999415 0.0131247602
v -0.0156667791 0.0409999415 0.01321893
v -0.0119401198 0.0409999415 0.0166637804
v -0.0117582604 0.0409999415 0.0167925898
v -0.0117514702 0.0409999415 0.01679736
v -0.00963371899 0.0409999415 0.0181661192
v -0.00936347246 0.0409999415 0.0183227006
v -0.00889509916 0.0409999415 0.0185940806
v -0.0085417619 0.0409999415 0.0187876206
v -0.00813943055 0.0409999415 0.0190080404
v -0.00770842982 0.0409999415 0.0192309599
v -0.00736635877 0.0409999415 0.0194079205
v -0.0068645468 0.0409999415 0.0196527801
v 0.0144956699 0.0409999415 -0.0144956699
v -0.0182975493 0.0409999415 0.00924152136
v 0.00840854645 0.0409999415 -0.0186935607
v 0.00805991795 0.0409999415 -0.0188491307
v 0.00792169478 0.0409999415 -0.0189056303
v -0.00142437196 0.0409999415 -0.0204495098
v -0.00149130798 0.0409999415 -0.0204457603
v -0.00195348193 0.0409999415 -0.0204046909
v -0.00214087893 0.0409999415 -0.0203880593
v -0.0024813409 0.0409999415 -0.0203468706
v -0.00899207499 0.0409999415 -0.0184225403
v -0.00906634331 0.0409999415 -0.0183848105
v -0.0128361499 0.0409999415 -0.0159838106
v -0.0130681302 0.0409999415 -0.0157914106
v -0.0133388601 0.0409999415 -0.0155669404
v -0.0134732099 0.0409999415 -0.0154480897
v -0.0138266599 0.0409999415 -0.0151354596
v -0.0138697596 0.0409999415 -0.0150948102
v -0.01425617 0.0409999415 -0.0147305103
v -0.0184666496 0.0409999415 -0.00890147593
v -0.0185537301 0.0409999415 -0.00871342421
v -0.0187402293 0.0409999415 -0.00831031706
v -0.0187742691 0.0409999415 -0.00823032763
v -0.0189818107 0.0409999415 -0.00774150994
v -0.0189943891 0.0409999415 -0.00771194603
v -0.0191746894 0.0409999415 -0.00724667311
v -0.0192292295 0.0409999415 -0.007105886
v -0.01935523 0.0409999415 -0.00674730493
v -0.0194449406 0.0409999415 -0.00649201777
v -0.0195234995 0.0409999415 -0.00624364614
v -0.0196416304 0.0409999415 -0.00586986495
v -0.02049255 0.0409999415 0.000563387992
v -0.0204696599 0.0409999415 0.00108957198
v -0.0204642992 0.0409999415 0.00121265603
v -0.0202553794 0.0409999415 0.00315755606
v -0.0202478692 0.0409999415 0.00320124603
v -0.0201578699 0.0409999415 0.00372463395
v -0.0201448202 0.0409999415 0.00380057003
v -0.0200536195 0.0409999415 0.00424533989
v -0.0200140998 0.0409999415 0.00443798304
v -0.0199365597 0.0409999415 0.00476330519
v -0.0185419898 0.0409999415 0.00874388218
v -0.0190593004 0.0409999415 0.00754958298
v -0.0189586803 0.0409999415 0.00779241277
v -0.0134709403 0.0409999415 0.0154529801
v -0.0134320203 0.0409999415 0.0154858204
v -0.0130261704 0.0409999415 0.0158284307
v -0.0110610696 0.0409999415 0.0172681808
v -0.0109690996 0.0409999415 0.0173275396
v 0.0141142597 0.0409999415 -0.0148652103
v 0.0140261604 0.0409999415 -0.0149505101
v 0.0137238996 0.0409999415 -0.0152252903
v 0.0135437204 0.0409999415 -0.0153891398
v 0.0133249098 0.0409999415 -0.0155756399
v 0.0130487001 0.0409999415 -0.0158111397
v 0.0129173296 0.0409999415 -0.0159160402
v 0.01254093 0.0409999415 -0.0162168108
v 0.0125014698 0.0409999415 -0.0162463095
v 0.00693207886 0.0409999415 -0.0192910396
v 0.00684309006 0.0409999415 -0.0193241797
v 0.00642979098 0.0409999415 -0.0194633007
v 0.00281393505 0.0409999415 -0.0203035399
v 0.00241029193 0.0409999415 -0.0203579608
v 0.00228714896 0.0409999415 -0.0203705393
v 0.00176256802 0.0409999415 -0.0204243008
v 0.00122904696 0.0409999415 -0.0204618499
v 0.00111406995 0.0409999415 -0.0204699598
v -0.01014667 0.0409999415 -0.0178129598
v -0.0104659097 0.0409999415 -0.0176244304
v -0.0107068401 0.0409999415 -0.0174821001
v -0.0142996898 0.0409999415 -0.0146894399
v -0.0146321002 0.0409999415 -0.0143553596
v -0.01475811 0.0409999415 -0.0142286997
v -0.0149986101 0.0409999415 -0.0139710903
v -0.0152022196 0.0409999415 -0.0137529904
v -0.01535552 0.0409999415 -0.0135779297
v -0.0163640901 0.0409999415 -0.0123451902
v -0.0160471201 0.0409999415 -0.0127570601
v -0.0160398409 0.0409999415 -0.0127658201
v -0.0164449196 0.0409999415 -0.0122401696
v -0.0166777894 0.0409999415 -0.0119167501
v -0.0178220198 0.0409999415 -0.0101281404
v -0.0178620797 0.0409999415 -0.0100595905
v -0.0180774294 0.0409999415 -0.00966256764
v -0.0181736294 0.0409999415 -0.00948512461
v -0.0183213893 0.0409999415 -0.00919091702
v -0.0196793005 0.0409999415 -0.00573599292
v -0.0198188405 0.0409999415 -0.00524067786
v -0.0198228303 0.0409999415 -0.00522464514
v -0.0188099109 0.0409999415 0.00815147068
v -0.0187512003 0.0409999415 0.00828123
v -0.0153229199 0.0409999415 0.01361835
v -0.0149610601 0.0409999415 0.0140125696
v -0.0148811303 0.0409999415 0.0140996501
v -0.0145924604 0.0409999415 0.01439487
v -0.0144243203 0.0409999415 0.0145667698
v -0.0142146898 0.0409999415 0.0147679998
v -0.0139542203 0.0409999415 0.0150179202
v -0.0138277998 0.0409999415 0.0151317697
v -0.01297432 0.0409999415 0.0158721805
v -0.0126110297 0.0409999415 0.0161595307
v 0.0120761897 0.0409999415 -0.0165644195
v 0.0120201102 0.0409999415 -0.0166063905
v 0.0116423303 0.0409999415 -0.01687067
v 0.0114860497 0.0409999415 -0.0169799905
v 0.0112011395 0.0409999415 -0.0171661302
v 0.0103812804 0.0409999415 -0.0176771805
v 0.0102977697 0.0409999415 -0.0177245103
v 0.00983566046 0.0409999415 -0.0179862306
v 0.00745558692 0.0409999415 -0.0190961305
v 0.00742977811 0.0409999415 -0.0191057306
v 0.000698595017 0.0409999415 -0.0204859301
v 0.000464615005 0.0409999415 -0.0204949304
v 0.000167695005 0.0409999415 -0.0204968993
v -0.000186259 0.0409999415 -0.0204992201
v -0.00036331499 0.0409999415 -0.0204947498
v -0.0109189702 0.0409999415 -0.0173475109
v -0.0112555604 0.0409999415 -0.0171339493
v -0.0113651101 0.0409999415 -0.0170594398
v -0.0156322103 0.0409999415 -0.0132620903
v -0.0157027803 0.0409999415 -0.0131762
v -0.0199504998 0.0409999415 -0.00470918417
v -0.0199756604 0.0409999415 -0.00460743904
v -0.0200649407 0.0409999415 -0.00419062283
v -0.0201119091 0.0409999415 -0.00397121906
v -0.0201665703 0.0409999415 -0.00366938091
v -0.02045279 0.0409999415 -0.00139027799
v -0.0204713903 0.0409999415 -0.00103366305
v 0.0098147979 0.0409999415 -0.0179980304
v 0.00936579704 0.0409999415 -0.0182337109
v -0.0122334296 0.0409999415 -0.0164479595
v -0.0123201599 0.0409999415 -0.01638484
v -0.0126547804 0.0409999415 -0.0161247794
v -0.0204868298 0.0409999415 -0.000738025003
v -0.0204916 0.0409999415 -0.000503052026
v -0.0204336606 0.0409999415 0.00161933806
v -0.0204153601 0.0409999415 0.00186151196
v -0.0203846004 0.0409999415 0.00214809109
v -0.0203456804 0.0409999415 0.00251012994
v -0.0203226209 0.0409999415 0.00267547299
v -0.0193372909 0.0409999415 0.00680023385
v -0.0192900803 0.0409999415 0.00693845702
v -0.0191540699 0.0409999415 0.00729864789
v -0.0117932502 0.0409999415 -0.0167682096
v -0.0118040396 0.0409999415 -0.0167603996
v -0.0203230903 0.0409999415 -0.00268852711
v -0.0203310195 0.0409999415 -0.00262021995
v -0.0203921702 0.0409999415 -0.00209265901
v -0.0198633596 0.0409999415 0.00507020904
v -0.0198066793 0.0409999415 0.00527822878
v -0.0203981306 0.0409999415 -0.00204145908
v -0.0204382502 0.0409999415 -0.00156360795
v -0.0195014402 0.0409999415 0.00632017804
v -0.01950836 0.0409999415 0.00629746914
v -0.0196641609 0.0409999415 0.00578975584
v -0.0196924806 0.0409999415 0.00569748785
v 0.0228042603 -0.0409999415 -0.00621831417
v 0.0236709099 -0.0409999415 -0.00544541981
v -0.000224917996 -0.0409999415 0.0221702997
v -0.00295102503 -0.0409999415 0.0212942306
v 0.0219676401 -0.0409999415 -0.00702369213
v -0.00339966989 -0.0409999415 0.0211277008
v 0.0245664101 -0.0409999415 -0.00470602512
v 0.00264543202 -0.0409999415 0.0228937194
v 0.0101803504 -0.0409999415 0.0240002796
v 0.00930315163 -0.0409999415 0.0239201095
v 0.0264384709 -0.0409999415 -0.00333219697
v 0.0194103103 -0.0409999415 0.0241787992
v 0.0180615708 -0.0409999415 0.0242253505
v 0.0304685198 -0.0409999415 -0.00103080203
v 0.0176691394 -0.0409999415 0.0242388807
v 0.0294288304 -0.0409999415 -0.00154817104
v 0.0319227502 -0.0409999415 0.0232794806
v 0.0326030813 -0.0409999415 -0.000116677002
v 0.0322738215 -0.0409999415 0.0232735202
v 0.0336949192 -0.0409999415 0.000278808991
v 0.0336949192 -0.0409999415 0.0232493803
v -0.00382339908 -0.0409999415 0.02097046
v -0.0042774668 -0.0409999415 0.0207901504
v -0.00467824889 -0.0409999415 0.0206310097
v -0.000729602005 -0.0409999415 0.0220200997
v -0.00115215697 -0.0409999415 0.0218943302
v -0.00162506104 -0.0409999415 0.0217422806
v 0.00198167493 -0.0409999415 0.0227406006
v 0.00163096096 -0.0409999415 0.0226597097
v 0.00107437302 -0.0409999415 0.0225191694
v 0.000721340999 -0.0409999415 0.0224300008
v 0.000170478001 -0.0409999415 0.0222788397
v 0.0254893806 -0.0409999415 -0.00400125887
v 0.00792068243 -0.0409999415 0.0237743799
v -0.00206071092 -0.0409999415 0.0216022097
v -0.00251531601 -0.0409999415 0.0214449093
v 0.0046826601 -0.0409999415 0.0232974198
v 0.00380343106 -0.0409999415 0.0231323205
v 0.00746715022 -0.0409999415 0.0237163305
v 0.00681644585 -0.0409999415 0.0236329995
v 0.00654965593 -0.0409999415 0.0235936604
v 0.00898265839 -0.0409999415 0.0238908492
v 0.00838506222 -0.0409999415 0.02382534
v 0.0120566403 -0.0409999415 0.0241258107
v 0.0274124108 -0.0409999415 -0.00269967294
v 0.0126309898 -0.0409999415 0.0241578203
v 0.0284096505 -0.0409999415 -0.00210475898
v 0.0129739596 -0.0409999415 0.0241712295
v 0.0139242997 -0.0409999415 0.0242082998
v 0.0113834096 -0.0409999415 0.0240882598
v 0.01113897 -0.0409999415 0.0240703803
v 0.0102209998 -0.0409999415 0.0240032598
v 0.0166405402 -0.0409999415 0.0242493693
v 0.0152645102 -0.0409999415 0.0242390595
v 0.0148079302 -0.0409999415 0.0242285691
v 0.0223250296 -0.0409999415 0.0239859801
v 0.0315270983 -0.0409999415 -0.000553440012
v 0.0237438604 -0.0409999415 0.0238734409
v 0.0251678806 -0.0409999415 0.0237508994
v 0.0214207694 -0.0409999415 0.0240576807
v 0.0209038798 -0.0409999415 0.0240888502
v 0.0194829106 -0.0409999415 0.02417445
v 0.0308527909 -0.0409999415 0.0233289003
v 0.0301239993 -0.0409999415 0.0233625099
v 0.0294317603 -0.0409999415 0.0234113298
v -0.013305 -0.0409999415 0.0155960303
v -0.0134311896 -0.0409999415 0.0154849198
v 0.0144956699 -0.0409999415 -0.0144956699
v -0.0142157599 -0.0409999415 0.0147690699
v -0.0142667796 -0.0409999415 0.0147211496
v 0.00573724508 -0.0409999415 0.0234739091
v 0.00563281681 -0.0409999415 0.0234564506
v 0.00471722987 -0.0409999415 0.0233032107
v 0.00365227391 -0.0409999415 0.0231039505
v 0.00289142109 -0.0409999415 0.0229451004
v 0.0280103609 -0.0409999415 0.0235115793
v 0.0276703797 -0.0409999415 0.0235355403
v -0.0122877304 -0.0409999415 0.0164092109
v -0.0126108499 -0.0409999415 0.0161592904
v -0.0145926401 -0.0409999415 0.0143949902
v -0.0147275301 -0.0409999415 0.0142600499
v -0.0149602797 -0.0409999415 0.0140118496
v -0.0108930999 -0.0409999415 -0.0173666403
v -0.0104662096 -0.0409999415 -0.0176250301
v -0.0160049703 -0.0409999415 0.0128095103
v -0.0128034903 -0.0409999415 0.0160102192
v -0.0130251599 -0.0409999415 0.0158271696
v -0.0137926899 -0.0409999415 0.0151664
v -0.0138286296 -0.0409999415 0.01513266
v -0.0151746199 -0.0409999415 0.0137833301
v -0.0153185101 -0.0409999415 0.0136198401
v -0.01560592 -0.0409999415 0.0132932002
v -0.01716315 -0.0409999415 0.0112106204
v -0.01724278 -0.0409999415 0.0110843098
v -0.0169822499 -0.0409999415 -0.0114816399
v -0.0166780893 -0.0409999415 -0.0119169904
v -0.0165752694 -0.0409999415 -0.0120630804
v -0.0103371097 -0.0409999415 -0.01770317
v -0.0100057703 -0.0409999415 -0.01788955
v -0.00976997614 -0.0409999415 -0.0180222299
v -0.00953900814 -0.0409999415 -0.0181427002
v -0.00919139292 -0.0409999415 -0.0183239505
v -0.00906616356 -0.0409999415 -0.01838433
v -0.00860255864 -0.0409999415 -0.01860773
v -0.00858747866 -0.0409999415 -0.0186144095
v -0.00810199883 -0.0409999415 -0.01882964
v -0.00106090296 -0.0409999415 -0.0204725191
v -0.000894127006 -0.0409999415 -0.0204784796
v -0.0117514702 -0.0409999415 0.01679736
v -0.0115876701 -0.0409999415 0.0169113204
v -0.01096946 -0.0409999415 0.0173281394
v -0.0117582604 -0.0409999415 0.0167925898
v -0.0121884299 -0.0409999415 0.0164810997
v -0.0160202906 -0.0409999415 0.0127909696
v -0.0169494096 -0.0409999415 -0.0115316501
v -0.0175113603 -0.0409999415 0.01065832
v -0.0175253097 -0.0409999415 0.0106346002
v -0.0177942496 -0.0409999415 0.0101766502
v -0.0189604107 -0.0409999415 0.00779312802
v -0.0189769808 -0.0409999415 0.0077542658
v -0.0191546008 -0.0409999415 0.00729882717
v -0.0192137901 -0.0409999415 0.00714707281
v -0.0193366408 -0.0409999415 0.00679999497
v -0.0194318201 -0.0409999415 0.00653088
v -0.0195064507 -0.0409999415 0.00629687309
v -0.0196301304 -0.0409999415 0.00590878678
v -0.0196639206 -0.0409999415 0.00578975584
v -0.0198079906 -0.0409999415 0.00528240204
v -0.0199375693 -0.0409999415 0.00476354314
v -0.0163633209 -0.0409999415 -0.01234465
v -0.0161839109 -0.0409999415 -0.0125830704
v -0.0160381701 -0.0409999415 -0.0127644502
v -0.0157751404 -0.0409999415 -0.0130917402
v -0.0157027803 -0.0409999415 -0.0131761404
v -0.0153571898 -0.0409999415 -0.0135794198
v -0.0114383101 -0.0409999415 -0.0170124695
v -0.0113654099 -0.0409999415 -0.0170598608
v -0.0109200403 -0.0409999415 -0.0173491798
v -0.0080062151 -0.0409999415 -0.01887214
v -0.00761121511 -0.0409999415 -0.0190324094
v -0.00740331411 -0.0409999415 -0.01911675
v -0.0050889249 -0.0409999415 -0.0198562108
v -0.00555252982 -0.0409999415 -0.0197337195
v -0.00560194207 -0.0409999415 -0.0197190009
v 0.000698623015 -0.0409999415 -0.0204861704
v 0.000244724011 -0.0409999415 -0.0204986893
v 0.000167713995 -0.0409999415 -0.0204983894
v 0.000895172998 -0.0409999415 -0.0204806905
v 0.00122898805 -0.0409999415 -0.0204607807
v 0.001543939 -0.0409999415 -0.0204419997
v 0.00175863504 -0.0409999415 -0.0204223301
v 0.00219136407 -0.0409999415 -0.0203827005
v 0.00228714896 -0.0409999415 -0.0203708392
v -0.0163303595 -0.0409999415 0.0123897698
v -0.0164177995 -0.0409999415 0.0122766402
v -0.0166452508 -0.0409999415 0.0119621698
v -0.0167986695 -0.0409999415 0.01174998
v -0.0169494096 -0.0409999415 0.0115269404
v -0.0178422909 -0.0409999415 0.01009476
v -0.0180510804 -0.0409999415 0.00971186068
v -0.0181544404 -0.0409999415 0.00952231791
v -0.0182964206 -0.0409999415 0.00924092531
v -0.0184474494 -0.0409999415 0.00894158985
v -0.0185300708 -0.0409999415 0.00876402762
v -0.0187215805 -0.0409999415 0.00835233927
v -0.0187518001 -0.0409999415 0.00828152802
v -0.0204189997 -0.0409999415 -0.00182050397
v -0.0203904491 -0.0409999415 -0.00209247996
v -0.0193558298 -0.0409999415 -0.00674748421
v -0.0153497998 -0.0409999415 -0.0135880699
v -0.0149992099 -0.0409999415 -0.0139717404
v -0.0149098001 -0.0409999415 -0.0140696103
v -0.0146318004 -0.0409999415 -0.0143551202
v -0.0144559098 -0.0409999415 -0.0145357205
v -0.0142549798 -0.0409999415 -0.0147292595
v -0.0139878904 -0.0409999415 -0.0149866296
v -0.0138690397 -0.0409999415 -0.01509404
v -0.0135055101 -0.0409999415 -0.0154225798
v -0.0134741599 -0.0409999415 -0.0154491598
v -0.0130690904 -0.0409999415 -0.0157925393
v -0.0130084697 -0.0409999415 -0.0158438608
v -0.00711554196 -0.0409999415 -0.0192229692
v -0.0067936182 -0.0409999415 -0.0193418209
v -0.00661533978 -0.0409999415 -0.0194012504
v -0.00235927105 -0.0409999415 -0.0203639809
v -0.00195342302 -0.0409999415 -0.0204043891
v -0.000407696993 -0.0409999415 -0.0204959493
v -0.000363361993 -0.0409999415 -0.0204961803
v 0.00281423307 -0.0409999415 -0.0203055702
v 0.0028377769 -0.0409999415 -0.0203026496
v 0.00333905197 -0.0409999415 -0.0202243906
v 0.00785577204 -0.0409999415 -0.0189350806
v 0.0079219928 -0.0409999415 -0.0189063493
v 0.00840932131 -0.0409999415 -0.0186951701
v 0.00845444202 -0.0409999415 -0.0186756197
v -0.00514793303 -0.0409999415 0.0204318091
v -0.00554239703 -0.0409999415 0.0202645604
v -0.00601059105 -0.0409999415 0.0200526696
v -0.0063940282 -0.0409999415 0.0198791604
v -0.00686448812 -0.0409999415 0.0196526591
v -0.00719517423 -0.0409999415 0.0194934607
v -0.00770854903 -0.0409999415 0.0192311406
v -0.00797766354 -0.0409999415 0.0190936904
v -0.00854200125 -0.0409999415 0.0187881496
v -0.00874203444 -0.0409999415 0.0186798498
v -0.0093639493 -0.0409999415 0.0183234792
v -0.00948870089 -0.0409999415 0.0182520691
v -0.0101736104 -0.0409999415 0.0178371593
v -0.0199655201 -0.0409999415 0.00465172483
v -0.0200533792 -0.0409999415 0.00424528122
v -0.0201028492 -0.0409999415 0.00401645806
v -0.0193043295 -0.0409999415 -0.00689935591
v -0.0191740301 -0.0409999415 -0.00724643422
v -0.0204988103 -0.0409999415 2.79606993e-05
v -0.0190757494 -0.0409999415 -0.0075083971
v -0.0173064992 -0.0409999415 -0.0109884096
v -0.0172739606 -0.0409999415 -0.0110378796
v -0.0204998199 -0.0409999415 0.000132700996
v -0.0061767688 -0.0409999415 -0.0195474606
v -0.00611084606 -0.0409999415 -0.0195671301
v -0.00492078019 -0.0409999415 -0.0199006107
v -0.00457274914 -0.0409999415 -0.0199809
v -0.00428426219 -0.0409999415 -0.0200474206
v -0.00171184505 -0.0409999415 -0.0204284694
v -0.00142425206 -0.0409999415 -0.0204479005
v 0.00348335505 -0.0409999415 -0.02020186
v 0.0038617251 -0.0409999415 -0.0201304499
v 0.00412529707 -0.0409999415 -0.0200807396
v 0.0138640404 -0.0409999415 -0.0151010696
v 0.0141135398 -0.0409999415 -0.0148644997
v -0.0102179004 -0.0409999415 0.0178103391
v -0.01093012 -0.0409999415 0.0173546597
v -0.0204501096 -0.0409999415 0.00143194105
v -0.02046871 -0.0409999415 0.001089453
v -0.0204935595 -0.0409999415 -0.000517560984
v -0.0204722192 -0.0409999415 -0.00103372301
v -0.0201679394 -0.0409999415 -0.00366967893
v -0.0201532207 -0.0409999415 -0.00375598599
v -0.0200650003 -0.0409999415 -0.00419062283
v -0.0203507505 -0.0409999415 -0.00246989704
v -0.0203301292 -0.0409999415 -0.00262010004
v -0.0195138995 -0.0409999415 -0.00628173305
v -0.0195252802 -0.0409999415 -0.00624418212
v -0.0189800207 -0.0409999415 -0.00774073601
v -0.0188281499 -0.0409999415 -0.00810933113
v -0.0187737904 -0.0409999415 -0.00823009014
v -0.0126548996 -0.0409999415 -0.0161249004
v -0.0124968803 -0.0409999415 -0.0162504297
v -0.0122327199 -0.0409999415 -0.0164470002
v -0.0119728995 -0.0409999415 -0.0166404191
v -0.0118028503 -0.0409999415 -0.0167587306
v -0.00405371096 -0.0409999415 -0.0200929008
v -0.00364518096 -0.0409999415 -0.0201735403
v -0.00353205204 -0.0409999415 -0.0201921407
v -0.00300365593 -0.0409999415 -0.0202790406
v -0.00248146011 -0.0409999415 -0.0203478895
v 0.00663429406 -0.0409999415 -0.0193968993
v 0.00693166209 -0.0409999415 -0.0192897897
v 0.00889027119 -0.0409999415 -0.01846998
v 0.00904297829 -0.0409999415 -0.0183979198
v 0.00936549902 -0.0409999415 -0.0182330608
v 0.00962167885 -0.0409999415 -0.0181020405
v 0.00983470585 -0.0409999415 -0.0179843903
v 0.0101907803 -0.0409999415 -0.0177877508
v -0.0156670194 -0.0409999415 0.0132191703
v 0.0143372398 -0.0409999415 -0.0146523695
v -0.0201563798 -0.0409999415 0.003724396
v -0.0202201009 -0.0409999415 0.00337618496
v -0.0202465001 -0.0409999415 0.00320106698
v -0.0204853397 -0.0409999415 0.00078243902
v -0.0204902794 -0.0409999415 0.000558934989
v -0.0204666797 -0.0409999415 -0.00116866804
v -0.0204377696 -0.0409999415 -0.00156360795
v -0.0200239997 -0.0409999415 -0.00439292099
v -0.0199493095 -0.0409999415 -0.00470888615
v -0.0198743306 -0.0409999415 -0.00502634002
v -0.0198208597 -0.0409999415 -0.00522416783
v -0.0197041593 -0.0409999415 -0.00565642118
v -0.0196799003 -0.0409999415 -0.00573611213
v 0.00438189507 -0.0409999415 -0.0200238209
v 0.00476127816 -0.0409999415 -0.0199396592
v 0.00489932206 -0.0409999415 -0.0199043695
v 0.00724804401 -0.0409999415 -0.0191758797
v 0.00742918206 -0.0409999415 -0.0191041194
v 0.0118407002 -0.0409999415 -0.01673471
v 0.0120753003 -0.0409999415 -0.0165631697
v 0.0123666497 -0.0409999415 -0.0163500309
v 0.0125006996 -0.0409999415 -0.0162453
v 0.0133259203 -0.0409999415 -0.0155768897
v 0.01337808 -0.0409999415 -0.0155333802
v 0.0137241399 -0.0409999415 -0.0152255204
v -0.0203173105 -0.0409999415 0.00273066689
v -0.0203238092 -0.0409999415 0.00267565204
v -0.0203862097 -0.0409999415 0.00214826991
v -0.0204937402 -0.0409999415 -0.000503095973
v -0.0183224007 -0.0409999415 -0.00919145346
v -0.0182753205 -0.0409999415 -0.00928777363
v -0.0180772506 -0.0409999415 -0.00966250803
v -0.0179699603 -0.0409999415 -0.00986558106
v -0.0178207699 -0.0409999415 -0.0101274801
v -0.0176467206 -0.0409999415 -0.0104330098
v -0.01755297 -0.0409999415 -0.0105860196
v 0.00592374802 -0.0409999415 -0.0196243506
v 0.0060154791 -0.0409999415 -0.0195977595
v 0.00642979098 -0.0409999415 -0.0194633007
v 0.0128790103 -0.0409999415 -0.0159496609
v 0.01291811 -0.0409999415 -0.0159170609
v -0.0203940794 -0.0409999415 0.00208163192
v -0.0204339605 -0.0409999415 0.00161933806
v -0.0202569291 -0.0409999415 -0.00314611103
v -0.0202621799 -0.0409999415 -0.00311505701
v -0.0185613595 -0.0409999415 -0.00870233681
v -0.0185555201 -0.0409999415 -0.00871425774
v 0.00539124012 -0.0409999415 -0.0197786596
v 0.005413651 -0.0409999415 -0.0197721701
v 0.0102975899 -0.0409999415 -0.0177242104
v 0.0107506504 -0.0409999415 -0.0174549203
v 0.01120173 -0.0409999415 -0.0171670299
v 0.0113013303 -0.0409999415 -0.0171034299
v 0.0116422102 -0.0409999415 -0.0168704297
v -0.0115672303 0.0289999805 0.0175327603
v -0.00426763203 0.0289999805 0.0216679499
v 0.0234945994 0.0289999805 -0.00626540091
v 0.00771653606 0.0289999805 0.0254465304
v 0.0260124207 0.0289999805 -0.00423926115
v 0.0273494702 0.0289999805 -0.00333082606
v 0.0301605407 0.0289999805 -0.00173634198
v 0.0139693003 0.0289999805 0.0261779409
v 0.0287335496 0.0289999805 -0.00249570608
v 0.0118753901 0.0289999805 0.0260217693
v 0.00978994276 0.0289999805 0.0257778093
v 0.0247262102 0.0289999805 -0.00521838618
v -0.000383542007 0.0289999805 0.0232618991
v -0.00234228303 0.0289999805 0.0225057006
v 0.00565886404 0.0289999805 0.0250284597
v 0.00362056401 0.0289999805 0.0245243907
v 0.00160527194 0.0289999805 0.0239351895
v 0.0316264592 0.0289999805 -0.00105500198
v 0.0160678606 0.0289999805 0.0262460709
v -0.00615608599 0.0289999805 0.0207500402
v -0.00800430682 0.0289999805 0.0197536908
v -0.00980907585 0.0289999805 0.0186806303
v 0.0316264592 -0.0304999892 -0.00105500198
v 0.0301605407 -0.0304999892 -0.00173634198
v 0.0287335496 -0.0304999892 -0.00249570608
v 0.0139693003 -0.0304999892 0.0261779409
v 0.0260124207 -0.0304999892 -0.00423926115
v 0.00771653606 -0.0304999892 0.0254465304
v 0.0273494702 -0.0304999892 -0.00333082606
v 0.00978994276 -0.0304999892 0.0257778093
v 0.0118753901 -0.0304999892 0.0260217693
v 0.0234945994 -0.0304999892 -0.00626540091
v -0.00426763203 -0.0304999892 0.0216679499
v 0.0247262102 -0.0304999892 -0.00521838618
v 0.00362056401 -0.0304999892 0.0245243907
v 0.00565886404 -0.0304999892 0.0250284597
v -0.00234228303 -0.0304999892 0.0225057006
v -0.000383542007 -0.0304999892 0.0232618991
v 0.00160527194 -0.0304999892 0.0239351895
v -0.0115672303 -0.0304999892 0.0175327603
v 0.0160678606 -0.0304999892 0.0262460709
v -0.00980907585 -0.0304999892 0.0186806303
v -0.00800430682 -0.0304999892 0.0197536908
v -0.00615608599 -0.0304999892 0.0207500402
v 0.0930434987 -0.0315303802 -0.00878596306
v 0.0960742831 -0.0308636408 -0.00887674
v 0.0960742831 -0.0308636408 0.00381463696
v 0.0758251473 -0.0353184305 0.0133051798
v 0.0659242198 -0.0374966189 -0.00463241292
v 0.0763110518 -0.0352115594 0.01306176
v 0.0768746063 -0.0350875817 0.01277941
v 0.0763243437 -0.0352086388 -0.00849997904
v 0.0797937512 -0.0344453417 -0.0085212579
v 0.0777730867 -0.0348898694 0.0123485904
v 0.0812446997 -0.0341261588 -0.00853013899
v 0.0832630917 -0.0336821005 -0.00856369734
v 0.0748588368 -0.0355310403 0.0138058001
v 0.0745956302 -0.0355889201 0.0139421802
v 0.0734090209 -0.035849981 0.0145653998
v 0.0688568875 -0.0368514583 0.0168111902
v 0.0682358667 -0.0369880684 0.0170734506
v 0.0681254193 -0.0370123908 0.0171201192
v 0.0674732327 -0.0371558592 0.0173767209
v 0.0673718974 -0.0371781513 0.0174165908
v 0.0667029619 -0.0373253189 0.0176589396
v 0.0666528866 -0.0373363383 0.0176770594
v 0.0660156608 -0.0374765284 0.0178881194
v 0.0659242198 -0.0374966189 0.0179167297
v 0.0736591816 -0.0357949696 -0.00811844971
v 0.0745341703 -0.0356024504 -0.00832974911
v 0.0754252002 -0.0354064107 -0.00845730305
v 0.0862386227 -0.0330274701 -0.00861310866
v 0.0867325589 -0.0329188108 -0.00862568617
v 0.0902019069 -0.0321555696 -0.0087137809
v 0.077040188 -0.0350511 0.0127000203
v 0.0723094866 -0.0360918604 -0.00760990288
v 0.0728081986 -0.0359821916 -0.00782531407
v 0.0727432892 -0.0359964296 0.0149150398
v 0.0719529912 -0.0361703001 0.0153226797
v 0.0715812966 -0.0362520814 0.0155144297
v 0.0705816671 -0.0364720188 0.0160116497
v 0.0704826117 -0.0364937708 0.0160586797
v 0.0697396919 -0.0366572104 0.0164113604
v 0.0696034431 -0.0366871916 0.0164760295
v 0.0689911768 -0.0368219018 0.0167508703
v 0.0763109326 0.0352115594 0.0130614601
v 0.076630652 0.0351412185 0.0128998104
v 0.0659242198 0.0374966189 -0.00463241292
v 0.0770405531 0.0350510404 0.01270073
v 0.0775373504 0.0349417292 0.0124594504
v 0.0742064118 0.0356745683 0.01414668
v 0.0748590827 0.0355309807 0.0138062797
v 0.0755411312 0.0353808887 0.0134505602
v 0.0960742831 0.0308636408 0.00381463696
v 0.0960742831 0.0308636408 -0.00887674
v 0.0902019665 0.03215551 -0.00871091988
v 0.0680013224 0.0370396897 0.0171704795
v 0.0682355091 0.0369881317 0.0170725491
v 0.0687565804 0.0368735082 0.0168546997
v 0.0689910576 0.0368219614 0.0167505108
v 0.0888821408 0.0324459001 -0.00867366698
v 0.0867324993 0.0329188108 -0.00862920191
v 0.0777730867 0.0348898694 0.0123485904
v 0.0833995268 0.0336520597 -0.00856029894
v 0.083263211 0.0336820409 -0.00855875015
v 0.0797937512 0.0344453417 -0.00852006581
v 0.0785893723 0.0347102806 -0.00850659609
v 0.0763243437 0.0352086388 -0.00849997904
v 0.0694363117 0.0367239714 0.0165526792
v 0.0697395205 0.03665727 0.0164108202
v 0.0702387616 0.0365474187 0.0161772296
v 0.0704822466 0.03649389 0.0160579607
v 0.0712131783 0.0363330804 0.0156998597
v 0.07195317 0.0361702405 0.0153230401
v 0.0667027831 0.0373253785 0.0176582895
v 0.0665910766 0.0373499282 0.0176983997
v 0.0659242198 0.0374966189 0.0179167297
v 0.0672799274 0.037198361 0.0174511597
v 0.0674729869 0.0371559188 0.0173760597
v 0.0722149611 0.0361126587 0.0151896998
v 0.0734086037 0.0358501002 0.01456457
v 0.0757807419 0.0353281982 -0.00848442316
v 0.0748855993 0.0355251394 -0.00839036703
v 0.074003391 0.0357192084 -0.00821208861
v 0.0731421709 0.0359086916 -0.0079511404
v 0.0723094866 0.0360918604 -0.00760990288
v 0.0264855605 -0.0240990501 0.02509325
v 0.0269419495 -0.0235565901 0.02513819
v 0.0270180702 -0.0238613393 0.0244917199
v 0.0266275406 -0.0246900301 0.0238050204
v 0.0261302497 -0.0251940992 0.0237679407
v 0.0260655805 -0.0249107406 0.02440935
v 0.03034609 -0.0157134496 0.0255642496
v 0.0303866193 -0.0158885103 0.0249504391
v 0.0299715903 -0.0173694398 0.0247121397
v 0.0275228601 -0.0235521104 0.0239055697
v 0.02791005 -0.0229288898 0.0239682104
v 0.0279901009 -0.0231704097 0.0233346205
v 0.0311958101 -0.0131599298 0.0236886106
v 0.0308677498 -0.0147411199 0.0234045293
v 0.0308348499 -0.0146385999 0.0240001008
v 0.0300104599 0.0186821204 0.0229948107
v 0.0300259497 0.0186265092 0.0229948107
v 0.0299153905 0.0185614806 0.0239785891
v 0.0281316005 -0.0231065098 0.0229999404
v 0.0280259792 -0.0232837703 0.0229999404
v 0.0249169394 -0.0251515508 0.0256634299
v 0.0273644291 -0.0229781792 0.0251909401
v 0.0280920807 -0.0217354801 0.0253186207
v 0.0307358503 -0.0142227998 0.0258096997
v 0.0317841098 0.0095684519 0.0255300403
v 0.0296722595 0.0184051897 0.0260548498
v 0.0301114302 0.01700061 0.0260063391
v 0.0305178091 0.0155672999 0.0259431005
v 0.0312257409 0.0126187196 0.0257698204
v 0.0310624205 0.0133657996 0.0258191805
v 0.0315241814 0.0111055896 0.0256586
v 0.0320046507 0.00800895598 0.0253835898
v 0.0323249586 0.00482916785 0.0250343606
v 0.0321850702 0.00642859889 0.0252185408
v 0.0323172212 0.00480312109 0.0260834601
v 0.0324205682 0.00319474889 0.0258863494
v 0.0324813686 0.00157081999 0.0256695095
v 0.0324998982 -6.69107976e-05 0.0254323408
v 0.0324767791 -0.00171619595 0.0251749698
v 0.0324127004 -0.00337308599 0.0249006096
v 0.0324093103 -0.00333809806 0.0259960797
v 0.0323008783 -0.00497937202 0.0257211309
v 0.0321515687 -0.00661826087 0.0254368708
v 0.031962391 -0.00825077202 0.0251468997
v 0.0317048393 -0.00970852282 0.0260136705
v 0.0314295813 -0.0112851802 0.0257379394
v 0.0310907904 -0.0127063897 0.0260656998
v 0.0303054396 -0.0155215198 0.0261821691
v 0.0298742 -0.0169622805 0.0259574
v 0.0294107106 -0.0183712803 0.0257488992
v 0.0289166495 -0.0197458807 0.02555966
v 0.0288493596 -0.0194735508 0.0262020808
v 0.0286587402 -0.0204194691 0.0254732296
v 0.0283923708 -0.0210834704 0.0253927708
v 0.0277489405 -0.0223692004 0.02525126
v 0.0259352308 -0.0242702309 0.0257109404
v 0.0254343096 -0.0247315709 0.0256828591
v 0.0249612294 -0.0254312698 0.0251005795
v 0.0248965602 -0.0254347902 0.0251822993
v 0.0245061498 -0.0254530907 0.0256574098
v 0.0244043991 -0.0254578497 0.0257812105
v 0.0243815109 -0.0254589301 0.0258090403
v 0.02551114 -0.0254001003 0.0243798997
v 0.0254909899 -0.0254012905 0.0244072005
v 0.0254926607 -0.0250614192 0.0250286404
v 0.0252281409 -0.0254168492 0.0247630402
v 0.0250313804 -0.0254275203 0.0250118896
v 0.0255507194 -0.0253686309 0.0243815109
v 0.0255564395 -0.0253973603 0.0243180301
v 0.0255515501 -0.0253977105 0.0243251901
v 0.0258518998 -0.0253776908 0.0238862
v 0.0259336792 -0.0253715497 0.0237564407
v 0.0259722397 -0.0253686905 0.0236952901
v 0.0266981106 -0.0249448996 0.0231691506
v 0.0263057295 -0.0253419802 0.0231393501
v 0.0261701904 -0.0253534298 0.0233746096
v 0.0267116409 -0.0250033103 0.023
v 0.0265148804 -0.0252038799 0.023
v 0.0263860207 -0.0253351908 0.0229999404
v 0.0271257106 -0.0245445296 0.023
v 0.0269194804 -0.0247914102 0.0230000596
v 0.0268312003 -0.0248814803 0.023
v 0.02762907 -0.0238934699 0.023
v 0.0274096709 -0.0242029391 0.023
v 0.0271692201 -0.0243935492 0.0232156496
v 0.0274019204 -0.0242139101 0.023
v 0.0271891896 -0.0244686007 0.023
v 0.0278389994 -0.0235973503 0.0229999404
v 0.0276647191 -0.0238432195 0.023
v 0.0276015401 -0.0237998292 0.0232709609
v 0.0279088598 -0.0234801695 0.0229999404
v 0.0283307992 -0.0225123707 0.0234063193
v 0.0283357501 -0.0227258801 0.0229999404
v 0.0282273795 -0.0229458194 0.0229999404
v 0.0285668895 -0.0222566109 0.0229999404
v 0.0285257101 -0.0223401692 0.0229999404
v 0.0283750203 -0.0226461198 0.0229999404
v 0.0286749601 -0.0219884496 0.0229999404
v 0.0286215506 -0.0218337104 0.0234855395
v 0.0288509093 -0.0215517804 0.0229999404
v 0.0288731996 -0.0211421791 0.0235719606
v 0.0291165095 -0.0204407498 0.0236650109
v 0.0290595796 -0.0209724307 0.0229999404
v 0.0289351903 -0.0213179495 0.0229999404
v 0.0296553895 -0.0192378107 0.0229998808
v 0.0294200704 -0.0199662391 0.0229999404
v 0.0296395998 -0.0191773698 0.0232523605
v 0.0294037405 -0.0200166702 0.0229999404
v 0.0291826706 -0.0206240993 0.0230432693
v 0.0291811805 -0.0206348207 0.0229999404
v 0.0291374307 -0.0207562391 0.0229999404
v 0.0299497191 -0.0183270499 0.0229998194
v 0.0299315397 -0.0183831993 0.0229998194
v 0.0300683305 -0.0176954195 0.0234838706
v 0.0296764299 -0.0191727206 0.0229998808
v 0.0301785395 -0.0175529104 0.0229998808
v 0.0301673394 -0.0175908208 0.0229998808
v 0.0301054101 -0.01780021 0.0229998808
v 0.0303022806 -0.0170959197 0.0229997598
v 0.0305074994 -0.0162973404 0.0231327396
v 0.0303838197 -0.0167950299 0.0229997002
v 0.0305125695 -0.0163195692 0.0229995791
v 0.03088223 -0.0148357097 0.0229987502
v 0.0308118407 -0.0151274204 0.0229987502
v 0.0306444094 -0.0158212706 0.0229988005
v 0.0305991098 -0.0159999691 0.0229994599
v 0.0310600307 -0.0140339099 0.0229986291
v 0.0308899805 -0.0148005998 0.0229987502
v 0.0311105791 -0.0138057396 0.0229986291
v 0.0312220398 -0.0132328197 0.0231036507
v 0.0311117098 -0.0138006201 0.0229986291
v 0.0312242508 -0.0132437898 0.0229985695
v 0.0316896401 -0.0106568905 0.02299821
v 0.0315245911 -0.0116549097 0.0229983907
v 0.0315105915 -0.01161962 0.0234025102
v 0.0315196514 -0.0116847102 0.0229983907
v 0.0314993188 -0.0117957499 0.0229983907
v 0.0313300416 -0.01272004 0.0229985099
v 0.0312891006 -0.0129228197 0.0229985099
v 0.03123313 -0.0131998602 0.0229985099
v 0.0317648016 -0.00998914242 0.0237065498
v 0.0317812487 -0.0100370599 0.0229981504
v 0.0316900015 -0.0106542697 0.02299821
v 0.0319853388 -0.00853812601 0.0229978506
v 0.03185945 -0.00950008631 0.0229981504
v 0.0318506882 -0.009567081 0.0229981504
v 0.0317962691 -0.00993531942 0.0229981504
v 0.0321650505 -0.00669187307 0.0243154094
v 0.0320665203 -0.00782722235 0.0229977295
v 0.0319833718 -0.00834524632 0.0240120795
v 0.0320084617 -0.00833541062 0.0229977891
v 0.0320014283 -0.00839698315 0.0229978506
v 0.0321789905 -0.00673979521 0.0229977295
v 0.0321379304 -0.00716257002 0.0229977295
v 0.0321787484 -0.00673508598 0.0232030097
v 0.0321128294 -0.00742131379 0.0229976699
v 0.0323190615 -0.0050723548 0.0229977891
v 0.0323097706 -0.00521510793 0.0229977891
v 0.0323163196 -0.00506454706 0.0235111099
v 0.0322476588 -0.00598359108 0.0229977891
v 0.0322241709 -0.00627458002 0.0229977891
v 0.0324162208 -0.00339347101 0.0238091908
v 0.0324169286 -0.00340050389 0.0229974892
v 0.0324108601 -0.00352454092 0.0229974892
v 0.0324063301 -0.00361639191 0.0229975507
v 0.0323829018 -0.00409066584 0.0229976103
v 0.0323367082 -0.00480079604 0.0229977295
v 0.0324761793 -0.00182837201 0.0229973104
v 0.0324759409 -0.00183898199 0.0229973104
v 0.0324776694 -0.00172626902 0.0240934994
v 0.0324559808 -0.00243246509 0.02299737
v 0.0324372016 -0.00298970891 0.0229974296
v 0.0324779116 -0.00173044205 0.0229973104
v 0.0324786901 -0.00173044205 0.0230139997
v 0.0324864313 -0.00125104096 0.0229972601
v 0.0324998982 -6.74534022e-05 0.0232875291
v 0.0324963294 -0.000697664975 0.0229971409
v 0.0324972793 -7.39684983e-05 0.0229971409
v 0.032481961 0.00158417202 0.0229970794
v 0.0324895307 0.001097381 0.0229971409
v 0.0324829184 0.00158333697 0.0235395394
v 0.0324981809 0.000538031978 0.0229972005
v 0.0324972793 -6.74691983e-05 0.0229971409
v 0.0324280187 0.003222703 0.0229967795
v 0.0324389897 0.00300121307 0.0229968391
v 0.0324272513 0.0032200811 0.0237697903
v 0.03246307 0.00226235297 0.0229969602
v 0.0324790403 0.001771271 0.0229970794
v 0.0323368311 0.00484693004 0.0229964796
v 0.0323551781 0.00457137823 0.0229965393
v 0.0323324688 0.00484126806 0.0239790604
v 0.0323786698 0.00421780301 0.0229966007
v 0.032418251 0.00342047191 0.0229967795
v 0.0321975909 0.00663095713 0.0229963008
v 0.0322122499 0.00645565894 0.0229963008
v 0.0321986601 0.00644540694 0.0241678897
v 0.0322741196 0.00571453478 0.0229963604
v 0.0322986804 0.00542038586 0.02299642
v 0.0320259891 0.00803095102 0.02433699
v 0.0320597813 0.00797605515 0.0229961202
v 0.0320760012 0.00783830788 0.0229961798
v 0.0321756005 0.00684958603 0.0229962394
v 0.0317771398 0.0102016302 0.0229958203
v 0.0318556391 0.00962114334 0.0229958799
v 0.0318455584 0.0096142292 0.0234344006
v 0.0319270417 0.0090935817 0.0229959991
v 0.0318149887 0.00959634688 0.0244870093
v 0.0319343209 0.00903987791 0.0229959991
v 0.0320513211 0.00804746058 0.0229961202
v 0.0316079818 0.0111637702 0.0235680304
v 0.0316288993 0.0111760404 0.0229957104
v 0.0317730904 0.0102317901 0.0229958203
v 0.0313923918 0.01258987 0.0229955893
v 0.0314267799 0.0123877497 0.0229955893
v 0.0313352309 0.0126913702 0.0236836001
v 0.0315924212 0.0114147002 0.0229957104
v 0.0316100083 0.0112997796 0.0229957104
v 0.0310769007 0.0142234499 0.0229953509
v 0.0311720893 0.0137613397 0.0229954105
v 0.0310282093 0.0141957896 0.0237817708
v 0.0312278196 0.0134650404 0.0229954701
v 0.0313696787 0.01271063 0.0229955297
v 0.0307554603 0.0157143995 0.0229951702
v 0.0307841301 0.0155865503 0.0229951702
v 0.0306882206 0.0156761408 0.0238631908
v 0.0309317093 0.0149281602 0.0229952298
v 0.0310134199 0.0145314299 0.0229952894
v 0.0306717101 0.0160881802 0.0229951106
v 0.0303167701 0.0171316192 0.0239285808
v 0.03054028 0.0166302305 0.0229950491
v 0.0300981905 0.0183681808 0.0229948107
v 0.0301488601 0.0181739293 0.0229948703
v 0.0302823093 0.0176622197 0.0229949299
v 0.0303124692 0.0175463501 0.0229949299
v 0.0303941295 0.0172332507 0.0229949895
v 0.0304064099 0.0171827599 0.0229949895
v 0.0294975005 0.0194999501 0.0248814207
v 0.0296298191 0.0194999501 0.0240033809
v 0.0297039691 0.0192665402 0.0239980202
v 0.0297818091 0.0194999501 0.0229946896
v 0.0298691895 0.0191873908 0.0229946896
v 0.0297333002 0.0184510909 0.0255411193
v 0.0293856803 0.0194999501 0.0255686603
v 0.0295728408 0.0191885792 0.0250429492
v 0.0294699594 0.0194999501 0.0250503998
v 0.0293155294 0.0194999501 0.0259999596
v 0.0293006301 0.0195010304 0.0260834005
v 0.0323085114 -0.00503313495 0.0246128403
v 0.0317347609 -0.00987291336 0.0248547103
v 0.0304672699 -0.0161814 0.0237342697
v 0.0311695896 -0.0130705796 0.0242778007
v 0.0314902589 -0.0115574002 0.0239813309
v 0.0311170798 -0.01284301 0.0254666209
v 0.031449791 -0.0113899102 0.0251495205
v 0.0295826104 -0.0190095901 0.0238695703
v 0.0300199892 -0.0175433699 0.0240958296
v 0.0304269698 -0.0160449706 0.0243403893
v 0.03080195 -0.0145175997 0.0245997906
v 0.0261265598 -0.0253571197 0.0234502498
v 0.0282515194 -0.0222783592 0.0240385495
v 0.0285454895 -0.0216079894 0.0241162106
v 0.0288019702 -0.0209249202 0.02420073
v 0.0290501695 -0.0202320199 0.02429175
v 0.0295255091 -0.0188182499 0.0244914796
v 0.0314700603 -0.0114807999 0.0245638397
v 0.0311433598 -0.0129647199 0.0248706304
v 0.0307689309 -0.0143785998 0.0252029803
v 0.0299230199 -0.0171750691 0.0253325701
v 0.0294682309 -0.0186047498 0.0251178108
v 0.0289835297 -0.0199996792 0.0249231402
v 0.0287305098 -0.0206832197 0.0248343907
v 0.0284691397 -0.0213571098 0.0247518402
v 0.0281720106 -0.0220186096 0.0246758405
v 0.0278296992 -0.0226610303 0.0246069394
v 0.0274438206 -0.0232773405 0.0245454293
v 0.0270937607 -0.0241411906 0.0238510296
v 0.0265567303 -0.0244072005 0.0244462397
v 0.02600055 -0.0246016905 0.0250566602
v 0.0297942106 0.0184903704 0.0250236299
v 0.0302144196 0.0170729104 0.0249741599
v 0.0306032803 0.0156283304 0.0249096099
v 0.0309592392 0.0141574098 0.0248292591
v 0.0312806889 0.0126609802 0.0247324705
v 0.0315662585 0.0111401603 0.0246186201
v 0.0308897998 0.0141063305 0.0258644801
v 0.0305606108 0.01560097 0.0254280493
v 0.0301629901 0.0170400105 0.0254920106
v 0.0324998982 -6.72929964e-05 0.0243600607
v 0.0324821398 0.00157958199 0.0246057492
v 0.0324239694 0.00321221305 0.0248302799
v 0.0220159199 -0.0270988904 0.02574539
v 0.0222827699 -0.0267941896 0.0260236803
v 0.0234373808 -0.0267416202 0.0246778093
v 0.0254891496 -0.0261198208 0.0229998194
v 0.0253915098 -0.0262027308 0.0229998194
v 0.0255872607 -0.0259320103 0.0232290607
v 0.0229139905 -0.0273618102 0.0241199099
v 0.0217398405 -0.0273938701 0.0254681092
v 0.0234938804 -0.0273381397 0.0234466698
v 0.0238697492 -0.0273105502 0.0229999404
v 0.0247558895 -0.0266941097 0.0229998808
v 0.0244853999 -0.0268985592 0.0229999404
v 0.0245707594 -0.0266667604 0.0233343802
v 0.0243766308 -0.0269713905 0.0229999404
v 0.0243196394 -0.0269879103 0.0230542403
v 0.0243626796 -0.0269806907 0.0229999404
v 0.0242664795 -0.0270451307 0.0229999404
v 0.0250583198 -0.0260090195 0.0238963906
v 0.0252736807 -0.0263026897 0.0229998194
v 0.0251286607 -0.0264123008 0.0229998194
v 0.0248393398 -0.0266309902 0.0229998808
v 0.0261860397 -0.0255189501 0.0229999404
v 0.0260524694 -0.0256417301 0.0229998808
v 0.0258411095 -0.02582114 0.0229998808
v 0.0257577803 -0.0258918405 0.0229998808
v 0.0245028697 -0.0260582492 0.0245668199
v 0.0239346009 -0.0260940101 0.0252386909
v 0.0239837691 -0.0272342507 0.0229999404
v 0.0240103602 -0.0267108008 0.0240053497
v 0.0231800601 -0.0270562693 0.0243983809
v 0.0323445201 0.00812184811 0.00801610854
v 0.0323433802 0.00814944506 0.00801807642
v 0.0323620401 0.00765073206 0.00800091028
v 0.0323673412 0.00749999192 0.00799995568
v 0.0322934315 0.00930750277 0.00813919306
v 0.0323274098 0.00854575634 0.00804644823
v 0.0323255584 0.00859159231 0.00804972555
v 0.032305181 0.00905972719 0.00810176134
v 0.032232821 0.0104596 0.00837296154
v 0.0322436616 0.0102745201 0.00832515862
v 0.0322830603 0.00952619314 0.0081722727
v 0.0322801396 0.00958353188 0.00818323996
v 0.0322592184 0.0099906316 0.00826132204
v 0.0321576484 0.0116225397 0.00873035099
v 0.0321248099 0.0120598599 0.00890010502
v 0.0320896506 0.0124907997 0.00908708479
v 0.0322242305 0.0106053296 0.00841063168
v 0.0322169587 0.0107297301 0.00844275858
v 0.0321883485 0.0111791398 0.00857788324
v 0.0321589708 0.0116040697 0.0087240329
v 0.0320825502 0.01257079 0.00912552979
v 0.0320675299 0.0127401296 0.00920706894
v 0.0318939611 0.0143823596 0.0101709897
v 0.0319350883 0.01404237 0.00994032621
v 0.0320519805 0.0129152499 0.00929134991
v 0.0320117399 0.0133328401 0.00951295998
v 0.0319943391 0.0134988399 0.00960963871
v 0.0319687091 0.0137433996 0.00975209381
v 0.0319551192 0.0138643896 0.00982826855
v 0.0318881199 0.0144304 0.0102035897
v 0.0318387114 0.0148070399 0.01048123
v 0.0318149887 0.0149735799 0.0106142703
v 0.0317896605 0.0151516097 0.0107565504
v 0.0317866802 0.0151723605 0.0107731204
v 0.0316538811 0.0159837604 0.0115161501
v 0.0316748582 0.0158681199 0.0113991397
v 0.0317320786 0.0155260498 0.0110791298
v 0.0317804813 0.0152128302 0.0108081596
v 0.0316395089 0.0160627905 0.0115960799
v 0.0316148885 0.01619827 0.0117331697
v 0.0315522514 0.0165162608 0.0120812003
v 0.0313644409 0.0173290297 0.0131175499
v 0.0313721783 0.0173002407 0.01307505
v 0.0314157009 0.0171239302 0.0128355604
v 0.0315148793 0.0166907292 0.0122879697
v 0.0314868018 0.0168217998 0.0124433003
v 0.0314408503 0.0170218293 0.0126969796
v 0.0313153788 0.0175119005 0.0133873196
v 0.0313016102 0.0175631605 0.0134629598
v 0.0312291309 0.0178105794 0.0138606401
v 0.03112006 0.0181421004 0.0144601399
v 0.0311549902 0.01804238 0.01426786
v 0.0312036201 0.0178905092 0.01400101
v 0.0308614299 0.0187748 0.0158962607
v 0.0310792904 0.0182585102 0.0146845505
v 0.0310349409 0.0183735993 0.0149295302
v 0.0310021602 0.0184587203 0.0151106101
v 0.0309238993 0.0186427794 0.0155460201
v 0.0308446195 0.0188104492 0.01599079
v 0.0307927094 0.0189104006 0.0162848197
v 0.0308601204 0.0187775996 0.0159037095
v 0.0305154305 0.0193154197 0.0179166105
v 0.0307140294 0.0190474894 0.0167358499
v 0.0306926891 0.0190800391 0.0168601796
v 0.0306867901 0.0190890394 0.0168946907
v 0.0306360107 0.0191665795 0.0171911102
v 0.03055894 0.0192677304 0.0176504198
v 0.0304831807 0.0193507597 0.0181135498
v 0.0304474197 0.0193821695 0.0183391497
v 0.0304092094 0.0194156691 0.0185802504
v 0.0303520504 0.0194528103 0.0189542696
v 0.0303373896 0.0194623396 0.0190503504
v 0.0303367302 0.0194625799 0.0190547109
v 0.0302681308 0.01949054 0.0195236802
v 0.0302019697 0.0194999501 0.0199999809
v 0.0319526717 -0.0108106099 0.0146131497
v 0.0320640206 -0.00961786509 0.0148445899
v 0.032181561 -0.00967031717 0.0103914104
v 0.0317313001 -0.0107112499 0.0216370206
v 0.0315586887 -0.0118783703 0.0214104597
v 0.03151327 -0.0118225198 0.0226398706
v 0.03160429 -0.0119009595 0.0202011392
v 0.0320004188 0.00913631916 0.0201075599
v 0.0320590101 0.00917053223 0.0177519899
v 0.0321633182 0.00803911593 0.0176432692
v 0.0316941701 -0.01066285 0.0228596907
v 0.0324246809 0.003425061 0.0217763092
v 0.0305325296 0.0189864598 0.0183292609
v 0.0320887491 0.0115654403 0.0105918003
v 0.0322535597 0.00809437037 0.0128446203
v 0.0321242213 -0.0117218401 0.00799995568
v 0.03209728 -0.01211935 0.00799995568
v 0.0320101902 -0.01208001 0.00998872519
v 0.0320665799 -0.0125728203 0.00799995568
v 0.0319119617 -0.0132828904 0.00979226828
v 0.0323518515 -0.00727641489 0.00863194373
v 0.0323488116 -0.00760996295 0.00799995568
v 0.032241039 -0.00969696045 0.00828689337
v 0.0322717391 -0.00927662756 0.00799995568
v 0.0322476588 -0.00970059633 0.00799995568
v 0.0323722288 -0.00605541421 0.0109985396
v 0.0324043594 -0.00607341481 0.00799995568
v 0.0323607288 -0.00728142215 0.00799995568
v 0.0323865414 -0.00483334018 0.0157618504
v 0.0324377418 -0.00486737397 0.00799995568
v 0.0324095413 -0.00593006611 0.00799995568
v 0.0324610397 -0.00391972018 0.00799995568
v 0.0324544311 -0.00423657801 0.00799995568
v 0.0324350484 -0.00363862491 0.0159813706
v 0.0324649215 -0.00366395689 0.00799995568
v 0.0324702188 -0.00244653202 0.0161939804
v 0.0324831605 -0.00246369792 0.00799995568
v 0.0324894115 -0.00204920699 0.00799995568
v 0.0324919187 -0.00125813403 0.0163981896
v 0.0324998982 -0.000163464007 0.00799995568
v 0.0324998982 -7.43877026e-05 0.0165923797
v 0.0324995518 -7.49535975e-05 0.00799995568
v 0.0324941203 0.00110369897 0.01677531
v 0.032495141 0.00111263897 0.00799995568
v 0.0324811302 0.00228625489 0.0122368298
v 0.0324927494 0.00173562695 0.00799995568
v 0.0324856006 0.00229567196 0.00799995568
v 0.0324681886 0.00364667107 0.00799995568
v 0.0324562714 0.00345873809 0.0123772603
v 0.0324463807 0.00464898301 0.00799995568
v 0.0324211083 0.00462579681 0.01250803
v 0.0324263498 0.00556838512 0.00799995568
v 0.0323755704 0.00578749087 0.0126293804
v 0.0324187204 0.00581961777 0.00799995568
v 0.0323197208 0.00694370223 0.0127414996
v 0.0323830806 0.00698637916 0.00799995568
v 0.0321670696 0.0104222801 0.0105257602
v 0.0320025012 0.0127042504 0.0106510501
v 0.0319085084 0.0138387 0.01070356
v 0.0318068787 0.0149689903 0.0107496902
v 0.0315140411 0.0159926396 0.0133346301
v 0.0316480882 0.0148811303 0.0132878404
v 0.0313712917 0.0170986596 0.0133742597
v 0.0311634503 0.0169813 0.0158471409
v 0.0308911204 0.0186029598 0.0158991199
v 0.0309843402 0.0180641394 0.0158836208
v 0.0306428596 0.0184593704 0.0183144193
v 0.0301423594 0.0193479601 0.0207167193
v 0.0301037394 0.0194999501 0.0207204204
v 0.0300914608 0.0194999501 0.0208103005
v 0.0303955004 0.0183162596 0.0206875205
v 0.0302704498 0.0188334491 0.0207030699
v 0.0305174496 0.0177964494 0.0206700508
v 0.0305460002 0.0166327301 0.0229589306
v 0.0307932403 0.01559084 0.0229097605
v 0.0310253501 0.0145372096 0.0228524804
v 0.0312417708 0.0134720802 0.0227867905
v 0.0314419195 0.0123955598 0.0227124002
v 0.0316255614 0.0113080703 0.0226291399
v 0.0317922793 0.0102100903 0.0225366894
v 0.0319417715 0.00910198595 0.0224348903
v 0.0320739113 0.00798422005 0.0223234203
v 0.0321883485 0.00685721589 0.0222020708
v 0.0322850309 0.00572133018 0.0220706407
v 0.0323638283 0.00457715895 0.0219287798
v 0.0324925706 0.00109898997 0.0214385893
v 0.0324676 0.00226551201 0.021613
v 0.03248965 -0.00125318696 0.0210557505
v 0.0324998982 -7.40863034e-05 0.0212528091
v 0.0324620605 -0.00243711402 0.0208487492
v 0.0324084684 -0.00361657096 0.02298164
v 0.0324174091 -0.00362443901 0.0206331592
v 0.0323403403 -0.00480306102 0.0227663498
v 0.0322538018 -0.0059898491 0.0225456897
v 0.0321492516 -0.00717544509 0.0223209802
v 0.0320269987 -0.00835841801 0.0220937096
v 0.0318875313 -0.00953751802 0.0218652394
v 0.031315621 -0.0129736597 0.0224229004
v 0.0310696904 -0.0140526798 0.0228410903
v 0.0308347903 -0.01517611 0.0226378404
v 0.0306177102 -0.0159999691 0.0228217803
v 0.0306490008 -0.0159999691 0.0224901997
v 0.0306918006 -0.0159999691 0.0220361892
v 0.0308722202 -0.0152450697 0.0220030509
v 0.0307078306 -0.0159999691 0.0218664408
v 0.0308259092 -0.0160000306 0.0204183999
v 0.0308089796 -0.0160000306 0.0206301194
v 0.0309472606 -0.0153266704 0.0207546297
v 0.03077369 -0.0160000306 0.0210713707
v 0.0309097096 -0.0152942501 0.0213753507
v 0.0307598095 -0.0160000306 0.0212454107
v 0.0307234507 -0.0159999691 0.0217007902
v 0.0309203193 -0.0159999691 0.0191403609
v 0.0310970508 -0.0154005196 0.0183340292
v 0.0309881493 -0.0159999095 0.0182219706
v 0.0310045406 -0.0159999095 0.0179994702
v 0.0312455799 -0.0154706798 0.0159972906
v 0.03116142 -0.0159999691 0.0158994701
v 0.0313990712 -0.0159999691 0.0127188498
v 0.0313521586 -0.0159999691 0.0133467298
v 0.0313936993 -0.0155405896 0.0137242004
v 0.0313300416 -0.0159999691 0.0136424303
v 0.0312078502 -0.0159999691 0.0152779203
v 0.0316914916 -0.0156816207 0.00941586401
v 0.0316599607 -0.0160000306 0.00936788321
v 0.0315005109 -0.0160000306 0.0114158299
v 0.0318056308 -0.0144835701 0.00960081816
v 0.0306361895 0.0172740202 0.0206507407
v 0.0304168407 0.0171491504 0.0229805093
v 0.0319409892 0.0102943098 0.0178511105
v 0.0317174718 0.0113592101 0.0203015208
v 0.0318093784 0.0114102904 0.0179409292
v 0.031553261 0.0124568902 0.0203844905
v 0.0316644311 0.0125181004 0.0180216394
v 0.031374149 0.0135449097 0.0204585698
v 0.0315064117 0.0136176301 0.0180935208
v 0.0311805606 0.0146230403 0.0205239002
v 0.0313355885 0.0147086298 0.0181568209
v 0.0309729502 0.0156910997 0.0205807593
v 0.0311523601 0.0157911107 0.0182118397
v 0.0307517592 0.0167489592 0.0206294004
v 0.0309572201 0.0168649498 0.0182586908
v 0.0307504497 0.0179300904 0.0182977896
v 0.0318666585 0.0102522904 0.0202092491
v 0.0324742682 0.00227588392 0.0169468503
v 0.0324403606 0.00344180991 0.0171073601
v 0.0323923193 0.0046013589 0.0172569696
v 0.0323300883 0.00575429201 0.0173959695
v 0.0322537385 0.00690031005 0.0175246503
v 0.0321832187 -0.00719350483 0.01995009
v 0.0322504602 -0.00722640706 0.0153079601
v 0.0320728384 -0.00838118698 0.0197152402
v 0.0321633816 -0.00842279103 0.01507675
v 0.0319468305 -0.00956576969 0.0194792096
v 0.0318056308 -0.0107460599 0.0192435905
v 0.0316496417 -0.01192086 0.0190097596
v 0.0318296514 -0.0120002003 0.0143838497
v 0.0315874815 -0.0131373396 0.0164420605
v 0.0316952392 -0.0131856203 0.0141582396
v 0.0315498114 -0.0143660298 0.0139378896
v 0.0323558412 -0.00481384899 0.0204105899
v 0.0314226113 -0.0143076703 0.0162163898
v 0.0314792916 -0.0130890002 0.0187792107
v 0.03142488 -0.0130646797 0.0199731495
v 0.0313702188 -0.0130375 0.0211868808
v 0.0311017595 -0.0141149703 0.0222101808
v 0.0311339404 -0.0141588999 0.0215857606
v 0.0311662499 -0.0141873304 0.0209678393
v 0.0312307402 -0.0142198801 0.0197498202
v 0.0312949382 -0.0142492 0.0185534898
v 0.0321789905 -0.0109105697 0.00799995568
v 0.0321748182 -0.0109086595 0.00811493304
v 0.032100141 -0.0108755799 0.0101889297
v 0.0322541483 -0.00846469402 0.0105947796
v 0.0323178098 -0.00725954678 0.0107976096
v 0.0323249586 -0.00602960493 0.0155368401
v 0.0322776996 -0.00600397494 0.0201823693
v 0.0315421186 -0.0156108104 0.0115159703
v 0.0314977691 -0.0160000306 0.0114510003
v 0.0321777984 -0.0109305903 0.00799995568
v 0.0319196507 -0.0120398896 0.0121443197
v 0.0318032987 -0.01323401 0.0119290901
v 0.0316772982 -0.0144245597 0.0117191598
v 0.0317730308 0.0137641402 0.0132337203
v 0.0318886004 0.0126414802 0.0131720304
v 0.0319946408 0.0115131103 0.01310247
v 0.0320908986 0.01037913 0.0130249197
v 0.0321772583 0.00923955441 0.0129390303
v 0.0321178995 0.00920492411 0.0153678004
v 0.0320156217 0.0103365704 0.01546204
v 0.0319016501 0.0114614898 0.01554727
v 0.0317760706 0.0125794997 0.0156238005
v 0.0316391513 0.0136905899 0.0156917498
v 0.0314912088 0.0147945201 0.0157514792
v 0.0313324891 0.0158914309 0.0158032104
v 0.0312132798 -0.0244200807 0.0111480299
v 0.0311228 -0.02474677 0.0111768804
v 0.0308746006 -0.0247808602 0.0121682202
v 0.0304791294 -0.0251339599 0.0131791197
v 0.0303367302 -0.0254477207 0.0132093998
v 0.0300205909 -0.0254804399 0.0141785704
v 0.0311415698 -0.0163804796 0.0153082004
v 0.0296045505 -0.0199329201 0.0220951401
v 0.0299528204 -0.0210513398 0.0194148403
v 0.0300428793 -0.0206635501 0.0193947498
v 0.0302619897 -0.0206477009 0.0184749905
v 0.0303337499 -0.02026104 0.0184507892
v 0.0297620799 -0.0218270998 0.0194549505
v 0.0298592392 -0.0214393102 0.0194347501
v 0.0301057603 -0.0214204695 0.0185226202
v 0.0301857498 -0.02103406 0.0184988901
v 0.0304972492 -0.0217606407 0.0166945998
v 0.0304245893 -0.0221394803 0.01672321
v 0.0301820002 -0.02216506 0.0176525693
v 0.0313542411 -0.0190268699 0.0126465503
v 0.0314716101 -0.0190145299 0.0116752302
v 0.0314889513 -0.0197654292 0.0117402598
v 0.0312882587 -0.0216579996 0.0128723904
v 0.0312566087 -0.0220292192 0.0129037397
v 0.0310690906 -0.0220574699 0.0138723804
v 0.0316177011 -0.0212358795 0.01088404
v 0.0314695202 -0.0212598406 0.0118656699
v 0.0314878188 -0.0205138903 0.0118036801
v 0.031608101 -0.0163748208 0.00951206591
v 0.031448599 -0.0163766108 0.0114458697
v 0.0314180814 -0.0167536102 0.0114770504
v 0.0316436216 -0.0182444993 0.00966101792
v 0.0282616597 -0.0264709499 0.0170852505
v 0.02657043 -0.0268433001 0.0197620895
v 0.0251640603 -0.0271747094 0.0214370992
v 0.0304972492 -0.0167897902 0.0220488291
v 0.0302919708 -0.0175771695 0.0220611002
v 0.0269603692 -0.02515327 0.0221814495
v 0.0266522095 -0.0254678708 0.0221877601
v 0.0263339803 -0.0257762 0.0221947394
v 0.0245868508 -0.0272059999 0.0222300794
v 0.0249578897 -0.0269385502 0.0222237706
v 0.0255163293 -0.0269066598 0.0214256607
v 0.0260530692 -0.0268746 0.0206046104
v 0.0270688497 -0.0268126093 0.0188988391
v 0.0273561403 -0.0265323501 0.0188754201
v 0.0278184395 -0.0265014097 0.0179895703
v 0.0285042506 -0.0261806808 0.0170573499
v 0.0292990208 -0.0261188708 0.0151944105
v 0.0289117601 -0.0261496902 0.0161340199
v 0.0294981506 -0.0258192997 0.0151643101
v 0.0298495796 -0.0257875901 0.0142090302
v 0.0307607595 -0.0251004007 0.0121979704
v 0.0314301811 -0.0243859198 0.0101484004
v 0.0315004513 -0.0240526702 0.0101208603
v 0.0317407213 -0.0236803796 0.00908887293
v 0.0318512917 -0.0226357505 0.00901085138
v 0.0317854211 -0.0233367607 0.00906300545
v 0.0318841301 -0.0219187699 0.00895810127
v 0.0318856798 -0.0211894494 0.00890505314
v 0.0317517482 -0.0204746109 0.00984025002
v 0.0317312405 -0.0197337791 0.00978201628
v 0.0316934511 -0.0189903304 0.00972223189
v 0.031418439 -0.0175071899 0.0115423696
v 0.0314410888 -0.0182614308 0.0116088297
v 0.0314132497 -0.0171303097 0.0115094697
v 0.0316129886 -0.0197494607 0.01076316
v 0.0316236615 -0.0204940401 0.0108243199
v 0.0317564011 -0.0212124493 0.00989699271
v 0.0314313099 -0.0220009591 0.0119272396
v 0.0315937288 -0.0219730698 0.0109435897
v 0.0317446515 -0.0219456498 0.00995367672
v 0.0313582383 -0.0197816398 0.0127129499
v 0.0313434005 -0.0205340292 0.0127776796
v 0.0313109718 -0.0212840401 0.0128410403
v 0.0311101004 -0.0216843393 0.0138410302
v 0.0308681708 -0.0220854208 0.01483237
v 0.0312315803 -0.0190393291 0.0136138201
v 0.0312201306 -0.0197979193 0.0136805102
v 0.0311896205 -0.0205541793 0.01374566
v 0.0311412197 -0.0213082992 0.0138094397
v 0.0309191905 -0.0217104498 0.0148013802
v 0.0306533501 -0.0221128408 0.0157828908
v 0.0312548801 -0.0167577192 0.0134103801
v 0.0312945805 -0.0163784605 0.01337808
v 0.0313258693 -0.0175123792 0.0125109497
v 0.0311366897 -0.0175229907 0.0144419
v 0.0311028305 -0.0190517306 0.0145766102
v 0.0310738608 -0.0198140107 0.0146425897
v 0.0310257003 -0.0205741506 0.0147070801
v 0.0309595391 -0.0213323198 0.0147701995
v 0.0307149794 -0.0217359606 0.0157528501
v 0.0312321708 -0.0175176207 0.0134775601
v 0.0310913306 -0.01676213 0.0153393103
v 0.0307652894 -0.0213558003 0.0157225691
v 0.0308510605 -0.0205936395 0.0156612303
v 0.0309187695 -0.0198298004 0.0155987097
v 0.0309675299 -0.0190639403 0.01553463
v 0.0310017392 -0.0182962399 0.0154693704
v 0.0310389902 -0.0175284091 0.0154039804
v 0.0310614705 -0.0171449706 0.01537144
v 0.0296546202 -0.0222118404 0.0194757506
v 0.0300212502 -0.0218064692 0.0185463391
v 0.0303385202 -0.0214001499 0.0175994597
v 0.0304692294 -0.0206306502 0.0175457504
v 0.0304011703 -0.0198740903 0.0184263494
v 0.0301285908 -0.0202755295 0.0193744302
v 0.0298127495 -0.0206786897 0.02030503
v 0.0296000801 -0.0214571897 0.0203357898
v 0.0294896904 -0.0218467098 0.0203517005
v 0.0305824205 -0.0198599603 0.0174910408
v 0.0293383002 -0.0214782897 0.0212283097
v 0.0290793702 -0.0215039197 0.0221155193
v 0.0293489005 -0.02071785 0.0221055094
v 0.0287910104 -0.0222872403 0.0221277401
v 0.0295801703 -0.0206964593 0.0212078001
v 0.0299133603 -0.0202894192 0.0202893596
v 0.0302102491 -0.0198873207 0.0193539206
v 0.0304643493 -0.0194867793 0.0184016209
v 0.0306775495 -0.0190876704 0.0174350105
v 0.0300205294 -0.0191336796 0.0211647097
v 0.0298074391 -0.0199151598 0.0211865902
v 0.0308799706 -0.0171534996 0.0172918998
v 0.0309392791 -0.0175340697 0.0163634997
v 0.0308380704 -0.0175400302 0.0173204504
v 0.0308818202 -0.0183049999 0.0164256003
v 0.0307581406 -0.0183138791 0.0173778497
v 0.0308257304 -0.0190759301 0.0164875295
v 0.0307549797 -0.0198451802 0.01654833
v 0.0306655709 -0.0206125304 0.0166076999
v 0.0305582806 -0.0213784501 0.0166658703
v 0.0302660391 -0.0217842404 0.0176260397
v 0.0299255196 -0.0221892502 0.0185703598
v 0.0300101005 -0.0199001394 0.0202734992
v 0.0301031396 -0.0195106808 0.0202574097
v 0.0302879196 -0.0194988791 0.0193330608
v 0.0303614102 -0.0191101395 0.0193120204
v 0.0305231195 -0.0190991107 0.0183765795
v 0.0304985009 -0.0183316991 0.0192691609
v 0.0306307003 -0.0183227602 0.0183258001
v 0.03063046 -0.0175530892 0.0192258898
v 0.0307354908 -0.0175463501 0.0182746593
v 0.03019231 -0.0191209894 0.0202410799
v 0.0303609893 -0.0183408801 0.0202077609
v 0.0305220392 -0.0175602399 0.0201739594
v 0.0306959692 -0.0171638709 0.0192042496
v 0.0298466608 -0.0191482306 0.0220843498
v 0.0300754309 -0.0183629896 0.0220729709
v 0.0302203204 -0.0183514897 0.0211420599
v 0.0304102302 -0.0175684001 0.0211189296
v 0.0308392607 -0.0163870994 0.0191614609
v 0.0307634994 -0.0167750698 0.0191827398
v 0.0306797009 -0.0167794209 0.0201399308
v 0.0305924397 -0.0167843606 0.0210953299
v 0.0309270006 -0.0167676192 0.0172635894
v 0.0263758302 -0.0265958309 0.0205882099
v 0.0268751904 -0.0265638195 0.0197418295
v 0.0258577392 -0.0266287904 0.0214137398
v 0.0253182594 -0.0266612098 0.0222169701
v 0.0283244792 -0.0259147808 0.0179377105
v 0.0276319906 -0.0262435004 0.0188519303
v 0.0278961603 -0.0259467904 0.0188283902
v 0.0271685105 -0.0262754504 0.0197213795
v 0.0274501406 -0.0259787999 0.01970076
v 0.0266871396 -0.0263078194 0.0205713492
v 0.0269867107 -0.0260111596 0.0205541793
v 0.0261878893 -0.0263413098 0.0214013401
v 0.0265063606 -0.0260449592 0.0213884693
v 0.0256677791 -0.0263745096 0.0222097002
v 0.0260061603 -0.0260789897 0.02220219
v 0.0295172296 -0.0252346303 0.0160467606
v 0.0289530698 -0.0255783703 0.0170019194
v 0.0291587692 -0.0252678897 0.0169742703
v 0.0285596196 -0.0256108008 0.0179119091
v 0.0287826601 -0.0253008008 0.0178862195
v 0.0281485897 -0.0256430507 0.01880496
v 0.0283893906 -0.0253333393 0.0187817197
v 0.0277202092 -0.0256750509 0.0196802001
v 0.0279791895 -0.02536547 0.0196598694
v 0.0272748992 -0.0257071201 0.0205370095
v 0.0275525395 -0.0253974106 0.0205202606
v 0.0268137399 -0.0257411506 0.0213755891
v 0.0271110497 -0.0254316907 0.0213633105
v 0.03001648 -0.0248838607 0.0150745502
v 0.0296930596 -0.0249179602 0.0160177294
v 0.0293517709 -0.0249517504 0.0169467293
v 0.0289932396 -0.0249851309 0.0178605895
v 0.0286181495 -0.0250179693 0.0187585298
v 0.0282266103 -0.0250501595 0.0196397305
v 0.0278190896 -0.0250821691 0.0205037501
v 0.0273976307 -0.0251166206 0.0213511493
v 0.0275261402 -0.0244899299 0.0221695807
v 0.0272521898 -0.02482724 0.0221755505
v 0.0287262201 -0.0237222295 0.0204365198
v 0.0283773504 -0.0237540007 0.0213016793
v 0.0285795908 -0.0233906507 0.0212892797
v 0.0280198399 -0.0237871408 0.0221562907
v 0.02823966 -0.0234231893 0.0221490804
v 0.0290655997 -0.0236935001 0.0195581894
v 0.0289122406 -0.0233603101 0.0204197094
v 0.0287644193 -0.0230197906 0.0212768298
v 0.0284416005 -0.0230514407 0.0221419297
v 0.0277820192 -0.0241428595 0.02216327
v 0.0291262809 -0.0258510709 0.0161048099
v 0.0296842996 -0.0255131703 0.0151343299
v 0.0301778298 -0.0251675807 0.0141482297
v 0.0306074005 -0.0248151999 0.0131489001
v 0.0309782606 -0.0244545303 0.0121384198
v 0.0312951207 -0.0240867697 0.0111191198
v 0.0315626189 -0.0237137005 0.0100933304
v 0.0316987 -0.0226659104 0.0100100003
v 0.0316620395 -0.0230199005 0.0100378897
v 0.0314871594 -0.0230517909 0.0110319797
v 0.0304536801 -0.0245239697 0.0140876099
v 0.0301641803 -0.0245586 0.0150445597
v 0.0298567992 -0.0245929901 0.0159887001
v 0.0295320693 -0.0246269703 0.0169190709
v 0.0291905906 -0.0246604607 0.0178348403
v 0.0288330298 -0.0246932507 0.0187352207
v 0.0284594204 -0.0247252509 0.0196194593
v 0.0280702095 -0.0247568991 0.0204870701
v 0.0276682302 -0.0247912407 0.0213388801
v 0.0311574899 -0.0237814095 0.0120786401
v 0.0308327004 -0.0241559092 0.0130882198
v 0.0309301 -0.0238156896 0.01305776
v 0.0305753294 -0.0241905991 0.0140571501
v 0.0306860805 -0.0238500796 0.01402664
v 0.0303005502 -0.0242252294 0.0150145805
v 0.0304253101 -0.0238842908 0.0149844801
v 0.0300084297 -0.0242595002 0.0159595609
v 0.0301477909 -0.0239180904 0.0159304105
v 0.0296995007 -0.0242932998 0.0168913603
v 0.02985394 -0.0239514094 0.0168635808
v 0.0293743592 -0.0243264996 0.0178090893
v 0.0295443498 -0.0239839498 0.0177832209
v 0.0290334802 -0.0243588593 0.0187118594
v 0.0292193796 -0.0240155999 0.0186884906
v 0.02867686 -0.0243903305 0.0195990801
v 0.0288789198 -0.0240461808 0.0195786301
v 0.0283051096 -0.0244213305 0.0204702001
v 0.0285237394 -0.02407616 0.0204533897
v 0.0279216096 -0.0244550705 0.02132654
v 0.0281579997 -0.0241090599 0.0213140808
v 0.0314323306 -0.0234022103 0.0110611301
v 0.0312325899 -0.0234355908 0.0120486598
v 0.0312978588 -0.0230841599 0.0120184999
v 0.0310171805 -0.0234692004 0.0130272498
v 0.03109359 -0.0231168196 0.0129966103
v 0.0307857897 -0.0235028807 0.01399606
v 0.0308741294 -0.0231495406 0.0139654204
v 0.0305383205 -0.0235363804 0.0149543202
v 0.0306392908 -0.0231819693 0.0149240401
v 0.0302746203 -0.0235693995 0.0159011409
v 0.0303888302 -0.0232140403 0.0158718191
v 0.0299951993 -0.0236018803 0.0168357398
v 0.0301230494 -0.0232453309 0.0168078505
v 0.0297003891 -0.0236335304 0.0177572891
v 0.0298423097 -0.0232757907 0.0177312996
v 0.0293905698 -0.0236641094 0.0186650101
v 0.0295469705 -0.0233051106 0.0186415296
v 0.0292366706 -0.0233330708 0.0195377395
v 0.02908176 -0.0229910593 0.0204027798
v 0.0289317295 -0.02264213 0.0212643109
v 0.0286254808 -0.0226724707 0.0221348405
v 0.0315325186 -0.0226965491 0.0110027101
v 0.0315680988 -0.0223368406 0.0109732104
v 0.0313528106 -0.0227276608 0.0119882803
v 0.0313973986 -0.0223664604 0.0119578196
v 0.0311590992 -0.0227590706 0.0129658496
v 0.0312135201 -0.0223963801 0.0129349204
v 0.0309509598 -0.0227904897 0.0139346104
v 0.0310160499 -0.0224263594 0.0139036104
v 0.0307280403 -0.0228217207 0.0148936501
v 0.0308043901 -0.0224560406 0.0148631297
v 0.0304901004 -0.0228524208 0.0158423092
v 0.0305783693 -0.0224851891 0.0158126894
v 0.0302373096 -0.0228824001 0.0167797804
v 0.0303379204 -0.0225136206 0.0167515799
v 0.0299700405 -0.0229114201 0.0177052002
v 0.0300832894 -0.0225409791 0.0176789705
v 0.0296883509 -0.0229391996 0.0186179206
v 0.0298145991 -0.02256703 0.0185941998
v 0.0293919407 -0.0229655504 0.0195171796
v 0.0295313001 -0.0225915909 0.0194965005
v 0.0292344596 -0.0226151906 0.0203857999
v 0.0293703601 -0.0222334806 0.0203687493
v 0.0290814601 -0.0222584605 0.0212517902
v 0.0292140804 -0.0218695905 0.0212393403
v 0.0289391205 -0.0218967702 0.0221207701
v 0.0316165611 -0.0233693104 0.0100656701
v 0.0313682482 -0.0237473194 0.0110901501
v 0.0310726091 -0.0241212193 0.0121085597
v 0.03072506 -0.0244892202 0.0131185604
v 0.0303213 -0.0248495899 0.0141179496
v 0.0298570897 -0.0252011996 0.0151044102
v 0.0293282196 -0.0255458299 0.0160757303
v 0.0287347995 -0.0258828904 0.0170295797
v 0.0280774198 -0.0262119696 0.0179636404
v 0.0753213093 0.0309194308 0.0184261706
v 0.0753213689 -0.0309190694 0.0184263494
v 0.0755226612 -0.0308576208 0.0183424298
v 0.0757146403 -0.0308020096 0.0182601195
v 0.0763859078 -0.0306077003 0.0179723501
v 0.0764886737 -0.0305799209 0.0179271605
v 0.0772037506 -0.0303864405 0.0176128093
v 0.0772626325 -0.0303718392 0.0175862908
v 0.078022182 -0.0301828906 0.0172442105
v 0.0780368373 0.0301798508 0.0172373597
v 0.077285111 0.0303654 0.0175765697
v 0.0780690312 0.0301719308 0.0172228198
v 0.0787307024 -0.0300237499 0.0169179402
v 0.0780718327 0.0301712099 0.01722157
v 0.0780689716 -0.0301724002 0.0172227006
v 0.0780368373 -0.0301796105 0.0172374807
v 0.0772625804 0.0303714201 0.0175864603
v 0.0764886737 0.0305794999 0.0179274008
v 0.0764385387 0.0305929706 0.0179494601
v 0.0757146403 0.0308018308 0.0182602406
v 0.0755650923 0.0308449809 0.0183244906
v 0.0726088211 -0.0317755304 0.0195192602
v 0.0733119175 -0.0315484405 0.0192470495
v 0.0725390911 0.0317981802 0.0195473991
v 0.0741646811 0.0312768817 0.0189039707
v 0.0735442564 0.0314737484 0.0191548392
v 0.07454741 -0.0311555807 0.0187491104
v 0.0749401376 -0.0310356002 0.0185853206
v 0.0749401376 0.0310358405 0.0185851399
v 0.0745264813 0.0311621409 0.0187577009
v 0.0741646215 -0.0312772915 0.0189033691
v 0.0726091191 0.03177559 0.0195200406
v 0.0708283707 -0.0323464796 0.0201908294
v 0.0710444972 -0.0322774611 0.0201104209
v 0.0723112226 0.0318717286 0.0196363907
v 0.0719939992 -0.0319740698 0.0197572708
v 0.0725387335 -0.0317981802 0.0195463803
v 0.0697249696 -0.0326858088 0.0205859505
v 0.0711787269 0.0322356187 0.0200622603
v 0.0710446835 0.0322775207 0.02011084
v 0.0678709671 -0.0332067609 0.0212177597
v 0.0668804571 -0.0334492289 0.0215381905
v 0.0670648813 -0.0334072113 0.0214797202
v 0.0670402572 -0.0334133506 0.0214877091
v 0.0686706901 0.0329892002 0.0209491197
v 0.067879729 -0.0332045518 0.0212149005
v 0.0686710998 -0.0329902098 0.0209496003
v 0.0687857792 -0.0329591595 0.0209111497
v 0.0694664121 -0.0327613913 0.0206757095
v 0.0700911805 0.0325751901 0.0204565506
v 0.0697246119 0.0326842591 0.0205850005
v 0.0696965978 -0.0326945111 0.0205960795
v 0.0694662333 0.0327612087 0.0206755307
v 0.0691534206 0.0328543708 0.0207851492
v 0.0682595298 0.0331040584 0.0210887101
v 0.0678701401 0.0332045518 0.0212169196
v 0.0673644468 0.0333350301 0.0213833395
v 0.0648760721 0.0338804685 0.02215367
v 0.0640083477 -0.0340638086 0.0224034097
v 0.0644462109 -0.0339718983 0.0222790204
v 0.0645344779 -0.0339533612 0.0222539306
v 0.0658403635 -0.0336775109 0.0218635704
v 0.0662528798 0.0335900709 0.0217362605
v 0.0662528798 -0.0335900709 0.0217362605
v 0.0665319487 0.033529751 0.0216489993
v 0.0668803379 0.0334482715 0.0215378404
v 0.0670642778 0.0334052406 0.0214791205
v 0.0644455478 0.0339710712 0.0222774707
v 0.0640082881 0.0340631008 0.0224032402
v 0.0632423684 -0.0342246816 0.0226211492
v 0.0634934306 0.0341713987 0.0225512292
v 0.0626352429 -0.0343513414 0.0227844696
v 0.0626353025 0.034351401 0.0227847006
v 0.0611119792 -0.0346674286 0.0231836997
v 0.0618157312 -0.0345222913 0.0230049398
v 0.0608215891 0.0347280502 0.0232583806
v 0.0590028688 -0.0350972414 0.0236953404
v 0.0591110513 -0.03507578 0.0236711502
v 0.0621072017 0.0344621502 0.0229284093
v 0.0611119792 0.0346679613 0.0231838208
v 0.0608212315 -0.0347273909 0.0232575499
v 0.0605152212 -0.0347905084 0.0233352706
v 0.0581935011 -0.0352581106 0.0238767192
v 0.0607202016 0.0347489715 0.0232844297
v 0.059335351 0.0350305997 0.0236189291
v 0.0571786091 0.0354570709 0.0240961909
v 0.0566551611 0.0355590507 0.0242074095
v 0.0552556515 -0.0358228609 0.0244821291
v 0.055348929 0.0358063504 0.0244664494
v 0.0553409383 0.0358078405 0.0244679991
v 0.0580310784 0.0352910087 0.0239149295
v 0.0553483292 -0.0358054601 0.02446419
v 0.0581937991 0.0352585316 0.0238780305
v 0.0562861487 -0.0356296301 0.0242824499
v 0.0571785495 -0.0354570113 0.0240960103
v 0.0590026304 0.0350970589 0.02369445
v 0.0577173792 -0.0353527591 0.0239834096
v 0.0535110198 0.0361398384 0.0247983895
v 0.052301161 -0.0363510214 0.0250006299
v 0.05345577 -0.0361507498 0.0248099491
v 0.0535114408 -0.0361407287 0.0248000603
v 0.0548617803 -0.0358967111 0.0245584808
v 0.0540375113 0.0360468589 0.0247084405
v 0.0552559383 0.0358234607 0.0244836807
v 0.049728509 -0.0367662907 0.0253772102
v 0.0498110615 -0.036753349 0.0253656507
v 0.0516656004 0.036457181 0.0250990894
v 0.051044099 -0.0365597606 0.0251933895
v 0.0527508184 0.0362741314 0.0249283295
v 0.05230093 0.0363500118 0.0249991398
v 0.0522294007 -0.0363634191 0.0250124894
v 0.0516654812 -0.0364568792 0.0250985604
v 0.0493320189 -0.0368246995 0.02542728
v 0.0514399409 0.0364952609 0.0251346193
v 0.05020326 0.0366932116 0.0253129005
v 0.0463517308 0.0372356698 0.02576744
v 0.0463516116 -0.0372344218 0.0257659499
v 0.04701107 -0.0371509716 0.0256999098
v 0.0476649888 0.0370642506 0.0256297495
v 0.0470108315 0.0371500216 0.0256987195
v 0.0479465686 -0.0370240211 0.0255958401
v 0.0498107597 0.0367524587 0.0253644492
v 0.0493320189 0.0368247591 0.02542728
v 0.0484275818 -0.0369579718 0.0255414806
v 0.0489272997 0.0368858501 0.0254804399
v 0.0479466915 0.0370244309 0.0255964305
v 0.0471439287 -0.0371341705 0.0256866198
v 0.04641819 0.0372276902 0.0257612392
v 0.0441884883 -0.0374837518 0.0259555504
v 0.0433623716 0.0375669487 0.0260154009
v 0.0435829684 -0.0375470482 0.0260017496
v 0.0433624312 -0.0375674888 0.0260159299
v 0.0451321602 0.0373817012 0.0258800909
v 0.0441885516 0.0374842212 0.0259559695
v 0.0451319218 -0.0373806283 0.0258789007
v 0.0460727811 -0.0372697115 0.0257938504
v 0.0460726582 0.0372692905 0.0257933699
v 0.0458806716 -0.0372940302 0.0258131009
v 0.0451891385 0.0373754986 0.0258754995
v 0.0447238013 -0.0374278389 0.0259147193
v 0.043949239 0.0375102088 0.0259752199
v 0.0411826298 -0.0377544686 0.0261419993
v 0.0413429104 -0.0377416015 0.0261335894
v 0.0403892882 0.0378091298 0.0261753704
v 0.0422940813 -0.0376654193 0.02608376
v 0.04324257 -0.0375786386 0.0260236803
v 0.0432425104 0.037578579 0.0260236207
v 0.0428054892 0.0376208387 0.0260535404
v 0.0422938988 0.0376641117 0.0260825101
v 0.0416134484 0.0377216898 0.0261210706
v 0.0413428508 0.0377411805 0.0261331704
v 0.0423764512 -0.0376588702 0.0260794703
v 0.0404337607 0.0378065109 0.0261738803
v 0.0388361812 -0.0378964506 0.0262232404
v 0.0394329987 -0.03786432 0.0262060706
v 0.0394331217 0.0378653407 0.0262069702
v 0.0400023386 -0.0378336906 0.0261897407
v 0.0403670594 0.0378104411 0.0261760894
v 0.0403669998 -0.0378091894 0.0261750203
v 0.0403891802 -0.0378076993 0.0261741206
v 0.0384744406 -0.0379109904 0.0262294393
v 0.0392669402 0.0378751084 0.0262124501
v 0.0384744406 0.0379109904 0.0262294393
v 0.0381137691 0.0379273184 0.0262371302
v 0.0375134312 0.0379461609 0.0262430906
v 0.0373681709 0.0379507504 0.0262445193
v 0.0369750187 0.0379630886 0.0262484495
v 0.0373681709 -0.0379509293 0.0262446906
v 0.0375134908 -0.0379471704 0.0262438599
v 0.0376849696 -0.0379427001 0.02624291
v 0.0725157186 -0.0354938507 -0.00828981306
v 0.0727979466 0.0354348384 -0.00839388277
v 0.072799921 -0.0354344212 -0.00838768389
v 0.0734115168 -0.0353066288 -0.00859838724
v 0.0728672072 0.0354203507 -0.00842225458
v 0.073630631 -0.0352607891 -0.00865131617
v 0.0736304522 0.0352608487 -0.00865352061
v 0.0743325278 -0.0351140983 -0.00882083084
v 0.0737738013 0.0352308713 -0.00869691279
v 0.074481301 -0.0350830518 -0.0088421097
v 0.0756447315 0.0348398611 -0.00898361206
v 0.0753455088 -0.0349023901 -0.00895863678
v 0.0753464103 0.0349022113 -0.00895226002
v 0.0752704665 -0.0349181183 -0.00895506144
v 0.0747024417 0.0350367986 -0.00888460781
v 0.0744820833 0.0350828692 -0.00884008408
v 0.0554216504 -0.0388898216 -0.000732916989
v 0.0551379286 -0.0389313586 -0.000642960018
v 0.0566747114 0.0386970602 -0.00116163399
v 0.0490413308 0.0397007391 0.000899766979
v 0.0495043918 0.0396514498 0.000811039004
v 0.0490413308 -0.0397007391 0.000899766979
v 0.0504171811 0.0395498797 0.000622803986
v 0.0499688312 -0.0396004915 0.000717477989
v 0.0508910418 -0.0394948684 0.000518067973
v 0.0510943495 -0.0394703113 0.000470082014
v 0.0510943495 0.0394702516 0.000469969003
v 0.0513254404 0.0394430682 0.000417809992
v 0.0531278215 0.0392141305 -4.22332996e-05
v 0.0531276986 -0.0392134711 -4.44729994e-05
v 0.0527194701 -0.0392680094 6.82583996e-05
v 0.0522289798 0.0393311307 0.000196114997
v 0.05180794 -0.039384 0.000301635009
v 0.0540218316 0.0390921198 -0.000297201012
v 0.0549110696 0.0389652215 -0.00056876702
v 0.0536256395 -0.0391469002 -0.000181993004
v 0.0545263812 -0.0390208289 -0.000449065003
v 0.0557953715 0.0388334915 -0.000856920029
v 0.0551379882 0.0389314182 -0.000642709027
v 0.0571210906 0.0386249982 -0.00132572604
v 0.0589467213 -0.0383191109 -0.00203573704
v 0.05807399 -0.0384685881 -0.00168490398
v 0.0571955405 -0.03861361 -0.00135081995
v 0.0571216308 -0.0386253484 -0.00132429495
v 0.0563113615 -0.0387541018 -0.001033484
v 0.0601407811 0.0381057188 -0.00254702498
v 0.0606746599 -0.038007021 -0.00278764893
v 0.0592821203 0.0382601582 -0.00217562891
v 0.0590742193 0.0382962786 -0.00209027505
v 0.0575489886 0.0385559201 -0.00148296298
v 0.0584182106 0.0384102985 -0.00182098104
v 0.0590744019 -0.0382964015 -0.00208985806
v 0.0598136708 -0.0381652117 -0.00240325904
v 0.0431630611 0.0407008491 0.00190687098
v 0.0427844487 0.0407238603 0.00189727498
v 0.0427843891 0.0407232009 0.0229504704
v 0.036567919 0.0409724712 0.00110101595
v 0.0358458087 0.040984571 0.000922670006
v 0.0356438085 0.0409873091 0.0232493803
v 0.0356438085 0.0409869514 0.000867552008
v 0.0351516604 0.0409905314 0.0232493803
v 0.0351262018 0.0409931503 0.000726282015
v 0.0344091617 0.04099828 0.000511717983
v 0.038748201 0.0409148298 0.001528978
v 0.0380192287 0.0409375988 0.00140404701
v 0.0372924209 0.0409568511 0.00126141298
v 0.0366083309 0.0409716889 0.0232493803
v 0.0375620089 0.0409496985 0.0232409202
v 0.0376950502 0.0409465991 0.0232397299
v 0.0392156802 0.0408973582 0.0231925808
v 0.0392156802 0.0408978984 0.00159752299
v 0.0387935601 0.0409132801 0.0232108794
v 0.0385132991 0.0409217998 0.0232182704
v 0.0422937199 0.0407528803 0.0229961202
v 0.0424227715 0.0407458507 0.00188815501
v 0.0421748087 0.0407600887 0.0230071507
v 0.0409473702 0.0408245288 0.00179749704
v 0.0402123891 0.0408583209 0.00172567298
v 0.0394793116 0.0408884212 0.00163614703
v 0.0416842103 0.0407870412 0.00185173703
v 0.0410334393 0.0408203602 0.0230947696
v 0.0413523912 0.0408034883 0.0230702702
v 0.0394621417 0.0408880711 0.0231819097
v 0.0399063788 0.0408713184 0.0231626593
v 0.0404084884 0.0408486091 0.0231323801
v 0.0458981916 0.0405027196 0.00182092097
v 0.0451570116 0.0405613706 0.00186830701
v 0.0463479683 0.0404642187 0.0225313306
v 0.046030581 0.040490739 0.0225753691
v 0.0444139801 0.0406165086 0.00189781096
v 0.0455722809 0.040529009 0.0226389691
v 0.0436692201 0.0406680107 0.001909315
v 0.0444684587 0.0406125709 0.0227757599
v 0.0451006182 0.0405647084 0.0226973798
v 0.0432322584 0.0406961404 0.0229087994
v 0.043330431 0.0406901799 0.0228996202
v 0.0441678092 0.0406330787 0.0228084903
v 0.0499043986 0.0401210114 0.001250147
v 0.0496539995 0.0401486084 0.001301646
v 0.049904339 0.0401201807 0.0219542906
v 0.0491847284 0.0401980206 0.00139123201
v 0.0488428399 0.0402331315 0.00145286298
v 0.0481098816 0.04030573 0.00157159497
v 0.0473747216 0.0403748713 0.00167250598
v 0.0497228988 0.0401399098 0.0219873693
v 0.0466374084 0.0404405482 0.001755654
v 0.0463480316 0.0404649302 0.00178116502
v 0.0467806384 0.0404280983 0.0224712994
v 0.0469579585 0.0404118188 0.0224440601
v 0.0478824899 0.0403270088 0.0223019104
v 0.0480117202 0.0403151512 0.0222820602
v 0.0492651984 0.0401896797 0.0220710002
v 0.0533258915 0.0397098586 0.000439850002
v 0.0524150096 0.0398272201 0.000680582016
v 0.0534515306 0.0396917984 0.0212399904
v 0.050540559 0.0400510393 0.0218380596
v 0.0515532382 0.039932251 0.02163928
v 0.0518021509 0.039903041 0.0215904098
v 0.0514993593 0.0399395786 0.000904494023
v 0.0505790114 0.0400466882 0.00111150695
v 0.0533729084 0.0397023484 0.0212574005
v 0.0529956818 0.0397530682 0.0213408992
v 0.0569202788 0.0391910002 -0.000690774992
v 0.0560291409 0.0393279083 -0.000382983009
v 0.0569866784 0.0391797386 0.0204103496
v 0.0534516498 0.0396928713 0.000404098013
v 0.0543553196 0.0395703316 0.0210399609
v 0.0551835187 0.0394511782 0.0208463594
v 0.055133041 0.0394601189 -9.19481026e-05
v 0.0542318784 0.0395874307 0.000182332995
v 0.0557507202 0.0393695794 0.0207138006
v 0.057179451 0.039150171 0.0203630291
v 0.0586386882 0.0389114618 0.0199883506
v 0.0604326688 0.0385976993 -0.00208997703
v 0.0595625602 0.0387526713 -0.001714885
v 0.0586870313 0.0389032885 -0.00135666097
v 0.0578062497 0.0390494391 -0.00101530505
v 0.0569876991 0.0391802117 -0.000715475006
v 0.0614332482 0.0384129211 0.0192289893
v 0.0623589717 0.0382335708 0.0189652406
v 0.0612973496 0.0384384282 -0.00248205592
v 0.0587826893 0.0388865396 0.0199499708
v 0.0599130318 0.0386909209 0.0196484309
v 0.0605104491 0.0385833904 -0.00212526298
v 0.0605101511 0.0385817215 0.0194836799
v 0.0605726205 0.0385702811 0.0194664504
v 0.0640160367 0.0378929302 -0.00374555495
v 0.0624650717 0.0382150412 -0.00302475598
v 0.0640176535 0.0379008614 0.0184844099
v 0.0630294606 0.0381036401 0.0187741499
v 0.0646608993 0.0377688408 0.0182957593
v 0.0641424581 0.0378752314 0.0184478108
v 0.064762108 -0.0377474986 -0.0040922761
v 0.0643237233 -0.0378395915 0.0183956604
v 0.0640167519 -0.0378961489 -0.00374591304
v 0.0641428828 -0.0378763601 0.0184484702
v 0.0640178323 -0.0379017517 0.0184849501
v 0.0605103895 -0.0385829806 -0.00212687207
v 0.0623592101 -0.0382340513 0.0189656001
v 0.0612512194 -0.0384470783 0.0192799494
v 0.0627747104 -0.0381541811 0.0188477002
v 0.0609737001 -0.0384986885 -0.00233298494
v 0.0612973496 -0.0384384282 -0.00248205592
v 0.0605726205 -0.0385703407 0.01946651
v 0.0605101511 -0.0385817215 0.0194836799
v 0.0601012111 -0.0386573598 -0.00194478
v 0.0592226908 -0.0388117991 -0.00157356204
v 0.0587821603 -0.0388852917 0.0199486595
v 0.0569876395 -0.0391797386 -0.000717158022
v 0.0597608015 -0.0387178585 0.0196896102
v 0.0574480183 -0.039107319 -0.000881859974
v 0.0583382808 -0.0389618203 -0.00121921301
v 0.0569867417 -0.0391799808 0.0204105899
v 0.0568459593 -0.0392026305 0.0204463601
v 0.0534515902 -0.0396925211 0.000402948994
v 0.0554339811 -0.0394163094 0.0207893196
v 0.0551838204 -0.0394517705 0.0208470803
v 0.0538303815 -0.0396423899 0.00029869299
v 0.0547431707 -0.0395158492 2.89503005e-05
v 0.0556504093 -0.0393844806 -0.000257740001
v 0.0582160316 -0.0389821492 0.0200985
v 0.0565520488 -0.0392482206 -0.000561348977
v 0.0534515306 -0.0396916792 0.0212398097
v 0.0533728004 -0.0397020504 0.0212569796
v 0.0499044582 -0.0401210114 0.00125026703
v 0.0527006909 -0.0397910401 0.0214038994
v 0.0515532382 -0.0399323702 0.0216394607
v 0.0513601303 -0.0399561487 0.0216790996
v 0.0501363799 -0.04009616 0.0219138209
v 0.0499043986 -0.0401207805 0.0219551902
v 0.0491847284 -0.0401980206 0.00139123201
v 0.0501246415 -0.0400974713 0.00120711303
v 0.051059179 -0.0399914905 0.00100570905
v 0.0519883595 -0.0398802683 0.000787156983
v 0.0540513918 -0.0396122895 0.0211086795
v 0.0529121086 -0.0397638604 0.000551446981
v 0.0463480316 -0.0404651091 0.00178217795
v 0.047882311 -0.0403266512 0.0223011896
v 0.0476096198 -0.0403531715 0.0223458409
v 0.0469577312 -0.0404112302 0.0224429294
v 0.0463784896 -0.0404627882 0.0225291196
v 0.0463480316 -0.0404652283 0.0225332305
v 0.0488624498 -0.0402311608 0.0221407395
v 0.0469719097 -0.0404112302 0.00172019005
v 0.0497229584 -0.0401399694 0.0219874904
v 0.0477098785 -0.040343821 0.00162875606
v 0.0484474786 -0.0402727686 0.00151920295
v 0.0432320796 -0.0406955406 0.0229076091
v 0.0428582989 -0.0407197997 0.0229458194
v 0.0432812497 -0.040693339 0.00190818298
v 0.0427844487 -0.0407239087 0.00189757301
v 0.0439634882 -0.040648099 0.0228328705
v 0.0440190993 -0.040644221 0.00190615596
v 0.0441678688 -0.0406332612 0.0228087902
v 0.0451008603 -0.0405654311 0.0226988103
v 0.0447572395 -0.0405914709 0.00188642705
v 0.0451695286 -0.0405604206 0.0226907097
v 0.0460306406 -0.0404908583 0.0225756094
v 0.0454955101 -0.0405350886 0.00184887601
v 0.0462337099 -0.0404750109 0.00179350295
v 0.0392157398 -0.0408982001 0.00159883394
v 0.0395986401 -0.0408837683 0.00165194203
v 0.0392156802 -0.04089766 0.0231932905
v 0.0403339192 -0.0408529602 0.001738786
v 0.0394326411 -0.0408902094 0.0231854897
v 0.0410698615 -0.0408185683 0.00180774904
v 0.0394622609 -0.0408889614 0.02318394
v 0.0425436385 -0.0407387614 0.00189244701
v 0.0413523912 -0.0408034883 0.0230701491
v 0.0418065116 -0.040780481 0.00185894896
v 0.0405602418 -0.0408427715 0.0231255796
v 0.0404086113 -0.0408491418 0.0231336299
v 0.0427844487 -0.0407240316 0.0229521897
v 0.0422935411 -0.0407521687 0.02299463
v 0.0417021513 -0.0407860801 0.0230457094
v 0.0369059406 -0.0409656093 0.00117814494
v 0.0376321599 -0.0409482718 0.00133037497
v 0.0356438085 -0.0409873091 0.0232493803
v 0.0383626781 -0.0409273505 0.00146514096
v 0.0390973613 -0.0409026705 0.00158238399
v 0.0383194014 -0.0409286618 0.0232256595
v 0.0375619493 -0.0409492813 0.0232399106
v 0.0385132991 -0.0409219787 0.0232186895
v 0.0372205302 -0.04095852 0.0232462808
v 0.0366083309 -0.0409716889 0.0232493803
v 0.0340453908 -0.0409995914 0.000395512005
v 0.0347536802 -0.0409962498 0.000617193989
v 0.0354666114 -0.0409895107 0.000821531983
v 0.0351516604 -0.0409905314 0.0232493803
v 0.0356438085 -0.040987011 0.000867721974
v 0.0361840688 -0.0409793183 0.00100851001
v 0.00997942593 0.0391846783 0.0258012395
v 0.00979012158 0.0391940996 0.0257763807
v -0.0112505499 0.040494971 0.0177459698
v -0.0105755301 0.0404850803 0.0181931797
v -0.0104534002 0.0404821597 0.0182707906
v -0.0115664601 0.0404976606 0.0175316297
v -0.0113671999 0.0404966995 0.0176687203
v -0.00810962915 0.0404055119 0.0196939092
v -0.00882971194 0.0404343009 0.0192743503
v -0.00894576311 0.0404389501 0.0192067605
v -0.00964635611 0.0404617116 0.0187802892
v -0.00976800919 0.0404656492 0.0187062006
v -0.00980883837 0.0404666588 0.0186802708
v -0.00716900779 0.0403608605 0.0202153903
v -0.00639861822 0.0403199717 0.02062493
v -0.00632548286 0.0403156802 0.02066206
v -0.00726044085 0.0403656885 0.0201668106
v -0.00800382998 0.0404005609 0.0197528005
v -0.00468325615 0.0402152501 0.0214743
v -0.00547349406 0.0402654409 0.0210922901
v -0.00555193378 0.0402703807 0.0210543796
v -0.00615525199 0.04030573 0.0207484309
v -0.00293260789 0.0400944911 0.0222590491
v -0.00374579406 0.0401518308 0.0219038092
v -0.00381475594 0.0401567183 0.0218737107
v -0.00426667882 0.04018718 0.0216658693
v -0.00461357785 0.0402105413 0.0215063002
v -0.00117892004 0.0399642512 0.0229662005
v -0.00198841002 0.0400252901 0.0226488691
v -0.00203686906 0.0400289781 0.0226298496
v -0.00234150793 0.0400512218 0.0225037299
v -0.00287061906 0.0400899611 0.0222846791
v 0.000492842984 0.0398358703 0.0235700607
v -0.000203550997 0.0398895107 0.0233254395
v 0.00160568894 0.0397499688 0.0239337608
v 0.00142156996 0.0397641584 0.0238768999
v 0.000698272022 0.0398200117 0.0236379504
v -0.000357976998 0.0399014316 0.0232711397
v -0.000383462 0.039903339 0.0232616607
v -0.00109922804 0.0399581715 0.0229958203
v 0.00325441291 0.0396240912 0.0244241301
v 0.00343674398 0.0396104418 0.0244730096
v 0.00251865294 0.0396799408 0.0242121797
v 0.00234168698 0.0396933518 0.0241611507
v 0.00565922214 0.0394486114 0.0250268504
v 0.00528710987 0.0394748412 0.0249415599
v 0.00435966207 0.0395418406 0.0247162506
v 0.00416201307 0.0395562612 0.0246671997
v 0.00362110091 0.0395966694 0.0245223604
v 0.00502794888 0.0394930802 0.0248821303
v 0.00684392406 0.0393681489 0.0252802297
v 0.00715404702 0.0393483602 0.0253391191
v 0.00621873094 0.0394102298 0.0251490995
v 0.00590866804 0.0394310914 0.0250840094
v 0.00809281971 0.0392896496 0.0255113207
v 0.00778043177 0.0393083617 0.02545809
v 0.0077166548 0.0393124186 0.0254459903
v 0.00962048676 0.0392025709 0.0257540904
v 0.00903469324 0.0392348692 0.0256654005
v 0.00869136956 0.0392538309 0.0256134197
v 0.0118755596 0.0390996896 0.0260199904
v 0.0116457902 0.0391081497 0.0259992406
v 0.0109264804 0.0391394384 0.0259196106
v 0.0106331101 0.0391522609 0.0258871298
v 0.0139693599 0.0390339382 0.0261757895
v 0.0137787396 0.0390381813 0.0261663701
v 0.0136663299 0.039040681 0.0261608306
v 0.0128265005 0.0390657708 0.0261022393
v 0.0126573397 0.0390707813 0.0260904394
v 0.0156860892 0.039004501 0.0262401104
v 0.0156694595 0.0390046202 0.0262399297
v 0.01473206 0.0390175506 0.0262123309
v 0.0146711404 0.0390183888 0.0262105409
v 0.0160678606 0.0390027091 0.0262438003
v 0.0160678606 -0.0390022919 0.0262446906
v 0.0139693003 -0.03903329 0.0261775199
v 0.0147321196 -0.0390177891 0.0262117293
v 0.01487666 -0.0390148684 0.0262182299
v 0.0156861506 -0.0390049815 0.0262390897
v 0.0158259794 -0.0390032493 0.0262427293
v 0.0118755102 -0.0390993915 0.0260207597
v 0.0119959703 -0.0390944406 0.0260331593
v 0.0128264399 -0.0390655883 0.0261025392
v 0.0129603101 -0.0390609503 0.0261137392
v 0.0137788001 -0.0390382409 0.0261662006
v 0.01392096 -0.0390342996 0.0261753201
v 0.00997918844 -0.039184209 0.0258029103
v 0.0100603597 -0.0391799808 0.0258144699
v 0.0109262997 -0.0391390882 0.0259208605
v 0.0110291196 -0.0391342603 0.0259335004
v 0.00809258223 -0.0392894112 0.0255125705
v 0.00816804077 -0.0392846987 0.0255262796
v 0.00903451443 -0.0392345116 0.02566671
v 0.00912046432 -0.0392295718 0.0256805997
v 0.00979018211 -0.0391942188 0.0257760193
v 0.00628387881 -0.0394054614 0.0251650196
v 0.00621843291 -0.0394099914 0.0251504704
v 0.00565934088 -0.039448671 0.0250264406
v 0.007153749 -0.0393480584 0.0253404304
v 0.00722754002 -0.0393432304 0.0253553297
v 0.00771695282 -0.0393127687 0.0254442599
v 0.00362062408 -0.0395965502 0.02452421
v 0.00435948279 -0.0395417809 0.0247169696
v 0.00444173813 -0.0395356417 0.0247384291
v 0.00528681185 -0.0394746587 0.0249427501
v 0.0053374758 -0.0394709706 0.0249550305
v 0.00178909302 -0.0397357903 0.0239927694
v 0.00251871301 -0.0396799408 0.0242119394
v 0.00272589899 -0.0396640785 0.0242741704
v 0.00343668391 -0.0396104418 0.0244731903
v 0.00359433796 -0.0395985208 0.0245172903
v -0.000203467993 -0.0398895107 0.0233251993
v -2.60960005e-05 -0.0398758613 0.0233898107
v 0.000698213 -0.0398200117 0.0236381795
v 0.000872410019 -0.0398066007 0.0236979108
v 0.00160568894 -0.0397499688 0.0239337608
v -0.00198793411 -0.0400251113 0.0226477291
v -0.001741588 -0.0400068685 0.0227476899
v -0.00109898997 -0.0399581082 0.0229951106
v -0.000908937014 -0.0399436913 0.0230682995
v -0.000382814993 -0.0399032794 0.0232599303
v -0.00432658102 -0.0401915908 0.0216407105
v -0.00426739408 -0.0401875302 0.0216674209
v -0.00374525692 -0.0401515886 0.0219025593
v -0.00345748593 -0.0401317999 0.0220321994
v -0.00287008192 -0.040089719 0.0222833697
v -0.00257879402 -0.0400688611 0.0224079397
v -0.00234168698 -0.0400512815 0.0225041509
v -0.0061553712 -0.0403058492 0.0207487904
v -0.00600367691 -0.0402973816 0.0208278205
v -0.00547295809 -0.0402650796 0.0210911594
v -0.00516188098 -0.0402461216 0.0212454703
v -0.00461304095 -0.0402102992 0.0215051696
v -0.00800347328 -0.0404002592 0.0197521392
v -0.00780331995 -0.0403917991 0.0198669396
v -0.00716841221 -0.0403604507 0.0202143099
v -0.00690948917 -0.0403476916 0.0203559902
v -0.006324708 -0.0403152108 0.0206605699
v -0.0104027297 -0.0404815599 0.0183047596
v -0.0098079443 -0.0404660106 0.0186788402
v -0.00964641478 -0.0404617712 0.0187804606
v -0.00955110695 -0.0404592715 0.0188403707
v -0.00882953405 -0.0404341817 0.01927411
v -0.008684217 -0.0404291712 0.0193614904
v -0.0112510901 -0.0404953882 0.0177468006
v -0.0112373801 -0.0404953286 0.01775622
v -0.0104537001 -0.0404824018 0.0182713196
v -0.0115659796 -0.0404972397 0.0175308492
v 0.0396438204 -0.0403841101 0.00115615095
v 0.0393861495 -0.0403940007 0.00112026895
v 0.0393862091 0.0403939411 0.00111991097
v 0.0231441204 0.0404999815 -0.00658506108
v 0.0247281697 0.0404999815 -0.0052207699
v 0.0239965897 0.0404999815 -0.00582480384
v 0.0234981105 0.0404999815 -0.00626933482
v 0.0248773601 0.0404999815 -0.00509756804
v 0.0257852003 0.0404999815 -0.00440436602
v 0.0273521505 0.0404999815 -0.00333487894
v 0.0267187301 0.0404999815 -0.0037462709
v 0.0260147396 0.0404999815 -0.00424253894
v 0.0276766997 0.0404999815 -0.00312411692
v 0.0286576096 0.0404999815 -0.00253891898
v 0.0287342593 0.0404999815 -0.00249707606
v 0.0296601001 0.0404999815 -0.00199150993
v 0.0316271707 0.0404999815 -0.00105667103
v 0.0306826793 0.0404999815 -0.001482605
v 0.0301629901 0.0404999815 -0.00174123002
v 0.0331284888 -0.0404999815 -0.000458061986
v 0.0327823088 -0.0404999815 -0.00058346102
v 0.0317239091 -0.0404999815 -0.00101303996
v 0.0331284888 0.0404999815 -0.000458061986
v 0.0327823088 0.0404999815 -0.00058346102
v 0.0317239091 0.0404999815 -0.00101303996
v 0.0316271707 -0.0404999815 -0.00105667103
v 0.0306826793 -0.0404999815 -0.001482605
v 0.0287342593 -0.0404999815 -0.00249707606
v 0.0296601001 -0.0404999815 -0.00199150993
v 0.0301629901 -0.0404999815 -0.00174123002
v 0.0286576096 -0.0404999815 -0.00253891898
v 0.0276766997 -0.0404999815 -0.00312411692
v 0.0260147396 -0.0404999815 -0.00424253894
v 0.0267187301 -0.0404999815 -0.0037462709
v 0.0273521505 -0.0404999815 -0.00333487894
v 0.0257852003 -0.0404999815 -0.00440436602
v 0.0248773601 -0.0404999815 -0.00509756804
v 0.0247281697 -0.0404999815 -0.0052207699
v 0.0239965897 -0.0404999815 -0.00582480384
v 0.0231441204 -0.0404999815 -0.00658506108
v 0.0234981105 -0.0404999815 -0.00626933482
v 0.0338562094 -0.0404999815 -0.000194456996
v 0.0338562094 0.0404999815 -0.000194456996
v 0.0341998301 -0.0404995605 -7.96675013e-05
v 0.034556441 0.0404982492 3.46332999e-05
v 0.0346581303 -0.0404973589 6.42529994e-05
v 0.0346578285 0.0404975414 6.50814982e-05
v 0.0348941609 -0.0404962301 0.000138379997
v 0.035259299 0.0404931903 0.000245680014
v 0.0355930291 -0.0404895507 0.000339368009
v 0.0359647796 0.0404845998 0.000438847987
v 0.0362141691 -0.0404805504 0.000501801027
v 0.0362144113 0.0404803716 0.000500717026
v 0.0362963602 -0.0404793583 0.000523298979
v 0.0366727114 0.0404725596 0.000614279998
v 0.0370040499 -0.0404657088 0.000690156012
v 0.0373829603 0.0404569507 0.000772093015
v 0.0377160311 -0.0404484794 0.000839899993
v 0.0377920195 0.0404459797 0.000852642988
v 0.0377917811 -0.0404462814 0.000853927981
v 0.0388101302 0.0404151008 0.001035213
v 0.0391523801 -0.040403001 0.00108772505
v 0.0380954705 0.0404378101 0.000912383024
v 0.0384321213 -0.0404275618 0.000972467009
v 0.0409924313 0.0403237902 0.00130128802
v 0.0409924909 -0.0403236113 0.00130063202
v 0.0409660302 0.0403251015 0.00129938102
v 0.0403646193 -0.0403534696 0.00124156405
v 0.0402454697 0.0403587818 0.00122869003
v 0.0395268202 0.0403887592 0.00114059402
v 0.0426062308 0.0402347408 0.00139343704
v 0.0426061712 -0.0402349196 0.00139433099
v 0.0424124002 0.0402466618 0.00138848997
v 0.0425308906 -0.0402396284 0.00139272201
v 0.0416883789 0.040287789 0.00135266699
v 0.0418082401 -0.0402812287 0.00135982002
v 0.0410861298 -0.040319141 0.00130945398
v 0.0431380793 0.0402018391 0.00140690804
v 0.0436342917 0.0401691087 0.00140935101
v 0.0432539508 -0.0401943289 0.00140821899
v 0.0439773202 -0.0401454493 0.00140625203
v 0.0442225896 0.0401277505 0.00140023197
v 0.0442225896 -0.0401276313 0.00139963604
v 0.0458371006 0.0400028788 0.00132077897
v 0.0458369814 -0.0400025211 0.00131887104
v 0.0458194017 0.0400044285 0.00132238795
v 0.0454246402 -0.0400366113 0.00134992495
v 0.0450928211 0.040062841 0.00136899902
v 0.0443644486 0.0401177406 0.00139802601
v 0.0447009206 -0.0400928818 0.00138682104
v 0.0474447012 0.0398599505 0.00115191902
v 0.0474447012 -0.0398600101 0.00115209795
v 0.0472669005 0.03987699 0.00117641594
v 0.0468720086 -0.03991317 0.00122326601
v 0.0465441309 0.0399424396 0.00125813403
v 0.0461483486 -0.0399767086 0.00129538705
v 0.0487061702 0.0397357307 0.000960388978
v 0.0483186208 -0.039775189 0.00102555705
v 0.0479875803 0.0398080312 0.00107717502
v 0.0475954413 -0.0398459993 0.00113338197
v 0.0778419897 -0.03486472 0.0125081502
v 0.0961447284 -0.0308449809 0.00397449685
v 0.0779409409 -0.0348285399 0.0127374502
v 0.096265547 -0.0307898503 0.00425958587
v 0.0779919028 -0.03480988 0.0128554702
v 0.0963503122 -0.0307512209 0.00445955899
v 0.0780473277 -0.0347713791 0.0129925599
v 0.0781046674 -0.0347315595 0.0131342998
v 0.0964428112 -0.0306789204 0.00469201803
v 0.0781996176 -0.0346657 0.0133689595
v 0.0964739919 -0.0306545403 0.00477039814
v 0.078238897 -0.0346228406 0.0134734502
v 0.0965417624 -0.0306014996 0.00494080689
v 0.078262262 -0.0345973298 0.0135355499
v 0.0784138367 -0.0344187617 0.0139448596
v 0.0784110427 -0.0344231687 0.0139367497
v 0.096603632 -0.0305288397 0.00510782003
v 0.0783867836 -0.03446161 0.0138665996
v 0.0967165828 -0.0303963404 0.00541245891
v 0.0967478678 -0.0303440597 0.00550431013
v 0.0785477087 -0.0342067406 0.0143320505
v 0.0785512328 -0.0342012607 0.0143421199
v 0.078569591 -0.0341601893 0.0144009497
v 0.0968721509 -0.0301368795 0.00586855412
v 0.0786668584 -0.0339431688 0.0147118503
v 0.0970062613 -0.0298250299 0.00630324986
v 0.0787038207 -0.0338490009 0.0148355896
v 0.0969830677 -0.0298789702 0.00622814801
v 0.0786912367 -0.0338886902 0.01478987
v 0.0969012305 -0.0300692897 0.00596278906
v 0.0968757197 -0.0301286504 0.00588005688
v 0.0970734879 -0.0296051502 0.00655108597
v 0.0787693784 -0.0336425304 0.0150735304
v 0.078720212 -0.0337974392 0.0148950201
v 0.097148411 -0.0293114707 0.00685030222
v 0.0972011611 -0.0290580895 0.00708305789
v 0.0788987204 -0.0330827199 0.0156151
v 0.0788926408 -0.0331274197 0.0155809503
v 0.0788913891 -0.0331331417 0.0155755803
v 0.0971167013 -0.0294635799 0.00671064807
v 0.0788534805 -0.0333076715 0.0154119097
v 0.078815572 -0.0334822498 0.0152482297
v 0.0788143203 -0.0334879681 0.01524287
v 0.0788054392 -0.0335287414 0.0152046597
v 0.0972086117 -0.0290000401 0.00712645007
v 0.0789560601 -0.0326359197 0.0159488302
v 0.0789524913 -0.0326884314 0.0159163401
v 0.0789438412 -0.0327519104 0.0158678796
v 0.078917861 -0.0329425894 0.01572215
v 0.097251229 -0.0286685191 0.00737422705
v 0.09725862 -0.0286111198 0.00741708186
v 0.07896173 -0.0325524807 0.0160003901
v 0.0972761512 -0.0283195898 0.00759231998
v 0.0789884925 -0.0317284986 0.0164464694
v 0.0789849684 -0.0321427509 0.0162435696
v 0.097287707 -0.0281286202 0.00770711806
v 0.0789849088 -0.0321535394 0.0162382703
v 0.0789843723 -0.0322199985 0.0162057206
v 0.0789684579 -0.0312867686 0.0166119896
v 0.0972645208 -0.0271982495 0.00809633732
v 0.0789654776 -0.0312202498 0.0166369006
v 0.0972579718 -0.0270799305 0.00813812017
v 0.0789545104 -0.0311052706 0.0166677199
v 0.0789880678 -0.0317194387 0.0164498594
v 0.0972876474 -0.0279587507 0.00778722716
v 0.0789845511 -0.0316412412 0.0164791904
v 0.0972875878 -0.0276161991 0.00794869568
v 0.0972859785 -0.0275861602 0.00795936491
v 0.0789306089 -0.0308535006 0.0167351309
v 0.0972279906 -0.0268007498 0.00820565224
v 0.0789161325 -0.0307016298 0.0167758409
v 0.0971985981 -0.0265265703 0.00827193167
v 0.0788949132 -0.0305523202 0.0168006998
v 0.078876853 -0.03042542 0.0168217998
v 0.0971779823 -0.0263948403 0.00828981306
v 0.0788417384 -0.0301789604 0.0168628003
v 0.0711103007 -0.0326430202 0.0200704299
v 0.0679344535 -0.0335503183 0.0211809799
v 0.0691015124 -0.0367816612 0.0170923993
v 0.0698549673 -0.0366156586 0.0167581998
v 0.0675753877 -0.0371178314 0.0177116897
v 0.0683418512 -0.0369490311 0.0174110495
v 0.0668014809 -0.0372881815 0.0179919004
v 0.0670620203 -0.0369794294 0.0190173294
v 0.0662701726 -0.0371499583 0.01927411
v 0.0661938116 -0.037287049 0.0189316198
v 0.0662848279 -0.0371236801 0.0193397403
v 0.0750102401 -0.0354794189 0.0141883995
v 0.0770466924 -0.0345398709 0.0150443902
v 0.0782181621 -0.03231382 0.0166053101
v 0.0782177374 -0.0318897292 0.0168089196
v 0.0766760707 -0.0322643518 0.0175067708
v 0.0759043023 -0.0324656889 0.0178459808
v 0.0759103224 -0.0328785107 0.0176468398
v 0.0781598017 -0.0310259406 0.0170987193
v 0.0750088021 -0.0314353704 0.0185393002
v 0.0742329285 -0.0316705108 0.0188590791
v 0.0742888376 -0.0320740305 0.0187780205
v 0.076557748 -0.0309913699 0.0178779904
v 0.0757836103 -0.0312082097 0.0182123706
v 0.077331543 -0.0307871606 0.0175360404
v 0.0781055018 -0.0305979196 0.0171861593
v 0.0781977698 -0.03145843 0.0169733707
v 0.0774256513 -0.0316429101 0.0173247401
v 0.0773865506 -0.0312128607 0.01744931
v 0.0766532421 -0.0318393707 0.0176690798
v 0.0766132399 -0.0314131901 0.0177924
v 0.0758801624 -0.0320459008 0.0180063806
v 0.0758394003 -0.0316249095 0.0181280896
v 0.072676301 -0.0321550891 0.0194778405
v 0.0727318525 -0.03254354 0.01940047
v 0.0743307397 -0.0324818417 0.0186603591
v 0.072774522 -0.0329360291 0.0192875806
v 0.074357152 -0.0328885317 0.0185049102
v 0.0728027821 -0.0333274603 0.0191379096
v 0.0743665621 -0.0332883485 0.0183115005
v 0.0728152916 -0.0337122604 0.0189513508
v 0.0743580386 -0.0336752497 0.0180809405
v 0.0728111193 -0.0340846106 0.0187286101
v 0.0727897212 -0.0344386585 0.0184717104
v 0.0743311569 -0.0340433717 0.0178152304
v 0.077449441 -0.0324935317 0.0169582292
v 0.0774317905 -0.0329018198 0.0167170707
v 0.0781981871 -0.0327243805 0.0163633209
v 0.0774471089 -0.0320718214 0.0171611309
v 0.075897269 -0.0332780406 0.01740974
v 0.07741528 -0.0330989882 0.01658272
v 0.0758834407 -0.0334709212 0.0172775295
v 0.077393651 -0.0332903787 0.0164396092
v 0.0758647323 -0.033658199 0.0171367507
v 0.0758410618 -0.0338392183 0.0169877391
v 0.0773668811 -0.0334754512 0.0162882805
v 0.0773351118 -0.033653371 0.0161290709
v 0.0758126304 -0.0340132117 0.0168309808
v 0.0742857978 -0.0343868695 0.01751744
v 0.0727509782 -0.0347690508 0.0181835201
v 0.0726238415 -0.0353398286 0.0175298396
v 0.0741423294 -0.0349808894 0.0168423001
v 0.072695367 -0.0350708291 0.0178680401
v 0.0742224976 -0.0347008109 0.0171914604
v 0.0755480528 -0.0348791406 0.0157619696
v 0.0740467906 -0.0352239609 0.0164752007
v 0.0725376606 -0.0355729982 0.0171742402
v 0.0722095892 -0.0360433385 0.0160580799
v 0.0720840022 -0.0361243412 0.0156871006
v 0.0735505223 -0.0358010493 0.0149403801
v 0.0769186616 -0.0347567685 0.0146499202
v 0.0754290223 -0.0350905582 0.0153730502
v 0.0739375874 -0.0354278013 0.0160959307
v 0.0724385306 -0.0357683785 0.0168067198
v 0.0757794306 -0.0341795608 0.0166670606
v 0.0772984028 -0.0338235386 0.0159627106
v 0.0772568509 -0.0339853689 0.0157896206
v 0.0757416412 -0.0343377516 0.0164965298
v 0.0772107169 -0.0341383815 0.0156105701
v 0.0756994411 -0.0344871804 0.0163201001
v 0.0771601722 -0.0342820212 0.0154262101
v 0.0756529495 -0.0346274897 0.0161383692
v 0.0738170072 -0.0355916582 0.0157101098
v 0.0752980709 -0.0352607295 0.0149775101
v 0.0767783523 -0.0349317119 0.01424878
v 0.0772050619 -0.0349960886 0.0130883995
v 0.0751576424 -0.0353899486 0.0145809604
v 0.0764713809 -0.0351576209 0.0134484703
v 0.0766283795 -0.0350649282 0.0138465697
v 0.0773662329 -0.0349022709 0.0134871602
v 0.0723285004 -0.0359250903 0.0164329391
v 0.0736871883 -0.0357156917 0.0153232198
v 0.0671905801 -0.0366001092 0.0196792409
v 0.0663917586 -0.0367697403 0.0199338105
v 0.0663679168 -0.0368822813 0.0197777096
v 0.0671318695 -0.036806941 0.0193537995
v 0.0663359091 -0.0369753204 0.0196089707
v 0.0679193065 -0.0366312787 0.0190793797
v 0.0679811835 -0.0364226587 0.0194061901
v 0.0687662885 -0.0362437293 0.0191197898
v 0.0688188002 -0.0359992906 0.0194330793
v 0.0696023107 -0.0358154103 0.0191383306
v 0.0696439669 -0.0355365202 0.0194338504
v 0.0668951198 -0.0372192785 0.0183315799
v 0.0669825599 -0.0371167585 0.0186749101
v 0.0661813617 -0.0373094007 0.0188758299
v 0.0660180375 -0.0374538302 0.0182486698
v 0.0660588667 -0.0374351703 0.0183932092
v 0.0661082193 -0.03738451 0.0185876396
v 0.0687009618 -0.0364550315 0.0187901799
v 0.0678461716 -0.0368053913 0.0187414195
v 0.068624191 -0.0366315208 0.0184494201
v 0.0677633211 -0.0369441509 0.0183976199
v 0.0685375929 -0.0367723107 0.0181026999
v 0.0676724911 -0.0370479189 0.0180528704
v 0.0684428811 -0.0368777514 0.0177550893
v 0.071156323 -0.0354437791 0.0185194593
v 0.0695464015 -0.0360636711 0.0188212898
v 0.0703217909 -0.0358828902 0.0185118299
v 0.0694773123 -0.0362784192 0.0184877496
v 0.0702487826 -0.0361016914 0.0181735102
v 0.0693966076 -0.0364578888 0.0181429908
v 0.070163779 -0.0362846814 0.0178237502
v 0.0693058297 -0.0366013013 0.0177921597
v 0.0700685307 -0.0364310108 0.01746797
v 0.0692068934 -0.0367088318 0.0174404308
v 0.0699649975 -0.0365409814 0.01711124
v 0.0710929036 -0.0357016884 0.0181926396
v 0.0710157081 -0.0359250903 0.01784884
v 0.070926182 -0.0361120105 0.0174935404
v 0.0708262324 -0.0362616107 0.0171320401
v 0.0707178116 -0.0363741517 0.0167695805
v 0.0706028268 -0.0364508592 0.0164109394
v 0.0662715435 -0.0336847901 0.0217292309
v 0.0671284124 -0.0337483808 0.0214436594
v 0.0663144514 -0.0339294001 0.02169412
v 0.0663516521 -0.0341417082 0.0216637198
v 0.0671835467 -0.03409677 0.0213764906
v 0.0663703606 -0.0342764817 0.0216284301
v 0.0664154813 -0.0346022807 0.0215431992
v 0.0672289729 -0.0344488584 0.0212765299
v 0.0664181113 -0.0346286185 0.0215329509
v 0.0672632977 -0.0347999893 0.0211426001
v 0.0687351227 -0.0333383009 0.0209123995
v 0.0664528608 -0.0349783301 0.0213972293
v 0.0664601922 -0.0350524113 0.0213684998
v 0.0672853515 -0.0351450406 0.0209743902
v 0.0664752722 -0.0353210494 0.0212270003
v 0.0664845109 -0.0354849584 0.0211406909
v 0.0672941804 -0.0354787707 0.02077269
v 0.066485703 -0.0356532298 0.0210256502
v 0.0664874911 -0.0358928405 0.0208618008
v 0.0672891065 -0.03579586 0.0205391608
v 0.0664835498 -0.0359703787 0.0207943898
v 0.0672699809 -0.0360913202 0.0202765409
v 0.0664684698 -0.0362682901 0.0205352902
v 0.0664365217 -0.0365340114 0.0202445891
v 0.0687897205 -0.0336930715 0.02084326
v 0.0679891706 -0.0339011513 0.0211129691
v 0.0688339397 -0.0340515897 0.0207410399
v 0.0680339336 -0.0342556797 0.0210120603
v 0.0688662529 -0.0344091617 0.0206044298
v 0.068067193 -0.0346092507 0.0208770595
v 0.0688855574 -0.0347605906 0.0204333607
v 0.0680878088 -0.0349567495 0.0207077805
v 0.06889081 -0.0351005085 0.0202283803
v 0.0680948421 -0.0352928601 0.02050489
v 0.0688815117 -0.0354235694 0.0199913904
v 0.0680877492 -0.0356122218 0.0202700999
v 0.0688574314 -0.0357246883 0.0197250806
v 0.0680661723 -0.0359098911 0.0200062301
v 0.0680304691 -0.0361812711 0.0197167899
v 0.0672369525 -0.0363606215 0.0199884102
v 0.0664297864 -0.0365899205 0.0201833807
v 0.0695310235 -0.0331147313 0.0206378605
v 0.0711652637 -0.0330162607 0.0199967604
v 0.0695856214 -0.0334747396 0.0205674097
v 0.0712084696 -0.0333934389 0.0198885705
v 0.0696294308 -0.0338385105 0.0204633996
v 0.0712383911 -0.0337695405 0.0197447501
v 0.069660902 -0.0342013799 0.0203247592
v 0.0712537095 -0.0341392718 0.0195651595
v 0.069678843 -0.0345579311 0.0201512501
v 0.0712534711 -0.0344969593 0.0193504598
v 0.0696823001 -0.0349029303 0.0199435893
v 0.071237199 -0.0348370597 0.0191025697
v 0.0696707293 -0.0352308117 0.0197035
v 0.0712046623 -0.0351542197 0.0188243296
v 0.0479732119 -0.0373209715 0.0255814698
v 0.0365872905 -0.0398899317 0.0255561396
v 0.0365911685 -0.0400881693 0.0253655296
v 0.0375597402 -0.0400706492 0.0253649894
v 0.0365805589 -0.0395415984 0.0258059502
v 0.0365818702 -0.0396107398 0.0257563498
v 0.0375511609 -0.0395906493 0.0257549807
v 0.0365732908 -0.0391662084 0.0260014497
v 0.0365767404 -0.0393463895 0.0259075705
v 0.0375458002 -0.0393267795 0.0259089991
v 0.0413564406 -0.0380175114 0.0261214301
v 0.0423093401 -0.0379430018 0.0260708891
v 0.0365656018 -0.0387721583 0.0261406805
v 0.0365660712 -0.0387969613 0.0261319205
v 0.0375337005 -0.038774129 0.0261286404
v 0.0384830199 -0.0381832086 0.0262185298
v 0.0365577303 -0.0383676216 0.0262231808
v 0.0365606509 -0.0385167003 0.0261927806
v 0.0375270806 -0.0384944007 0.0261944495
v 0.0441886708 -0.0406197309 0.0230921507
v 0.0479149185 -0.0403110906 0.0225974303
v 0.0432501994 -0.0406827293 0.0231888797
v 0.0385181904 -0.0409102403 0.0234906003
v 0.0394696482 -0.0408765599 0.0234558508
v 0.0471136495 -0.0394468904 0.0247367006
v 0.046169281 -0.0395395719 0.0248437505
v 0.0461640283 -0.0397624299 0.0245972201
v 0.0452224612 -0.039625939 0.0249414407
v 0.0442731306 -0.0397058092 0.0250295401
v 0.0442699082 -0.0399237201 0.0247882009
v 0.0433213711 -0.0397790596 0.0251079202
v 0.0423671007 -0.0398455188 0.0251764599
v 0.0423657186 -0.0400592014 0.0249395892
v 0.0414104387 -0.0399050117 0.0252349302
v 0.0404512808 -0.03995746 0.02528321
v 0.0404517613 -0.0401679203 0.0250497404
v 0.0394897982 -0.0400026403 0.0253210608
v 0.0385259315 -0.0400403701 0.0253483597
v 0.0385282002 -0.0402488112 0.0251172092
v 0.0624441504 -0.0382037088 0.0193017703
v 0.0606514215 -0.0385426208 0.0198014304
v 0.059164159 -0.0379894897 0.0222659707
v 0.0591327511 -0.0382204019 0.0219594799
v 0.0609560013 -0.037888281 0.0214952193
v 0.0646628067 -0.0357115194 0.0217831694
v 0.0646734834 -0.0360456705 0.0215816405
v 0.0646397397 -0.0353659317 0.0219505392
v 0.0645072386 -0.0343124792 0.0222460609
v 0.0645607114 -0.0346614085 0.0221812092
v 0.0535498783 -0.0364578292 0.0247794297
v 0.0517000481 -0.0367673598 0.0250810292
v 0.0553914905 -0.0361301787 0.0244436804
v 0.0572257601 -0.035787221 0.0240736008
v 0.0590535402 -0.0354315005 0.0236691199
v 0.0608759485 -0.0350655913 0.0232300106
v 0.0626937672 -0.0346918106 0.0227557402
v 0.0515983701 -0.0399137102 0.0219485108
v 0.0534248911 -0.0396824405 0.0215738397
v 0.0516407415 -0.0398648903 0.0222640596
v 0.0534735285 -0.0396312997 0.0218960606
v 0.0516799018 -0.0397846103 0.0225832406
v 0.0535186492 -0.0395479202 0.0222219191
v 0.0517150089 -0.0396713018 0.0229015294
v 0.0535591207 -0.0394310318 0.0225469396
v 0.0517451689 -0.0395245515 0.0232140403
v 0.0535940491 -0.0392799899 0.0228660703
v 0.0517697297 -0.0393448398 0.0235155206
v 0.0536225997 -0.0390954018 0.0231739804
v 0.0517880283 -0.0391336009 0.0238008406
v 0.0536441207 -0.0388787314 0.0234655701
v 0.0517997108 -0.0388934016 0.0240652505
v 0.0536580607 -0.0386326313 0.0237358194
v 0.0573502705 -0.0380491018 0.0229777601
v 0.0555080697 -0.0383509286 0.0233730599
v 0.0573314987 -0.0383059904 0.0226971507
v 0.0554917417 -0.0386025906 0.0230973307
v 0.0573033616 -0.0385326706 0.0223947093
v 0.0554668903 -0.0388244912 0.0227999594
v 0.0572665296 -0.0387263782 0.0220755897
v 0.0554342195 -0.0390137993 0.0224860907
v 0.0572218783 -0.0388856493 0.0217450801
v 0.0553944707 -0.0391690098 0.0221608803
v 0.0571704507 -0.0390097387 0.0214085504
v 0.0553485118 -0.03928959 0.0218297206
v 0.0571133383 -0.039099209 0.0210710708
v 0.0552974306 -0.0393760204 0.0214975998
v 0.05705183 -0.0391554795 0.0207373407
v 0.0552423485 -0.0394296609 0.0211692397
v 0.0591854416 -0.0377281904 0.0225506406
v 0.0609907508 -0.0376538001 0.0218047407
v 0.059091799 -0.0384181701 0.0216361191
v 0.0609109886 -0.0380893908 0.0211689398
v 0.0610144697 -0.0373888612 0.0220923405
v 0.0628118515 -0.0372994505 0.0213140193
v 0.0628379509 -0.0370319411 0.0216033403
v 0.0646275803 -0.0369269215 0.0207945704
v 0.0646559522 -0.0366581604 0.0210841205
v 0.0627250001 -0.0377402306 0.0206750594
v 0.0627739429 -0.0375364982 0.0210028794
v 0.0645340607 -0.0373709686 0.0201557204
v 0.064586632 -0.0371654592 0.0204834305
v 0.0588544011 -0.0388597809 0.0202806499
v 0.0589222908 -0.0388009511 0.0206186697
v 0.0607255585 -0.0384812318 0.02014249
v 0.0589853488 -0.0387085006 0.0209604502
v 0.060794469 -0.0383859798 0.0204872992
v 0.0590422712 -0.0385810696 0.0213013198
v 0.0608567484 -0.038255509 0.0208311602
v 0.0642333031 -0.0378429815 0.0187836196
v 0.0625243112 -0.0381398685 0.0196442604
v 0.0643190071 -0.0377768204 0.0191258695
v 0.0625988171 -0.038042061 0.0199905597
v 0.0643987581 -0.0376768112 0.0194718204
v 0.0626662299 -0.0379089713 0.0203358494
v 0.0644709393 -0.0375416204 0.0198167507
v 0.0365933701 -0.0402008183 0.0252572205
v 0.0375628993 -0.0402784906 0.0251343809
v 0.0365952216 -0.0402951203 0.0251358096
v 0.0365985595 -0.0404682085 0.0249130707
v 0.0375651717 -0.0404605195 0.0248848703
v 0.0394911692 -0.0402119085 0.0250889007
v 0.0414099582 -0.0401169583 0.0249999091
v 0.043319039 -0.0399947092 0.0248689
v 0.0365988016 -0.0404811502 0.0248900596
v 0.0366017185 -0.0406314097 0.0246242806
v 0.0375665985 -0.0406145416 0.0246209502
v 0.0366027318 -0.0406843983 0.0245305207
v 0.0375671908 -0.0407391116 0.0243471209
v 0.0452182218 -0.0398462415 0.0246975403
v 0.036604099 -0.0407535397 0.0243507605
v 0.0366058312 -0.0408435389 0.0241168104
v 0.0375669487 -0.0408340618 0.0240681097
v 0.0366079807 -0.0409522615 0.0235183798
v 0.0375642702 -0.0409379005 0.0235117599
v 0.0366077386 -0.040940579 0.02368032
v 0.0375659987 -0.0408998691 0.0237883292
v 0.0366072617 -0.0409153104 0.0237938706
v 0.03660601 -0.0408530198 0.0240741894
v 0.0385292694 -0.0404313207 0.02486711
v 0.0394909903 -0.0403952003 0.0248378497
v 0.0385291502 -0.0405857489 0.0246024709
v 0.0394892618 -0.0405502915 0.0245721303
v 0.0385278389 -0.0407106802 0.0243279897
v 0.0394861586 -0.0406758711 0.0242965799
v 0.0385255218 -0.0408059284 0.0240483191
v 0.0394817516 -0.0407715999 0.0240157805
v 0.0385222994 -0.04087203 0.0237678196
v 0.0394761488 -0.040838059 0.0237341505
v 0.0404503308 -0.0403522812 0.0247973204
v 0.0414072797 -0.0403026901 0.0247457605
v 0.0404470488 -0.0405083187 0.0245301705
v 0.0414023884 -0.0404598713 0.0244768802
v 0.0404420383 -0.0406346917 0.0242531206
v 0.0413955413 -0.040587239 0.0241979901
v 0.0404355489 -0.0407310687 0.0239708405
v 0.041386839 -0.0406844616 0.0239138007
v 0.0404276811 -0.0407980606 0.0236877203
v 0.0413766503 -0.0407520495 0.0236288309
v 0.0404186212 -0.0408368707 0.0234078709
v 0.0413650796 -0.040791329 0.02334713
v 0.0423617885 -0.0402464792 0.0246834103
v 0.0433138013 -0.0401838385 0.0246105101
v 0.0423552915 -0.0404050909 0.0244124494
v 0.0433056317 -0.0403439887 0.0243371706
v 0.0423464701 -0.0405335985 0.0241314098
v 0.0432948992 -0.0404738709 0.0240536891
v 0.0423356183 -0.0406317711 0.0238450095
v 0.0432818495 -0.0405731201 0.0237648394
v 0.0423230492 -0.0407000706 0.0235578399
v 0.0432668291 -0.0406422615 0.0234751701
v 0.0423089787 -0.0407399498 0.0232740007
v 0.0442632996 -0.0401147604 0.0245272499
v 0.0452102385 -0.0400394686 0.0244339705
v 0.0442534611 -0.0402766392 0.02425134
v 0.0451987311 -0.0402032696 0.0241551902
v 0.044240769 -0.0404080115 0.0239651706
v 0.0451839492 -0.0403362513 0.0238661095
v 0.0442254506 -0.0405085012 0.0236735903
v 0.0451663695 -0.0404379889 0.0235715508
v 0.0442079306 -0.0405786 0.0233811699
v 0.0451463386 -0.0405091606 0.0232762005
v 0.0451244116 -0.0405510589 0.0229842607
v 0.0460572802 -0.0404766686 0.0228655897
v 0.0471073911 -0.0396724306 0.0244873092
v 0.0461546704 -0.0399580002 0.0243307296
v 0.0470966101 -0.039870441 0.0242178403
v 0.0461414382 -0.0401238203 0.0240489803
v 0.0470815785 -0.0400383994 0.0239329897
v 0.0461245701 -0.0402585194 0.0237568002
v 0.0470626317 -0.0401749015 0.0236375909
v 0.0461045988 -0.0403616987 0.0234591309
v 0.0470402204 -0.0402796194 0.0233366396
v 0.0460820086 -0.0404339992 0.0231606308
v 0.0470150113 -0.0403531082 0.0230348706
v 0.0469874702 -0.0403966904 0.0227365401
v 0.0480576716 -0.0390952192 0.0248482209
v 0.0480555817 -0.0393479988 0.0246203505
v 0.049932301 -0.03913223 0.0243604705
v 0.04804831 -0.0395763516 0.0243680403
v 0.0499228798 -0.0393664204 0.0241021495
v 0.048036091 -0.0397768617 0.0240955297
v 0.0499076806 -0.0395722315 0.0238231998
v 0.0480192304 -0.0399470888 0.0238074008
v 0.0498870611 -0.0397471115 0.0235283896
v 0.0479980707 -0.0400855504 0.0235086605
v 0.0498614907 -0.0398896299 0.0232228003
v 0.0479732715 -0.0401918814 0.0232043192
v 0.0498316213 -0.0399993584 0.0229115393
v 0.0479453206 -0.0402665697 0.0228991508
v 0.049798131 -0.0400767885 0.0225993302
v 0.0497618318 -0.0401233397 0.0222907607
v 0.0365552902 -0.038241379 0.0262315199
v 0.0375203416 -0.0382179618 0.0262325406
v 0.0394432507 -0.0381379686 0.0261952803
v 0.0404011011 -0.0380825885 0.0261629205
v 0.0432596803 -0.0378595516 0.0260113999
v 0.04420745 -0.0377674587 0.0259430408
v 0.0451526605 -0.0376672111 0.0258657895
v 0.0460953712 -0.0375591516 0.02577978
v 0.0470355116 -0.0374435708 0.0256849509
v 0.0461333916 -0.0381533504 0.02566492
v 0.0461156294 -0.0378545485 0.0257370993
v 0.0451877713 -0.0382549688 0.0257528406
v 0.04517138 -0.0379593894 0.0258239508
v 0.0442396402 -0.0383492112 0.0258318093
v 0.0442245603 -0.0380566716 0.0259019099
v 0.0432889983 -0.0384356305 0.0259017907
v 0.04327517 -0.0381458886 0.0259709898
v 0.0423358604 -0.0385140106 0.0259627607
v 0.0423233509 -0.0382268392 0.0260310695
v 0.0413802788 -0.0385840498 0.0260144994
v 0.0413689613 -0.0382991396 0.0260820892
v 0.0404222608 -0.0386453792 0.0260570608
v 0.0404121205 -0.0383623801 0.0261240602
v 0.0394617915 -0.0386977084 0.0260903202
v 0.0394528508 -0.0384161994 0.0261567794
v 0.0384989306 -0.0387407504 0.0261142198
v 0.0384911783 -0.0384603702 0.0261802599
v 0.046148181 -0.0384513699 0.0255618002
v 0.0452014804 -0.0385497808 0.0256511495
v 0.0442523882 -0.0386409089 0.0257314406
v 0.0433008 -0.0387245417 0.0258026104
v 0.0423467085 -0.0388004109 0.0258645993
v 0.0413901806 -0.0388681814 0.0259172898
v 0.0404312015 -0.038927611 0.0259606801
v 0.0394698307 -0.03897845 0.0259945896
v 0.0385060906 -0.0390203483 0.0260189101
v 0.0375399515 -0.0390530787 0.0260336902
v 0.036571499 -0.0390745886 0.0260338094
v 0.0498413406 -0.0370560214 0.0253484808
v 0.0646053478 -0.0350141488 0.0220830999
v 0.0627871677 -0.0353921019 0.0225967709
v 0.06274461 -0.0350400805 0.0226929691
v 0.0609639809 -0.0357611105 0.0230755191
v 0.060923811 -0.0354114696 0.0231694505
v 0.0591357909 -0.0361193419 0.02351957
v 0.0590981804 -0.0357735083 0.0236109998
v 0.0573018715 -0.0364648588 0.0239292309
v 0.0572670102 -0.0361241587 0.0240178704
v 0.0554612204 -0.0367957316 0.0243046209
v 0.0554292202 -0.0364611112 0.0243903901
v 0.0536131188 -0.0371097885 0.0246456806
v 0.0535840318 -0.0367819592 0.0247285292
v 0.0517568514 -0.0374048911 0.0249524694
v 0.0517306291 -0.0370842814 0.0250324607
v 0.0498684011 -0.0373656116 0.0253020506
v 0.0479968116 -0.0376232788 0.0255370103
v 0.0480173193 -0.0379291102 0.0254624393
v 0.0498917103 -0.0376787707 0.0252248608
v 0.0499106608 -0.0379910395 0.0251154806
v 0.0517779514 -0.0377245508 0.02483969
v 0.0517932698 -0.0380384289 0.0246936008
v 0.0536364317 -0.03743672 0.0245294496
v 0.0536530614 -0.037757691 0.0243793707
v 0.0554866716 -0.0371294618 0.024185
v 0.0555046201 -0.037457101 0.0240309201
v 0.0573293492 -0.0368046686 0.0238063298
v 0.0573485382 -0.0371383391 0.0236486103
v 0.0591652282 -0.0364642106 0.0233936291
v 0.0591856204 -0.0368029401 0.0232326295
v 0.0609953403 -0.036109861 0.0229468904
v 0.061016731 -0.0364524089 0.0227831006
v 0.0628201291 -0.0357432291 0.0224658791
v 0.0628424212 -0.0360881612 0.0222998802
v 0.0365867615 -0.0398614407 0.02557653
v 0.0375558101 -0.0398400985 0.0255728904
v 0.0385180116 -0.0395592414 0.0257394295
v 0.0385225415 -0.0398092791 0.0255568605
v 0.0394825302 -0.0395194814 0.0257137995
v 0.039486941 -0.0397705398 0.0255303904
v 0.0404447317 -0.0394716784 0.0256781504
v 0.0404489599 -0.0397240482 0.0254937392
v 0.0414044783 -0.0394158885 0.0256326701
v 0.041408591 -0.0396700501 0.0254469495
v 0.0423618518 -0.0393524095 0.02557748
v 0.0423657782 -0.0396085903 0.0253901407
v 0.0433168411 -0.03928148 0.0255126301
v 0.0433205888 -0.0395399891 0.0253235605
v 0.0442693196 -0.0392032787 0.0254382994
v 0.0442729518 -0.0394643508 0.0252473298
v 0.0452192985 -0.0391180515 0.0253546201
v 0.0452228114 -0.0393818617 0.0251615606
v 0.0461668298 -0.0390259586 0.0252616405
v 0.0461701714 -0.039292749 0.0250663701
v 0.0646713302 -0.036362879 0.0213476997
v 0.0628517792 -0.0367377885 0.0218663793
v 0.0628532097 -0.0364214703 0.0220994893
v 0.0610266887 -0.0370972082 0.0223535802
v 0.0610273406 -0.0367833301 0.0225847308
v 0.0591961108 -0.0374401808 0.0228089597
v 0.0591960512 -0.0371300504 0.0230371896
v 0.05735939 -0.037765801 0.0232321601
v 0.0573587418 -0.0374604985 0.0234566908
v 0.0555156395 -0.0380730592 0.0236228704
v 0.0555144511 -0.0377734303 0.02384305
v 0.0536642 -0.0383607708 0.0239804294
v 0.0536624715 -0.0380674601 0.0241958406
v 0.0518044196 -0.0386278592 0.0243043303
v 0.0518022105 -0.0383412205 0.0245146696
v 0.0499330685 -0.0385933518 0.0247990396
v 0.0499246083 -0.0382975899 0.0249733906
v 0.0480467603 -0.0385333784 0.0252181794
v 0.0480341315 -0.0382340513 0.0253563505
v 0.0470765792 -0.0380446315 0.0255681202
v 0.0470574386 -0.0377423689 0.0256414395
v 0.0385124609 -0.0392947085 0.0258939192
v 0.0394768082 -0.0392539501 0.0258689504
v 0.0404387712 -0.03920459 0.0258342605
v 0.0413982794 -0.0391470715 0.0257899109
v 0.0423554108 -0.0390814506 0.0257360302
v 0.0433100984 -0.039008081 0.0256727301
v 0.0442623384 -0.0389272496 0.0256001297
v 0.0452121384 -0.0388391018 0.0255182907
v 0.0461594388 -0.0387439094 0.02542728
v 0.0480546914 -0.0388221107 0.0250483099
v 0.0499356911 -0.0388731286 0.0245938804
v 0.0351251885 -0.0382625982 0.0262372401
v 0.0351505801 -0.0408771001 0.0240748506
v 0.0351512395 -0.0409428403 0.0237952396
v 0.0351359211 -0.0393708311 0.0259141903
v 0.0351384804 -0.0396345817 0.0257603507
v 0.0351409316 -0.0398838483 0.0255784299
v 0.0351278707 -0.0385389291 0.0261992794
v 0.0351305604 -0.0388184711 0.0261335298
v 0.0351332985 -0.0390972383 0.0260387007
v 0.0336949192 -0.0399180017 0.0255561396
v 0.0351431891 -0.0401142798 0.02537065
v 0.0336949192 -0.0395696089 0.0258059502
v 0.0336949192 -0.0396387503 0.0257563498
v 0.0336949192 -0.0398895107 0.02557653
v 0.0336949192 -0.0388248488 0.0261319205
v 0.0336949192 -0.0388000607 0.0261406805
v 0.0336949192 -0.0391025506 0.0260338094
v 0.0336949192 -0.0391941592 0.0260014497
v 0.0336949192 -0.0393744111 0.0259075705
v 0.0351516008 -0.0409807488 0.0235189106
v 0.0351451598 -0.0403219983 0.0251402799
v 0.0351469517 -0.0405039117 0.0248910096
v 0.0351484418 -0.0406577513 0.0246272609
v 0.0351496302 -0.0407822691 0.0243536197
v 0.0336949192 -0.04098057 0.0235183798
v 0.0336949192 -0.0409688316 0.02368032
v 0.0336949192 -0.0407126509 0.0245305207
v 0.0336949192 -0.0404964015 0.0249130707
v 0.0336949192 -0.040509399 0.0248900596
v 0.0336949192 -0.040659599 0.0246242806
v 0.0336949192 -0.0407817885 0.0243507605
v 0.0336949192 -0.0408718511 0.0241168104
v 0.0336949192 -0.0408812687 0.0240741894
v 0.0336949192 -0.0409436189 0.0237938706
v 0.0336949192 -0.0382691585 0.0262315199
v 0.0336949192 -0.0383954607 0.0262231808
v 0.0336949192 -0.0385445282 0.0261927806
v 0.0336949192 -0.0401163101 0.0253655296
v 0.0336949192 -0.0402290188 0.0252572205
v 0.0336949192 -0.0403233096 0.0251358096
v 0.0322736986 -0.0409879014 0.0235368591
v 0.0194829106 -0.0409916006 0.02436167
v 0.0280101206 -0.0409888588 0.0237548891
v 0.0308525506 -0.0408870503 0.0241285507
v 0.0308525506 -0.0407945514 0.0244004708
v 0.0294313394 -0.0408003293 0.0244523808
v 0.0322736986 -0.0405141711 0.0248998906
v 0.0322736986 -0.0403334387 0.0251475498
v 0.0322736986 -0.0401270315 0.0253764298
v 0.0308525506 -0.0401430093 0.0253923498
v 0.0223253295 -0.0409127399 0.0246117692
v 0.0223253295 -0.0409622714 0.0244011804
v 0.0251677595 -0.0409582183 0.0242042504
v 0.0322736986 -0.0393884704 0.0259163901
v 0.0251677595 -0.0396482311 0.0259700995
v 0.0251677595 -0.0398679897 0.0258418303
v 0.0280101206 -0.0397589803 0.0258026104
v 0.0223253295 -0.0389437005 0.0262402203
v 0.0280101206 -0.0385054909 0.0262382608
v 0.0294313394 -0.038411729 0.0262378398
v 0.0308525506 -0.0383369289 0.0262375399
v 0.0322736986 -0.0382874608 0.0262372997
v 0.0322736986 -0.0385619402 0.0261995699
v 0.0308525506 -0.0386064611 0.0262005292
v 0.0294313394 -0.0386736915 0.0262019001
v 0.0280101206 -0.0387579203 0.0262036305
v 0.0251677595 -0.0387246013 0.0262392703
v 0.0322736986 -0.0388396904 0.0261343103
v 0.0308525506 -0.0388791487 0.0261363909
v 0.0294313394 -0.0389387012 0.0261396095
v 0.0280101206 -0.0390133783 0.0261435509
v 0.0251677595 -0.0389548503 0.0262076203
v 0.0223253295 -0.0399770103 0.0258811098
v 0.0223253295 -0.0397784114 0.0259969793
v 0.0223253295 -0.0395723507 0.0260907393
v 0.0223253295 -0.0401647016 0.0257440805
v 0.0280101206 -0.0399867184 0.0256363694
v 0.0223253295 -0.0391518399 0.0262116101
v 0.0223253295 -0.039362371 0.0261621401
v 0.0251677595 -0.0391878411 0.0261528399
v 0.0251677595 -0.03942018 0.0260738097
v 0.0280101206 -0.039268069 0.0260569397
v 0.0280101206 -0.0395180508 0.0259431601
v 0.0294313394 -0.0392029807 0.0260496698
v 0.0294313394 -0.0394623205 0.0259316508
v 0.0308525506 -0.0391510688 0.0260439496
v 0.0308525506 -0.0394179188 0.0259224698
v 0.0322736986 -0.0391166806 0.0260401294
v 0.0322736986 -0.0398981497 0.0255828407
v 0.0322736986 -0.0396504886 0.0257635694
v 0.0308525506 -0.0399182402 0.025595
v 0.0308525506 -0.0396751091 0.0257723909
v 0.0294313394 -0.0397123583 0.0257858001
v 0.0251677595 -0.0409898683 0.0239739995
v 0.0223253295 -0.0409908183 0.0241931006
v 0.0308525506 -0.0403456017 0.0251676403
v 0.0280101206 -0.0401972495 0.02544659
v 0.0280101206 -0.0403870307 0.0252361204
v 0.0251677595 -0.0402677618 0.0255171005
v 0.0251677595 -0.04044085 0.0253251102
v 0.0223253295 -0.0403382704 0.0255876109
v 0.0223253295 -0.0404946804 0.0254140999
v 0.0251677595 -0.0405924916 0.0251173899
v 0.0280101206 -0.0406938083 0.0247673895
v 0.0280101206 -0.0405532084 0.0250083804
v 0.0294313394 -0.0406822488 0.0247117206
v 0.0294313394 -0.0405363999 0.0249617007
v 0.0308525506 -0.0406730697 0.0246673208
v 0.0308525506 -0.0405230485 0.0249245092
v 0.0322736986 -0.04066699 0.0246378705
v 0.0223253295 -0.0407475792 0.0250277501
v 0.0223253295 -0.040841341 0.0248216894
v 0.0251677595 -0.0408244692 0.0246695802
v 0.0251677595 -0.0409034416 0.0244372394
v 0.0280101206 -0.0408941507 0.0242627803
v 0.0280101206 -0.0409542285 0.0240073204
v 0.0294313394 -0.0409525 0.0239230301
v 0.0294313394 -0.0409884416 0.0236611292
v 0.0308525506 -0.0409881398 0.0235863291
v 0.0322736986 -0.0407907292 0.0243660808
v 0.0322736986 -0.0408849083 0.0240890905
v 0.0322736986 -0.0409502313 0.0238113403
v 0.0223253295 -0.0406317115 0.0252264105
v 0.0251677595 -0.0407207012 0.0248975698
v 0.0280101206 -0.0408075415 0.0245174691
v 0.0294313394 -0.0408902094 0.0241880994
v 0.0308525506 -0.040951129 0.0238558594
v 0.0180617496 -0.0405482613 0.0255026799
v 0.0180617496 -0.0404084288 0.0256578308
v 0.0166405402 -0.0404705405 0.0256048404
v 0.0166405402 -0.0405485593 0.0255066697
v 0.0166405402 -0.0406533405 0.0253747106
v 0.0180617496 -0.0406707488 0.0253348891
v 0.0166405402 -0.0406718813 0.0253425799
v 0.0180617496 -0.0407743417 0.0251573306
v 0.0166405402 -0.0407735705 0.0251662098
v 0.0166405402 -0.0408019386 0.02511709
v 0.0180617496 -0.0408581384 0.0249730907
v 0.0166405402 -0.0408542715 0.0249834601
v 0.0166405402 -0.0409117304 0.0248368308
v 0.0180617496 -0.0409219787 0.0247853901
v 0.0166405402 -0.0409202501 0.0247990992
v 0.0180617496 -0.0409662686 0.0245971605
v 0.0166405402 -0.0409623906 0.0246123597
v 0.0166405402 -0.0409787782 0.0245398805
v 0.0180617496 -0.0409917794 0.02441114
v 0.0166405402 -0.0409868918 0.0244287197
v 0.0166405402 -0.0391795598 0.0262390301
v 0.0180617496 -0.0391618013 0.0262411796
v 0.0166405402 -0.0392285511 0.0262362305
v 0.0180617496 -0.03934782 0.0262156706
v 0.0166405402 -0.0393630192 0.0262112003
v 0.0166405402 -0.0395027287 0.0261851493
v 0.0180617496 -0.0395360515 0.0261713807
v 0.0166405402 -0.0395493507 0.02616941
v 0.0180617496 -0.0397237502 0.0261075404
v 0.0166405402 -0.039735429 0.0261068307
v 0.0166405402 -0.0397697613 0.0260952692
v 0.0180617496 -0.0399079286 0.0260237399
v 0.0166405402 -0.0399163291 0.0260214806
v 0.0166405402 -0.0400240384 0.0259672906
v 0.0180617496 -0.0400854908 0.0259201508
v 0.0166405402 -0.0400919914 0.0259198509
v 0.0180617496 -0.0402532816 0.0257976595
v 0.0166405402 -0.0402598903 0.0258026104
v 0.0166405402 -0.0404112898 0.0256605092
v 0.0209041201 -0.0390374586 0.0262406394
v 0.0194829106 -0.0391122587 0.0262409393
v 0.0209041201 -0.0392360613 0.0262133405
v 0.0194829106 -0.039303299 0.0262147095
v 0.0209041201 -0.0394370519 0.0261661392
v 0.0194829106 -0.0394966006 0.0261693001
v 0.0209041201 -0.039637439 0.0260979496
v 0.0194829106 -0.0396893583 0.0261037294
v 0.0209041201 -0.0398340784 0.0260084793
v 0.0194829106 -0.0398784801 0.0260176603
v 0.0209041201 -0.0400236212 0.0258978605
v 0.0194829106 -0.0400608703 0.0259112697
v 0.0209041201 -0.040202789 0.0257671401
v 0.0194829106 -0.0402331911 0.0257855002
v 0.0209041201 -0.0403684303 0.0256178305
v 0.0194829106 -0.0403925106 0.0256418493
v 0.0194829106 -0.0405360982 0.0254825894
v 0.0194829106 -0.0409653708 0.0245526992
v 0.0194829106 -0.0409198888 0.0247460008
v 0.0194829106 -0.0408543311 0.0249387603
v 0.0194829106 -0.0407682583 0.0251278803
v 0.0194829106 -0.0406618714 0.0253102109
v 0.0209041201 -0.0409912392 0.0242868606
v 0.0209041201 -0.0409639999 0.0244854596
v 0.0209041201 -0.0409167409 0.0246863905
v 0.0209041201 -0.0408485495 0.0248867795
v 0.0209041201 -0.0407590792 0.0250834804
v 0.0209041201 -0.0406485088 0.0252730194
v -0.0119812395 -0.0407991409 0.0171255395
v -0.0119736101 -0.0408144481 0.0171146896
v -0.0111881997 -0.0408134982 0.0176533405
v -0.0120034805 -0.0407385789 0.0171573106
v -0.0119908396 -0.0407729112 0.01713931
v -0.01120531 -0.0407715999 0.0176787302
v -0.0120205199 -0.0406730101 0.0171816293
v -0.0120177204 -0.0406837389 0.0171776991
v -0.0112314196 -0.0406812988 0.0177175403
v -0.0120319696 -0.0406039283 0.0171980206
v -0.0120264199 -0.0406371914 0.0171901509
v -0.0112402998 -0.0406344496 0.0177307706
v -0.0104528004 -0.0405295417 0.0182700101
v -0.0120376302 -0.0405326411 0.0172060691
v -0.0120366802 -0.0405448005 0.0172047
v -0.0112500098 -0.0405409895 0.0177452508
v -0.00517821312 -0.0409970209 0.0204935595
v -0.0118110701 -0.0409890413 0.0168825295
v -0.01180356 -0.0409908183 0.0168718006
v -0.0110208904 -0.040991541 0.0174046103
v -0.01185071 -0.04096907 0.0169391595
v -0.0118301501 -0.0409794413 0.0169097707
v -0.0110471798 -0.0409805104 0.0174435899
v -0.01188826 -0.0409393907 0.0169927999
v -0.0118830204 -0.0409435593 0.0169852898
v -0.01109898 -0.0409436189 0.0175206605
v -0.0119230105 -0.0409005806 0.0170424506
v -0.0119079901 -0.0409173891 0.0170209408
v -0.0111237103 -0.0409177504 0.0175574403
v 0.0157068297 -0.0407770202 0.0251613799
v 0.0157102905 -0.0408598706 0.0249794107
v 0.0157002807 -0.0405536182 0.0255025607
v 0.0156973004 -0.0404154584 0.0256558005
v 0.0027884841 -0.0409489796 0.0232955199
v 0.00187772501 -0.0409517214 0.0230711102
v 0.00191271305 -0.0409790799 0.0229599997
v 0.0156903807 -0.039920859 0.0260173008
v 0.0156887695 -0.0397388898 0.0261001494
v 0.0156867504 -0.0393674299 0.0262069106
v 0.00528812408 -0.0396116301 0.0249371491
v 0.003437876 -0.0397349484 0.0244688895
v 0.00160676194 -0.0398622714 0.0239303708
v 0.00251972605 -0.0397983715 0.0242083594
v 0.00436073495 -0.0396725498 0.0247118399
v 0.00715488102 -0.0394962989 0.02533447
v 0.00809365511 -0.0394428894 0.0255064294
v 0.00621962501 -0.0395527408 0.0251446906
v 0.0090354681 -0.0393930003 0.02566039
v 0.00998002198 -0.0393471085 0.0257963501
v 0.0109270802 -0.0393056795 0.0259142499
v 0.0118760997 -0.0392692611 0.0260140207
v 0.0128269102 -0.03923833 0.0260958001
v 0.0147323599 -0.0391950011 0.0262048803
v 0.0137791 -0.0392134115 0.0261594001
v 0.0156862698 -0.0391836092 0.0262321793
v 0.00366812898 -0.0409023687 0.0236271601
v 0.00275379396 -0.04090726 0.0234132409
v 0.001947343 -0.0409949385 0.0228501502
v 0.00285756495 -0.0409946404 0.0230607893
v 0.00282317307 -0.0409779511 0.0231775008
v 0.00468498422 -0.0409940407 0.0234307591
v 0.0037701719 -0.0409943387 0.0232541505
v 0.00651961518 -0.0409935713 0.0237355195
v 0.00560158398 -0.0409937985 0.0235910397
v 0.00743871881 -0.0409932695 0.0238646809
v 0.0147600695 -0.0405564308 0.0254802704
v 0.0147542302 -0.0404191017 0.0256325006
v 0.01382023 -0.0405609608 0.0254428294
v 0.0138115799 -0.0404250585 0.0255934
v 0.0128808599 -0.0405671 0.0253901407
v 0.0128695304 -0.0404330418 0.0255383793
v 0.0119423196 -0.0405746587 0.0253219604
v 0.0119284298 -0.0404429995 0.0254673306
v 0.0110048 -0.0405836701 0.0252380297
v 0.0109884702 -0.0404547416 0.0253800694
v 0.0100684697 -0.0405937992 0.02513819
v 0.0100499298 -0.0404680297 0.0252764206
v 0.00913363602 -0.0406051204 0.0250222608
v 0.00911301281 -0.0404828116 0.0251563098
v 0.00820052624 -0.0406173393 0.0248900596
v 0.00817805529 -0.0404989086 0.0250195209
v 0.00726944208 -0.0406304486 0.0247413497
v 0.0157034304 -0.040674679 0.0253368001
v 0.0147730699 -0.0407783911 0.0251414105
v 0.0147663904 -0.0406767093 0.0253156405
v 0.0138394199 -0.0407806598 0.0251077395
v 0.01382952 -0.0406799912 0.0252800491
v 0.0129061304 -0.0407837592 0.0250601694
v 0.0128931403 -0.0406844616 0.0252298098
v 0.0119733196 -0.0407875106 0.0249982402
v 0.0119573995 -0.0406900011 0.0251646601
v 0.0110411597 -0.0407919809 0.0249217693
v 0.0110224402 -0.0406965017 0.0250843707
v 0.01010984 -0.0407971106 0.0248303991
v 0.0100886198 -0.0407039486 0.0249886494
v 0.00917959213 -0.0408027098 0.02472388
v 0.00915598776 -0.0407121703 0.0248773005
v 0.0082505336 -0.040808849 0.0246018097
v 0.008224844 -0.040721111 0.0247499906
v 0.00732296705 -0.0408154093 0.0244639497
v 0.00729542878 -0.0407306515 0.0246065799
v 0.00639730599 -0.0408223197 0.0243100505
v 0.00636815978 -0.0407407805 0.0244467799
v 0.00547379209 -0.0408295318 0.0241398793
v 0.0101992404 -0.0409926102 0.0241654497
v 0.00927883293 -0.0409928486 0.0240791403
v 0.0111197196 -0.0409924313 0.0242385808
v 0.0157138705 -0.0409229286 0.0247939806
v 0.0147870099 -0.0409234092 0.0247765109
v 0.0147799803 -0.0408607088 0.0249606892
v 0.0138600999 -0.0409241915 0.0247469507
v 0.0138496701 -0.0408621393 0.0249290392
v 0.0129332496 -0.0409252606 0.0247048102
v 0.0129195396 -0.0408640504 0.0248841606
v 0.0120066404 -0.0409265682 0.02464973
v 0.0119898301 -0.0408664308 0.0248256307
v 0.01108032 -0.0409281217 0.0245812498
v 0.0110605303 -0.0408692881 0.02475309
v 0.0101544196 -0.0409298502 0.0244989898
v 0.0101319496 -0.0408724509 0.0246662404
v 0.00922906306 -0.0409318209 0.0244025495
v 0.00920408871 -0.0408760309 0.0245647393
v 0.0083043566 -0.0409339592 0.0242914502
v 0.00827717688 -0.0408798382 0.0244480893
v 0.00738066388 -0.0409362316 0.0241652709
v 0.00735157682 -0.0408839509 0.0243160091
v 0.00645822193 -0.0409386083 0.0240237098
v 0.00642746594 -0.0408882983 0.0241682492
v 0.00553744985 -0.0409411117 0.0238662902
v 0.00550532294 -0.0408928916 0.0240043905
v 0.00461870385 -0.0409436785 0.0236927196
v 0.004585444 -0.0408975407 0.0238241497
v 0.00370222307 -0.0409463011 0.0235025808
v 0.0157174394 -0.0409666188 0.0246080104
v 0.0147940498 -0.0409668609 0.0245918594
v 0.0138705904 -0.0409672186 0.0245643202
v 0.0129470201 -0.0409676395 0.0245249793
v 0.0120235002 -0.0409682319 0.0244733002
v 0.0111001097 -0.0409688912 0.0244088694
v 0.0101769501 -0.0409696586 0.0243312698
v 0.00925409701 -0.0409705006 0.0242398903
v 0.00833165646 -0.0409713909 0.0241343305
v 0.00740987016 -0.0409724116 0.0240141097
v 0.00648909807 -0.0409734212 0.0238787495
v 0.00556969596 -0.0409744903 0.0237278901
v 0.00465202285 -0.0409756303 0.0235610008
v 0.0037364359 -0.040976759 0.0233776495
v 0.0120401904 -0.0409922488 0.0242989603
v 0.01296061 -0.0409921408 0.0243471805
v 0.00835853815 -0.0409930311 0.0239790604
v -0.0119542396 -0.0408535004 0.0170869809
v -0.0119318301 -0.0408873484 0.0170549694
v -0.01116871 -0.0408522412 0.0176243708
v -0.0111471396 -0.0408871695 0.0175921898
v -0.0103718601 -0.0408486091 0.0181445405
v -0.01035034 -0.0408843718 0.01811116
v -0.0095641613 -0.0408426486 0.0186474305
v -0.00954246521 -0.0408798382 0.0186123196
v -0.00874602702 -0.0408346616 0.0191329699
v -0.00872391369 -0.0408737585 0.0190956499
v -0.00791793969 -0.0408247113 0.0196010992
v -0.00789528992 -0.0408661291 0.0195611101
v -0.00708037615 -0.0408129618 0.0200517103
v -0.00705701113 -0.0408571884 0.0200085603
v -0.00623381091 -0.0407996699 0.0204847399
v -0.00620967103 -0.0408469997 0.0204380695
v -0.00537872314 -0.0407848917 0.0209000707
v -0.00535374787 -0.0408357307 0.0208495203
v -0.00451558782 -0.0407687984 0.0212976895
v -0.00448983908 -0.0408234484 0.0212428495
v -0.00364482403 -0.0407516286 0.0216776095
v -0.00361829903 -0.0408103392 0.0216181204
v -0.00276696589 -0.0407334492 0.0220397692
v -0.00273972703 -0.0407964513 0.0219753906
v -0.00188231398 -0.0407144986 0.0223842803
v -0.00185441901 -0.0407820307 0.0223147795
v -0.000991337001 -0.0406948887 0.0227111503
v -0.000962981023 -0.0407670103 0.0226362906
v -9.4446099e-05 -0.0406747982 0.0230203196
v -6.57389974e-05 -0.0407516882 0.0229400303
v 0.000807929027 -0.0406544209 0.0233119708
v 0.000836817024 -0.0407361314 0.0232260805
v 0.00171536196 -0.0406338498 0.0235860292
v 0.00174421002 -0.0407203995 0.0234944802
v 0.00262743211 -0.0406132899 0.0238425694
v 0.00265604211 -0.0407047197 0.0237452891
v 0.00354379392 -0.0405929014 0.0240816399
v 0.00357198692 -0.0406891108 0.0239787102
v 0.00446414901 -0.0405728184 0.0243034307
v 0.00449162722 -0.0406737886 0.0241948292
v 0.00538808107 -0.0405532084 0.0245079901
v 0.00541460514 -0.0406588316 0.0243939105
v 0.00631523086 -0.0405342504 0.02469551
v 0.00634068204 -0.0406443402 0.0245760009
v 0.00724536087 -0.040516071 0.0248659197
v -0.0103270998 -0.0409157202 0.0180750396
v -0.0103024198 -0.0409422517 0.0180369001
v -0.00951898005 -0.0409124382 0.0185743496
v -0.00949418545 -0.0409399793 0.0185341798
v -0.00870001316 -0.0409079716 0.0190552995
v -0.00867473986 -0.0409369394 0.0190125704
v -0.00787079334 -0.0409024283 0.0195178296
v -0.00784486532 -0.0409331284 0.0194719993
v -0.00703173783 -0.0408959314 0.0199619494
v -0.00700503495 -0.0409286618 0.0199125409
v -0.0061835642 -0.0408884808 0.0203875806
v -0.00615596678 -0.0409235917 0.0203341804
v -0.00532674696 -0.0408802591 0.0207947399
v -0.0052981968 -0.0409179293 0.0207368694
v -0.0044619441 -0.0408713184 0.0211834908
v -0.00443243887 -0.04091179 0.02112066
v -0.00358962989 -0.0408617817 0.0215537492
v -0.00355923106 -0.0409052297 0.0214856807
v -0.00271022297 -0.0408516489 0.0219057705
v -0.00267904904 -0.0408983193 0.0218320992
v -0.00182431901 -0.0408410989 0.0222396199
v -0.00179242995 -0.0408911109 0.0221601091
v -0.000932306983 -0.0408301912 0.0225554109
v -0.000899850973 -0.0408836007 0.0224697497
v -3.46847992e-05 -0.0408190414 0.0228531901
v -1.82658005e-06 -0.0408759713 0.0227612797
v 0.000868065981 -0.0408076607 0.0231331494
v 0.000901131018 -0.0408681594 0.0230348706
v 0.00177544297 -0.0407962203 0.0233954098
v 0.00180846395 -0.0408603512 0.0232906304
v 0.00268703606 -0.0407847688 0.0236400291
v 0.00271981908 -0.0408524796 0.0235286895
v 0.00360244489 -0.0407733917 0.0238672998
v 0.00363469101 -0.0408446714 0.0237494707
v 0.00452130986 -0.0407622382 0.0240773503
v 0.00455278112 -0.0408370383 0.0239530802
v 0.00544333411 -0.0407513306 0.0242704693
v -0.0109949699 -0.0409979187 0.0173660498
v -0.0117771598 -0.0409971997 0.0168340802
v -0.0117701804 -0.0409988686 0.0168241803
v -0.00938981678 -0.0409977995 0.0183653794
v -0.0101989498 -0.0409978591 0.0178763792
v -0.00773590803 -0.0409975611 0.0192795899
v -0.00856852531 -0.0409976803 0.0188330393
v -0.006039917 -0.0409971997 0.0201097094
v -0.0068927398 -0.0409973785 0.0197051093
v -0.0102247503 -0.0409913585 0.0179164391
v -0.00941586401 -0.0409910008 0.0184074603
v -0.00859498885 -0.0409905314 0.0188778006
v -0.00776308682 -0.0409899913 0.0193275809
v -0.00692075398 -0.0409893282 0.0197568499
v -0.00606882479 -0.0409885608 0.02016568
v -0.00520813419 -0.04098773 0.0205541793
v -0.0102508599 -0.040980041 0.0179569107
v -0.00944214966 -0.0409792587 0.0184500199
v -0.00862181094 -0.0409781896 0.0189231001
v -0.00779056503 -0.0409768783 0.0193760898
v -0.00694906712 -0.0409753285 0.0198091809
v -0.00609809114 -0.0409736 0.0202223007
v -0.00523841288 -0.0409716293 0.0206155702
v -0.00437068893 -0.040969491 0.02098912
v -0.0118568502 -0.0409642383 0.0169479195
v -0.0110732904 -0.0409645401 0.0174825098
v -0.0102769099 -0.0409636982 0.0179972593
v -0.00946837571 -0.0409622714 0.0184925105
v -0.00864851382 -0.0409603715 0.0189682804
v -0.00781792402 -0.0409579799 0.0194245502
v -0.00697731879 -0.0409551188 0.0198613405
v -0.00612729695 -0.0409519598 0.02027875
v -0.00526857283 -0.040948391 0.0206767898
v -0.00440186216 -0.0409445688 0.0210555103
v -0.00352769997 -0.0409404598 0.0214150492
v 0.00184273697 -0.0409122109 0.0231819097
v 0.000970384979 -0.040954411 0.0228289291
v 0.000935430988 -0.0409171507 0.0229328796
v 6.69942019e-05 -0.0409571491 0.02256882
v 3.22593005e-05 -0.0409220383 0.02266597
v -0.000831872982 -0.0409597717 0.0222903993
v -0.000866183022 -0.04092687 0.0223809406
v -0.00172561395 -0.040962331 0.0219935104
v -0.00175934995 -0.0409315191 0.0220775604
v -0.00261372305 -0.0409648418 0.0216777902
v -0.00264668395 -0.0409361087 0.0217556898
v -0.0034956329 -0.0409672186 0.0213431101
v -0.00430852082 -0.0409967788 0.0208567306
v -0.00433945609 -0.0409867689 0.0209225398
v -0.00254797889 -0.0409963094 0.0215225201
v -0.00343161798 -0.0409965515 0.0211996399
v -0.000763464021 -0.0409957692 0.0221099202
v -0.00165838003 -0.0409960113 0.02182585
v 0.00104004098 -0.0409951806 0.0226217508
v 0.000136250994 -0.0409954712 0.0223750994
v -0.00346344709 -0.040985819 0.0212709308
v -0.00258070207 -0.0409847982 0.0215997007
v -0.001691818 -0.0409836695 0.0219091699
v -0.000797468005 -0.0409826003 0.0221996307
v 0.000101826001 -0.0409814715 0.0224714205
v 0.00100541103 -0.0409802683 0.0227247402
v -0.00964576006 -0.0405111313 0.0187793896
v -0.00800311472 -0.0404553413 0.0197515395
v -0.00882905722 -0.0404862091 0.0192733407
v -0.00716817286 -0.0404189192 0.0202139001
v -0.00632452918 -0.0403774902 0.0206602197
v -0.00547253992 -0.0403315984 0.0210903194
v -0.0046124449 -0.0402816497 0.0215040408
v -0.00374466111 -0.0402282402 0.0219012406
v -0.00286942697 -0.0401718616 0.02228182
v -0.00198704004 -0.0401129089 0.0226455908
v -0.00109791697 -0.0400520489 0.0229924303
v -0.000202402996 -0.0399895906 0.0233222805
v 0.000699293974 -0.0399262309 0.0236349702
v 0.0156875793 -0.0395534001 0.0261632204
v 0.0147349797 -0.0395625196 0.0261363909
v 0.0147333099 -0.0393776782 0.0261797905
v 0.0137830302 -0.0395771787 0.0260916892
v 0.0137805296 -0.0393942483 0.0261346102
v 0.01283204 -0.0395970307 0.0260291006
v 0.0128288204 -0.0394166112 0.0260713603
v 0.0118823601 -0.0396216512 0.02594864
v 0.0118784299 -0.0394443795 0.0259901192
v 0.0109344097 -0.0396506116 0.0258502904
v 0.0109297596 -0.0394771583 0.0258908197
v 0.00998842716 -0.03968364 0.0257341191
v 0.00998312235 -0.0395143591 0.0257735793
v 0.00904470589 -0.0397201702 0.0256000701
v 0.00903886463 -0.0395556018 0.0256382804
v 0.00810372829 -0.0397599302 0.0254481398
v 0.00809734967 -0.0396004915 0.0254850909
v 0.00716572907 -0.0398024917 0.0252784397
v 0.007158875 -0.0396484695 0.0253139697
v 0.0062310691 -0.0398473702 0.0250909906
v 0.00622379687 -0.0396991894 0.0251250193
v 0.00530010415 -0.0398942791 0.0248857699
v 0.0052925339 -0.0397521183 0.0249183103
v 0.00437313318 -0.039942801 0.0246629696
v 0.0043652649 -0.0398068987 0.0246939603
v 0.00345051195 -0.0399925113 0.0244225804
v 0.00344246603 -0.0398629904 0.0244519096
v 0.00253260089 -0.040042989 0.0241646096
v 0.00252443505 -0.0399199687 0.0241923891
v 0.00161975599 -0.0400938913 0.0238891803
v 0.00161152997 -0.0399774313 0.0239152908
v 0.000712289999 -0.0401448011 0.0235963408
v 0.000704050995 -0.0400348902 0.0236208402
v -0.000189487997 -0.0401953384 0.0232861601
v -0.000197675006 -0.0400918685 0.0233090501
v -0.00108516205 -0.0402450487 0.0229588095
v -0.00109326805 -0.0401479602 0.0229801498
v -0.00197452307 -0.040293511 0.0226143003
v -0.00198245002 -0.0402027294 0.0226341393
v -0.00285714795 -0.0403404795 0.0222528502
v -0.00286489702 -0.0402556583 0.0222712103
v -0.00373268104 -0.0403853618 0.0218744799
v -0.00374025106 -0.0403063782 0.0218914691
v -0.00460088206 -0.0404279195 0.0214793608
v -0.00460821297 -0.0403543711 0.0214950405
v -0.00546127511 -0.0404676683 0.0210675504
v -0.00546842813 -0.0403992496 0.0210819803
v -0.00631368114 -0.0405042097 0.0206392407
v -0.00632053614 -0.0404404886 0.0206525307
v -0.00715762284 -0.0405372307 0.0201945305
v -0.00716429902 -0.0404776894 0.0202067997
v -0.00799292326 -0.0405661985 0.0197335407
v -0.00799935963 -0.0405104682 0.0197449904
v -0.00881910324 -0.040590819 0.0192565303
v -0.00882542133 -0.0405382514 0.0192671996
v -0.00963598397 -0.040610671 0.0187635999
v -0.00964218285 -0.0405605994 0.0187736098
v -0.0104431501 -0.0406253301 0.0182549898
v -0.0104492903 -0.0405771695 0.0182644706
v -0.0112464996 -0.0405874215 0.0177399497
v -0.0120329801 -0.040590819 0.0171995107
v 0.0147405202 -0.0399276614 0.0259914901
v 0.0147373602 -0.0397468209 0.0260737501
v 0.0137911998 -0.0399386212 0.0259483997
v 0.0137865497 -0.0397595689 0.02602976
v 0.0128428303 -0.0399534106 0.0258880202
v 0.0128366901 -0.0397769213 0.0259680692
v 0.0118955905 -0.0399717614 0.0258102398
v 0.0118880803 -0.0397983715 0.0258888006
v 0.01094996 -0.0399934016 0.0257151108
v 0.0109411404 -0.0398236513 0.0257918797
v 0.0100060701 -0.0400180183 0.0256025102
v 0.00999605563 -0.0398523808 0.02567726
v 0.00906437635 -0.040045321 0.0254724603
v 0.00905323029 -0.0398842618 0.0255449396
v 0.00812512636 -0.0400749408 0.0253249407
v 0.00811296701 -0.0399188884 0.0253948495
v 0.00718861818 -0.0401066504 0.0251598302
v 0.0071756239 -0.0399560295 0.0252271798
v 0.00625526905 -0.0401402116 0.0249772593
v 0.00624155905 -0.0399951898 0.0250418093
v 0.00532537606 -0.0401751883 0.0247771703
v 0.0053110118 -0.0400360785 0.0248388592
v 0.00439929916 -0.0402113684 0.0245596096
v 0.00438445807 -0.0400783382 0.0246182606
v 0.00347733404 -0.0402484499 0.0243245307
v 0.00346213509 -0.0401216708 0.0243801996
v 0.00255990005 -0.04028612 0.0240719896
v 0.00254440308 -0.0401657186 0.0241245609
v 0.00164723303 -0.0403240882 0.0238020401
v 0.00163161696 -0.0402100608 0.0238515101
v 0.000739788986 -0.0403620601 0.0235145595
v 0.000724178972 -0.04025447 0.0235610008
v -0.000162160999 -0.0403997302 0.0232097507
v -0.000177673006 -0.0402985215 0.0232531391
v -0.00105822005 -0.0404368006 0.0228875801
v -0.00107353902 -0.0403418504 0.0229279902
v -0.001947999 -0.0404729806 0.0225481894
v -0.00196307804 -0.0403841101 0.0225857403
v -0.00283121993 -0.0405079685 0.0221915804
v -0.00284594204 -0.0404249988 0.0222263299
v -0.00370746804 -0.0405415185 0.0218178593
v -0.00372177293 -0.0404641591 0.0218499806
v -0.00457632495 -0.0405732282 0.0214271508
v -0.00459027197 -0.0405012295 0.0214567706
v -0.005437552 -0.0406029187 0.0210193899
v -0.00545102311 -0.0405359194 0.0210467502
v -0.00629073288 -0.0406301618 0.0205948297
v -0.00630372716 -0.0405678116 0.0206200406
v -0.00713544991 -0.040654771 0.0201534592
v -0.00714802695 -0.040596541 0.0201767609
v -0.00797134638 -0.0406764112 0.0196954608
v -0.00798356533 -0.0406218097 0.0197170898
v -0.00879812241 -0.0406947695 0.0192210004
v -0.00881004333 -0.0406432711 0.0192411505
v -0.00961530209 -0.0407095514 0.0187302195
v -0.0096270442 -0.0406606086 0.01874917
v -0.0104226395 -0.0407205187 0.0182232205
v -0.0104342597 -0.0406733714 0.0182412192
v -0.0112197297 -0.0407273099 0.0177001897
v -0.01200586 -0.0407293402 0.0171607099
v 0.0156946704 -0.040262159 0.0257939603
v 0.0156923495 -0.0400963388 0.0259149596
v 0.0147489896 -0.0402668118 0.0257697105
v 0.0147444 -0.0401020013 0.0258898698
v 0.0138037801 -0.0402742587 0.0257290602
v 0.0137969796 -0.0401111804 0.02584791
v 0.0128593398 -0.0402843915 0.0256720092
v 0.0128504001 -0.0401235782 0.0257890206
v 0.0119159203 -0.0402969718 0.0255983993
v 0.0119048897 -0.0401389487 0.0257131997
v 0.0109737497 -0.04031175 0.0255081002
v 0.0109608704 -0.0401570685 0.0256202798
v 0.0100331903 -0.0403285585 0.0254010502
v 0.0100185201 -0.0401776992 0.0255102497
v 0.0090944171 -0.0403472111 0.0252771303
v 0.00907814503 -0.0402005315 0.02538299
v 0.00815784931 -0.0403674804 0.0251362305
v 0.00814008713 -0.0402253196 0.0252384506
v 0.00722366478 -0.0403891802 0.0249782801
v 0.00720471097 -0.0402519107 0.0250766203
v 0.00629234314 -0.0404121205 0.0248031598
v 0.00627225591 -0.0402799807 0.0248975102
v 0.00536412001 -0.0404360183 0.0246108696
v 0.00534313917 -0.0403092988 0.0247009899
v 0.00443935301 -0.0404607616 0.0244013593
v 0.00441765692 -0.0403395817 0.0244870707
v 0.00351840211 -0.0404861495 0.0241745096
v 0.00349617004 -0.0403706394 0.0242558103
v 0.00260162307 -0.0405118987 0.0239302497
v 0.00257897307 -0.0404021703 0.0240070801
v 0.00168931403 -0.0405378304 0.0236685798
v 0.00166648603 -0.0404339992 0.0237408802
v 0.000781885989 -0.0405638218 0.0233893897
v 0.000759078015 -0.0404657684 0.0234572198
v -0.000120327 -0.040589571 0.0230927393
v -0.000142991994 -0.0404972993 0.0231561009
v -0.00101685501 -0.0406148992 0.0227785707
v -0.001039266 -0.0405283496 0.0228376295
v -0.001907408 -0.0406396315 0.0224469304
v -0.001929402 -0.0405586883 0.0225017592
v -0.002791523 -0.0406635888 0.0220977608
v -0.00281304098 -0.0405879617 0.0221485998
v -0.0036687851 -0.0406864807 0.0217311904
v -0.00368970609 -0.0406160317 0.0217781607
v -0.00453877402 -0.0407081805 0.0213471595
v -0.00455915881 -0.0406426117 0.0213904902
v -0.0054011941 -0.0407284386 0.0209456608
v -0.00542092277 -0.0406674705 0.0209856592
v -0.00625556707 -0.0407470986 0.0205268208
v -0.00627458002 -0.0406902991 0.0205636602
v -0.00710141612 -0.0407639705 0.0200905707
v -0.00711983396 -0.0407109186 0.0201246701
v -0.00793832541 -0.0407787487 0.01963716
v -0.00795620587 -0.0407290384 0.0196687505
v -0.00876593497 -0.0407912694 0.0191666391
v -0.00878334045 -0.0407444201 0.0191960894
v -0.00958371069 -0.0408013985 0.0186790805
v -0.00960081816 -0.0407567583 0.0187067892
v -0.0103912903 -0.0408089086 0.0181745794
v -0.0104082804 -0.0407659411 0.0182009302
v 0.0138809001 -0.0409920216 0.0243838392
v 0.0148010803 -0.0409919582 0.0244092904
v -0.0118103595 -0.040990591 0.0168669205
v -0.0117999297 -0.0409946404 0.0168520808
v -0.0117840096 -0.0409967303 0.01682931
v -0.01177698 -0.0409976207 0.0168192908
v -0.0118425405 -0.0409778915 0.0169128701
v -0.0118371202 -0.040980041 0.0169051792
v -0.0118177496 -0.0409876704 0.0168774705
v -0.0118827196 -0.0409504697 0.0169702694
v -0.01186358 -0.0409635305 0.0169429109
v -0.0118572703 -0.0409678183 0.0169339702
v -0.0119196698 -0.0409133397 0.0170230195
v -0.0119150197 -0.0409179293 0.0170164704
v -0.0118947597 -0.0409383103 0.0169875007
v -0.0118897501 -0.0409433804 0.01698035
v -0.0119526302 -0.0408676192 0.0170701705
v -0.0119385701 -0.0408871099 0.01705008
v -0.0119294496 -0.0408996902 0.0170370899
v -0.0120046102 -0.0407559797 0.0171443801
v -0.0119978096 -0.0407729708 0.0171346609
v -0.0119875604 -0.0407985412 0.0171200596
v -0.0119810104 -0.0408149287 0.0171106998
v -0.0119606201 -0.0408527814 0.0170815494
v -0.0120267803 -0.0406727083 0.0171760302
v -0.0120246401 -0.0406838618 0.0171729904
v -0.0120229702 -0.0406924412 0.0171706006
v -0.0120124202 -0.0407290384 0.0171555206
v -0.0120097902 -0.0407380983 0.0171517693
v -0.0120336404 -0.0406373106 0.0171857998
v -0.0120358402 -0.0406256318 0.0171890203
v -0.01203823 -0.0406037495 0.01719236
v -0.0120395999 -0.0405907594 0.0171943307
v -0.0120431697 -0.040557079 0.0171994492
v -0.0120435897 -0.0405448601 0.0172000509
v -0.0120440098 -0.0405326411 0.0172006395
v -0.0122160297 -0.0409979783 0.0165184699
v 0.0147789698 -0.0407991409 -0.0147789698
v 0.01476961 -0.0408144481 -0.01476961
v 0.0143825402 -0.0408151112 -0.0151477996
v 0.0148063796 -0.0407385789 -0.0148063796
v 0.0147908302 -0.0407729112 -0.0147908302
v 0.0144034596 -0.0407735705 -0.01516979
v 0.0148273697 -0.0406730101 -0.0148273697
v 0.0148239098 -0.0406837389 -0.0148239098
v 0.0144354096 -0.0406840406 -0.0152034098
v 0.0148414904 -0.0406039283 -0.0148414904
v 0.0148347002 -0.0406371914 -0.0148347002
v 0.0144462502 -0.040637549 -0.0152148604
v -0.0109440004 -0.0409979783 -0.0173872709
v -0.0104899397 -0.0409979783 -0.0176649
v -0.00762861921 -0.0409979783 -0.0190759804
v 0.000700204982 -0.0409979783 -0.0205329005
v 0.01122713 -0.0409979783 -0.0172059499
v 0.00891041663 -0.0409979783 -0.0185119491
v 0.0116690304 -0.0409979783 -0.0169092994
v -0.0132706696 -0.0408881307 -0.0160361491
v -0.0128508201 -0.0408881307 -0.0163745191
v -0.0128251901 -0.0409184583 -0.0163418595
v -0.0124452095 -0.0408535004 -0.0167327505
v -0.0120075904 -0.0408535004 -0.0170494895
v -0.0119854799 -0.0408881307 -0.0170180704
v -0.0115618696 -0.0408535004 -0.0173547808
v -0.0111084497 -0.0408535004 -0.0176484492
v -0.0110879503 -0.0408881307 -0.0176159702
v -0.00970464945 -0.0408535004 -0.0184577703
v -0.00922328234 -0.0408535004 -0.0187029801
v -0.00920629501 -0.0408881307 -0.0186685305
v -0.00568825006 -0.0408881307 -0.0200228002
v -0.0051676631 -0.0408881307 -0.0201634094
v -0.00515735103 -0.0409184583 -0.02012318
v -0.00465220213 -0.0408535004 -0.0203279201
v -0.00412404491 -0.0408535004 -0.0204415899
v -0.00411647512 -0.0408881307 -0.0204039793
v -0.0035931461 -0.0408535004 -0.0205415394
v -0.00305980397 -0.0408535004 -0.0206277296
v -0.0030542009 -0.0408881307 -0.0205897
v -0.00252443505 -0.0408535004 -0.0207000896
v -0.00198733807 -0.0408535004 -0.0207585599
v -0.00198370195 -0.0408881307 -0.0207202993
v 0.00285750604 -0.0408881307 -0.0206180196
v 0.00339066889 -0.0408881307 -0.0205370709
v 0.00338387396 -0.0409184583 -0.0204961207
v 0.00392878009 -0.0408535004 -0.0204800908
v 0.00445795013 -0.0408535004 -0.02037137
v 0.00444972515 -0.0408881307 -0.0203338806
v 0.00498413993 -0.0408535004 -0.0202490594
v 0.00550705101 -0.0408535004 -0.0201131105
v 0.00549685908 -0.0408881307 -0.0200760905
v 0.00602620794 -0.0408535004 -0.0199637394
v 0.00654131081 -0.0408535004 -0.0198009592
v 0.00652927114 -0.0408881307 -0.0197644792
v 0.00805902388 -0.0408535004 -0.0192333404
v 0.00855451822 -0.0408535004 -0.0190180503
v 0.00853878167 -0.0408881307 -0.0189830605
v 0.0100052897 -0.0408535004 -0.0182964206
v 0.0104759298 -0.0408535004 -0.0180311203
v 0.0104566198 -0.0408881307 -0.0179979205
v 0.0109395301 -0.0408535004 -0.0177537203
v 0.0113957496 -0.0408535004 -0.01746439
v 0.0113747697 -0.0408881307 -0.0174322706
v 0.0127173001 -0.0408535004 -0.0165268108
v 0.0131411497 -0.0408535004 -0.0161918402
v 0.0131169502 -0.0408881307 -0.0161620304
v 0.01435869 -0.0408535004 -0.0151227098
v 0.0147456499 -0.0408535004 -0.0147456499
v 0.0147179896 -0.0408873484 -0.0147179896
v -0.0123258801 -0.0409440883 0.0166669991
v -0.0122711603 -0.0409806892 0.0165929701
v -0.0122434404 -0.0409916006 0.0165554807
v -0.0138592096 -0.0409979783 0.0151661001
v -0.01424741 -0.0409979783 0.0148020303
v -0.01229876 -0.0409648418 0.0166303497
v -0.0191982891 -0.0409979783 0.00731551601
v -0.0199823901 -0.0409979783 0.00477427198
v -0.02009934 -0.0409979783 0.00425505592
v -0.0184212308 -0.0409806892 0.00930392742
v -0.0186560098 -0.0409806892 0.00882363319
v -0.0186139308 -0.0409916006 0.00880372524
v -0.0189208295 -0.0409648418 0.00835615303
v -0.0191309992 -0.0409648418 0.00786322262
v -0.0190880205 -0.0409806892 0.00784557965
v -0.0196838304 -0.0409648418 0.00635415316
v -0.0198417902 -0.0409648418 0.00584208919
v -0.0197972003 -0.0409806892 0.00582897617
v -0.0199864507 -0.0409648418 0.00532615092
v -0.0201177001 -0.0409648418 0.00480657816
v -0.0200724602 -0.0409806892 0.00479578879
v -0.0204301998 -0.0409648418 0.00323009398
v -0.0205070898 -0.0409648418 0.00269979192
v -0.0204610191 -0.0409806892 0.00269371201
v -0.01235204 -0.0409184583 0.0167023502
v -0.0123995496 -0.0408535004 0.0167666003
v -0.0202129409 -0.0409979783 -0.003677845
v -0.0204375293 -0.0409979783 -0.00209736801
v -0.0201108996 -0.0409979783 -0.00420022011
v -0.0170198604 -0.0409979783 -0.0115070902
v -0.0178620201 -0.0409979783 -0.0101509001
v -0.0167160593 -0.0409979783 -0.0119441096
v -0.02070635 -0.0408881307 -0.00212490489
v -0.0206442997 -0.0408881307 -0.00266057206
v -0.0206031203 -0.0409184583 -0.00265526702
v -0.0206063893 -0.0408535004 -0.00320035196
v -0.0205165707 -0.0408535004 -0.00373309804
v -0.0204787795 -0.0408881307 -0.00372624304
v -0.0201648399 -0.0408535004 -0.00531482603
v -0.0200204197 -0.0408535004 -0.005835413
v -0.01998353 -0.0408881307 -0.00582462503
v -0.0180969201 -0.0408881307 -0.0102844201
v -0.0178244095 -0.0408881307 -0.0107496902
v -0.01778882 -0.0409184583 -0.01072824
v -0.0175723396 -0.0408535004 -0.0112284999
v -0.01727557 -0.0408535004 -0.0116799399
v -0.0172437392 -0.0408881307 -0.0116584301
v -0.0163165908 -0.0408535004 -0.0129860602
v -0.0159747005 -0.0408535004 -0.01340436
v -0.0159453098 -0.0408881307 -0.0133796902
v -0.0124751898 -0.040637549 0.0168688204
v -0.0124534303 -0.0407296382 0.0168394409
v -0.0124381697 -0.0407735705 0.0168188196
v -0.0124657704 -0.0406840406 0.0168561302
v -0.0124816801 -0.0405909382 0.0168776494
v -0.0179809891 -0.0405449197 -0.0108441096
v -0.0176939908 -0.0405449197 -0.0113062803
v -0.0173951909 -0.0405449197 -0.0117608299
v -0.0170847103 -0.0405449197 -0.0122074997
v -0.01900631 -0.0405449197 -0.00892591383
v -0.0187687203 -0.0405449197 -0.00941532757
v -0.0185185596 -0.0405449197 -0.00989836361
v -0.0200001001 -0.0405449197 -0.00639605522
v -0.0198276602 -0.0405449197 -0.00691199303
v -0.0196419302 -0.0405449197 -0.0074232812
v -0.0194430295 -0.0405449197 -0.00792956259
v -0.0192310791 -0.0405449197 -0.00843060017
v -0.0182558801 -0.0405449197 -0.0103747202
v -0.0204362795 -0.0405449197 -0.00482386304
v -0.0203044992 -0.0405449197 -0.00535160303
v -0.0201590601 -0.0405449197 -0.00587582495
v -0.02065867 -0.0405449197 -0.00375896599
v -0.02055436 -0.0405449197 -0.00429284479
v -0.0209712293 -0.0405449197 -0.00105887605
v -0.0209367797 -0.0405449197 -0.00160175504
v -0.0208882 -0.0405449197 -0.00214362098
v -0.0209322497 -0.0405449197 0.00165885605
v -0.0209681895 -0.0405449197 0.00111609604
v -0.02099007 -0.0405449197 0.000572556979
v -0.0209978204 -0.0405449197 2.86295999e-05
v -0.0209915601 -0.0405449197 -0.00051531702
v -0.0208256803 -0.0405449197 -0.00268393708
v -0.0207490902 -0.0405449197 -0.00322252489
v -0.0205425601 -0.0405449197 0.00434887409
v -0.0206483603 -0.0405449197 0.00381529308
v -0.0207403302 -0.0405449197 0.003279089
v -0.0208182894 -0.0405449197 0.00274074008
v -0.0208822992 -0.0405449197 0.00220054295
v -0.0201429091 -0.0405449197 0.0059307809
v -0.0202897694 -0.0405449197 0.00540697481
v -0.0204229895 -0.0405449197 0.00487953378
v -0.0192080103 -0.0405449197 0.00848299172
v -0.0194213297 -0.0405449197 0.00798261072
v -0.0196216702 -0.0405449197 0.00747680617
v -0.0184914395 -0.0405449197 0.00994879007
v -0.0187429097 -0.0405449197 0.00946640875
v -0.0189818107 -0.0405449197 0.0089777112
v -0.0198087599 -0.0405449197 0.00696605397
v -0.0199825708 -0.0405449197 0.00645059301
v -0.01795136 -0.0405449197 0.0108931595
v -0.0182275102 -0.0405449197 0.0104244901
v -0.0163937807 -0.0405449197 0.0131207099
v -0.0167281609 -0.0405449197 0.0126916096
v -0.0170513298 -0.0405449197 0.01225405
v -0.0173630696 -0.0405449197 0.0118082101
v -0.0176631808 -0.0405449197 0.0113545004
v -0.0145616503 -0.0405449197 0.01512843
v -0.0149486596 -0.0405449197 0.0147461798
v -0.0153256599 -0.0405449197 0.0143540502
v -0.0133430297 -0.0405449197 0.01621335
v -0.0137585402 -0.0405449197 0.0158622805
v -0.0141647998 -0.0405449197 0.0155005399
v -0.0156922899 -0.0405449197 0.0139521901
v -0.0160484295 -0.0405449197 0.0135409804
v -0.0124854399 -0.0405449197 0.0168827102
v -0.0129185896 -0.0405449197 0.0165535808
v -0.0166474506 -0.0408535004 -0.0125589902
v -0.0162865501 -0.0408881307 -0.0129621597
v -0.0178573094 -0.0408535004 -0.0107695404
v -0.0175399706 -0.0408881307 -0.0112078097
v -0.0169671699 -0.0408535004 -0.0121235196
v -0.0169359408 -0.0408881307 -0.0121012302
v -0.0181303602 -0.0408535004 -0.0103033697
v -0.0183911901 -0.0408535004 -0.00983029604
v -0.0198625308 -0.0408535004 -0.00635206606
v -0.0198259298 -0.0408881307 -0.00634032395
v -0.0186396204 -0.0408535004 -0.00935053825
v -0.0183572695 -0.0408881307 -0.00981217623
v -0.0180607997 -0.0409184583 -0.0102638602
v -0.0177512094 -0.0409440883 -0.0107055902
v -0.01887553 -0.0408535004 -0.00886452105
v -0.01860529 -0.0408881307 -0.00933331158
v -0.0183206704 -0.0409184583 -0.0097925663
v -0.0180225894 -0.0409440883 -0.0102421604
v -0.0177121703 -0.0409648418 -0.0106819803
v -0.0190988109 -0.0408535004 -0.00837260392
v -0.0188407805 -0.0408881307 -0.00884824898
v -0.0185681507 -0.0409184583 -0.00931471493
v -0.0182818696 -0.0409440883 -0.00977188256
v -0.0179829504 -0.0409648418 -0.0102196299
v -0.0176723506 -0.0409806892 -0.0106580202
v -0.0202957299 -0.0408535004 -0.00479066279
v -0.02012771 -0.0408881307 -0.00530505087
v -0.0206823908 -0.0408535004 -0.00266551902
v -0.0205684304 -0.0408881307 -0.0031944511
v -0.0204129796 -0.0408535004 -0.00426328089
v -0.0203753691 -0.0408881307 -0.00425547315
v -0.0207445603 -0.0408535004 -0.00212883903
v -0.0207927804 -0.0408535004 -0.00159078802
v -0.0206751209 -0.0408535004 0.00272190501
v -0.0207386594 -0.0408535004 0.00218540407
v -0.0207005106 -0.0408881307 0.00218141009
v -0.0208269898 -0.0408535004 -0.00105160405
v -0.0207544491 -0.0408881307 -0.00158780802
v -0.0206650402 -0.0409184583 -0.00212067296
v -0.02055954 -0.0409440883 -0.00264966395
v -0.0208471995 -0.0408535004 -0.000511772989
v -0.0207886007 -0.0408881307 -0.00104969705
v -0.0207130294 -0.0409184583 -0.00158464897
v -0.0206212904 -0.0409440883 -0.00211620308
v -0.0205143001 -0.0409648418 -0.00264382293
v -0.0208534002 -0.0408535004 2.84326998e-05
v -0.0208088104 -0.0408881307 -0.000510830025
v -0.0207471196 -0.0409184583 -0.00104755105
v -0.02066922 -0.0409440883 -0.00158131099
v -0.0205759406 -0.0409648418 -0.00211155391
v -0.0204682294 -0.0409806892 -0.00263792207
v -0.0164011102 -0.0409979783 -0.0123731401
v -0.0167535506 -0.0409916006 -0.0119708702
v -0.0164378807 -0.0409916006 -0.01240086
v -0.0167914592 -0.0409806892 -0.0119979903
v -0.0164750796 -0.0409806892 -0.01242893
v -0.0168292504 -0.0409648418 -0.0120249903
v -0.0165121499 -0.0409648418 -0.0124568902
v -0.0168663803 -0.0409440883 -0.0120515199
v -0.0165485702 -0.0409440883 -0.0124843698
v -0.0169021394 -0.0409184583 -0.0120770298
v -0.0165836196 -0.0409184583 -0.0125108296
v -0.0166168194 -0.0408881307 -0.0125358701
v -0.0193092804 -0.0408535004 -0.00787502527
v -0.0190636497 -0.0408881307 -0.00835716724
v -0.01880317 -0.0409184583 -0.00883054733
v -0.0185288694 -0.0409440883 -0.00929498579
v -0.0182416998 -0.0409648418 -0.00975036621
v -0.0179425403 -0.0409806892 -0.0101966802
v -0.0176324807 -0.0409916006 -0.0106339399
v -0.0195068102 -0.0408535004 -0.00737220002
v -0.0192737505 -0.0408881307 -0.00786054134
v -0.0190256201 -0.0409184583 -0.00834047701
v -0.0187634192 -0.0409440883 -0.00881189108
v -0.0184880998 -0.0409648418 -0.00927454233
v -0.0182006899 -0.0409806892 -0.00972843077
v -0.0179020707 -0.0409916006 -0.0101736104
v -0.0175930206 -0.0409979783 -0.0106101604
v -0.0159134809 -0.0409184583 -0.0133529902
v -0.0162540004 -0.0409184583 -0.0129362904
v -0.0158798005 -0.0409440883 -0.0133247301
v -0.0162196103 -0.0409440883 -0.0129088704
v -0.0158448797 -0.0409648418 -0.0132954102
v -0.0161839705 -0.0409648418 -0.0128805004
v -0.0158092901 -0.0409806892 -0.0132655501
v -0.0161476098 -0.0409806892 -0.0128515298
v -0.0157735907 -0.0409916006 -0.0132356202
v -0.0161111299 -0.0409916006 -0.01282256
v -0.0157382991 -0.0409979783 -0.0132060004
v -0.0160750691 -0.0409979783 -0.0127938297
v -0.0172092896 -0.0409184583 -0.01163512
v -0.0175049305 -0.0409184583 -0.0111854598
v -0.0171728693 -0.0409440883 -0.0116104996
v -0.0174679104 -0.0409440883 -0.0111617995
v -0.0171351396 -0.0409648418 -0.0115849897
v -0.0174294692 -0.0409648418 -0.0111372396
v -0.0170966294 -0.0409806892 -0.0115589397
v -0.0173903108 -0.0409806892 -0.0111122103
v -0.0170580093 -0.0409916006 -0.0115328403
v -0.0173510294 -0.0409916006 -0.0110871103
v -0.0173122194 -0.0409979783 -0.0110623203
v -0.0181596205 -0.0409916006 -0.00970649719
v -0.0184465591 -0.0409806892 -0.00925367977
v -0.0187221095 -0.0409648418 -0.00879251864
v -0.0189853292 -0.0409440883 -0.00832283404
v -0.0192352496 -0.0409184583 -0.00784486532
v -0.0194709301 -0.0408881307 -0.00735861016
v -0.0196912792 -0.0408535004 -0.00686442805
v -0.0185962301 -0.0409979783 -0.00873333216
v -0.0188161694 -0.0409979783 -0.00824868586
v -0.0188583694 -0.0409916006 -0.00826716423
v -0.0181189701 -0.0409979783 -0.0096848011
v -0.0183637701 -0.0409979783 -0.00921213627
v -0.0184049606 -0.0409916006 -0.00923281908
v -0.01863789 -0.0409916006 -0.00875294209
v -0.0186800901 -0.0409806892 -0.0087727299
v -0.0189010501 -0.0409806892 -0.00828588009
v -0.0189436004 -0.0409648418 -0.00830453634
v -0.0196549799 -0.0408881307 -0.00685179187
v -0.0196157601 -0.0409184583 -0.00683814194
v -0.0197863504 -0.0409184583 -0.00632768823
v -0.0195742808 -0.0409440883 -0.00682365801
v -0.0197445098 -0.0409440883 -0.00631433679
v -0.01953125 -0.0409648418 -0.00680863811
v -0.0197010599 -0.0409648418 -0.00630038884
v -0.0194873195 -0.0409806892 -0.00679332018
v -0.0196568295 -0.0409806892 -0.006286263
v -0.0194433294 -0.0409916006 -0.00677800085
v -0.0196124297 -0.0409916006 -0.00627207709
v -0.0193998795 -0.0409979783 -0.00676286221
v -0.0195685606 -0.0409979783 -0.00625807
v -0.0194320604 -0.0409184583 -0.00734394696
v -0.0193909407 -0.0409440883 -0.00732839108
v -0.01934826 -0.0409648418 -0.00731229689
v -0.0193048101 -0.0409806892 -0.00729584601
v -0.0192611795 -0.0409916006 -0.00727939606
v -0.0192181394 -0.0409979783 -0.00726312306
v -0.0190235302 -0.0409979783 -0.00775849819
v -0.0191945396 -0.0409440883 -0.00782823469
v -0.0191523395 -0.0409648418 -0.00781100895
v -0.0191092994 -0.0409806892 -0.00779348612
v -0.0190661494 -0.0409916006 -0.00777590182
v -0.0199953299 -0.0409979783 -0.00471979287
v -0.0201559607 -0.0409916006 -0.00420963718
v -0.0200401507 -0.0409916006 -0.00473034289
v -0.0202015601 -0.0409806892 -0.00421917392
v -0.0200855099 -0.0409806892 -0.00474107219
v -0.0202470403 -0.0409648418 -0.00422865106
v -0.0201307498 -0.0409648418 -0.00475174095
v -0.0202916805 -0.0409440883 -0.00423794892
v -0.0201751497 -0.0409440883 -0.00476223184
v -0.0203347206 -0.0409184583 -0.00424695015
v -0.0202178899 -0.0409184583 -0.00477230502
v -0.0202583596 -0.0408881307 -0.00478184223
v -0.0208456498 -0.0408535004 0.000568618998
v -0.0208150093 -0.0408881307 2.83803001e-05
v -0.0207672697 -0.0409184583 -0.000509810983
v -0.0207032505 -0.0409440883 -0.00104534603
v -0.0206237398 -0.0409648418 -0.00157785404
v -0.02052968 -0.0409806892 -0.00210678508
v -0.0204219799 -0.0409916006 -0.00263196207
v -0.0206313096 -0.0409806892 -0.000506472017
v -0.0206374507 -0.0409806892 2.81381999e-05
v -0.0206839405 -0.0409648418 2.82016008e-05
v -0.0205908399 -0.0409916006 2.80747008e-05
v -0.0205847006 -0.0409916006 -0.000505328993
v -0.0205647293 -0.0409916006 -0.00103837205
v -0.0208239499 -0.0408535004 0.00110840704
v -0.0208072606 -0.0408881307 0.000567572017
v -0.0207734704 -0.0409184583 2.83237005e-05
v -0.0207233392 -0.0409440883 -0.000508731988
v -0.0206576493 -0.0409648418 -0.00104308105
v -0.0205774307 -0.0409806892 -0.00157427695
v -0.0204833709 -0.0409916006 -0.00210201694
v -0.0203763209 -0.0409979783 -0.00262606097
v -0.0199436508 -0.0409184583 -0.00581300212
v -0.0200875401 -0.0409184583 -0.00529444218
v -0.0199014507 -0.0409440883 -0.00580072403
v -0.0200450402 -0.0409440883 -0.00528323604
v -0.0198577009 -0.0409648418 -0.00578796817
v -0.0200009309 -0.0409648418 -0.00527161313
v -0.0198130608 -0.0409806892 -0.00577497389
v -0.0199559908 -0.0409806892 -0.00525975181
v -0.0197683498 -0.0409916006 -0.00576192094
v -0.0199109297 -0.0409916006 -0.00524789002
v -0.0197241306 -0.0409979783 -0.00574904587
v -0.0198663995 -0.0409979783 -0.0052361479
v -0.0204378907 -0.0409184583 -0.00371879293
v -0.0205274206 -0.0409184583 -0.00318807294
v -0.0203946792 -0.0409440883 -0.00371092511
v -0.0204839706 -0.0409440883 -0.00318133808
v -0.0203498006 -0.0409648418 -0.00370275904
v -0.0204389002 -0.0409648418 -0.0031743641
v -0.0203040801 -0.0409806892 -0.00369441509
v -0.0203929506 -0.0409806892 -0.00316721201
v -0.0202582404 -0.0409916006 -0.00368606998
v -0.0203469303 -0.0409916006 -0.00316005899
v -0.0203013998 -0.0409979783 -0.0031530261
v -0.0205309298 -0.0409916006 -0.00157076097
v -0.0206112806 -0.0409806892 -0.00104069698
v -0.0206777398 -0.0409648418 -0.000507613004
v -0.0207295399 -0.0409440883 2.82636993e-05
v -0.0207657795 -0.0409184583 0.000566439005
v -0.0207856204 -0.0408881307 0.00110638095
v -0.0207883101 -0.0408535004 0.00164747203
v -0.0205448195 -0.0409979783 2.80119002e-05
v -0.0205386803 -0.0409979783 -0.000504199008
v -0.0205187201 -0.0409979783 -0.001036047
v -0.0204850398 -0.0409979783 -0.00156724395
v -0.0207499806 -0.0408881307 0.00164443196
v -0.0207086205 -0.0409184583 0.00164115406
v -0.0206591394 -0.0409184583 0.00217705895
v -0.0206647497 -0.0409440883 0.00163769699
v -0.0206154492 -0.0409440883 0.00217241002
v -0.0206193309 -0.0409648418 0.00163406099
v -0.02057009 -0.0409648418 0.00216764188
v -0.0205730107 -0.0409806892 0.00163036503
v -0.0205239002 -0.0409806892 0.00216275407
v -0.0205265209 -0.0409916006 0.00162672903
v -0.0204775296 -0.0409916006 0.00215792609
v -0.0204806309 -0.0409979783 0.00162309397
v -0.0204317495 -0.0409979783 0.00215309788
v -0.0207441393 -0.0409184583 0.00110411597
v -0.0207002107 -0.0409440883 0.00110179104
v -0.0206546709 -0.0409648418 0.00109940697
v -0.0206083003 -0.0409806892 0.00109690404
v -0.0205617491 -0.0409916006 0.00109446002
v -0.0205157902 -0.0409979783 0.001092016
v -0.0205371305 -0.0409979783 0.000560203975
v -0.0207217894 -0.0409440883 0.000565240975
v -0.0206762496 -0.0409648418 0.000563997019
v -0.0206297599 -0.0409806892 0.000562730012
v -0.0205832105 -0.0409916006 0.00056145998
v -0.0206370298 -0.0408881307 0.00271689799
v -0.0205976292 -0.0408535004 0.00325655891
v -0.0205597207 -0.0408881307 0.00325053907
v -0.0205063205 -0.0408535004 0.00378900697
v -0.0204685908 -0.0408881307 0.00378203299
v -0.0204012897 -0.0408535004 0.00431895209
v -0.0203636792 -0.0408881307 0.00431102514
v -0.0202825591 -0.0408535004 0.0048459759
v -0.0202451907 -0.0408881307 0.00483709481
v -0.0201502405 -0.0408535004 0.00536978198
v -0.0201131105 -0.0408881307 0.00535988808
v -0.0200043898 -0.0408535004 0.00588995218
v -0.0199675504 -0.0408881307 0.00587910414
v -0.0198451206 -0.0408535004 0.00640618801
v -0.0198085904 -0.0408881307 0.00639438583
v -0.0196725093 -0.0408535004 0.00691813184
v -0.0196363293 -0.0408881307 0.00690537598
v -0.0194867197 -0.0408535004 0.00742542697
v -0.0194508396 -0.0408881307 0.0074117179
v -0.0192877594 -0.0408535004 0.00792771485
v -0.0192522407 -0.0408881307 0.00791311171
v -0.0190759301 -0.0408535004 0.00842463877
v -0.0190408193 -0.0408881307 0.00840914156
v -0.0188512802 -0.0408535004 0.00891595986
v -0.0188165307 -0.0408881307 0.00889956858
v -0.0186139904 -0.0408535004 0.00940132141
v -0.0185797196 -0.0408881307 0.00938397646
v -0.0183642507 -0.0408535004 0.00988036301
v -0.0183303896 -0.0408881307 0.00986218359
v -0.0181021597 -0.0408535004 0.0103527904
v -0.01806885 -0.0408881307 0.0103337104
v -0.0178279206 -0.0408535004 0.0108182402
v -0.0177950803 -0.0408881307 0.0107983304
v -0.0175416991 -0.0408535004 0.0112764202
v -0.0175094008 -0.0408881307 0.0112556797
v -0.0172436796 -0.0408535004 0.0117270304
v -0.0172119103 -0.0408881307 0.0117053902
v -0.0169340894 -0.0408535004 0.01216977
v -0.0169028603 -0.0408881307 0.0121473595
v -0.0166131202 -0.0408535004 0.0126043502
v -0.0165825393 -0.0408881307 0.01258111
v -0.0162810609 -0.0408535004 0.0130304601
v -0.0162510797 -0.0408881307 0.0130064404
v -0.0159380399 -0.0408535004 0.0134478798
v -0.0159087107 -0.0408881307 0.0134230796
v -0.0155843999 -0.0408535004 0.0138562303
v -0.0155556696 -0.0408881307 0.0138307204
v -0.0152202202 -0.0408535004 0.0142552797
v -0.0151922097 -0.0408881307 0.0142290499
v -0.0148458397 -0.0408535004 0.0146447998
v -0.0148184802 -0.0408881307 0.0146177998
v -0.0144614503 -0.0408535004 0.0150244199
v -0.0144348098 -0.0408881307 0.0149967
v -0.0140674096 -0.0408535004 0.0153939696
v -0.0140414797 -0.0408881307 0.0153655997
v -0.0136638796 -0.0408535004 0.0157532003
v -0.0136387302 -0.0408881307 0.0157241803
v -0.0132512404 -0.0408535004 0.0161018297
v -0.0132268602 -0.0408881307 0.0160722099
v -0.01282972 -0.0408535004 0.0164397303
v -0.0128060495 -0.0408881307 0.0164094493
v -0.0123767201 -0.0408881307 0.0167357307
v -0.0127534801 -0.0409440883 0.0163420402
v -0.0127805397 -0.0409184583 0.0163767301
v -0.0131724998 -0.0409440883 0.0160061698
v -0.01320046 -0.0409184583 0.0160401408
v -0.0135826999 -0.0409440883 0.0156595707
v -0.0136114899 -0.0409184583 0.0156927705
v -0.0139838401 -0.0409440883 0.01530247
v -0.0140134599 -0.0409184583 0.0153349601
v -0.01437556 -0.0409440883 0.0149351303
v -0.0144060198 -0.0409184583 0.0149667803
v -0.0147576304 -0.0409440883 0.0145577705
v -0.0147889201 -0.0409184583 0.0145886503
v -0.0151298 -0.0409440883 0.0141705796
v -0.01516187 -0.0409184583 0.0142006204
v -0.0154917799 -0.0409440883 0.0137739098
v -0.0155246202 -0.0409184583 0.0138031198
v -0.0158433896 -0.0409440883 0.01336795
v -0.0158769395 -0.0409184583 0.0133963199
v -0.0161843207 -0.0409440883 0.0129530402
v -0.0162186604 -0.0409184583 0.0129805198
v -0.0165144205 -0.0409440883 0.01252943
v -0.0165493991 -0.0409184583 0.0125560099
v -0.0168334208 -0.0409440883 0.0120974099
v -0.0168691203 -0.0409184583 0.0121231005
v -0.0171412192 -0.0409440883 0.0116573498
v -0.0171775799 -0.0409184583 0.0116820298
v -0.0174374506 -0.0409440883 0.0112094199
v -0.0174744092 -0.0409184583 0.0112332096
v -0.0177220106 -0.0409440883 0.0107539799
v -0.0177595597 -0.0409184583 0.0107767498
v -0.0179945808 -0.0409440883 0.01029127
v -0.0180327799 -0.0409184583 0.0103130899
v -0.0182551108 -0.0409440883 0.00982165337
v -0.0182938501 -0.0409184583 0.00984245539
v -0.0185033605 -0.0409440883 0.00934547093
v -0.0185426399 -0.0409184583 0.00936525967
v -0.0187392794 -0.0409440883 0.00886297226
v -0.0187789705 -0.0409184583 0.00888180733
v -0.0189625602 -0.0409440883 0.00837457087
v -0.0190027896 -0.0409184583 0.00839233305
v -0.0191731993 -0.0409440883 0.00788056757
v -0.0192138497 -0.0409184583 0.00789731741
v -0.0193709098 -0.0409440883 0.00738125993
v -0.0194119792 -0.0409184583 0.00739693595
v -0.0195556208 -0.0409440883 0.0068770051
v -0.0195971094 -0.0409184583 0.00689160777
v -0.0197272301 -0.0409440883 0.00636815978
v -0.0197690707 -0.0409184583 0.00638162997
v -0.01988554 -0.0409440883 0.00585496379
v -0.0199276805 -0.0409184583 0.00586736202
v -0.0200304892 -0.0409440883 0.00533789303
v -0.0200729296 -0.0409184583 0.00534921791
v -0.0201620404 -0.0409440883 0.00481718685
v -0.0202047806 -0.0409184583 0.00482743885
v -0.0202800594 -0.0409440883 0.0042933221
v -0.0203230903 -0.0409184583 0.004302382
v -0.0203844905 -0.0409440883 0.00376653601
v -0.0204277001 -0.0409184583 0.00377452304
v -0.0204752609 -0.0409440883 0.00323718693
v -0.0205187201 -0.0409184583 0.003244102
v -0.0205522701 -0.0409440883 0.00270575192
v -0.0205958392 -0.0409184583 0.00271147396
v -0.0203396603 -0.0409648418 0.00375825097
v -0.0203843098 -0.0409806892 0.00322282291
v -0.0202354696 -0.0409648418 0.00428384496
v -0.0201900005 -0.0409806892 0.00427424908
v -0.0202028695 -0.0409979783 0.00373297906
v -0.0201443993 -0.0409916006 0.00426459312
v -0.0202481691 -0.0409916006 0.00374132302
v -0.0202939492 -0.0409806892 0.00374978711
v -0.0195126496 -0.0409648418 0.00686186505
v -0.0196396094 -0.0409806892 0.00633984804
v -0.0186980292 -0.0409648418 0.00884348061
v -0.0184627101 -0.0409648418 0.00932490826
v -0.0182149392 -0.0409648418 0.00980007555
v -0.0188783407 -0.0409806892 0.00833737757
v -0.0193814002 -0.0409979783 0.00681573106
v -0.0192413293 -0.0409916006 0.00733190682
v -0.0194248501 -0.0409916006 0.00683098985
v -0.0192849003 -0.0409806892 0.00734847691
v -0.0194687806 -0.0409806892 0.00684648706
v -0.0193282906 -0.0409648418 0.007365047
v -0.0181329809 -0.0409916006 0.00975596905
v -0.0178742409 -0.0409916006 0.0102224303
v -0.0179147106 -0.0409806892 0.0102455597
v -0.0179549996 -0.0409648418 0.0102686202
v -0.0181740504 -0.0409806892 0.00977802183
v -0.0183796193 -0.0409916006 0.00928294566
v -0.0185722709 -0.0409979783 0.00878399611
v -0.0204148199 -0.0409916006 0.00268763304
v -0.0203382894 -0.0409916006 0.00321555091
v -0.0203691106 -0.0409979783 0.00268161204
v -0.0202928092 -0.0409979783 0.00320833898
v -0.0197525006 -0.0409916006 0.005815804
v -0.0195952598 -0.0409916006 0.006325542
v -0.0197083298 -0.0409979783 0.00580281019
v -0.0195514504 -0.0409979783 0.00631135702
v -0.0199414995 -0.0409806892 0.00531417085
v -0.0200271606 -0.0409916006 0.00478500081
v -0.0198964998 -0.0409916006 0.00530218985
v -0.0198519807 -0.0409979783 0.00529032899
v -0.0190449301 -0.0409916006 0.00782787707
v -0.0188357197 -0.0409916006 0.00831860304
v -0.0190023091 -0.0409979783 0.00781035423
v -0.0187935792 -0.0409979783 0.00829994585
v -0.0178342406 -0.0409979783 0.0101995403
v -0.0180924498 -0.0409979783 0.00973415282
v -0.0183384996 -0.0409979783 0.00926220417
v -0.0176830199 -0.0409648418 0.0107303197
v -0.0126968604 -0.0409806892 0.0162694994
v -0.0127254101 -0.0409648418 0.0163061004
v -0.0131140295 -0.0409806892 0.0159351192
v -0.0131435301 -0.0409648418 0.0159709994
v -0.01352238 -0.0409806892 0.0155900102
v -0.0135528399 -0.0409648418 0.0156251099
v -0.0139217302 -0.0409806892 0.0152345197
v -0.0139530301 -0.0409648418 0.0152687998
v -0.0143116703 -0.0409806892 0.0148687903
v -0.0143439099 -0.0409648418 0.01490229
v -0.0146920597 -0.0409806892 0.0144931003
v -0.0147251403 -0.0409648418 0.0145257097
v -0.0150626302 -0.0409806892 0.0141076399
v -0.0150965396 -0.0409648418 0.0141394101
v -0.0154229896 -0.0409806892 0.0137127005
v -0.0154576804 -0.0409648418 0.0137435701
v -0.0157729909 -0.0409806892 0.01330858
v -0.0158085208 -0.0409648418 0.0133385602
v -0.0161124393 -0.0409806892 0.0128955198
v -0.0161486808 -0.0409648418 0.0129245501
v -0.0164410397 -0.0409806892 0.0124737602
v -0.0164780598 -0.0409648418 0.0125018898
v -0.0167586803 -0.0409806892 0.0120437099
v -0.0167964101 -0.0409648418 0.01207083
v -0.0170650408 -0.0409806892 0.0116055598
v -0.0171034895 -0.0409648418 0.0116317198
v -0.0173600297 -0.0409806892 0.0111596501
v -0.0173991304 -0.0409648418 0.0111847501
v -0.0176432692 -0.0409806892 0.0107061798
v -0.0175640509 -0.0409979783 0.0106581403
v -0.0172820594 -0.0409979783 0.01110953
v -0.01668345 -0.0409979783 0.0119896503
v -0.0169884507 -0.0409979783 0.0115534598
v -0.0153537299 -0.0409979783 0.0136511903
v -0.0157021806 -0.0409979783 0.0132488599
v -0.0160400793 -0.0409979783 0.0128375804
v -0.0163672492 -0.0409979783 0.0124177895
v -0.0149949696 -0.0409979783 0.0140443398
v -0.0146261398 -0.0409979783 0.0144280102
v -0.0130551402 -0.0409979783 0.0158635303
v -0.0134616997 -0.0409979783 0.0155200297
v -0.0126398196 -0.0409979783 0.0161964204
v -0.0126681896 -0.0409916006 0.0162327196
v -0.0130844098 -0.0409916006 0.0158991199
v -0.0134918597 -0.0409916006 0.0155548397
v -0.0138902599 -0.0409916006 0.0152001297
v -0.01427936 -0.0409916006 0.0148352301
v -0.0146589195 -0.0409916006 0.0144603802
v -0.0150285903 -0.0409916006 0.0140758101
v -0.0153881302 -0.0409916006 0.0136817601
v -0.0157374106 -0.0409916006 0.0132785402
v -0.0160760209 -0.0409916006 0.0128663704
v -0.0164039694 -0.0409916006 0.0124456203
v -0.0167208295 -0.0409916006 0.0120165301
v -0.0170265399 -0.0409916006 0.0115793301
v -0.0173208099 -0.0409916006 0.0111344401
v -0.0176034495 -0.0409916006 0.0106820399
v 0.0122849299 -0.0408535004 -0.0168507006
v 0.0126938801 -0.0408881307 -0.0164963603
v 0.0135561796 -0.0408535004 -0.0158460103
v 0.0135311997 -0.0408881307 -0.0158168003
v 0.00952798128 -0.0408535004 -0.0185494404
v 0.00998687744 -0.0408881307 -0.0182627402
v 0.0118443295 -0.0408535004 -0.0171633307
v 0.0118225198 -0.0408881307 -0.0171317402
v 0.0143322898 -0.0408881307 -0.0150948102
v 0.0147072002 -0.0409005806 -0.0147072002
v 0.0143036796 -0.0409184583 -0.0150647098
v 0.00755810691 -0.0408535004 -0.0194356404
v 0.00804418325 -0.0408881307 -0.0191978794
v 0.00705206301 -0.0408535004 -0.0196248796
v 0.00703907013 -0.0408881307 -0.0195887592
v 0.00497496082 -0.0408881307 -0.0202117506
v 0.00601512101 -0.0408881307 -0.0199269596
v 0.00339692808 -0.0408535004 -0.0205749795
v 0.00286281109 -0.0408535004 -0.0206560399
v 0.00232672598 -0.0408535004 -0.0207232796
v 0.00178915204 -0.0408535004 -0.0207765605
v 0.00232249405 -0.0408881307 -0.0206850693
v 0.0028518429 -0.0409184583 -0.0205768906
v 0.0033767221 -0.0409440883 -0.0204527304
v -0.000909618975 -0.0408535004 -0.0208336692
v -0.000369632005 -0.0408535004 -0.0208502393
v -0.000368951005 -0.0408881307 -0.0208118502
v 0.0146886697 -0.0409173891 -0.0146886697
v 0.0146643501 -0.0409393907 -0.0146643501
v 0.0142734004 -0.0409440883 -0.0150328204
v 0.0138175404 -0.0409806892 -0.0153291197
v 0.0134459697 -0.0409648418 -0.0157171991
v 0.0138486596 -0.0409648418 -0.0153636299
v 0.01347565 -0.0409440883 -0.0157518294
v 0.0138791697 -0.0409440883 -0.0153974798
v 0.0135041997 -0.0409184583 -0.0157852098
v 0.01390862 -0.0409184583 -0.0154301496
v 0.0139364004 -0.0408881307 -0.0154610202
v 0.0139621403 -0.0408535004 -0.0154895103
v 0.00125032605 -0.0408535004 -0.0208158996
v 0.00178587402 -0.0408881307 -0.0207382999
v 0.00231784489 -0.0409184583 -0.0206438303
v 0.00284576393 -0.0409440883 -0.0205333196
v 0.00336933089 -0.0409648418 -0.0204077307
v 0.00071072299 -0.0408535004 -0.0208413005
v 0.00124806096 -0.0408881307 -0.0207775794
v 0.00178229797 -0.0409184583 -0.0206968691
v 0.00231289794 -0.0409440883 -0.0206001401
v 0.00283950497 -0.0409648418 -0.0204881392
v 0.0033617611 -0.0409806892 -0.0203619003
v -0.00144898798 -0.0408535004 -0.0208030902
v -0.00144630601 -0.0408881307 -0.0207647607
v -0.00358652999 -0.0408881307 -0.0205036905
v -0.00251978589 -0.0408881307 -0.0206619501
v -0.00517719891 -0.0408535004 -0.0202006102
v -0.00569874002 -0.0408535004 -0.0200596992
v -0.00621646596 -0.0408535004 -0.0199053194
v -0.00673002005 -0.0408535004 -0.0197375994
v -0.00620502187 -0.0408881307 -0.01986867
v -0.00567692518 -0.0409184583 -0.0199828092
v -0.00514644291 -0.0409440883 -0.0200806204
v -0.00873565581 -0.0408535004 -0.0189355593
v -0.00871956255 -0.0408881307 -0.0189006906
v -0.0101795103 -0.0408535004 -0.0182000902
v -0.00968676805 -0.0408881307 -0.0184237305
v -0.0115405899 -0.0408881307 -0.0173228309
v -0.0106475297 -0.0408535004 -0.0179302599
v -0.0106279198 -0.0408881307 -0.0178972408
v -0.0128745399 -0.0408535004 -0.0164047405
v -0.0132951699 -0.0408535004 -0.0160657093
v -0.0137067996 -0.0408535004 -0.0157158896
v -0.0141093098 -0.0408535004 -0.01535552
v -0.0136815896 -0.0408881307 -0.0156869795
v -0.0132441502 -0.0409184583 -0.0160041396
v -0.0127980104 -0.0409440883 -0.0163072906
v -0.0156221297 -0.0408535004 -0.0138136698
v -0.0155933397 -0.0408881307 -0.0137882195
v -0.00723904278 -0.0408535004 -0.0195566397
v -0.00671762181 -0.0408881307 -0.0197012406
v -0.0061926241 -0.0409184583 -0.0198290292
v -0.00566488504 -0.0409440883 -0.0199405495
v -0.00513511803 -0.0409648418 -0.0200364497
v -0.00774323894 -0.0408535004 -0.0193625595
v -0.00722569181 -0.0408881307 -0.0195205808
v -0.00670421077 -0.0409184583 -0.0196618997
v -0.00617951108 -0.0409440883 -0.0197870694
v -0.00565242721 -0.0409648418 -0.0198966805
v -0.0051236148 -0.0409806892 -0.0199913904
v -0.01450234 -0.0408535004 -0.0149849001
v -0.0140833203 -0.0408881307 -0.0153272701
v -0.0136542898 -0.0409184583 -0.0156556293
v -0.0132161304 -0.0409440883 -0.0159702804
v -0.0127698705 -0.0409648418 -0.0162714105
v -0.0148856603 -0.0408535004 -0.0146042099
v -0.0144756399 -0.0408881307 -0.0149573004
v -0.0140552502 -0.0409184583 -0.0152966902
v -0.0136253797 -0.0409440883 -0.0156224901
v -0.0131870499 -0.0409648418 -0.0159351192
v -0.0127411997 -0.0409806892 -0.0162348691
v -0.0151009504 -0.0409806892 -0.0140665099
v -0.0154951196 -0.0409648418 -0.01370137
v -0.0151349902 -0.0409648418 -0.01409816
v -0.0155292703 -0.0409440883 -0.0137315895
v -0.0151683604 -0.0409440883 -0.0141292196
v -0.0155622298 -0.0409184583 -0.0137607399
v -0.0152004901 -0.0409184583 -0.0141591998
v -0.0152308904 -0.0408881307 -0.0141875101
v 0.0146578504 -0.0409435593 -0.0146578504
v 0.0146255996 -0.0409642383 -0.0146255996
v 0.0142419897 -0.0409648418 -0.0149997398
v 0.0146180298 -0.04096907 -0.0146180298
v 0.0142099801 -0.0409806892 -0.0149660697
v 0.0145926997 -0.0409794413 -0.0145926997
v 0.0145691596 -0.0409890413 -0.0145691596
v 0.0141779101 -0.0409916006 -0.0149322702
v 0.0145599199 -0.0409908183 -0.0145599199
v 0.0145273795 -0.0409971997 -0.0145273795
v 0.0137863103 -0.0409916006 -0.0152944904
v 0.01338547 -0.0409916006 -0.0156464502
v 0.0134157501 -0.0409806892 -0.0156818591
v 0.0121031404 -0.0409979783 -0.0166013204
v 0.0116951996 -0.0409916006 -0.0169472005
v 0.0121302595 -0.0409916006 -0.0166385695
v 0.0117216697 -0.0409806892 -0.0169855896
v 0.0121576702 -0.0409806892 -0.0166761801
v 0.0117480699 -0.0409648418 -0.0170238595
v 0.0121850902 -0.0409648418 -0.0167137291
v 0.0117739402 -0.0409440883 -0.0170613509
v 0.0122119104 -0.0409440883 -0.01675063
v 0.0117989099 -0.0409184583 -0.0170975309
v 0.0122378403 -0.0409184583 -0.0167861506
v 0.0122622801 -0.0408881307 -0.0168197099
v 0.00938695576 -0.0409979783 -0.0182748996
v 0.00893038511 -0.0409916006 -0.0185534898
v 0.00940799713 -0.0409916006 -0.0183159094
v 0.00895059109 -0.0409806892 -0.0185954496
v 0.00942933466 -0.0409806892 -0.0183573291
v 0.00897079706 -0.0409648418 -0.0186373498
v 0.00945055392 -0.0409648418 -0.0183987003
v 0.0089905262 -0.0409440883 -0.0186784193
v 0.00947135594 -0.0409440883 -0.0184392296
v 0.00900959875 -0.0409184583 -0.0187180005
v 0.0094914427 -0.0409184583 -0.0184783302
v 0.00902765896 -0.0408881307 -0.0187554304
v 0.00951045658 -0.0408881307 -0.0185152795
v 0.00904428866 -0.0408535004 -0.0187900607
v 0.000170603002 -0.0408535004 -0.0208528005
v 0.000709414016 -0.0408881307 -0.0208029691
v 0.00124555803 -0.0409184583 -0.0207360908
v 0.00177848304 -0.0409440883 -0.0206530597
v 0.00230783201 -0.0409648418 -0.0205548406
v 0.00283312704 -0.0409806892 -0.0204421207
v 0.00335413194 -0.0409916006 -0.0203159396
v 0.00123184896 -0.0409979783 -0.0205078106
v 0.000701774028 -0.0409916006 -0.0205789208
v 0.00123459101 -0.0409916006 -0.0205538198
v 0.000703361991 -0.0409806892 -0.0206254702
v 0.00123739196 -0.0409806892 -0.0206003096
v 0.000704945996 -0.0409648418 -0.0206719004
v 0.00124019303 -0.0409648418 -0.0206466895
v 0.000706500025 -0.0409440883 -0.0207174998
v 0.00124293496 -0.0409440883 -0.02069222
v 0.000707997999 -0.0409184583 -0.0207614303
v 0.0133555504 -0.0409979783 -0.0156114604
v 0.0137555003 -0.0409979783 -0.0152602699
v 0.0141462004 -0.0409979783 -0.0148988897
v 0.01309078 -0.0409184583 -0.0161297303
v 0.01266855 -0.0409184583 -0.0164634492
v 0.0130630704 -0.0409440883 -0.0160956308
v 0.0126417195 -0.0409440883 -0.0164286401
v 0.01303434 -0.0409648418 -0.0160602294
v 0.0126139503 -0.0409648418 -0.0163924601
v 0.0130050099 -0.0409806892 -0.0160241108
v 0.0125855803 -0.0409806892 -0.01635563
v 0.01297569 -0.0409916006 -0.0159879308
v 0.0125571396 -0.0409916006 -0.0163187291
v 0.0129466597 -0.0409979783 -0.0159521606
v 0.0125290696 -0.0409979783 -0.0162822008
v 0.01043576 -0.0409184583 -0.0179619696
v 0.00996696856 -0.0409184583 -0.0182262603
v 0.0104136998 -0.0409440883 -0.0179240108
v 0.00994586945 -0.0409440883 -0.0181876998
v 0.0103907501 -0.0409648418 -0.0178845506
v 0.00992399361 -0.0409648418 -0.0181476995
v 0.0103674503 -0.0409806892 -0.0178443696
v 0.0099017024 -0.0409806892 -0.01810693
v 0.0103440201 -0.0409916006 -0.0178040806
v 0.00987934973 -0.0409916006 -0.0180660393
v 0.0103209 -0.0409979783 -0.0177642703
v 0.00985723734 -0.0409979783 -0.0180256292
v 0.00852173474 -0.0409184583 -0.0189451501
v 0.00802809 -0.0409184583 -0.0191596095
v 0.00850367546 -0.0409440883 -0.0189050399
v 0.00801110175 -0.0409440883 -0.0191190206
v 0.00848495867 -0.0409648418 -0.0188634899
v 0.00799351931 -0.0409648418 -0.0190769993
v 0.00846594479 -0.0409806892 -0.0188211203
v 0.00797557831 -0.0409806892 -0.0190341398
v 0.0084468117 -0.0409916006 -0.0187786203
v 0.0079575181 -0.0409916006 -0.0189911705
v 0.00842791703 -0.0409979783 -0.0187366009
v 0.00793975499 -0.0409979783 -0.0189486705
v 0.0145187899 -0.0409988686 -0.0145187899
v 0.0109193902 -0.0408881307 -0.0177210495
v 0.0113520604 -0.0409184583 -0.0173974596
v 0.0108975703 -0.0409184583 -0.0176856499
v 0.0113280397 -0.0409440883 -0.0173606202
v 0.0108744996 -0.0409440883 -0.0176482704
v 0.0113031203 -0.0409648418 -0.0173224807
v 0.0108506 -0.0409648418 -0.01760941
v 0.0112777296 -0.0409806892 -0.0172835495
v 0.01082623 -0.0409806892 -0.0175698902
v 0.0112522803 -0.0409916006 -0.0172445104
v 0.0108017903 -0.0409916006 -0.0175301991
v 0.0107776504 -0.0409979783 -0.0174909793
v 0.00651627686 -0.0409184583 -0.0197250191
v 0.00600308087 -0.0409184583 -0.0198871996
v 0.00650244905 -0.0409440883 -0.0196832996
v 0.00599038601 -0.0409440883 -0.0198451206
v 0.00648814393 -0.0409648418 -0.0196400192
v 0.00597721292 -0.0409648418 -0.0198014304
v 0.00647359993 -0.0409806892 -0.0195958596
v 0.00596380187 -0.0409806892 -0.0197569709
v 0.0064589968 -0.0409916006 -0.0195516292
v 0.00595033122 -0.0409916006 -0.0197123792
v 0.00644451287 -0.0409979783 -0.0195078794
v 0.00593703892 -0.0409979783 -0.0196682792
v 0.00702506304 -0.0409184583 -0.0195496604
v 0.00701016095 -0.0409440883 -0.0195083003
v 0.00699478295 -0.0409648418 -0.0194653794
v 0.00697904779 -0.0409806892 -0.0194216296
v 0.00696331216 -0.0409916006 -0.0193778202
v 0.00694769621 -0.0409979783 -0.0193344299
v 0.00548589183 -0.0409184583 -0.0200360399
v 0.00496506598 -0.0409184583 -0.0201714002
v 0.00547432806 -0.0409440883 -0.0199935995
v 0.00495451596 -0.0409440883 -0.0201287195
v 0.00546228793 -0.0409648418 -0.0199496094
v 0.00494366791 -0.0409648418 -0.0200844407
v 0.00545000983 -0.0409806892 -0.0199048501
v 0.00493252184 -0.0409806892 -0.0200393107
v 0.00543767214 -0.0409916006 -0.0198598504
v 0.00492137577 -0.0409916006 -0.0199940801
v 0.00542551186 -0.0409979783 -0.0198154394
v 0.00491040898 -0.0409979783 -0.0199493691
v 0.00229233503 -0.0409979783 -0.0204165503
v 0.00176268804 -0.0409979783 -0.0204690602
v 0.00176662195 -0.0409916006 -0.0205149595
v 0.00334662106 -0.0409979783 -0.0202704594
v 0.00282043195 -0.0409979783 -0.0203503296
v 0.00282675005 -0.0409916006 -0.0203959905
v 0.00229746103 -0.0409916006 -0.0204623304
v 0.00230264594 -0.0409806892 -0.0205086395
v 0.001770615 -0.0409806892 -0.0205613896
v 0.00177460897 -0.0409648418 -0.0206076503
v 0.000170289 -0.0408881307 -0.0208143499
v 0.000169948995 -0.0409184583 -0.0207728092
v -0.000368214998 -0.0409184583 -0.0207703095
v 0.000169588995 -0.0409440883 -0.0207288805
v -0.000367434986 -0.0409440883 -0.0207263194
v 0.000169216 -0.0409648418 -0.0206832793
v -0.000366627006 -0.0409648418 -0.0206807796
v 0.000168836006 -0.0409806892 -0.0206367895
v -0.000365802989 -0.0409806892 -0.0206342898
v 0.000168454993 -0.0409916006 -0.0205901805
v -0.000364976993 -0.0409916006 -0.0205876809
v 0.000168077997 -0.0409979783 -0.0205441695
v -0.000364161009 -0.0409979783 -0.0205416605
v 0.00387060596 -0.0409979783 -0.0201769993
v 0.003879308 -0.0409916006 -0.0202221796
v 0.00388806988 -0.0409806892 -0.0202679597
v 0.003896832 -0.0409648418 -0.0203136206
v 0.00390541507 -0.0409440883 -0.0203583799
v 0.00391370011 -0.0409184583 -0.02040153
v 0.00392150786 -0.0408881307 -0.0204423591
v 0.00744622899 -0.0409979783 -0.0191479903
v 0.00746291783 -0.0409916006 -0.0191909
v 0.00747978594 -0.0409806892 -0.01923435
v 0.00749665406 -0.0409648418 -0.01927769
v 0.00751316501 -0.0409440883 -0.0193201806
v 0.00752913905 -0.0409184583 -0.0193611309
v 0.00754415896 -0.0408881307 -0.0193998795
v 0.00439196778 -0.0409979783 -0.0200698897
v 0.00444084406 -0.0409184583 -0.0202932898
v 0.00443148613 -0.0409440883 -0.02025038
v 0.00442171004 -0.0409648418 -0.0202057902
v 0.00441175606 -0.0409806892 -0.0201604292
v 0.00440180302 -0.0409916006 -0.0201148894
v -0.00824218895 -0.0408535004 -0.0191555005
v -0.00772893382 -0.0408881307 -0.0193268601
v -0.00721126702 -0.0409184583 -0.0194816496
v -0.00669002486 -0.0409440883 -0.01962029
v -0.00616592122 -0.0409648418 -0.0197435599
v -0.00563973095 -0.0409806892 -0.0198519807
v -0.00511205103 -0.0409916006 -0.0199462697
v -0.00713193417 -0.0409979783 -0.0192671996
v -0.0076457262 -0.0409916006 -0.0191187207
v -0.00714790821 -0.0409916006 -0.0193103496
v -0.00766301109 -0.0409806892 -0.0191619899
v -0.00716406107 -0.0409806892 -0.0193540994
v -0.00768029597 -0.0409648418 -0.0192051493
v -0.007180213 -0.0409648418 -0.0193976704
v -0.00769722415 -0.0409440883 -0.0192474704
v -0.00719600916 -0.0409440883 -0.0194404107
v -0.00771355582 -0.0409184583 -0.0192882996
v -0.01525902 -0.0408535004 -0.0142136803
v -0.0148582403 -0.0408881307 -0.0145772602
v -0.0144467298 -0.0409184583 -0.0149274403
v -0.0140255 -0.0409440883 -0.0152642699
v -0.0135954004 -0.0409648418 -0.0155881597
v -0.0131574199 -0.0409806892 -0.0158993602
v -0.0127124097 -0.0409916006 -0.0161982104
v -0.0100288298 -0.0409979783 -0.0179307405
v -0.0105134798 -0.0409916006 -0.0177045409
v -0.0100513101 -0.0409916006 -0.0179709699
v -0.0105372602 -0.0409806892 -0.0177446008
v -0.0100740697 -0.0409806892 -0.0180116203
v -0.0105609801 -0.0409648418 -0.0177845303
v -0.01009678 -0.0409648418 -0.0180521607
v -0.0105842901 -0.0409440883 -0.0178237502
v -0.01011902 -0.0409440883 -0.0180919692
v -0.0106066996 -0.0409184583 -0.0178615395
v -0.0101404702 -0.0409184583 -0.0181303602
v -0.0101607405 -0.0408881307 -0.0181665998
v -0.0142877102 -0.0409979783 -0.0147631103
v -0.0146982605 -0.0409916006 -0.0144203296
v -0.01431977 -0.0409916006 -0.01479619
v -0.0147315199 -0.0409806892 -0.0144529296
v -0.01435214 -0.0409806892 -0.0148296896
v -0.01476466 -0.0409648418 -0.01448547
v -0.0143844401 -0.0409648418 -0.0148630701
v -0.0147972098 -0.0409440883 -0.01451742
v -0.0144161498 -0.0409440883 -0.0148958499
v -0.0148286195 -0.0409184583 -0.0145481797
v -0.0150668602 -0.0409916006 -0.0140347397
v -0.0154254399 -0.0409916006 -0.0136397397
v -0.0154603096 -0.0409806892 -0.0136706196
v -0.00197976804 -0.0409184583 -0.0206789896
v -0.0025147791 -0.0409184583 -0.0206207
v -0.00197553611 -0.0409440883 -0.0206351802
v -0.00250941492 -0.0409440883 -0.0205770694
v -0.00197118497 -0.0409648418 -0.0205898192
v -0.00250393106 -0.0409648418 -0.0205318294
v -0.001966774 -0.0409806892 -0.0205435697
v -0.00249826908 -0.0409806892 -0.0204856899
v -0.00196236302 -0.0409916006 -0.0204971991
v -0.00249266601 -0.0409916006 -0.0204394404
v -0.00195795204 -0.0409979783 -0.0204512998
v -0.00248706294 -0.0409979783 -0.0203937199
v -0.00144338596 -0.0409184583 -0.0207233392
v -0.00144034601 -0.0409440883 -0.0206794702
v -0.00143718696 -0.0409648418 -0.0206339899
v -0.00143396796 -0.0409806892 -0.0205876809
v -0.00143074896 -0.0409916006 -0.0205411892
v -0.00142753101 -0.0409979783 -0.0204952303
v -0.00304806209 -0.0409184583 -0.0205486398
v -0.0035793779 -0.0409184583 -0.0204628091
v -0.00304162502 -0.0409440883 -0.0205051303
v -0.00357180811 -0.0409440883 -0.0204194691
v -0.00303494907 -0.0409648418 -0.0204600599
v -0.00356394006 -0.0409648418 -0.0203745905
v -0.00302809407 -0.0409806892 -0.0204141103
v -0.00355589297 -0.0409806892 -0.0203288104
v -0.00302129891 -0.0409916006 -0.02036798
v -0.00354790594 -0.0409916006 -0.0202829204
v -0.00301450398 -0.0409979783 -0.0203224402
v -0.00353997899 -0.0409979783 -0.0202375595
v -0.00612449599 -0.0409979783 -0.0196107607
v -0.00663042022 -0.0409979783 -0.0194454696
v -0.00664526178 -0.0409916006 -0.0194890406
v -0.00510060694 -0.0409979783 -0.0199016891
v -0.00561439898 -0.0409979783 -0.0197628699
v -0.00562703609 -0.0409916006 -0.0198071506
v -0.00613820506 -0.0409916006 -0.0196546894
v -0.00615209294 -0.0409806892 -0.0196991507
v -0.00666034222 -0.0409806892 -0.0195331499
v -0.00667530205 -0.0409648418 -0.01957714
v -0.0082270503 -0.0408881307 -0.0191202108
v -0.00821059942 -0.0409184583 -0.0190820601
v -0.008702158 -0.0409184583 -0.0188630205
v -0.00819325354 -0.0409440883 -0.01904165
v -0.00868374109 -0.0409440883 -0.0188230798
v -0.00817519426 -0.0409648418 -0.0189998094
v -0.00866466668 -0.0409648418 -0.0187816601
v -0.00815683603 -0.0409806892 -0.0189570691
v -0.00864517596 -0.0409806892 -0.01873946
v -0.0081384182 -0.0409916006 -0.0189142805
v -0.00862568617 -0.0409916006 -0.0186971407
v -0.00812023785 -0.0409979783 -0.0188720208
v -0.00860637426 -0.0409979783 -0.0186553504
v -0.00458335783 -0.0409979783 -0.0200270992
v -0.00459360983 -0.0409916006 -0.0200719796
v -0.00460404111 -0.0409806892 -0.0201174002
v -0.00461441185 -0.0409648418 -0.0201626997
v -0.00462454511 -0.0409440883 -0.0202071592
v -0.00463437987 -0.0409184583 -0.0202500205
v -0.00464361906 -0.0408881307 -0.0202904902
v -0.000896156998 -0.0409979783 -0.0205253307
v -0.000898165978 -0.0409916006 -0.0205713492
v -0.000900198997 -0.0409806892 -0.0206179004
v -0.000902224972 -0.0409648418 -0.0206643306
v -0.000904213986 -0.0409440883 -0.0207098704
v -0.000906131987 -0.0409184583 -0.0207538009
v -0.000907943991 -0.0408881307 -0.0207952801
v -0.00406301022 -0.0409979783 -0.0201390907
v -0.00410825014 -0.0409184583 -0.0203632098
v -0.00409954693 -0.0409440883 -0.0203201696
v -0.0040905471 -0.0409648418 -0.0202754699
v -0.00408130791 -0.0409806892 -0.0202298705
v -0.0040721288 -0.0409916006 -0.0201842096
v -0.00918787718 -0.0409184583 -0.0186312702
v -0.00966745615 -0.0409184583 -0.01838696
v -0.00916844606 -0.0409440883 -0.0185918193
v -0.00964701083 -0.0409440883 -0.0183480904
v -0.00914829876 -0.0409648418 -0.0185509305
v -0.00962573197 -0.0409648418 -0.0183076803
v -0.00912773609 -0.0409806892 -0.0185092594
v -0.00960415602 -0.0409806892 -0.0182665493
v -0.00910711195 -0.0409916006 -0.0184674803
v -0.009582459 -0.0409916006 -0.0182253104
v -0.00908678677 -0.0409979783 -0.0184261706
v -0.00956100225 -0.0409979783 -0.0181846004
v -0.0110658398 -0.0409184583 -0.0175807998
v -0.0115175797 -0.0409184583 -0.0172882602
v -0.0110424096 -0.0409440883 -0.0175436102
v -0.0114932004 -0.0409440883 -0.0172516704
v -0.0110181496 -0.0409648418 -0.0175049901
v -0.0114679299 -0.0409648418 -0.0172137003
v -0.0109933596 -0.0409806892 -0.0174656492
v -0.0114421202 -0.0409806892 -0.0171750095
v -0.0109685604 -0.0409916006 -0.0174262505
v -0.0114163104 -0.0409916006 -0.0171362702
v -0.0113907997 -0.0409979783 -0.0170979407
v -0.0135039603 -0.0409979783 -0.0154833104
v -0.01390051 -0.0409979783 -0.0151282502
v -0.0139316898 -0.0409916006 -0.0151621597
v -0.0126839802 -0.0409979783 -0.0161619708
v -0.0130983498 -0.0409979783 -0.0158279501
v -0.0131277395 -0.0409916006 -0.0158634093
v -0.0135342404 -0.0409916006 -0.0155180003
v -0.01356488 -0.0409806892 -0.0155531103
v -0.0139632197 -0.0409806892 -0.0151965003
v -0.0139946304 -0.0409648418 -0.0152307097
v -0.0153909298 -0.0409979783 -0.0136092296
v -0.0150331799 -0.0409979783 -0.0140033299
v -0.0146653596 -0.0409979783 -0.0143880202
v -0.0122610303 -0.0409979783 -0.0164850894
v -0.0122885099 -0.0409916006 -0.0165220406
v -0.0123163396 -0.0409806892 -0.0165594202
v -0.0123440595 -0.0409648418 -0.0165967308
v -0.0123712998 -0.0409440883 -0.0166333299
v -0.0123975202 -0.0409184583 -0.0166685507
v -0.0124223204 -0.0408881307 -0.0167019293
v -0.0118298503 -0.0409979783 -0.0167971198
v -0.01196157 -0.0409184583 -0.0169840995
v -0.0119362399 -0.0409440883 -0.0169481598
v -0.0119099598 -0.0409648418 -0.0169109106
v -0.0118832504 -0.0409806892 -0.0168728791
v -0.0118563697 -0.0409916006 -0.0168347899
v 0.0148472702 -0.0405448005 -0.0148472702
v 0.0144581702 -0.0405449197 -0.0152274296
v 0.0148484698 -0.0405326411 -0.0148484698
v 0.0123699903 -0.0405449197 -0.0169674102
v 0.0128054004 -0.0405449197 -0.0166412499
v 0.0132321697 -0.0405449197 -0.0163039509
v 0.0136500504 -0.0405449197 -0.0159557406
v 0.01405882 -0.0405449197 -0.0155967996
v 0.0100746099 -0.0405449197 -0.01842314
v 0.0105484696 -0.0405449197 -0.0181559902
v 0.0110152904 -0.0405449197 -0.0178766791
v 0.0114746597 -0.0405449197 -0.0175853893
v 0.0119263502 -0.0405449197 -0.0172821805
v 0.00861376524 -0.0405449197 -0.0191497803
v 0.00910693407 -0.0405449197 -0.0189201795
v 0.00959396269 -0.0405449197 -0.0186779406
v 0.00606793119 -0.0405449197 -0.0201020204
v 0.00658661081 -0.0405449197 -0.0199381094
v 0.00710093882 -0.0405449197 -0.01976078
v 0.00761043979 -0.0405449197 -0.0195702296
v 0.00811481383 -0.0405449197 -0.0193665009
v 0.00448882487 -0.0405449197 -0.0205124598
v 0.00501865102 -0.0405449197 -0.0203892495
v 0.00554513885 -0.0405449197 -0.0202523991
v 0.00342047191 -0.0405449197 -0.0207174998
v 0.00395595981 -0.0405449197 -0.0206218902
v 0.000715644972 -0.0405449197 -0.0209856592
v 0.00125896896 -0.0405449197 -0.0209600907
v 0.00180155004 -0.0405449197 -0.0209204499
v 0.00234287907 -0.0405449197 -0.0208667498
v 0.0028825989 -0.0405449197 -0.0207991004
v -0.000915919023 -0.0405449197 -0.0209779702
v -0.000372192007 -0.0405449197 -0.0209946595
v 0.000171784995 -0.0405449197 -0.0209971592
v -0.00200110604 -0.0405449197 -0.0209023301
v -0.00145900203 -0.0405449197 -0.0209471509
v -0.00468444778 -0.0405449197 -0.02046871
v -0.00415259507 -0.0405449197 -0.0205831509
v -0.00361800101 -0.0405449197 -0.0206838194
v -0.00308102299 -0.0405449197 -0.0207706001
v -0.00254189898 -0.0405449197 -0.0208434407
v -0.00625950005 -0.0405449197 -0.0200431906
v -0.0057382579 -0.0405449197 -0.0201986395
v -0.00521308091 -0.0405449197 -0.02034056
v -0.00879615545 -0.0405449197 -0.0190667491
v -0.00829929113 -0.0405449197 -0.0192881804
v -0.00779682305 -0.0405449197 -0.0194966104
v -0.00728917122 -0.0405449197 -0.0196920596
v -0.00677662995 -0.0405449197 -0.0198742691
v -0.00977188256 -0.0405449197 -0.0185855608
v -0.00928711798 -0.0405449197 -0.0188324992
v -0.0120907398 -0.0405449197 -0.0171675608
v -0.0116419699 -0.0405449197 -0.01747494
v -0.0111853397 -0.0405449197 -0.0177706406
v -0.0107212598 -0.0405449197 -0.0180544797
v -0.0102500301 -0.0405449197 -0.0183261596
v -0.0142070604 -0.0405449197 -0.0154618602
v -0.0138017498 -0.0405449197 -0.0158247296
v -0.0133872004 -0.0405449197 -0.0161769893
v -0.0129637104 -0.0405449197 -0.0165183507
v -0.01253145 -0.0405449197 -0.01684862
v -0.0153647 -0.0405449197 -0.0143121397
v -0.01498878 -0.0405449197 -0.0147053497
v -0.0146027803 -0.0405449197 -0.01508867
v -0.0167627893 -0.0405449197 -0.0126459496
v -0.0164295994 -0.0405449197 -0.0130759999
v -0.0160853807 -0.0405449197 -0.0134972297
v -0.0157303195 -0.0405449197 -0.0139093297
v -0.0129079204 -0.040637549 0.0165399909
v -0.0129146501 -0.0405909382 0.0165486299
v -0.0133320596 -0.040637549 0.01620006
v -0.0133389803 -0.0405909382 0.0162084606
v -0.0137472097 -0.040637549 0.0158492308
v -0.0137543604 -0.0405909382 0.0158575103
v -0.0141531797 -0.040637549 0.0154877901
v -0.0141605698 -0.0405909382 0.0154958898
v -0.0145496698 -0.040637549 0.0151160304
v -0.0145572396 -0.0405909382 0.0151239
v -0.0149363196 -0.040637549 0.0147340801
v -0.0149441296 -0.0405909382 0.01474177
v -0.01531302 -0.040637549 0.0143422401
v -0.0153210098 -0.0405909382 0.0143496897
v -0.0156794097 -0.040637549 0.0139406901
v -0.0156875793 -0.0405909382 0.0139480196
v -0.0160352495 -0.040637549 0.0135298297
v -0.0160435997 -0.0405909382 0.0135369301
v -0.0163803101 -0.040637549 0.0131099196
v -0.0163888894 -0.0405909382 0.0131167704
v -0.0167143904 -0.040637549 0.0126811797
v -0.0167231504 -0.0405909382 0.0126878005
v -0.0170373302 -0.040637549 0.01224392
v -0.0170462094 -0.0405909382 0.0122503601
v -0.0173488203 -0.040637549 0.0117985001
v -0.0173578802 -0.0405909382 0.0118046897
v -0.0176486298 -0.040637549 0.0113451397
v -0.0176578704 -0.0405909382 0.0113511002
v -0.0179366395 -0.040637549 0.0108842198
v -0.0179459993 -0.0405909382 0.0108898804
v -0.0182125494 -0.040637549 0.0104159098
v -0.0182220303 -0.0405909382 0.0104213301
v -0.0184761807 -0.040637549 0.00994062424
v -0.0184858404 -0.0405909382 0.00994580891
v -0.0187274795 -0.040637549 0.00945866108
v -0.0187372491 -0.0405909382 0.00946354773
v -0.0189661905 -0.040637549 0.00897032022
v -0.0189760905 -0.0405909382 0.00897502806
v -0.0191922095 -0.040637549 0.00847601797
v -0.0192022305 -0.0405909382 0.00848042872
v -0.0194053594 -0.040637549 0.00797599461
v -0.0194154903 -0.0405909382 0.00798016693
v -0.0196055099 -0.040637549 0.0074706669
v -0.0196157601 -0.0405909382 0.0074746008
v -0.0197924897 -0.040637549 0.00696033193
v -0.0198027994 -0.0405909382 0.00696396781
v -0.0199661199 -0.040637549 0.00644522905
v -0.0199765507 -0.0405909382 0.00644862605
v -0.0201263409 -0.040637549 0.00592589285
v -0.0201368295 -0.0405909382 0.00592899323
v -0.0202730801 -0.040637549 0.00540250493
v -0.0202836301 -0.0405909382 0.00540536596
v -0.0204061791 -0.040637549 0.0048755398
v -0.0204168502 -0.0405909382 0.0048781028
v -0.0205256902 -0.040637549 0.00434529688
v -0.0205363594 -0.0405909382 0.00434756186
v -0.0206313692 -0.040637549 0.00381213403
v -0.0206421595 -0.0405909382 0.00381410099
v -0.02072322 -0.040637549 0.00327640702
v -0.0207340699 -0.0405909382 0.00327813602
v -0.0208011791 -0.040637549 0.0027384751
v -0.0208120309 -0.0405909382 0.00273990608
v -0.0208651405 -0.040637549 0.00219875504
v -0.0208759904 -0.0405909382 0.002199888
v -0.0209150296 -0.040637549 0.00165748503
v -0.0209259298 -0.0405909382 0.00165838003
v -0.0209509097 -0.040637549 0.00111514295
v -0.0209618807 -0.0405909382 0.001115739
v -0.0209727809 -0.040637549 0.000572086021
v -0.0209836904 -0.0405909382 0.000572384975
v -0.0209805891 -0.040637549 2.86060003e-05
v -0.0209915005 -0.0405909382 2.86209997e-05
v -0.0209742691 -0.040637549 -0.000514892978
v -0.0209852401 -0.0405909382 -0.000515162013
v -0.0209539495 -0.040637549 -0.00105804205
v -0.0209649205 -0.0405909382 -0.00105857803
v -0.0209195595 -0.040637549 -0.00160044397
v -0.0209304597 -0.0405909382 -0.00160127797
v -0.0208710395 -0.040637549 -0.00214183307
v -0.0208819509 -0.0405909382 -0.0021429651
v -0.0208085105 -0.040637549 -0.00268173194
v -0.0208193604 -0.0405909382 -0.00268316199
v -0.0207320396 -0.040637549 -0.00321990205
v -0.0207428299 -0.0405909382 -0.00322157098
v -0.0206416808 -0.040637549 -0.00375586702
v -0.0206524096 -0.0405909382 -0.00375783397
v -0.0205374304 -0.040637549 -0.00428932905
v -0.0205481593 -0.0405909382 -0.00429153396
v -0.0204194691 -0.040637549 -0.00481986906
v -0.0204301402 -0.0405909382 -0.00482237292
v -0.0202878099 -0.040637549 -0.00534725096
v -0.0202984195 -0.0405909382 -0.00534999277
v -0.02014249 -0.040637549 -0.00587099697
v -0.0201529805 -0.0405909382 -0.00587403681
v -0.0199836399 -0.040637549 -0.00639081001
v -0.0199940801 -0.0405909382 -0.0063940878
v -0.0198113304 -0.040637549 -0.00690627005
v -0.0198216997 -0.0405909382 -0.00690990593
v -0.0196257792 -0.040637549 -0.00741714193
v -0.0196360294 -0.0405909382 -0.00742101623
v -0.0194269996 -0.040637549 -0.00792306568
v -0.0194371901 -0.0405909382 -0.00792717934
v -0.0192152802 -0.040637549 -0.00842362642
v -0.01922529 -0.0405909382 -0.00842803717
v -0.0189906303 -0.040637549 -0.00891858339
v -0.0190005302 -0.0405909382 -0.00892323162
v -0.0187532902 -0.040637549 -0.00940757897
v -0.0187630598 -0.0405909382 -0.00941246655
v -0.0185033008 -0.040637549 -0.00989019778
v -0.0185129605 -0.0405909382 -0.00989538431
v -0.0182408597 -0.040637549 -0.0103661995
v -0.0182504002 -0.0405909382 -0.0103716198
v -0.0179662108 -0.040637549 -0.0108352304
v -0.0179755595 -0.0405909382 -0.01084089
v -0.0176794492 -0.040637549 -0.0112969801
v -0.0176886898 -0.0405909382 -0.01130288
v -0.0173808895 -0.040637549 -0.0117511097
v -0.0173899494 -0.0405909382 -0.0117572499
v -0.0170706492 -0.040637549 -0.0121974302
v -0.0170795303 -0.0405909382 -0.0122038098
v -0.0167489592 -0.040637549 -0.0126355803
v -0.0167577192 -0.0405909382 -0.0126422001
v -0.0164160691 -0.040637549 -0.0130652096
v -0.0164246503 -0.0405909382 -0.0130720697
v -0.0160721503 -0.040637549 -0.0134860799
v -0.0160804894 -0.0405909382 -0.0134931197
v -0.0157173797 -0.040637549 -0.0138978902
v -0.0157255493 -0.0405909382 -0.0139051601
v -0.0153520703 -0.040637549 -0.0143003399
v -0.0153600499 -0.0405909382 -0.01430785
v -0.01497644 -0.040637549 -0.0146932602
v -0.0149842501 -0.0405909382 -0.0147008803
v -0.0145907896 -0.040637549 -0.01507622
v -0.0145983603 -0.0405909382 -0.01508414
v -0.0141953202 -0.040637549 -0.0154491598
v -0.0142027698 -0.0405909382 -0.0154572101
v -0.0137904203 -0.040637549 -0.0158117395
v -0.0137975803 -0.0405909382 -0.0158199593
v -0.0133762304 -0.040637549 -0.0161636993
v -0.0133832004 -0.0405909382 -0.0161721092
v -0.0129530402 -0.040637549 -0.0165047608
v -0.0129597699 -0.0405909382 -0.0165133998
v -0.0125211403 -0.040637549 -0.0168347303
v -0.01252764 -0.0405909382 -0.0168435499
v -0.0120807802 -0.040637549 -0.01715344
v -0.0120871002 -0.0405909382 -0.0171623807
v -0.0116323801 -0.040637549 -0.0174605809
v -0.0116384597 -0.0405909382 -0.0174697004
v -0.0111761596 -0.040637549 -0.0177560393
v -0.0111820102 -0.0405909382 -0.0177653395
v -0.0107124401 -0.040637549 -0.01803964
v -0.0107180402 -0.0405909382 -0.0180490594
v -0.0102415597 -0.040637549 -0.0183110796
v -0.0102469297 -0.0405909382 -0.0183206704
v -0.00976383593 -0.040637549 -0.0185703002
v -0.00976890326 -0.0405909382 -0.0185799506
v -0.00927948859 -0.040637549 -0.0188170001
v -0.00928431656 -0.0405909382 -0.0188268404
v -0.00878894329 -0.040637549 -0.0190510098
v -0.00879353192 -0.0405909382 -0.01906096
v -0.00829243567 -0.040637549 -0.0192722604
v -0.00829678681 -0.0405909382 -0.0192823391
v -0.00779044582 -0.040637549 -0.0194805805
v -0.00779449893 -0.0405909382 -0.0194907691
v -0.00728320982 -0.040637549 -0.0196758509
v -0.00728696492 -0.0405909382 -0.0196860991
v -0.00677102804 -0.040637549 -0.0198579393
v -0.00677460385 -0.0405909382 -0.0198683105
v -0.00625437405 -0.040637549 -0.0200266801
v -0.00625765277 -0.0405909382 -0.0200371705
v -0.00573348906 -0.040637549 -0.0201820098
v -0.0057365289 -0.0405909382 -0.0201925598
v -0.00520878984 -0.040637549 -0.0203238092
v -0.00521153212 -0.0405909382 -0.0203344207
v -0.00468057301 -0.040637549 -0.0204518996
v -0.0046830168 -0.0405909382 -0.0204625707
v -0.00414919807 -0.040637549 -0.0205662195
v -0.00415134383 -0.0405909382 -0.0205769502
v -0.00361502101 -0.040637549 -0.0206667706
v -0.00361692905 -0.0405909382 -0.0206775591
v -0.00307845999 -0.040637549 -0.0207534991
v -0.00308007002 -0.0405909382 -0.0207643509
v -0.00253981305 -0.040637549 -0.0208262801
v -0.00254112389 -0.0405909382 -0.0208371803
v -0.00199949695 -0.040637549 -0.0208851006
v -0.00200050999 -0.0405909382 -0.0208960101
v -0.00145781005 -0.040637549 -0.0209299307
v -0.00145858503 -0.0405909382 -0.0209408905
v -0.000915165001 -0.040637549 -0.0209606793
v -0.000915643002 -0.0405909382 -0.0209716503
v -0.000371884991 -0.040637549 -0.0209773704
v -0.000372078997 -0.0405909382 -0.02098828
v 0.000171642998 -0.040637549 -0.0209799409
v 0.000171733001 -0.0405909382 -0.0209908392
v 0.000715056027 -0.040637549 -0.0209683701
v 0.000715430011 -0.0405909382 -0.0209793393
v 0.00125795603 -0.040637549 -0.0209427997
v 0.00125861098 -0.0405909382 -0.0209537707
v 0.00180006004 -0.040637549 -0.0209032204
v 0.00180101302 -0.0405909382 -0.0209141299
v 0.00234091189 -0.040637549 -0.0208495799
v 0.00234216405 -0.0405909382 -0.0208604895
v 0.00288027502 -0.040637549 -0.0207819901
v 0.0028817649 -0.0405909382 -0.02079284
v 0.00341761089 -0.040637549 -0.0207004491
v 0.00341939903 -0.0405909382 -0.0207112394
v 0.00395274116 -0.040637549 -0.0206049606
v 0.00395476818 -0.0405909382 -0.0206156895
v 0.00448512984 -0.040637549 -0.0204955898
v 0.00448745396 -0.0405909382 -0.0205063205
v 0.00501453783 -0.040637549 -0.0203725006
v 0.0050171609 -0.0405909382 -0.0203831103
v 0.00554060889 -0.040637549 -0.0202357695
v 0.00554346992 -0.0405909382 -0.0202463195
v 0.00606292393 -0.040637549 -0.0200854503
v 0.00606608298 -0.0405909382 -0.0200959407
v 0.00658124592 -0.040637549 -0.0199216604
v 0.00658464385 -0.0405909382 -0.0199320894
v 0.00709509803 -0.040637549 -0.0197445694
v 0.00709879305 -0.0405909382 -0.0197548792
v 0.00760418084 -0.040637549 -0.0195541307
v 0.00760811521 -0.0405909382 -0.0195643902
v 0.00810813904 -0.040637549 -0.0193505809
v 0.00811237004 -0.0405909382 -0.0193607192
v 0.00860667229 -0.040637549 -0.0191340409
v 0.00861120224 -0.0405909382 -0.0191439893
v 0.00909942295 -0.040637549 -0.0189046208
v 0.00910419226 -0.0405909382 -0.0189145207
v 0.00958609488 -0.040637549 -0.01866257
v 0.00959110167 -0.0405909382 -0.01867228
v 0.0100663304 -0.040637549 -0.0184080005
v 0.0100715701 -0.0405909382 -0.0184175894
v 0.0105398204 -0.040637549 -0.0181410909
v 0.0105453096 -0.0405909382 -0.0181505606
v 0.0110062296 -0.040637549 -0.0178619605
v 0.0110119497 -0.0405909382 -0.0178713202
v 0.0114652496 -0.040637549 -0.0175709091
v 0.01147121 -0.0405909382 -0.0175800901
v 0.0119165098 -0.040637549 -0.0172680002
v 0.0119227702 -0.0405909382 -0.0172770005
v 0.0123598501 -0.040637549 -0.0169534609
v 0.0123662902 -0.0405909382 -0.0169623401
v 0.0127948504 -0.040637549 -0.0166276004
v 0.0128015196 -0.0405909382 -0.0166362505
v 0.0132212602 -0.040637549 -0.0162905399
v 0.0132281696 -0.0405909382 -0.0162990596
v 0.0136388503 -0.040637549 -0.0159426294
v 0.0136459405 -0.0405909382 -0.0159509107
v 0.0140472604 -0.040637549 -0.0155839901
v 0.0140545899 -0.0405909382 -0.0155920899
v 0.01445382 -0.0405909382 -0.01522284
v 0.0148427403 -0.040590819 -0.0148427403
v -0.0128854504 -0.0407296382 0.0165111404
v -0.0128982002 -0.0406840406 0.0165275298
v -0.0133088203 -0.0407296382 0.0161718093
v -0.0133219901 -0.0406840406 0.0161878392
v -0.0137232495 -0.0407296382 0.0158216301
v -0.0137368403 -0.0406840406 0.0158373099
v -0.0141284997 -0.0407296382 0.0154608404
v -0.0141425095 -0.0406840406 0.0154761598
v -0.0145242801 -0.0407296382 0.0150896898
v -0.0145386998 -0.0406840406 0.0151046496
v -0.0149103403 -0.0407296382 0.0147083905
v -0.0149251204 -0.0406840406 0.0147229396
v -0.0152863199 -0.0407296382 0.0143172098
v -0.01530152 -0.0406840406 0.0143314004
v -0.0156520605 -0.0407296382 0.0139164301
v -0.0156676099 -0.0406840406 0.0139301997
v -0.0160073005 -0.0407296382 0.0135062896
v -0.0160231497 -0.0406840406 0.0135196401
v -0.0163517501 -0.0407296382 0.0130870901
v -0.01636797 -0.0406840406 0.0131000197
v -0.0166852996 -0.0407296382 0.0126590701
v -0.0167018101 -0.0406840406 0.0126716401
v -0.0170076396 -0.0407296382 0.0122226402
v -0.01702445 -0.0406840406 0.01223474
v -0.0173185393 -0.0407296382 0.01177793
v -0.0173357092 -0.0406840406 0.0117896097
v -0.0176178794 -0.0407296382 0.0113254096
v -0.0176353399 -0.0406840406 0.01133662
v -0.0179053508 -0.0407296382 0.0108652096
v -0.0179231092 -0.0406840406 0.0108759897
v -0.0181807801 -0.0407296382 0.0103977304
v -0.0181988403 -0.0406840406 0.0104080401
v -0.0184439998 -0.0407296382 0.00992327929
v -0.0184623003 -0.0406840406 0.00993311405
v -0.0186948702 -0.0407296382 0.00944214966
v -0.0187133495 -0.0406840406 0.00945150759
v -0.0189331695 -0.0407296382 0.00895470288
v -0.0189519506 -0.0406840406 0.00896358397
v -0.0191587806 -0.0407296382 0.00846123602
v -0.0191777907 -0.0406840406 0.00846964121
v -0.0193715598 -0.0407296382 0.00796210673
v -0.01939076 -0.0406840406 0.00797003508
v -0.0195713602 -0.0407296382 0.00745767308
v -0.0195907298 -0.0406840406 0.00746506406
v -0.0197579805 -0.0407296382 0.00694817305
v -0.0197775904 -0.0406840406 0.00695508718
v -0.0199313108 -0.0407296382 0.00643402291
v -0.0199510995 -0.0406840406 0.00644040108
v -0.0200912897 -0.0407296382 0.00591552211
v -0.0201111995 -0.0406840406 0.00592142297
v -0.0202377401 -0.0407296382 0.00539308693
v -0.0202578306 -0.0406840406 0.00539845182
v -0.0203706603 -0.0407296382 0.0048670168
v -0.0203907993 -0.0406840406 0.00487184478
v -0.0204899292 -0.0407296382 0.00433772802
v -0.0205101892 -0.0406840406 0.00434201909
v -0.0205954295 -0.0407296382 0.00380551792
v -0.0206158105 -0.0406840406 0.00380927301
v -0.0206871592 -0.0407296382 0.00327068497
v -0.0207075998 -0.0406840406 0.003273963
v -0.0207649395 -0.0407296382 0.00273370696
v -0.0207855105 -0.0406840406 0.00273644901
v -0.0208287798 -0.0407296382 0.00219488097
v -0.0208493993 -0.0406840406 0.00219708611
v -0.0208786093 -0.0407296382 0.00165462401
v -0.0208992902 -0.0406840406 0.00165623403
v -0.0209144298 -0.0407296382 0.00111323502
v -0.0209351107 -0.0406840406 0.00111430802
v -0.0209362507 -0.0407296382 0.000571088982
v -0.0209569894 -0.0406840406 0.000571654993
v -0.02094399 -0.0407296382 2.85562e-05
v -0.0209647398 -0.0406840406 2.85844999e-05
v -0.0209377408 -0.0407296382 -0.000513995998
v -0.0209584795 -0.0406840406 -0.000514505024
v -0.0209174696 -0.0407296382 -0.00105619396
v -0.0209381506 -0.0406840406 -0.001057207
v -0.0208830796 -0.0407296382 -0.00159770204
v -0.0209037606 -0.0406840406 -0.00159925199
v -0.0208346806 -0.0407296382 -0.00213807798
v -0.0208553001 -0.0406840406 -0.00214022305
v -0.0207722709 -0.0407296382 -0.00267708302
v -0.02079284 -0.0406840406 -0.00267970492
v -0.0206959192 -0.0407296382 -0.00321429898
v -0.0207164194 -0.0406840406 -0.00321745803
v -0.0206056796 -0.0407296382 -0.00374931004
v -0.0206261203 -0.0406840406 -0.00375300599
v -0.0205016695 -0.0407296382 -0.00428181794
v -0.0205219891 -0.0406840406 -0.00428604987
v -0.0203838907 -0.0407296382 -0.00481146481
v -0.0204041004 -0.0406840406 -0.00481623411
v -0.0202524606 -0.0407296382 -0.00533789303
v -0.0202724896 -0.0406840406 -0.00534319784
v -0.0201073792 -0.0407296382 -0.00586074498
v -0.0201272909 -0.0406840406 -0.00586652709
v -0.0199488401 -0.0407296382 -0.00637966301
v -0.01996856 -0.0406840406 -0.00638598204
v -0.0197768193 -0.0407296382 -0.00689422991
v -0.0197964292 -0.0406840406 -0.00690108491
v -0.0195915606 -0.0407296382 -0.00740420818
v -0.0196109992 -0.0406840406 -0.00741159916
v -0.0193931405 -0.0407296382 -0.00790923834
v -0.0194123909 -0.0406840406 -0.00791710615
v -0.0191817805 -0.0407296382 -0.00840896275
v -0.0192008 -0.0406840406 -0.00841730833
v -0.0189575497 -0.0407296382 -0.00890308619
v -0.0189763308 -0.0406840406 -0.00891190674
v -0.0187206194 -0.0407296382 -0.00939118769
v -0.0187391602 -0.0406840406 -0.00940048601
v -0.0184710603 -0.0407296382 -0.00987297203
v -0.0184893608 -0.0406840406 -0.00988274813
v -0.0182090905 -0.0407296382 -0.0103481403
v -0.0182271507 -0.0406840406 -0.0103583904
v -0.0179349091 -0.0407296382 -0.0108163301
v -0.0179526806 -0.0406840406 -0.0108270599
v -0.0176486298 -0.0407296382 -0.01127725
v -0.0176661592 -0.0406840406 -0.0112884603
v -0.0173506103 -0.0407296382 -0.01173067
v -0.0173677802 -0.0406840406 -0.0117422901
v -0.0170409009 -0.0407296382 -0.0121762101
v -0.0170577709 -0.0406840406 -0.0121882502
v -0.0167198107 -0.0407296382 -0.0126135303
v -0.0167363193 -0.0406840406 -0.01262605
v -0.0163874608 -0.0407296382 -0.0130424397
v -0.0164036695 -0.0406840406 -0.0130553804
v -0.0160441305 -0.0407296382 -0.0134626003
v -0.0160599891 -0.0406840406 -0.0134759499
v -0.0156899597 -0.0407296382 -0.0138736898
v -0.0157055203 -0.0406840406 -0.0138874603
v -0.0153253004 -0.0407296382 -0.0142754298
v -0.0153404996 -0.0406840406 -0.0142896101
v -0.0149503304 -0.0407296382 -0.0146676302
v -0.0149651701 -0.0406840406 -0.01468217
v -0.0145653402 -0.0407296382 -0.0150499903
v -0.0145797702 -0.0406840406 -0.0150648896
v -0.0141705796 -0.0407296382 -0.0154222203
v -0.01418465 -0.0406840406 -0.0154375397
v -0.01376634 -0.0407296382 -0.0157842003
v -0.0137799904 -0.0406840406 -0.0157998204
v -0.0133529296 -0.0407296382 -0.0161355101
v -0.0133661004 -0.0406840406 -0.0161514804
v -0.01293045 -0.0407296382 -0.0164760295
v -0.0129432604 -0.0406840406 -0.0164923593
v -0.01249927 -0.0407296382 -0.0168054104
v -0.0125116697 -0.0406840406 -0.0168220904
v -0.0120597398 -0.0407296382 -0.0171235204
v -0.0120717203 -0.0406840406 -0.0171405002
v -0.0116121098 -0.0407296382 -0.0174301807
v -0.0116236201 -0.0406840406 -0.0174474102
v -0.0111566698 -0.0407296382 -0.0177251101
v -0.01116776 -0.0406840406 -0.0177426897
v -0.0106937801 -0.0407296382 -0.0180081706
v -0.0107043898 -0.0406840406 -0.0180260502
v -0.0102237398 -0.0407296382 -0.0182791892
v -0.0102338698 -0.0406840406 -0.0182973109
v -0.009746789 -0.0407296382 -0.0185379293
v -0.00975644495 -0.0406840406 -0.0185562894
v -0.00926333573 -0.0407296382 -0.0187842194
v -0.00927251484 -0.0406840406 -0.0188028198
v -0.00877362397 -0.0407296382 -0.0190178696
v -0.00878232718 -0.0406840406 -0.0190367103
v -0.00827801228 -0.0407296382 -0.0192387104
v -0.00828623679 -0.0406840406 -0.0192577802
v -0.00777685596 -0.0407296382 -0.0194466691
v -0.00778454496 -0.0406840406 -0.0194659196
v -0.00727051403 -0.0407296382 -0.0196415707
v -0.00727766706 -0.0406840406 -0.019661
v -0.00675922586 -0.0407296382 -0.0198233109
v -0.00676596118 -0.0406840406 -0.0198429804
v -0.00624346687 -0.0407296382 -0.0199918095
v -0.00624966621 -0.0406840406 -0.0200116001
v -0.00572353601 -0.0407296382 -0.0201468393
v -0.00572919799 -0.0406840406 -0.0201668106
v -0.00519972993 -0.0407296382 -0.0202884004
v -0.00520485593 -0.0406840406 -0.0203084908
v -0.0046724081 -0.0407296382 -0.0204162505
v -0.0046770568 -0.0406840406 -0.0204364602
v -0.0041419859 -0.0407296382 -0.0205304008
v -0.00414603902 -0.0406840406 -0.0205507204
v -0.00360876299 -0.0407296382 -0.0206307694
v -0.00361233903 -0.0406840406 -0.0206512194
v -0.00307309604 -0.0407296382 -0.0207173191
v -0.00307613611 -0.0406840406 -0.0207378808
v -0.00253540208 -0.0407296382 -0.0207899809
v -0.00253790594 -0.0406840406 -0.0208106004
v -0.00199598004 -0.0407296382 -0.0208487492
v -0.00199794699 -0.0406840406 -0.0208693705
v -0.00145524705 -0.0407296382 -0.0208934508
v -0.00145667698 -0.0406840406 -0.0209141895
v -0.000913570984 -0.0407296382 -0.0209242105
v -0.000914475997 -0.0406840406 -0.0209448896
v -0.000371236994 -0.0407296382 -0.0209407806
v -0.000371605012 -0.0406840406 -0.0209615808
v 0.000171344 -0.0407296382 -0.0209433399
v 0.000171513995 -0.0406840406 -0.0209640805
v 0.000713809975 -0.0407296382 -0.0209318306
v 0.000714518013 -0.0406840406 -0.0209525805
v 0.00125574996 -0.0407296382 -0.0209063198
v 0.001257002 -0.0406840406 -0.0209270697
v 0.00179690099 -0.0407296382 -0.0208668094
v 0.00179868902 -0.0406840406 -0.0208874904
v 0.002336859 -0.0407296382 -0.0208132807
v 0.00233918405 -0.0406840406 -0.0208339002
v 0.00287520792 -0.0407296382 -0.0207458101
v 0.00287806895 -0.0406840406 -0.02076637
v 0.00341164996 -0.0407296382 -0.0206643902
v 0.00341504789 -0.0406840406 -0.0206848308
v 0.00394582702 -0.0407296382 -0.0205690209
v 0.00394976093 -0.0406840406 -0.0205894094
v 0.0044773221 -0.0407296382 -0.0204598904
v 0.00448173191 -0.0406840406 -0.0204801504
v 0.00500583602 -0.0407296382 -0.02033698
v 0.00501078321 -0.0406840406 -0.0203571301
v 0.00553095294 -0.0407296382 -0.0202004891
v 0.00553643703 -0.0406840406 -0.0202205107
v 0.00605237391 -0.0407296382 -0.0200504605
v 0.00605839398 -0.0406840406 -0.0200703107
v 0.00656974316 -0.0407296382 -0.0198869705
v 0.00657624006 -0.0406840406 -0.0199066903
v 0.0070826998 -0.0407296382 -0.0197101198
v 0.00708973408 -0.0406840406 -0.0197296701
v 0.00759094907 -0.0407296382 -0.0195201002
v 0.00759845879 -0.0406840406 -0.0195394102
v 0.00809401181 -0.0407296382 -0.0193168502
v 0.00810205936 -0.0406840406 -0.0193360392
v 0.00859171059 -0.0407296382 -0.0191006605
v 0.00860017538 -0.0406840406 -0.0191196203
v 0.00908356905 -0.0407296382 -0.0188716594
v 0.00909256935 -0.0406840406 -0.0188903809
v 0.00956940558 -0.0407296382 -0.0186300203
v 0.00957888272 -0.0406840406 -0.0186484996
v 0.0100488001 -0.0407296382 -0.0183759294
v 0.0100587597 -0.0406840406 -0.0183941107
v 0.0105214696 -0.0407296382 -0.0181094408
v 0.0105318399 -0.0406840406 -0.0181273799
v 0.0109870397 -0.0407296382 -0.0178308394
v 0.0109979501 -0.0406840406 -0.0178485494
v 0.0114452802 -0.0407296382 -0.0175402705
v 0.0114566004 -0.0406840406 -0.0175576806
v 0.0118957702 -0.0407296382 -0.0172378998
v 0.0119075701 -0.0406840406 -0.0172550008
v 0.0123382797 -0.0407296382 -0.0169239603
v 0.0123505499 -0.0406840406 -0.0169407092
v 0.0127725601 -0.0407296382 -0.01659864
v 0.0127851898 -0.0406840406 -0.0166150294
v 0.01319825 -0.0407296382 -0.0162621699
v 0.0132112997 -0.0406840406 -0.0162782595
v 0.0136150699 -0.0407296382 -0.0159148499
v 0.0136285396 -0.0406840406 -0.0159305893
v 0.0140227601 -0.0407296382 -0.0155568104
v 0.0140366498 -0.0406840406 -0.0155722396
v 0.0144210998 -0.0407296382 -0.0151883904
v 0.0148093104 -0.0407293402 -0.0148093104
v -0.01242017 -0.0408151112 0.0167944394
v -0.0128509896 -0.0408151112 0.0164670292
v -0.0128696496 -0.0407735705 0.0164909307
v -0.0132732298 -0.0408151112 0.0161285903
v -0.0132924896 -0.0407735705 0.0161520205
v -0.0136865899 -0.0408151112 0.0157793108
v -0.0137064401 -0.0407735705 0.0158022605
v -0.0140907699 -0.0408151112 0.0154194804
v -0.0141112199 -0.0407735705 0.0154418899
v -0.01448547 -0.0408151112 0.01504933
v -0.0145065105 -0.0407735705 0.0150712105
v -0.0148704601 -0.0408151112 0.0146691203
v -0.0148921004 -0.0407735705 0.0146903899
v -0.0152454898 -0.0408151112 0.0142789399
v -0.0152676096 -0.0407735705 0.0142996898
v -0.0156102702 -0.0408151112 0.0138792302
v -0.01563292 -0.0407735705 0.0138993803
v -0.0159645006 -0.0408151112 0.0134701701
v -0.0159876905 -0.0407735705 0.0134897204
v -0.0163080599 -0.0408151112 0.0130521003
v -0.0163317304 -0.0407735705 0.0130710602
v -0.0166407209 -0.0408151112 0.0126252696
v -0.0166648608 -0.0407735705 0.0126435701
v -0.0169621706 -0.0408151112 0.0121899797
v -0.0169867799 -0.0407735705 0.0122076198
v -0.0172722898 -0.0408151112 0.0117464596
v -0.0172973797 -0.0407735705 0.0117635103
v -0.0175707899 -0.0408151112 0.0112951295
v -0.0175963007 -0.0407735705 0.0113115301
v -0.0178575497 -0.0408151112 0.0108361803
v -0.0178834107 -0.0407735705 0.0108519103
v -0.0181322005 -0.0408151112 0.01036995
v -0.0181585494 -0.0407735705 0.0103850299
v -0.0183946993 -0.0408151112 0.00989675522
v -0.0184214097 -0.0407735705 0.00991111901
v -0.0186449196 -0.0408151112 0.0094169369
v -0.0186719801 -0.0407735705 0.00943058729
v -0.0188825708 -0.0408151112 0.00893080235
v -0.0189099908 -0.0407735705 0.00894373562
v -0.0191075802 -0.0408151112 0.00843864586
v -0.0191353504 -0.0407735705 0.00845086481
v -0.0193198305 -0.0408151112 0.00794082787
v -0.0193478409 -0.0407735705 0.0079523921
v -0.0195190907 -0.0408151112 0.00743770506
v -0.0195473991 -0.0407735705 0.00744855404
v -0.0197051708 -0.0408151112 0.006929636
v -0.0197337791 -0.0407735705 0.00693964912
v -0.0198780801 -0.0408151112 0.00641685678
v -0.0199069306 -0.0407735705 0.0064261551
v -0.0200375896 -0.0408151112 0.00589972688
v -0.0200666692 -0.0407735705 0.00590830995
v -0.0201836806 -0.0408151112 0.00537866307
v -0.0202129409 -0.0407735705 0.00538647082
v -0.0203162394 -0.0408151112 0.00485402299
v -0.0203456804 -0.0407735705 0.00486105587
v -0.0204351507 -0.0408151112 0.00432610512
v -0.0204648301 -0.0407735705 0.00433242321
v -0.0205404107 -0.0408151112 0.00379532506
v -0.0205702092 -0.0407735705 0.00380080892
v -0.0206318405 -0.0408151112 0.00326198293
v -0.0206618309 -0.0407735705 0.00326669193
v -0.0207094494 -0.0408151112 0.00272643496
v -0.0207394902 -0.0407735705 0.0027303691
v -0.0207731109 -0.0408151112 0.00218903995
v -0.0208032709 -0.0407735705 0.002192199
v -0.0208228193 -0.0408151112 0.00165021396
v -0.0208530407 -0.0407735705 0.00165259803
v -0.0208585206 -0.0408151112 0.00111025502
v -0.0208887998 -0.0407735705 0.00111186504
v -0.0208802801 -0.0408151112 0.00056956301
v -0.0209106207 -0.0407735705 0.000570390024
v -0.0208880305 -0.0408151112 2.84799007e-05
v -0.02091836 -0.0407735705 2.85212009e-05
v -0.0208818298 -0.0408151112 -0.000512622006
v -0.0209121108 -0.0407735705 -0.000513367006
v -0.0208615605 -0.0408151112 -0.00105333305
v -0.0208918396 -0.0407735705 -0.001054883
v -0.0208272897 -0.0408151112 -0.00159341004
v -0.0208575092 -0.0407735705 -0.00159573497
v -0.0207790099 -0.0408151112 -0.00213235593
v -0.0208091699 -0.0407735705 -0.00213545491
v -0.0207167193 -0.0408151112 -0.00266992999
v -0.0207468197 -0.0407735705 -0.00267380406
v -0.0206406098 -0.0408151112 -0.00320565701
v -0.0206705909 -0.0407735705 -0.00321036507
v -0.0205505993 -0.0408151112 -0.00373929692
v -0.0205804706 -0.0407735705 -0.00374472095
v -0.0204468891 -0.0408151112 -0.00427037384
v -0.0204765704 -0.0407735705 -0.00427657319
v -0.0203294102 -0.0408151112 -0.00479864981
v -0.0203589201 -0.0407735705 -0.00480556395
v -0.0201983396 -0.0408151112 -0.00532364799
v -0.0202276707 -0.0407735705 -0.00533139706
v -0.0200536791 -0.0408151112 -0.00584506895
v -0.0200827699 -0.0407735705 -0.00585359288
v -0.0198954903 -0.0408151112 -0.00636261702
v -0.0199244004 -0.0407735705 -0.0063718548
v -0.01972395 -0.0408151112 -0.00687581301
v -0.0197526198 -0.0407735705 -0.00688582612
v -0.0195392296 -0.0408151112 -0.00738441898
v -0.0195675399 -0.0407735705 -0.00739514781
v -0.0193413403 -0.0408151112 -0.00788813829
v -0.0193694197 -0.0407735705 -0.00789958239
v -0.0191305205 -0.0408151112 -0.0083864918
v -0.0191583 -0.0407735705 -0.00839865208
v -0.0189068895 -0.0408151112 -0.00887924433
v -0.0189343598 -0.0407735705 -0.0088921776
v -0.0186705496 -0.0408151112 -0.00936609507
v -0.0186976697 -0.0407735705 -0.00937968399
v -0.0184217002 -0.0408151112 -0.00984656811
v -0.0184484702 -0.0407735705 -0.00986087322
v -0.0181604605 -0.0408151112 -0.01032048
v -0.0181868002 -0.0407735705 -0.0103354398
v -0.0178869292 -0.0408151112 -0.01078742
v -0.0179129206 -0.0407735705 -0.0108030997
v -0.01760149 -0.0408151112 -0.0112471497
v -0.0176270604 -0.0407735705 -0.0112634804
v -0.0173042398 -0.0408151112 -0.0116993096
v -0.0173293296 -0.0407735705 -0.0117162997
v -0.0169953704 -0.0408151112 -0.0121436696
v -0.0170200393 -0.0407735705 -0.0121613098
v -0.0166751109 -0.0408151112 -0.0125798499
v -0.0166993104 -0.0407735705 -0.0125980899
v -0.0163436495 -0.0408151112 -0.0130076399
v -0.0163673703 -0.0407735705 -0.0130264703
v -0.0160012208 -0.0408151112 -0.0134266596
v -0.0160244703 -0.0407735705 -0.0134461503
v -0.0156480595 -0.0408151112 -0.0138366204
v -0.0156707708 -0.0407735705 -0.0138566997
v -0.0152843501 -0.0408151112 -0.01423728
v -0.0153065296 -0.0407735705 -0.01425796
v -0.0149103897 -0.0408151112 -0.0146284103
v -0.0149320299 -0.0407735705 -0.0146496799
v -0.0145264203 -0.0408151112 -0.0150097599
v -0.0145475203 -0.0407735705 -0.0150315696
v -0.0141327297 -0.0408151112 -0.0153810298
v -0.0141532402 -0.0407735705 -0.0154033797
v -0.0137295704 -0.0408151112 -0.0157420002
v -0.0137495296 -0.0407735705 -0.0157648306
v -0.0133172199 -0.0408151112 -0.0160924103
v -0.01333653 -0.0407735705 -0.0161157809
v -0.0128958803 -0.0408151112 -0.0164319798
v -0.0129145896 -0.0407735705 -0.0164558198
v -0.0124658896 -0.0408151112 -0.0167605206
v -0.0124840103 -0.0407735705 -0.0167848393
v -0.0120275002 -0.0408151112 -0.0170777999
v -0.0120449597 -0.0407735705 -0.0171025898
v -0.0115810595 -0.0408151112 -0.0173835699
v -0.0115978699 -0.0407735705 -0.0174088404
v -0.0111268703 -0.0408151112 -0.0176777206
v -0.0111430204 -0.0407735705 -0.0177034102
v -0.0106652305 -0.0408151112 -0.0179600697
v -0.0106806699 -0.0407735705 -0.0179861095
v -0.0101963803 -0.0408151112 -0.0182303097
v -0.01021122 -0.0407735705 -0.0182567798
v -0.00972074177 -0.0408151112 -0.0184883997
v -0.009734869 -0.0407735705 -0.0185152199
v -0.0092385998 -0.0408151112 -0.0187340304
v -0.00925201084 -0.0407735705 -0.0187612101
v -0.00875020027 -0.0408151112 -0.0189670306
v -0.00876289606 -0.0407735705 -0.0189945605
v -0.00825589802 -0.0408151112 -0.0191872697
v -0.00826787855 -0.0407735705 -0.0192151591
v -0.00775605394 -0.0408151112 -0.0193946902
v -0.00776731921 -0.0407735705 -0.0194228198
v -0.00725108292 -0.0408151112 -0.0195890609
v -0.0072615738 -0.0407735705 -0.0196174905
v -0.00674116611 -0.0408151112 -0.0197703801
v -0.00675099995 -0.0407735705 -0.0197990499
v -0.00622677803 -0.0408151112 -0.0199384
v -0.00623583701 -0.0407735705 -0.0199673101
v -0.00570821716 -0.0408151112 -0.0200930201
v -0.0057165022 -0.0407735705 -0.0201222301
v -0.00518584205 -0.0408151112 -0.0202341601
v -0.00519335177 -0.0407735705 -0.0202635508
v -0.0046599498 -0.0408151112 -0.0203617197
v -0.00466668606 -0.0407735705 -0.0203912798
v -0.00413089897 -0.0408151112 -0.0204755608
v -0.00413691904 -0.0407735705 -0.0205052402
v -0.00359910703 -0.0408151112 -0.0205756407
v -0.00360435201 -0.0407735705 -0.0206055008
v -0.0030648699 -0.0408151112 -0.0206619501
v -0.00306934095 -0.0407735705 -0.0206919909
v -0.00252860691 -0.0408151112 -0.02073442
v -0.0025323031 -0.0407735705 -0.0207645204
v -0.00199067499 -0.0408151112 -0.0207930207
v -0.00199353602 -0.0407735705 -0.0208231807
v -0.00145137298 -0.0408151112 -0.0208376609
v -0.00145345903 -0.0407735705 -0.0208678804
v -0.000911128998 -0.0408151112 -0.0208682995
v -0.000912452 -0.0407735705 -0.0208985806
v -0.00037024499 -0.0408151112 -0.0208848696
v -0.000370783004 -0.0407735705 -0.0209151506
v 0.000170886007 -0.0408151112 -0.0208873693
v 0.000171134001 -0.0407735705 -0.0209177099
v 0.000711902976 -0.0408151112 -0.0208759308
v 0.000712935987 -0.0407735705 -0.0209062006
v 0.00125241198 -0.0408151112 -0.0208504703
v 0.00125425996 -0.0407735705 -0.0208807494
v 0.00179213204 -0.0408151112 -0.0208110195
v 0.00179469504 -0.0407735705 -0.0208412409
v 0.00233060098 -0.0408151112 -0.0207576696
v 0.00233399798 -0.0407735705 -0.0207877699
v 0.00286757899 -0.0408151112 -0.0206903797
v 0.00287169195 -0.0407735705 -0.0207204204
v 0.00340253091 -0.0408151112 -0.0206091404
v 0.0034074781 -0.0407735705 -0.0206390601
v 0.003935277 -0.0408151112 -0.0205140691
v 0.00394099904 -0.0407735705 -0.0205438696
v 0.0044653411 -0.0408151112 -0.0204052292
v 0.00447183801 -0.0407735705 -0.0204348508
v 0.00499242498 -0.0408151112 -0.0202826802
v 0.00499969721 -0.0407735705 -0.0203121305
v 0.00551617099 -0.0408151112 -0.0201465394
v 0.00552415801 -0.0407735705 -0.0201757494
v 0.00603622105 -0.0408151112 -0.0199968796
v 0.00604498293 -0.0407735705 -0.0200258996
v 0.00655221893 -0.0408151112 -0.0198338609
v 0.00656169606 -0.0407735705 -0.01986265
v 0.00706380606 -0.0408151112 -0.0196574908
v 0.00707405806 -0.0407735705 -0.0196860395
v 0.00757062389 -0.0408151112 -0.0194679406
v 0.00758165121 -0.0407735705 -0.0194962006
v 0.00807237625 -0.0408151112 -0.0192652307
v 0.00808411837 -0.0407735705 -0.0192932393
v 0.00856870413 -0.0408151112 -0.0190496407
v 0.00858116057 -0.0407735705 -0.0190772992
v 0.00905930903 -0.0408151112 -0.0188212302
v 0.00907248165 -0.0407735705 -0.0188485906
v 0.00954383612 -0.0408151112 -0.0185802504
v 0.00955766439 -0.0407735705 -0.0186071899
v 0.0100219203 -0.0408151112 -0.0183268096
v 0.0100364601 -0.0407735705 -0.0183534008
v 0.0104933297 -0.0408151112 -0.01806104
v 0.0105085298 -0.0407735705 -0.0180872604
v 0.0109577104 -0.0408151112 -0.0177832209
v 0.0109735699 -0.0407735705 -0.0178090297
v 0.0114147002 -0.0408151112 -0.0174934193
v 0.0114312703 -0.0407735705 -0.0175188109
v 0.011864 -0.0408151112 -0.0171918198
v 0.0118812304 -0.0407735705 -0.0172167998
v 0.01230531 -0.0408151112 -0.0168787204
v 0.0123231998 -0.0407735705 -0.0169032197
v 0.0127384001 -0.0408151112 -0.0165542308
v 0.0127568804 -0.0407735705 -0.0165783092
v 0.0131629696 -0.0408151112 -0.01621872
v 0.0131820403 -0.0407735705 -0.0162422601
v 0.0135787101 -0.0408151112 -0.0158722904
v 0.0135983797 -0.0407735705 -0.0158953592
v 0.0139853302 -0.0408151112 -0.0155152604
v 0.0140055995 -0.0407735705 -0.01553779
v 0.0219907109 -0.0409976207 -0.00704675913
v 0.0220409594 -0.0409877785 -0.00709700491
v 0.0220179502 -0.0409948789 -0.00707399799
v 0.0220672395 -0.0409797393 -0.00712329103
v 0.0220897105 -0.0409678817 -0.00714576198
v 0.0221145097 -0.0409547612 -0.00717055704
v 0.0222985093 -0.0406726003 -0.00735455705
v 0.0221359096 -0.0409382507 -0.00719195604
v 0.0221587997 -0.0409206115 -0.00721484423
v 0.0221786406 -0.040899571 -0.00723469211
v 0.0221991502 -0.0408778712 -0.00725519611
v 0.0222170297 -0.0408525988 -0.00727301789
v 0.0222348496 -0.0408273898 -0.00729089882
v 0.0222502295 -0.0407983586 -0.00730621815
v 0.0222650692 -0.0407702886 -0.00732111884
v 0.0222775899 -0.0407379195 -0.00733357621
v 0.0222892705 -0.0407077 -0.00734525919
v 0.0223195497 -0.0405325815 -0.00737559702
v 0.0223068502 -0.040640831 -0.00736290216
v 0.0223125797 -0.0406036302 -0.00736862421
v 0.0223175809 -0.0405711494 -0.007373631
v 0.0248742104 -0.0405711494 -0.00509357406
v 0.0267158691 -0.0405711494 -0.00374203897
v 0.02767401 -0.0405711494 -0.00311982608
v 0.0296577197 -0.0405711494 -0.00198697997
v 0.0306805298 -0.0405711494 -0.00147801603
v 0.0338546 -0.0405711494 -0.000189640006
v 0.0228526499 -0.0409948789 -0.00627052691
v 0.0228999797 -0.0409797393 -0.00632166816
v 0.0229454599 -0.0409547612 -0.00637066318
v 0.0229880195 -0.0409206115 -0.00641661789
v 0.0230268203 -0.0408778712 -0.00645851996
v 0.0230610892 -0.0408273898 -0.00649547484
v 0.02309018 -0.0407702886 -0.00652682688
v 0.0231133606 -0.0407077 -0.0065519209
v 0.0231303498 -0.040640831 -0.00657021906
v 0.0315551087 -0.0409948789 -0.000618851976
v 0.0304989796 -0.0409948789 -0.00109511602
v 0.0315825306 -0.0409797393 -0.000682930986
v 0.0305288397 -0.0409797393 -0.00115811802
v 0.0316088684 -0.0409547612 -0.000744374993
v 0.0305575095 -0.0409547612 -0.00121849705
v 0.0316334888 -0.0409206115 -0.000801931019
v 0.0305843297 -0.0409206115 -0.00127506198
v 0.0316560194 -0.0408778712 -0.000854430022
v 0.0306087695 -0.0408778712 -0.00132667995
v 0.0316758715 -0.0408273898 -0.000900799991
v 0.0306304004 -0.0408273898 -0.00137227704
v 0.03169268 -0.0407702886 -0.000940099999
v 0.0306487009 -0.0407702886 -0.00141090096
v 0.0317061506 -0.0407077 -0.000971528003
v 0.0306633692 -0.0407077 -0.00144177605
v 0.0317159817 -0.040640831 -0.000994445989
v 0.0306740403 -0.040640831 -0.00146430696
v 0.0317219384 -0.0405711494 -0.00100833096
v 0.0246106293 -0.0409948789 -0.004761755
v 0.0237172805 -0.0409948789 -0.00549942208
v 0.0246540308 -0.0409797393 -0.00481635286
v 0.0237626992 -0.0409797393 -0.00555229094
v 0.0246955696 -0.0409547612 -0.0048686862
v 0.0238062106 -0.0409547612 -0.00560301496
v 0.0247344896 -0.0409206115 -0.00491773989
v 0.0238469802 -0.0409206115 -0.00565051986
v 0.0247700196 -0.0408778712 -0.00496244384
v 0.0238841698 -0.0408778712 -0.00569385197
v 0.0248014294 -0.0408273898 -0.00500196218
v 0.0239170101 -0.0408273898 -0.00573217822
v 0.0248280093 -0.0407702886 -0.00503539992
v 0.0239448491 -0.0407702886 -0.00576460315
v 0.0248492304 -0.0407077 -0.00506216194
v 0.0239671394 -0.0407077 -0.00579053117
v 0.0248647295 -0.040640831 -0.0050817132
v 0.02398335 -0.040640831 -0.00580942584
v 0.02399325 -0.0405711494 -0.00582098914
v 0.0231406596 -0.0405711494 -0.00658136606
v 0.032780461 -0.0405711494 -0.000578709005
v 0.0327750407 -0.040640831 -0.000564553018
v 0.0338497087 -0.040640831 -0.000175287001
v 0.0327661 -0.0407077 -0.000541277986
v 0.0338416584 -0.0407077 -0.000151689004
v 0.0327538215 -0.0407702886 -0.00050935999
v 0.033830639 -0.0407702886 -0.000119327997
v 0.0327384993 -0.0408273898 -0.000469447987
v 0.0338168107 -0.0408273898 -7.88619e-05
v 0.0327204391 -0.0408778712 -0.000422354991
v 0.0338005386 -0.0408778712 -3.11145996e-05
v 0.0326999985 -0.0409206115 -0.000369038986
v 0.0337821208 -0.0409206115 2.29419002e-05
v 0.0326775312 -0.0409547612 -0.000310586009
v 0.0337619111 -0.0409547612 8.22071015e-05
v 0.0326535702 -0.0409797393 -0.00024818501
v 0.0337404013 -0.0409797393 0.000145475002
v 0.0326285884 -0.0409948789 -0.000183106997
v 0.0337178707 -0.0409948789 0.000211456005
v 0.0296507403 -0.040640831 -0.00197350909
v 0.0296391807 -0.0407077 -0.00195145595
v 0.0296233799 -0.0407702886 -0.00192111696
v 0.0296036005 -0.0408273898 -0.00188320805
v 0.0295802895 -0.0408778712 -0.00183850504
v 0.0295538902 -0.0409206115 -0.00178784097
v 0.0295249205 -0.0409547612 -0.00173234905
v 0.0294939801 -0.0409797393 -0.00167304196
v 0.0294617992 -0.0409948789 -0.00161129201
v 0.0286551099 -0.0405711494 -0.00253450801
v 0.0286475401 -0.040640831 -0.00252133608
v 0.0286352001 -0.0407077 -0.00249969889
v 0.0286182705 -0.0407702886 -0.00247001601
v 0.0285970494 -0.0408273898 -0.00243288209
v 0.0285720192 -0.0408778712 -0.00238907291
v 0.0285437107 -0.0409206115 -0.00233948207
v 0.0285126492 -0.0409547612 -0.00228512194
v 0.0284795109 -0.0409797393 -0.00222706702
v 0.0284449402 -0.0409948789 -0.00216650893
v 0.0274500195 -0.0409948789 -0.00276011205
v 0.0274868608 -0.0409797393 -0.00281924009
v 0.0275222007 -0.0409547612 -0.00287598302
v 0.0275552794 -0.0409206115 -0.00292915106
v 0.0275854394 -0.0408778712 -0.00297760894
v 0.0276121404 -0.0408273898 -0.00302046491
v 0.0276347306 -0.0407702886 -0.0030567639
v 0.0276528001 -0.0407077 -0.00308579206
v 0.0276659708 -0.040640831 -0.00310695102
v 0.0264783502 -0.0409948789 -0.00339108706
v 0.0265174508 -0.0409797393 -0.00344884302
v 0.0265548807 -0.0409547612 -0.00350421597
v 0.0265899803 -0.0409206115 -0.00355601311
v 0.0266219899 -0.0408778712 -0.00360333896
v 0.0266503002 -0.0408273898 -0.00364512205
v 0.0266742706 -0.0407702886 -0.00368052698
v 0.0266934 -0.0407077 -0.00370883895
v 0.0267074108 -0.040640831 -0.00372946193
v 0.0257821605 -0.0405711494 -0.00440025283
v 0.0257732198 -0.040640831 -0.00438803388
v 0.0257584397 -0.0407077 -0.00436794711
v 0.02573823 -0.0407702886 -0.00434041023
v 0.0257128999 -0.0408273898 -0.00430589914
v 0.0256830994 -0.0408778712 -0.00426524784
v 0.0256492998 -0.0409206115 -0.00421923306
v 0.0256122295 -0.0409547612 -0.00416874792
v 0.0255727097 -0.0409797393 -0.00411486579
v 0.0255314708 -0.0409948789 -0.00405865908
v 0.0476027094 -0.0399173982 0.00113761402
v 0.04615473 -0.0400479399 0.00130003598
v 0.0447064005 -0.0401639305 0.00139170804
v 0.0432584211 -0.0402653217 0.00141334499
v 0.0410891697 -0.0403900705 0.00131475902
v 0.0384334289 -0.0404984318 0.000977818971
v 0.036296241 -0.0405503511 0.000528489007
v 0.0340675116 -0.0409943983 0.000327918009
v 0.0340891406 -0.0409791991 0.000261698995
v 0.0341098905 -0.0409542918 0.000198201
v 0.0341293216 -0.0409200713 0.000138716001
v 0.0341469608 -0.0408772789 8.44543974e-05
v 0.0341625214 -0.0408268496 3.65187007e-05
v 0.0341756903 -0.0407697484 -4.11556994e-06
v 0.0341861807 -0.040707171 -3.66220993e-05
v 0.0341938101 -0.0406403504 -6.03398003e-05
v 0.0341983996 -0.0405706689 -7.47861995e-05
v 0.0347741209 -0.0409910008 0.000549138989
v 0.0347940885 -0.0409757383 0.000482466014
v 0.0348130986 -0.0409507714 0.000418529002
v 0.0348309204 -0.0409164988 0.000358624995
v 0.0348470211 -0.0408737585 0.000303971989
v 0.0348611996 -0.0408233404 0.000255677995
v 0.0348731205 -0.0407662317 0.000214725005
v 0.0348825417 -0.0407037102 0.000181943004
v 0.0348892808 -0.0406369492 0.000157999995
v 0.0348931514 -0.040567331 0.000143380006
v 0.0355924889 -0.0405605398 0.000344469998
v 0.0355892703 -0.0406300984 0.000359246013
v 0.035583429 -0.0406968482 0.000383395003
v 0.0355750918 -0.0407593809 0.000416427007
v 0.0355644189 -0.0408164188 0.000457674003
v 0.0355516598 -0.0408668518 0.000506297976
v 0.03553712 -0.0409095809 0.000561313995
v 0.0355209708 -0.040943861 0.000621607003
v 0.0355035588 -0.0409688912 0.000685953011
v 0.0354853198 -0.0409842096 0.000753047992
v 0.0370044112 -0.0405366383 0.000695416995
v 0.0362937413 -0.0406198986 0.000543400995
v 0.0370025598 -0.0406061411 0.000710447028
v 0.0362887904 -0.0406865403 0.000567734009
v 0.0369985104 -0.0406727716 0.000734941976
v 0.0362815186 -0.0407490693 0.000600993983
v 0.0369923711 -0.040735241 0.000768406026
v 0.0362721607 -0.0408061109 0.000642509025
v 0.0369842611 -0.0407922789 0.000810162979
v 0.0362608396 -0.0408564806 0.000691435998
v 0.0369743705 -0.0408426486 0.000859365973
v 0.0362477787 -0.0408992693 0.000746786012
v 0.0369629189 -0.040885441 0.000915021985
v 0.0362332985 -0.0409335382 0.000807437988
v 0.0369500518 -0.0409197211 0.000976002018
v 0.0362176187 -0.0409585796 0.000872161996
v 0.036936041 -0.040944811 0.00104105403
v 0.0362010486 -0.0409739614 0.000939648016
v 0.036921259 -0.040960189 0.001108884
v 0.0377167985 -0.0405193493 0.000845214003
v 0.0377156697 -0.0405888483 0.000860341999
v 0.0377125107 -0.04065549 0.000884976995
v 0.0377075002 -0.0407178886 0.000918622012
v 0.037700709 -0.0407749414 0.000960593985
v 0.0376922414 -0.0408252999 0.00101000001
v 0.0376823507 -0.0408680998 0.001065969
v 0.0376710817 -0.0409023687 0.00112724304
v 0.0376588702 -0.0409274586 0.00119262899
v 0.0376457497 -0.0409428999 0.00126081705
v 0.0384329483 -0.0405679308 0.000993025023
v 0.0384307504 -0.0406345092 0.00101774896
v 0.0384268686 -0.0406969711 0.00105154503
v 0.0384213887 -0.0407539606 0.00109368504
v 0.0384143516 -0.0408043191 0.00114339497
v 0.0384060107 -0.0408470593 0.00119954301
v 0.0383964106 -0.0408813916 0.00126111496
v 0.0383858606 -0.0409064814 0.00132679904
v 0.0383745395 -0.040921919 0.00139528501
v 0.0391541682 -0.0404738709 0.001093089
v 0.0391544104 -0.0405433103 0.00110840704
v 0.0391530916 -0.0406098887 0.00113320304
v 0.0391503498 -0.0406722985 0.00116717804
v 0.0391461812 -0.0407292806 0.00120949699
v 0.0391406417 -0.0407796502 0.001259326
v 0.0391338393 -0.0408224389 0.00131577195
v 0.0391259082 -0.0408567116 0.00137752201
v 0.0391170904 -0.0408818088 0.00144350505
v 0.0391075015 -0.0408972502 0.00151222898
v 0.0396459103 -0.04045498 0.00116151501
v 0.0403671786 -0.0404243395 0.00124692905
v 0.0396466218 -0.040524479 0.00117683399
v 0.0403686091 -0.0404937789 0.00126224698
v 0.0396459587 -0.0405910611 0.00120174803
v 0.0403689109 -0.0405604206 0.00128722098
v 0.0396439992 -0.0406534597 0.00123572303
v 0.0403680801 -0.0406228304 0.00132131495
v 0.0396407209 -0.0407104418 0.001278162
v 0.0403660499 -0.0406798087 0.00136387302
v 0.0396361314 -0.0407608114 0.00132811
v 0.0403629504 -0.0407301113 0.00141400006
v 0.0396304093 -0.0408035517 0.00138467504
v 0.0403588414 -0.0407729112 0.00147068501
v 0.0396236703 -0.0408378206 0.00144660403
v 0.0403537713 -0.0408071205 0.00153279305
v 0.0396160409 -0.0408629104 0.00151270605
v 0.0403478108 -0.0408322215 0.00159913301
v 0.0396076404 -0.0408783518 0.00158160902
v 0.0403411314 -0.0408475883 0.00166821398
v 0.0410913192 -0.0404595099 0.00133007695
v 0.0410925709 -0.0405261517 0.00135505095
v 0.0410928093 -0.0405885503 0.00138920499
v 0.0410921499 -0.0406455286 0.00143188203
v 0.041090481 -0.0406958386 0.00148212898
v 0.0410879813 -0.0407385789 0.001538991
v 0.0410845205 -0.0407728516 0.00160127797
v 0.0410803482 -0.0407978818 0.00166773703
v 0.041075401 -0.0408132002 0.00173705805
v 0.0418117605 -0.0403520986 0.00136506499
v 0.0418146811 -0.0404216014 0.00138038304
v 0.0418168306 -0.0404882394 0.00140535797
v 0.0418182611 -0.0405506417 0.00143957103
v 0.0418188497 -0.0406076312 0.00148230698
v 0.0418186709 -0.0406579897 0.001532614
v 0.041817721 -0.0407006703 0.00158959604
v 0.0418159887 -0.0407348797 0.00165200199
v 0.041813489 -0.0407599211 0.00171863998
v 0.04181033 -0.0407751687 0.00178807904
v 0.0425348803 -0.0403105617 0.00139790704
v 0.0425385199 -0.0403800607 0.00141316606
v 0.0425416194 -0.0404466912 0.00143820001
v 0.0425441191 -0.0405091606 0.00147241296
v 0.0425460897 -0.0405661389 0.00151514995
v 0.0425473414 -0.0406165086 0.00156551495
v 0.0425480008 -0.0406591818 0.00162255706
v 0.0425479412 -0.040693339 0.00168508198
v 0.0425471589 -0.0407183096 0.00175184
v 0.0425457284 -0.0407335088 0.00182139804
v 0.0432627685 -0.0403348804 0.00142854406
v 0.0432667695 -0.0404015705 0.00145345903
v 0.0432704613 -0.0404640399 0.00148767198
v 0.0432737395 -0.0405210182 0.00153040804
v 0.0432764813 -0.0405713283 0.00158083404
v 0.0432786904 -0.0406140015 0.00163793506
v 0.0432802998 -0.0406481586 0.00170058
v 0.0432812497 -0.0406730697 0.001767396
v 0.0432815515 -0.0406882092 0.00183707406
v 0.0440177284 -0.0406392217 0.00183498801
v 0.0440156385 -0.0406241417 0.00176525104
v 0.04401296 -0.0405993387 0.00169837405
v 0.0440096818 -0.0405652486 0.00163573003
v 0.0440058708 -0.0405225717 0.00157862902
v 0.044001691 -0.0404722616 0.00152814295
v 0.0439971015 -0.0404152796 0.001485407
v 0.043992281 -0.0403527617 0.00145125296
v 0.04398733 -0.0402860604 0.00142639806
v 0.0439823195 -0.0402165018 0.00141125906
v 0.0447540805 -0.0405865908 0.00181519904
v 0.0447502695 -0.04057163 0.001745402
v 0.0447458588 -0.0405468903 0.00167852605
v 0.0447409116 -0.0405128486 0.00161588099
v 0.0447355509 -0.0404702388 0.00155877997
v 0.0447298214 -0.0404198691 0.00150835502
v 0.0447239801 -0.0403628908 0.00146561803
v 0.0447180197 -0.0403003618 0.00143152406
v 0.0447121188 -0.0402336083 0.00140672899
v 0.0454906188 -0.0405303203 0.00177764799
v 0.0454850085 -0.0405154787 0.00170791103
v 0.0454788804 -0.0404907987 0.00164097501
v 0.045472201 -0.0404568315 0.00157839002
v 0.0454652309 -0.0404142104 0.001521289
v 0.0454581305 -0.0403639004 0.00147092296
v 0.0454509184 -0.0403068587 0.00142824603
v 0.0454438291 -0.0402442813 0.00139427104
v 0.0454369709 -0.0401774608 0.00136953499
v 0.045430541 -0.0401077792 0.00135463395
v 0.04616189 -0.0401177406 0.00131475902
v 0.0461696312 -0.0401846096 0.00133931602
v 0.0461778603 -0.0402471982 0.00137323095
v 0.0461863801 -0.0403042994 0.00141578901
v 0.0461949706 -0.0403545983 0.00146609498
v 0.04620355 -0.0403971598 0.00152307702
v 0.0462118909 -0.0404310785 0.00158566202
v 0.0462197587 -0.0404556282 0.00165253796
v 0.0462270901 -0.0404703617 0.00172227598
v 0.0476997383 -0.0403395817 0.00155770697
v 0.0469635092 -0.0404068194 0.00164902199
v 0.0476889014 -0.0403251015 0.00148808898
v 0.0469544493 -0.04039222 0.00157934404
v 0.0476774499 -0.0403007194 0.00142139103
v 0.0469447896 -0.0403677188 0.001512527
v 0.0476657711 -0.0402669907 0.00135898497
v 0.0469347797 -0.0403338596 0.00145000196
v 0.047654029 -0.0402244888 0.00130218198
v 0.0469245911 -0.0402913615 0.00139307894
v 0.0476424582 -0.0401741788 0.00125211396
v 0.0469145104 -0.0402410589 0.00134289195
v 0.0476313196 -0.0401170813 0.00120985496
v 0.0469046794 -0.0401839614 0.00130045402
v 0.0476208888 -0.0400543809 0.00117623794
v 0.0468953811 -0.0401213095 0.00126665796
v 0.0476112291 -0.0399873815 0.00115197804
v 0.0468866788 -0.0400543809 0.00124228001
v 0.046878811 -0.0399845205 0.00122767605
v 0.0483263098 -0.0398467109 0.00102961005
v 0.0483355485 -0.03991675 0.001043736
v 0.0483460389 -0.0399838015 0.00106781698
v 0.0483576618 -0.040046569 0.00110125495
v 0.0483701192 -0.0401037298 0.00114333595
v 0.0483831093 -0.0401540287 0.00119322503
v 0.0483964607 -0.0401964709 0.00124990905
v 0.0484098718 -0.0402301513 0.00131219602
v 0.0484229885 -0.0402544104 0.00137877394
v 0.048435621 -0.0402687117 0.00144821405
v 0.0491711386 -0.0401942097 0.001320421
v 0.0491567217 -0.0401800796 0.00125110103
v 0.0491418205 -0.0401559994 0.00118470099
v 0.0491267405 -0.0401223786 0.00112259295
v 0.0491117798 -0.0400800109 0.00106614805
v 0.0490972884 -0.0400297008 0.00101643801
v 0.0490835309 -0.03997254 0.000974541006
v 0.0490707718 -0.0399097204 0.000941329985
v 0.049059391 -0.0398424789 0.000917500001
v 0.0490494892 -0.0397723317 0.000903549022
v 0.0518175289 -0.0394559987 0.000304710004
v 0.0536361299 -0.039219141 -0.000179455994
v 0.0528930388 -0.0397609994 0.000481211988
v 0.0565276109 -0.0392465517 -0.00063076301
v 0.0598269105 -0.0382385217 -0.00240296102
v 0.0600714013 -0.0386570618 -0.00201314595
v 0.0606882498 -0.0380805694 -0.002787709
v 0.0610077307 -0.0380206108 -0.00293540908
v 0.0607061312 -0.0381524488 -0.00277757598
v 0.0610258505 -0.0380925499 -0.0029254551
v 0.0607280098 -0.0382210612 -0.00275754905
v 0.0610479712 -0.0381612703 -0.00290554692
v 0.0607533418 -0.0382848904 -0.00272798492
v 0.0610736609 -0.0382251106 -0.00287610199
v 0.0607815906 -0.0383425318 -0.00268959906
v 0.0611022711 -0.0382828116 -0.00283789611
v 0.0608120486 -0.0383926593 -0.00264328695
v 0.0611331984 -0.0383329317 -0.00279164291
v 0.0608441196 -0.0384342 -0.00258999993
v 0.06116575 -0.0383743607 -0.0027384751
v 0.060877081 -0.0384661518 -0.00253093196
v 0.0611991808 -0.0384062491 -0.00267958594
v 0.0609101616 -0.0384878516 -0.00246745301
v 0.0612327382 -0.0384278782 -0.00261628604
v 0.0609425902 -0.0384987518 -0.00240099407
v 0.0612656996 -0.0384386703 -0.002549886
v 0.0598442517 -0.0383102186 -0.00239252998
v 0.0598654114 -0.0383787118 -0.00237208605
v 0.0598898493 -0.0384424888 -0.00234216405
v 0.0599169694 -0.0385000706 -0.00230342103
v 0.0599462911 -0.0385501906 -0.00225675106
v 0.0599770509 -0.0385917984 -0.00220310595
v 0.0600086413 -0.0386239216 -0.00214373996
v 0.0600402914 -0.0386458002 -0.00207990408
v 0.0589596592 -0.0383922383 -0.00203508092
v 0.0589764714 -0.0384637713 -0.00202423311
v 0.0589968488 -0.0385321304 -0.00200343109
v 0.0590203404 -0.0385957882 -0.00197321107
v 0.0590464398 -0.0386533104 -0.001934111
v 0.0590745211 -0.0387034416 -0.00188702298
v 0.0591040216 -0.0387451611 -0.00183308101
v 0.0591342412 -0.038777411 -0.00177335704
v 0.0591645204 -0.0387995802 -0.00170928205
v 0.0591941997 -0.0388110802 -0.00164216699
v 0.0580865704 -0.0385416113 -0.00168389
v 0.0581027791 -0.0386129618 -0.00167274405
v 0.0581224486 -0.0386811383 -0.00165158499
v 0.0581449792 -0.0387447402 -0.00162100699
v 0.058169961 -0.0388021991 -0.00158160902
v 0.0581968389 -0.0388523899 -0.00153422297
v 0.0582250282 -0.0388941094 -0.00147992303
v 0.0582538806 -0.0389265418 -0.00141996099
v 0.0582827888 -0.0389489494 -0.00135552802
v 0.0583111607 -0.0389607511 -0.00128811505
v 0.0574222207 -0.0391059518 -0.000951026974
v 0.0573952682 -0.0390938483 -0.00101864303
v 0.0573678017 -0.0390712582 -0.00108331395
v 0.0573402606 -0.0390386507 -0.00114363397
v 0.0573133789 -0.0389968716 -0.00119817199
v 0.0572877489 -0.0389466807 -0.00124585605
v 0.0572638512 -0.0388892218 -0.001285612
v 0.057242211 -0.0388257504 -0.00131654704
v 0.0572233684 -0.0387576818 -0.00133800495
v 0.0572076999 -0.0386864506 -0.00134950795
v 0.0556273386 -0.0393824503 -0.000327384012
v 0.0565020405 -0.0392341614 -0.000698673015
v 0.0556031391 -0.0393697582 -0.000395528012
v 0.0564759299 -0.0392113291 -0.000763605989
v 0.0555784106 -0.0393468104 -0.000460701995
v 0.0564497709 -0.0391786583 -0.000824154995
v 0.0555536114 -0.0393139683 -0.000521501002
v 0.0564242005 -0.0391367599 -0.000879007974
v 0.0555293486 -0.0392720103 -0.000576615974
v 0.0563997589 -0.0390865207 -0.000926974986
v 0.0555061586 -0.0392217599 -0.000624857028
v 0.0563769899 -0.0390291214 -0.000967017026
v 0.05548447 -0.0391644202 -0.000665185973
v 0.0563563108 -0.0389657617 -0.000998266041
v 0.0554647408 -0.0391011201 -0.000696734001
v 0.0563382506 -0.0388978086 -0.00102001405
v 0.0554475114 -0.03903329 -0.000718820025
v 0.0563231707 -0.0388267599 -0.00103187503
v 0.0554330312 -0.0389623605 -0.000730968022
v 0.0547214113 -0.0395135209 -4.09075983e-05
v 0.0546986386 -0.03950065 -0.000109268003
v 0.054675281 -0.0394774601 -0.000174665998
v 0.0546519086 -0.0394444987 -0.000235699001
v 0.0546289608 -0.0394024812 -0.000291058008
v 0.0546069704 -0.0393522307 -0.000339558988
v 0.0545863509 -0.0392948911 -0.000380159006
v 0.0545676313 -0.0392317101 -0.000411990011
v 0.0545511805 -0.0391639397 -0.000434368994
v 0.0545373484 -0.0390931293 -0.000446816994
v 0.0536493585 -0.0392897688 -0.000166722995
v 0.0536650382 -0.0393574201 -0.000144064994
v 0.0536827408 -0.0394205414 -0.000111966001
v 0.0537022315 -0.0394778214 -7.11090033e-05
v 0.0537229702 -0.0395280682 -2.23664993e-05
v 0.0537446104 -0.0395702086 3.3222499e-05
v 0.0537666008 -0.0396032892 9.4472598e-05
v 0.0537885986 -0.0396266505 0.000160077994
v 0.0538100004 -0.039639771 0.000228638004
v 0.0527295396 -0.0393400714 7.1071001e-05
v 0.0527421199 -0.0394106507 8.40764988e-05
v 0.0527569614 -0.0394781791 0.000106999003
v 0.0527737103 -0.0395412408 0.000139352007
v 0.052792009 -0.0395984612 0.000180449002
v 0.0528115593 -0.0396487713 0.000229418001
v 0.0528318211 -0.0396909118 0.000285220012
v 0.0528525114 -0.0397241116 0.000346671004
v 0.0528730117 -0.0397476517 0.000412466994
v 0.0518294498 -0.0395263992 0.000317973987
v 0.0518434606 -0.0395938717 0.000341145991
v 0.0518592 -0.0396568701 0.000373737013
v 0.0518764183 -0.0397140905 0.00041505901
v 0.051894661 -0.039764341 0.000464239012
v 0.0519136116 -0.0398066007 0.000520238013
v 0.0519329309 -0.0398399197 0.000581872999
v 0.0519520603 -0.039863579 0.00064784399
v 0.0519706607 -0.0398771688 0.000716758019
v 0.0509001613 -0.0395667516 0.000521394017
v 0.0509114191 -0.0396370813 0.000534901978
v 0.0509245917 -0.0397043787 0.000558307976
v 0.0509393215 -0.0397673212 0.000591122021
v 0.050955411 -0.0398245417 0.000632652023
v 0.0509723984 -0.0398748517 0.000682025973
v 0.0509900413 -0.0399171114 0.000738207018
v 0.051007919 -0.0399505384 0.000800010981
v 0.0510256216 -0.0399743915 0.000866140996
v 0.0510428511 -0.0399881601 0.000935207005
v 0.0499774814 -0.0396721885 0.000721038028
v 0.049988091 -0.0397424586 0.000734774978
v 0.0500003584 -0.0398097001 0.000758401991
v 0.0500140712 -0.0398725793 0.000791421975
v 0.0500289686 -0.0399297997 0.000833144994
v 0.0500447713 -0.0399800502 0.00088269799
v 0.0500610396 -0.0400224291 0.000939043006
v 0.0500775501 -0.0400559306 0.00100100006
v 0.0500938818 -0.0400798917 0.00106722105
v 0.0501096807 -0.0400938317 0.00113642204
v 0.0644624233 -0.0373320505 -0.00454628421
v 0.0656211898 -0.0370821282 -0.00508659985
v 0.0644820929 -0.0374041684 -0.00453680707
v 0.0656414032 -0.0371542498 -0.00507730199
v 0.0645058081 -0.0374729 -0.00451725721
v 0.0656656027 -0.0372230411 -0.00505787088
v 0.0645329282 -0.0375368483 -0.00448811008
v 0.0656932518 -0.0372869298 -0.00502878381
v 0.0645629093 -0.0375944301 -0.00444990303
v 0.0657236502 -0.0373444483 -0.00499063684
v 0.0645951033 -0.0376443788 -0.00440364983
v 0.0657562613 -0.0373943411 -0.00494432403
v 0.0646286607 -0.0376855694 -0.00435030414
v 0.0657901689 -0.0374354683 -0.0048909178
v 0.0646629333 -0.0377171002 -0.00429111719
v 0.0658247396 -0.0374668203 -0.00483161211
v 0.064697139 -0.0377382003 -0.00422739889
v 0.0658591315 -0.0374878012 -0.00476777507
v 0.0647303984 -0.0377483889 -0.00416064216
v 0.0658925101 -0.0374977514 -0.00470089912
v 0.0722777769 -0.0360929891 -0.00767838908
v 0.0722443983 -0.0360830389 -0.00774526503
v 0.0722100064 -0.0360620618 -0.00780910207
v 0.0721754432 -0.0360306986 -0.00786840916
v 0.0721415207 -0.0359895788 -0.00792181399
v 0.0721089765 -0.0359396897 -0.0079681268
v 0.0720785186 -0.0358821712 -0.00800627377
v 0.072050862 -0.0358182713 -0.00803542137
v 0.0720266625 -0.0357494913 -0.00805479195
v 0.0720064566 -0.0356773697 -0.00806409121
v 0.0725317001 -0.0355670415 -0.00829011202
v 0.072574608 -0.0357069895 -0.00825965405
v 0.0726287887 -0.0358278118 -0.00819039345
v 0.0726894066 -0.0359188318 -0.00808846857
v 0.0727510974 -0.0359718688 -0.00796306133
v 0.0727805421 -0.0359824784 -0.0078949919
v 0.0734276697 -0.0353788696 -0.00859737303
v 0.0743486807 -0.0351854488 -0.00881844666
v 0.0752863213 -0.0349885188 -0.00895136502
v 0.0725514814 -0.0356386304 -0.0082800379
v 0.0734466314 -0.0354495607 -0.00858592894
v 0.0743664503 -0.0352552496 -0.00880563166
v 0.0753028318 -0.0350574218 -0.00893729925
v 0.0726006031 -0.0357704684 -0.00822955277
v 0.0734678507 -0.0355171487 -0.00856417418
v 0.0734909102 -0.0355800912 -0.00853264332
v 0.0743855834 -0.0353220701 -0.0087826252
v 0.074405551 -0.0353843495 -0.00874990225
v 0.0753196403 -0.03512346 -0.00891321804
v 0.0753363892 -0.0351852104 -0.00887960102
v 0.0726586506 -0.0358776413 -0.00814300682
v 0.0735152885 -0.0356370211 -0.00849199202
v 0.0735405013 -0.0356866717 -0.00844317582
v 0.0744259879 -0.0354409218 -0.00870817807
v 0.0744464919 -0.0354904495 -0.00865840912
v 0.0753527805 -0.0352413617 -0.00883716345
v 0.0753684565 -0.0352907702 -0.00878679659
v 0.0727204606 -0.0359504782 -0.0080280304
v 0.0735659525 -0.0357280299 -0.00838720705
v 0.0735910535 -0.0357601009 -0.00832533836
v 0.0744665191 -0.0355319306 -0.00860154629
v 0.0744857118 -0.0355644785 -0.0085388422
v 0.0753830597 -0.0353323817 -0.00872957706
v 0.0753962919 -0.0353653394 -0.00866663363
v 0.0736153722 -0.0357822105 -0.00825899839
v 0.0736382008 -0.0357939601 -0.00818949938
v 0.0745036006 -0.0355873704 -0.00847172737
v 0.0745198727 -0.0356001183 -0.0084015131
v 0.0754078627 -0.0353889391 -0.00859933998
v 0.0754175708 -0.0354027711 -0.00852906704
v 0.0762265921 -0.034764111 -0.00899678376
v 0.0762321874 -0.0347898006 -0.00899487734
v 0.0762364194 -0.03480893 -0.00899064541
v 0.0762472078 -0.0348578617 -0.00897973683
v 0.0762563869 -0.0348996483 -0.00896376278
v 0.0762615725 -0.0349231288 -0.00895476341
v 0.0762661621 -0.03494405 -0.00894307997
v 0.076274991 -0.0349842906 -0.00892060902
v 0.0762845203 -0.0350275598 -0.00888741016
v 0.0762872621 -0.0350400805 -0.00887787342
v 0.0762926936 -0.0350646898 -0.00885260105
v 0.0762981102 -0.0350893103 -0.00882738829
v 0.0763001963 -0.0350987315 -0.00881457329
v 0.0763072893 -0.0351310894 -0.00877028704
v 0.0763121173 -0.035153091 -0.00872903969
v 0.0763146207 -0.0351644717 -0.00870770216
v 0.0763165876 -0.0351732299 -0.00868362095
v 0.0763199925 -0.03518885 -0.00864082482
v 0.0763223693 -0.0351994596 -0.00859075692
v 0.0763232708 -0.0352036282 -0.00857114699
v 0.0763236806 -0.0352054797 -0.00854480173
v 0.0797552988 -0.0342703387 -0.00889158156
v 0.0797933266 -0.0344434306 -0.00855886936
v 0.0832628012 -0.0336803086 -0.00859779119
v 0.0866590068 -0.0325842984 -0.00899845269
v 0.0901448131 -0.0318953916 -0.00899881124
v 0.096087873 -0.0308605991 -0.00887936261
v 0.0902017877 -0.0321543813 -0.00873363018
v 0.09614259 -0.0308480207 -0.00888973381
v 0.0961574316 -0.0308445599 -0.00889253616
v 0.0902010202 -0.0321507417 -0.00876057055
v 0.0962112471 -0.0308301393 -0.00890213158
v 0.0901996419 -0.0321444795 -0.00878780987
v 0.0962799713 -0.03081166 -0.00891435146
v 0.0901976228 -0.0321354195 -0.00881505013
v 0.0963486433 -0.03079319 -0.00892657042
v 0.0901950002 -0.0321235582 -0.00884175301
v 0.0964173004 -0.0307747107 -0.00893878937
v 0.0901917815 -0.0321088992 -0.00886744168
v 0.0964374468 -0.0307692792 -0.00894242525
v 0.0901787803 -0.032049831 -0.0089344969
v 0.0966072008 -0.03071367 -0.00896692183
v 0.0901836082 -0.0320718214 -0.00891423225
v 0.0965486094 -0.0307343006 -0.00895965006
v 0.0901879594 -0.0320916101 -0.0088917613
v 0.0965412781 -0.0307369195 -0.00895869732
v 0.0964838192 -0.0307548605 -0.00894969702
v 0.0901736021 -0.0320261084 -0.00895226002
v 0.0967233703 -0.0306727793 -0.00898146629
v 0.09666574 -0.0306931101 -0.00897425413
v 0.0901680514 -0.0320009515 -0.00896728039
v 0.0967792198 -0.0306531098 -0.00898844004
v 0.0901623294 -0.0319749117 -0.0089794388
v 0.0968269706 -0.0306339208 -0.00899142027
v 0.0901564881 -0.0319483206 -0.00898867846
v 0.0968720913 -0.0306157395 -0.00899428129
v 0.0901505873 -0.031921681 -0.00899505615
v 0.0969170928 -0.0305976197 -0.00899714231
v 0.096953392 -0.0305830203 -0.00899940729
v 0.0969603583 -0.0305800401 -0.00899952557
v 0.0796989724 -0.0340145193 -0.00899803638
v 0.0866664574 -0.0326181613 -0.00899368525
v 0.0866740271 -0.0326524302 -0.00898545887
v 0.0866815373 -0.0326865911 -0.00897353794
v 0.0866889283 -0.0327200815 -0.00895792246
v 0.0866960213 -0.032752391 -0.00893860962
v 0.0831767917 -0.0332893096 -0.00899815466
v 0.0797085688 -0.0340580903 -0.00899189711
v 0.0831855536 -0.0333290584 -0.00899261236
v 0.0797182918 -0.0341022015 -0.00898128655
v 0.0831943676 -0.0333692394 -0.00898289587
v 0.0797279403 -0.0341462418 -0.00896596909
v 0.0832031891 -0.0334093496 -0.00896894932
v 0.079737477 -0.0341893993 -0.00894582178
v 0.0832118317 -0.0334486887 -0.00895059109
v 0.0797465965 -0.0342309996 -0.00892096665
v 0.0832202435 -0.0334866606 -0.00892794132
v 0.0832281113 -0.0335225388 -0.00890111923
v 0.0867323205 -0.0329173207 -0.00865751505
v 0.0867312476 -0.0329126716 -0.00869214535
v 0.0867295191 -0.0329046212 -0.00872719195
v 0.0867269635 -0.0328929983 -0.00876217987
v 0.0867235586 -0.0328777395 -0.00879651308
v 0.0867194533 -0.0328589007 -0.00882959273
v 0.0867145583 -0.0328366086 -0.00886082556
v 0.0867089629 -0.0328111611 -0.00888973381
v 0.0797632933 -0.0343067013 -0.00885802507
v 0.083235383 -0.033555679 -0.00887054205
v 0.079770498 -0.0343394801 -0.00882077217
v 0.0832419917 -0.033585541 -0.00883662701
v 0.0797768235 -0.0343681499 -0.00878053904
v 0.0832477212 -0.0336117111 -0.00879990961
v 0.0797821209 -0.0343924686 -0.00873792078
v 0.0832526013 -0.0336338207 -0.00876104832
v 0.079786472 -0.0344120786 -0.00869369507
v 0.0832565427 -0.0336517617 -0.00872075465
v 0.0797897503 -0.0344270393 -0.00864863303
v 0.0832595229 -0.0336654112 -0.00867968705
v 0.0797920227 -0.0344374105 -0.00860351324
v 0.0832616016 -0.0336748287 -0.00863850117
v 0.0778435394 0.0348712206 0.0125085097
v 0.096603632 0.0305288397 0.00510782003
v 0.0965417624 0.0306014996 0.00494080689
v 0.078240633 0.0346277282 0.0134748202
v 0.0964739919 0.0306545403 0.00477039814
v 0.0781052113 0.0347336493 0.0131344702
v 0.0964428112 0.0306789204 0.00469201803
v 0.0780491233 0.0347774588 0.0129935099
v 0.0963503122 0.0307512209 0.00445955899
v 0.0779404566 0.0348270498 0.0127371503
v 0.096265547 0.0307898503 0.00425958587
v 0.0961447284 0.0308449809 0.00397449685
v 0.0782634616 0.0346009098 0.0135365101
v 0.0784122869 0.0344262086 0.01393806
v 0.0967165828 0.0303963404 0.00541245891
v 0.0784153864 0.034422569 0.0139464103
v 0.0967478678 0.0303440597 0.00550431013
v 0.0785465166 0.0342038795 0.0143308602
v 0.0968721509 0.0301368795 0.00586855412
v 0.0785710216 0.03416311 0.01440256
v 0.0968757197 0.0301286504 0.00588005688
v 0.0969012305 0.0300692897 0.00596278906
v 0.0969830677 0.0298789702 0.00622814801
v 0.0786661506 0.0339418612 0.0147110196
v 0.0970062613 0.0298250299 0.00630324986
v 0.078705132 0.0338513218 0.0148372604
v 0.0970734879 0.0296051502 0.00655108597
v 0.078721039 0.0337991118 0.0148960901
v 0.0971167013 0.0294635799 0.00671064807
v 0.0787690207 0.0336420499 0.0150731197
v 0.0788155124 0.0334898196 0.0152446004
v 0.097148411 0.0293114707 0.00685030222
v 0.0788167715 0.0334840417 0.0152498996
v 0.0972011611 0.0290580895 0.00708305789
v 0.0788534805 0.0333077312 0.0154118501
v 0.078890197 0.033131361 0.0155738499
v 0.0788999721 0.0330843292 0.0156170102
v 0.0972086117 0.0290000401 0.00712645007
v 0.0789181516 0.0329431184 0.0157225691
v 0.097251229 0.0286685191 0.00737422705
v 0.0789428875 0.0327507183 0.0158663895
v 0.09725862 0.0286111198 0.00741708186
v 0.078957431 0.0326374099 0.0159510896
v 0.0972761512 0.0283195898 0.00759231998
v 0.0789624974 0.0325533114 0.0160015803
v 0.097287707 0.0281286202 0.00770711806
v 0.0789865181 0.0321549103 0.0162410699
v 0.0972876474 0.0279587507 0.00778722716
v 0.0789865181 0.0321440585 0.0162461903
v 0.0972875878 0.0276161991 0.00794869568
v 0.0789864585 0.0317180716 0.0164470598
v 0.0789864585 0.0316424891 0.0164827108
v 0.0972859785 0.0275861602 0.00795936491
v 0.0789667293 0.0312857591 0.0166086499
v 0.0788775608 0.0304257199 0.0168231707
v 0.0971779823 0.0263948403 0.00828981306
v 0.0788974687 0.0305528603 0.0168058798
v 0.0971985981 0.0265265703 0.00827193167
v 0.0789296627 0.0308533292 0.0167332198
v 0.0972279906 0.0268007498 0.00820565224
v 0.0789567828 0.0311062299 0.0166720692
v 0.0972579718 0.0270799305 0.00813812017
v 0.0972645208 0.0271982495 0.00809633732
v 0.0782181621 0.03231382 0.0166053101
v 0.0782177374 0.0318897292 0.0168089196
v 0.0772050619 0.0349960886 0.0130883995
v 0.0764713809 0.0351576209 0.0134484703
v 0.0766283795 0.0350649282 0.0138465697
v 0.0767783523 0.0349317119 0.01424878
v 0.0769186616 0.0347567685 0.0146499202
v 0.0772107169 0.0341383815 0.0156105701
v 0.0772568509 0.0339853689 0.0157896206
v 0.0691015124 0.0367816612 0.0170923993
v 0.0675753877 0.0371178314 0.0177116897
v 0.0683418512 0.0369490311 0.0174110495
v 0.0706028268 0.0364508592 0.0164109394
v 0.0698549673 0.0366156586 0.0167581998
v 0.0664847419 0.0354934894 0.0211355593
v 0.0664750934 0.035320811 0.0212265197
v 0.0672853515 0.0351450406 0.0209743902
v 0.0672891065 0.03579586 0.0205391608
v 0.0680877492 0.0356122218 0.0202700999
v 0.0680661723 0.0359098911 0.0200062301
v 0.0672941804 0.0354787707 0.02077269
v 0.0680948421 0.0352928601 0.02050489
v 0.0664596483 0.0350455008 0.0213715993
v 0.0664528608 0.0349783786 0.0213972908
v 0.0672632977 0.0347999893 0.0211426001
v 0.0727897212 0.0344386585 0.0184717104
v 0.0727509782 0.0347690508 0.0181835201
v 0.0712046623 0.0351542197 0.0188243296
v 0.0728152916 0.0337122604 0.0189513508
v 0.0728111193 0.0340846106 0.0187286101
v 0.0712534711 0.0344969593 0.0193504598
v 0.0712537095 0.0341392718 0.0195651595
v 0.0712383911 0.0337695405 0.0197447501
v 0.0728027821 0.0333274603 0.0191379096
v 0.0712084696 0.0333934389 0.0198885705
v 0.069660902 0.0342013799 0.0203247592
v 0.0663414001 0.0340773985 0.0216761194
v 0.066314511 0.033929579 0.0216943603
v 0.0671284124 0.0337483808 0.0214436594
v 0.0664117336 0.0345710516 0.0215531494
v 0.0663697124 0.0342762396 0.0216265898
v 0.0671835467 0.03409677 0.0213764906
v 0.0687351227 0.0333383009 0.0209123995
v 0.0711103007 0.0326430202 0.0200704299
v 0.072676301 0.0321550891 0.0194778405
v 0.0695310235 0.0331147313 0.0206378605
v 0.072774522 0.0329360291 0.0192875806
v 0.0727318525 0.03254354 0.01940047
v 0.0679344535 0.0335503183 0.0211809799
v 0.0664175078 0.0346280895 0.0215313397
v 0.0672289729 0.0344488584 0.0212765299
v 0.0680339336 0.0342556797 0.0210120603
v 0.0679891706 0.0339011513 0.0211129691
v 0.0688339397 0.0340515897 0.0207410399
v 0.0687897205 0.0336930715 0.02084326
v 0.0696294308 0.0338385105 0.0204633996
v 0.0695856214 0.0334747396 0.0205674097
v 0.0711652637 0.0330162607 0.0199967604
v 0.0696707293 0.0352308117 0.0197035
v 0.071237199 0.0348370597 0.0191025697
v 0.069678843 0.0345579311 0.0201512501
v 0.0696823001 0.0349029303 0.0199435893
v 0.0680878088 0.0349567495 0.0207077805
v 0.068067193 0.0346092507 0.0208770595
v 0.0688855574 0.0347605906 0.0204333607
v 0.0688662529 0.0344091617 0.0206044298
v 0.0664871335 0.035908401 0.0208496992
v 0.066485703 0.0356531106 0.0210255291
v 0.0680304691 0.0361812711 0.0197167899
v 0.0688574314 0.0357246883 0.0197250806
v 0.0688815117 0.0354235694 0.0199913904
v 0.0696439669 0.0355365202 0.0194338504
v 0.0707178116 0.0363741517 0.0167695805
v 0.0699649975 0.0365409814 0.01711124
v 0.0708262324 0.0362616107 0.0171320401
v 0.0700685307 0.0364310108 0.01746797
v 0.070926182 0.0361120105 0.0174935404
v 0.070163779 0.0362846814 0.0178237502
v 0.0710157081 0.0359250903 0.01784884
v 0.0702487826 0.0361016914 0.0181735102
v 0.0710929036 0.0357016884 0.0181926396
v 0.0703217909 0.0358828902 0.0185118299
v 0.071156323 0.0354437791 0.0185194593
v 0.0696023107 0.0358154103 0.0191383306
v 0.072695367 0.0350708291 0.0178680401
v 0.0726238415 0.0353398286 0.0175298396
v 0.0725376606 0.0355729982 0.0171742402
v 0.0724385306 0.0357683785 0.0168067198
v 0.0723285004 0.0359250903 0.0164329391
v 0.0722095892 0.0360433385 0.0160580799
v 0.0720840022 0.0361243412 0.0156871006
v 0.0688188002 0.0359992906 0.0194330793
v 0.0663664937 0.0368875191 0.0197693706
v 0.0671905801 0.0366001092 0.0196792409
v 0.0671318695 0.036806941 0.0193537995
v 0.0663917586 0.0367697999 0.0199339297
v 0.0664277598 0.0366022512 0.0201681796
v 0.0672369525 0.0363606215 0.0199884102
v 0.0664361715 0.0365332887 0.0202440005
v 0.0672699809 0.0360913202 0.0202765409
v 0.0664684698 0.0362682901 0.0205352902
v 0.0664839074 0.0359709784 0.0207950398
v 0.0692068934 0.0367088318 0.0174404308
v 0.0684428811 0.0368777514 0.0177550893
v 0.0693058297 0.0366013013 0.0177921597
v 0.0685375929 0.0367723107 0.0181026999
v 0.0693966076 0.0364578888 0.0181429908
v 0.068624191 0.0366315208 0.0184494201
v 0.0694773123 0.0362784192 0.0184877496
v 0.0687009618 0.0364550315 0.0187901799
v 0.0695464015 0.0360636711 0.0188212898
v 0.0687662885 0.0362437293 0.0191197898
v 0.0660179183 0.0374535918 0.0182485506
v 0.0660756826 0.0374224707 0.0184560996
v 0.0668014809 0.0372881815 0.0179919004
v 0.0668951198 0.0372192785 0.0183315799
v 0.0661087036 0.0373863503 0.0185878798
v 0.0661886334 0.0372991487 0.0189064108
v 0.0669825599 0.0371167585 0.0186749101
v 0.0661942884 0.0372887217 0.01893216
v 0.0670620203 0.0369794294 0.0190173294
v 0.0676724911 0.0370479189 0.0180528704
v 0.0677633211 0.0369441509 0.0183976199
v 0.0678461716 0.0368053913 0.0187414195
v 0.0679193065 0.0366312787 0.0190793797
v 0.0679811835 0.0364226587 0.0194061901
v 0.0662701726 0.0371498987 0.01927411
v 0.0662861988 0.0371205211 0.01934647
v 0.0663360879 0.036975801 0.0196091495
v 0.0771601722 0.0342820212 0.0154262101
v 0.0770466924 0.0345398709 0.0150443902
v 0.0741423294 0.0349808894 0.0168423001
v 0.0742224976 0.0347008109 0.0171914604
v 0.0757416412 0.0343377516 0.0164965298
v 0.0756994411 0.0344871804 0.0163201001
v 0.0756529495 0.0346274897 0.0161383692
v 0.0740467906 0.0352239609 0.0164752007
v 0.0755480528 0.0348791406 0.0157619696
v 0.0739375874 0.0354278013 0.0160959307
v 0.0754290223 0.0350905582 0.0153730502
v 0.0738170072 0.0355916582 0.0157101098
v 0.0752980709 0.0352607295 0.0149775101
v 0.0736871883 0.0357156917 0.0153232198
v 0.0751576424 0.0353899486 0.0145809604
v 0.0735505223 0.0358010493 0.0149403801
v 0.0750102401 0.0354794189 0.0141883995
v 0.0781055018 0.0305979196 0.0171861593
v 0.0781598017 0.0310259406 0.0170987193
v 0.0781977698 0.03145843 0.0169733707
v 0.076557748 0.0309913699 0.0178779904
v 0.077331543 0.0307871606 0.0175360404
v 0.0757836103 0.0312082097 0.0182123706
v 0.0774256513 0.0316429101 0.0173247401
v 0.0773865506 0.0312128607 0.01744931
v 0.0766532421 0.0318393707 0.0176690798
v 0.0766132399 0.0314131901 0.0177924
v 0.0758801624 0.0320459008 0.0180063806
v 0.0758394003 0.0316249095 0.0181280896
v 0.0781981871 0.0327243805 0.0163633209
v 0.0774317905 0.0329018198 0.0167170707
v 0.07741528 0.0330989882 0.01658272
v 0.077393651 0.0332903787 0.0164396092
v 0.0773668811 0.0334754512 0.0162882805
v 0.077449441 0.0324935317 0.0169582292
v 0.0759043023 0.0324656889 0.0178459808
v 0.0766760707 0.0322643518 0.0175067708
v 0.0774471089 0.0320718214 0.0171611309
v 0.0773351118 0.033653371 0.0161290709
v 0.0772984028 0.0338235386 0.0159627106
v 0.0750088021 0.0314353704 0.0185393002
v 0.0743307397 0.0324818417 0.0186603591
v 0.0742888376 0.0320740305 0.0187780205
v 0.0750647113 0.0318458602 0.0184565708
v 0.0742329285 0.0316705108 0.0188590791
v 0.074357152 0.0328885317 0.0185049102
v 0.0743311569 0.0340433717 0.0178152304
v 0.0743580386 0.0336752497 0.0180809405
v 0.0758834407 0.0334709212 0.0172775295
v 0.0743665621 0.0332883485 0.0183115005
v 0.0759103224 0.0328785107 0.0176468398
v 0.075897269 0.0332780406 0.01740974
v 0.0758647323 0.033658199 0.0171367507
v 0.0758410618 0.0338392183 0.0169877391
v 0.0742857978 0.0343868695 0.01751744
v 0.0758126304 0.0340132117 0.0168309808
v 0.0757794306 0.0341795608 0.0166670606
v 0.0659513995 0.0374894701 0.0180093609
v 0.0515983701 0.0399137102 0.0219485108
v 0.0365890786 0.0399796888 0.0254783593
v 0.0365866981 0.0398583412 0.0255727097
v 0.0375558101 0.0398400985 0.0255728904
v 0.0646734834 0.0360456705 0.0215816405
v 0.0646628067 0.0357115194 0.0217831694
v 0.0646397397 0.0353659317 0.0219505392
v 0.0645607114 0.0346614085 0.0221812092
v 0.0624441504 0.0382037088 0.0193017703
v 0.0441886708 0.0406197309 0.0230921507
v 0.0366035104 0.0407238007 0.0244435593
v 0.0366017185 0.0406299792 0.0246238094
v 0.0375665985 0.0406145416 0.0246209502
v 0.0366062485 0.0408630297 0.0240493994
v 0.0366060697 0.0408542715 0.0240742508
v 0.0375669487 0.0408340618 0.0240681097
v 0.0375642702 0.0409379005 0.0235117599
v 0.0413955413 0.040587239 0.0241979901
v 0.0423464701 0.0405335985 0.0241314098
v 0.0423356183 0.0406317711 0.0238450095
v 0.0365997516 0.0405283496 0.0248190109
v 0.0365987383 0.0404787585 0.0248881504
v 0.0375651717 0.0404605195 0.0248848703
v 0.0365948603 0.0402786098 0.0251674
v 0.0365911685 0.0400879905 0.0253657103
v 0.0375597402 0.0400706492 0.0253649894
v 0.0479149185 0.0403110906 0.0225974303
v 0.0497618318 0.0401233397 0.0222907607
v 0.0452224612 0.039625939 0.0249414407
v 0.046169281 0.0395395719 0.0248437505
v 0.0461640283 0.0397624299 0.0245972201
v 0.0365669094 0.0388395116 0.0261211898
v 0.0365660712 0.0387969017 0.0261306707
v 0.0375337005 0.038774129 0.0261286404
v 0.0365824103 0.0396356508 0.0257457402
v 0.0365819298 0.0396126509 0.0257587396
v 0.0375511609 0.0395906493 0.0257549807
v 0.0365749486 0.0392531715 0.0259620491
v 0.0365714394 0.0390734002 0.0260311905
v 0.0375399515 0.0390530787 0.0260336902
v 0.0479732119 0.0373209715 0.0255814698
v 0.0498413406 0.0370560214 0.0253484808
v 0.0517000481 0.0367673598 0.0250810292
v 0.0470355116 0.0374435708 0.0256849509
v 0.0460953712 0.0375591516 0.02577978
v 0.0451526605 0.0376672111 0.0258657895
v 0.04420745 0.0377674587 0.0259430408
v 0.0432596803 0.0378595516 0.0260113999
v 0.0413564406 0.0380175114 0.0261214301
v 0.0423093401 0.0379430018 0.0260708891
v 0.0404011011 0.0380825885 0.0261629205
v 0.0394432507 0.0381379686 0.0261952803
v 0.0384830199 0.0381832086 0.0262185298
v 0.0365552902 0.0382412001 0.0262299106
v 0.0375203416 0.0382179618 0.0262325406
v 0.0365584418 0.0384031497 0.0262182299
v 0.0365606509 0.0385166407 0.0261930209
v 0.0375270806 0.0384944007 0.0261944495
v 0.0384989306 0.0387407504 0.0261142198
v 0.0384911783 0.0384603702 0.0261802599
v 0.0394617915 0.0386977084 0.0260903202
v 0.0394528508 0.0384161994 0.0261567794
v 0.0404222608 0.0386453792 0.0260570608
v 0.0404121205 0.0383623801 0.0261240602
v 0.0413802788 0.0385840498 0.0260144994
v 0.0413689613 0.0382991396 0.0260820892
v 0.0423358604 0.0385140106 0.0259627607
v 0.0423233509 0.0382268392 0.0260310695
v 0.0432889983 0.0384356305 0.0259017907
v 0.04327517 0.0381458886 0.0259709898
v 0.0442396402 0.0383492112 0.0258318093
v 0.0442245603 0.0380566716 0.0259019099
v 0.0451877713 0.0382549688 0.0257528406
v 0.04517138 0.0379593894 0.0258239508
v 0.0461333916 0.0381533504 0.02566492
v 0.0385060906 0.0390203483 0.0260189101
v 0.0394698307 0.03897845 0.0259945896
v 0.0404312015 0.038927611 0.0259606801
v 0.0413901806 0.0388681814 0.0259172898
v 0.0423467085 0.0388004109 0.0258645993
v 0.0433008 0.0387245417 0.0258026104
v 0.0442523882 0.0386409089 0.0257314406
v 0.0452014804 0.0385497808 0.0256511495
v 0.046148181 0.0384513699 0.0255618002
v 0.0480341315 0.0382340513 0.0253563505
v 0.0471136495 0.0394468904 0.0247367006
v 0.0471073911 0.0396724306 0.0244873092
v 0.0442731306 0.0397058092 0.0250295401
v 0.0452182218 0.0398462415 0.0246975403
v 0.049932301 0.03913223 0.0243604705
v 0.0517997108 0.0388934016 0.0240652505
v 0.0499228798 0.0393664204 0.0241021495
v 0.0517880283 0.0391336009 0.0238008406
v 0.0499076806 0.0395722315 0.0238231998
v 0.0517697297 0.0393448398 0.0235155206
v 0.0498870611 0.0397471115 0.0235283896
v 0.0517451689 0.0395245515 0.0232140403
v 0.0498614907 0.0398896299 0.0232228003
v 0.0517150089 0.0396713018 0.0229015294
v 0.0498316213 0.0399993584 0.0229115393
v 0.0516799018 0.0397846103 0.0225832406
v 0.049798131 0.0400767885 0.0225993302
v 0.0516407415 0.0398648903 0.0222640596
v 0.0460572802 0.0404766686 0.0228655897
v 0.0461546704 0.0399580002 0.0243307296
v 0.0452102385 0.0400394686 0.0244339705
v 0.0461414382 0.0401238203 0.0240489803
v 0.0451987311 0.0402032696 0.0241551902
v 0.0461245701 0.0402585194 0.0237568002
v 0.0451839492 0.0403362513 0.0238661095
v 0.0461045988 0.0403616987 0.0234591309
v 0.0451663695 0.0404379889 0.0235715508
v 0.0460820086 0.0404339992 0.0231606308
v 0.0451463386 0.0405091606 0.0232762005
v 0.0451244116 0.0405510589 0.0229842607
v 0.0469874702 0.0403966904 0.0227365401
v 0.0470966101 0.039870441 0.0242178403
v 0.0470815785 0.0400383994 0.0239329897
v 0.0470626317 0.0401749015 0.0236375909
v 0.0470402204 0.0402796194 0.0233366396
v 0.0470150113 0.0403531082 0.0230348706
v 0.0479453206 0.0402665697 0.0228991508
v 0.0479732715 0.0401918814 0.0232043192
v 0.0479980707 0.0400855504 0.0235086605
v 0.0480192304 0.0399470888 0.0238074008
v 0.048036091 0.0397768617 0.0240955297
v 0.04804831 0.0395763516 0.0243680403
v 0.0480555817 0.0393479988 0.0246203505
v 0.0365952812 0.0402989909 0.0251389109
v 0.0375628993 0.0402784906 0.0251343809
v 0.0385282002 0.0402488112 0.0251172092
v 0.0385259315 0.0400403701 0.0253483597
v 0.0394911692 0.0402119085 0.0250889007
v 0.0394897982 0.0400026403 0.0253210608
v 0.0404517613 0.0401679203 0.0250497404
v 0.0404512808 0.03995746 0.02528321
v 0.0414099582 0.0401169583 0.0249999091
v 0.0414104387 0.0399050117 0.0252349302
v 0.0423657186 0.0400592014 0.0249395892
v 0.0423671007 0.0398455188 0.0251764599
v 0.043319039 0.0399947092 0.0248689
v 0.0433213711 0.0397790596 0.0251079202
v 0.0442699082 0.0399237201 0.0247882009
v 0.0385291502 0.0405857489 0.0246024709
v 0.0385292694 0.0404313207 0.02486711
v 0.0394892618 0.0405502915 0.0245721303
v 0.0394909903 0.0403952003 0.0248378497
v 0.0404470488 0.0405083187 0.0245301705
v 0.0404503308 0.0403522812 0.0247973204
v 0.0414023884 0.0404598713 0.0244768802
v 0.0414072797 0.0403026901 0.0247457605
v 0.0423552915 0.0404050909 0.0244124494
v 0.0423617885 0.0402464792 0.0246834103
v 0.0433056317 0.0403439887 0.0243371706
v 0.0433138013 0.0401838385 0.0246105101
v 0.0442534611 0.0402766392 0.02425134
v 0.0442632996 0.0401147604 0.0245272499
v 0.0404420383 0.0406346917 0.0242531206
v 0.041386839 0.0406844616 0.0239138007
v 0.0432501994 0.0406827293 0.0231888797
v 0.0432668291 0.0406422615 0.0234751701
v 0.0442079306 0.0405786 0.0233811699
v 0.0432818495 0.0405731201 0.0237648394
v 0.0442254506 0.0405085012 0.0236735903
v 0.0432948992 0.0404738709 0.0240536891
v 0.044240769 0.0404080115 0.0239651706
v 0.0423230492 0.0407000706 0.0235578399
v 0.0413766503 0.0407520495 0.0236288309
v 0.0423089787 0.0407399498 0.0232740007
v 0.0413650796 0.040791329 0.02334713
v 0.0366041586 0.0407561585 0.0243518893
v 0.0375671908 0.0407391116 0.0243471209
v 0.0385255218 0.0408059284 0.0240483191
v 0.0385278389 0.0407106802 0.0243279897
v 0.0394817516 0.0407715999 0.0240157805
v 0.0394861586 0.0406758711 0.0242965799
v 0.0404355489 0.0407310687 0.0239708405
v 0.0404186212 0.0408368707 0.0234078709
v 0.0394696482 0.0408765599 0.0234558508
v 0.0404276811 0.0407980606 0.0236877203
v 0.0394761488 0.040838059 0.0237341505
v 0.0385222994 0.04087203 0.0237678196
v 0.0385181904 0.0409102403 0.0234906003
v 0.0375659987 0.0408998691 0.0237883292
v 0.0366072617 0.0409151316 0.0237939302
v 0.0646559522 0.0366581604 0.0210841205
v 0.0646275803 0.0369269215 0.0207945704
v 0.064586632 0.0371654592 0.0204834305
v 0.0645340607 0.0373709686 0.0201557204
v 0.0644709393 0.0375416204 0.0198167507
v 0.0643987581 0.0376768112 0.0194718204
v 0.0643190071 0.0377768204 0.0191258695
v 0.0642333031 0.0378429815 0.0187836196
v 0.0588544011 0.0388597809 0.0202806499
v 0.05705183 0.0391554795 0.0207373407
v 0.0552423485 0.0394296609 0.0211692397
v 0.0606514215 0.0385426208 0.0198014304
v 0.0645072386 0.0343124792 0.0222460609
v 0.0626937672 0.0346918106 0.0227557402
v 0.0608759485 0.0350655913 0.0232300106
v 0.0590535402 0.0354315005 0.0236691199
v 0.0646713302 0.036362879 0.0213476997
v 0.0628379509 0.0370319411 0.0216033403
v 0.0628118515 0.0372994505 0.0213140193
v 0.0627739429 0.0375364982 0.0210028794
v 0.0627250001 0.0377402306 0.0206750594
v 0.0626662299 0.0379089713 0.0203358494
v 0.0625988171 0.038042061 0.0199905597
v 0.0625243112 0.0381398685 0.0196442604
v 0.0628532097 0.0364214703 0.0220994893
v 0.0628517792 0.0367377885 0.0218663793
v 0.0610266887 0.0370972082 0.0223535802
v 0.0610144697 0.0373888612 0.0220923405
v 0.0591854416 0.0377281904 0.0225506406
v 0.0609907508 0.0376538001 0.0218047407
v 0.059164159 0.0379894897 0.0222659707
v 0.0609560013 0.037888281 0.0214952193
v 0.0591327511 0.0382204019 0.0219594799
v 0.0609109886 0.0380893908 0.0211689398
v 0.059091799 0.0384181701 0.0216361191
v 0.0608567484 0.038255509 0.0208311602
v 0.0590422712 0.0385810696 0.0213013198
v 0.060794469 0.0383859798 0.0204872992
v 0.0589853488 0.0387085006 0.0209604502
v 0.0607255585 0.0384812318 0.02014249
v 0.0589222908 0.0388009511 0.0206186697
v 0.0572257601 0.035787221 0.0240736008
v 0.0553914905 0.0361301787 0.0244436804
v 0.0535498783 0.0364578292 0.0247794297
v 0.0535840318 0.0367819592 0.0247285292
v 0.0517306291 0.0370842814 0.0250324607
v 0.0517568514 0.0374048911 0.0249524694
v 0.0498684011 0.0373656116 0.0253020506
v 0.0498917103 0.0376787707 0.0252248608
v 0.0479968116 0.0376232788 0.0255370103
v 0.0480173193 0.0379291102 0.0254624393
v 0.0470574386 0.0377423689 0.0256414395
v 0.0470765792 0.0380446315 0.0255681202
v 0.0461156294 0.0378545485 0.0257370993
v 0.0365767404 0.0393469296 0.0259089991
v 0.0375458002 0.0393267795 0.0259089991
v 0.0385124609 0.0392947085 0.0258939192
v 0.0394768082 0.0392539501 0.0258689504
v 0.0404387712 0.03920459 0.0258342605
v 0.0413982794 0.0391470715 0.0257899109
v 0.0423554108 0.0390814506 0.0257360302
v 0.0433100984 0.039008081 0.0256727301
v 0.0442623384 0.0389272496 0.0256001297
v 0.0452121384 0.0388391018 0.0255182907
v 0.0461594388 0.0387439094 0.02542728
v 0.0480467603 0.0385333784 0.0252181794
v 0.0499246083 0.0382975899 0.0249733906
v 0.0499106608 0.0379910395 0.0251154806
v 0.0517932698 0.0380384289 0.0246936008
v 0.0517779514 0.0377245508 0.02483969
v 0.0536364317 0.03743672 0.0245294496
v 0.0536131188 0.0371097885 0.0246456806
v 0.0554612204 0.0367957316 0.0243046209
v 0.0554292202 0.0364611112 0.0243903901
v 0.0572670102 0.0361241587 0.0240178704
v 0.0646053478 0.0350141488 0.0220830999
v 0.0628201291 0.0357432291 0.0224658791
v 0.0628424212 0.0360881612 0.0222998802
v 0.061016731 0.0364524089 0.0227831006
v 0.0610273406 0.0367833301 0.0225847308
v 0.0591960512 0.0371300504 0.0230371896
v 0.0591961108 0.0374401808 0.0228089597
v 0.05735939 0.037765801 0.0232321601
v 0.0573502705 0.0380491018 0.0229777601
v 0.0555080697 0.0383509286 0.0233730599
v 0.0573314987 0.0383059904 0.0226971507
v 0.0554917417 0.0386025906 0.0230973307
v 0.0573033616 0.0385326706 0.0223947093
v 0.0554668903 0.0388244912 0.0227999594
v 0.0572665296 0.0387263782 0.0220755897
v 0.0554342195 0.0390137993 0.0224860907
v 0.0572218783 0.0388856493 0.0217450801
v 0.0553944707 0.0391690098 0.0221608803
v 0.0571704507 0.0390097387 0.0214085504
v 0.0553485118 0.03928959 0.0218297206
v 0.0571133383 0.039099209 0.0210710708
v 0.0552974306 0.0393760204 0.0214975998
v 0.0385225415 0.0398092791 0.0255568605
v 0.0385180116 0.0395592414 0.0257394295
v 0.039486941 0.0397705398 0.0255303904
v 0.0394825302 0.0395194814 0.0257137995
v 0.0404489599 0.0397240482 0.0254937392
v 0.0404447317 0.0394716784 0.0256781504
v 0.041408591 0.0396700501 0.0254469495
v 0.0414044783 0.0394158885 0.0256326701
v 0.0423657782 0.0396085903 0.0253901407
v 0.0423618518 0.0393524095 0.02557748
v 0.0433205888 0.0395399891 0.0253235605
v 0.0433168411 0.03928148 0.0255126301
v 0.0442729518 0.0394643508 0.0252473298
v 0.0442693196 0.0392032787 0.0254382994
v 0.0452228114 0.0393818617 0.0251615606
v 0.0452192985 0.0391180515 0.0253546201
v 0.0461701714 0.039292749 0.0250663701
v 0.0461668298 0.0390259586 0.0252616405
v 0.0480576716 0.0390952192 0.0248482209
v 0.0480546914 0.0388221107 0.0250483099
v 0.0499356911 0.0388731286 0.0245938804
v 0.0499330685 0.0385933518 0.0247990396
v 0.0518044196 0.0386278592 0.0243043303
v 0.0518022105 0.0383412205 0.0245146696
v 0.0536624715 0.0380674601 0.0241958406
v 0.0536530614 0.037757691 0.0243793707
v 0.0555046201 0.037457101 0.0240309201
v 0.0554866716 0.0371294618 0.024185
v 0.0573293492 0.0368046686 0.0238063298
v 0.0573018715 0.0364648588 0.0239292309
v 0.0591357909 0.0361193419 0.02351957
v 0.0590981804 0.0357735083 0.0236109998
v 0.060923811 0.0354114696 0.0231694505
v 0.0627871677 0.0353921019 0.0225967709
v 0.0609953403 0.036109861 0.0229468904
v 0.0591856204 0.0368029401 0.0232326295
v 0.0573587418 0.0374604985 0.0234566908
v 0.0555156395 0.0380730592 0.0236228704
v 0.0536580607 0.0386326313 0.0237358194
v 0.0536441207 0.0388787314 0.0234655701
v 0.0536225997 0.0390954018 0.0231739804
v 0.0535940491 0.0392799899 0.0228660703
v 0.0535591207 0.0394310318 0.0225469396
v 0.0535186492 0.0395479202 0.0222219191
v 0.0534735285 0.0396312997 0.0218960606
v 0.0534248911 0.0396824405 0.0215738397
v 0.0366077982 0.0409455188 0.0236447994
v 0.0366079807 0.0409538709 0.0235185605
v 0.06274461 0.0350400805 0.0226929691
v 0.0609639809 0.0357611105 0.0230755191
v 0.0591652282 0.0364642106 0.0233936291
v 0.0573485382 0.0371383391 0.0236486103
v 0.0555144511 0.0377734303 0.02384305
v 0.0536642 0.0383607708 0.0239804294
v 0.0351251885 0.0382625982 0.0262372401
v 0.0351451598 0.0403219983 0.0251402799
v 0.0351469517 0.0405039117 0.0248910096
v 0.0336949192 0.0405070111 0.0248881504
v 0.0336949192 0.0396636687 0.0257457402
v 0.0336949192 0.0396407209 0.0257587396
v 0.0351384804 0.0396345817 0.0257603507
v 0.0351359211 0.0393708311 0.0259141903
v 0.0336949192 0.0400078185 0.0254783593
v 0.0336949192 0.0398864113 0.0255727097
v 0.0351409316 0.0398838483 0.0255784299
v 0.0336949192 0.0382689796 0.0262299106
v 0.0336949192 0.0384309217 0.0262182299
v 0.0351278707 0.0385389291 0.0261992794
v 0.0351305604 0.0388184711 0.0261335298
v 0.0336949192 0.0388247892 0.0261306707
v 0.0336949192 0.0385444686 0.0261930209
v 0.0336949192 0.0393749401 0.0259089991
v 0.0336949192 0.0392811187 0.0259620491
v 0.0351332985 0.0390972383 0.0260387007
v 0.0336949192 0.0391013585 0.0260311905
v 0.0336949192 0.0388674103 0.0261211898
v 0.0351431891 0.0401142798 0.02537065
v 0.0336949192 0.0409821197 0.0235185605
v 0.0351516008 0.0409807488 0.0235189106
v 0.0336949192 0.0409737788 0.0236447994
v 0.0351512395 0.0409428403 0.0237952396
v 0.0336949192 0.0409433804 0.0237939302
v 0.0336949192 0.0408913381 0.0240493994
v 0.0351496302 0.0407822691 0.0243536197
v 0.0336949192 0.0407520495 0.0244435593
v 0.0351484418 0.0406577513 0.0246272609
v 0.0336949192 0.0406582318 0.0246238094
v 0.0336949192 0.04055655 0.0248190109
v 0.0351505801 0.0408771001 0.0240748506
v 0.0336949192 0.0408825204 0.0240742508
v 0.0336949192 0.0407844111 0.0243518893
v 0.0336949192 0.0403271914 0.0251389109
v 0.0336949192 0.0403067395 0.0251674
v 0.0336949192 0.0401161313 0.0253657103
v 0.0322736986 0.0382874608 0.0262372997
v 0.0194829106 0.0391122587 0.0262409393
v 0.0280101206 0.0385054909 0.0262382608
v 0.0308525506 0.0388791487 0.0261363909
v 0.0308525506 0.0391510688 0.0260439496
v 0.0294313394 0.0392029807 0.0260496698
v 0.0322736986 0.0396504886 0.0257635694
v 0.0322736986 0.0398981497 0.0255828407
v 0.0322736986 0.0401270315 0.0253764298
v 0.0308525506 0.0401430093 0.0253923498
v 0.0223253295 0.039362371 0.0261621401
v 0.0223253295 0.0391518399 0.0262116101
v 0.0251677595 0.0389548503 0.0262076203
v 0.0322736986 0.04066699 0.0246378705
v 0.0251677595 0.0407207012 0.0248975698
v 0.0251677595 0.0405924916 0.0251173899
v 0.0280101206 0.0405532084 0.0250083804
v 0.0223253295 0.0409908183 0.0241931006
v 0.0280101206 0.0409888588 0.0237548891
v 0.0294313394 0.0409884416 0.0236611292
v 0.0308525506 0.0409881398 0.0235863291
v 0.0322736986 0.0409879014 0.0235368591
v 0.0322736986 0.0409502313 0.0238113403
v 0.0308525506 0.040951129 0.0238558594
v 0.0294313394 0.0409525 0.0239230301
v 0.0280101206 0.0409542285 0.0240073204
v 0.0251677595 0.0409898683 0.0239739995
v 0.0322736986 0.0408849083 0.0240890905
v 0.0308525506 0.0408870503 0.0241285507
v 0.0294313394 0.0408902094 0.0241880994
v 0.0280101206 0.0408941507 0.0242627803
v 0.0251677595 0.0409582183 0.0242042504
v 0.0223253295 0.0406317115 0.0252264105
v 0.0223253295 0.0407475792 0.0250277501
v 0.0223253295 0.040841341 0.0248216894
v 0.0223253295 0.0404946804 0.0254140999
v 0.0280101206 0.0403870307 0.0252361204
v 0.0223253295 0.0409622714 0.0244011804
v 0.0223253295 0.0409127399 0.0246117692
v 0.0251677595 0.0409034416 0.0244372394
v 0.0251677595 0.0408244692 0.0246695802
v 0.0280101206 0.0408075415 0.0245174691
v 0.0280101206 0.0406938083 0.0247673895
v 0.0294313394 0.0408003293 0.0244523808
v 0.0294313394 0.0406822488 0.0247117206
v 0.0308525506 0.0407945514 0.0244004708
v 0.0308525506 0.0406730697 0.0246673208
v 0.0322736986 0.0407907292 0.0243660808
v 0.0322736986 0.0403334387 0.0251475498
v 0.0322736986 0.0405141711 0.0248998906
v 0.0308525506 0.0403456017 0.0251676403
v 0.0308525506 0.0405230485 0.0249245092
v 0.0294313394 0.0405363999 0.0249617007
v 0.0251677595 0.0387246013 0.0262392703
v 0.0223253295 0.0389437005 0.0262402203
v 0.0308525506 0.0399182402 0.025595
v 0.0280101206 0.0401972495 0.02544659
v 0.0280101206 0.0399867184 0.0256363694
v 0.0251677595 0.0402677618 0.0255171005
v 0.0251677595 0.0400757082 0.0256902501
v 0.0223253295 0.0403382704 0.0255876109
v 0.0223253295 0.0401647016 0.0257440805
v 0.0251677595 0.0398679897 0.0258418303
v 0.0280101206 0.0395180508 0.0259431601
v 0.0280101206 0.0397589803 0.0258026104
v 0.0294313394 0.0394623205 0.0259316508
v 0.0294313394 0.0397123583 0.0257858001
v 0.0308525506 0.0394179188 0.0259224698
v 0.0308525506 0.0396751091 0.0257723909
v 0.0322736986 0.0393884704 0.0259163901
v 0.0223253295 0.0397784114 0.0259969793
v 0.0223253295 0.0395723507 0.0260907393
v 0.0251677595 0.03942018 0.0260738097
v 0.0251677595 0.0391878411 0.0261528399
v 0.0280101206 0.0390133783 0.0261435509
v 0.0280101206 0.0387579203 0.0262036305
v 0.0294313394 0.0386736915 0.0262019001
v 0.0294313394 0.038411729 0.0262378398
v 0.0308525506 0.0383369289 0.0262375399
v 0.0322736986 0.0391166806 0.0260401294
v 0.0322736986 0.0388396904 0.0261343103
v 0.0322736986 0.0385619402 0.0261995699
v 0.0223253295 0.0399770103 0.0258811098
v 0.0251677595 0.0396482311 0.0259700995
v 0.0280101206 0.039268069 0.0260569397
v 0.0294313394 0.0389387012 0.0261396095
v 0.0308525506 0.0386064611 0.0262005292
v 0.0180617496 0.0402532816 0.0257976595
v 0.0180617496 0.0404084288 0.0256578308
v 0.0166405402 0.0403554998 0.0257199407
v 0.0166405402 0.0402572714 0.0257978998
v 0.0166405402 0.0401253104 0.0259027407
v 0.0180617496 0.0400854908 0.0259201508
v 0.0166405402 0.0400931798 0.0259212796
v 0.0180617496 0.0399079286 0.0260237399
v 0.0166405402 0.0399168693 0.0260229707
v 0.0166405402 0.0398676917 0.0260512792
v 0.0180617496 0.0397237502 0.0261075404
v 0.0166405402 0.0397341214 0.0261036698
v 0.0166405402 0.0395874307 0.0261611305
v 0.0180617496 0.0395360515 0.0261713807
v 0.0166405402 0.0395497009 0.0261696503
v 0.0180617496 0.03934782 0.0262156706
v 0.0166405402 0.0393629596 0.0262117907
v 0.0166405402 0.0392904803 0.0262281206
v 0.0180617496 0.0391618013 0.0262411796
v 0.0166405402 0.0391793214 0.0262362901
v 0.0166405402 0.0409896895 0.0244289599
v 0.0180617496 0.0409917794 0.02441114
v 0.0166405402 0.0409868918 0.0244779494
v 0.0180617496 0.0409662686 0.0245971605
v 0.0166405402 0.0409617983 0.0246123597
v 0.0166405402 0.0409357511 0.02475214
v 0.0180617496 0.0409219787 0.0247853901
v 0.0166405402 0.0409200713 0.0247987509
v 0.0180617496 0.0408581384 0.0249730907
v 0.0166405402 0.0408574305 0.0249848291
v 0.0166405402 0.040845871 0.0250191595
v 0.0180617496 0.0407743417 0.0251573306
v 0.0166405402 0.04077214 0.0251657292
v 0.0166405402 0.0407178886 0.0252734404
v 0.0180617496 0.0406707488 0.0253348891
v 0.0166405402 0.0406705104 0.0253413301
v 0.0180617496 0.0405482613 0.0255026799
v 0.0166405402 0.0405532084 0.0255092904
v 0.0166405402 0.040411111 0.0256606899
v 0.0209041201 0.0409912392 0.0242868606
v 0.0194829106 0.0409916006 0.02436167
v 0.0209041201 0.0409639999 0.0244854596
v 0.0194829106 0.0409653708 0.0245526992
v 0.0209041201 0.0409167409 0.0246863905
v 0.0194829106 0.0409198888 0.0247460008
v 0.0209041201 0.0408485495 0.0248867795
v 0.0194829106 0.0408543311 0.0249387603
v 0.0209041201 0.0407590792 0.0250834804
v 0.0194829106 0.0407682583 0.0251278803
v 0.0209041201 0.0406485088 0.0252730194
v 0.0194829106 0.0406618714 0.0253102109
v 0.0209041201 0.04051774 0.0254521891
v 0.0194829106 0.0405360982 0.0254825894
v 0.0209041201 0.0403684303 0.0256178305
v 0.0194829106 0.0403925106 0.0256418493
v 0.0194829106 0.0402331911 0.0257855002
v 0.0194829106 0.039303299 0.0262147095
v 0.0194829106 0.0394966006 0.0261693001
v 0.0194829106 0.0396893583 0.0261037294
v 0.0194829106 0.0398784801 0.0260176603
v 0.0194829106 0.0400608703 0.0259112697
v 0.0209041201 0.0390374586 0.0262406394
v 0.0209041201 0.0392360613 0.0262133405
v 0.0209041201 0.0394370519 0.0261661392
v 0.0209041201 0.039637439 0.0260979496
v 0.0209041201 0.0398340784 0.0260084793
v 0.0209041201 0.0400236212 0.0258978605
v 0.00160676194 0.0398622714 0.0239303708
v -0.0119230105 0.0409005806 0.0170424506
v -0.0119318301 0.0408873484 0.0170549694
v -0.0111471396 0.0408871695 0.0175921898
v -0.01188826 0.0409393907 0.0169927999
v -0.0119079901 0.0409173891 0.0170209408
v -0.0111237103 0.0409177504 0.0175574403
v -0.01185071 0.04096907 0.0169391595
v -0.0118568502 0.0409642383 0.0169479195
v -0.0110732904 0.0409645401 0.0174825098
v -0.0118110701 0.0409890413 0.0168825295
v -0.0118301501 0.0409794413 0.0169097707
v -0.0110471798 0.0409805104 0.0174435899
v -0.00547253992 0.0403315984 0.0210903194
v -0.00374466111 0.0402282402 0.0219012406
v -0.00286942697 0.0401718616 0.02228182
v -0.00882905722 0.0404862091 0.0192733407
v -0.00800311472 0.0404553413 0.0197515395
v -0.0112500098 0.0405409895 0.0177452508
v -0.00276696589 0.0407334492 0.0220397692
v -0.00364482403 0.0407516286 0.0216776095
v -0.0036687851 0.0406864807 0.0217311904
v -0.00791793969 0.0408247113 0.0196010992
v -0.00874602702 0.0408346616 0.0191329699
v -0.00876593497 0.0407912694 0.0191666391
v -0.01116871 0.0408522412 0.0176243708
v -0.0119542396 0.0408535004 0.0170869809
v -0.0119736101 0.0408144481 0.0171146896
v 0.0090354681 0.0393930003 0.02566039
v 0.0156903807 0.039920859 0.0260173008
v 0.0156887695 0.0397388898 0.0261001494
v 0.0109270802 0.0393056795 0.0259142499
v 0.00998002198 0.0393471085 0.0257963501
v 0.0118880803 0.0397983715 0.0258888006
v 0.0109411404 0.0398236513 0.0257918797
v 0.0109344097 0.0396506116 0.0258502904
v 0.00999605563 0.0398523808 0.02567726
v 0.00905323029 0.0398842618 0.0255449396
v 0.00904470589 0.0397201702 0.0256000701
v 0.0156946704 0.040262159 0.0257939603
v 0.0156973004 0.0404154584 0.0256558005
v 0.00715488102 0.0394962989 0.02533447
v 0.00809365511 0.0394428894 0.0255064294
v 0.00621962501 0.0395527408 0.0251446906
v 0.00436073495 0.0396725498 0.0247118399
v 0.00251972605 0.0397983715 0.0242083594
v 0.00817805529 0.0404989086 0.0250195209
v 0.00724536087 0.040516071 0.0248659197
v 0.00722366478 0.0403891802 0.0249782801
v 0.00631523086 0.0405342504 0.02469551
v 0.00538808107 0.0405532084 0.0245079901
v 0.00536412001 0.0404360183 0.0246108696
v 0.00446414901 0.0405728184 0.0243034307
v 0.00354379392 0.0405929014 0.0240816399
v 0.00351840211 0.0404861495 0.0241745096
v 0.00262743211 0.0406132899 0.0238425694
v 0.00171536196 0.0406338498 0.0235860292
v 0.00168931403 0.0405378304 0.0236685798
v 0.0157068297 0.0407770202 0.0251613799
v 0.0157102905 0.0408598706 0.0249794107
v 0.001947343 0.0409949385 0.0228501502
v 0.00285756495 0.0409946404 0.0230607893
v 0.0037701719 0.0409943387 0.0232541505
v 0.00560158398 0.0409937985 0.0235910397
v 0.00468498422 0.0409940407 0.0234307591
v 0.00651961518 0.0409935713 0.0237355195
v 0.00743871881 0.0409932695 0.0238646809
v 0.00835853815 0.0409930311 0.0239790604
v 0.00927883293 0.0409928486 0.0240791403
v 0.0101992404 0.0409926102 0.0241654497
v 0.0120401904 0.0409922488 0.0242989603
v 0.0111197196 0.0409924313 0.0242385808
v 0.01296061 0.0409921408 0.0243471805
v 0.0138809001 0.0409920216 0.0243838392
v 0.0148010803 0.0409919582 0.0244092904
v 0.0157138705 0.0409229286 0.0247939806
v 0.0157174394 0.0409666188 0.0246080104
v 0.00260162307 0.0405118987 0.0239302497
v 0.00443935301 0.0404607616 0.0244013593
v 0.00629234314 0.0404121205 0.0248031598
v 0.00911301281 0.0404828116 0.0251563098
v 0.00815784931 0.0403674804 0.0251362305
v 0.00166648603 0.0404339992 0.0237408802
v 0.00257897307 0.0404021703 0.0240070801
v 0.00164723303 0.0403240882 0.0238020401
v 0.00255990005 0.04028612 0.0240719896
v 0.00163161696 0.0402100608 0.0238515101
v 0.00254440308 0.0401657186 0.0241245609
v 0.00161975599 0.0400938913 0.0238891803
v 0.00253260089 0.040042989 0.0241646096
v 0.00161152997 0.0399774313 0.0239152908
v 0.00252443505 0.0399199687 0.0241923891
v 0.003437876 0.0397349484 0.0244688895
v 0.00349617004 0.0403706394 0.0242558103
v 0.00441765692 0.0403395817 0.0244870707
v 0.00347733404 0.0402484499 0.0243245307
v 0.00439929916 0.0402113684 0.0245596096
v 0.00346213509 0.0401216708 0.0243801996
v 0.00438445807 0.0400783382 0.0246182606
v 0.00345051195 0.0399925113 0.0244225804
v 0.00437313318 0.039942801 0.0246629696
v 0.00344246603 0.0398629904 0.0244519096
v 0.0043652649 0.0398068987 0.0246939603
v 0.00528812408 0.0396116301 0.0249371491
v 0.00534313917 0.0403092988 0.0247009899
v 0.00627225591 0.0402799807 0.0248975102
v 0.00532537606 0.0401751883 0.0247771703
v 0.00625526905 0.0401402116 0.0249772593
v 0.0053110118 0.0400360785 0.0248388592
v 0.00624155905 0.0399951898 0.0250418093
v 0.00530010415 0.0398942791 0.0248857699
v 0.0062310691 0.0398473702 0.0250909906
v 0.0052925339 0.0397521183 0.0249183103
v 0.00622379687 0.0396991894 0.0251250193
v 0.00720471097 0.0402519107 0.0250766203
v 0.00814008713 0.0402253196 0.0252384506
v 0.00718861818 0.0401066504 0.0251598302
v 0.00812512636 0.0400749408 0.0253249407
v 0.0071756239 0.0399560295 0.0252271798
v 0.00811296701 0.0399188884 0.0253948495
v 0.00716572907 0.0398024917 0.0252784397
v 0.00810372829 0.0397599302 0.0254481398
v 0.007158875 0.0396484695 0.0253139697
v 0.00809734967 0.0396004915 0.0254850909
v 0.0147489896 0.0402668118 0.0257697105
v 0.0147542302 0.0404191017 0.0256325006
v 0.0138037801 0.0402742587 0.0257290602
v 0.0138115799 0.0404250585 0.0255934
v 0.0128593398 0.0402843915 0.0256720092
v 0.0128695304 0.0404330418 0.0255383793
v 0.0119159203 0.0402969718 0.0255983993
v 0.0119284298 0.0404429995 0.0254673306
v 0.0109737497 0.04031175 0.0255081002
v 0.0109884702 0.0404547416 0.0253800694
v 0.0100331903 0.0403285585 0.0254010502
v 0.0100499298 0.0404680297 0.0252764206
v 0.0090944171 0.0403472111 0.0252771303
v 0.0156923495 0.0400963388 0.0259149596
v 0.0147405202 0.0399276614 0.0259914901
v 0.0147444 0.0401020013 0.0258898698
v 0.0137911998 0.0399386212 0.0259483997
v 0.0137969796 0.0401111804 0.02584791
v 0.0128428303 0.0399534106 0.0258880202
v 0.0128504001 0.0401235782 0.0257890206
v 0.0118955905 0.0399717614 0.0258102398
v 0.0119048897 0.0401389487 0.0257131997
v 0.01094996 0.0399934016 0.0257151108
v 0.0109608704 0.0401570685 0.0256202798
v 0.0100060701 0.0400180183 0.0256025102
v 0.0100185201 0.0401776992 0.0255102497
v 0.00906437635 0.040045321 0.0254724603
v 0.00907814503 0.0402005315 0.02538299
v 0.00998842716 0.03968364 0.0257341191
v 0.0128366901 0.0397769213 0.0259680692
v 0.0118823601 0.0396216512 0.02594864
v 0.00903886463 0.0395556018 0.0256382804
v 0.00998312235 0.0395143591 0.0257735793
v 0.0118760997 0.0392692611 0.0260140207
v 0.0109297596 0.0394771583 0.0258908197
v 0.0118784299 0.0394443795 0.0259901192
v 0.0156875793 0.0395534001 0.0261632204
v 0.0147349797 0.0395625196 0.0261363909
v 0.0147373602 0.0397468209 0.0260737501
v 0.0137830302 0.0395771787 0.0260916892
v 0.0137865497 0.0397595689 0.02602976
v 0.01283204 0.0395970307 0.0260291006
v 0.0137791 0.0392134115 0.0261594001
v 0.0128269102 0.03923833 0.0260958001
v 0.0128288204 0.0394166112 0.0260713603
v 0.0137805296 0.0393942483 0.0261346102
v 0.0147333099 0.0393776782 0.0261797905
v 0.0147323599 0.0391950011 0.0262048803
v 0.0156867504 0.0393674299 0.0262069106
v 0.0156862698 0.0391836092 0.0262321793
v -0.0111881997 0.0408134982 0.0176533405
v -0.0119812395 0.0407991409 0.0171255395
v -0.01120531 0.0407715999 0.0176787302
v -0.0095641613 0.0408426486 0.0186474305
v -0.00958371069 0.0408013985 0.0186790805
v -0.00537872314 0.0407848917 0.0209000707
v -0.00623381091 0.0407996699 0.0204847399
v -0.00625556707 0.0407470986 0.0205268208
v -0.0119908396 0.0407729112 0.01713931
v -0.0120034805 0.0407385789 0.0171573106
v -0.0112197297 0.0407273099 0.0177001897
v -0.00451558782 0.0407687984 0.0212976895
v -0.00453877402 0.0407081805 0.0213471595
v 0.000807929027 0.0406544209 0.0233119708
v 0.000781885989 0.0405638218 0.0233893897
v -0.000177673006 0.0402985215 0.0232531391
v 0.000739788986 0.0403620601 0.0235145595
v -0.000162160999 0.0403997302 0.0232097507
v 0.000759078015 0.0404657684 0.0234572198
v -0.000142991994 0.0404972993 0.0231561009
v -0.000120327 0.040589571 0.0230927393
v -9.4446099e-05 0.0406747982 0.0230203196
v -0.01200586 0.0407293402 0.0171607099
v -0.0120177204 0.0406837389 0.0171776991
v -0.0112314196 0.0406812988 0.0177175403
v -0.0120205199 0.0406730101 0.0171816293
v -0.0112402998 0.0406344496 0.0177307706
v -0.0104492903 0.0405771695 0.0182644706
v -0.00963598397 0.040610671 0.0187635999
v -0.0104431501 0.0406253301 0.0182549898
v -0.0096270442 0.0406606086 0.01874917
v -0.0104342597 0.0406733714 0.0182412192
v -0.00961530209 0.0407095514 0.0187302195
v -0.0104226395 0.0407205187 0.0182232205
v -0.00960081816 0.0407567583 0.0187067892
v -0.0104082804 0.0407659411 0.0182009302
v -0.0103912903 0.0408089086 0.0181745794
v -0.0103718601 0.0408486091 0.0181445405
v -0.0120264199 0.0406371914 0.0171901509
v -0.0120319696 0.0406039283 0.0171980206
v -0.0112464996 0.0405874215 0.0177399497
v -0.00716429902 0.0404776894 0.0202067997
v -0.00631368114 0.0405042097 0.0206392407
v -0.00715762284 0.0405372307 0.0201945305
v -0.00630372716 0.0405678116 0.0206200406
v -0.00714802695 0.040596541 0.0201767609
v -0.00629073288 0.0406301618 0.0205948297
v -0.00713544991 0.040654771 0.0201534592
v -0.00627458002 0.0406902991 0.0205636602
v -0.00711983396 0.0407109186 0.0201246701
v -0.00710141612 0.0407639705 0.0200905707
v -0.00708037615 0.0408129618 0.0200517103
v -0.0104528004 0.0405295417 0.0182700101
v -0.00964576006 0.0405111313 0.0187793896
v -0.00964218285 0.0405605994 0.0187736098
v -0.0120329801 0.040590819 0.0171995107
v -0.0120366802 0.0405448005 0.0172047
v -0.0120376302 0.0405326411 0.0172060691
v -0.00716817286 0.0404189192 0.0202139001
v -0.00632452918 0.0403774902 0.0206602197
v -0.00632053614 0.0404404886 0.0206525307
v -0.00799935963 0.0405104682 0.0197449904
v -0.00799292326 0.0405661985 0.0197335407
v -0.00798356533 0.0406218097 0.0197170898
v -0.00797134638 0.0406764112 0.0196954608
v -0.00795620587 0.0407290384 0.0196687505
v -0.00793832541 0.0407787487 0.01963716
v -0.00878334045 0.0407444201 0.0191960894
v -0.00879812241 0.0406947695 0.0192210004
v -0.00881004333 0.0406432711 0.0192411505
v -0.00881910324 0.040590819 0.0192565303
v -0.00882542133 0.0405382514 0.0192671996
v -0.00198245002 0.0402027294 0.0226341393
v -0.00108516205 0.0402450487 0.0229588095
v -0.00197452307 0.040293511 0.0226143003
v -0.00107353902 0.0403418504 0.0229279902
v -0.00196307804 0.0403841101 0.0225857403
v -0.00105822005 0.0404368006 0.0228875801
v -0.001947999 0.0404729806 0.0225481894
v -0.001039266 0.0405283496 0.0228376295
v -0.001929402 0.0405586883 0.0225017592
v -0.00101685501 0.0406148992 0.0227785707
v -0.001907408 0.0406396315 0.0224469304
v -0.000991337001 0.0406948887 0.0227111503
v -0.00188231398 0.0407144986 0.0223842803
v -0.0046124449 0.0402816497 0.0215040408
v -0.00460821297 0.0403543711 0.0214950405
v -0.00546842813 0.0403992496 0.0210819803
v -0.00460088206 0.0404279195 0.0214793608
v -0.00546127511 0.0404676683 0.0210675504
v -0.00459027197 0.0405012295 0.0214567706
v -0.00545102311 0.0405359194 0.0210467502
v -0.00457632495 0.0405732282 0.0214271508
v -0.005437552 0.0406029187 0.0210193899
v -0.00455915881 0.0406426117 0.0213904902
v -0.00542092277 0.0406674705 0.0209856592
v -0.0054011941 0.0407284386 0.0209456608
v -0.002791523 0.0406635888 0.0220977608
v -0.00368970609 0.0406160317 0.0217781607
v -0.00281304098 0.0405879617 0.0221485998
v -0.00370746804 0.0405415185 0.0218178593
v -0.00283121993 0.0405079685 0.0221915804
v -0.00372177293 0.0404641591 0.0218499806
v -0.00284594204 0.0404249988 0.0222263299
v -0.00373268104 0.0403853618 0.0218744799
v -0.00285714795 0.0403404795 0.0222528502
v -0.00374025106 0.0403063782 0.0218914691
v -0.00286489702 0.0402556583 0.0222712103
v -0.00198704004 0.0401129089 0.0226455908
v -0.00109791697 0.0400520489 0.0229924303
v -0.00109326805 0.0401479602 0.0229801498
v 0.000724178972 0.04025447 0.0235610008
v -0.000189487997 0.0401953384 0.0232861601
v 0.000712289999 0.0401448011 0.0235963408
v -0.000197675006 0.0400918685 0.0233090501
v 0.000704050995 0.0400348902 0.0236208402
v -0.000202402996 0.0399895906 0.0233222805
v 0.000699293974 0.0399262309 0.0236349702
v -0.0109949699 0.0409979187 0.0173660498
v -0.0117701804 0.0409988686 0.0168241803
v -0.0117771598 0.0409971997 0.0168340802
v -0.0101989498 0.0409978591 0.0178763792
v -0.00938981678 0.0409977995 0.0183653794
v -0.00856852531 0.0409976803 0.0188330393
v -0.00773590803 0.0409975611 0.0192795899
v -0.0068927398 0.0409973785 0.0197051093
v -0.006039917 0.0409971997 0.0201097094
v -0.00517821312 0.0409970209 0.0204935595
v -0.00430852082 0.0409967788 0.0208567306
v -0.00343161798 0.0409965515 0.0211996399
v -0.00254797889 0.0409963094 0.0215225201
v -0.00165838003 0.0409960113 0.02182585
v -0.000763464021 0.0409957692 0.0221099202
v 0.000136250994 0.0409954712 0.0223750994
v 0.00104004098 0.0409951806 0.0226217508
v 0.0147870099 0.0409234092 0.0247765109
v 0.0147940498 0.0409668609 0.0245918594
v 0.0138600999 0.0409241915 0.0247469507
v 0.0138705904 0.0409672186 0.0245643202
v 0.0129332496 0.0409252606 0.0247048102
v 0.0129470201 0.0409676395 0.0245249793
v 0.0120066404 0.0409265682 0.02464973
v 0.0120235002 0.0409682319 0.0244733002
v 0.01108032 0.0409281217 0.0245812498
v 0.0111001097 0.0409688912 0.0244088694
v 0.0101544196 0.0409298502 0.0244989898
v 0.0101769501 0.0409696586 0.0243312698
v 0.00922906306 0.0409318209 0.0244025495
v 0.00925409701 0.0409705006 0.0242398903
v 0.0083043566 0.0409339592 0.0242914502
v 0.00833165646 0.0409713909 0.0241343305
v 0.00738066388 0.0409362316 0.0241652709
v 0.00740987016 0.0409724116 0.0240141097
v 0.00645822193 0.0409386083 0.0240237098
v 0.00648909807 0.0409734212 0.0238787495
v 0.00553744985 0.0409411117 0.0238662902
v 0.00556969596 0.0409744903 0.0237278901
v 0.00461870385 0.0409436785 0.0236927196
v 0.00465202285 0.0409756303 0.0235610008
v 0.00370222307 0.0409463011 0.0235025808
v 0.0037364359 0.040976759 0.0233776495
v 0.0027884841 0.0409489796 0.0232955199
v 0.00282317307 0.0409779511 0.0231775008
v 0.00187772501 0.0409517214 0.0230711102
v 0.00191271305 0.0409790799 0.0229599997
v 0.000970384979 0.040954411 0.0228289291
v 0.00100541103 0.0409802683 0.0227247402
v 6.69942019e-05 0.0409571491 0.02256882
v 0.000101826001 0.0409814715 0.0224714205
v -0.000831872982 0.0409597717 0.0222903993
v -0.000797468005 0.0409826003 0.0221996307
v -0.00172561395 0.040962331 0.0219935104
v -0.001691818 0.0409836695 0.0219091699
v -0.00261372305 0.0409648418 0.0216777902
v -0.00258070207 0.0409847982 0.0215997007
v -0.0034956329 0.0409672186 0.0213431101
v -0.00346344709 0.040985819 0.0212709308
v -0.00437068893 0.040969491 0.02098912
v -0.00433945609 0.0409867689 0.0209225398
v -0.00523841288 0.0409716293 0.0206155702
v -0.00520813419 0.04098773 0.0205541793
v -0.00609809114 0.0409736 0.0202223007
v -0.00606882479 0.0409885608 0.02016568
v -0.00694906712 0.0409753285 0.0198091809
v -0.00692075398 0.0409893282 0.0197568499
v -0.00779056503 0.0409768783 0.0193760898
v -0.00776308682 0.0409899913 0.0193275809
v -0.00862181094 0.0409781896 0.0189231001
v -0.00859498885 0.0409905314 0.0188778006
v -0.00944214966 0.0409792587 0.0184500199
v -0.00941586401 0.0409910008 0.0184074603
v -0.0102508599 0.040980041 0.0179569107
v -0.0102247503 0.0409913585 0.0179164391
v -0.0110208904 0.040991541 0.0174046103
v -0.01180356 0.0409908183 0.0168718006
v 0.0147730699 0.0407783911 0.0251414105
v 0.0147799803 0.0408607088 0.0249606892
v 0.0138394199 0.0407806598 0.0251077395
v 0.0138496701 0.0408621393 0.0249290392
v 0.0129061304 0.0407837592 0.0250601694
v 0.0129195396 0.0408640504 0.0248841606
v 0.0119733196 0.0407875106 0.0249982402
v 0.0119898301 0.0408664308 0.0248256307
v 0.0110411597 0.0407919809 0.0249217693
v 0.0110605303 0.0408692881 0.02475309
v 0.01010984 0.0407971106 0.0248303991
v 0.0101319496 0.0408724509 0.0246662404
v 0.00917959213 0.0408027098 0.02472388
v 0.00920408871 0.0408760309 0.0245647393
v 0.0082505336 0.040808849 0.0246018097
v 0.00827717688 0.0408798382 0.0244480893
v 0.00732296705 0.0408154093 0.0244639497
v 0.00735157682 0.0408839509 0.0243160091
v 0.00639730599 0.0408223197 0.0243100505
v 0.00642746594 0.0408882983 0.0241682492
v 0.00547379209 0.0408295318 0.0241398793
v 0.00550532294 0.0408928916 0.0240043905
v 0.00455278112 0.0408370383 0.0239530802
v 0.004585444 0.0408975407 0.0238241497
v 0.00363469101 0.0408446714 0.0237494707
v 0.00366812898 0.0409023687 0.0236271601
v 0.00271981908 0.0408524796 0.0235286895
v 0.00275379396 0.04090726 0.0234132409
v 0.00180846395 0.0408603512 0.0232906304
v 0.00184273697 0.0409122109 0.0231819097
v 0.000901131018 0.0408681594 0.0230348706
v 0.000935430988 0.0409171507 0.0229328796
v -1.82658005e-06 0.0408759713 0.0227612797
v 3.22593005e-05 0.0409220383 0.02266597
v -0.000899850973 0.0408836007 0.0224697497
v -0.000866183022 0.04092687 0.0223809406
v -0.00179242995 0.0408911109 0.0221601091
v -0.00175934995 0.0409315191 0.0220775604
v -0.00267904904 0.0408983193 0.0218320992
v -0.00264668395 0.0409361087 0.0217556898
v -0.00355923106 0.0409052297 0.0214856807
v -0.00352769997 0.0409404598 0.0214150492
v -0.00443243887 0.04091179 0.02112066
v -0.00440186216 0.0409445688 0.0210555103
v -0.0052981968 0.0409179293 0.0207368694
v -0.00526857283 0.040948391 0.0206767898
v -0.00615596678 0.0409235917 0.0203341804
v -0.00612729695 0.0409519598 0.02027875
v -0.00700503495 0.0409286618 0.0199125409
v -0.00697731879 0.0409551188 0.0198613405
v -0.00784486532 0.0409331284 0.0194719993
v -0.00781792402 0.0409579799 0.0194245502
v -0.00867473986 0.0409369394 0.0190125704
v -0.00864851382 0.0409603715 0.0189682804
v -0.00949418545 0.0409399793 0.0185341798
v -0.00946837571 0.0409622714 0.0184925105
v -0.0103024198 0.0409422517 0.0180369001
v -0.0102769099 0.0409636982 0.0179972593
v -0.01109898 0.0409436189 0.0175206605
v -0.0118830204 0.0409435593 0.0169852898
v 0.0157002807 0.0405536182 0.0255025607
v 0.0157034304 0.040674679 0.0253368001
v 0.0147600695 0.0405564308 0.0254802704
v 0.0147663904 0.0406767093 0.0253156405
v 0.01382023 0.0405609608 0.0254428294
v 0.01382952 0.0406799912 0.0252800491
v 0.0128808599 0.0405671 0.0253901407
v 0.0128931403 0.0406844616 0.0252298098
v 0.0119423196 0.0405746587 0.0253219604
v 0.0119573995 0.0406900011 0.0251646601
v 0.0110048 0.0405836701 0.0252380297
v 0.0110224402 0.0406965017 0.0250843707
v 0.0100684697 0.0405937992 0.02513819
v 0.0100886198 0.0407039486 0.0249886494
v 0.00913363602 0.0406051204 0.0250222608
v 0.00915598776 0.0407121703 0.0248773005
v 0.00820052624 0.0406173393 0.0248900596
v 0.008224844 0.040721111 0.0247499906
v 0.00726944208 0.0406304486 0.0247413497
v 0.00729542878 0.0407306515 0.0246065799
v 0.00634068204 0.0406443402 0.0245760009
v 0.00636815978 0.0407407805 0.0244467799
v 0.00541460514 0.0406588316 0.0243939105
v 0.00544333411 0.0407513306 0.0242704693
v 0.00449162722 0.0406737886 0.0241948292
v 0.00452130986 0.0407622382 0.0240773503
v 0.00357198692 0.0406891108 0.0239787102
v 0.00360244489 0.0407733917 0.0238672998
v 0.00265604211 0.0407047197 0.0237452891
v 0.00268703606 0.0407847688 0.0236400291
v 0.00174421002 0.0407203995 0.0234944802
v 0.00177544297 0.0407962203 0.0233954098
v 0.000836817024 0.0407361314 0.0232260805
v 0.000868065981 0.0408076607 0.0231331494
v -6.57389974e-05 0.0407516882 0.0229400303
v -3.46847992e-05 0.0408190414 0.0228531901
v -0.000962981023 0.0407670103 0.0226362906
v -0.000932306983 0.0408301912 0.0225554109
v -0.00185441901 0.0407820307 0.0223147795
v -0.00182431901 0.0408410989 0.0222396199
v -0.00273972703 0.0407964513 0.0219753906
v -0.00271022297 0.0408516489 0.0219057705
v -0.00361829903 0.0408103392 0.0216181204
v -0.00358962989 0.0408617817 0.0215537492
v -0.00448983908 0.0408234484 0.0212428495
v -0.0044619441 0.0408713184 0.0211834908
v -0.00535374787 0.0408357307 0.0208495203
v -0.00532674696 0.0408802591 0.0207947399
v -0.00620967103 0.0408469997 0.0204380695
v -0.0061835642 0.0408884808 0.0203875806
v -0.00705701113 0.0408571884 0.0200085603
v -0.00703173783 0.0408959314 0.0199619494
v -0.00789528992 0.0408661291 0.0195611101
v -0.00787079334 0.0409024283 0.0195178296
v -0.00872391369 0.0408737585 0.0190956499
v -0.00870001316 0.0409079716 0.0190552995
v -0.00954246521 0.0408798382 0.0186123196
v -0.00951898005 0.0409124382 0.0185743496
v -0.01035034 0.0408843718 0.01811116
v -0.0103270998 0.0409157202 0.0180750396
v -0.0117770396 0.0409981012 0.0168193504
v -0.0117840096 0.0409973785 0.0168293696
v -0.0117910504 0.0409966707 0.0168393794
v -0.0118103595 0.0409904085 0.0168669205
v -0.0118178101 0.0409880206 0.0168775897
v -0.0118303802 0.0409839116 0.0168955307
v -0.0118370596 0.0409799814 0.0169051196
v -0.0118573904 0.0409681201 0.0169340894
v -0.0118637597 0.0409643613 0.0169432107
v -0.0118686501 0.0409614407 0.0169502404
v -0.0118896896 0.0409430191 0.0169802308
v -0.0118948799 0.0409384891 0.0169876199
v -0.01190513 0.0409294292 0.0170022808
v -0.01191484 0.0409175716 0.0170162302
v -0.0119295698 0.0408997498 0.0170371495
v -0.0119389202 0.0408882983 0.0170506202
v -0.0119606797 0.0408527814 0.0170816109
v -0.0119691398 0.0408388302 0.0170937106
v -0.0119803501 0.0408142805 0.0171096902
v -0.0119875604 0.0407984182 0.0171200596
v -0.0119953696 0.0407813117 0.0171312001
v -0.0119980499 0.0407732688 0.0171349607
v -0.0120097296 0.0407379195 0.01715165
v -0.0120126 0.040729221 0.0171558205
v -0.0120166503 0.0407169387 0.0171616003
v -0.0120241595 0.0406835005 0.0171723291
v -0.0120266601 0.0406725407 0.0171758495
v -0.0120324399 0.0406468511 0.0171840694
v -0.0120336404 0.0406374298 0.0171858594
v -0.0120380502 0.0406036302 0.0171920601
v -0.0120397201 0.0405906998 0.0171944406
v -0.01204204 0.04057258 0.0171978399
v -0.0120431697 0.0405448005 0.0171995107
v -0.0120437099 0.0405325815 0.0172002297
v -0.0124854399 0.0405449197 0.0168827102
v 0.0147072002 0.0409005806 -0.0147072002
v 0.0147179896 0.0408873484 -0.0147179896
v 0.0143322898 0.0408881307 -0.0150948102
v 0.0146643501 0.0409393907 -0.0146643501
v 0.0146886697 0.0409173891 -0.0146886697
v 0.0143036796 0.0409184583 -0.0150647098
v 0.0146180298 0.04096907 -0.0146180298
v 0.0146255996 0.0409642383 -0.0146255996
v 0.0142419897 0.0409648418 -0.0149997398
v 0.0145691596 0.0409890413 -0.0145691596
v 0.0145926997 0.0409794413 -0.0145926997
v 0.0142099801 0.0409806892 -0.0149660697
v -0.0120907398 0.0405449197 -0.0171675608
v -0.00728917122 0.0405449197 -0.0196920596
v -0.00468444778 0.0405449197 -0.02046871
v -0.00200110604 0.0405449197 -0.0209023301
v 0.00606793119 0.0405449197 -0.0201020204
v 0.0028817649 0.0405909382 -0.02079284
v 0.00234216405 0.0405909382 -0.0208604895
v 0.00234091189 0.040637549 -0.0208495799
v 0.0128015196 0.0405909382 -0.0166362505
v 0.0123662902 0.0405909382 -0.0169623401
v 0.0123598501 0.040637549 -0.0169534609
v -0.0156221297 0.0408535004 -0.0138136698
v -0.01525902 0.0408535004 -0.0142136803
v -0.0152843501 0.0408151112 -0.01423728
v -0.0148856603 0.0408535004 -0.0146042099
v -0.01450234 0.0408535004 -0.0149849001
v -0.0145264203 0.0408151112 -0.0150097599
v -0.0141093098 0.0408535004 -0.01535552
v -0.0137067996 0.0408535004 -0.0157158896
v -0.0137295704 0.0408151112 -0.0157420002
v -0.0132951699 0.0408535004 -0.0160657093
v -0.0128745399 0.0408535004 -0.0164047405
v -0.0128958803 0.0408151112 -0.0164319798
v -0.0124452095 0.0408535004 -0.0167327505
v -0.0120075904 0.0408535004 -0.0170494895
v -0.0120275002 0.0408151112 -0.0170777999
v -0.0115618696 0.0408535004 -0.0173547808
v -0.0111084497 0.0408535004 -0.0176484492
v -0.0111268703 0.0408151112 -0.0176777206
v -0.0106475297 0.0408535004 -0.0179302599
v -0.0101795103 0.0408535004 -0.0182000902
v -0.0101963803 0.0408151112 -0.0182303097
v -0.00873565581 0.0408535004 -0.0189355593
v -0.00824218895 0.0408535004 -0.0191555005
v -0.00825589802 0.0408151112 -0.0191872697
v -0.00774323894 0.0408535004 -0.0193625595
v -0.00723904278 0.0408535004 -0.0195566397
v -0.00725108292 0.0408151112 -0.0195890609
v -0.00673002005 0.0408535004 -0.0197375994
v -0.00621646596 0.0408535004 -0.0199053194
v -0.00622677803 0.0408151112 -0.0199384
v -0.00569874002 0.0408535004 -0.0200596992
v -0.00517719891 0.0408535004 -0.0202006102
v -0.00518584205 0.0408151112 -0.0202341601
v -0.00465220213 0.0408535004 -0.0203279201
v -0.00412404491 0.0408535004 -0.0204415899
v -0.00413089897 0.0408151112 -0.0204755608
v -0.0035931461 0.0408535004 -0.0205415394
v -0.00305980397 0.0408535004 -0.0206277296
v -0.0030648699 0.0408151112 -0.0206619501
v -0.00252443505 0.0408535004 -0.0207000896
v -0.00198733807 0.0408535004 -0.0207585599
v -0.00199067499 0.0408151112 -0.0207930207
v -0.00144898798 0.0408535004 -0.0208030902
v -0.000909618975 0.0408535004 -0.0208336692
v -0.000911128998 0.0408151112 -0.0208682995
v 0.00286757899 0.0408151112 -0.0206903797
v 0.00340253091 0.0408151112 -0.0206091404
v 0.0034074781 0.0407735705 -0.0206390601
v 0.00392878009 0.0408535004 -0.0204800908
v 0.00445795013 0.0408535004 -0.02037137
v 0.0044653411 0.0408151112 -0.0204052292
v 0.00498413993 0.0408535004 -0.0202490594
v 0.00550705101 0.0408535004 -0.0201131105
v 0.00551617099 0.0408151112 -0.0201465394
v 0.00705206301 0.0408535004 -0.0196248796
v 0.00755810691 0.0408535004 -0.0194356404
v 0.00757062389 0.0408151112 -0.0194679406
v 0.00805902388 0.0408535004 -0.0192333404
v 0.00855451822 0.0408535004 -0.0190180503
v 0.00856870413 0.0408151112 -0.0190496407
v 0.0100052897 0.0408535004 -0.0182964206
v 0.0104759298 0.0408535004 -0.0180311203
v 0.0104933297 0.0408151112 -0.01806104
v 0.0109395301 0.0408535004 -0.0177537203
v 0.0113957496 0.0408535004 -0.01746439
v 0.0114147002 0.0408151112 -0.0174934193
v 0.0135561796 0.0408535004 -0.0158460103
v 0.0139621403 0.0408535004 -0.0154895103
v 0.0139853302 0.0408151112 -0.0155152604
v 0.01435869 0.0408535004 -0.0151227098
v 0.0147456499 0.0408535004 -0.0147456499
v 0.01476961 0.0408144481 -0.01476961
v -0.0124534303 0.0407296382 0.0168394409
v -0.0124751898 0.040637549 0.0168688204
v -0.0124816801 0.0405909382 0.0168776494
v -0.0124657704 0.0406840406 0.0168561302
v -0.0205425601 0.0405449197 0.00434887409
v -0.0206483603 0.0405449197 0.00381529308
v -0.0124381697 0.0407735705 0.0168188196
v -0.0123995496 0.0408535004 0.0167666003
v -0.0208882 0.0405449197 -0.00214362098
v -0.0209618807 0.0405909382 0.001115739
v -0.0209259298 0.0405909382 0.00165838003
v -0.0209150296 0.040637549 0.00165748503
v -0.01900631 0.0405449197 -0.00892591383
v -0.0170847103 0.0405449197 -0.0122074997
v -0.0208534002 0.0408535004 2.84326998e-05
v -0.0208471995 0.0408535004 -0.000511772989
v -0.0208818298 0.0408151112 -0.000512622006
v -0.0208269898 0.0408535004 -0.00105160405
v -0.0207927804 0.0408535004 -0.00159078802
v -0.0208272897 0.0408151112 -0.00159341004
v -0.0206063893 0.0408535004 -0.00320035196
v -0.0205165707 0.0408535004 -0.00373309804
v -0.0205505993 0.0408151112 -0.00373929692
v -0.0204129796 0.0408535004 -0.00426328089
v -0.0202957299 0.0408535004 -0.00479066279
v -0.0203294102 0.0408151112 -0.00479864981
v -0.0181604605 0.0408151112 -0.01032048
v -0.0178869292 0.0408151112 -0.01078742
v -0.0179129206 0.0407735705 -0.0108030997
v -0.0175723396 0.0408535004 -0.0112284999
v -0.01727557 0.0408535004 -0.0116799399
v -0.0173042398 0.0408151112 -0.0116993096
v -0.0163165908 0.0408535004 -0.0129860602
v -0.0159747005 0.0408535004 -0.01340436
v -0.0160012208 0.0408151112 -0.0134266596
v -0.0122711603 0.0409806892 0.0165929701
v -0.0123258801 0.0409440883 0.0166669991
v -0.01235204 0.0409184583 0.0167023502
v -0.01229876 0.0409648418 0.0166303497
v -0.0122160297 0.0409979783 0.0165184699
v -0.0122434404 0.0409916006 0.0165554807
v -0.0172820594 0.0409979783 0.01110953
v -0.0169884507 0.0409979783 0.0115534598
v -0.0202928092 0.0409979783 0.00320833898
v -0.0202028695 0.0409979783 0.00373297906
v -0.0198663995 0.0409979783 -0.0052361479
v -0.0199953299 0.0409979783 -0.00471979287
v -0.0157382991 0.0409979783 -0.0132060004
v -0.0160750691 0.0409979783 -0.0127938297
v -0.0167160593 0.0409979783 -0.0119441096
v -0.0164011102 0.0409979783 -0.0123731401
v -0.0170198604 0.0409979783 -0.0115070902
v -0.0173122194 0.0409979783 -0.0110623203
v -0.0175930206 0.0409979783 -0.0106101604
v -0.0178620201 0.0409979783 -0.0101509001
v -0.0185962301 0.0409979783 -0.00873333216
v -0.0188161694 0.0409979783 -0.00824868586
v -0.0183637701 0.0409979783 -0.00921213627
v -0.0193998795 0.0409979783 -0.00676286221
v -0.0195685606 0.0409979783 -0.00625807
v -0.0192181394 0.0409979783 -0.00726312306
v -0.0190235302 0.0409979783 -0.00775849819
v -0.0181189701 0.0409979783 -0.0096848011
v -0.0197241306 0.0409979783 -0.00574904587
v -0.0202129409 0.0409979783 -0.003677845
v -0.0203013998 0.0409979783 -0.0031530261
v -0.0203763209 0.0409979783 -0.00262606097
v -0.0204375293 0.0409979783 -0.00209736801
v -0.0201108996 0.0409979783 -0.00420022011
v -0.0205386803 0.0409979783 -0.000504199008
v -0.0205448195 0.0409979783 2.80119002e-05
v -0.0205187201 0.0409979783 -0.001036047
v -0.0204317495 0.0409979783 0.00215309788
v -0.0204806309 0.0409979783 0.00162309397
v -0.0205157902 0.0409979783 0.001092016
v -0.0205371305 0.0409979783 0.000560203975
v -0.0204850398 0.0409979783 -0.00156724395
v -0.0203691106 0.0409979783 0.00268161204
v -0.0199823901 0.0409979783 0.00477427198
v -0.0198519807 0.0409979783 0.00529032899
v -0.0197083298 0.0409979783 0.00580281019
v -0.0195514504 0.0409979783 0.00631135702
v -0.02009934 0.0409979783 0.00425505592
v -0.0190023091 0.0409979783 0.00781035423
v -0.0187935792 0.0409979783 0.00829994585
v -0.0191982891 0.0409979783 0.00731551601
v -0.0185722709 0.0409979783 0.00878399611
v -0.0183384996 0.0409979783 0.00926220417
v -0.0178342406 0.0409979783 0.0101995403
v -0.0180924498 0.0409979783 0.00973415282
v -0.0193814002 0.0409979783 0.00681573106
v -0.0175640509 0.0409979783 0.0106581403
v -0.0163672492 0.0409979783 0.0124177895
v -0.0160400793 0.0409979783 0.0128375804
v -0.0157021806 0.0409979783 0.0132488599
v -0.01668345 0.0409979783 0.0119896503
v -0.01424741 0.0409979783 0.0148020303
v -0.0138592096 0.0409979783 0.0151661001
v -0.0146261398 0.0409979783 0.0144280102
v -0.0149949696 0.0409979783 0.0140443398
v -0.0134616997 0.0409979783 0.0155200297
v -0.0130551402 0.0409979783 0.0158635303
v -0.0126398196 0.0409979783 0.0161964204
v -0.0153537299 0.0409979783 0.0136511903
v -0.0166474506 0.0408535004 -0.0125589902
v -0.0163436495 0.0408151112 -0.0130076399
v -0.0169671699 0.0408535004 -0.0121235196
v -0.0169953704 0.0408151112 -0.0121436696
v -0.0178573094 0.0408535004 -0.0107695404
v -0.0181303602 0.0408535004 -0.0103033697
v -0.0183911901 0.0408535004 -0.00983029604
v -0.0186396204 0.0408535004 -0.00935053825
v -0.0184217002 0.0408151112 -0.00984656811
v -0.0181868002 0.0407735705 -0.0103354398
v -0.0179349091 0.0407296382 -0.0108163301
v -0.01887553 0.0408535004 -0.00886452105
v -0.0186705496 0.0408151112 -0.00936609507
v -0.0184484702 0.0407735705 -0.00986087322
v -0.0182090905 0.0407296382 -0.0103481403
v -0.0179526806 0.0406840406 -0.0108270599
v -0.0190988109 0.0408535004 -0.00837260392
v -0.0189068895 0.0408151112 -0.00887924433
v -0.0186976697 0.0407735705 -0.00937968399
v -0.0184710603 0.0407296382 -0.00987297203
v -0.0182271507 0.0406840406 -0.0103583904
v -0.0179662108 0.040637549 -0.0108352304
v -0.0201648399 0.0408535004 -0.00531482603
v -0.0201983396 0.0408151112 -0.00532364799
v -0.0206823908 0.0408535004 -0.00266551902
v -0.0206406098 0.0408151112 -0.00320565701
v -0.0204468891 0.0408151112 -0.00427037384
v -0.0207445603 0.0408535004 -0.00212883903
v -0.0207790099 0.0408151112 -0.00213235593
v -0.0208615605 0.0408151112 -0.00105333305
v -0.0206751209 0.0408535004 0.00272190501
v -0.0207386594 0.0408535004 0.00218540407
v -0.0207731109 0.0408151112 0.00218903995
v -0.0208992902 0.0406840406 0.00165623403
v -0.0208287798 0.0407296382 0.00219488097
v -0.0208786093 0.0407296382 0.00165462401
v -0.0208032709 0.0407735705 0.002192199
v -0.0208530407 0.0407735705 0.00165259803
v -0.0208228193 0.0408151112 0.00165021396
v -0.0207883101 0.0408535004 0.00164747203
v -0.0167627893 0.0405449197 -0.0126459496
v -0.0170795303 0.0405909382 -0.0122038098
v -0.0167577192 0.0405909382 -0.0126422001
v -0.0170706492 0.040637549 -0.0121974302
v -0.0167489592 0.040637549 -0.0126355803
v -0.0170577709 0.0406840406 -0.0121882502
v -0.0167363193 0.0406840406 -0.01262605
v -0.0170409009 0.0407296382 -0.0121762101
v -0.0167198107 0.0407296382 -0.0126135303
v -0.0170200393 0.0407735705 -0.0121613098
v -0.0166993104 0.0407735705 -0.0125980899
v -0.0166751109 0.0408151112 -0.0125798499
v -0.0193092804 0.0408535004 -0.00787502527
v -0.0191305205 0.0408151112 -0.0083864918
v -0.0189343598 0.0407735705 -0.0088921776
v -0.0187206194 0.0407296382 -0.00939118769
v -0.0184893608 0.0406840406 -0.00988274813
v -0.0182408597 0.040637549 -0.0103661995
v -0.0179755595 0.0405909382 -0.01084089
v -0.0198113304 0.040637549 -0.00690627005
v -0.0199836399 0.040637549 -0.00639081001
v -0.01996856 0.0406840406 -0.00638598204
v -0.0199940801 0.0405909382 -0.0063940878
v -0.0198216997 0.0405909382 -0.00690990593
v -0.0196360294 0.0405909382 -0.00742101623
v -0.0176939908 0.0405449197 -0.0113062803
v -0.0176886898 0.0405909382 -0.01130288
v -0.0176794492 0.040637549 -0.0112969801
v -0.0176661592 0.0406840406 -0.0112884603
v -0.0176486298 0.0407296382 -0.01127725
v -0.0176270604 0.0407735705 -0.0112634804
v -0.01760149 0.0408151112 -0.0112471497
v -0.0160244703 0.0407735705 -0.0134461503
v -0.0163673703 0.0407735705 -0.0130264703
v -0.0160441305 0.0407296382 -0.0134626003
v -0.0163874608 0.0407296382 -0.0130424397
v -0.0160599891 0.0406840406 -0.0134759499
v -0.0164036695 0.0406840406 -0.0130553804
v -0.0160721503 0.040637549 -0.0134860799
v -0.0164160691 0.040637549 -0.0130652096
v -0.0160804894 0.0405909382 -0.0134931197
v -0.0164246503 0.0405909382 -0.0130720697
v -0.0160853807 0.0405449197 -0.0134972297
v -0.0164295994 0.0405449197 -0.0130759999
v -0.0173293296 0.0407735705 -0.0117162997
v -0.0173506103 0.0407296382 -0.01173067
v -0.0173677802 0.0406840406 -0.0117422901
v -0.0173808895 0.040637549 -0.0117511097
v -0.0173899494 0.0405909382 -0.0117572499
v -0.0173951909 0.0405449197 -0.0117608299
v -0.0182558801 0.0405449197 -0.0103747202
v -0.0179809891 0.0405449197 -0.0108441096
v -0.0182504002 0.0405909382 -0.0103716198
v -0.0185033008 0.040637549 -0.00989019778
v -0.0187391602 0.0406840406 -0.00940048601
v -0.0189575497 0.0407296382 -0.00890308619
v -0.0191583 0.0407735705 -0.00839865208
v -0.0193413403 0.0408151112 -0.00788813829
v -0.0195068102 0.0408535004 -0.00737220002
v -0.0185129605 0.0405909382 -0.00989538431
v -0.0187532902 0.040637549 -0.00940757897
v -0.0189763308 0.0406840406 -0.00891190674
v -0.0191817805 0.0407296382 -0.00840896275
v -0.0193694197 0.0407735705 -0.00789958239
v -0.0195392296 0.0408151112 -0.00738441898
v -0.0196912792 0.0408535004 -0.00686442805
v -0.0185185596 0.0405449197 -0.00989836361
v -0.0187687203 0.0405449197 -0.00941532757
v -0.0187630598 0.0405909382 -0.00941246655
v -0.0190005302 0.0405909382 -0.00892323162
v -0.0189906303 0.040637549 -0.00891858339
v -0.0192152802 0.040637549 -0.00842362642
v -0.0192008 0.0406840406 -0.00841730833
v -0.0194123909 0.0406840406 -0.00791710615
v -0.0193931405 0.0407296382 -0.00790923834
v -0.0195915606 0.0407296382 -0.00740420818
v -0.0195675399 0.0407735705 -0.00739514781
v -0.0197526198 0.0407735705 -0.00688582612
v -0.01972395 0.0408151112 -0.00687581301
v -0.0198954903 0.0408151112 -0.00636261702
v -0.0198625308 0.0408535004 -0.00635206606
v -0.0200204197 0.0408535004 -0.005835413
v -0.0200001001 0.0405449197 -0.00639605522
v -0.0198276602 0.0405449197 -0.00691199303
v -0.0196419302 0.0405449197 -0.0074232812
v -0.0194430295 0.0405449197 -0.00792956259
v -0.0192310791 0.0405449197 -0.00843060017
v -0.01922529 0.0405909382 -0.00842803717
v -0.0194371901 0.0405909382 -0.00792717934
v -0.0194269996 0.040637549 -0.00792306568
v -0.0196257792 0.040637549 -0.00741714193
v -0.0196109992 0.0406840406 -0.00741159916
v -0.0197964292 0.0406840406 -0.00690108491
v -0.0197768193 0.0407296382 -0.00689422991
v -0.0199488401 0.0407296382 -0.00637966301
v -0.0199244004 0.0407735705 -0.0063718548
v -0.0208256803 0.0405449197 -0.00268393708
v -0.0208819509 0.0405909382 -0.0021429651
v -0.0208193604 0.0405909382 -0.00268316199
v -0.0208710395 0.040637549 -0.00214183307
v -0.0208085105 0.040637549 -0.00268173194
v -0.0208553001 0.0406840406 -0.00214022305
v -0.02079284 0.0406840406 -0.00267970492
v -0.0208346806 0.0407296382 -0.00213807798
v -0.0207722709 0.0407296382 -0.00267708302
v -0.0208091699 0.0407735705 -0.00213545491
v -0.0207468197 0.0407735705 -0.00267380406
v -0.0207167193 0.0408151112 -0.00266992999
v -0.0209836904 0.0405909382 0.000572384975
v -0.0209509097 0.040637549 0.00111514295
v -0.0209727809 0.040637549 0.000572086021
v -0.0209351107 0.0406840406 0.00111430802
v -0.0209569894 0.0406840406 0.000571654993
v -0.0209144298 0.0407296382 0.00111323502
v -0.0209362507 0.0407296382 0.000571088982
v -0.0208887998 0.0407735705 0.00111186504
v -0.0209106207 0.0407735705 0.000570390024
v -0.0208585206 0.0408151112 0.00111025502
v -0.0208802801 0.0408151112 0.00056956301
v -0.0208239499 0.0408535004 0.00110840704
v -0.0208456498 0.0408535004 0.000568618998
v -0.0203044992 0.0405449197 -0.00535160303
v -0.0201590601 0.0405449197 -0.00587582495
v -0.0202984195 0.0405909382 -0.00534999277
v -0.0201529805 0.0405909382 -0.00587403681
v -0.0202878099 0.040637549 -0.00534725096
v -0.02014249 0.040637549 -0.00587099697
v -0.0202724896 0.0406840406 -0.00534319784
v -0.0201272909 0.0406840406 -0.00586652709
v -0.0202524606 0.0407296382 -0.00533789303
v -0.0201073792 0.0407296382 -0.00586074498
v -0.0202276707 0.0407735705 -0.00533139706
v -0.0200827699 0.0407735705 -0.00585359288
v -0.0200536791 0.0408151112 -0.00584506895
v -0.0203589201 0.0407735705 -0.00480556395
v -0.0204765704 0.0407735705 -0.00427657319
v -0.0203838907 0.0407296382 -0.00481146481
v -0.0205016695 0.0407296382 -0.00428181794
v -0.0204041004 0.0406840406 -0.00481623411
v -0.0205219891 0.0406840406 -0.00428604987
v -0.0204194691 0.040637549 -0.00481986906
v -0.0205374304 0.040637549 -0.00428932905
v -0.0204301402 0.0405909382 -0.00482237292
v -0.0205481593 0.0405909382 -0.00429153396
v -0.0204362795 0.0405449197 -0.00482386304
v -0.02055436 0.0405449197 -0.00429284479
v -0.02065867 0.0405449197 -0.00375896599
v -0.0205804706 0.0407735705 -0.00374472095
v -0.0206705909 0.0407735705 -0.00321036507
v -0.0206056796 0.0407296382 -0.00374931004
v -0.0206959192 0.0407296382 -0.00321429898
v -0.0206261203 0.0406840406 -0.00375300599
v -0.0207164194 0.0406840406 -0.00321745803
v -0.0206416808 0.040637549 -0.00375586702
v -0.0207320396 0.040637549 -0.00321990205
v -0.0206524096 0.0405909382 -0.00375783397
v -0.0207428299 0.0405909382 -0.00322157098
v -0.0207490902 0.0405449197 -0.00322252489
v -0.0208575092 0.0407735705 -0.00159573497
v -0.0208918396 0.0407735705 -0.001054883
v -0.0208830796 0.0407296382 -0.00159770204
v -0.0209174696 0.0407296382 -0.00105619396
v -0.0209037606 0.0406840406 -0.00159925199
v -0.0209381506 0.0406840406 -0.001057207
v -0.0209195595 0.040637549 -0.00160044397
v -0.0209539495 0.040637549 -0.00105804205
v -0.0209304597 0.0405909382 -0.00160127797
v -0.0209649205 0.0405909382 -0.00105857803
v -0.0209367797 0.0405449197 -0.00160175504
v -0.0209712293 0.0405449197 -0.00105887605
v -0.0209322497 0.0405449197 0.00165885605
v -0.0209681895 0.0405449197 0.00111609604
v -0.02099007 0.0405449197 0.000572556979
v -0.0209978204 0.0405449197 2.86295999e-05
v -0.0209915005 0.0405909382 2.86209997e-05
v -0.0209805891 0.040637549 2.86060003e-05
v -0.0209647398 0.0406840406 2.85844999e-05
v -0.02094399 0.0407296382 2.85562e-05
v -0.02091836 0.0407735705 2.85212009e-05
v -0.0208880305 0.0408151112 2.84799007e-05
v -0.0209121108 0.0407735705 -0.000513367006
v -0.0209377408 0.0407296382 -0.000513995998
v -0.0209584795 0.0406840406 -0.000514505024
v -0.0209742691 0.040637549 -0.000514892978
v -0.0209852401 0.0405909382 -0.000515162013
v -0.0209915601 0.0405449197 -0.00051531702
v -0.0208493993 0.0406840406 0.00219708611
v -0.0208651405 0.040637549 0.00219875504
v -0.0208759904 0.0405909382 0.002199888
v -0.0208822992 0.0405449197 0.00220054295
v -0.0207094494 0.0408151112 0.00272643496
v -0.0205976292 0.0408535004 0.00325655891
v -0.0206318405 0.0408151112 0.00326198293
v -0.0205063205 0.0408535004 0.00378900697
v -0.0205404107 0.0408151112 0.00379532506
v -0.0204012897 0.0408535004 0.00431895209
v -0.0204351507 0.0408151112 0.00432610512
v -0.0202825591 0.0408535004 0.0048459759
v -0.0203162394 0.0408151112 0.00485402299
v -0.0201502405 0.0408535004 0.00536978198
v -0.0201836806 0.0408151112 0.00537866307
v -0.0200043898 0.0408535004 0.00588995218
v -0.0200375896 0.0408151112 0.00589972688
v -0.0198451206 0.0408535004 0.00640618801
v -0.0198780801 0.0408151112 0.00641685678
v -0.0196725093 0.0408535004 0.00691813184
v -0.0197051708 0.0408151112 0.006929636
v -0.0194867197 0.0408535004 0.00742542697
v -0.0195190907 0.0408151112 0.00743770506
v -0.0192877594 0.0408535004 0.00792771485
v -0.0193198305 0.0408151112 0.00794082787
v -0.0190759301 0.0408535004 0.00842463877
v -0.0191075802 0.0408151112 0.00843864586
v -0.0188512802 0.0408535004 0.00891595986
v -0.0188825708 0.0408151112 0.00893080235
v -0.0186139904 0.0408535004 0.00940132141
v -0.0186449196 0.0408151112 0.0094169369
v -0.0183642507 0.0408535004 0.00988036301
v -0.0183946993 0.0408151112 0.00989675522
v -0.0181021597 0.0408535004 0.0103527904
v -0.0181322005 0.0408151112 0.01036995
v -0.0178279206 0.0408535004 0.0108182402
v -0.0178575497 0.0408151112 0.0108361803
v -0.0175416991 0.0408535004 0.0112764202
v -0.0175707899 0.0408151112 0.0112951295
v -0.0172436796 0.0408535004 0.0117270304
v -0.0172722898 0.0408151112 0.0117464596
v -0.0169340894 0.0408535004 0.01216977
v -0.0169621706 0.0408151112 0.0121899797
v -0.0166131202 0.0408535004 0.0126043502
v -0.0166407209 0.0408151112 0.0126252696
v -0.0162810609 0.0408535004 0.0130304601
v -0.0163080599 0.0408151112 0.0130521003
v -0.0159380399 0.0408535004 0.0134478798
v -0.0159645006 0.0408151112 0.0134701701
v -0.0155843999 0.0408535004 0.0138562303
v -0.0156102702 0.0408151112 0.0138792302
v -0.0152202202 0.0408535004 0.0142552797
v -0.0152454898 0.0408151112 0.0142789399
v -0.0148458397 0.0408535004 0.0146447998
v -0.0148704601 0.0408151112 0.0146691203
v -0.0144614503 0.0408535004 0.0150244199
v -0.01448547 0.0408151112 0.01504933
v -0.0140674096 0.0408535004 0.0153939696
v -0.0140907699 0.0408151112 0.0154194804
v -0.0136638796 0.0408535004 0.0157532003
v -0.0136865899 0.0408151112 0.0157793108
v -0.0132512404 0.0408535004 0.0161018297
v -0.0132732298 0.0408151112 0.0161285903
v -0.01282972 0.0408535004 0.0164397303
v -0.0128509896 0.0408151112 0.0164670292
v -0.01242017 0.0408151112 0.0167944394
v -0.0128854504 0.0407296382 0.0165111404
v -0.0128696496 0.0407735705 0.0164909307
v -0.0133088203 0.0407296382 0.0161718093
v -0.0132924896 0.0407735705 0.0161520205
v -0.0137232495 0.0407296382 0.0158216301
v -0.0137064401 0.0407735705 0.0158022605
v -0.0141284997 0.0407296382 0.0154608404
v -0.0141112199 0.0407735705 0.0154418899
v -0.0145242801 0.0407296382 0.0150896898
v -0.0145065105 0.0407735705 0.0150712105
v -0.0149103403 0.0407296382 0.0147083905
v -0.0148921004 0.0407735705 0.0146903899
v -0.0152863199 0.0407296382 0.0143172098
v -0.0152676096 0.0407735705 0.0142996898
v -0.0156520605 0.0407296382 0.0139164301
v -0.01563292 0.0407735705 0.0138993803
v -0.0160073005 0.0407296382 0.0135062896
v -0.0159876905 0.0407735705 0.0134897204
v -0.0163517501 0.0407296382 0.0130870901
v -0.0163317304 0.0407735705 0.0130710602
v -0.0166852996 0.0407296382 0.0126590701
v -0.0166648608 0.0407735705 0.0126435701
v -0.0170076396 0.0407296382 0.0122226402
v -0.0169867799 0.0407735705 0.0122076198
v -0.0173185393 0.0407296382 0.01177793
v -0.0172973797 0.0407735705 0.0117635103
v -0.0176178794 0.0407296382 0.0113254096
v -0.0175963007 0.0407735705 0.0113115301
v -0.0179053508 0.0407296382 0.0108652096
v -0.0178834107 0.0407735705 0.0108519103
v -0.0181807801 0.0407296382 0.0103977304
v -0.0181585494 0.0407735705 0.0103850299
v -0.0184439998 0.0407296382 0.00992327929
v -0.0184214097 0.0407735705 0.00991111901
v -0.0186948702 0.0407296382 0.00944214966
v -0.0186719801 0.0407735705 0.00943058729
v -0.0189331695 0.0407296382 0.00895470288
v -0.0189099908 0.0407735705 0.00894373562
v -0.0191587806 0.0407296382 0.00846123602
v -0.0191353504 0.0407735705 0.00845086481
v -0.0193715598 0.0407296382 0.00796210673
v -0.0193478409 0.0407735705 0.0079523921
v -0.0195713602 0.0407296382 0.00745767308
v -0.0195473991 0.0407735705 0.00744855404
v -0.0197579805 0.0407296382 0.00694817305
v -0.0197337791 0.0407735705 0.00693964912
v -0.0199313108 0.0407296382 0.00643402291
v -0.0199069306 0.0407735705 0.0064261551
v -0.0200912897 0.0407296382 0.00591552211
v -0.0200666692 0.0407735705 0.00590830995
v -0.0202377401 0.0407296382 0.00539308693
v -0.0202129409 0.0407735705 0.00538647082
v -0.0203706603 0.0407296382 0.0048670168
v -0.0203456804 0.0407735705 0.00486105587
v -0.0204899292 0.0407296382 0.00433772802
v -0.0204648301 0.0407735705 0.00433242321
v -0.0205954295 0.0407296382 0.00380551792
v -0.0205702092 0.0407735705 0.00380080892
v -0.0206871592 0.0407296382 0.00327068497
v -0.0206618309 0.0407735705 0.00326669193
v -0.0207649395 0.0407296382 0.00273370696
v -0.0207394902 0.0407735705 0.0027303691
v -0.0207403302 0.0405449197 0.003279089
v -0.0208182894 0.0405449197 0.00274074008
v -0.0204229895 0.0405449197 0.00487953378
v -0.0202897694 0.0405449197 0.00540697481
v -0.0198087599 0.0405449197 0.00696605397
v -0.0196216702 0.0405449197 0.00747680617
v -0.0194213297 0.0405449197 0.00798261072
v -0.0187429097 0.0405449197 0.00946640875
v -0.0184914395 0.0405449197 0.00994879007
v -0.0182275102 0.0405449197 0.0104244901
v -0.0192080103 0.0405449197 0.00848299172
v -0.0189818107 0.0405449197 0.0089777112
v -0.0201429091 0.0405449197 0.0059307809
v -0.0199825708 0.0405449197 0.00645059301
v -0.0129079204 0.040637549 0.0165399909
v -0.0128982002 0.0406840406 0.0165275298
v -0.0133320596 0.040637549 0.01620006
v -0.0133219901 0.0406840406 0.0161878392
v -0.0137472097 0.040637549 0.0158492308
v -0.0137368403 0.0406840406 0.0158373099
v -0.0141531797 0.040637549 0.0154877901
v -0.0141425095 0.0406840406 0.0154761598
v -0.0145496698 0.040637549 0.0151160304
v -0.0145386998 0.0406840406 0.0151046496
v -0.0149363196 0.040637549 0.0147340801
v -0.0149251204 0.0406840406 0.0147229396
v -0.01531302 0.040637549 0.0143422401
v -0.01530152 0.0406840406 0.0143314004
v -0.0156794097 0.040637549 0.0139406901
v -0.0156676099 0.0406840406 0.0139301997
v -0.0160352495 0.040637549 0.0135298297
v -0.0160231497 0.0406840406 0.0135196401
v -0.0163803101 0.040637549 0.0131099196
v -0.01636797 0.0406840406 0.0131000197
v -0.0167143904 0.040637549 0.0126811797
v -0.0167018101 0.0406840406 0.0126716401
v -0.0170373302 0.040637549 0.01224392
v -0.01702445 0.0406840406 0.01223474
v -0.0173488203 0.040637549 0.0117985001
v -0.0173357092 0.0406840406 0.0117896097
v -0.0176486298 0.040637549 0.0113451397
v -0.0176353399 0.0406840406 0.01133662
v -0.0179366395 0.040637549 0.0108842198
v -0.0179231092 0.0406840406 0.0108759897
v -0.0182125494 0.040637549 0.0104159098
v -0.0181988403 0.0406840406 0.0104080401
v -0.0184761807 0.040637549 0.00994062424
v -0.0184623003 0.0406840406 0.00993311405
v -0.0187274795 0.040637549 0.00945866108
v -0.0187133495 0.0406840406 0.00945150759
v -0.0189661905 0.040637549 0.00897032022
v -0.0189519506 0.0406840406 0.00896358397
v -0.0191922095 0.040637549 0.00847601797
v -0.0191777907 0.0406840406 0.00846964121
v -0.0194053594 0.040637549 0.00797599461
v -0.01939076 0.0406840406 0.00797003508
v -0.0196055099 0.040637549 0.0074706669
v -0.0195907298 0.0406840406 0.00746506406
v -0.0197924897 0.040637549 0.00696033193
v -0.0197775904 0.0406840406 0.00695508718
v -0.0199661199 0.040637549 0.00644522905
v -0.0199510995 0.0406840406 0.00644040108
v -0.0201263409 0.040637549 0.00592589285
v -0.0201111995 0.0406840406 0.00592142297
v -0.0202730801 0.040637549 0.00540250493
v -0.0202578306 0.0406840406 0.00539845182
v -0.0204061791 0.040637549 0.0048755398
v -0.0203907993 0.0406840406 0.00487184478
v -0.0205256902 0.040637549 0.00434529688
v -0.0205101892 0.0406840406 0.00434201909
v -0.0206313692 0.040637549 0.00381213403
v -0.0206158105 0.0406840406 0.00380927301
v -0.02072322 0.040637549 0.00327640702
v -0.0207075998 0.0406840406 0.003273963
v -0.0208011791 0.040637549 0.0027384751
v -0.0207855105 0.0406840406 0.00273644901
v -0.0163937807 0.0405449197 0.0131207099
v -0.0160484295 0.0405449197 0.0135409804
v -0.0156922899 0.0405449197 0.0139521901
v -0.0173630696 0.0405449197 0.0118082101
v -0.0170513298 0.0405449197 0.01225405
v -0.0167281609 0.0405449197 0.0126916096
v -0.0137585402 0.0405449197 0.0158622805
v -0.0133430297 0.0405449197 0.01621335
v -0.0129185896 0.0405449197 0.0165535808
v -0.0145616503 0.0405449197 0.01512843
v -0.0141647998 0.0405449197 0.0155005399
v -0.0129146501 0.0405909382 0.0165486299
v -0.0133389803 0.0405909382 0.0162084606
v -0.0137543604 0.0405909382 0.0158575103
v -0.0141605698 0.0405909382 0.0154958898
v -0.0145572396 0.0405909382 0.0151239
v -0.0149486596 0.0405449197 0.0147461798
v -0.0149441296 0.0405909382 0.01474177
v -0.0153256599 0.0405449197 0.0143540502
v -0.0153210098 0.0405909382 0.0143496897
v -0.0156875793 0.0405909382 0.0139480196
v -0.0160435997 0.0405909382 0.0135369301
v -0.0163888894 0.0405909382 0.0131167704
v -0.0167231504 0.0405909382 0.0126878005
v -0.0170462094 0.0405909382 0.0122503601
v -0.0173578802 0.0405909382 0.0118046897
v -0.0176631808 0.0405449197 0.0113545004
v -0.0176578704 0.0405909382 0.0113511002
v -0.01795136 0.0405449197 0.0108931595
v -0.0179459993 0.0405909382 0.0108898804
v -0.0182220303 0.0405909382 0.0104213301
v -0.0184858404 0.0405909382 0.00994580891
v -0.0187372491 0.0405909382 0.00946354773
v -0.0189760905 0.0405909382 0.00897502806
v -0.0192022305 0.0405909382 0.00848042872
v -0.0194154903 0.0405909382 0.00798016693
v -0.0196157601 0.0405909382 0.0074746008
v -0.0198027994 0.0405909382 0.00696396781
v -0.0199765507 0.0405909382 0.00644862605
v -0.0201368295 0.0405909382 0.00592899323
v -0.0202836301 0.0405909382 0.00540536596
v -0.0204168502 0.0405909382 0.0048781028
v -0.0205363594 0.0405909382 0.00434756186
v -0.0206421595 0.0405909382 0.00381410099
v -0.0207340699 0.0405909382 0.00327813602
v -0.0208120309 0.0405909382 0.00273990608
v 0.0143825402 0.0408151112 -0.0151477996
v 0.0109577104 0.0408151112 -0.0177832209
v 0.00904428866 0.0408535004 -0.0187900607
v 0.00905930903 0.0408151112 -0.0188212302
v 0.00952798128 0.0408535004 -0.0185494404
v 0.0100219203 0.0408151112 -0.0183268096
v 0.0118443295 0.0408535004 -0.0171633307
v 0.011864 0.0408151112 -0.0171918198
v 0.0147789698 0.0407991409 -0.0147789698
v 0.0144034596 0.0407735705 -0.01516979
v 0.00807237625 0.0408151112 -0.0192652307
v 0.00654131081 0.0408535004 -0.0198009592
v 0.00706380606 0.0408151112 -0.0196574908
v 0.00499242498 0.0408151112 -0.0202826802
v 0.00602620794 0.0408535004 -0.0199637394
v 0.00603622105 0.0408151112 -0.0199968796
v 0.00339692808 0.0408535004 -0.0205749795
v 0.00286281109 0.0408535004 -0.0206560399
v 0.00232672598 0.0408535004 -0.0207232796
v 0.00178915204 0.0408535004 -0.0207765605
v 0.00233060098 0.0408151112 -0.0207576696
v 0.00287169195 0.0407735705 -0.0207204204
v 0.00341164996 0.0407296382 -0.0206643902
v -0.000369632005 0.0408535004 -0.0208502393
v -0.00037024499 0.0408151112 -0.0208848696
v 0.0147908302 0.0407729112 -0.0147908302
v 0.0148063796 0.0407385789 -0.0148063796
v 0.0144210998 0.0407296382 -0.0151883904
v 0.0123505499 0.0406840406 -0.0169407092
v 0.0118957702 0.0407296382 -0.0172378998
v 0.0123382797 0.0407296382 -0.0169239603
v 0.0118812304 0.0407735705 -0.0172167998
v 0.0123231998 0.0407735705 -0.0169032197
v 0.01230531 0.0408151112 -0.0168787204
v 0.0122849299 0.0408535004 -0.0168507006
v 0.00125032605 0.0408535004 -0.0208158996
v 0.00179213204 0.0408151112 -0.0208110195
v 0.00233399798 0.0407735705 -0.0207877699
v 0.00287520792 0.0407296382 -0.0207458101
v 0.00341504789 0.0406840406 -0.0206848308
v 0.00071072299 0.0408535004 -0.0208413005
v 0.00125241198 0.0408151112 -0.0208504703
v 0.00179469504 0.0407735705 -0.0208412409
v 0.002336859 0.0407296382 -0.0208132807
v 0.00287806895 0.0406840406 -0.02076637
v 0.00341761089 0.040637549 -0.0207004491
v -0.00145137298 0.0408151112 -0.0208376609
v -0.00359910703 0.0408151112 -0.0205756407
v -0.00252860691 0.0408151112 -0.02073442
v -0.00570821716 0.0408151112 -0.0200930201
v -0.00775605394 0.0408151112 -0.0193946902
v -0.00674116611 0.0408151112 -0.0197703801
v -0.0046599498 0.0408151112 -0.0203617197
v -0.00922328234 0.0408535004 -0.0187029801
v -0.00875020027 0.0408151112 -0.0189670306
v -0.00970464945 0.0408535004 -0.0184577703
v -0.00972074177 0.0408151112 -0.0184883997
v -0.0115810595 0.0408151112 -0.0173835699
v -0.0106652305 0.0408151112 -0.0179600697
v -0.0133172199 0.0408151112 -0.0160924103
v -0.0149103897 0.0408151112 -0.0146284103
v -0.0141327297 0.0408151112 -0.0153810298
v -0.0124658896 0.0408151112 -0.0167605206
v -0.0156480595 0.0408151112 -0.0138366204
v 0.0148093104 0.0407293402 -0.0148093104
v 0.0148239098 0.0406837389 -0.0148239098
v 0.0144354096 0.0406840406 -0.0152034098
v 0.0148273697 0.0406730101 -0.0148273697
v 0.0144462502 0.040637549 -0.0152148604
v 0.0132281696 0.0405909382 -0.0162990596
v 0.0127948504 0.040637549 -0.0166276004
v 0.0132212602 0.040637549 -0.0162905399
v 0.0127851898 0.0406840406 -0.0166150294
v 0.0132112997 0.0406840406 -0.0162782595
v 0.0127725601 0.0407296382 -0.01659864
v 0.01319825 0.0407296382 -0.0162621699
v 0.0127568804 0.0407735705 -0.0165783092
v 0.0131820403 0.0407735705 -0.0162422601
v 0.0127384001 0.0408151112 -0.0165542308
v 0.0131629696 0.0408151112 -0.01621872
v 0.0127173001 0.0408535004 -0.0165268108
v 0.0131411497 0.0408535004 -0.0161918402
v 0.0148347002 0.0406371914 -0.0148347002
v 0.0148414904 0.0406039283 -0.0148414904
v 0.01445382 0.0405909382 -0.01522284
v 0.000170603002 0.0408535004 -0.0208528005
v 0.000711902976 0.0408151112 -0.0208759308
v 0.00125425996 0.0407735705 -0.0208807494
v 0.00179690099 0.0407296382 -0.0208668094
v 0.00233918405 0.0406840406 -0.0208339002
v 0.00288027502 0.040637549 -0.0207819901
v 0.00341939903 0.0405909382 -0.0207112394
v 0.00658661081 0.0405449197 -0.0199381094
v 0.00606608298 0.0405909382 -0.0200959407
v 0.00658464385 0.0405909382 -0.0199320894
v 0.00606292393 0.040637549 -0.0200854503
v 0.00658124592 0.040637549 -0.0199216604
v 0.00605839398 0.0406840406 -0.0200703107
v 0.00657624006 0.0406840406 -0.0199066903
v 0.00605237391 0.0407296382 -0.0200504605
v 0.00656974316 0.0407296382 -0.0198869705
v 0.00604498293 0.0407735705 -0.0200258996
v 0.00656169606 0.0407735705 -0.01986265
v 0.00655221893 0.0408151112 -0.0198338609
v 0.0123699903 0.0405449197 -0.0169674102
v 0.0128054004 0.0405449197 -0.0166412499
v 0.0132321697 0.0405449197 -0.0163039509
v 0.0136500504 0.0405449197 -0.0159557406
v 0.0136459405 0.0405909382 -0.0159509107
v 0.0136388503 0.040637549 -0.0159426294
v 0.0136285396 0.0406840406 -0.0159305893
v 0.0136150699 0.0407296382 -0.0159148499
v 0.0135983797 0.0407735705 -0.0158953592
v 0.0135787101 0.0408151112 -0.0158722904
v 0.0114312703 0.0407735705 -0.0175188109
v 0.0109735699 0.0407735705 -0.0178090297
v 0.0114452802 0.0407296382 -0.0175402705
v 0.0109870397 0.0407296382 -0.0178308394
v 0.0114566004 0.0406840406 -0.0175576806
v 0.0109979501 0.0406840406 -0.0178485494
v 0.0114652496 0.040637549 -0.0175709091
v 0.0110062296 0.040637549 -0.0178619605
v 0.01147121 0.0405909382 -0.0175800901
v 0.0110119497 0.0405909382 -0.0178713202
v 0.0114746597 0.0405449197 -0.0175853893
v 0.0110152904 0.0405449197 -0.0178766791
v 0.0105085298 0.0407735705 -0.0180872604
v 0.0100364601 0.0407735705 -0.0183534008
v 0.0105214696 0.0407296382 -0.0181094408
v 0.0100488001 0.0407296382 -0.0183759294
v 0.0105318399 0.0406840406 -0.0181273799
v 0.0100587597 0.0406840406 -0.0183941107
v 0.0105398204 0.040637549 -0.0181410909
v 0.0100663304 0.040637549 -0.0184080005
v 0.0105453096 0.0405909382 -0.0181505606
v 0.0100715701 0.0405909382 -0.0184175894
v 0.0105484696 0.0405449197 -0.0181559902
v 0.0100746099 0.0405449197 -0.01842314
v 0.00910693407 0.0405449197 -0.0189201795
v 0.00959396269 0.0405449197 -0.0186779406
v 0.00910419226 0.0405909382 -0.0189145207
v 0.00959110167 0.0405909382 -0.01867228
v 0.00909942295 0.040637549 -0.0189046208
v 0.00958609488 0.040637549 -0.01866257
v 0.00909256935 0.0406840406 -0.0188903809
v 0.00957888272 0.0406840406 -0.0186484996
v 0.00908356905 0.0407296382 -0.0188716594
v 0.00956940558 0.0407296382 -0.0186300203
v 0.00907248165 0.0407735705 -0.0188485906
v 0.00955766439 0.0407735705 -0.0186071899
v 0.00954383612 0.0408151112 -0.0185802504
v 0.00858116057 0.0407735705 -0.0190772992
v 0.00808411837 0.0407735705 -0.0192932393
v 0.00859171059 0.0407296382 -0.0191006605
v 0.00809401181 0.0407296382 -0.0193168502
v 0.00860017538 0.0406840406 -0.0191196203
v 0.00810205936 0.0406840406 -0.0193360392
v 0.00860667229 0.040637549 -0.0191340409
v 0.00810813904 0.040637549 -0.0193505809
v 0.00861120224 0.0405909382 -0.0191439893
v 0.00811237004 0.0405909382 -0.0193607192
v 0.00861376524 0.0405449197 -0.0191497803
v 0.00811481383 0.0405449197 -0.0193665009
v 0.0148427403 0.040590819 -0.0148427403
v 0.0148472702 0.0405448005 -0.0148472702
v 0.0144581702 0.0405449197 -0.0152274296
v 0.0148484698 0.0405326411 -0.0148484698
v 0.0140055995 0.0407735705 -0.01553779
v 0.0140227601 0.0407296382 -0.0155568104
v 0.0140366498 0.0406840406 -0.0155722396
v 0.0140472604 0.040637549 -0.0155839901
v 0.0140545899 0.0405909382 -0.0155920899
v 0.01405882 0.0405449197 -0.0155967996
v 0.0119075701 0.0406840406 -0.0172550008
v 0.0119165098 0.040637549 -0.0172680002
v 0.0119227702 0.0405909382 -0.0172770005
v 0.0119263502 0.0405449197 -0.0172821805
v 0.00552415801 0.0407735705 -0.0201757494
v 0.00499969721 0.0407735705 -0.0203121305
v 0.00553095294 0.0407296382 -0.0202004891
v 0.00500583602 0.0407296382 -0.02033698
v 0.00553643703 0.0406840406 -0.0202205107
v 0.00501078321 0.0406840406 -0.0203571301
v 0.00554060889 0.040637549 -0.0202357695
v 0.00501453783 0.040637549 -0.0203725006
v 0.00554346992 0.0405909382 -0.0202463195
v 0.0050171609 0.0405909382 -0.0203831103
v 0.00554513885 0.0405449197 -0.0202523991
v 0.00501865102 0.0405449197 -0.0203892495
v 0.00234287907 0.0405449197 -0.0208667498
v 0.0028825989 0.0405449197 -0.0207991004
v 0.00342047191 0.0405449197 -0.0207174998
v 0.000170886007 0.0408151112 -0.0208873693
v 0.000171134001 0.0407735705 -0.0209177099
v -0.000370783004 0.0407735705 -0.0209151506
v 0.000171344 0.0407296382 -0.0209433399
v -0.000371236994 0.0407296382 -0.0209407806
v 0.000171513995 0.0406840406 -0.0209640805
v -0.000371605012 0.0406840406 -0.0209615808
v 0.000171642998 0.040637549 -0.0209799409
v -0.000371884991 0.040637549 -0.0209773704
v 0.000171733001 0.0405909382 -0.0209908392
v -0.000372078997 0.0405909382 -0.02098828
v 0.000171784995 0.0405449197 -0.0209971592
v -0.000372192007 0.0405449197 -0.0209946595
v 0.000712935987 0.0407735705 -0.0209062006
v 0.000713809975 0.0407296382 -0.0209318306
v 0.000714518013 0.0406840406 -0.0209525805
v 0.000715056027 0.040637549 -0.0209683701
v 0.000715430011 0.0405909382 -0.0209793393
v 0.000715644972 0.0405449197 -0.0209856592
v 0.00395595981 0.0405449197 -0.0206218902
v 0.00395476818 0.0405909382 -0.0206156895
v 0.00395274116 0.040637549 -0.0206049606
v 0.00394976093 0.0406840406 -0.0205894094
v 0.00394582702 0.0407296382 -0.0205690209
v 0.00394099904 0.0407735705 -0.0205438696
v 0.003935277 0.0408151112 -0.0205140691
v 0.00761043979 0.0405449197 -0.0195702296
v 0.00758165121 0.0407735705 -0.0194962006
v 0.00707405806 0.0407735705 -0.0196860395
v 0.00759094907 0.0407296382 -0.0195201002
v 0.0070826998 0.0407296382 -0.0197101198
v 0.00759845879 0.0406840406 -0.0195394102
v 0.00708973408 0.0406840406 -0.0197296701
v 0.00760418084 0.040637549 -0.0195541307
v 0.00709509803 0.040637549 -0.0197445694
v 0.00760811521 0.0405909382 -0.0195643902
v 0.00709879305 0.0405909382 -0.0197548792
v 0.00710093882 0.0405449197 -0.01976078
v 0.00447183801 0.0407735705 -0.0204348508
v 0.0044773221 0.0407296382 -0.0204598904
v 0.00448173191 0.0406840406 -0.0204801504
v 0.00448512984 0.040637549 -0.0204955898
v 0.00448745396 0.0405909382 -0.0205063205
v 0.00448882487 0.0405449197 -0.0205124598
v 0.00179868902 0.0406840406 -0.0208874904
v 0.00180006004 0.040637549 -0.0209032204
v 0.00180101302 0.0405909382 -0.0209141299
v 0.00180155004 0.0405449197 -0.0209204499
v 0.00125574996 0.0407296382 -0.0209063198
v 0.001257002 0.0406840406 -0.0209270697
v 0.00125795603 0.040637549 -0.0209427997
v 0.00125861098 0.0405909382 -0.0209537707
v 0.00125896896 0.0405449197 -0.0209600907
v -0.00519335177 0.0407735705 -0.0202635508
v -0.0057165022 0.0407735705 -0.0201222301
v -0.00519972993 0.0407296382 -0.0202884004
v -0.00572353601 0.0407296382 -0.0201468393
v -0.00520485593 0.0406840406 -0.0203084908
v -0.00572919799 0.0406840406 -0.0201668106
v -0.00520878984 0.040637549 -0.0203238092
v -0.00573348906 0.040637549 -0.0201820098
v -0.00521153212 0.0405909382 -0.0203344207
v -0.0057365289 0.0405909382 -0.0201925598
v -0.00521308091 0.0405449197 -0.02034056
v -0.0057382579 0.0405449197 -0.0201986395
v -0.000912452 0.0407735705 -0.0208985806
v -0.00145345903 0.0407735705 -0.0208678804
v -0.000913570984 0.0407296382 -0.0209242105
v -0.00145524705 0.0407296382 -0.0208934508
v -0.000914475997 0.0406840406 -0.0209448896
v -0.00145667698 0.0406840406 -0.0209141895
v -0.000915165001 0.040637549 -0.0209606793
v -0.00145781005 0.040637549 -0.0209299307
v -0.000915643002 0.0405909382 -0.0209716503
v -0.00145858503 0.0405909382 -0.0209408905
v -0.000915919023 0.0405449197 -0.0209779702
v -0.00145900203 0.0405449197 -0.0209471509
v -0.00199353602 0.0407735705 -0.0208231807
v -0.0025323031 0.0407735705 -0.0207645204
v -0.00199598004 0.0407296382 -0.0208487492
v -0.00253540208 0.0407296382 -0.0207899809
v -0.00199794699 0.0406840406 -0.0208693705
v -0.00253790594 0.0406840406 -0.0208106004
v -0.00199949695 0.040637549 -0.0208851006
v -0.00253981305 0.040637549 -0.0208262801
v -0.00200050999 0.0405909382 -0.0208960101
v -0.00254112389 0.0405909382 -0.0208371803
v -0.00254189898 0.0405449197 -0.0208434407
v -0.00308102299 0.0405449197 -0.0207706001
v -0.00306934095 0.0407735705 -0.0206919909
v -0.00360435201 0.0407735705 -0.0206055008
v -0.00307309604 0.0407296382 -0.0207173191
v -0.00360876299 0.0407296382 -0.0206307694
v -0.00307613611 0.0406840406 -0.0207378808
v -0.00361233903 0.0406840406 -0.0206512194
v -0.00307845999 0.040637549 -0.0207534991
v -0.00361502101 0.040637549 -0.0206667706
v -0.00308007002 0.0405909382 -0.0207643509
v -0.00361692905 0.0405909382 -0.0206775591
v -0.00361800101 0.0405449197 -0.0206838194
v -0.00413691904 0.0407735705 -0.0205052402
v -0.00466668606 0.0407735705 -0.0203912798
v -0.0041419859 0.0407296382 -0.0205304008
v -0.0046724081 0.0407296382 -0.0204162505
v -0.00414603902 0.0406840406 -0.0205507204
v -0.0046770568 0.0406840406 -0.0204364602
v -0.00414919807 0.040637549 -0.0205662195
v -0.00468057301 0.040637549 -0.0204518996
v -0.00415134383 0.0405909382 -0.0205769502
v -0.0046830168 0.0405909382 -0.0204625707
v -0.00415259507 0.0405449197 -0.0205831509
v -0.00623583701 0.0407735705 -0.0199673101
v -0.00675099995 0.0407735705 -0.0197990499
v -0.00624346687 0.0407296382 -0.0199918095
v -0.00675922586 0.0407296382 -0.0198233109
v -0.00624966621 0.0406840406 -0.0200116001
v -0.00676596118 0.0406840406 -0.0198429804
v -0.00625437405 0.040637549 -0.0200266801
v -0.00677102804 0.040637549 -0.0198579393
v -0.00625765277 0.0405909382 -0.0200371705
v -0.00677460385 0.0405909382 -0.0198683105
v -0.00625950005 0.0405449197 -0.0200431906
v -0.00677662995 0.0405449197 -0.0198742691
v -0.0072615738 0.0407735705 -0.0196174905
v -0.00776731921 0.0407735705 -0.0194228198
v -0.00727051403 0.0407296382 -0.0196415707
v -0.00777685596 0.0407296382 -0.0194466691
v -0.00727766706 0.0406840406 -0.019661
v -0.00778454496 0.0406840406 -0.0194659196
v -0.00728320982 0.040637549 -0.0196758509
v -0.00779044582 0.040637549 -0.0194805805
v -0.00728696492 0.0405909382 -0.0196860991
v -0.00779449893 0.0405909382 -0.0194907691
v -0.00779682305 0.0405449197 -0.0194966104
v -0.00829929113 0.0405449197 -0.0192881804
v -0.00826787855 0.0407735705 -0.0192151591
v -0.00876289606 0.0407735705 -0.0189945605
v -0.00827801228 0.0407296382 -0.0192387104
v -0.00877362397 0.0407296382 -0.0190178696
v -0.00828623679 0.0406840406 -0.0192577802
v -0.00878232718 0.0406840406 -0.0190367103
v -0.00829243567 0.040637549 -0.0192722604
v -0.00878894329 0.040637549 -0.0190510098
v -0.00829678681 0.0405909382 -0.0192823391
v -0.00879353192 0.0405909382 -0.01906096
v -0.00879615545 0.0405449197 -0.0190667491
v -0.01021122 0.0407735705 -0.0182567798
v -0.0106806699 0.0407735705 -0.0179861095
v -0.0102237398 0.0407296382 -0.0182791892
v -0.0106937801 0.0407296382 -0.0180081706
v -0.0102338698 0.0406840406 -0.0182973109
v -0.0107043898 0.0406840406 -0.0180260502
v -0.0102415597 0.040637549 -0.0183110796
v -0.0107124401 0.040637549 -0.01803964
v -0.0102469297 0.0405909382 -0.0183206704
v -0.0107180402 0.0405909382 -0.0180490594
v -0.0102500301 0.0405449197 -0.0183261596
v -0.0107212598 0.0405449197 -0.0180544797
v -0.009734869 0.0407735705 -0.0185152199
v -0.009746789 0.0407296382 -0.0185379293
v -0.00975644495 0.0406840406 -0.0185562894
v -0.00976383593 0.040637549 -0.0185703002
v -0.00976890326 0.0405909382 -0.0185799506
v -0.00977188256 0.0405449197 -0.0185855608
v -0.0145475203 0.0407735705 -0.0150315696
v -0.0149320299 0.0407735705 -0.0146496799
v -0.0145653402 0.0407296382 -0.0150499903
v -0.0149503304 0.0407296382 -0.0146676302
v -0.0145797702 0.0406840406 -0.0150648896
v -0.0149651701 0.0406840406 -0.01468217
v -0.0145907896 0.040637549 -0.01507622
v -0.01497644 0.040637549 -0.0146932602
v -0.0145983603 0.0405909382 -0.01508414
v -0.0149842501 0.0405909382 -0.0147008803
v -0.0146027803 0.0405449197 -0.01508867
v -0.01498878 0.0405449197 -0.0147053497
v -0.00928711798 0.0405449197 -0.0188324992
v -0.00928431656 0.0405909382 -0.0188268404
v -0.00927948859 0.040637549 -0.0188170001
v -0.00927251484 0.0406840406 -0.0188028198
v -0.00926333573 0.0407296382 -0.0187842194
v -0.00925201084 0.0407735705 -0.0187612101
v -0.0092385998 0.0408151112 -0.0187340304
v -0.0111430204 0.0407735705 -0.0177034102
v -0.0115978699 0.0407735705 -0.0174088404
v -0.0111566698 0.0407296382 -0.0177251101
v -0.0116121098 0.0407296382 -0.0174301807
v -0.01116776 0.0406840406 -0.0177426897
v -0.0116236201 0.0406840406 -0.0174474102
v -0.0111761596 0.040637549 -0.0177560393
v -0.0116323801 0.040637549 -0.0174605809
v -0.0111820102 0.0405909382 -0.0177653395
v -0.0116384597 0.0405909382 -0.0174697004
v -0.0111853397 0.0405449197 -0.0177706406
v -0.0116419699 0.0405449197 -0.01747494
v -0.0120449597 0.0407735705 -0.0171025898
v -0.0124840103 0.0407735705 -0.0167848393
v -0.0120597398 0.0407296382 -0.0171235204
v -0.01249927 0.0407296382 -0.0168054104
v -0.0120717203 0.0406840406 -0.0171405002
v -0.0125116697 0.0406840406 -0.0168220904
v -0.0120807802 0.040637549 -0.01715344
v -0.0125211403 0.040637549 -0.0168347303
v -0.0120871002 0.0405909382 -0.0171623807
v -0.01252764 0.0405909382 -0.0168435499
v -0.01253145 0.0405449197 -0.01684862
v -0.0129637104 0.0405449197 -0.0165183507
v -0.0129145896 0.0407735705 -0.0164558198
v -0.01333653 0.0407735705 -0.0161157809
v -0.01293045 0.0407296382 -0.0164760295
v -0.0133529296 0.0407296382 -0.0161355101
v -0.0129432604 0.0406840406 -0.0164923593
v -0.0133661004 0.0406840406 -0.0161514804
v -0.0129530402 0.040637549 -0.0165047608
v -0.0133762304 0.040637549 -0.0161636993
v -0.0129597699 0.0405909382 -0.0165133998
v -0.0133832004 0.0405909382 -0.0161721092
v -0.0133872004 0.0405449197 -0.0161769893
v -0.0138017498 0.0405449197 -0.0158247296
v -0.0137495296 0.0407735705 -0.0157648306
v -0.0141532402 0.0407735705 -0.0154033797
v -0.01376634 0.0407296382 -0.0157842003
v -0.0141705796 0.0407296382 -0.0154222203
v -0.0137799904 0.0406840406 -0.0157998204
v -0.01418465 0.0406840406 -0.0154375397
v -0.0137904203 0.040637549 -0.0158117395
v -0.0141953202 0.040637549 -0.0154491598
v -0.0137975803 0.0405909382 -0.0158199593
v -0.0142027698 0.0405909382 -0.0154572101
v -0.0142070604 0.0405449197 -0.0154618602
v -0.0153065296 0.0407735705 -0.01425796
v -0.0156707708 0.0407735705 -0.0138566997
v -0.0153253004 0.0407296382 -0.0142754298
v -0.0156899597 0.0407296382 -0.0138736898
v -0.0153404996 0.0406840406 -0.0142896101
v -0.0157055203 0.0406840406 -0.0138874603
v -0.0153520703 0.040637549 -0.0143003399
v -0.0157173797 0.040637549 -0.0138978902
v -0.0153600499 0.0405909382 -0.01430785
v -0.0157255493 0.0405909382 -0.0139051601
v -0.0153647 0.0405449197 -0.0143121397
v -0.0157303195 0.0405449197 -0.0139093297
v 0.0145273795 0.0409971997 -0.0145273795
v 0.0141462004 0.0409979783 -0.0148988897
v 0.0145187899 0.0409988686 -0.0145187899
v 0.0133555504 0.0409979783 -0.0156114604
v 0.0137555003 0.0409979783 -0.0152602699
v 0.0129466597 0.0409979783 -0.0159521606
v 0.0125290696 0.0409979783 -0.0162822008
v 0.0121031404 0.0409979783 -0.0166013204
v 0.01122713 0.0409979783 -0.0172059499
v 0.0116690304 0.0409979783 -0.0169092994
v 0.0107776504 0.0409979783 -0.0174909793
v 0.0103209 0.0409979783 -0.0177642703
v 0.00985723734 0.0409979783 -0.0180256292
v 0.00842791703 0.0409979783 -0.0187366009
v 0.00793975499 0.0409979783 -0.0189486705
v 0.00891041663 0.0409979783 -0.0185119491
v 0.00938695576 0.0409979783 -0.0182748996
v 0.00744622899 0.0409979783 -0.0191479903
v 0.00694769621 0.0409979783 -0.0193344299
v 0.00593703892 0.0409979783 -0.0196682792
v 0.00644451287 0.0409979783 -0.0195078794
v 0.00542551186 0.0409979783 -0.0198154394
v 0.00491040898 0.0409979783 -0.0199493691
v 0.00439196778 0.0409979783 -0.0200698897
v 0.00334662106 0.0409979783 -0.0202704594
v 0.00387060596 0.0409979783 -0.0201769993
v 0.00282043195 0.0409979783 -0.0203503296
v 0.00229233503 0.0409979783 -0.0204165503
v 0.000168077997 0.0409979783 -0.0205441695
v -0.000364161009 0.0409979783 -0.0205416605
v 0.000700204982 0.0409979783 -0.0205329005
v 0.00123184896 0.0409979783 -0.0205078106
v 0.00176268804 0.0409979783 -0.0204690602
v -0.000896156998 0.0409979783 -0.0205253307
v -0.00142753101 0.0409979783 -0.0204952303
v -0.00248706294 0.0409979783 -0.0203937199
v -0.00195795204 0.0409979783 -0.0204512998
v -0.00301450398 0.0409979783 -0.0203224402
v -0.00353997899 0.0409979783 -0.0202375595
v -0.00406301022 0.0409979783 -0.0201390907
v -0.00510060694 0.0409979783 -0.0199016891
v -0.00458335783 0.0409979783 -0.0200270992
v -0.00561439898 0.0409979783 -0.0197628699
v -0.00612449599 0.0409979783 -0.0196107607
v -0.00663042022 0.0409979783 -0.0194454696
v -0.00812023785 0.0409979783 -0.0188720208
v -0.00860637426 0.0409979783 -0.0186553504
v -0.00762861921 0.0409979783 -0.0190759804
v -0.00713193417 0.0409979783 -0.0192671996
v -0.00908678677 0.0409979783 -0.0184261706
v -0.00956100225 0.0409979783 -0.0181846004
v -0.0104899397 0.0409979783 -0.0176649
v -0.0100288298 0.0409979783 -0.0179307405
v -0.0109440004 0.0409979783 -0.0173872709
v -0.0113907997 0.0409979783 -0.0170979407
v -0.0118298503 0.0409979783 -0.0167971198
v -0.0122610303 0.0409979783 -0.0164850894
v -0.0130983498 0.0409979783 -0.0158279501
v -0.0126839802 0.0409979783 -0.0161619708
v -0.0135039603 0.0409979783 -0.0154833104
v -0.01390051 0.0409979783 -0.0151282502
v -0.0150331799 0.0409979783 -0.0140033299
v -0.0153909298 0.0409979783 -0.0136092296
v -0.0146653596 0.0409979783 -0.0143880202
v -0.0142877102 0.0409979783 -0.0147631103
v -0.0126968604 0.0409806892 0.0162694994
v -0.0126681896 0.0409916006 0.0162327196
v -0.0131140295 0.0409806892 0.0159351192
v -0.0130844098 0.0409916006 0.0158991199
v -0.01352238 0.0409806892 0.0155900102
v -0.0134918597 0.0409916006 0.0155548397
v -0.0139217302 0.0409806892 0.0152345197
v -0.0138902599 0.0409916006 0.0152001297
v -0.0143116703 0.0409806892 0.0148687903
v -0.01427936 0.0409916006 0.0148352301
v -0.0146920597 0.0409806892 0.0144931003
v -0.0146589195 0.0409916006 0.0144603802
v -0.0150626302 0.0409806892 0.0141076399
v -0.0150285903 0.0409916006 0.0140758101
v -0.0154229896 0.0409806892 0.0137127005
v -0.0153881302 0.0409916006 0.0136817601
v -0.0157729909 0.0409806892 0.01330858
v -0.0157374106 0.0409916006 0.0132785402
v -0.0161124393 0.0409806892 0.0128955198
v -0.0160760209 0.0409916006 0.0128663704
v -0.0164410397 0.0409806892 0.0124737602
v -0.0164039694 0.0409916006 0.0124456203
v -0.0167586803 0.0409806892 0.0120437099
v -0.0167208295 0.0409916006 0.0120165301
v -0.0170650408 0.0409806892 0.0116055598
v -0.0170265399 0.0409916006 0.0115793301
v -0.0173600297 0.0409806892 0.0111596501
v -0.0173208099 0.0409916006 0.0111344401
v -0.0176432692 0.0409806892 0.0107061798
v -0.0176034495 0.0409916006 0.0106820399
v -0.0179147106 0.0409806892 0.0102455597
v -0.0178742409 0.0409916006 0.0102224303
v -0.0181740504 0.0409806892 0.00977802183
v -0.0181329809 0.0409916006 0.00975596905
v -0.0184212308 0.0409806892 0.00930392742
v -0.0183796193 0.0409916006 0.00928294566
v -0.0186560098 0.0409806892 0.00882363319
v -0.0186139308 0.0409916006 0.00880372524
v -0.0188783407 0.0409806892 0.00833737757
v -0.0188357197 0.0409916006 0.00831860304
v -0.0190880205 0.0409806892 0.00784557965
v -0.0190449301 0.0409916006 0.00782787707
v -0.0192849003 0.0409806892 0.00734847691
v -0.0192413293 0.0409916006 0.00733190682
v -0.0194687806 0.0409806892 0.00684648706
v -0.0194248501 0.0409916006 0.00683098985
v -0.0196396094 0.0409806892 0.00633984804
v -0.0195952598 0.0409916006 0.006325542
v -0.0197972003 0.0409806892 0.00582897617
v -0.0197525006 0.0409916006 0.005815804
v -0.0199414995 0.0409806892 0.00531417085
v -0.0198964998 0.0409916006 0.00530218985
v -0.0200724602 0.0409806892 0.00479578879
v -0.0200271606 0.0409916006 0.00478500081
v -0.0201900005 0.0409806892 0.00427424908
v -0.0201443993 0.0409916006 0.00426459312
v -0.0202939492 0.0409806892 0.00374978711
v -0.0202481691 0.0409916006 0.00374132302
v -0.0203843098 0.0409806892 0.00322282291
v -0.0203382894 0.0409916006 0.00321555091
v -0.0204610191 0.0409806892 0.00269371201
v -0.0204148199 0.0409916006 0.00268763304
v -0.0205239002 0.0409806892 0.00216275407
v -0.0204775296 0.0409916006 0.00215792609
v -0.0205730107 0.0409806892 0.00163036503
v -0.0205265209 0.0409916006 0.00162672903
v -0.0206083003 0.0409806892 0.00109690404
v -0.0205617491 0.0409916006 0.00109446002
v -0.0206297599 0.0409806892 0.000562730012
v -0.0205832105 0.0409916006 0.00056145998
v -0.0206374507 0.0409806892 2.81381999e-05
v -0.0205908399 0.0409916006 2.80747008e-05
v -0.0206313096 0.0409806892 -0.000506472017
v -0.0205847006 0.0409916006 -0.000505328993
v -0.0206112806 0.0409806892 -0.00104069698
v -0.0205647293 0.0409916006 -0.00103837205
v -0.0205774307 0.0409806892 -0.00157427695
v -0.0205309298 0.0409916006 -0.00157076097
v -0.02052968 0.0409806892 -0.00210678508
v -0.0204833709 0.0409916006 -0.00210201694
v -0.0204682294 0.0409806892 -0.00263792207
v -0.0204219799 0.0409916006 -0.00263196207
v -0.0203929506 0.0409806892 -0.00316721201
v -0.0203469303 0.0409916006 -0.00316005899
v -0.0203040801 0.0409806892 -0.00369441509
v -0.0202582404 0.0409916006 -0.00368606998
v -0.0202015601 0.0409806892 -0.00421917392
v -0.0201559607 0.0409916006 -0.00420963718
v -0.0200855099 0.0409806892 -0.00474107219
v -0.0200401507 0.0409916006 -0.00473034289
v -0.0199559908 0.0409806892 -0.00525975181
v -0.0199109297 0.0409916006 -0.00524789002
v -0.0198130608 0.0409806892 -0.00577497389
v -0.0197683498 0.0409916006 -0.00576192094
v -0.0196568295 0.0409806892 -0.006286263
v -0.0196124297 0.0409916006 -0.00627207709
v -0.0194873195 0.0409806892 -0.00679332018
v -0.0194433294 0.0409916006 -0.00677800085
v -0.0193048101 0.0409806892 -0.00729584601
v -0.0192611795 0.0409916006 -0.00727939606
v -0.0191092994 0.0409806892 -0.00779348612
v -0.0190661494 0.0409916006 -0.00777590182
v -0.0189010501 0.0409806892 -0.00828588009
v -0.0188583694 0.0409916006 -0.00826716423
v -0.0186800901 0.0409806892 -0.0087727299
v -0.01863789 0.0409916006 -0.00875294209
v -0.0184465591 0.0409806892 -0.00925367977
v -0.0184049606 0.0409916006 -0.00923281908
v -0.0182006899 0.0409806892 -0.00972843077
v -0.0181596205 0.0409916006 -0.00970649719
v -0.0179425403 0.0409806892 -0.0101966802
v -0.0179020707 0.0409916006 -0.0101736104
v -0.0176723506 0.0409806892 -0.0106580202
v -0.0176324807 0.0409916006 -0.0106339399
v -0.0173903108 0.0409806892 -0.0111122103
v -0.0173510294 0.0409916006 -0.0110871103
v -0.0170966294 0.0409806892 -0.0115589397
v -0.0170580093 0.0409916006 -0.0115328403
v -0.0167914592 0.0409806892 -0.0119979903
v -0.0167535506 0.0409916006 -0.0119708702
v -0.0164750796 0.0409806892 -0.01242893
v -0.0164378807 0.0409916006 -0.01240086
v -0.0161476098 0.0409806892 -0.0128515298
v -0.0161111299 0.0409916006 -0.01282256
v -0.0158092901 0.0409806892 -0.0132655501
v -0.0157735907 0.0409916006 -0.0132356202
v -0.0154603096 0.0409806892 -0.0136706196
v -0.0154254399 0.0409916006 -0.0136397397
v -0.0151009504 0.0409806892 -0.0140665099
v -0.0150668602 0.0409916006 -0.0140347397
v -0.0147315199 0.0409806892 -0.0144529296
v -0.0146982605 0.0409916006 -0.0144203296
v -0.01435214 0.0409806892 -0.0148296896
v -0.01431977 0.0409916006 -0.01479619
v -0.0139632197 0.0409806892 -0.0151965003
v -0.0139316898 0.0409916006 -0.0151621597
v -0.01356488 0.0409806892 -0.0155531103
v -0.0135342404 0.0409916006 -0.0155180003
v -0.0131574199 0.0409806892 -0.0158993602
v -0.0131277395 0.0409916006 -0.0158634093
v -0.0127411997 0.0409806892 -0.0162348691
v -0.0127124097 0.0409916006 -0.0161982104
v -0.0123163396 0.0409806892 -0.0165594202
v -0.0122885099 0.0409916006 -0.0165220406
v -0.0118832504 0.0409806892 -0.0168728791
v -0.0118563697 0.0409916006 -0.0168347899
v -0.0114421202 0.0409806892 -0.0171750095
v -0.0114163104 0.0409916006 -0.0171362702
v -0.0109933596 0.0409806892 -0.0174656492
v -0.0109685604 0.0409916006 -0.0174262505
v -0.0105372602 0.0409806892 -0.0177446008
v -0.0105134798 0.0409916006 -0.0177045409
v -0.0100740697 0.0409806892 -0.0180116203
v -0.0100513101 0.0409916006 -0.0179709699
v -0.00960415602 0.0409806892 -0.0182665493
v -0.009582459 0.0409916006 -0.0182253104
v -0.00912773609 0.0409806892 -0.0185092594
v -0.00910711195 0.0409916006 -0.0184674803
v -0.00864517596 0.0409806892 -0.01873946
v -0.00862568617 0.0409916006 -0.0186971407
v -0.00815683603 0.0409806892 -0.0189570691
v -0.0081384182 0.0409916006 -0.0189142805
v -0.00766301109 0.0409806892 -0.0191619899
v -0.0076457262 0.0409916006 -0.0191187207
v -0.00716406107 0.0409806892 -0.0193540994
v -0.00714790821 0.0409916006 -0.0193103496
v -0.00666034222 0.0409806892 -0.0195331499
v -0.00664526178 0.0409916006 -0.0194890406
v -0.00615209294 0.0409806892 -0.0196991507
v -0.00613820506 0.0409916006 -0.0196546894
v -0.00563973095 0.0409806892 -0.0198519807
v -0.00562703609 0.0409916006 -0.0198071506
v -0.0051236148 0.0409806892 -0.0199913904
v -0.00511205103 0.0409916006 -0.0199462697
v -0.00460404111 0.0409806892 -0.0201174002
v -0.00459360983 0.0409916006 -0.0200719796
v -0.00408130791 0.0409806892 -0.0202298705
v -0.0040721288 0.0409916006 -0.0201842096
v -0.00355589297 0.0409806892 -0.0203288104
v -0.00354790594 0.0409916006 -0.0202829204
v -0.00302809407 0.0409806892 -0.0204141103
v -0.00302129891 0.0409916006 -0.02036798
v -0.00249826908 0.0409806892 -0.0204856899
v -0.00249266601 0.0409916006 -0.0204394404
v -0.001966774 0.0409806892 -0.0205435697
v -0.00196236302 0.0409916006 -0.0204971991
v -0.00143396796 0.0409806892 -0.0205876809
v -0.00143074896 0.0409916006 -0.0205411892
v -0.000900198997 0.0409806892 -0.0206179004
v -0.000898165978 0.0409916006 -0.0205713492
v -0.000365802989 0.0409806892 -0.0206342898
v -0.000364976993 0.0409916006 -0.0205876809
v 0.000168836006 0.0409806892 -0.0206367895
v 0.000168454993 0.0409916006 -0.0205901805
v 0.000703361991 0.0409806892 -0.0206254702
v 0.000701774028 0.0409916006 -0.0205789208
v 0.00123739196 0.0409806892 -0.0206003096
v 0.00123459101 0.0409916006 -0.0205538198
v 0.001770615 0.0409806892 -0.0205613896
v 0.00176662195 0.0409916006 -0.0205149595
v 0.00230264594 0.0409806892 -0.0205086395
v 0.00229746103 0.0409916006 -0.0204623304
v 0.00283312704 0.0409806892 -0.0204421207
v 0.00282675005 0.0409916006 -0.0203959905
v 0.0033617611 0.0409806892 -0.0203619003
v 0.00335413194 0.0409916006 -0.0203159396
v 0.00388806988 0.0409806892 -0.0202679597
v 0.003879308 0.0409916006 -0.0202221796
v 0.00441175606 0.0409806892 -0.0201604292
v 0.00440180302 0.0409916006 -0.0201148894
v 0.00493252184 0.0409806892 -0.0200393107
v 0.00492137577 0.0409916006 -0.0199940801
v 0.00545000983 0.0409806892 -0.0199048501
v 0.00543767214 0.0409916006 -0.0198598504
v 0.00596380187 0.0409806892 -0.0197569709
v 0.00595033122 0.0409916006 -0.0197123792
v 0.00647359993 0.0409806892 -0.0195958596
v 0.0064589968 0.0409916006 -0.0195516292
v 0.00697904779 0.0409806892 -0.0194216296
v 0.00696331216 0.0409916006 -0.0193778202
v 0.00747978594 0.0409806892 -0.01923435
v 0.00746291783 0.0409916006 -0.0191909
v 0.00797557831 0.0409806892 -0.0190341398
v 0.0079575181 0.0409916006 -0.0189911705
v 0.00846594479 0.0409806892 -0.0188211203
v 0.0084468117 0.0409916006 -0.0187786203
v 0.00895059109 0.0409806892 -0.0185954496
v 0.00893038511 0.0409916006 -0.0185534898
v 0.00942933466 0.0409806892 -0.0183573291
v 0.00940799713 0.0409916006 -0.0183159094
v 0.0099017024 0.0409806892 -0.01810693
v 0.00987934973 0.0409916006 -0.0180660393
v 0.0103674503 0.0409806892 -0.0178443696
v 0.0103440201 0.0409916006 -0.0178040806
v 0.01082623 0.0409806892 -0.0175698902
v 0.0108017903 0.0409916006 -0.0175301991
v 0.0112777296 0.0409806892 -0.0172835495
v 0.0112522803 0.0409916006 -0.0172445104
v 0.0117216697 0.0409806892 -0.0169855896
v 0.0116951996 0.0409916006 -0.0169472005
v 0.0121576702 0.0409806892 -0.0166761801
v 0.0121302595 0.0409916006 -0.0166385695
v 0.0125855803 0.0409806892 -0.01635563
v 0.0125571396 0.0409916006 -0.0163187291
v 0.0130050099 0.0409806892 -0.0160241108
v 0.01297569 0.0409916006 -0.0159879308
v 0.0134157501 0.0409806892 -0.0156818591
v 0.01338547 0.0409916006 -0.0156464502
v 0.0138175404 0.0409806892 -0.0153291197
v 0.0137863103 0.0409916006 -0.0152944904
v 0.0141779101 0.0409916006 -0.0149322702
v 0.0145599199 0.0409908183 -0.0145599199
v -0.0127534801 0.0409440883 0.0163420402
v -0.0127254101 0.0409648418 0.0163061004
v -0.0131724998 0.0409440883 0.0160061698
v -0.0131435301 0.0409648418 0.0159709994
v -0.0135826999 0.0409440883 0.0156595707
v -0.0135528399 0.0409648418 0.0156251099
v -0.0139838401 0.0409440883 0.01530247
v -0.0139530301 0.0409648418 0.0152687998
v -0.01437556 0.0409440883 0.0149351303
v -0.0143439099 0.0409648418 0.01490229
v -0.0147576304 0.0409440883 0.0145577705
v -0.0147251403 0.0409648418 0.0145257097
v -0.0151298 0.0409440883 0.0141705796
v -0.0150965396 0.0409648418 0.0141394101
v -0.0154917799 0.0409440883 0.0137739098
v -0.0154576804 0.0409648418 0.0137435701
v -0.0158433896 0.0409440883 0.01336795
v -0.0158085208 0.0409648418 0.0133385602
v -0.0161843207 0.0409440883 0.0129530402
v -0.0161486808 0.0409648418 0.0129245501
v -0.0165144205 0.0409440883 0.01252943
v -0.0164780598 0.0409648418 0.0125018898
v -0.0168334208 0.0409440883 0.0120974099
v -0.0167964101 0.0409648418 0.01207083
v -0.0171412192 0.0409440883 0.0116573498
v -0.0171034895 0.0409648418 0.0116317198
v -0.0174374506 0.0409440883 0.0112094199
v -0.0173991304 0.0409648418 0.0111847501
v -0.0177220106 0.0409440883 0.0107539799
v -0.0176830199 0.0409648418 0.0107303197
v -0.0179945808 0.0409440883 0.01029127
v -0.0179549996 0.0409648418 0.0102686202
v -0.0182551108 0.0409440883 0.00982165337
v -0.0182149392 0.0409648418 0.00980007555
v -0.0185033605 0.0409440883 0.00934547093
v -0.0184627101 0.0409648418 0.00932490826
v -0.0187392794 0.0409440883 0.00886297226
v -0.0186980292 0.0409648418 0.00884348061
v -0.0189625602 0.0409440883 0.00837457087
v -0.0189208295 0.0409648418 0.00835615303
v -0.0191731993 0.0409440883 0.00788056757
v -0.0191309992 0.0409648418 0.00786322262
v -0.0193709098 0.0409440883 0.00738125993
v -0.0193282906 0.0409648418 0.007365047
v -0.0195556208 0.0409440883 0.0068770051
v -0.0195126496 0.0409648418 0.00686186505
v -0.0197272301 0.0409440883 0.00636815978
v -0.0196838304 0.0409648418 0.00635415316
v -0.01988554 0.0409440883 0.00585496379
v -0.0198417902 0.0409648418 0.00584208919
v -0.0200304892 0.0409440883 0.00533789303
v -0.0199864507 0.0409648418 0.00532615092
v -0.0201620404 0.0409440883 0.00481718685
v -0.0201177001 0.0409648418 0.00480657816
v -0.0202800594 0.0409440883 0.0042933221
v -0.0202354696 0.0409648418 0.00428384496
v -0.0203844905 0.0409440883 0.00376653601
v -0.0203396603 0.0409648418 0.00375825097
v -0.0204752609 0.0409440883 0.00323718693
v -0.0204301998 0.0409648418 0.00323009398
v -0.0205522701 0.0409440883 0.00270575192
v -0.0205070898 0.0409648418 0.00269979192
v -0.0206154492 0.0409440883 0.00217241002
v -0.02057009 0.0409648418 0.00216764188
v -0.0206647497 0.0409440883 0.00163769699
v -0.0206193309 0.0409648418 0.00163406099
v -0.0207002107 0.0409440883 0.00110179104
v -0.0206546709 0.0409648418 0.00109940697
v -0.0207217894 0.0409440883 0.000565240975
v -0.0206762496 0.0409648418 0.000563997019
v -0.0207295399 0.0409440883 2.82636993e-05
v -0.0206839405 0.0409648418 2.82016008e-05
v -0.0207233392 0.0409440883 -0.000508731988
v -0.0206777398 0.0409648418 -0.000507613004
v -0.0207032505 0.0409440883 -0.00104534603
v -0.0206576493 0.0409648418 -0.00104308105
v -0.02066922 0.0409440883 -0.00158131099
v -0.0206237398 0.0409648418 -0.00157785404
v -0.0206212904 0.0409440883 -0.00211620308
v -0.0205759406 0.0409648418 -0.00211155391
v -0.02055954 0.0409440883 -0.00264966395
v -0.0205143001 0.0409648418 -0.00264382293
v -0.0204839706 0.0409440883 -0.00318133808
v -0.0204389002 0.0409648418 -0.0031743641
v -0.0203946792 0.0409440883 -0.00371092511
v -0.0203498006 0.0409648418 -0.00370275904
v -0.0202916805 0.0409440883 -0.00423794892
v -0.0202470403 0.0409648418 -0.00422865106
v -0.0201751497 0.0409440883 -0.00476223184
v -0.0201307498 0.0409648418 -0.00475174095
v -0.0200450402 0.0409440883 -0.00528323604
v -0.0200009309 0.0409648418 -0.00527161313
v -0.0199014507 0.0409440883 -0.00580072403
v -0.0198577009 0.0409648418 -0.00578796817
v -0.0197445098 0.0409440883 -0.00631433679
v -0.0197010599 0.0409648418 -0.00630038884
v -0.0195742808 0.0409440883 -0.00682365801
v -0.01953125 0.0409648418 -0.00680863811
v -0.0193909407 0.0409440883 -0.00732839108
v -0.01934826 0.0409648418 -0.00731229689
v -0.0191945396 0.0409440883 -0.00782823469
v -0.0191523395 0.0409648418 -0.00781100895
v -0.0189853292 0.0409440883 -0.00832283404
v -0.0189436004 0.0409648418 -0.00830453634
v -0.0187634192 0.0409440883 -0.00881189108
v -0.0187221095 0.0409648418 -0.00879251864
v -0.0185288694 0.0409440883 -0.00929498579
v -0.0184880998 0.0409648418 -0.00927454233
v -0.0182818696 0.0409440883 -0.00977188256
v -0.0182416998 0.0409648418 -0.00975036621
v -0.0180225894 0.0409440883 -0.0102421604
v -0.0179829504 0.0409648418 -0.0102196299
v -0.0177512094 0.0409440883 -0.0107055902
v -0.0177121703 0.0409648418 -0.0106819803
v -0.0174679104 0.0409440883 -0.0111617995
v -0.0174294692 0.0409648418 -0.0111372396
v -0.0171728693 0.0409440883 -0.0116104996
v -0.0171351396 0.0409648418 -0.0115849897
v -0.0168663803 0.0409440883 -0.0120515199
v -0.0168292504 0.0409648418 -0.0120249903
v -0.0165485702 0.0409440883 -0.0124843698
v -0.0165121499 0.0409648418 -0.0124568902
v -0.0162196103 0.0409440883 -0.0129088704
v -0.0161839705 0.0409648418 -0.0128805004
v -0.0158798005 0.0409440883 -0.0133247301
v -0.0158448797 0.0409648418 -0.0132954102
v -0.0155292703 0.0409440883 -0.0137315895
v -0.0154951196 0.0409648418 -0.01370137
v -0.0151683604 0.0409440883 -0.0141292196
v -0.0151349902 0.0409648418 -0.01409816
v -0.0147972098 0.0409440883 -0.01451742
v -0.01476466 0.0409648418 -0.01448547
v -0.0144161498 0.0409440883 -0.0148958499
v -0.0143844401 0.0409648418 -0.0148630701
v -0.0140255 0.0409440883 -0.0152642699
v -0.0139946304 0.0409648418 -0.0152307097
v -0.0136253797 0.0409440883 -0.0156224901
v -0.0135954004 0.0409648418 -0.0155881597
v -0.0132161304 0.0409440883 -0.0159702804
v -0.0131870499 0.0409648418 -0.0159351192
v -0.0127980104 0.0409440883 -0.0163072906
v -0.0127698705 0.0409648418 -0.0162714105
v -0.0123712998 0.0409440883 -0.0166333299
v -0.0123440595 0.0409648418 -0.0165967308
v -0.0119362399 0.0409440883 -0.0169481598
v -0.0119099598 0.0409648418 -0.0169109106
v -0.0114932004 0.0409440883 -0.0172516704
v -0.0114679299 0.0409648418 -0.0172137003
v -0.0110424096 0.0409440883 -0.0175436102
v -0.0110181496 0.0409648418 -0.0175049901
v -0.0105842901 0.0409440883 -0.0178237502
v -0.0105609801 0.0409648418 -0.0177845303
v -0.01011902 0.0409440883 -0.0180919692
v -0.01009678 0.0409648418 -0.0180521607
v -0.00964701083 0.0409440883 -0.0183480904
v -0.00962573197 0.0409648418 -0.0183076803
v -0.00916844606 0.0409440883 -0.0185918193
v -0.00914829876 0.0409648418 -0.0185509305
v -0.00868374109 0.0409440883 -0.0188230798
v -0.00866466668 0.0409648418 -0.0187816601
v -0.00819325354 0.0409440883 -0.01904165
v -0.00817519426 0.0409648418 -0.0189998094
v -0.00769722415 0.0409440883 -0.0192474704
v -0.00768029597 0.0409648418 -0.0192051493
v -0.00719600916 0.0409440883 -0.0194404107
v -0.007180213 0.0409648418 -0.0193976704
v -0.00669002486 0.0409440883 -0.01962029
v -0.00667530205 0.0409648418 -0.01957714
v -0.00617951108 0.0409440883 -0.0197870694
v -0.00616592122 0.0409648418 -0.0197435599
v -0.00566488504 0.0409440883 -0.0199405495
v -0.00565242721 0.0409648418 -0.0198966805
v -0.00514644291 0.0409440883 -0.0200806204
v -0.00513511803 0.0409648418 -0.0200364497
v -0.00462454511 0.0409440883 -0.0202071592
v -0.00461441185 0.0409648418 -0.0201626997
v -0.00409954693 0.0409440883 -0.0203201696
v -0.0040905471 0.0409648418 -0.0202754699
v -0.00357180811 0.0409440883 -0.0204194691
v -0.00356394006 0.0409648418 -0.0203745905
v -0.00304162502 0.0409440883 -0.0205051303
v -0.00303494907 0.0409648418 -0.0204600599
v -0.00250941492 0.0409440883 -0.0205770694
v -0.00250393106 0.0409648418 -0.0205318294
v -0.00197553611 0.0409440883 -0.0206351802
v -0.00197118497 0.0409648418 -0.0205898192
v -0.00144034601 0.0409440883 -0.0206794702
v -0.00143718696 0.0409648418 -0.0206339899
v -0.000904213986 0.0409440883 -0.0207098704
v -0.000902224972 0.0409648418 -0.0206643306
v -0.000367434986 0.0409440883 -0.0207263194
v -0.000366627006 0.0409648418 -0.0206807796
v 0.000169588995 0.0409440883 -0.0207288805
v 0.000169216 0.0409648418 -0.0206832793
v 0.000706500025 0.0409440883 -0.0207174998
v 0.000704945996 0.0409648418 -0.0206719004
v 0.00124293496 0.0409440883 -0.02069222
v 0.00124019303 0.0409648418 -0.0206466895
v 0.00177848304 0.0409440883 -0.0206530597
v 0.00177460897 0.0409648418 -0.0206076503
v 0.00231289794 0.0409440883 -0.0206001401
v 0.00230783201 0.0409648418 -0.0205548406
v 0.00284576393 0.0409440883 -0.0205333196
v 0.00283950497 0.0409648418 -0.0204881392
v 0.0033767221 0.0409440883 -0.0204527304
v 0.00336933089 0.0409648418 -0.0204077307
v 0.00390541507 0.0409440883 -0.0203583799
v 0.003896832 0.0409648418 -0.0203136206
v 0.00443148613 0.0409440883 -0.02025038
v 0.00442171004 0.0409648418 -0.0202057902
v 0.00495451596 0.0409440883 -0.0201287195
v 0.00494366791 0.0409648418 -0.0200844407
v 0.00547432806 0.0409440883 -0.0199935995
v 0.00546228793 0.0409648418 -0.0199496094
v 0.00599038601 0.0409440883 -0.0198451206
v 0.00597721292 0.0409648418 -0.0198014304
v 0.00650244905 0.0409440883 -0.0196832996
v 0.00648814393 0.0409648418 -0.0196400192
v 0.00701016095 0.0409440883 -0.0195083003
v 0.00699478295 0.0409648418 -0.0194653794
v 0.00751316501 0.0409440883 -0.0193201806
v 0.00749665406 0.0409648418 -0.01927769
v 0.00801110175 0.0409440883 -0.0191190206
v 0.00799351931 0.0409648418 -0.0190769993
v 0.00850367546 0.0409440883 -0.0189050399
v 0.00848495867 0.0409648418 -0.0188634899
v 0.0089905262 0.0409440883 -0.0186784193
v 0.00897079706 0.0409648418 -0.0186373498
v 0.00947135594 0.0409440883 -0.0184392296
v 0.00945055392 0.0409648418 -0.0183987003
v 0.00994586945 0.0409440883 -0.0181876998
v 0.00992399361 0.0409648418 -0.0181476995
v 0.0104136998 0.0409440883 -0.0179240108
v 0.0103907501 0.0409648418 -0.0178845506
v 0.0108744996 0.0409440883 -0.0176482704
v 0.0108506 0.0409648418 -0.01760941
v 0.0113280397 0.0409440883 -0.0173606202
v 0.0113031203 0.0409648418 -0.0173224807
v 0.0117739402 0.0409440883 -0.0170613509
v 0.0117480699 0.0409648418 -0.0170238595
v 0.0122119104 0.0409440883 -0.01675063
v 0.0121850902 0.0409648418 -0.0167137291
v 0.0126417195 0.0409440883 -0.0164286401
v 0.0126139503 0.0409648418 -0.0163924601
v 0.0130630704 0.0409440883 -0.0160956308
v 0.01303434 0.0409648418 -0.0160602294
v 0.01347565 0.0409440883 -0.0157518294
v 0.0134459697 0.0409648418 -0.0157171991
v 0.0138791697 0.0409440883 -0.0153974798
v 0.0138486596 0.0409648418 -0.0153636299
v 0.0142734004 0.0409440883 -0.0150328204
v 0.0146578504 0.0409435593 -0.0146578504
v -0.0123767201 0.0408881307 0.0167357307
v -0.0128060495 0.0408881307 0.0164094493
v -0.0127805397 0.0409184583 0.0163767301
v -0.0132268602 0.0408881307 0.0160722099
v -0.01320046 0.0409184583 0.0160401408
v -0.0136387302 0.0408881307 0.0157241803
v -0.0136114899 0.0409184583 0.0156927705
v -0.0140414797 0.0408881307 0.0153655997
v -0.0140134599 0.0409184583 0.0153349601
v -0.0144348098 0.0408881307 0.0149967
v -0.0144060198 0.0409184583 0.0149667803
v -0.0148184802 0.0408881307 0.0146177998
v -0.0147889201 0.0409184583 0.0145886503
v -0.0151922097 0.0408881307 0.0142290499
v -0.01516187 0.0409184583 0.0142006204
v -0.0155556696 0.0408881307 0.0138307204
v -0.0155246202 0.0409184583 0.0138031198
v -0.0159087107 0.0408881307 0.0134230796
v -0.0158769395 0.0409184583 0.0133963199
v -0.0162510797 0.0408881307 0.0130064404
v -0.0162186604 0.0409184583 0.0129805198
v -0.0165825393 0.0408881307 0.01258111
v -0.0165493991 0.0409184583 0.0125560099
v -0.0169028603 0.0408881307 0.0121473595
v -0.0168691203 0.0409184583 0.0121231005
v -0.0172119103 0.0408881307 0.0117053902
v -0.0171775799 0.0409184583 0.0116820298
v -0.0175094008 0.0408881307 0.0112556797
v -0.0174744092 0.0409184583 0.0112332096
v -0.0177950803 0.0408881307 0.0107983304
v -0.0177595597 0.0409184583 0.0107767498
v -0.01806885 0.0408881307 0.0103337104
v -0.0180327799 0.0409184583 0.0103130899
v -0.0183303896 0.0408881307 0.00986218359
v -0.0182938501 0.0409184583 0.00984245539
v -0.0185797196 0.0408881307 0.00938397646
v -0.0185426399 0.0409184583 0.00936525967
v -0.0188165307 0.0408881307 0.00889956858
v -0.0187789705 0.0409184583 0.00888180733
v -0.0190408193 0.0408881307 0.00840914156
v -0.0190027896 0.0409184583 0.00839233305
v -0.0192522407 0.0408881307 0.00791311171
v -0.0192138497 0.0409184583 0.00789731741
v -0.0194508396 0.0408881307 0.0074117179
v -0.0194119792 0.0409184583 0.00739693595
v -0.0196363293 0.0408881307 0.00690537598
v -0.0195971094 0.0409184583 0.00689160777
v -0.0198085904 0.0408881307 0.00639438583
v -0.0197690707 0.0409184583 0.00638162997
v -0.0199675504 0.0408881307 0.00587910414
v -0.0199276805 0.0409184583 0.00586736202
v -0.0201131105 0.0408881307 0.00535988808
v -0.0200729296 0.0409184583 0.00534921791
v -0.0202451907 0.0408881307 0.00483709481
v -0.0202047806 0.0409184583 0.00482743885
v -0.0203636792 0.0408881307 0.00431102514
v -0.0203230903 0.0409184583 0.004302382
v -0.0204685908 0.0408881307 0.00378203299
v -0.0204277001 0.0409184583 0.00377452304
v -0.0205597207 0.0408881307 0.00325053907
v -0.0205187201 0.0409184583 0.003244102
v -0.0206370298 0.0408881307 0.00271689799
v -0.0205958392 0.0409184583 0.00271147396
v -0.0207005106 0.0408881307 0.00218141009
v -0.0206591394 0.0409184583 0.00217705895
v -0.0207499806 0.0408881307 0.00164443196
v -0.0207086205 0.0409184583 0.00164115406
v -0.0207856204 0.0408881307 0.00110638095
v -0.0207441393 0.0409184583 0.00110411597
v -0.0208072606 0.0408881307 0.000567572017
v -0.0207657795 0.0409184583 0.000566439005
v -0.0208150093 0.0408881307 2.83803001e-05
v -0.0207734704 0.0409184583 2.83237005e-05
v -0.0208088104 0.0408881307 -0.000510830025
v -0.0207672697 0.0409184583 -0.000509810983
v -0.0207886007 0.0408881307 -0.00104969705
v -0.0207471196 0.0409184583 -0.00104755105
v -0.0207544491 0.0408881307 -0.00158780802
v -0.0207130294 0.0409184583 -0.00158464897
v -0.02070635 0.0408881307 -0.00212490489
v -0.0206650402 0.0409184583 -0.00212067296
v -0.0206442997 0.0408881307 -0.00266057206
v -0.0206031203 0.0409184583 -0.00265526702
v -0.0205684304 0.0408881307 -0.0031944511
v -0.0205274206 0.0409184583 -0.00318807294
v -0.0204787795 0.0408881307 -0.00372624304
v -0.0204378907 0.0409184583 -0.00371879293
v -0.0203753691 0.0408881307 -0.00425547315
v -0.0203347206 0.0409184583 -0.00424695015
v -0.0202583596 0.0408881307 -0.00478184223
v -0.0202178899 0.0409184583 -0.00477230502
v -0.02012771 0.0408881307 -0.00530505087
v -0.0200875401 0.0409184583 -0.00529444218
v -0.01998353 0.0408881307 -0.00582462503
v -0.0199436508 0.0409184583 -0.00581300212
v -0.0198259298 0.0408881307 -0.00634032395
v -0.0197863504 0.0409184583 -0.00632768823
v -0.0196549799 0.0408881307 -0.00685179187
v -0.0196157601 0.0409184583 -0.00683814194
v -0.0194709301 0.0408881307 -0.00735861016
v -0.0194320604 0.0409184583 -0.00734394696
v -0.0192737505 0.0408881307 -0.00786054134
v -0.0192352496 0.0409184583 -0.00784486532
v -0.0190636497 0.0408881307 -0.00835716724
v -0.0190256201 0.0409184583 -0.00834047701
v -0.0188407805 0.0408881307 -0.00884824898
v -0.01880317 0.0409184583 -0.00883054733
v -0.01860529 0.0408881307 -0.00933331158
v -0.0185681507 0.0409184583 -0.00931471493
v -0.0183572695 0.0408881307 -0.00981217623
v -0.0183206704 0.0409184583 -0.0097925663
v -0.0180969201 0.0408881307 -0.0102844201
v -0.0180607997 0.0409184583 -0.0102638602
v -0.0178244095 0.0408881307 -0.0107496902
v -0.01778882 0.0409184583 -0.01072824
v -0.0175399706 0.0408881307 -0.0112078097
v -0.0175049305 0.0409184583 -0.0111854598
v -0.0172437392 0.0408881307 -0.0116584301
v -0.0172092896 0.0409184583 -0.01163512
v -0.0169359408 0.0408881307 -0.0121012302
v -0.0169021394 0.0409184583 -0.0120770298
v -0.0166168194 0.0408881307 -0.0125358701
v -0.0165836196 0.0409184583 -0.0125108296
v -0.0162865501 0.0408881307 -0.0129621597
v -0.0162540004 0.0409184583 -0.0129362904
v -0.0159453098 0.0408881307 -0.0133796902
v -0.0159134809 0.0409184583 -0.0133529902
v -0.0155933397 0.0408881307 -0.0137882195
v -0.0155622298 0.0409184583 -0.0137607399
v -0.0152308904 0.0408881307 -0.0141875101
v -0.0152004901 0.0409184583 -0.0141591998
v -0.0148582403 0.0408881307 -0.0145772602
v -0.0148286195 0.0409184583 -0.0145481797
v -0.0144756399 0.0408881307 -0.0149573004
v -0.0144467298 0.0409184583 -0.0149274403
v -0.0140833203 0.0408881307 -0.0153272701
v -0.0140552502 0.0409184583 -0.0152966902
v -0.0136815896 0.0408881307 -0.0156869795
v -0.0136542898 0.0409184583 -0.0156556293
v -0.0132706696 0.0408881307 -0.0160361491
v -0.0132441502 0.0409184583 -0.0160041396
v -0.0128508201 0.0408881307 -0.0163745191
v -0.0128251901 0.0409184583 -0.0163418595
v -0.0124223204 0.0408881307 -0.0167019293
v -0.0123975202 0.0409184583 -0.0166685507
v -0.0119854799 0.0408881307 -0.0170180704
v -0.01196157 0.0409184583 -0.0169840995
v -0.0115405899 0.0408881307 -0.0173228309
v -0.0115175797 0.0409184583 -0.0172882602
v -0.0110879503 0.0408881307 -0.0176159702
v -0.0110658398 0.0409184583 -0.0175807998
v -0.0106279198 0.0408881307 -0.0178972408
v -0.0106066996 0.0409184583 -0.0178615395
v -0.0101607405 0.0408881307 -0.0181665998
v -0.0101404702 0.0409184583 -0.0181303602
v -0.00968676805 0.0408881307 -0.0184237305
v -0.00966745615 0.0409184583 -0.01838696
v -0.00920629501 0.0408881307 -0.0186685305
v -0.00918787718 0.0409184583 -0.0186312702
v -0.00871956255 0.0408881307 -0.0189006906
v -0.008702158 0.0409184583 -0.0188630205
v -0.0082270503 0.0408881307 -0.0191202108
v -0.00821059942 0.0409184583 -0.0190820601
v -0.00772893382 0.0408881307 -0.0193268601
v -0.00771355582 0.0409184583 -0.0192882996
v -0.00722569181 0.0408881307 -0.0195205808
v -0.00721126702 0.0409184583 -0.0194816496
v -0.00671762181 0.0408881307 -0.0197012406
v -0.00670421077 0.0409184583 -0.0196618997
v -0.00620502187 0.0408881307 -0.01986867
v -0.0061926241 0.0409184583 -0.0198290292
v -0.00568825006 0.0408881307 -0.0200228002
v -0.00567692518 0.0409184583 -0.0199828092
v -0.0051676631 0.0408881307 -0.0201634094
v -0.00515735103 0.0409184583 -0.02012318
v -0.00464361906 0.0408881307 -0.0202904902
v -0.00463437987 0.0409184583 -0.0202500205
v -0.00411647512 0.0408881307 -0.0204039793
v -0.00410825014 0.0409184583 -0.0203632098
v -0.00358652999 0.0408881307 -0.0205036905
v -0.0035793779 0.0409184583 -0.0204628091
v -0.0030542009 0.0408881307 -0.0205897
v -0.00304806209 0.0409184583 -0.0205486398
v -0.00251978589 0.0408881307 -0.0206619501
v -0.0025147791 0.0409184583 -0.0206207
v -0.00198370195 0.0408881307 -0.0207202993
v -0.00197976804 0.0409184583 -0.0206789896
v -0.00144630601 0.0408881307 -0.0207647607
v -0.00144338596 0.0409184583 -0.0207233392
v -0.000907943991 0.0408881307 -0.0207952801
v -0.000906131987 0.0409184583 -0.0207538009
v -0.000368951005 0.0408881307 -0.0208118502
v -0.000368214998 0.0409184583 -0.0207703095
v 0.000170289 0.0408881307 -0.0208143499
v 0.000169948995 0.0409184583 -0.0207728092
v 0.000709414016 0.0408881307 -0.0208029691
v 0.000707997999 0.0409184583 -0.0207614303
v 0.00124806096 0.0408881307 -0.0207775794
v 0.00124555803 0.0409184583 -0.0207360908
v 0.00178587402 0.0408881307 -0.0207382999
v 0.00178229797 0.0409184583 -0.0206968691
v 0.00232249405 0.0408881307 -0.0206850693
v 0.00231784489 0.0409184583 -0.0206438303
v 0.00285750604 0.0408881307 -0.0206180196
v 0.0028518429 0.0409184583 -0.0205768906
v 0.00339066889 0.0408881307 -0.0205370709
v 0.00338387396 0.0409184583 -0.0204961207
v 0.00392150786 0.0408881307 -0.0204423591
v 0.00391370011 0.0409184583 -0.02040153
v 0.00444972515 0.0408881307 -0.0203338806
v 0.00444084406 0.0409184583 -0.0202932898
v 0.00497496082 0.0408881307 -0.0202117506
v 0.00496506598 0.0409184583 -0.0201714002
v 0.00549685908 0.0408881307 -0.0200760905
v 0.00548589183 0.0409184583 -0.0200360399
v 0.00601512101 0.0408881307 -0.0199269596
v 0.00600308087 0.0409184583 -0.0198871996
v 0.00652927114 0.0408881307 -0.0197644792
v 0.00651627686 0.0409184583 -0.0197250191
v 0.00703907013 0.0408881307 -0.0195887592
v 0.00702506304 0.0409184583 -0.0195496604
v 0.00754415896 0.0408881307 -0.0193998795
v 0.00752913905 0.0409184583 -0.0193611309
v 0.00804418325 0.0408881307 -0.0191978794
v 0.00802809 0.0409184583 -0.0191596095
v 0.00853878167 0.0408881307 -0.0189830605
v 0.00852173474 0.0409184583 -0.0189451501
v 0.00902765896 0.0408881307 -0.0187554304
v 0.00900959875 0.0409184583 -0.0187180005
v 0.00951045658 0.0408881307 -0.0185152795
v 0.0094914427 0.0409184583 -0.0184783302
v 0.00998687744 0.0408881307 -0.0182627402
v 0.00996696856 0.0409184583 -0.0182262603
v 0.0104566198 0.0408881307 -0.0179979205
v 0.01043576 0.0409184583 -0.0179619696
v 0.0109193902 0.0408881307 -0.0177210495
v 0.0108975703 0.0409184583 -0.0176856499
v 0.0113747697 0.0408881307 -0.0174322706
v 0.0113520604 0.0409184583 -0.0173974596
v 0.0118225198 0.0408881307 -0.0171317402
v 0.0117989099 0.0409184583 -0.0170975309
v 0.0122622801 0.0408881307 -0.0168197099
v 0.0122378403 0.0409184583 -0.0167861506
v 0.0126938801 0.0408881307 -0.0164963603
v 0.01266855 0.0409184583 -0.0164634492
v 0.0131169502 0.0408881307 -0.0161620304
v 0.01309078 0.0409184583 -0.0161297303
v 0.0135311997 0.0408881307 -0.0158168003
v 0.0135041997 0.0409184583 -0.0157852098
v 0.0139364004 0.0408881307 -0.0154610202
v 0.01390862 0.0409184583 -0.0154301496
v 0.0219907109 0.0409976207 -0.00704675913
v 0.0223195497 0.0405325815 -0.00737559702
v 0.0220179502 0.0409948789 -0.00707399799
v 0.0220409594 0.0409877785 -0.00709700491
v 0.0220672395 0.0409797393 -0.00712329103
v 0.0220897105 0.0409678817 -0.00714576198
v 0.0221145097 0.0409547612 -0.00717055704
v 0.0222775899 0.0407379195 -0.00733357621
v 0.0222650692 0.0407702886 -0.00732111884
v 0.0222502295 0.0407983586 -0.00730621815
v 0.0222348496 0.0408273898 -0.00729089882
v 0.0222170297 0.0408525988 -0.00727301789
v 0.0221991502 0.0408778712 -0.00725519611
v 0.0221786406 0.040899571 -0.00723469211
v 0.0221587997 0.0409206115 -0.00721484423
v 0.0221359096 0.0409382507 -0.00719195604
v 0.0223125797 0.0406036302 -0.00736862421
v 0.0223175809 0.0405711494 -0.007373631
v 0.0222892705 0.0407077 -0.00734525919
v 0.0222985093 0.0406726003 -0.00735455705
v 0.0223068502 0.040640831 -0.00736290216
v 0.0337178707 0.0409948789 0.000211456005
v 0.0326285884 0.0409948789 -0.000183106997
v 0.0337404013 0.0409797393 0.000145475002
v 0.0326535702 0.0409797393 -0.00024818501
v 0.0337619111 0.0409547612 8.22071015e-05
v 0.0337821208 0.0409206115 2.29419002e-05
v 0.0326999985 0.0409206115 -0.000369038986
v 0.0338005386 0.0408778712 -3.11145996e-05
v 0.0338168107 0.0408273898 -7.88619e-05
v 0.0327384993 0.0408273898 -0.000469447987
v 0.033830639 0.0407702886 -0.000119327997
v 0.0338416584 0.0407077 -0.000151689004
v 0.0327661 0.0407077 -0.000541277986
v 0.0338546 0.0405711494 -0.000189640006
v 0.032780461 0.0405711494 -0.000578709005
v 0.0338497087 0.040640831 -0.000175287001
v 0.0317219384 0.0405711494 -0.00100833096
v 0.0306805298 0.0405711494 -0.00147801603
v 0.0296577197 0.0405711494 -0.00198697997
v 0.0286551099 0.0405711494 -0.00253450801
v 0.0257821605 0.0405711494 -0.00440025283
v 0.0267158691 0.0405711494 -0.00374203897
v 0.02767401 0.0405711494 -0.00311982608
v 0.0248742104 0.0405711494 -0.00509357406
v 0.02399325 0.0405711494 -0.00582098914
v 0.0231406596 0.0405711494 -0.00658136606
v 0.0327750407 0.040640831 -0.000564553018
v 0.0317159817 0.040640831 -0.000994445989
v 0.0306740403 0.040640831 -0.00146430696
v 0.0296507403 0.040640831 -0.00197350909
v 0.0286475401 0.040640831 -0.00252133608
v 0.0276659708 0.040640831 -0.00310695102
v 0.0267074108 0.040640831 -0.00372946193
v 0.0257732198 0.040640831 -0.00438803388
v 0.0248647295 0.040640831 -0.0050817132
v 0.02398335 0.040640831 -0.00580942584
v 0.0231303498 0.040640831 -0.00657021906
v 0.0231133606 0.0407077 -0.0065519209
v 0.0239671394 0.0407077 -0.00579053117
v 0.0248492304 0.0407077 -0.00506216194
v 0.0257584397 0.0407077 -0.00436794711
v 0.0266934 0.0407077 -0.00370883895
v 0.0276528001 0.0407077 -0.00308579206
v 0.0286352001 0.0407077 -0.00249969889
v 0.0296391807 0.0407077 -0.00195145595
v 0.0306633692 0.0407077 -0.00144177605
v 0.0317061506 0.0407077 -0.000971528003
v 0.0327538215 0.0407702886 -0.00050935999
v 0.03169268 0.0407702886 -0.000940099999
v 0.0306487009 0.0407702886 -0.00141090096
v 0.0296233799 0.0407702886 -0.00192111696
v 0.0286182705 0.0407702886 -0.00247001601
v 0.0276347306 0.0407702886 -0.0030567639
v 0.0266742706 0.0407702886 -0.00368052698
v 0.02573823 0.0407702886 -0.00434041023
v 0.0248280093 0.0407702886 -0.00503539992
v 0.0239448491 0.0407702886 -0.00576460315
v 0.02309018 0.0407702886 -0.00652682688
v 0.0230610892 0.0408273898 -0.00649547484
v 0.0239170101 0.0408273898 -0.00573217822
v 0.0248014294 0.0408273898 -0.00500196218
v 0.0257128999 0.0408273898 -0.00430589914
v 0.0266503002 0.0408273898 -0.00364512205
v 0.0276121404 0.0408273898 -0.00302046491
v 0.0285970494 0.0408273898 -0.00243288209
v 0.0296036005 0.0408273898 -0.00188320805
v 0.0306304004 0.0408273898 -0.00137227704
v 0.0316758715 0.0408273898 -0.000900799991
v 0.0327204391 0.0408778712 -0.000422354991
v 0.0316560194 0.0408778712 -0.000854430022
v 0.0306087695 0.0408778712 -0.00132667995
v 0.0295802895 0.0408778712 -0.00183850504
v 0.0285720192 0.0408778712 -0.00238907291
v 0.0275854394 0.0408778712 -0.00297760894
v 0.0266219899 0.0408778712 -0.00360333896
v 0.0256830994 0.0408778712 -0.00426524784
v 0.0247700196 0.0408778712 -0.00496244384
v 0.0238841698 0.0408778712 -0.00569385197
v 0.0230268203 0.0408778712 -0.00645851996
v 0.0229880195 0.0409206115 -0.00641661789
v 0.0238469802 0.0409206115 -0.00565051986
v 0.0247344896 0.0409206115 -0.00491773989
v 0.0256492998 0.0409206115 -0.00421923306
v 0.0265899803 0.0409206115 -0.00355601311
v 0.0275552794 0.0409206115 -0.00292915106
v 0.0285437107 0.0409206115 -0.00233948207
v 0.0295538902 0.0409206115 -0.00178784097
v 0.0305843297 0.0409206115 -0.00127506198
v 0.0316334888 0.0409206115 -0.000801931019
v 0.0326775312 0.0409547612 -0.000310586009
v 0.0316088684 0.0409547612 -0.000744374993
v 0.0305575095 0.0409547612 -0.00121849705
v 0.0295249205 0.0409547612 -0.00173234905
v 0.0285126492 0.0409547612 -0.00228512194
v 0.0275222007 0.0409547612 -0.00287598302
v 0.0265548807 0.0409547612 -0.00350421597
v 0.0256122295 0.0409547612 -0.00416874792
v 0.0246955696 0.0409547612 -0.0048686862
v 0.0238062106 0.0409547612 -0.00560301496
v 0.0229454599 0.0409547612 -0.00637066318
v 0.0228999797 0.0409797393 -0.00632166816
v 0.0237626992 0.0409797393 -0.00555229094
v 0.0246540308 0.0409797393 -0.00481635286
v 0.0255727097 0.0409797393 -0.00411486579
v 0.0265174508 0.0409797393 -0.00344884302
v 0.0274868608 0.0409797393 -0.00281924009
v 0.0284795109 0.0409797393 -0.00222706702
v 0.0294939801 0.0409797393 -0.00167304196
v 0.0305288397 0.0409797393 -0.00115811802
v 0.0315825306 0.0409797393 -0.000682930986
v 0.0315551087 0.0409948789 -0.000618851976
v 0.0304989796 0.0409948789 -0.00109511602
v 0.0294617992 0.0409948789 -0.00161129201
v 0.0284449402 0.0409948789 -0.00216650893
v 0.0274500195 0.0409948789 -0.00276011205
v 0.0264783502 0.0409948789 -0.00339108706
v 0.0255314708 0.0409948789 -0.00405865908
v 0.0246106293 0.0409948789 -0.004761755
v 0.0237172805 0.0409948789 -0.00549942208
v 0.0228526499 0.0409948789 -0.00627052691
v 0.0345551893 0.0405693613 3.95772004e-05
v 0.0359644815 0.0405555889 0.000443997997
v 0.0373835489 0.0405278802 0.000777385023
v 0.0394885503 0.0408830009 0.00156587304
v 0.0388116203 0.0404859707 0.00104057696
v 0.0409690104 0.040396031 0.00130468595
v 0.0431636497 0.0406957194 0.00183570303
v 0.0424163304 0.0403176509 0.00139373494
v 0.0466298386 0.0404360816 0.00168442703
v 0.0458256006 0.0400756001 0.001327037
v 0.0472739898 0.0399483405 0.00118070794
v 0.0488300286 0.0402292013 0.00138199294
v 0.0491711386 0.0401942097 0.001320421
v 0.0488164388 0.0402150117 0.00131261302
v 0.0491567217 0.0401800796 0.00125110103
v 0.0488023683 0.0401908718 0.00124609401
v 0.0491418205 0.0401559994 0.00118470099
v 0.0487880707 0.0401571915 0.00118392694
v 0.0491267405 0.0401223786 0.00112259295
v 0.048773881 0.0401147604 0.00112736202
v 0.0491117798 0.0400800109 0.00106614805
v 0.048760049 0.0400644504 0.00107753195
v 0.0490972884 0.0400297008 0.00101643801
v 0.0487468801 0.0400073491 0.00103557098
v 0.0490835309 0.03997254 0.000974541006
v 0.0487347208 0.0399445184 0.00100225199
v 0.0490707718 0.0399097204 0.000941329985
v 0.0487236902 0.0398773514 0.000978338998
v 0.049059391 0.0398424789 0.000917500001
v 0.0487141013 0.0398073085 0.000964279985
v 0.0490494892 0.0397723317 0.000903549022
v 0.0480987988 0.040301621 0.00150060595
v 0.0480870008 0.0402872488 0.00143104699
v 0.048074659 0.0402629301 0.00136440899
v 0.0480620191 0.0402292013 0.00130212295
v 0.0480493903 0.0401867591 0.00124537898
v 0.0480370484 0.040136449 0.00119537103
v 0.0480251908 0.0400792882 0.00115317095
v 0.0480141006 0.0400165915 0.00111967302
v 0.0480040312 0.0399495289 0.00109553302
v 0.0479950905 0.0398795009 0.00108128705
v 0.04736536 0.0403705798 0.00160139694
v 0.0473552905 0.04035604 0.00153177895
v 0.0473447405 0.0403315984 0.00146502198
v 0.0473337695 0.0402977988 0.00140255596
v 0.0473227501 0.0402553007 0.00134569395
v 0.0473118387 0.0402050018 0.00129556598
v 0.0473013483 0.0401479006 0.00125318696
v 0.0472913906 0.0400852486 0.00121951103
v 0.0472821482 0.0400182605 0.00119519199
v 0.0466215611 0.0404213592 0.00161468901
v 0.0466126688 0.0403968617 0.00154787302
v 0.0466034412 0.04036301 0.00148534705
v 0.04659402 0.0403204486 0.00142836501
v 0.0465845987 0.0402701385 0.00137811794
v 0.04657536 0.040213041 0.00133561995
v 0.0465665385 0.0401504599 0.00130182505
v 0.0465582609 0.0400835201 0.00127732696
v 0.0465507507 0.0400137305 0.00126266398
v 0.0458323918 0.0401453301 0.00134181895
v 0.0458397195 0.0402122103 0.00136649597
v 0.0458474085 0.0402747914 0.00140041101
v 0.0458553396 0.0403318405 0.00144302798
v 0.0458633304 0.0403821394 0.00149333396
v 0.0458711311 0.0404247008 0.00155043602
v 0.0458787009 0.0404586717 0.00161301997
v 0.0458858013 0.0404832885 0.00167989696
v 0.0458923504 0.0404980704 0.001749694
v 0.0451528989 0.0405565985 0.00179708004
v 0.0451481305 0.0405416414 0.001727283
v 0.0451427586 0.0405169688 0.00166040601
v 0.0451369211 0.0404829308 0.00159776199
v 0.0451306701 0.040440321 0.00154066004
v 0.0451241694 0.0403900109 0.00149023498
v 0.0451176092 0.0403330289 0.00144755805
v 0.0451110601 0.0402704403 0.00141352403
v 0.0451046191 0.0402036905 0.00138878799
v 0.0450985394 0.040134009 0.00137382699
v 0.0444116518 0.0406115614 0.00182658399
v 0.0444086716 0.040596541 0.00175684597
v 0.0444050394 0.0405717418 0.00168997003
v 0.0444008708 0.0405376516 0.00162732601
v 0.0443962216 0.0404950306 0.00157016504
v 0.0443912111 0.0404447317 0.00151973905
v 0.0443859585 0.0403876901 0.00147700298
v 0.0443805382 0.0403251611 0.00144290901
v 0.0443750583 0.0402584597 0.00141805399
v 0.0443696305 0.0401888415 0.00140297401
v 0.0436686799 0.0406629406 0.00183814706
v 0.0436674282 0.040647801 0.001768469
v 0.0436655208 0.0406229384 0.00170159305
v 0.0436630808 0.0405888483 0.00163900806
v 0.0436600409 0.0405461714 0.00158184697
v 0.0436565205 0.0404958092 0.00153142202
v 0.0436525904 0.0404388309 0.00148868503
v 0.0436482988 0.0403763615 0.00145447196
v 0.0436437689 0.0403096601 0.00142955699
v 0.0436390601 0.0402401015 0.00141441799
v 0.0431636497 0.0406805202 0.00176608504
v 0.0431629382 0.0406556092 0.001699268
v 0.0431616306 0.0406215116 0.00163668301
v 0.04315966 0.0405788384 0.00157958199
v 0.0431571603 0.0405284688 0.00152915705
v 0.0431541204 0.0404714905 0.00148642005
v 0.0431506 0.0404090211 0.00145220698
v 0.0431467183 0.0403423905 0.00142723299
v 0.0431424901 0.0402728282 0.00141203403
v 0.0424251482 0.0407406017 0.00181716599
v 0.0424268804 0.0407253504 0.00174760795
v 0.04242789 0.0407004282 0.00168085005
v 0.0424282514 0.0406662188 0.00161838497
v 0.04242789 0.0406235382 0.00156134297
v 0.0424268804 0.0405731685 0.00151091802
v 0.0424251482 0.0405161902 0.00146818103
v 0.0424227715 0.0404537916 0.00143402803
v 0.0424198508 0.0403871499 0.00140899397
v 0.0416883193 0.0407817885 0.00178080704
v 0.0416917801 0.0407664701 0.00171136798
v 0.0416945182 0.0407414399 0.00164479006
v 0.041696541 0.0407072306 0.00158238399
v 0.0416978002 0.0406645499 0.00152546098
v 0.0416982099 0.0406141803 0.001475155
v 0.0416978002 0.0405571982 0.00143241801
v 0.0416966006 0.0404947884 0.00139826501
v 0.0416945815 0.0404281616 0.00137323095
v 0.0416918285 0.0403586589 0.00135797204
v 0.0409532115 0.0408191606 0.00172680605
v 0.0409584008 0.0408038385 0.00165754498
v 0.0409629308 0.0407788083 0.00159108604
v 0.0409666188 0.0407445394 0.00152879895
v 0.0409694314 0.0407017991 0.00147199596
v 0.0409712717 0.0406515002 0.00142174901
v 0.0409721695 0.0405945107 0.00137913204
v 0.0409721099 0.0405321084 0.00134497799
v 0.0409710407 0.0404654704 0.001320004
v 0.0402198993 0.0408529006 0.00165516103
v 0.0402268693 0.0408375189 0.00158607902
v 0.0402330682 0.040812429 0.001519799
v 0.04023844 0.0407782085 0.00145769096
v 0.0402428508 0.0407354794 0.00140100694
v 0.0402461812 0.0406851098 0.00135093904
v 0.0402483903 0.0406281315 0.00130838098
v 0.0402494594 0.0405657217 0.001274287
v 0.0402492806 0.0404990911 0.00124937203
v 0.0402479693 0.0404296517 0.00123405398
v 0.0394972488 0.0408675596 0.00149696996
v 0.03950518 0.0408424698 0.00143092801
v 0.0395122096 0.0408082008 0.00136899902
v 0.0395181701 0.0407654606 0.00131249405
v 0.0395229384 0.0407150909 0.001262545
v 0.0395264588 0.0406581089 0.00122016598
v 0.0395286605 0.0405957103 0.00118619204
v 0.0395294391 0.0405290686 0.00116127694
v 0.0395288393 0.0404596291 0.00114601804
v 0.0388115607 0.0405554101 0.00105577696
v 0.0388098285 0.0406220518 0.00108057202
v 0.0388065502 0.0406844616 0.00111448695
v 0.0388017185 0.0407414399 0.00115674699
v 0.0387954712 0.0407917984 0.00120651699
v 0.038787961 0.0408345982 0.001262784
v 0.0387792513 0.0408688709 0.001324474
v 0.0387695991 0.0408939682 0.00139027799
v 0.0387591682 0.0409093983 0.00145894196
v 0.0380319282 0.040932171 0.001334309
v 0.0380440913 0.0409168005 0.00126600196
v 0.0380554087 0.0408916995 0.00120043696
v 0.0380657911 0.0408573709 0.00113898504
v 0.038074851 0.0408146307 0.00108295598
v 0.03808254 0.0407642089 0.00103336503
v 0.0380886681 0.0407072306 0.000991321984
v 0.0380930901 0.0406448208 0.000957591983
v 0.0380957089 0.0405781791 0.00093289098
v 0.0380965397 0.0405087397 0.000917718979
v 0.0373068415 0.0409514308 0.00119203306
v 0.0373207293 0.0409359895 0.00112396397
v 0.037333779 0.0409108885 0.00105875696
v 0.0373457596 0.0408766195 0.00099762599
v 0.0373564288 0.0408338904 0.000941819977
v 0.0373655483 0.0407834612 0.00089248002
v 0.0373729393 0.0407264791 0.000850605022
v 0.0373784788 0.0406640097 0.000817042019
v 0.0373820588 0.0405973718 0.000792469014
v 0.0365840085 0.0409670994 0.00103193498
v 0.0365996286 0.0409517214 0.000964263978
v 0.0366144106 0.0409266315 0.000899351027
v 0.03662806 0.0408923589 0.000838520995
v 0.036640279 0.040849559 0.000783004973
v 0.036650829 0.0407992005 0.000733927009
v 0.0366595313 0.0407421514 0.000692280009
v 0.0366661511 0.0406796895 0.000658907986
v 0.0366706215 0.0406129882 0.000634485972
v 0.0366728306 0.0405434892 0.000619509025
v 0.0359615609 0.0406251512 0.000458847993
v 0.0359562002 0.0406918488 0.000483097014
v 0.0359484516 0.0407543108 0.000516253
v 0.0359385014 0.0408113487 0.000557644991
v 0.0359265208 0.0408617817 0.000606433023
v 0.0359126888 0.0409045815 0.000661630009
v 0.03589743 0.0409388505 0.000722115976
v 0.0358809792 0.0409638807 0.000786666002
v 0.0358636305 0.0409791991 0.000853971986
v 0.0344304405 0.0409930907 0.000443883007
v 0.0351456888 0.0409879014 0.000657999015
v 0.0344511792 0.0409778282 0.000377426011
v 0.0351647697 0.0409725904 0.000591101008
v 0.0344710909 0.0409528613 0.000313697994
v 0.0351829492 0.040947549 0.00052694598
v 0.0344896317 0.0409186408 0.000253993989
v 0.0351998806 0.0409133397 0.000466834987
v 0.0345064886 0.0408759117 0.000199526999
v 0.0352151915 0.0408705398 0.000411988003
v 0.0345214009 0.0408254787 0.000151404005
v 0.03522861 0.0408201218 0.000363517989
v 0.0345339105 0.0407683812 0.000110601999
v 0.0352398716 0.0407630801 0.000322408014
v 0.0345438085 0.0407058001 7.79516995e-05
v 0.035248749 0.0407005511 0.000289491989
v 0.0345510207 0.0406390391 5.41150985e-05
v 0.0352550112 0.0406337902 0.000265437993
v 0.0352585316 0.0405641682 0.000250735
v 0.0612656996 0.0384386703 -0.002549886
v 0.0584308505 0.0384833217 -0.00182014704
v 0.0566866882 0.0387697816 -0.00116014399
v 0.0577799007 0.0390481912 -0.00108438695
v 0.0549222194 0.0390376411 -0.000566645002
v 0.0542109013 0.039584931 0.000112362999
v 0.0504260585 0.0396216512 0.000626253022
v 0.0505633913 0.0400431715 0.00104087498
v 0.0495127998 0.0397230908 0.000814712024
v 0.0495229885 0.0397933088 0.000828558987
v 0.0495348498 0.0398605391 0.000852289028
v 0.0495480783 0.0399233587 0.000885406975
v 0.0495624505 0.0399805307 0.000927220972
v 0.0495775901 0.0400308296 0.000976857962
v 0.0495932102 0.0400732085 0.00103324605
v 0.0496089384 0.0401067697 0.00109529402
v 0.0496245585 0.0401308499 0.00116163399
v 0.0496397018 0.0401448607 0.00123089505
v 0.0504369698 0.0396919213 0.000639880018
v 0.0504496582 0.0397592708 0.000663402025
v 0.0504639111 0.0398221612 0.000696323987
v 0.0504794084 0.0398793817 0.000737954979
v 0.0504957996 0.0399296209 0.000787423982
v 0.0505127311 0.0399719402 0.000843690999
v 0.0505298898 0.0400054418 0.000905575987
v 0.0505468808 0.0400293395 0.000971782021
v 0.0513347313 0.039515011 0.000421019009
v 0.0513463616 0.0395853482 0.000434412999
v 0.0513598882 0.0396527611 0.000457710994
v 0.0513750911 0.0397156999 0.000490421022
v 0.0513917208 0.0397729203 0.000531854981
v 0.0514093004 0.0398232304 0.000581139
v 0.051427599 0.03986549 0.000637235004
v 0.0514461286 0.0398988687 0.000698962016
v 0.0514644906 0.0399226509 0.00076501898
v 0.0514823683 0.0399363004 0.000834013976
v 0.0522387587 0.0394032001 0.000199071001
v 0.0522509813 0.0394736491 0.000212218001
v 0.0522653386 0.0395411216 0.000235276006
v 0.0522816107 0.0396041796 0.000267760013
v 0.0522993207 0.0396614 0.000308980001
v 0.0523181483 0.0397116505 0.00035806399
v 0.0523377582 0.0397539102 0.00041397399
v 0.0523576103 0.0397871695 0.000475526991
v 0.0523773991 0.0398107693 0.000541419024
v 0.052396711 0.0398242399 0.000610256975
v 0.0531380698 0.0392862484 -3.95431998e-05
v 0.0531509519 0.0393568799 -2.66585994e-05
v 0.053166151 0.0394244716 -3.85333988e-06
v 0.0531833097 0.0394875407 2.83874997e-05
v 0.0532021485 0.0395448208 6.93783004e-05
v 0.0532222316 0.0395950601 0.000118247001
v 0.0532431602 0.0396372005 0.000173955996
v 0.0532643683 0.0396704003 0.000235318003
v 0.0532855913 0.0396938287 0.000301029999
v 0.0533062182 0.0397070609 0.000369693997
v 0.0540325604 0.0391644202 -0.000294789003
v 0.0540460311 0.0392351113 -0.000282180001
v 0.054062061 0.0393028185 -0.000259643013
v 0.0540802404 0.0393659398 -0.000227659999
v 0.0541002117 0.0394232795 -0.000186913006
v 0.0541214906 0.0394735299 -0.000138275005
v 0.0541436598 0.0395156108 -8.27848999e-05
v 0.0541663095 0.0395486318 -2.16283006e-05
v 0.0541888997 0.0395719409 4.38876996e-05
v 0.0549363382 0.0391085111 -0.000554325001
v 0.0549531505 0.0391762815 -0.00053207
v 0.054972291 0.0392395183 -0.000500358001
v 0.0549933314 0.0392968617 -0.000459872012
v 0.0550158583 0.0393471085 -0.000411481014
v 0.0550393388 0.0393890701 -0.000356223987
v 0.0550633594 0.0394220315 -0.000295289996
v 0.0550872609 0.0394450985 -0.000229986006
v 0.0551106893 0.0394579098 -0.000161717006
v 0.0560054705 0.0393260084 -0.000452532986
v 0.0559807383 0.0393134914 -0.000520580972
v 0.05595541 0.0392905995 -0.000585655973
v 0.0559300706 0.0392578207 -0.000646352011
v 0.0559052788 0.039215859 -0.000701359008
v 0.0558815002 0.0391656086 -0.000749487022
v 0.0558593795 0.0391082689 -0.000789697981
v 0.0558392406 0.0390449092 -0.000821122027
v 0.0558216497 0.0389770195 -0.000843080983
v 0.0558069311 0.0389060304 -0.000855099992
v 0.0567020103 0.0388408788 -0.00114840199
v 0.0567203686 0.0389088914 -0.00112676597
v 0.056741409 0.0389723107 -0.001095652
v 0.0567646585 0.03902971 -0.001055717
v 0.0567896292 0.0390799008 -0.00100785401
v 0.0568157397 0.0391217992 -0.000953169016
v 0.0568424389 0.0391544588 -0.000892727985
v 0.0568691418 0.0391771682 -0.00082789798
v 0.0568952486 0.0391894504 -0.000760090014
v 0.0575613305 0.0386288092 -0.00148183096
v 0.0575772487 0.0387001 -0.001470446
v 0.0575964414 0.0387682281 -0.00144910801
v 0.0576183684 0.0388317108 -0.00141829206
v 0.0576427504 0.0388891585 -0.00137865497
v 0.0576689206 0.0389393494 -0.00133109
v 0.0576962791 0.0389811918 -0.00127667096
v 0.0577243492 0.0390136801 -0.00121647096
v 0.0577524304 0.039036151 -0.00115191902
v 0.058447361 0.0385547802 -0.00180905999
v 0.0584672615 0.0386230312 -0.00178807904
v 0.0584902093 0.0386866294 -0.00175762095
v 0.0585156009 0.0387441516 -0.00171834195
v 0.0585429594 0.0387942716 -0.00167107501
v 0.0585716888 0.0388359986 -0.00161689497
v 0.0586010814 0.0388683602 -0.00155705202
v 0.0586305186 0.0388906486 -0.00149273803
v 0.058659371 0.0389023982 -0.00142544496
v 0.05929517 0.0383334085 -0.002175092
v 0.0593122207 0.0384050012 -0.002164423
v 0.0593328997 0.0384734198 -0.00214380003
v 0.0593567416 0.0385370813 -0.00211364008
v 0.0593832098 0.0385946594 -0.00207471801
v 0.0594117604 0.0386447906 -0.00202775002
v 0.0594417416 0.0386864506 -0.00197392702
v 0.0594725013 0.0387186408 -0.00191438105
v 0.059503369 0.0387406908 -0.00185036601
v 0.0595335886 0.0387521312 -0.00178337004
v 0.0601541288 0.0381791517 -0.00254684594
v 0.0601717196 0.0382509194 -0.00253653503
v 0.060193181 0.038319461 -0.00251626899
v 0.0602179095 0.0383832417 -0.0024864669
v 0.0602454506 0.0384408198 -0.00244784309
v 0.0602752492 0.0384909511 -0.00240129209
v 0.0603064783 0.0385325514 -0.00234776689
v 0.0603386089 0.0385645591 -0.0022885201
v 0.0603707992 0.0385864303 -0.00222486211
v 0.0604023896 0.0385975204 -0.00215816405
v 0.0610077307 0.0380206108 -0.00293540908
v 0.0610258505 0.0380925499 -0.0029254551
v 0.0610479712 0.0381612703 -0.00290554692
v 0.0610736609 0.0382251106 -0.00287610199
v 0.0611022711 0.0382828116 -0.00283789611
v 0.0611331984 0.0383329317 -0.00279164291
v 0.06116575 0.0383743607 -0.0027384751
v 0.0611991808 0.0384062491 -0.00267958594
v 0.0612327382 0.0384278782 -0.00261628604
v 0.0658925101 0.0374977514 -0.00470089912
v 0.0621720515 0.03779798 -0.00347828795
v 0.0621907115 0.0378699787 -0.00346851302
v 0.0622133613 0.0379387103 -0.00344872405
v 0.0622395203 0.0380026102 -0.00341939903
v 0.062268611 0.0380602404 -0.00338119199
v 0.0622999594 0.0381103083 -0.00333493901
v 0.0623328611 0.0381516814 -0.00328171207
v 0.0623665415 0.0381834507 -0.003222703
v 0.062400341 0.0382049009 -0.00315922406
v 0.0624334216 0.0382155105 -0.00309276511
v 0.0656211898 0.0370821282 -0.00508659985
v 0.0656414032 0.0371542498 -0.00507730199
v 0.0656656027 0.0372230411 -0.00505787088
v 0.0656932518 0.0372869298 -0.00502878381
v 0.0657236502 0.0373444483 -0.00499063684
v 0.0657562613 0.0373943411 -0.00494432403
v 0.0657901689 0.0374354683 -0.0048909178
v 0.0658247396 0.0374668203 -0.00483161211
v 0.0658591315 0.0374878012 -0.00476777507
v 0.0722777769 0.0360929891 -0.00767838908
v 0.0722443983 0.0360830389 -0.00774526503
v 0.0722100064 0.0360620618 -0.00780910207
v 0.0721754432 0.0360306986 -0.00786840916
v 0.0721415207 0.0359895788 -0.00792181399
v 0.0721089765 0.0359396897 -0.0079681268
v 0.0720785186 0.0358821712 -0.00800627377
v 0.072050862 0.0358182713 -0.00803542137
v 0.0720266625 0.0357494913 -0.00805479195
v 0.0720064566 0.0356773697 -0.00806409121
v 0.0728833005 0.0354932509 -0.00842207577
v 0.0737900063 0.0353028104 -0.00869542267
v 0.0747184679 0.0351077914 -0.00888174679
v 0.0762265921 0.034764111 -0.00899678376
v 0.0756603405 0.0349099003 -0.00897931959
v 0.0762321874 0.0347898006 -0.00899487734
v 0.0762364194 0.03480893 -0.00899064541
v 0.0756762624 0.0349785015 -0.00896477606
v 0.0762472078 0.0348578617 -0.00897973683
v 0.0762563869 0.0348996483 -0.00896376278
v 0.0756921694 0.0350442491 -0.00894033909
v 0.0762615725 0.0349231288 -0.00895476341
v 0.0762661621 0.03494405 -0.00894307997
v 0.075707607 0.0351057611 -0.00890648272
v 0.076274991 0.0349842906 -0.00892060902
v 0.0762845203 0.0350275598 -0.00888741016
v 0.0757223889 0.0351617299 -0.00886386633
v 0.0762872621 0.0350400805 -0.00887787342
v 0.0762926936 0.0350646898 -0.00885260105
v 0.075736098 0.0352110788 -0.00881343987
v 0.0762981102 0.0350893103 -0.00882738829
v 0.0763001963 0.0350987315 -0.00881457329
v 0.0757485628 0.0352527387 -0.0087561598
v 0.0763072893 0.0351310894 -0.00877028704
v 0.0763121173 0.035153091 -0.00872903969
v 0.0757594705 0.0352858901 -0.00869333744
v 0.0763146207 0.0351644717 -0.00870770216
v 0.0763165876 0.0351732299 -0.00868362095
v 0.0757685825 0.0353097916 -0.0086261034
v 0.0763199925 0.03518885 -0.00864082482
v 0.0763223693 0.0351994596 -0.00859075692
v 0.0757757425 0.0353240296 -0.00855600834
v 0.0763232708 0.0352036282 -0.00857114699
v 0.0763236806 0.0352054797 -0.00854480173
v 0.0748739764 0.0355222784 -0.0084621897
v 0.0748602673 0.0355090983 -0.00853252411
v 0.0748448893 0.0354859196 -0.00859981682
v 0.0748280212 0.0354532003 -0.00866264105
v 0.0748101398 0.0354116485 -0.00871968176
v 0.0747916102 0.0353621803 -0.0087698102
v 0.0747727677 0.0353057906 -0.00881183054
v 0.0747540519 0.03524369 -0.00884491205
v 0.0747358203 0.0351772308 -0.00886839628
v 0.0739850923 0.0357176587 -0.00828349497
v 0.0739648268 0.035705559 -0.00835329201
v 0.0739430711 0.0356831513 -0.00842010882
v 0.0739203021 0.0356508382 -0.00848233607
v 0.0738969967 0.03560948 -0.00853872206
v 0.0738736317 0.0355598293 -0.00858795643
v 0.0738508105 0.0355030783 -0.0086290827
v 0.0738289282 0.0354403816 -0.00866109133
v 0.0738085508 0.0353731513 -0.00868338346
v 0.0731171295 0.0359085202 -0.00802141428
v 0.0730902478 0.03589743 -0.00809013844
v 0.0730621815 0.0358757302 -0.00815576315
v 0.073033452 0.0358439609 -0.00821685698
v 0.0730047822 0.0358027183 -0.00827199221
v 0.0729767606 0.0357529484 -0.00831997301
v 0.0729499981 0.0356957912 -0.00835978892
v 0.0729252025 0.0356324911 -0.00839048624
v 0.0729027912 0.0355644189 -0.00841140654
v 0.0796989724 0.0340145193 -0.00899803638
v 0.0797933266 0.0344434306 -0.00855886936
v 0.0902017877 0.0321543813 -0.00873363018
v 0.0867323205 0.0329173207 -0.00865751505
v 0.0831767917 0.0332893096 -0.00899815466
v 0.0901448131 0.0318953916 -0.00899881124
v 0.0969552323 0.0305815302 -0.00899815466
v 0.0969138667 0.0305986404 -0.00899630692
v 0.0901505873 0.031921681 -0.00899505615
v 0.0968723819 0.0306157991 -0.00899446011
v 0.0901564881 0.0319483206 -0.00898867846
v 0.0968307778 0.0306329709 -0.00899261236
v 0.0901623294 0.0319749117 -0.0089794388
v 0.09682291 0.0306362491 -0.0089922538
v 0.0967798829 0.0306524001 -0.00898790266
v 0.0901680514 0.0320009515 -0.00896728039
v 0.0967267081 0.0306723695 -0.00898259785
v 0.0901736021 0.0320261084 -0.00895226002
v 0.0967236087 0.0306735598 -0.00898224115
v 0.0901787803 0.032049831 -0.0089344969
v 0.0966702104 0.0306926295 -0.00897592306
v 0.0966928601 0.0306850597 -0.00897914078
v 0.0966078565 0.0307133105 -0.00896710064
v 0.0901836082 0.0320718214 -0.00891423225
v 0.0965454504 0.0307340603 -0.00895821955
v 0.0901879594 0.0320916101 -0.0088917613
v 0.0964830518 0.0307548605 -0.00894933939
v 0.0901917815 0.0321088992 -0.00886744168
v 0.0901950002 0.0321235582 -0.00884175301
v 0.09641736 0.0307750702 -0.00893896818
v 0.0964600369 0.0307624899 -0.00894606113
v 0.0961429402 0.0308466498 -0.00888943579
v 0.0902010202 0.0321507417 -0.00876057055
v 0.096211791 0.0308291893 -0.00890207198
v 0.0901996419 0.0321444795 -0.00878780987
v 0.0962806866 0.0308117792 -0.00891470909
v 0.0901976228 0.0321354195 -0.00881505013
v 0.0963494703 0.0307943206 -0.00892734528
v 0.0963675305 0.0307897292 -0.0089306226
v 0.096087873 0.0308605991 -0.00887936261
v 0.0866590068 0.0325842984 -0.00899845269
v 0.0866664574 0.0326181613 -0.00899368525
v 0.0831855536 0.0333290584 -0.00899261236
v 0.0866740271 0.0326524302 -0.00898545887
v 0.0831943676 0.0333692394 -0.00898289587
v 0.0866815373 0.0326865911 -0.00897353794
v 0.0832031891 0.0334093496 -0.00896894932
v 0.0866889283 0.0327200815 -0.00895792246
v 0.0832118317 0.0334486887 -0.00895059109
v 0.0866960213 0.032752391 -0.00893860962
v 0.0832202435 0.0334866606 -0.00892794132
v 0.0832281113 0.0335225388 -0.00890111923
v 0.0832628012 0.0336803086 -0.00859779119
v 0.0832616016 0.0336748287 -0.00863850117
v 0.0867312476 0.0329126716 -0.00869214535
v 0.0832595229 0.0336654112 -0.00867968705
v 0.0867295191 0.0329046212 -0.00872719195
v 0.0832565427 0.0336517617 -0.00872075465
v 0.0867269635 0.0328929983 -0.00876217987
v 0.0832526013 0.0336338207 -0.00876104832
v 0.0867235586 0.0328777395 -0.00879651308
v 0.0832477212 0.0336117111 -0.00879990961
v 0.0867194533 0.0328589007 -0.00882959273
v 0.0832419917 0.033585541 -0.00883662701
v 0.0867145583 0.0328366086 -0.00886082556
v 0.083235383 0.033555679 -0.00887054205
v 0.0867089629 0.0328111611 -0.00888973381
v 0.079770498 0.0343394801 -0.00882077217
v 0.0797632933 0.0343067013 -0.00885802507
v 0.0797768235 0.0343681499 -0.00878053904
v 0.0797821209 0.0343924686 -0.00873792078
v 0.079786472 0.0344120786 -0.00869369507
v 0.0797897503 0.0344270393 -0.00864863303
v 0.0797920227 0.0344374105 -0.00860351324
v 0.0797085688 0.0340580903 -0.00899189711
v 0.0797182918 0.0341022015 -0.00898128655
v 0.0797279403 0.0341462418 -0.00896596909
v 0.079737477 0.0341893993 -0.00894582178
v 0.0797465965 0.0342309996 -0.00892096665
v 0.0797552988 0.0342703387 -0.00889158156
v 0.096722059 -0.0306691509 0.00381463696
v 0.0969012305 -0.03060483 0.00381463696
v 0.0973128602 -0.0304133203 0.00381463696
v 0.0973409414 -0.0303969905 0.00381463696
v 0.0964739919 -0.0307582002 0.00381463696
v 0.0999794006 -0.0264338795 0.00381463696
v 0.0999491215 -0.0266547706 0.00381463696
v 0.0999177024 -0.0268836599 0.00381463696
v 0.0998173282 -0.0273180604 0.00381463696
v 0.09981554 -0.0273259804 0.00381463696
v 0.0996736214 -0.02775722 0.00381463696
v 0.0995882675 -0.0279542804 0.00381463696
v 0.0994931981 -0.0281738006 0.00381463696
v 0.099283509 -0.0285580102 0.00381463696
v 0.0992757604 -0.0285722595 0.00381463696
v 0.0990230367 -0.0289493706 0.00381463696
v 0.0988929197 -0.0291099492 0.00381463696
v 0.0987371802 -0.0293020606 0.00381463696
v 0.0984374806 -0.0296098497 0.00381463696
v 0.0984205008 -0.0296273194 0.00381463696
v 0.0980756208 -0.0299225394 0.00381463696
v 0.0977054164 -0.0301852804 0.00381463696
v 0.0979136825 -0.0300374608 0.00381463696
v 0.0999794006 -0.0264319703 0.00385647989
v 0.0999794006 -0.0264261905 0.00389796402
v 0.0999794006 -0.0264165904 0.00393873407
v 0.0999794006 -0.0264033005 0.00397843122
v 0.0999794006 -0.0263863802 0.00401675701
v 0.0999794006 -0.0263659898 0.0040533538
v 0.0999794006 -0.0263423305 0.00408792403
v 0.0999794006 -0.0263155606 0.004120111
v 0.0999794006 -0.0262859408 0.00414973404
v 0.0999794006 -0.0262537003 0.00417649699
v 0.0999794006 -0.0262191202 0.00420022011
v 0.0999794006 -0.0261825304 0.00422060397
v 0.0999794006 -0.0261441991 0.00423747301
v 0.0999794006 -0.0261045005 0.00425082399
v 0.0999794006 -0.0260637403 0.00426041987
v 0.0999554321 -0.0259804092 0.00444257213
v 0.0999177024 -0.0259804092 0.00471788598
v 0.0999177024 -0.0260637403 0.00471401215
v 0.0996441171 -0.0259804092 0.00565952016
v 0.0994931981 -0.0259804092 0.00600796891
v 0.0994931981 -0.0261827707 0.00599861098
v 0.0976650715 -0.0259804092 0.00804293063
v 0.0973128602 -0.0259804092 0.00824749377
v 0.0973128602 -0.02638942 0.00822860003
v 0.0964739919 -0.0307378098 0.00425547315
v 0.0964739919 -0.0306768399 0.00469255401
v 0.0969012305 -0.0305260401 0.00466436101
v 0.0969012305 -0.0304282904 0.00508016301
v 0.0969012305 -0.0302925091 0.00548511697
v 0.0969012305 -0.0301200096 0.00587588502
v 0.0973128602 -0.0299485903 0.00579053117
v 0.0973128602 -0.0297493301 0.00614821911
v 0.0973128602 -0.0295179393 0.00648605777
v 0.0973128602 -0.0292563401 0.00680106785
v 0.0973128602 -0.0289668404 0.00709056808
v 0.0973128602 -0.0286518298 0.00735217286
v 0.0973128602 -0.0279562995 0.00778275682
v 0.0973128602 -0.0283140503 0.00758355809
v 0.0973128602 -0.0271935407 0.00807827711
v 0.0973128602 -0.0275817495 0.00794816017
v 0.0973128602 -0.02679497 0.00817203522
v 0.0969012305 -0.0305851102 0.00424128678
v 0.0973128602 -0.0303943697 0.0042236438
v 0.0973128602 -0.0303378105 0.00462913513
v 0.0973128602 -0.0302440505 0.00502771093
v 0.0973128602 -0.0301139299 0.00541597605
v 0.0980756208 -0.0259804092 0.00775676919
v 0.0977054164 -0.0259804092 0.00801944733
v 0.0977054164 -0.0263683703 0.00800150633
v 0.0977054164 -0.0267530605 0.00794786215
v 0.0977054164 -0.0271311402 0.00785893202
v 0.0977054164 -0.0274993703 0.00773554994
v 0.0977054164 -0.0278546792 0.00757867005
v 0.0977054164 -0.0281939507 0.00738966418
v 0.0977054164 -0.0285143796 0.00717013981
v 0.0977054164 -0.0288131796 0.00692206621
v 0.0977054164 -0.0290878396 0.00664740801
v 0.0977054164 -0.0293359701 0.00634860899
v 0.0977054164 -0.0295554306 0.00602817489
v 0.0977054164 -0.0297444407 0.00568890478
v 0.0977054164 -0.0299013201 0.00533360196
v 0.0977054164 -0.0300246999 0.00496530486
v 0.0977054164 -0.03011363 0.00458723307
v 0.0977054164 -0.0301673394 0.00420260383
v 0.0980756208 -0.0263441205 0.00773996115
v 0.0980756208 -0.0267047808 0.0076896539
v 0.0980756208 -0.02705919 0.007606267
v 0.0980756208 -0.0274044797 0.00749057485
v 0.0980756208 -0.0277375504 0.00734347105
v 0.0980756208 -0.0280556604 0.00716626598
v 0.0980756208 -0.0283560697 0.00696051121
v 0.0980756208 -0.0286362097 0.00672787381
v 0.0980756208 -0.0288936999 0.00647044089
v 0.0980756208 -0.0291262809 0.00619029906
v 0.0980756208 -0.0293320995 0.00588989211
v 0.0980756208 -0.0295092408 0.00557178212
v 0.0980756208 -0.0296563506 0.0052387109
v 0.0980756208 -0.0297720395 0.00489342213
v 0.0980756208 -0.0298554301 0.00453901198
v 0.0980756208 -0.0299057309 0.0041783452
v 0.0986335799 -0.0259804092 0.00724267913
v 0.0984205008 -0.0259804092 0.00746154692
v 0.0984205008 -0.0263168793 0.00744599104
v 0.0981739089 -0.0259804092 0.00767260697
v 0.0984205008 -0.0296117608 0.00415110495
v 0.0984205008 -0.0295652095 0.00448471308
v 0.0984205008 -0.0294880792 0.0048126569
v 0.0984205008 -0.0293810293 0.00513201905
v 0.0984205008 -0.0292450096 0.00544017507
v 0.0984205008 -0.0290811006 0.0057345028
v 0.0984205008 -0.0288907196 0.00601238012
v 0.0984205008 -0.0286754891 0.00627154112
v 0.0984205008 -0.0284373108 0.00650972081
v 0.0984205008 -0.0281781498 0.00672495319
v 0.0984205008 -0.0279002693 0.00691527082
v 0.0984205008 -0.0276060104 0.00707924319
v 0.0984205008 -0.0272978507 0.00721526099
v 0.0984205008 -0.0269784294 0.00732231094
v 0.0984205008 -0.0266505405 0.00739943888
v 0.0990230367 -0.0259804092 0.00678360416
v 0.0987371802 -0.0259804092 0.00713628484
v 0.0987371802 -0.0262869 0.00712209893
v 0.0987371802 -0.0265907608 0.00707972003
v 0.0987371802 -0.0268894397 0.00700944616
v 0.0987371802 -0.0271803103 0.00691199303
v 0.0987371802 -0.0274609905 0.0067880149
v 0.0987371802 -0.0277290307 0.00663876487
v 0.0987371802 -0.0279821698 0.00646537496
v 0.0987371802 -0.0282182004 0.00626933482
v 0.0987371802 -0.0284351092 0.00605237391
v 0.0987371802 -0.0286311507 0.00581633998
v 0.0987371802 -0.0288045406 0.00556325912
v 0.0987371802 -0.0289538503 0.00529521704
v 0.0987371802 -0.0290777609 0.00501453783
v 0.0987371802 -0.0291752797 0.00472360803
v 0.0987371802 -0.0292454902 0.00442498922
v 0.0987371802 -0.0292878691 0.00412112381
v 0.0990230367 -0.0262543503 0.00677096797
v 0.0990230367 -0.0265259705 0.00673305895
v 0.0990230367 -0.0267928801 0.00667029619
v 0.0990230367 -0.0270529296 0.0065831542
v 0.0990230367 -0.0273038093 0.00647234917
v 0.0990230367 -0.0275433604 0.0063388939
v 0.0990230367 -0.0277696196 0.00618392183
v 0.0990230367 -0.02798062 0.00600874377
v 0.0990230367 -0.0281745102 0.00581484986
v 0.0990230367 -0.0283496901 0.00560384896
v 0.0990230367 -0.02850472 0.00537759019
v 0.0990230367 -0.0286381207 0.00513803912
v 0.0990230367 -0.0287489202 0.00488716317
v 0.0990230367 -0.0288360696 0.00462710811
v 0.0990230367 -0.0288988296 0.00436019804
v 0.0990230367 -0.02893674 0.00408858014
v 0.0992757604 -0.0285612307 0.00405377103
v 0.0992757604 -0.0285281502 0.00429087784
v 0.0992757604 -0.0284733102 0.004523932
v 0.0992757604 -0.0283972602 0.00475090696
v 0.0992757604 -0.0283005796 0.00496989395
v 0.0992757604 -0.0281840507 0.00517904712
v 0.0992757604 -0.02804875 0.00537657691
v 0.0992757604 -0.0278958008 0.0055607548
v 0.0992757604 -0.0277265292 0.00573003199
v 0.0992757604 -0.0275423508 0.00588297797
v 0.0992757604 -0.0273448192 0.00601828005
v 0.0992757604 -0.0271357205 0.00613474799
v 0.0992757604 -0.0269166809 0.00623148587
v 0.0992757604 -0.0266897008 0.00630754186
v 0.0992757604 -0.0264566503 0.00636237813
v 0.0992757604 -0.0262195393 0.00639545918
v 0.0990383625 -0.0259804092 0.00676071597
v 0.099373281 -0.0259804092 0.00622773077
v 0.0992757604 -0.0259804092 0.00640648603
v 0.0994931981 -0.0263834503 0.00597065594
v 0.0994931981 -0.0265806299 0.00592428399
v 0.0994931981 -0.0267727301 0.00585985091
v 0.0994931981 -0.0269580409 0.0057780738
v 0.0994931981 -0.0271350704 0.00567948818
v 0.0994931981 -0.0273022 0.00556498719
v 0.0994931981 -0.0274580698 0.00543552591
v 0.0994931981 -0.0276012998 0.00529229594
v 0.0994931981 -0.0277307592 0.0051364298
v 0.0994931981 -0.0278452598 0.00496929791
v 0.0994931981 -0.0279438403 0.00479227304
v 0.0994931981 -0.0280256793 0.0046069622
v 0.0994931981 -0.0280900504 0.00441485597
v 0.0994931981 -0.0281364303 0.0042176242
v 0.0994931981 -0.0281644408 0.00401699496
v 0.0996736214 -0.0261443201 0.0055838218
v 0.0996736214 -0.0263068601 0.00556117203
v 0.0996736214 -0.0264666602 0.00552356197
v 0.0996736214 -0.0266222302 0.0054714079
v 0.0996736214 -0.0267723706 0.005405128
v 0.0996736214 -0.0269157793 0.00532525685
v 0.0996736214 -0.0270511508 0.00523251202
v 0.0996736214 -0.0271774493 0.00512766792
v 0.0996736214 -0.0272934996 0.00501161814
v 0.0996736214 -0.0273983404 0.00488537503
v 0.0996736214 -0.0274910908 0.00475001289
v 0.0996736214 -0.0275708996 0.00460660411
v 0.0996736214 -0.0276372395 0.00445646001
v 0.0996736214 -0.0276893899 0.00430089189
v 0.0996736214 -0.0277269408 0.00414109183
v 0.0996736214 -0.0277495906 0.00397854997
v 0.09981554 -0.0273202602 0.00393879414
v 0.09981554 -0.0273030903 0.0040618768
v 0.09981554 -0.0272745993 0.00418287516
v 0.09981554 -0.0272350907 0.00430071307
v 0.09981554 -0.0271848999 0.00441437913
v 0.09981554 -0.0271244608 0.00452297879
v 0.09981554 -0.0270541906 0.00462549878
v 0.09981554 -0.0269747898 0.0047211051
v 0.09981554 -0.02688694 0.00480902102
v 0.09981554 -0.0267912708 0.00488841487
v 0.09981554 -0.0266887508 0.00495862914
v 0.09981554 -0.0265801493 0.00501912786
v 0.09981554 -0.0264664795 0.00506931497
v 0.09981554 -0.0263486505 0.00510883285
v 0.09981554 -0.0262276493 0.0051372638
v 0.09981554 -0.0261045601 0.00515442993
v 0.0998384282 -0.0259804092 0.00506102992
v 0.09981554 -0.0259804092 0.00516021205
v 0.0996736214 -0.0259804092 0.00559139205
v 0.0999177024 -0.0261463504 0.00470250798
v 0.0999177024 -0.0262275897 0.00468337489
v 0.0999177024 -0.0263066795 0.00465690996
v 0.0999177024 -0.0263830405 0.0046231742
v 0.0999177024 -0.0264559295 0.00458258297
v 0.0999177024 -0.0265247207 0.00453543616
v 0.0999177024 -0.0265889093 0.00448215008
v 0.0999177024 -0.0266479198 0.00442314101
v 0.0999177024 -0.0267012101 0.00435894681
v 0.0999177024 -0.0267483499 0.00429010298
v 0.0999177024 -0.0267889407 0.00421726704
v 0.0999177024 -0.0268226806 0.00414091302
v 0.0999177024 -0.0268492103 0.00406181812
v 0.0999177024 -0.02686828 0.00398057606
v 0.0999177024 -0.02687978 0.00389796402
v 0.0999794006 -0.0259804092 0.00426810887
v 0.0999794006 -0.0260222498 0.00426620198
v 0.0999794006 0.0259804092 0.00426810887
v 0.0999554321 0.0259804092 0.00444257213
v 0.0999177024 0.0259804092 0.00471788598
v 0.0998384282 0.0259804092 0.00506102992
v 0.09981554 0.0259804092 0.00516021205
v 0.0996736214 0.0259804092 0.00559139205
v 0.0996441171 0.0259804092 0.00565952016
v 0.0994931981 0.0259804092 0.00600796891
v 0.099373281 0.0259804092 0.00622773077
v 0.0992757604 0.0259804092 0.00640648603
v 0.0990383625 0.0259804092 0.00676071597
v 0.0990230367 0.0259804092 0.00678360416
v 0.0987371802 0.0259804092 0.00713628484
v 0.0986335799 0.0259804092 0.00724267913
v 0.0984205008 0.0259804092 0.00746154692
v 0.0981739089 0.0259804092 0.00767260697
v 0.0980756208 0.0259804092 0.00775676919
v 0.0977054164 0.0259804092 0.00801944733
v 0.0976650715 0.0259804092 0.00804293063
v 0.0973128602 0.0259804092 0.00824749377
v 0.0999794006 0.0260222498 0.00426620198
v 0.0999794006 0.0260637403 0.00426041987
v 0.0999794006 0.0261045005 0.00425082399
v 0.0999794006 0.0261441991 0.00423747301
v 0.0999794006 0.0261825304 0.00422060397
v 0.0999794006 0.0262191202 0.00420022011
v 0.0999794006 0.0262537003 0.00417649699
v 0.0999794006 0.0262859408 0.00414973404
v 0.0999794006 0.0263155606 0.004120111
v 0.0999794006 0.0263423305 0.00408792403
v 0.0999794006 0.0263659898 0.0040533538
v 0.0999794006 0.0263863802 0.00401675701
v 0.0999794006 0.0264033005 0.00397843122
v 0.0999794006 0.0264165904 0.00393873407
v 0.0999794006 0.0264261905 0.00389796402
v 0.0999794006 0.0264319703 0.00385647989
v 0.0999794006 0.0264338795 0.00381463696
v 0.0998173282 0.0273180604 0.00381463696
v 0.09981554 0.0273259804 0.00381463696
v 0.09981554 0.0273202602 0.00393879414
v 0.099283509 0.0285580102 0.00381463696
v 0.0992757604 0.0285722595 0.00381463696
v 0.0992757604 0.0285612307 0.00405377103
v 0.0984374806 0.0296098497 0.00381463696
v 0.0984205008 0.0296273194 0.00381463696
v 0.0984205008 0.0296117608 0.00415110495
v 0.0973409414 0.0303969905 0.00381463696
v 0.0973128602 0.0304133203 0.00381463696
v 0.0973128602 0.0303943697 0.0042236438
v 0.0964739919 0.0306768399 0.00469255401
v 0.0969012305 0.0301200096 0.00587588502
v 0.0973128602 0.02638942 0.00822860003
v 0.0973128602 0.0275817495 0.00794816017
v 0.0973128602 0.0271935407 0.00807827711
v 0.0973128602 0.02679497 0.00817203522
v 0.0973128602 0.0279562995 0.00778275682
v 0.0973128602 0.0283140503 0.00758355809
v 0.0973128602 0.0289668404 0.00709056808
v 0.0973128602 0.0286518298 0.00735217286
v 0.0973128602 0.0292563401 0.00680106785
v 0.0973128602 0.0295179393 0.00648605777
v 0.0973128602 0.0297493301 0.00614821911
v 0.0969012305 0.0302925091 0.00548511697
v 0.0969012305 0.0304282904 0.00508016301
v 0.0969012305 0.0305260401 0.00466436101
v 0.0964739919 0.0307378098 0.00425547315
v 0.0964739919 0.0307582002 0.00381463696
v 0.0969012305 0.0305851102 0.00424128678
v 0.0969012305 0.03060483 0.00381463696
v 0.096722059 0.0306691509 0.00381463696
v 0.0973128602 0.0299485903 0.00579053117
v 0.0973128602 0.0301139299 0.00541597605
v 0.0973128602 0.0302440505 0.00502771093
v 0.0973128602 0.0303378105 0.00462913513
v 0.0979136825 0.0300374608 0.00381463696
v 0.0977054164 0.0301852804 0.00381463696
v 0.0977054164 0.0301673394 0.00420260383
v 0.0977054164 0.03011363 0.00458723307
v 0.0977054164 0.0300246999 0.00496530486
v 0.0977054164 0.0299013201 0.00533360196
v 0.0977054164 0.0297444407 0.00568890478
v 0.0977054164 0.0295554306 0.00602817489
v 0.0977054164 0.0293359701 0.00634860899
v 0.0977054164 0.0290878396 0.00664740801
v 0.0977054164 0.0288131796 0.00692206621
v 0.0977054164 0.0285143796 0.00717013981
v 0.0977054164 0.0281939507 0.00738966418
v 0.0977054164 0.0278546792 0.00757867005
v 0.0977054164 0.0274993703 0.00773554994
v 0.0977054164 0.0271311402 0.00785893202
v 0.0977054164 0.0267530605 0.00794786215
v 0.0977054164 0.0263683703 0.00800150633
v 0.0980756208 0.0299057309 0.0041783452
v 0.0980756208 0.0299225394 0.00381463696
v 0.0980756208 0.0298554301 0.00453901198
v 0.0980756208 0.0297720395 0.00489342213
v 0.0980756208 0.0296563506 0.0052387109
v 0.0980756208 0.0295092408 0.00557178212
v 0.0980756208 0.0293320995 0.00588989211
v 0.0980756208 0.0291262809 0.00619029906
v 0.0980756208 0.0288936999 0.00647044089
v 0.0980756208 0.0286362097 0.00672787381
v 0.0980756208 0.0283560697 0.00696051121
v 0.0980756208 0.0280556604 0.00716626598
v 0.0980756208 0.0277375504 0.00734347105
v 0.0980756208 0.0274044797 0.00749057485
v 0.0980756208 0.02705919 0.007606267
v 0.0980756208 0.0267047808 0.0076896539
v 0.0980756208 0.0263441205 0.00773996115
v 0.0984205008 0.0263168793 0.00744599104
v 0.0984205008 0.0266505405 0.00739943888
v 0.0984205008 0.0269784294 0.00732231094
v 0.0984205008 0.0272978507 0.00721526099
v 0.0984205008 0.0276060104 0.00707924319
v 0.0984205008 0.0279002693 0.00691527082
v 0.0984205008 0.0281781498 0.00672495319
v 0.0984205008 0.0284373108 0.00650972081
v 0.0984205008 0.0286754891 0.00627154112
v 0.0984205008 0.0288907196 0.00601238012
v 0.0984205008 0.0290811006 0.0057345028
v 0.0984205008 0.0292450096 0.00544017507
v 0.0984205008 0.0293810293 0.00513201905
v 0.0984205008 0.0294880792 0.0048126569
v 0.0984205008 0.0295652095 0.00448471308
v 0.0987371802 0.0292878691 0.00412112381
v 0.0987371802 0.0292454902 0.00442498922
v 0.0987371802 0.0291752797 0.00472360803
v 0.0987371802 0.0290777609 0.00501453783
v 0.0987371802 0.0289538503 0.00529521704
v 0.0987371802 0.0288045406 0.00556325912
v 0.0987371802 0.0286311507 0.00581633998
v 0.0987371802 0.0284351092 0.00605237391
v 0.0987371802 0.0282182004 0.00626933482
v 0.0987371802 0.0279821698 0.00646537496
v 0.0987371802 0.0277290307 0.00663876487
v 0.0987371802 0.0274609905 0.0067880149
v 0.0987371802 0.0271803103 0.00691199303
v 0.0987371802 0.0268894397 0.00700944616
v 0.0987371802 0.0265907608 0.00707972003
v 0.0987371802 0.0262869 0.00712209893
v 0.0990230367 0.0289493706 0.00381463696
v 0.0988929197 0.0291099492 0.00381463696
v 0.0987371802 0.0293020606 0.00381463696
v 0.0990230367 0.02893674 0.00408858014
v 0.0990230367 0.0288988296 0.00436019804
v 0.0990230367 0.0288360696 0.00462710811
v 0.0990230367 0.0287489202 0.00488716317
v 0.0990230367 0.0286381207 0.00513803912
v 0.0990230367 0.02850472 0.00537759019
v 0.0990230367 0.0283496901 0.00560384896
v 0.0990230367 0.0281745102 0.00581484986
v 0.0990230367 0.02798062 0.00600874377
v 0.0990230367 0.0277696196 0.00618392183
v 0.0990230367 0.0275433604 0.0063388939
v 0.0990230367 0.0273038093 0.00647234917
v 0.0990230367 0.0270529296 0.0065831542
v 0.0990230367 0.0267928801 0.00667029619
v 0.0990230367 0.0265259705 0.00673305895
v 0.0990230367 0.0262543503 0.00677096797
v 0.0992757604 0.0262195393 0.00639545918
v 0.0992757604 0.0264566503 0.00636237813
v 0.0992757604 0.0266897008 0.00630754186
v 0.0992757604 0.0269166809 0.00623148587
v 0.0992757604 0.0271357205 0.00613474799
v 0.0992757604 0.0273448192 0.00601828005
v 0.0992757604 0.0275423508 0.00588297797
v 0.0992757604 0.0277265292 0.00573003199
v 0.0992757604 0.0278958008 0.0055607548
v 0.0992757604 0.02804875 0.00537657691
v 0.0992757604 0.0281840507 0.00517904712
v 0.0992757604 0.0283005796 0.00496989395
v 0.0992757604 0.0283972602 0.00475090696
v 0.0992757604 0.0284733102 0.004523932
v 0.0992757604 0.0285281502 0.00429087784
v 0.0994931981 0.0281644408 0.00401699496
v 0.0994931981 0.0281364303 0.0042176242
v 0.0994931981 0.0280900504 0.00441485597
v 0.0994931981 0.0280256793 0.0046069622
v 0.0994931981 0.0279438403 0.00479227304
v 0.0994931981 0.0278452598 0.00496929791
v 0.0994931981 0.0277307592 0.0051364298
v 0.0994931981 0.0276012998 0.00529229594
v 0.0994931981 0.0274580698 0.00543552591
v 0.0994931981 0.0273022 0.00556498719
v 0.0994931981 0.0271350704 0.00567948818
v 0.0994931981 0.0269580409 0.0057780738
v 0.0994931981 0.0267727301 0.00585985091
v 0.0994931981 0.0265806299 0.00592428399
v 0.0994931981 0.0263834503 0.00597065594
v 0.0994931981 0.0261827707 0.00599861098
v 0.0996736214 0.02775722 0.00381463696
v 0.0995882675 0.0279542804 0.00381463696
v 0.0994931981 0.0281738006 0.00381463696
v 0.0996736214 0.0277495906 0.00397854997
v 0.0996736214 0.0277269408 0.00414109183
v 0.0996736214 0.0276893899 0.00430089189
v 0.0996736214 0.0276372395 0.00445646001
v 0.0996736214 0.0275708996 0.00460660411
v 0.0996736214 0.0274910908 0.00475001289
v 0.0996736214 0.0273983404 0.00488537503
v 0.0996736214 0.0272934996 0.00501161814
v 0.0996736214 0.0271774493 0.00512766792
v 0.0996736214 0.0270511508 0.00523251202
v 0.0996736214 0.0269157793 0.00532525685
v 0.0996736214 0.0267723706 0.005405128
v 0.0996736214 0.0266222302 0.0054714079
v 0.0996736214 0.0264666602 0.00552356197
v 0.0996736214 0.0263068601 0.00556117203
v 0.0996736214 0.0261443201 0.0055838218
v 0.09981554 0.0261045601 0.00515442993
v 0.09981554 0.0262276493 0.0051372638
v 0.09981554 0.0263486505 0.00510883285
v 0.09981554 0.0264664795 0.00506931497
v 0.09981554 0.0265801493 0.00501912786
v 0.09981554 0.0266887508 0.00495862914
v 0.09981554 0.0267912708 0.00488841487
v 0.09981554 0.02688694 0.00480902102
v 0.09981554 0.0269747898 0.0047211051
v 0.09981554 0.0270541906 0.00462549878
v 0.09981554 0.0271244608 0.00452297879
v 0.09981554 0.0271848999 0.00441437913
v 0.09981554 0.0272350907 0.00430071307
v 0.09981554 0.0272745993 0.00418287516
v 0.09981554 0.0273030903 0.0040618768
v 0.0999177024 0.02687978 0.00389796402
v 0.0999177024 0.02686828 0.00398057606
v 0.0999177024 0.0268492103 0.00406181812
v 0.0999177024 0.0268226806 0.00414091302
v 0.0999177024 0.0267889407 0.00421726704
v 0.0999177024 0.0267483499 0.00429010298
v 0.0999177024 0.0267012101 0.00435894681
v 0.0999177024 0.0266479198 0.00442314101
v 0.0999177024 0.0265889093 0.00448215008
v 0.0999177024 0.0265247207 0.00453543616
v 0.0999177024 0.0264559295 0.00458258297
v 0.0999177024 0.0263830405 0.0046231742
v 0.0999177024 0.0263066795 0.00465690996
v 0.0999177024 0.0262275897 0.00468337489
v 0.0999177024 0.0261463504 0.00470250798
v 0.0999177024 0.0260637403 0.00471401215
v 0.0999491215 0.0266547706 0.00381463696
v 0.0999177024 0.0268836599 0.00381463696
f 1 2 3
f 4 5 6
f 7 8 9
f 10 11 7
f 7 11 12
f 13 14 9
f 9 14 15
f 16 17 18
f 18 17 19
f 18 19 20
f 21 3 22
f 22 3 23
f 22 23 24
f 24 23 25
f 12 26 7
f 7 26 27
f 7 27 28
f 29 30 9
f 9 30 31
f 9 31 13
f 15 32 9
f 9 32 33
f 9 33 7
f 7 33 34
f 7 34 10
f 35 36 18
f 21 37 3
f 3 37 38
f 3 38 39
f 28 40 7
f 7 40 41
f 7 41 6
f 6 41 42
f 6 42 4
f 36 43 18
f 18 43 44
f 18 44 45
f 46 47 2
f 39 48 3
f 3 48 49
f 3 49 1
f 50 3 51
f 51 3 2
f 51 2 52
f 52 2 47
f 53 54 18
f 55 56 18
f 18 56 57
f 18 57 35
f 45 58 18
f 18 58 59
f 18 59 60
f 53 18 61
f 60 62 18
f 18 62 63
f 18 63 16
f 64 65 66
f 64 67 65
f 65 67 68
f 65 68 69
f 70 71 2
f 2 71 72
f 2 72 46
f 73 74 18
f 54 75 18
f 18 75 76
f 18 76 77
f 20 78 18
f 18 78 79
f 18 79 80
f 80 79 65
f 80 65 81
f 81 65 69
f 82 83 70
f 70 83 84
f 70 84 71
f 74 85 18
f 18 85 86
f 18 86 61
f 87 88 82
f 82 88 89
f 82 89 83
f 77 90 18
f 18 90 91
f 18 91 92
f 92 93 18
f 18 93 94
f 18 94 55
f 66 95 64
f 64 95 96
f 64 96 97
f 97 98 64
f 64 98 99
f 64 99 87
f 87 99 100
f 87 100 88
f 101 102 18
f 18 102 103
f 18 103 73
f 104 18 105
f 105 18 106
f 104 107 18
f 18 107 108
f 18 108 101
f 109 110 111
f 112 113 18
f 18 113 114
f 18 114 106
f 29 9 111
f 111 9 115
f 111 115 116
f 111 117 118
f 116 119 111
f 111 119 120
f 111 120 121
f 110 122 111
f 111 122 123
f 111 123 124
f 124 125 111
f 111 125 126
f 111 126 127
f 121 128 111
f 111 128 129
f 111 129 130
f 130 131 111
f 111 131 132
f 111 132 109
f 133 134 18
f 18 134 135
f 18 135 112
f 127 136 111
f 111 136 137
f 111 137 138
f 139 140 18
f 18 140 141
f 18 141 133
f 138 142 111
f 111 142 143
f 111 143 117
f 118 144 111
f 111 144 145
f 111 145 146
f 147 148 18
f 18 148 149
f 18 149 150
f 18 151 152
f 150 153 18
f 18 153 154
f 18 154 139
f 152 155 18
f 18 155 156
f 18 156 147
f 146 157 111
f 111 157 158
f 111 158 18
f 18 158 159
f 18 159 160
f 160 161 18
f 18 161 162
f 18 162 151
f 163 164 165
f 166 167 168
f 169 170 171
f 8 7 172
f 172 7 173
f 174 175 176
f 174 176 177
f 176 178 177
f 177 178 179
f 177 179 180
f 180 179 181
f 180 181 182
f 182 181 183
f 182 183 184
f 184 183 185
f 184 185 173
f 173 185 186
f 173 186 172
f 187 188 189
f 189 188 190
f 189 190 174
f 174 190 191
f 174 191 175
f 187 189 192
f 192 189 193
f 192 193 194
f 195 196 197
f 197 196 198
f 197 198 193
f 193 198 199
f 193 199 194
f 200 201 202
f 202 201 203
f 202 203 197
f 197 203 204
f 197 204 195
f 205 206 207
f 206 208 207
f 207 208 209
f 207 209 202
f 202 209 210
f 202 210 200
f 211 212 213
f 212 214 213
f 213 214 215
f 213 215 207
f 207 215 216
f 207 216 205
f 217 218 219
f 219 220 221
f 221 222 219
f 219 222 223
f 219 223 224
f 224 225 219
f 219 225 226
f 219 226 217
f 218 227 219
f 219 227 228
f 219 228 229
f 229 230 219
f 219 230 231
f 219 231 232
f 232 233 219
f 219 233 234
f 219 234 235
f 236 237 238
f 238 237 239
f 238 239 240
f 235 241 219
f 219 241 242
f 219 242 243
f 243 242 237
f 243 237 244
f 244 237 236
f 245 246 247
f 245 247 248
f 240 239 247
f 247 239 249
f 247 249 248
f 246 250 247
f 247 250 251
f 247 251 252
f 252 253 247
f 247 253 254
f 247 254 255
f 255 256 257
f 257 256 258
f 258 259 257
f 257 259 260
f 257 260 261
f 261 262 257
f 257 262 263
f 257 263 264
f 264 265 257
f 257 265 266
f 257 266 267
f 267 268 257
f 257 268 269
f 257 269 270
f 270 271 257
f 257 271 272
f 257 272 273
f 273 274 257
f 257 274 275
f 257 275 276
f 276 277 257
f 257 277 278
f 257 278 255
f 255 278 279
f 255 279 247
f 280 281 282
f 282 281 283
f 282 283 284
f 285 286 282
f 286 287 282
f 282 287 288
f 282 288 280
f 284 289 282
f 282 289 290
f 282 290 291
f 291 292 282
f 282 292 293
f 282 293 213
f 213 293 294
f 213 294 211
f 295 296 220
f 220 296 297
f 220 297 298
f 298 299 220
f 220 299 300
f 220 300 301
f 301 302 220
f 220 302 303
f 220 303 221
f 304 305 306
f 306 305 307
f 306 307 308
f 308 309 306
f 306 309 310
f 306 310 220
f 220 310 311
f 220 311 295
f 312 313 314
f 315 316 317
f 315 317 314
f 314 317 318
f 314 318 312
f 313 319 314
f 314 319 320
f 314 320 306
f 306 320 321
f 306 321 304
f 315 322 323
f 323 324 315
f 315 324 325
f 315 325 326
f 326 327 315
f 315 327 328
f 315 328 316
f 329 330 322
f 322 330 331
f 322 331 332
f 332 333 322
f 322 333 334
f 322 334 323
f 335 336 329
f 329 336 337
f 329 337 330
f 170 338 171
f 171 338 339
f 171 339 329
f 329 339 340
f 329 340 335
f 167 341 168
f 168 341 342
f 168 342 171
f 171 342 343
f 171 343 169
f 344 168 345
f 345 168 346
f 344 347 168
f 168 347 348
f 168 348 166
f 349 350 346
f 346 350 351
f 346 351 345
f 164 352 165
f 165 352 353
f 165 353 354
f 353 355 354
f 354 355 356
f 354 356 357
f 357 358 354
f 354 358 359
f 354 359 346
f 346 359 360
f 346 360 349
f 361 362 363
f 363 362 364
f 363 364 165
f 165 364 365
f 165 365 163
f 361 363 366
f 366 363 3
f 366 3 50
f 367 368 369
f 369 368 370
f 369 370 371
f 371 370 372
f 371 372 373
f 373 372 374
f 373 374 375
f 375 374 376
f 375 376 282
f 282 376 219
f 282 219 285
f 285 219 243
f 377 378 379
f 379 378 380
f 381 382 383
f 384 385 386
f 387 388 389
f 390 391 392
f 393 394 395
f 396 397 398
f 399 400 401
f 402 403 404
f 405 406 407
f 408 409 410
f 411 412 413
f 414 415 416
f 417 418 419
f 420 421 422
f 422 421 423
f 424 425 426
f 426 425 378
f 426 378 377
f 424 427 425
f 425 427 428
f 425 428 429
f 428 430 429
f 429 430 431
f 429 431 419
f 419 431 432
f 419 432 417
f 418 433 419
f 419 433 434
f 419 434 435
f 434 436 435
f 435 436 437
f 435 437 416
f 416 437 438
f 416 438 414
f 415 439 416
f 416 439 440
f 416 440 441
f 440 442 441
f 441 442 443
f 441 443 413
f 413 443 444
f 413 444 411
f 412 445 413
f 413 445 446
f 413 446 447
f 446 448 447
f 447 448 449
f 447 449 410
f 410 449 450
f 410 450 408
f 409 451 410
f 410 451 452
f 410 452 453
f 453 452 454
f 453 454 455
f 456 457 458
f 458 457 453
f 458 453 459
f 459 453 455
f 456 460 457
f 457 460 461
f 457 461 462
f 462 461 463
f 462 463 464
f 465 466 467
f 467 466 462
f 467 462 468
f 468 462 464
f 465 469 466
f 466 469 470
f 466 470 471
f 471 470 472
f 471 472 473
f 474 475 476
f 476 475 471
f 476 471 477
f 477 471 473
f 474 478 475
f 475 478 479
f 475 479 480
f 480 479 481
f 480 481 482
f 483 484 485
f 485 484 480
f 485 480 486
f 486 480 482
f 483 487 484
f 484 487 488
f 484 488 489
f 489 488 490
f 489 490 491
f 492 493 494
f 494 493 489
f 494 489 495
f 495 489 491
f 492 496 493
f 493 496 497
f 493 497 498
f 498 497 499
f 498 499 500
f 500 499 501
f 501 502 500
f 500 502 503
f 500 503 504
f 504 505 500
f 500 505 506
f 500 506 507
f 507 506 508
f 507 508 509
f 509 508 510
f 510 511 509
f 509 511 512
f 509 512 513
f 513 514 509
f 509 514 515
f 509 515 516
f 516 515 517
f 516 517 518
f 518 517 519
f 519 520 518
f 518 520 521
f 518 521 522
f 523 524 525
f 525 524 518
f 525 518 526
f 526 518 522
f 523 527 524
f 524 527 528
f 524 528 529
f 528 530 529
f 529 530 531
f 529 531 407
f 407 531 532
f 407 532 405
f 406 533 407
f 407 533 534
f 407 534 535
f 534 536 535
f 535 536 537
f 535 537 404
f 404 537 538
f 404 538 402
f 403 539 404
f 404 539 540
f 404 540 541
f 540 542 541
f 541 542 543
f 541 543 401
f 401 543 544
f 401 544 399
f 400 545 401
f 401 545 546
f 401 546 547
f 546 548 547
f 547 548 549
f 547 549 398
f 398 549 550
f 398 550 396
f 397 551 398
f 398 551 552
f 398 552 553
f 552 554 553
f 553 554 555
f 553 555 395
f 395 555 556
f 395 556 393
f 394 557 395
f 395 557 558
f 395 558 559
f 558 560 559
f 559 560 561
f 559 561 392
f 392 561 562
f 392 562 390
f 391 563 392
f 392 563 564
f 392 564 565
f 564 566 565
f 565 566 567
f 565 567 389
f 389 567 568
f 389 568 387
f 388 569 389
f 389 569 570
f 389 570 571
f 570 572 571
f 571 572 573
f 571 573 386
f 386 573 574
f 386 574 384
f 385 575 386
f 386 575 576
f 386 576 577
f 576 578 577
f 577 578 579
f 577 579 383
f 383 579 580
f 383 580 381
f 382 581 383
f 383 581 582
f 383 582 583
f 583 582 584
f 583 584 585
f 586 587 588
f 588 587 583
f 588 583 589
f 589 583 585
f 586 590 587
f 587 590 591
f 587 591 592
f 592 591 593
f 592 593 594
f 595 596 597
f 597 596 592
f 597 592 598
f 598 592 594
f 595 599 596
f 596 599 600
f 596 600 601
f 601 600 602
f 601 602 603
f 604 605 606
f 606 605 601
f 606 601 607
f 607 601 603
f 604 608 605
f 605 608 609
f 605 609 423
f 423 609 610
f 423 610 422
f 611 612 420
f 420 612 421
f 613 614 615
f 615 614 616
f 617 618 619
f 619 618 620
f 621 622 623
f 624 625 626
f 626 625 627
f 626 627 628
f 628 627 629
f 621 623 627
f 627 623 630
f 627 630 629
f 631 632 620
f 633 634 622
f 622 634 635
f 622 635 623
f 636 637 638
f 633 639 634
f 634 639 640
f 634 640 632
f 632 640 619
f 632 619 620
f 641 642 643
f 640 644 619
f 619 644 638
f 619 638 645
f 645 638 637
f 631 620 646
f 646 620 647
f 646 647 648
f 636 638 643
f 643 638 649
f 643 649 641
f 650 651 652
f 648 653 646
f 646 653 650
f 646 650 654
f 654 650 652
f 655 656 657
f 657 656 658
f 659 660 661
f 661 660 658
f 661 658 662
f 662 658 656
f 663 664 665
f 665 664 666
f 667 668 669
f 670 671 672
f 673 674 675
f 676 677 678
f 679 680 681
f 665 666 682
f 682 666 683
f 682 683 684
f 685 686 687
f 687 686 688
f 687 688 689
f 684 683 690
f 690 683 691
f 690 691 692
f 693 694 695
f 695 696 693
f 693 696 697
f 693 697 691
f 691 697 698
f 691 698 692
f 694 693 699
f 699 693 700
f 699 700 701
f 702 703 704
f 704 705 702
f 702 705 706
f 702 706 700
f 700 706 707
f 700 707 701
f 703 702 708
f 708 702 709
f 708 709 710
f 711 712 713
f 713 714 711
f 711 714 715
f 711 715 709
f 709 715 716
f 709 716 710
f 712 711 717
f 717 711 718
f 717 718 719
f 720 721 722
f 722 721 723
f 722 723 718
f 718 723 724
f 718 724 719
f 680 725 681
f 681 725 726
f 681 726 722
f 722 726 727
f 722 727 720
f 728 729 730
f 728 730 681
f 681 730 731
f 681 731 679
f 729 728 732
f 732 728 733
f 732 733 734
f 735 736 733
f 733 736 737
f 737 738 733
f 733 738 739
f 733 739 734
f 677 740 678
f 678 740 741
f 678 741 735
f 735 741 742
f 735 742 736
f 743 744 745
f 743 745 678
f 678 745 746
f 678 746 676
f 744 743 747
f 747 743 748
f 747 748 749
f 750 751 748
f 748 751 752
f 752 753 748
f 748 753 754
f 748 754 749
f 674 755 675
f 675 755 756
f 675 756 750
f 750 756 757
f 750 757 751
f 758 759 760
f 758 760 675
f 675 760 761
f 675 761 673
f 759 758 762
f 762 758 763
f 762 763 764
f 765 766 763
f 763 766 767
f 767 768 763
f 763 768 769
f 763 769 764
f 671 770 672
f 672 770 771
f 672 771 765
f 765 771 772
f 765 772 766
f 773 774 775
f 773 775 672
f 672 775 776
f 672 776 670
f 774 773 777
f 777 773 778
f 777 778 779
f 780 781 778
f 778 781 782
f 782 783 778
f 778 783 784
f 778 784 779
f 785 786 787
f 787 786 788
f 787 788 780
f 780 788 789
f 780 789 781
f 785 787 790
f 790 787 791
f 790 791 792
f 791 793 794
f 794 795 791
f 791 795 796
f 791 796 792
f 793 791 797
f 797 791 798
f 797 798 799
f 799 798 800
f 799 800 801
f 800 802 803
f 803 804 800
f 800 804 805
f 800 805 801
f 802 800 806
f 806 800 807
f 806 807 808
f 808 807 809
f 808 809 810
f 809 811 812
f 812 813 809
f 809 813 814
f 809 814 810
f 811 809 815
f 815 809 816
f 815 816 817
f 817 816 818
f 817 818 819
f 820 821 822
f 822 823 820
f 820 823 824
f 820 824 818
f 818 824 825
f 818 825 819
f 821 820 826
f 826 820 827
f 826 827 828
f 829 830 831
f 831 832 829
f 829 832 833
f 829 833 827
f 827 833 834
f 827 834 828
f 830 829 835
f 835 829 836
f 835 836 837
f 838 839 840
f 840 841 838
f 838 841 842
f 838 842 836
f 836 842 843
f 836 843 837
f 839 838 844
f 844 838 845
f 844 845 846
f 847 848 849
f 849 850 847
f 847 850 851
f 847 851 845
f 845 851 852
f 845 852 846
f 848 847 853
f 853 847 854
f 853 854 855
f 856 857 858
f 858 859 856
f 856 859 860
f 856 860 854
f 854 860 861
f 854 861 855
f 857 856 862
f 862 856 863
f 862 863 864
f 865 866 867
f 867 868 865
f 865 868 869
f 865 869 863
f 863 869 870
f 863 870 864
f 866 865 871
f 871 865 872
f 871 872 873
f 874 875 872
f 872 875 876
f 876 877 872
f 872 877 878
f 872 878 873
f 668 879 669
f 669 879 880
f 669 880 874
f 874 880 881
f 874 881 875
f 882 883 884
f 882 884 669
f 669 884 885
f 669 885 667
f 883 882 886
f 886 882 887
f 886 887 888
f 889 890 887
f 887 890 891
f 891 892 887
f 887 892 893
f 887 893 888
f 685 894 686
f 686 894 895
f 686 895 889
f 889 895 896
f 889 896 890
f 689 688 897
f 897 688 898
f 899 900 901
f 902 903 904
f 904 903 901
f 904 901 905
f 900 906 901
f 901 906 907
f 901 907 908
f 908 909 901
f 901 909 910
f 901 910 905
f 911 912 901
f 901 912 913
f 901 913 899
f 914 915 916
f 916 915 917
f 916 917 918
f 918 917 919
f 919 917 920
f 920 917 921
f 920 921 922
f 914 923 915
f 915 923 924
f 915 924 911
f 911 924 925
f 911 925 912
f 926 927 928
f 929 930 931
f 931 930 932
f 933 934 935
f 936 937 938
f 938 937 928
f 938 928 939
f 939 928 927
f 940 941 942
f 942 941 943
f 943 944 942
f 942 944 945
f 942 945 928
f 928 945 946
f 928 946 926
f 932 947 931
f 931 947 948
f 931 948 942
f 942 948 949
f 942 949 940
f 950 951 952
f 952 951 953
f 954 955 952
f 956 957 958
f 958 959 956
f 956 959 960
f 956 960 921
f 921 960 961
f 921 961 922
f 934 962 935
f 935 962 963
f 935 963 956
f 956 963 964
f 956 964 957
f 936 965 937
f 937 965 966
f 937 966 967
f 967 968 937
f 937 968 969
f 937 969 935
f 935 969 970
f 935 970 933
f 953 971 952
f 952 971 972
f 952 972 931
f 931 972 973
f 931 973 929
f 974 975 952
f 976 977 952
f 978 979 980
f 981 982 980
f 983 984 980
f 985 986 952
f 987 988 980
f 979 989 980
f 980 989 990
f 980 990 991
f 955 992 952
f 952 992 993
f 952 993 994
f 994 995 952
f 952 995 996
f 952 996 997
f 977 998 952
f 952 998 999
f 952 999 950
f 1000 1001 980
f 980 1001 1002
f 1002 1003 980
f 980 1003 1004
f 980 1004 1005
f 991 1006 980
f 980 1006 1007
f 980 1007 1008
f 1009 980 1010
f 1010 980 1011
f 1012 1013 980
f 1014 1015 980
f 1016 1017 980
f 980 1017 1018
f 1019 1020 980
f 980 1020 1021
f 1021 1022 980
f 980 1022 1023
f 980 1023 1024
f 1024 1025 980
f 980 1025 1026
f 980 1026 1027
f 1027 1028 980
f 980 1028 1029
f 980 1029 1030
f 1005 1031 980
f 980 1031 1032
f 980 1032 1033
f 1033 1034 980
f 980 1034 1035
f 980 1035 978
f 1008 1036 980
f 980 1036 1037
f 980 1037 1038
f 1013 1039 980
f 980 1039 1040
f 980 1040 981
f 1041 1042 980
f 997 1043 952
f 952 1043 1044
f 952 1044 1045
f 1045 1046 952
f 952 1046 1047
f 952 1047 1048
f 1048 1049 952
f 952 1049 1050
f 952 1050 1051
f 975 1052 952
f 952 1052 1053
f 952 1053 1054
f 986 1055 952
f 952 1055 1056
f 952 1056 1057
f 1057 1058 952
f 952 1058 1059
f 952 1059 1060
f 1060 1061 952
f 952 1061 1062
f 952 1062 976
f 1063 980 952
f 952 980 1064
f 952 1064 954
f 1018 1065 980
f 980 1065 1066
f 980 1066 1067
f 988 1068 980
f 980 1068 1069
f 980 1069 1070
f 1070 1071 980
f 980 1071 1072
f 980 1072 1000
f 1038 1073 980
f 980 1073 1074
f 980 1074 1011
f 1075 1076 980
f 980 1076 1077
f 980 1077 1078
f 1078 1079 980
f 980 1079 1080
f 980 1080 1081
f 1082 1083 980
f 980 1083 1084
f 1084 1085 980
f 980 1085 1086
f 980 1086 1087
f 1087 1088 980
f 980 1088 1089
f 980 1089 1090
f 1090 1091 980
f 980 1091 1092
f 980 1092 1093
f 984 1094 980
f 980 1094 1095
f 980 1095 1096
f 1097 1098 980
f 1098 1099 980
f 980 1099 1100
f 980 1100 1101
f 1101 1102 980
f 980 1102 1103
f 980 1103 1104
f 1105 1106 1103
f 1107 1108 952
f 952 1108 1109
f 1054 1110 952
f 952 1110 1111
f 952 1111 985
f 1063 1112 980
f 980 1112 1113
f 980 1113 1114
f 1114 1115 980
f 980 1115 1116
f 980 1116 1117
f 1117 1118 980
f 980 1118 1119
f 980 1119 1120
f 1121 1122 980
f 980 1122 1123
f 980 1123 1019
f 1030 1124 980
f 980 1124 1125
f 980 1125 1126
f 1126 1127 980
f 980 1127 1128
f 980 1128 1129
f 1009 1130 980
f 980 1130 1131
f 980 1131 1132
f 1081 1133 980
f 980 1133 1134
f 980 1134 1135
f 1135 1136 980
f 980 1136 1137
f 980 1137 1138
f 1139 980 1140
f 1140 980 1141
f 1139 1142 980
f 980 1142 1143
f 980 1143 1012
f 982 1144 980
f 980 1144 1145
f 980 1145 1146
f 1146 1147 980
f 980 1147 1148
f 980 1148 1082
f 1093 1149 980
f 980 1149 1150
f 980 1150 1151
f 1106 1152 1103
f 1103 1152 1153
f 1103 1153 1104
f 1051 1154 952
f 952 1154 1155
f 952 1155 1156
f 1156 1157 952
f 952 1157 1158
f 952 1158 1159
f 1159 1160 952
f 952 1160 1161
f 952 1161 1107
f 1109 1162 952
f 952 1162 1163
f 952 1163 974
f 1120 1164 980
f 980 1164 1165
f 980 1165 1166
f 1166 1167 980
f 980 1167 1168
f 980 1168 1014
f 1015 1169 980
f 980 1169 1170
f 980 1170 1171
f 1067 1172 980
f 980 1172 1173
f 980 1173 1121
f 1129 1174 980
f 980 1174 1175
f 980 1175 1176
f 1176 1177 980
f 980 1177 1178
f 980 1178 987
f 1132 1179 980
f 980 1179 1180
f 980 1180 1181
f 1138 1182 980
f 980 1182 1183
f 980 1183 1141
f 1151 1184 980
f 980 1184 1185
f 980 1185 1186
f 1186 1187 980
f 980 1187 1188
f 980 1188 1041
f 1189 1190 980
f 1171 1191 980
f 980 1191 1192
f 980 1192 1016
f 1193 1194 980
f 980 1194 1195
f 980 1195 1075
f 1190 1196 980
f 980 1196 1197
f 980 1197 983
f 1096 1198 980
f 980 1198 1199
f 980 1199 1200
f 1200 1201 980
f 980 1201 1202
f 980 1202 1097
f 1203 1204 1103
f 1103 1204 1205
f 1103 1205 1105
f 1181 1206 980
f 980 1206 1207
f 980 1207 1193
f 1042 1208 980
f 980 1208 1209
f 980 1209 1210
f 1103 1211 1212
f 1210 1213 980
f 980 1213 1214
f 980 1214 1189
f 1215 1203 1216
f 1216 1203 1103
f 1216 1103 1217
f 1217 1103 1212
f 1217 1212 1218
f 1219 1220 1221
f 1219 1222 1223
f 1223 1222 1224
f 1220 1225 1226
f 1227 1228 1229
f 1230 1231 1232
f 1232 1231 1233
f 1232 1233 1234
f 1235 1236 1237
f 1237 1236 1238
f 1237 1238 1239
f 1224 1240 1223
f 1223 1240 1241
f 1223 1241 1242
f 1221 1243 1219
f 1219 1243 1244
f 1219 1244 1245
f 1226 1246 1220
f 1220 1246 1247
f 1220 1247 1248
f 1248 1249 1220
f 1220 1249 1250
f 1220 1250 1221
f 1251 1229 1252
f 1245 1253 1219
f 1219 1253 1254
f 1219 1254 1222
f 1255 1256 1225
f 1252 1257 1251
f 1251 1257 1258
f 1251 1258 1259
f 1228 1260 1229
f 1229 1260 1261
f 1229 1261 1252
f 1262 1263 1264
f 1264 1263 1265
f 1264 1265 1266
f 1266 1265 1267
f 1262 1268 1263
f 1263 1268 1269
f 1263 1269 1229
f 1229 1269 1270
f 1229 1270 1227
f 1233 1271 1234
f 1234 1271 1272
f 1234 1272 1265
f 1265 1272 1273
f 1265 1273 1267
f 1274 1275 1276
f 1276 1275 1236
f 1276 1236 1277
f 1274 1278 1275
f 1275 1278 1279
f 1275 1279 1232
f 1232 1279 1280
f 1232 1280 1230
f 1235 1281 1236
f 1236 1281 1282
f 1236 1282 1283
f 1284 1285 1286
f 1286 1287 1288
f 1259 1289 1251
f 1251 1289 1290
f 1251 1290 1225
f 1225 1290 1291
f 1225 1291 1255
f 1256 1292 1225
f 1225 1292 1293
f 1225 1293 1226
f 1283 1294 1236
f 1236 1294 1295
f 1236 1295 1277
f 1296 1297 1286
f 1288 1298 1286
f 1286 1298 1299
f 1286 1299 1300
f 1301 1302 1303
f 1297 1304 1286
f 1286 1304 1305
f 1286 1305 1284
f 1285 1306 1286
f 1286 1306 1307
f 1286 1307 1287
f 1300 1308 1286
f 1286 1308 1309
f 1286 1309 1310
f 1311 1312 1313
f 1303 1314 1315
f 1302 1316 1303
f 1303 1316 1317
f 1303 1317 1318
f 1318 1319 1303
f 1303 1319 1320
f 1303 1320 1321
f 1321 1322 1303
f 1303 1322 1323
f 1303 1323 1324
f 1325 1326 1303
f 1327 1286 1328
f 1328 1286 1329
f 1327 1330 1286
f 1286 1330 1331
f 1286 1331 1296
f 1332 1313 1303
f 1303 1313 1333
f 1303 1333 1314
f 1312 1334 1313
f 1313 1334 1335
f 1313 1335 1336
f 1313 1337 1338
f 1338 1339 1313
f 1313 1339 1340
f 1313 1340 1341
f 1341 1342 1313
f 1313 1342 1343
f 1313 1343 1344
f 1344 1345 1313
f 1313 1345 1346
f 1313 1346 1347
f 1315 1348 1303
f 1303 1348 1349
f 1303 1349 1350
f 1350 1351 1303
f 1303 1351 1352
f 1303 1352 1353
f 1354 1355 1303
f 1303 1355 1356
f 1303 1356 1301
f 1324 1357 1303
f 1303 1357 1358
f 1303 1358 1359
f 1360 1303 1361
f 1361 1303 1362
f 1363 1303 1364
f 1364 1303 1365
f 1363 1366 1303
f 1303 1366 1367
f 1303 1367 1368
f 1368 1369 1303
f 1303 1369 1370
f 1303 1370 1371
f 1332 1372 1313
f 1313 1372 1373
f 1313 1373 1374
f 1374 1375 1313
f 1313 1375 1376
f 1313 1376 1311
f 1336 1377 1313
f 1313 1377 1378
f 1313 1378 1379
f 1379 1380 1313
f 1313 1380 1381
f 1313 1381 1382
f 1382 1383 1313
f 1313 1383 1384
f 1313 1384 1337
f 1385 1386 1387
f 1353 1388 1303
f 1303 1388 1389
f 1303 1389 1390
f 1390 1391 1303
f 1303 1391 1392
f 1303 1392 1393
f 1393 1394 1303
f 1303 1394 1395
f 1303 1395 1396
f 1396 1397 1303
f 1303 1397 1398
f 1303 1398 1399
f 1359 1400 1303
f 1303 1400 1401
f 1303 1401 1402
f 1403 1404 1303
f 1326 1405 1303
f 1303 1405 1406
f 1303 1406 1365
f 1371 1407 1303
f 1303 1407 1408
f 1303 1408 1409
f 1410 1411 1303
f 1303 1411 1412
f 1303 1412 1413
f 1242 1414 1223
f 1223 1414 1415
f 1223 1415 1286
f 1286 1415 1416
f 1286 1416 1417
f 1417 1418 1286
f 1286 1418 1419
f 1286 1419 1420
f 1420 1421 1286
f 1286 1421 1422
f 1286 1422 1423
f 1423 1424 1286
f 1286 1424 1425
f 1286 1425 1426
f 1347 1427 1313
f 1313 1427 1428
f 1313 1428 1429
f 1430 1431 1432
f 1432 1431 1433
f 1434 1435 1432
f 1432 1435 1313
f 1432 1313 1436
f 1402 1437 1303
f 1303 1437 1438
f 1303 1438 1362
f 1360 1439 1303
f 1303 1439 1440
f 1303 1440 1441
f 1404 1442 1303
f 1303 1442 1443
f 1303 1443 1325
f 1409 1444 1303
f 1303 1444 1445
f 1303 1445 1446
f 1447 1448 1303
f 1426 1449 1286
f 1286 1449 1450
f 1286 1450 1329
f 1451 1452 1313
f 1453 1454 1387
f 1455 1456 1457
f 1386 1458 1387
f 1387 1458 1459
f 1387 1459 1460
f 1460 1459 1461
f 1433 1462 1432
f 1432 1462 1463
f 1432 1463 1464
f 1399 1465 1303
f 1303 1465 1466
f 1303 1466 1467
f 1467 1468 1303
f 1303 1468 1469
f 1303 1469 1354
f 1441 1470 1303
f 1303 1470 1471
f 1303 1471 1472
f 1472 1473 1303
f 1303 1473 1474
f 1303 1474 1403
f 1475 1476 1303
f 1413 1477 1303
f 1303 1477 1478
f 1303 1478 1479
f 1479 1480 1303
f 1303 1480 1481
f 1303 1481 1482
f 1310 1483 1286
f 1286 1483 1303
f 1286 1303 1484
f 1484 1303 1448
f 1429 1485 1313
f 1313 1485 1486
f 1313 1486 1487
f 1452 1488 1313
f 1313 1488 1489
f 1313 1489 1436
f 1454 1490 1387
f 1387 1490 1491
f 1387 1491 1385
f 1459 1457 1492
f 1492 1493 1459
f 1459 1493 1494
f 1459 1494 1495
f 1495 1496 1459
f 1459 1496 1497
f 1459 1497 1461
f 1446 1498 1303
f 1303 1498 1499
f 1303 1499 1500
f 1476 1501 1303
f 1303 1501 1502
f 1303 1502 1410
f 1503 1504 1303
f 1303 1504 1505
f 1303 1505 1506
f 1507 1508 1303
f 1303 1508 1509
f 1303 1509 1447
f 1487 1510 1313
f 1313 1510 1511
f 1313 1511 1512
f 1430 1432 1387
f 1387 1432 1513
f 1387 1513 1453
f 1432 1514 1515
f 1515 1516 1432
f 1432 1516 1517
f 1432 1517 1518
f 1518 1519 1432
f 1432 1519 1520
f 1432 1520 1434
f 1521 1522 1303
f 1303 1522 1523
f 1303 1523 1475
f 1506 1524 1303
f 1303 1524 1525
f 1303 1525 1507
f 1512 1526 1313
f 1313 1526 1527
f 1313 1527 1451
f 1455 1457 1528
f 1528 1457 1459
f 1528 1459 1529
f 1464 1530 1432
f 1432 1530 1531
f 1432 1531 1514
f 1500 1532 1303
f 1303 1532 1533
f 1303 1533 1521
f 1482 1534 1303
f 1303 1534 1535
f 1303 1535 1536
f 1536 1537 1303
f 1303 1537 1538
f 1303 1538 1503
f 1539 898 666
f 1540 664 1541
f 1542 1543 1544
f 1545 1546 1547
f 1547 1546 1548
f 1547 1548 1544
f 1544 1548 1549
f 1544 1549 1542
f 1550 1551 1541
f 1541 1551 1552
f 1541 1552 1540
f 1542 1553 1543
f 1543 1553 1554
f 1543 1554 1550
f 1550 1554 1555
f 1550 1555 1551
f 1556 6 1545
f 1545 6 1557
f 1545 1557 1546
f 693 691 898
f 898 691 683
f 898 683 666
f 1540 1558 664
f 664 1558 1559
f 664 1559 666
f 666 1559 1560
f 666 1560 1539
f 367 369 1556
f 1556 369 371
f 1556 371 373
f 177 180 1556
f 1556 180 182
f 1556 182 184
f 184 173 1556
f 1556 173 7
f 1556 7 6
f 807 800 686
f 686 800 798
f 709 702 686
f 856 854 887
f 672 765 686
f 686 765 763
f 709 686 711
f 898 688 693
f 693 688 686
f 693 686 700
f 700 686 702
f 887 854 889
f 780 778 686
f 686 778 773
f 686 773 672
f 373 375 1556
f 1556 375 282
f 1556 282 213
f 1556 197 193
f 798 791 686
f 686 791 787
f 686 787 780
f 193 189 1556
f 1556 189 174
f 1556 174 177
f 818 816 686
f 686 816 809
f 686 809 807
f 686 750 748
f 213 207 1556
f 1556 207 202
f 1556 202 197
f 882 669 865
f 865 669 874
f 865 874 872
f 882 865 887
f 887 865 863
f 887 863 856
f 889 854 686
f 686 854 847
f 686 847 845
f 845 838 686
f 686 838 836
f 686 836 829
f 829 827 686
f 686 827 820
f 686 820 818
f 763 758 686
f 686 758 675
f 686 675 750
f 748 743 686
f 686 743 678
f 686 678 735
f 735 733 686
f 686 733 728
f 686 728 681
f 681 722 686
f 686 722 718
f 686 718 711
f 370 368 1561
f 1562 1563 1564
f 1565 1566 1567
f 1567 1566 1568
f 1567 1568 1563
f 1563 1568 1569
f 1563 1569 1564
f 1570 380 1571
f 370 1561 372
f 1572 1573 1565
f 1565 1573 1574
f 1565 1574 1566
f 1571 1575 1570
f 1570 1575 1576
f 1570 1576 1572
f 1572 1576 1577
f 1572 1577 1573
f 378 612 1578
f 1564 1579 1562
f 1562 1579 23
f 1562 23 1561
f 1561 23 3
f 1561 3 363
f 363 165 1561
f 1561 165 354
f 1561 354 346
f 378 425 612
f 612 425 429
f 612 429 419
f 1578 1580 378
f 378 1580 1581
f 378 1581 380
f 380 1581 1582
f 380 1582 1571
f 435 423 419
f 419 423 421
f 419 421 612
f 423 535 404
f 346 168 1561
f 1561 168 171
f 1561 171 329
f 329 322 1561
f 1561 322 315
f 1561 315 314
f 219 376 1561
f 1561 376 374
f 1561 374 372
f 435 416 423
f 423 416 441
f 423 441 413
f 509 423 507
f 507 423 500
f 509 516 423
f 423 516 518
f 423 518 524
f 480 484 423
f 423 484 489
f 524 529 423
f 423 529 407
f 423 407 535
f 386 577 423
f 423 577 383
f 423 383 605
f 314 306 1561
f 1561 306 220
f 1561 220 219
f 413 447 423
f 423 447 410
f 423 410 453
f 453 457 423
f 423 457 462
f 423 462 466
f 489 493 423
f 423 493 498
f 423 498 500
f 404 541 423
f 423 541 401
f 423 401 547
f 466 471 423
f 423 471 475
f 423 475 480
f 547 398 423
f 423 398 553
f 423 553 395
f 395 559 423
f 423 559 392
f 423 392 565
f 565 389 423
f 423 389 571
f 423 571 386
f 592 383 587
f 587 383 583
f 592 596 383
f 383 596 601
f 383 601 605
f 1583 1584 1585
f 1586 1587 1588
f 1588 1587 1589
f 1590 1591 1592
f 1592 1591 1593
f 1592 1593 1594
f 1586 1595 1587
f 1587 1595 1596
f 1587 1596 1597
f 1598 1599 1587
f 1587 1599 1600
f 1600 1601 1587
f 1587 1601 1602
f 1587 1602 1603
f 1603 1604 1587
f 1587 1604 1605
f 1587 1605 1606
f 1607 1608 1592
f 1592 1608 1609
f 1592 1609 1590
f 1594 1610 1592
f 1592 1610 1611
f 1592 1611 1585
f 1585 1611 1612
f 1585 1612 1583
f 1589 1587 1613
f 1613 1587 1614
f 1613 1614 1592
f 1592 1614 1615
f 1592 1615 1607
f 1597 1616 1587
f 1587 1616 1617
f 1587 1617 1618
f 1618 1619 1587
f 1587 1619 1620
f 1587 1620 1621
f 1621 1622 1587
f 1587 1622 1623
f 1587 1623 1598
f 1624 1625 1626
f 1626 1625 1627
f 1626 1627 1628
f 1629 1630 1626
f 1626 1630 1631
f 1626 1631 1624
f 1632 1633 1634
f 1635 1636 1626
f 1626 1636 1637
f 1626 1637 1638
f 1634 1639 1632
f 1632 1639 1640
f 1632 1640 1641
f 1641 1640 1642
f 1641 1642 1643
f 1643 1644 1641
f 1641 1644 1645
f 1641 1645 1628
f 1628 1645 1646
f 1638 1647 1626
f 1626 1647 1648
f 1626 1648 1649
f 1649 1650 1626
f 1626 1650 1651
f 1626 1651 1652
f 1653 1626 1654
f 1654 1626 1655
f 1653 1656 1626
f 1626 1656 1657
f 1626 1657 1635
f 1652 1658 1626
f 1626 1658 1659
f 1626 1659 1629
f 1646 1660 1628
f 1628 1660 1661
f 1628 1661 1662
f 1662 1663 1628
f 1628 1663 1664
f 1628 1664 1626
f 1665 1666 1667
f 1668 1669 1670
f 1671 1672 1673
f 1674 1675 1676
f 1677 1678 1679
f 1680 1681 1682
f 1683 1684 1676
f 95 66 1685
f 63 62 1666
f 59 58 1686
f 36 35 1687
f 103 102 1688
f 127 126 1689
f 1690 116 115
f 116 1690 119
f 119 1690 1691
f 119 1691 120
f 130 129 1692
f 1692 129 128
f 1692 128 1691
f 1691 128 121
f 1691 121 120
f 122 110 1693
f 1693 110 109
f 1693 109 1694
f 1694 109 132
f 122 1693 123
f 123 1693 1695
f 123 1695 124
f 1689 126 1695
f 1695 126 125
f 1695 125 124
f 127 1689 136
f 136 1689 1696
f 136 1696 137
f 1697 143 1698
f 1698 143 142
f 1698 142 1696
f 1696 142 138
f 1696 138 137
f 118 117 1699
f 157 146 1700
f 1700 146 145
f 1700 145 1699
f 1699 145 144
f 1699 144 118
f 157 1700 158
f 158 1700 1701
f 158 1701 159
f 159 1701 160
f 160 1701 1702
f 160 1702 161
f 1703 151 1702
f 1702 151 162
f 1702 162 161
f 1704 155 1703
f 1703 155 152
f 1703 152 151
f 1705 147 156
f 153 150 1706
f 1706 150 149
f 1706 149 1705
f 1705 149 148
f 1705 148 147
f 1707 139 1706
f 1706 139 154
f 1706 154 153
f 1708 141 1707
f 1707 141 140
f 1707 140 139
f 113 112 1709
f 1709 112 135
f 1709 135 134
f 104 105 1710
f 1710 105 106
f 1710 106 1709
f 1709 106 114
f 1709 114 113
f 101 108 1711
f 103 1688 73
f 1712 85 74
f 1713 61 86
f 1714 75 54
f 1714 54 1713
f 1713 54 53
f 1713 53 61
f 1715 77 1714
f 1714 77 76
f 1714 76 75
f 1716 91 90
f 91 1716 92
f 90 77 1716
f 1716 77 1715
f 1716 1715 92
f 92 1715 1717
f 92 1717 93
f 1718 56 55
f 1718 55 1717
f 1717 55 94
f 1717 94 93
f 1687 35 1718
f 1718 35 57
f 1718 57 56
f 1686 58 1719
f 58 45 1719
f 1719 45 44
f 1719 44 1687
f 1687 44 43
f 1687 43 36
f 1666 62 1686
f 1686 62 60
f 1686 60 59
f 63 1666 16
f 16 1666 1665
f 16 1665 17
f 17 1665 1720
f 17 1720 19
f 1721 78 1720
f 1720 78 20
f 1720 20 19
f 66 65 1721
f 1721 65 79
f 1721 79 78
f 1722 1723 1685
f 1685 1723 1724
f 1685 1724 95
f 95 1724 1725
f 95 1725 96
f 96 1725 1726
f 96 1726 97
f 66 1721 1685
f 1685 1721 1722
f 1727 1728 1729
f 1729 1728 1730
f 1729 1730 1731
f 1732 1733 1734
f 1733 1732 1735
f 1735 1732 1670
f 1735 1670 1736
f 1736 1670 1669
f 1736 1669 1737
f 1738 1739 1740
f 1738 1741 1739
f 1739 1741 1742
f 1739 1742 1743
f 1744 1745 1738
f 1738 1745 1746
f 1738 1746 1741
f 1747 1748 1749
f 1749 1748 1750
f 1749 1750 1751
f 1752 1753 1754
f 1752 1754 1755
f 1756 1757 1676
f 1676 1757 1758
f 1676 1758 1683
f 1759 1760 1756
f 1756 1760 1761
f 1756 1761 1757
f 1759 1756 1762
f 1762 1756 1763
f 1762 1763 1764
f 1764 1763 1765
f 1766 1767 1765
f 1765 1767 1768
f 1765 1768 1764
f 1769 1770 1771
f 1771 1770 1772
f 1771 1772 1773
f 1773 1772 1774
f 1773 1774 1775
f 1776 1777 1778
f 1778 1777 1771
f 1771 1777 1779
f 1771 1779 1769
f 1780 1781 1778
f 1778 1781 1782
f 1778 1782 1776
f 1783 1784 1785
f 1785 1784 1786
f 1787 1788 1678
f 1678 1788 1789
f 1678 1789 1784
f 1784 1789 1790
f 1784 1790 1786
f 1677 1791 1678
f 1678 1791 1792
f 1678 1792 1787
f 1793 1794 1795
f 1795 1794 1796
f 1797 1798 1799
f 1799 1798 1800
f 1799 1800 1801
f 1802 1803 1794
f 1794 1803 1804
f 1794 1804 1796
f 1805 1806 1807
f 1808 1809 1805
f 1809 1810 1805
f 1805 1810 1811
f 1805 1811 1806
f 1812 1813 1814
f 1814 1813 1815
f 1814 1815 1816
f 1817 1818 1819
f 1819 1818 1820
f 1821 1822 1823
f 1823 1822 1824
f 1823 1824 1819
f 1819 1824 1825
f 1819 1825 1817
f 1826 1827 1828
f 1828 1829 1826
f 1826 1829 1830
f 1826 1830 1823
f 1823 1830 1831
f 1823 1831 1821
f 1832 1833 1834
f 1834 1833 1835
f 1834 1835 1826
f 1826 1835 1836
f 1826 1836 1827
f 1837 1838 1839
f 1839 1838 1840
f 1839 1840 1841
f 1841 1840 1842
f 1843 1844 1845
f 1845 1844 1846
f 1845 1846 1840
f 1840 1846 1847
f 1840 1847 1842
f 1848 1849 1850
f 1850 1849 1851
f 1850 1851 1845
f 1845 1851 1852
f 1845 1852 1843
f 1853 1854 1855
f 1855 1854 1856
f 1855 1856 1850
f 1850 1856 1857
f 1850 1857 1848
f 1858 1859 1860
f 1860 1859 1861
f 1860 1861 1855
f 1855 1861 1862
f 1855 1862 1853
f 1863 1864 1865
f 1863 1865 1860
f 1860 1865 1866
f 1860 1866 1858
f 1867 1868 1869
f 1869 1868 1870
f 1871 1872 1863
f 1863 1872 1873
f 1863 1873 1864
f 1874 1875 1869
f 1869 1875 1876
f 1869 1876 1867
f 1877 1878 1879
f 1879 1878 1880
f 1879 1880 1874
f 1874 1880 1881
f 1874 1881 1875
f 1882 1883 1884
f 1884 1883 1885
f 1884 1885 1879
f 1879 1885 1886
f 1879 1886 1877
f 1887 1888 1889
f 1889 1888 1890
f 1889 1890 1884
f 1884 1890 1891
f 1884 1891 1882
f 1887 1889 1892
f 1892 1889 1893
f 1892 1893 1894
f 1681 1895 1682
f 1682 1895 1896
f 1682 1896 1893
f 1893 1896 1897
f 1893 1897 1898
f 1898 1899 1893
f 1893 1899 1900
f 1893 1900 1894
f 1901 1902 1903
f 1903 1902 1904
f 1903 1904 1905
f 1906 1907 1908
f 1908 1907 1909
f 1908 1909 1901
f 1910 1690 1911
f 1911 1690 115
f 1911 115 9
f 156 155 1705
f 1705 155 1704
f 1705 1704 1706
f 1706 1704 1912
f 1706 1912 1707
f 1707 1912 1812
f 1707 1812 1708
f 1708 1812 1814
f 1708 1814 1913
f 1801 1802 1799
f 1799 1802 1794
f 1799 1794 1677
f 1677 1794 1793
f 1677 1793 1791
f 1679 1678 1914
f 1914 1678 1784
f 1914 1784 1778
f 1778 1784 1783
f 1778 1783 1780
f 1679 1915 1677
f 1677 1915 1916
f 1677 1916 1799
f 1799 1916 1805
f 1799 1805 1797
f 1797 1805 1807
f 108 107 1711
f 1711 107 104
f 1711 104 1917
f 1917 104 1710
f 1917 1710 1918
f 1918 1710 1709
f 1918 1709 1913
f 1913 1709 134
f 1913 134 1708
f 1708 134 133
f 1708 133 141
f 1775 1767 1773
f 1773 1767 1766
f 1773 1766 1771
f 1771 1766 1919
f 1771 1919 1778
f 1778 1919 1920
f 1778 1920 1914
f 1914 1920 1921
f 1914 1921 1679
f 1679 1921 1922
f 1679 1922 1915
f 1751 1744 1749
f 1749 1744 1738
f 1749 1738 1668
f 1668 1738 1740
f 1668 1740 1669
f 1669 1740 1923
f 1669 1923 1737
f 1676 1675 1756
f 1756 1675 1924
f 1756 1924 1763
f 1763 1924 1925
f 1763 1925 1765
f 1765 1925 1926
f 1765 1926 1766
f 1766 1926 1927
f 1766 1927 1919
f 1919 1927 1928
f 1919 1928 1920
f 1920 1928 1673
f 1920 1673 1921
f 1921 1673 1672
f 1921 1672 1922
f 1913 1929 1918
f 1918 1929 1930
f 1918 1930 1917
f 1917 1930 1931
f 1917 1931 1711
f 1711 1931 1688
f 1711 1688 101
f 101 1688 102
f 1816 1808 1814
f 1814 1808 1805
f 1814 1805 1913
f 1913 1805 1916
f 1913 1916 1929
f 1929 1916 1915
f 1929 1915 1930
f 1930 1915 1922
f 1930 1922 1931
f 1931 1922 1672
f 1931 1672 1688
f 1688 1672 1671
f 1688 1671 73
f 74 73 1712
f 1712 73 1671
f 1712 1671 1932
f 1932 1671 1673
f 1932 1673 1933
f 1933 1673 1928
f 1933 1928 1934
f 1934 1928 1927
f 1934 1927 1935
f 1935 1927 1926
f 1935 1926 1936
f 1936 1926 1925
f 1936 1925 1937
f 1937 1925 1924
f 1937 1924 1938
f 1938 1924 1675
f 1938 1675 1939
f 1939 1675 1674
f 1939 1674 1667
f 1753 1747 1754
f 1754 1747 1749
f 1754 1749 1940
f 1940 1749 1668
f 1940 1668 1941
f 1941 1668 1670
f 1734 1727 1732
f 1732 1727 1729
f 1732 1729 1670
f 1670 1729 1942
f 1670 1942 1941
f 1667 1666 1939
f 1939 1666 1686
f 1939 1686 1938
f 1938 1686 1719
f 1938 1719 1937
f 1937 1719 1687
f 1937 1687 1936
f 1936 1687 1718
f 1936 1718 1935
f 1935 1718 1717
f 1935 1717 1934
f 1934 1717 1715
f 1934 1715 1933
f 1933 1715 1714
f 1933 1714 1932
f 1932 1714 1713
f 1932 1713 1712
f 1712 1713 86
f 1712 86 85
f 1684 1755 1676
f 1676 1755 1754
f 1676 1754 1674
f 1674 1754 1940
f 1674 1940 1667
f 1667 1940 1941
f 1667 1941 1665
f 1665 1941 1942
f 1665 1942 1720
f 1720 1942 1729
f 1720 1729 1721
f 1721 1729 1731
f 1721 1731 1722
f 1905 1680 1903
f 1903 1680 1682
f 1903 1682 1943
f 1943 1682 1893
f 1943 1893 1944
f 1944 1893 1889
f 1944 1889 1945
f 1945 1889 1884
f 1945 1884 1946
f 1946 1884 1879
f 1946 1879 1947
f 1947 1879 1874
f 1947 1874 1948
f 1948 1874 1869
f 1948 1869 1871
f 1871 1869 1870
f 1871 1870 1872
f 131 130 1949
f 1949 130 1692
f 1949 1692 1950
f 1950 1692 1691
f 1950 1691 1951
f 1951 1691 1690
f 1951 1690 1906
f 1906 1690 1910
f 1906 1910 1907
f 1901 1903 1908
f 1908 1903 1943
f 1908 1943 1906
f 1906 1943 1944
f 1906 1944 1951
f 1951 1944 1945
f 1951 1945 1950
f 1950 1945 1946
f 1950 1946 1949
f 1837 1832 1838
f 1838 1832 1834
f 1838 1834 1840
f 1840 1834 1952
f 1840 1952 1845
f 1845 1952 1953
f 1845 1953 1850
f 1850 1953 1954
f 1850 1954 1855
f 1855 1954 1697
f 1855 1697 1860
f 1860 1697 1698
f 1860 1698 1863
f 1863 1698 1696
f 1863 1696 1871
f 1871 1696 1689
f 1871 1689 1948
f 1948 1689 1695
f 1948 1695 1947
f 1947 1695 1693
f 1947 1693 1946
f 1946 1693 1694
f 1946 1694 1949
f 1949 1694 132
f 1949 132 131
f 1820 1813 1819
f 1819 1813 1812
f 1819 1812 1823
f 1823 1812 1912
f 1823 1912 1826
f 1826 1912 1704
f 1826 1704 1834
f 1834 1704 1703
f 1834 1703 1952
f 1952 1703 1702
f 1952 1702 1953
f 1953 1702 1701
f 1953 1701 1954
f 1954 1701 1700
f 1954 1700 1697
f 1697 1700 1699
f 1697 1699 143
f 143 1699 117
f 1955 1956 1957
f 1958 1959 1960
f 362 361 52
f 52 361 366
f 52 366 51
f 51 366 50
f 47 365 52
f 52 365 364
f 52 364 362
f 352 164 1961
f 1961 164 163
f 1961 163 1962
f 1962 163 365
f 1962 365 46
f 46 365 47
f 1963 1964 357
f 357 356 1963
f 1963 356 355
f 1963 355 1961
f 1961 355 353
f 1961 353 352
f 1965 1966 1967
f 1967 1966 1968
f 1967 1968 1969
f 1969 1968 1970
f 1969 1970 1971
f 1960 1959 1972
f 1959 1973 1972
f 1972 1973 1974
f 1972 1974 1967
f 1967 1974 1975
f 1967 1975 1965
f 1739 1743 1976
f 1737 1923 1976
f 1976 1923 1740
f 1976 1740 1739
f 1976 1977 1737
f 1737 1977 1978
f 1737 1978 1960
f 1960 1978 1979
f 1960 1979 1958
f 1728 1727 1972
f 1972 1727 1734
f 1734 1733 1972
f 1972 1733 1735
f 1972 1735 1960
f 1960 1735 1736
f 1960 1736 1737
f 1980 1722 1731
f 1980 1731 1730
f 1725 1724 1981
f 1981 1724 1723
f 1981 99 98
f 98 97 1981
f 1981 97 1726
f 1981 1726 1725
f 99 1981 100
f 100 1981 1957
f 100 1957 88
f 88 1957 1956
f 88 1956 89
f 72 71 1955
f 1955 71 84
f 1955 84 1956
f 1956 84 83
f 1956 83 89
f 1971 1982 1969
f 1969 1982 1983
f 1969 1983 1967
f 1967 1983 1980
f 1967 1980 1972
f 1972 1980 1730
f 1972 1730 1728
f 1962 1984 1961
f 1961 1984 1983
f 1961 1983 1963
f 1963 1983 1982
f 1963 1982 1964
f 46 72 1962
f 1962 72 1955
f 1962 1955 1984
f 1984 1955 1957
f 1984 1957 1983
f 1983 1957 1981
f 1983 1981 1980
f 1980 1981 1723
f 1980 1723 1722
f 9 8 1911
f 1911 8 172
f 1911 172 1910
f 286 1985 1986
f 286 1986 287
f 1985 286 1987
f 1987 286 285
f 1987 285 1988
f 280 288 1989
f 1986 1990 287
f 287 1990 1991
f 287 1991 288
f 288 1991 1992
f 288 1992 1989
f 1993 283 1994
f 1994 283 281
f 1989 1995 280
f 280 1995 1996
f 280 1996 281
f 281 1996 1997
f 281 1997 1994
f 1998 1999 290
f 290 1999 2000
f 290 2000 291
f 1993 2001 283
f 283 2001 2002
f 283 2002 284
f 284 2002 2003
f 284 2003 289
f 289 2003 2004
f 289 2004 290
f 290 2004 1998
f 2000 2005 291
f 291 2005 2006
f 291 2006 292
f 2007 212 2008
f 2008 212 211
f 2006 2009 292
f 292 2009 2010
f 292 2010 293
f 293 2010 2011
f 293 2011 294
f 294 2011 2012
f 294 2012 211
f 211 2012 2013
f 211 2013 2008
f 2007 2014 212
f 212 2014 2015
f 212 2015 214
f 214 2015 2016
f 214 2016 215
f 215 2016 2017
f 215 2017 2018
f 2019 205 2020
f 2020 205 216
f 2020 216 2021
f 2021 216 215
f 2021 215 2022
f 2022 215 2018
f 2019 2023 205
f 205 2023 2024
f 205 2024 206
f 206 2024 2025
f 206 2025 208
f 2026 200 210
f 2026 210 2027
f 2027 210 209
f 2027 209 2028
f 2025 2029 208
f 208 2029 2030
f 208 2030 209
f 209 2030 2031
f 209 2031 2028
f 2026 2032 200
f 200 2032 2033
f 200 2033 201
f 201 2033 2034
f 201 2034 203
f 2035 204 2036
f 2036 204 203
f 2036 203 2037
f 2037 203 2034
f 2038 198 196
f 2035 2039 204
f 204 2039 2040
f 204 2040 195
f 195 2040 2041
f 195 2041 196
f 196 2041 2042
f 196 2042 2038
f 2043 2044 199
f 198 2038 199
f 199 2038 2045
f 199 2045 2043
f 2046 188 187
f 2044 2047 199
f 199 2047 2048
f 199 2048 194
f 194 2048 2049
f 194 2049 192
f 192 2049 2050
f 192 2050 187
f 187 2050 2051
f 187 2051 2046
f 2046 2052 188
f 188 2052 2053
f 188 2053 190
f 190 2053 2054
f 190 2054 2055
f 2056 175 2055
f 2055 175 191
f 2055 191 190
f 2056 2057 175
f 175 2057 2058
f 175 2058 176
f 176 2058 2059
f 176 2059 178
f 2060 2061 2062
f 2063 2064 2065
f 2064 2063 2066
f 2067 2068 2069
f 1806 1811 2070
f 1848 1857 2071
f 2049 2048 2072
f 1998 2004 2073
f 1990 1986 2074
f 2075 2076 2077
f 2076 2078 2077
f 2077 2078 243
f 2077 243 2079
f 2080 2081 2082
f 2082 2081 2083
f 2082 2083 2084
f 2085 2086 2080
f 2080 2086 2087
f 2080 2087 2081
f 2088 2089 2085
f 2085 2089 2090
f 2085 2090 2086
f 2091 2092 2093
f 2091 2093 2094
f 2094 2093 2095
f 2094 2095 2096
f 2096 2095 2097
f 2097 2095 2098
f 2097 2098 2099
f 2099 2098 2100
f 2099 2100 2101
f 2101 2100 2102
f 2101 2102 2103
f 2103 2104 2105
f 2105 2104 2106
f 2106 2104 2107
f 2107 2104 2108
f 2107 2108 2109
f 2109 2108 2110
f 2109 2110 2111
f 2111 2110 2112
f 2111 2112 2113
f 2113 2112 2114
f 2113 2114 2115
f 1986 1985 2074
f 2074 1985 1987
f 2074 1987 2114
f 2114 1987 1988
f 2114 1988 2115
f 1993 1994 2116
f 2116 1994 1997
f 1997 1996 2116
f 2116 1996 1995
f 2116 1995 1989
f 2073 2004 2116
f 2116 2004 2003
f 2003 2002 2116
f 2116 2002 2001
f 2116 2001 1993
f 2117 2006 2073
f 2073 2006 2005
f 2005 2000 2073
f 2073 2000 1999
f 2073 1999 1998
f 2011 2010 2117
f 2117 2010 2009
f 2117 2009 2006
f 2014 2007 2118
f 2018 2017 2119
f 2119 2017 2016
f 2119 2016 2118
f 2118 2016 2015
f 2118 2015 2014
f 2007 2008 2118
f 2118 2008 2013
f 2118 2013 2117
f 2117 2013 2012
f 2117 2012 2011
f 2120 2023 2121
f 2121 2023 2019
f 2121 2019 2020
f 2020 2021 2121
f 2121 2021 2022
f 2121 2022 2018
f 2030 2029 2120
f 2029 2025 2120
f 2120 2025 2024
f 2120 2024 2023
f 2122 2032 2026
f 2026 2027 2122
f 2122 2027 2028
f 2122 2028 2120
f 2120 2028 2031
f 2120 2031 2030
f 2037 2034 2123
f 2123 2034 2033
f 2043 2045 2124
f 2124 2045 2038
f 2041 2040 2125
f 2041 2125 2042
f 2040 2039 2125
f 2125 2039 2035
f 2125 2035 2123
f 2123 2035 2036
f 2123 2036 2037
f 2072 2048 2126
f 2126 2048 2047
f 2126 2047 2044
f 2052 2046 2072
f 2046 2051 2072
f 2072 2051 2050
f 2072 2050 2049
f 2055 2054 2072
f 2072 2054 2053
f 2072 2053 2052
f 2127 2128 2059
f 2059 2058 2127
f 2127 2058 2057
f 2127 2057 2072
f 2072 2057 2056
f 2072 2056 2055
f 1905 1904 2127
f 2127 1904 2129
f 2127 2129 2128
f 2130 1681 2131
f 2131 1681 1680
f 2131 1680 1905
f 1898 1897 2132
f 2132 1897 1896
f 2132 1896 2130
f 2130 1896 1895
f 2130 1895 1681
f 1894 2133 1892
f 1892 2133 2134
f 1892 2134 1887
f 1887 2134 1888
f 1888 2134 1890
f 1890 2134 2135
f 1890 2135 1891
f 2136 1883 2135
f 2135 1883 1882
f 2135 1882 1891
f 1878 1877 2137
f 2137 1877 1886
f 2137 1886 2136
f 2136 1886 1885
f 2136 1885 1883
f 2138 1881 1880
f 1867 1876 2139
f 2139 1876 1875
f 1872 1870 2140
f 2140 1870 1868
f 1872 2140 1873
f 1873 2140 2141
f 1873 2141 1864
f 2142 1866 2141
f 2141 1866 1865
f 2141 1865 1864
f 1862 1861 2143
f 2143 1861 1859
f 2143 1859 2142
f 2142 1859 1858
f 2142 1858 1866
f 1862 2143 1853
f 1853 2143 2144
f 1853 2144 1854
f 2071 1857 2144
f 2144 1857 1856
f 2144 1856 1854
f 2145 1852 2146
f 2146 1852 1851
f 2146 1851 2071
f 2071 1851 1849
f 2071 1849 1848
f 1846 1844 2145
f 2145 1844 1843
f 2145 1843 1852
f 2147 1841 2148
f 2148 1841 1842
f 2148 1842 2145
f 2145 1842 1847
f 2145 1847 1846
f 2149 1835 1833
f 1833 1832 2149
f 2149 1832 1837
f 2149 1837 2147
f 2147 1837 1839
f 2147 1839 1841
f 1830 1829 2150
f 2150 1829 1828
f 2150 1828 2151
f 2151 1828 1827
f 2151 1827 2149
f 2149 1827 1836
f 2149 1836 1835
f 1821 1831 2152
f 2152 1831 1830
f 1825 1824 2153
f 2153 1824 1822
f 2154 1818 1817
f 2155 1813 2154
f 2154 1813 1820
f 2154 1820 1818
f 2156 1809 2155
f 2155 1809 1808
f 1808 1816 2155
f 2155 1816 1815
f 2155 1815 1813
f 1798 1797 2070
f 2070 1797 1807
f 2070 1807 1806
f 2065 1801 1800
f 1804 1803 2157
f 2157 1803 1802
f 1792 1791 2158
f 2158 1791 1793
f 2158 1793 1795
f 1789 1788 2159
f 2159 1788 1787
f 2159 1787 1792
f 2160 1790 1789
f 2160 1789 2161
f 2161 1789 2159
f 2161 2159 2162
f 2162 2159 2163
f 2162 2163 2164
f 2165 2166 2167
f 2167 2166 2168
f 2167 2168 2169
f 2169 2168 2170
f 2169 2170 2163
f 2163 2170 2171
f 2163 2171 2164
f 2165 2167 2172
f 2172 2167 2173
f 2172 2173 2174
f 2174 2173 2175
f 2175 2173 2176
f 2175 2176 2177
f 2178 2179 2180
f 2180 2179 2181
f 2180 2181 2176
f 2176 2181 2182
f 2176 2182 2177
f 2183 2184 2185
f 277 2184 278
f 278 2184 2183
f 278 2183 279
f 279 2183 247
f 243 244 2079
f 2079 244 236
f 2079 236 2186
f 2186 236 238
f 2186 238 240
f 1905 2127 2131
f 2131 2127 2072
f 2131 2072 2130
f 2130 2072 2126
f 2130 2126 2132
f 2187 2133 2188
f 2188 2133 1894
f 2188 1894 1900
f 2189 2190 2191
f 2191 2190 2192
f 2191 2192 2193
f 2193 2192 2194
f 2193 2194 2195
f 2195 2194 2196
f 2195 2196 2197
f 2197 2196 2198
f 2197 2198 2199
f 2199 2198 2200
f 2199 2200 2201
f 2202 2201 2187
f 2187 2201 2200
f 2187 2200 2133
f 2133 2200 2198
f 2133 2198 2134
f 2134 2198 2196
f 2134 2196 2135
f 2135 2196 2194
f 2135 2194 2136
f 2136 2194 2192
f 2136 2192 2137
f 2137 2192 2190
f 2068 2067 2203
f 2203 2067 2139
f 2203 2139 2138
f 2138 2139 1875
f 2138 1875 1881
f 2093 2151 2095
f 2095 2151 2149
f 2095 2149 2098
f 2098 2149 2147
f 2098 2147 2100
f 2100 2147 2148
f 2100 2148 2102
f 2102 2148 2145
f 2102 2145 2204
f 2204 2145 2146
f 2204 2146 2205
f 2205 2146 2071
f 2205 2071 2206
f 2206 2071 2144
f 2206 2144 2207
f 2207 2144 2143
f 2207 2143 2208
f 2208 2143 2142
f 2208 2142 2069
f 2069 2142 2141
f 2069 2141 2067
f 2067 2141 2140
f 2067 2140 2139
f 2139 2140 1868
f 2139 1868 1867
f 2209 2210 2211
f 2211 2210 2212
f 2211 2212 2213
f 2213 2212 2061
f 2213 2061 2214
f 2214 2061 2060
f 2214 2060 2215
f 2215 2060 2216
f 2215 2216 2217
f 2217 2216 2218
f 2217 2218 2219
f 1830 2150 2152
f 2152 2150 2151
f 2152 2151 2220
f 2220 2151 2093
f 2220 2093 2088
f 2088 2093 2092
f 2088 2092 2089
f 2215 2066 2214
f 2214 2066 2063
f 2214 2063 2213
f 2213 2063 2156
f 2213 2156 2211
f 2211 2156 2155
f 2211 2155 2209
f 2209 2155 2154
f 1800 1798 2065
f 2065 1798 2070
f 2065 2070 2063
f 2063 2070 1811
f 2063 1811 2156
f 2156 1811 1810
f 2156 1810 1809
f 2219 2221 2217
f 2217 2221 2222
f 2217 2222 2215
f 2215 2222 2223
f 2215 2223 2066
f 2066 2223 2224
f 2066 2224 2064
f 2064 2224 2157
f 2064 2157 2065
f 2065 2157 1802
f 2065 1802 1801
f 1795 1796 2158
f 2158 1796 1804
f 2158 1804 2225
f 2225 1804 2157
f 2225 2157 2226
f 2226 2157 2224
f 2226 2224 2227
f 2227 2224 2223
f 2227 2223 2228
f 2228 2223 2222
f 2228 2222 2229
f 2229 2222 2221
f 2084 2230 2082
f 2082 2230 2231
f 2082 2231 2232
f 2062 2061 2233
f 2233 2061 2212
f 2233 2212 2234
f 2234 2212 2210
f 2234 2210 2235
f 2235 2210 2209
f 2235 2209 2236
f 2236 2209 2154
f 2236 2154 2153
f 2153 2154 1817
f 2153 1817 1825
f 240 247 2186
f 2186 247 2183
f 2186 2183 2237
f 2237 2183 2185
f 2237 2185 2238
f 2230 2239 2231
f 2231 2239 2075
f 2231 2075 2232
f 2232 2075 2077
f 2232 2077 2240
f 2240 2077 2079
f 2240 2079 2241
f 2241 2079 2186
f 2241 2186 2242
f 2242 2186 2237
f 2242 2237 2180
f 2180 2237 2238
f 2180 2238 2178
f 1792 2158 2159
f 2159 2158 2225
f 2159 2225 2163
f 2163 2225 2226
f 2163 2226 2169
f 2169 2226 2227
f 2169 2227 2167
f 2167 2227 2228
f 2167 2228 2173
f 2173 2228 2229
f 2173 2229 2176
f 2176 2229 2221
f 2176 2221 2180
f 2180 2221 2219
f 2180 2219 2242
f 2242 2219 2218
f 2242 2218 2241
f 2241 2218 2216
f 2241 2216 2240
f 2240 2216 2060
f 2240 2060 2232
f 2232 2060 2062
f 2232 2062 2082
f 2082 2062 2233
f 2082 2233 2080
f 2080 2233 2234
f 2080 2234 2085
f 2085 2234 2235
f 2085 2235 2088
f 2088 2235 2236
f 2088 2236 2220
f 2220 2236 2153
f 2220 2153 2152
f 2152 2153 1822
f 2152 1822 1821
f 2018 2119 2121
f 2121 2119 2118
f 2121 2118 2243
f 2243 2118 2117
f 2243 2117 2244
f 2244 2117 2073
f 2244 2073 2245
f 2245 2073 2116
f 2245 2116 2246
f 2246 2116 1989
f 2246 1989 2247
f 2247 1989 1992
f 2247 1992 2074
f 2074 1992 1991
f 2074 1991 1990
f 1900 1899 2188
f 2188 1899 1898
f 2188 1898 2187
f 2187 1898 2132
f 2187 2132 2202
f 2202 2132 2126
f 2202 2126 2124
f 2124 2126 2044
f 2124 2044 2043
f 2074 2248 2247
f 2247 2248 2249
f 2247 2249 2246
f 2246 2249 2250
f 2246 2250 2245
f 2245 2250 2251
f 2245 2251 2244
f 2244 2251 2252
f 2244 2252 2243
f 2243 2252 2253
f 2243 2253 2121
f 2121 2253 2254
f 2121 2254 2120
f 2120 2254 2123
f 2120 2123 2122
f 2122 2123 2033
f 2122 2033 2032
f 2038 2042 2124
f 2124 2042 2125
f 2124 2125 2202
f 2202 2125 2123
f 2202 2123 2201
f 2201 2123 2254
f 2201 2254 2199
f 2199 2254 2253
f 2199 2253 2197
f 2197 2253 2252
f 2197 2252 2195
f 2195 2252 2251
f 2195 2251 2193
f 2193 2251 2250
f 2193 2250 2191
f 2191 2250 2249
f 2191 2249 2189
f 2189 2249 2248
f 2103 2102 2104
f 2104 2102 2204
f 2104 2204 2108
f 2108 2204 2205
f 2108 2205 2110
f 2110 2205 2206
f 2110 2206 2112
f 2112 2206 2207
f 2112 2207 2114
f 2114 2207 2208
f 2114 2208 2074
f 2074 2208 2069
f 2074 2069 2248
f 2248 2069 2068
f 2248 2068 2189
f 2189 2068 2203
f 2189 2203 2190
f 2190 2203 2138
f 2190 2138 2137
f 2137 2138 1880
f 2137 1880 1878
f 2255 2256 2257
f 2258 2259 2260
f 2177 2182 2261
f 1772 1770 2262
f 2263 2264 2265
f 2265 2264 2266
f 2267 2268 2269
f 2269 2268 2270
f 2271 2272 2273
f 2274 2275 2276
f 2277 2278 2279
f 2280 2281 2282
f 2283 2284 2185
f 270 269 2285
f 261 260 2286
f 330 2287 331
f 343 342 2288
f 344 345 2289
f 1785 1786 2162
f 1790 2160 1786
f 1786 2160 2161
f 1786 2161 2162
f 1785 2290 1783
f 1783 2290 2291
f 1783 2291 1780
f 2292 1742 1741
f 2293 1976 1743
f 2294 1978 1977
f 1982 1971 2295
f 2295 1971 1970
f 2295 1970 2296
f 2295 360 1982
f 1982 360 359
f 1982 359 1964
f 1964 359 358
f 1964 358 357
f 351 350 2295
f 2295 350 349
f 2295 349 360
f 344 2289 347
f 347 2289 2297
f 347 2297 348
f 166 2298 167
f 167 2298 341
f 169 2299 170
f 170 2299 338
f 340 339 2300
f 339 338 2300
f 2300 338 2299
f 2300 2299 2288
f 2288 2299 169
f 2288 169 343
f 337 336 2301
f 2301 336 335
f 2301 335 340
f 333 332 2302
f 327 326 2303
f 2303 326 325
f 324 323 2304
f 2304 323 334
f 2304 334 333
f 2305 316 328
f 328 327 2305
f 2305 327 2303
f 2305 2303 2304
f 2304 2303 325
f 2304 325 324
f 317 2306 318
f 318 2306 312
f 320 319 2259
f 2259 319 313
f 2259 313 2260
f 2307 305 304
f 309 308 2307
f 2307 308 307
f 2307 307 305
f 297 296 2256
f 2256 296 295
f 2256 295 311
f 297 2256 298
f 298 2256 2255
f 298 2255 299
f 303 302 2308
f 2308 302 301
f 2308 301 300
f 224 223 2309
f 2309 223 222
f 2309 222 221
f 217 226 2310
f 2310 226 225
f 233 232 2311
f 2311 232 231
f 2311 231 230
f 230 229 2311
f 2311 229 228
f 2311 228 2312
f 2312 228 227
f 2312 227 218
f 241 235 2313
f 2313 235 234
f 2313 234 233
f 2314 248 249
f 239 237 2313
f 2313 237 242
f 2313 242 241
f 248 2314 245
f 252 251 2315
f 2315 251 250
f 2315 250 2314
f 2314 250 246
f 2314 246 245
f 256 255 2316
f 2316 255 254
f 2316 254 253
f 256 2317 258
f 258 2317 259
f 2318 264 2319
f 2319 264 263
f 261 2286 262
f 268 267 2320
f 2320 267 266
f 2320 266 2318
f 2318 266 265
f 2318 265 264
f 274 273 2283
f 2283 273 272
f 2283 272 2284
f 2284 272 271
f 2284 271 270
f 274 2283 275
f 275 2283 2185
f 275 2185 276
f 276 2185 2184
f 276 2184 277
f 2276 2321 2322
f 2322 2321 2315
f 2322 2315 2323
f 2323 2315 2314
f 2323 2314 2313
f 2313 2314 249
f 2313 249 239
f 263 262 2319
f 2319 262 2286
f 2319 2286 2317
f 2317 2286 260
f 2317 260 259
f 2276 2275 2321
f 2321 2275 2316
f 2321 2316 2315
f 2315 2316 253
f 2315 253 252
f 2278 2277 2324
f 2324 2277 2281
f 2324 2281 2325
f 2325 2281 2280
f 2325 2280 2326
f 2327 2282 2328
f 2328 2282 2281
f 2328 2281 2329
f 2329 2281 2277
f 2329 2277 2330
f 2330 2277 2279
f 2330 2279 2331
f 2332 2327 2333
f 2333 2327 2328
f 2333 2328 2334
f 2334 2328 2329
f 2334 2329 2335
f 2335 2329 2330
f 2335 2330 2336
f 2336 2330 2331
f 2336 2331 2337
f 270 2285 2284
f 2284 2285 2338
f 2284 2338 2339
f 2319 2340 2318
f 2318 2340 2338
f 2318 2338 2320
f 2320 2338 2285
f 2320 2285 268
f 268 2285 269
f 2341 2332 2342
f 2342 2332 2333
f 2342 2333 2343
f 2343 2333 2334
f 2343 2334 2344
f 2344 2334 2335
f 2344 2335 2345
f 2345 2335 2336
f 2345 2336 2346
f 2346 2336 2337
f 2346 2337 2272
f 256 2316 2317
f 2317 2316 2275
f 2317 2275 2319
f 2319 2275 2274
f 2319 2274 2340
f 2340 2274 2347
f 2340 2347 2338
f 2338 2347 2348
f 2338 2348 2339
f 2181 2179 2339
f 2339 2179 2178
f 2339 2178 2284
f 2284 2178 2238
f 2284 2238 2185
f 2272 2271 2346
f 2346 2271 2349
f 2346 2349 2345
f 2345 2349 2350
f 2345 2350 2344
f 2344 2350 2351
f 2344 2351 2343
f 2343 2351 2352
f 2343 2352 2342
f 2342 2352 2353
f 2342 2353 2341
f 2341 2353 2354
f 2341 2354 2355
f 2356 2267 2357
f 2357 2267 2269
f 2357 2269 2358
f 2358 2269 2270
f 2358 2270 2359
f 2360 2266 2361
f 2361 2266 2264
f 2361 2264 2362
f 2362 2264 2263
f 2362 2263 2363
f 2356 2364 2267
f 2267 2364 2363
f 2267 2363 2268
f 2268 2363 2263
f 2268 2263 2270
f 2270 2263 2265
f 2270 2265 2359
f 2359 2265 2266
f 2359 2266 2365
f 2365 2266 2360
f 2366 2367 2368
f 2369 1760 1759
f 2364 2366 2363
f 2363 2366 2370
f 2363 2370 2362
f 2362 2370 2371
f 2362 2371 2361
f 2361 2371 2372
f 2361 2372 2360
f 2360 2372 2373
f 2360 2373 2365
f 2365 2373 2374
f 1772 2262 1774
f 2375 2376 2262
f 2262 2376 2368
f 2262 2368 1774
f 2367 1764 2368
f 2368 1764 1768
f 1768 1767 2368
f 2368 1767 1775
f 2368 1775 1774
f 2377 2378 2379
f 2379 2378 2380
f 2379 2380 2381
f 2381 2380 2382
f 2381 2382 2374
f 2374 2382 2383
f 2374 2383 2365
f 2365 2383 2384
f 2365 2384 2359
f 2359 2384 2385
f 2359 2385 2358
f 2358 2385 2386
f 2358 2386 2357
f 2357 2386 2387
f 2357 2387 2356
f 2388 2389 2390
f 2390 2389 2391
f 2390 2391 2392
f 2392 2391 2393
f 2392 2393 2394
f 2394 2393 2395
f 2394 2395 2396
f 2389 2397 2391
f 2391 2397 2398
f 2391 2398 2393
f 2393 2398 2399
f 2393 2399 2395
f 2395 2399 2400
f 2395 2400 2396
f 1769 1779 2401
f 2401 1779 1777
f 2401 1777 2402
f 2388 2376 2389
f 2389 2376 2375
f 2389 2375 2397
f 2397 2375 2403
f 2397 2403 2398
f 2398 2403 2404
f 2398 2404 2399
f 1785 2162 2290
f 2290 2162 2164
f 2290 2164 2171
f 2405 2406 2407
f 1777 1776 2402
f 2402 1776 1782
f 2402 1782 2291
f 2291 1782 1781
f 2291 1781 1780
f 2174 2175 2405
f 2170 2168 2408
f 2408 2168 2166
f 2408 2166 2407
f 2407 2166 2165
f 2407 2165 2405
f 2405 2165 2172
f 2405 2172 2174
f 2404 2408 2399
f 2399 2408 2407
f 2399 2407 2400
f 2400 2407 2406
f 2400 2406 2409
f 2409 2406 2405
f 2409 2405 2261
f 2261 2405 2175
f 2261 2175 2177
f 1770 1769 2262
f 2262 1769 2401
f 2262 2401 2375
f 2375 2401 2402
f 2375 2402 2403
f 2403 2402 2291
f 2403 2291 2404
f 2404 2291 2290
f 2404 2290 2408
f 2408 2290 2171
f 2408 2171 2170
f 332 331 2302
f 2302 331 2287
f 2302 2287 2301
f 2301 2287 330
f 2301 330 337
f 2298 2410 2411
f 166 348 2298
f 2298 348 2297
f 2298 2297 2410
f 2410 2297 2412
f 2413 2412 2296
f 2296 2412 2297
f 2296 2297 2295
f 2295 2297 2289
f 2295 2289 351
f 351 2289 345
f 2414 2415 2416
f 2416 2415 2417
f 2416 2417 2418
f 2418 2417 2419
f 2418 2419 2420
f 2420 2419 2421
f 2420 2421 2422
f 2422 2421 2423
f 2422 2423 2424
f 2425 2426 2427
f 2427 2426 2428
f 2427 2428 2429
f 2429 2428 2430
f 2429 2430 2431
f 2431 2430 2432
f 2431 2432 2433
f 2433 2432 2434
f 2433 2434 2435
f 2435 2434 2436
f 2435 2436 2437
f 2437 2436 2294
f 2437 2294 2293
f 2293 2294 1977
f 2293 1977 1976
f 1974 1973 2423
f 2423 1973 1959
f 2423 1959 2424
f 2424 1959 1958
f 2424 1958 1979
f 2426 2414 2428
f 2428 2414 2416
f 2428 2416 2430
f 2430 2416 2418
f 2430 2418 2432
f 2432 2418 2420
f 2432 2420 2434
f 2434 2420 2422
f 2434 2422 2436
f 2436 2422 2424
f 2436 2424 2294
f 2294 2424 1979
f 2294 1979 1978
f 1970 1968 2296
f 2296 1968 1966
f 2296 1966 2413
f 2413 1966 1965
f 2413 1965 1975
f 2415 2411 2417
f 2417 2411 2410
f 2417 2410 2419
f 2419 2410 2412
f 2419 2412 2421
f 2421 2412 2413
f 2421 2413 2423
f 2423 2413 1975
f 2423 1975 1974
f 2438 2425 2439
f 2439 2425 2427
f 2439 2427 2440
f 2440 2427 2429
f 2440 2429 2441
f 2441 2429 2431
f 2441 2431 2442
f 2442 2431 2433
f 2442 2433 2443
f 2443 2433 2435
f 2443 2435 2444
f 2444 2435 2437
f 2444 2437 2445
f 2445 2437 2293
f 2445 2293 2292
f 2292 2293 1743
f 2292 1743 1742
f 1750 2446 1751
f 1751 2446 1744
f 2447 1746 1745
f 2448 2449 2450
f 2450 2449 2451
f 2450 2451 2452
f 2451 1753 1752
f 2451 1752 2452
f 2452 1752 1755
f 2452 1755 1684
f 2453 2448 2454
f 2454 2448 2450
f 2454 2450 2455
f 2455 2450 2452
f 2455 2452 2456
f 2456 2452 1684
f 2457 1748 1747
f 311 310 2256
f 2256 310 309
f 2256 309 2257
f 2257 309 2307
f 2257 2307 2258
f 2258 2307 304
f 2258 304 2259
f 2259 304 321
f 2259 321 320
f 313 312 2260
f 2260 312 2306
f 2260 2306 2305
f 2305 2306 317
f 2305 317 316
f 221 303 2309
f 2309 303 2308
f 2309 2308 2255
f 2255 2308 300
f 2255 300 299
f 333 2302 2304
f 2304 2302 2458
f 2304 2458 2305
f 2305 2458 2459
f 2305 2459 2260
f 2260 2459 2460
f 2260 2460 2258
f 2258 2460 2461
f 2258 2461 2257
f 2257 2461 2462
f 2257 2462 2255
f 2255 2462 2463
f 2255 2463 2309
f 2309 2463 2464
f 2309 2464 224
f 218 217 2312
f 2312 217 2310
f 2312 2310 2464
f 2464 2310 225
f 2464 225 224
f 2465 2466 2467
f 233 2311 2313
f 2313 2311 2326
f 2313 2326 2323
f 2323 2326 2280
f 2323 2280 2322
f 2322 2280 2282
f 2322 2282 2276
f 2276 2282 2327
f 2276 2327 2274
f 2274 2327 2332
f 2274 2332 2347
f 2347 2332 2341
f 2347 2341 2348
f 2348 2341 2355
f 2348 2355 2377
f 2377 2355 2354
f 2377 2354 2378
f 2378 2354 2353
f 2378 2353 2380
f 2380 2353 2352
f 2380 2352 2382
f 2382 2352 2351
f 2382 2351 2383
f 2383 2351 2350
f 2383 2350 2384
f 2384 2350 2349
f 2384 2349 2385
f 2385 2349 2271
f 2385 2271 2386
f 2386 2271 2273
f 2386 2273 2387
f 2468 2438 2469
f 2469 2438 2439
f 2469 2439 2470
f 2470 2439 2440
f 2470 2440 2471
f 2471 2440 2441
f 2471 2441 2472
f 2472 2441 2442
f 2472 2442 2473
f 2473 2442 2443
f 2473 2443 2474
f 2474 2443 2444
f 2474 2444 2475
f 2475 2444 2445
f 2475 2445 2476
f 2476 2445 2292
f 2476 2292 2447
f 2447 2292 1741
f 2447 1741 1746
f 2477 2478 2479
f 2479 2478 2480
f 2479 2480 2481
f 2481 2480 2482
f 2481 2482 2483
f 2483 2482 2484
f 2483 2484 2485
f 2485 2484 2486
f 2485 2486 2487
f 2487 2486 2488
f 2487 2488 2489
f 2489 2488 2490
f 2489 2490 2491
f 2491 2490 2492
f 2491 2492 2493
f 2493 2492 2494
f 2493 2494 2495
f 2495 2494 2496
f 2495 2496 2497
f 2497 2496 2446
f 2497 2446 2457
f 2457 2446 1750
f 2457 1750 1748
f 2478 2468 2480
f 2480 2468 2469
f 2480 2469 2482
f 2482 2469 2470
f 2482 2470 2484
f 2484 2470 2471
f 2484 2471 2486
f 2486 2471 2472
f 2486 2472 2488
f 2488 2472 2473
f 2488 2473 2490
f 2490 2473 2474
f 2490 2474 2492
f 2492 2474 2475
f 2492 2475 2494
f 2494 2475 2476
f 2494 2476 2496
f 2496 2476 2447
f 2496 2447 2446
f 2446 2447 1745
f 2446 1745 1744
f 2466 2498 2467
f 2467 2498 2499
f 2467 2499 2500
f 2500 2499 2501
f 2500 2501 2502
f 2502 2501 2503
f 2502 2503 2504
f 2504 2503 2505
f 2504 2505 2506
f 2506 2505 2507
f 2506 2507 2508
f 2508 2507 2509
f 2508 2509 2510
f 2510 2509 2511
f 2510 2511 2512
f 2512 2511 2513
f 2512 2513 2514
f 2514 2513 2453
f 2514 2453 2515
f 2515 2453 2454
f 2515 2454 2516
f 2516 2454 2455
f 2516 2455 2517
f 2517 2455 2456
f 2517 2456 2518
f 2465 2519 2520
f 2520 2519 2521
f 2520 2521 2522
f 2522 2521 2523
f 2522 2523 2524
f 2524 2523 2525
f 2524 2525 2526
f 2526 2525 2527
f 2526 2527 2528
f 2528 2527 2529
f 2528 2529 2530
f 2530 2529 2531
f 2530 2531 2532
f 2532 2531 2533
f 2532 2533 2534
f 2534 2533 2535
f 2534 2535 2536
f 2536 2535 2537
f 2536 2537 2538
f 2538 2537 2539
f 2538 2539 2540
f 2540 2539 2541
f 2540 2541 2542
f 2542 2541 2369
f 2542 2369 2543
f 2543 2369 1759
f 2543 1759 1762
f 2498 2477 2499
f 2499 2477 2479
f 2499 2479 2501
f 2501 2479 2481
f 2501 2481 2503
f 2503 2481 2483
f 2503 2483 2505
f 2505 2483 2485
f 2505 2485 2507
f 2507 2485 2487
f 2507 2487 2509
f 2509 2487 2489
f 2509 2489 2511
f 2511 2489 2491
f 2511 2491 2513
f 2513 2491 2493
f 2513 2493 2453
f 2453 2493 2495
f 2453 2495 2448
f 2448 2495 2497
f 2448 2497 2449
f 2449 2497 2457
f 2449 2457 2451
f 2451 2457 1747
f 2451 1747 1753
f 2466 2544 2498
f 2498 2544 2545
f 2498 2545 2477
f 2477 2545 2546
f 2477 2546 2478
f 2478 2546 2547
f 2478 2547 2468
f 2468 2547 2548
f 2468 2548 2438
f 2438 2548 2549
f 2438 2549 2425
f 2425 2549 2550
f 2425 2550 2426
f 2426 2550 2551
f 2426 2551 2414
f 2414 2551 2552
f 2414 2552 2415
f 2415 2552 2300
f 2415 2300 2411
f 2411 2300 2288
f 2411 2288 2298
f 2298 2288 342
f 2298 342 341
f 2366 2368 2370
f 2370 2368 2376
f 2370 2376 2371
f 2371 2376 2388
f 2371 2388 2372
f 2372 2388 2390
f 2372 2390 2373
f 2373 2390 2392
f 2373 2392 2374
f 2374 2392 2394
f 2374 2394 2381
f 2381 2394 2396
f 2381 2396 2379
f 2379 2396 2400
f 2379 2400 2377
f 2377 2400 2409
f 2377 2409 2348
f 2348 2409 2261
f 2348 2261 2339
f 2339 2261 2182
f 2339 2182 2181
f 1684 1683 2456
f 2456 1683 1758
f 2456 1758 2518
f 2518 1758 1757
f 2518 1757 1761
f 2465 2467 2519
f 2519 2467 2500
f 2519 2500 2521
f 2521 2500 2502
f 2521 2502 2523
f 2523 2502 2504
f 2523 2504 2525
f 2525 2504 2506
f 2525 2506 2527
f 2527 2506 2508
f 2527 2508 2529
f 2529 2508 2510
f 2529 2510 2531
f 2531 2510 2512
f 2531 2512 2533
f 2533 2512 2514
f 2533 2514 2535
f 2535 2514 2515
f 2535 2515 2537
f 2537 2515 2516
f 2537 2516 2539
f 2539 2516 2517
f 2539 2517 2541
f 2541 2517 2518
f 2541 2518 2369
f 2369 2518 1761
f 2369 1761 1760
f 340 2300 2301
f 2301 2300 2552
f 2301 2552 2302
f 2302 2552 2551
f 2302 2551 2458
f 2458 2551 2550
f 2458 2550 2459
f 2459 2550 2549
f 2459 2549 2460
f 2460 2549 2548
f 2460 2548 2461
f 2461 2548 2547
f 2461 2547 2462
f 2462 2547 2546
f 2462 2546 2463
f 2463 2546 2545
f 2463 2545 2464
f 2464 2545 2544
f 2464 2544 2312
f 2312 2544 2466
f 2312 2466 2311
f 2311 2466 2465
f 2311 2465 2326
f 2326 2465 2520
f 2326 2520 2325
f 2325 2520 2522
f 2325 2522 2324
f 2324 2522 2524
f 2324 2524 2278
f 2278 2524 2526
f 2278 2526 2279
f 2279 2526 2528
f 2279 2528 2331
f 2331 2528 2530
f 2331 2530 2337
f 2337 2530 2532
f 2337 2532 2272
f 2272 2532 2534
f 2272 2534 2273
f 2273 2534 2536
f 2273 2536 2387
f 2387 2536 2538
f 2387 2538 2356
f 2356 2538 2540
f 2356 2540 2364
f 2364 2540 2542
f 2364 2542 2366
f 2366 2542 2543
f 2366 2543 2367
f 2367 2543 1762
f 2367 1762 1764
f 243 2078 285
f 285 2078 2076
f 285 2076 2075
f 2096 2097 285
f 285 2097 2099
f 285 2099 2101
f 2111 2113 285
f 285 2113 2115
f 285 2115 1988
f 2075 2239 285
f 285 2239 2230
f 285 2230 2084
f 285 2087 2086
f 2087 285 2081
f 2081 285 2084
f 2081 2084 2083
f 2086 2090 285
f 285 2090 2089
f 285 2089 2092
f 2092 2091 285
f 285 2091 2094
f 285 2094 2096
f 2101 2103 285
f 285 2103 2105
f 285 2105 2106
f 2106 2107 285
f 285 2107 2109
f 285 2109 2111
f 1910 172 186
f 186 185 1910
f 1910 185 183
f 1910 183 1907
f 1907 183 181
f 1907 181 1909
f 1909 181 1901
f 178 2059 179
f 179 2059 2128
f 2128 2129 179
f 179 2129 1904
f 179 1904 181
f 181 1904 1902
f 181 1902 1901
f 2553 2554 2555
f 2555 2556 2553
f 2553 2556 2557
f 2553 2557 2558
f 2558 2559 2553
f 2553 2559 2560
f 2553 2560 2561
f 2562 2563 2561
f 2562 2561 2564
f 616 614 2565
f 2565 614 2566
f 2565 2566 2567
f 2567 2566 2564
f 2567 2564 2568
f 2568 2564 2561
f 2563 2569 2561
f 2561 2569 2570
f 2561 2570 2571
f 2571 2572 2561
f 2561 2572 2573
f 2561 2573 2553
f 2574 2575 2576
f 2577 2578 2579
f 2554 2553 2580
f 2580 2553 2581
f 2580 2581 2579
f 2579 2581 2582
f 2579 2582 2577
f 2575 2583 2576
f 2576 2583 2579
f 2576 2579 2584
f 2584 2579 2578
f 2585 2586 2587
f 2587 2586 2588
f 2587 2588 2576
f 2576 2588 2589
f 2576 2589 2574
f 2585 2587 2590
f 2590 2587 2591
f 2590 2591 2592
f 2593 2594 2595
f 2595 2594 2596
f 2597 2593 2598
f 2598 2599 2597
f 2597 2599 2600
f 2597 2600 2601
f 2592 2602 2590
f 2590 2602 2603
f 2590 2603 2604
f 2604 2603 2605
f 2604 2605 2601
f 2601 2605 2606
f 2601 2606 2597
f 2597 2607 2593
f 2593 2607 2608
f 2593 2608 2609
f 2610 2611 2612
f 2612 2613 2610
f 2610 2613 2614
f 2610 2614 2615
f 2615 2614 2616
f 2615 2616 2617
f 2617 2616 2594
f 2617 2594 2618
f 2618 2594 2593
f 2618 2593 2619
f 2619 2593 2609
f 2610 2620 2611
f 2611 2620 2621
f 2611 2621 2622
f 2622 2621 2623
f 2622 2623 2624
f 2625 2626 2623
f 2623 2626 2627
f 2623 2627 2624
f 2628 2629 2630
f 2625 2631 2626
f 2626 2631 2632
f 2626 2632 2633
f 2633 2632 2628
f 2633 2628 2634
f 2634 2628 2630
f 2629 2628 2635
f 2635 2628 2636
f 2635 2636 2637
f 2638 2639 2640
f 2640 2639 2641
f 2640 2641 2642
f 2638 2640 2643
f 2643 2640 2644
f 2643 2644 2645
f 2645 2644 2646
f 2645 2646 2647
f 2637 2648 2635
f 2635 2648 2645
f 2635 2645 2649
f 2649 2645 2647
f 2650 2651 2652
f 2652 2653 2650
f 2650 2653 2654
f 2650 2654 2655
f 2655 2654 2640
f 2655 2640 2656
f 2656 2640 2642
f 2657 2658 2659
f 2659 2658 2660
f 2650 2661 2651
f 2651 2661 2662
f 2651 2662 2663
f 2663 2662 2659
f 2663 2659 2664
f 2664 2659 2660
f 2657 2659 2665
f 2665 2659 2666
f 2665 2666 2667
f 2668 2669 2670
f 2671 2672 2673
f 2667 2674 2665
f 2665 2674 2675
f 2665 2675 2676
f 2676 2675 2677
f 2676 2677 2673
f 2673 2677 2678
f 2673 2678 2671
f 2670 2679 2668
f 2668 2679 2673
f 2668 2673 2680
f 2680 2673 2672
f 2681 2682 2683
f 2683 2682 2684
f 2685 2686 2687
f 2669 2668 2688
f 2688 2668 2689
f 2688 2689 2690
f 2690 2689 2687
f 2687 2689 2691
f 2687 2691 2685
f 2681 2692 2682
f 2682 2692 2687
f 2682 2687 2693
f 2693 2687 2686
f 2694 2695 2696
f 2696 2695 2697
f 2684 2682 2698
f 2698 2682 2699
f 2698 2699 2700
f 2700 2701 2698
f 2698 2701 2702
f 2698 2702 2703
f 2697 2704 2696
f 2696 2704 2698
f 2696 2698 2705
f 2705 2698 2703
f 2706 2707 2708
f 2708 2707 2709
f 2708 2709 2710
f 2710 2709 2711
f 2710 2711 2696
f 2696 2711 2712
f 2696 2712 2694
f 2706 2708 2713
f 2713 2708 2714
f 2713 2714 2715
f 2715 2716 2713
f 2713 2716 2717
f 2713 2717 2718
f 111 18 2719
f 2719 18 2720
f 2719 2720 2718
f 2718 2720 2721
f 2718 2721 2713
f 2713 2721 2722
f 660 659 2723
f 2723 659 2724
f 2723 2724 2725
f 2725 2724 2726
f 2726 2724 2727
f 2726 2727 2728
f 2728 2727 2729
f 2728 2729 2730
f 2730 2729 2731
f 2730 2731 2732
f 624 626 2733
f 2733 626 2734
f 2733 2734 2735
f 2735 2734 2736
f 2735 2736 2737
f 2737 2736 2732
f 2737 2732 2738
f 2738 2732 2731
f 2739 2740 2741
f 2742 2743 2744
f 2744 2743 2745
f 2744 2745 2746
f 2746 2745 2747
f 2747 2745 2748
f 2748 2745 2749
f 2748 2749 2750
f 2751 2752 2753
f 2750 2754 2748
f 2748 2754 2751
f 2748 2751 2755
f 2755 2751 2753
f 2751 2756 2752
f 2752 2756 2757
f 2752 2757 2758
f 2758 2757 2759
f 2741 2740 2760
f 2759 2757 2740
f 2740 2757 2761
f 2740 2761 2760
f 2762 2763 2764
f 2764 2765 2762
f 2762 2765 2766
f 2762 2766 2741
f 2741 2766 2767
f 2741 2767 2739
f 656 655 2768
f 2768 655 2769
f 2768 2769 2770
f 2770 2769 2771
f 2762 2772 2763
f 2763 2772 2773
f 2763 2773 2774
f 2774 2773 2771
f 2774 2771 2775
f 2775 2771 2769
f 2776 2777 2778
f 2779 2780 2781
f 2781 2780 2782
f 2781 2782 2783
f 2783 2782 2784
f 2783 2784 902
f 902 2784 2785
f 902 2785 903
f 2786 2787 2781
f 2781 2787 2788
f 2781 2788 2779
f 2781 2789 2786
f 2786 2789 2790
f 2786 2790 2791
f 2792 2793 2794
f 2794 2793 2786
f 2794 2786 2795
f 2795 2786 2791
f 2778 2777 2796
f 2796 2777 2797
f 2796 2797 2798
f 2799 2800 2792
f 2792 2800 2801
f 2792 2801 2793
f 2802 2803 2797
f 2797 2803 2804
f 2797 2804 2798
f 2792 2805 2799
f 2799 2805 2806
f 2799 2806 2802
f 2802 2806 2807
f 2802 2807 2803
f 2808 2809 2810
f 2810 2809 2811
f 2811 2809 2812
f 2811 2812 2813
f 2814 2815 2812
f 2812 2815 2816
f 2812 2816 2813
f 2778 2817 2776
f 2776 2817 2818
f 2776 2818 2814
f 2814 2818 2819
f 2814 2819 2815
f 2820 2821 2822
f 2822 2821 2823
f 2822 2823 2824
f 2824 2825 2822
f 2822 2825 2826
f 2822 2826 2827
f 2827 2826 2828
f 2808 2810 2829
f 2829 2810 2830
f 2829 2830 2831
f 2831 2832 2829
f 2829 2832 2833
f 2829 2833 2828
f 2828 2833 2834
f 2828 2834 2827
f 2835 2836 2837
f 2822 2838 2820
f 2820 2838 2839
f 2820 2839 2840
f 2836 2841 2837
f 2837 2841 2842
f 2837 2842 2843
f 2843 2842 2820
f 2843 2820 2844
f 2844 2820 2840
f 2845 2846 2847
f 2835 2837 2848
f 2848 2837 2849
f 2848 2849 2850
f 2846 2851 2847
f 2847 2851 2852
f 2847 2852 2848
f 2847 2848 2853
f 2853 2848 2850
f 2854 2855 2856
f 2854 2856 2847
f 2847 2856 2857
f 2847 2857 2858
f 2858 2859 2847
f 2847 2859 2860
f 2847 2860 2845
f 2861 2862 2863
f 2855 2864 2856
f 2856 2864 2865
f 2856 2865 2866
f 2866 2865 2867
f 2866 2867 2863
f 2863 2867 2868
f 2863 2868 2861
f 2869 2870 2871
f 2871 2870 2863
f 2871 2863 2872
f 2872 2863 2862
f 1655 1626 2873
f 2873 1626 2869
f 2873 2869 2874
f 2874 2869 2871
f 1587 1606 2875
f 2875 1606 2876
f 2875 2876 2877
f 2877 2876 2878
f 2877 2878 2879
f 2880 2881 2882
f 2881 2880 2883
f 2883 2880 2884
f 2883 2884 2879
f 2879 2884 2885
f 2879 2885 2877
f 2882 2886 2880
f 2880 2886 2887
f 2880 2887 2888
f 2888 2887 2889
f 2890 2891 2892
f 2892 2891 2893
f 2892 2893 2887
f 2887 2893 2894
f 2887 2894 2889
f 2895 2896 2897
f 2897 2896 2898
f 2897 2898 2899
f 2897 2900 2895
f 2895 2900 2901
f 2895 2901 2902
f 2890 2903 2891
f 2891 2903 2895
f 2891 2895 2904
f 2904 2895 2902
f 2905 2906 2907
f 2906 2908 2907
f 2907 2908 2909
f 2907 2909 2910
f 2910 2911 2907
f 2907 2911 2912
f 2907 2912 2913
f 2907 2914 2905
f 2905 2914 2915
f 2905 2915 2916
f 2899 2917 2897
f 2897 2917 2905
f 2897 2905 2918
f 2918 2905 2916
f 2919 2920 2921
f 2921 2922 2919
f 2919 2922 2923
f 2919 2923 2924
f 2920 2919 2925
f 2925 2919 2926
f 2925 2926 2927
f 2927 2926 2928
f 2927 2928 2912
f 2912 2928 2929
f 2912 2929 2913
f 2930 2931 2932
f 2932 2931 2933
f 2930 2932 2934
f 2934 2932 2935
f 2934 2935 2936
f 2936 2935 2937
f 2937 2935 2938
f 2937 2938 2939
f 2939 2938 2940
f 2940 2938 2941
f 2940 2941 2924
f 2924 2941 2942
f 2924 2942 2919
f 2943 2944 2945
f 2945 2944 2946
f 2945 2946 2947
f 2947 2946 2948
f 2947 2948 2949
f 2950 2951 2952
f 2952 2951 2953
f 2952 2953 2948
f 2948 2953 2954
f 2948 2954 2949
f 2931 2955 2933
f 2933 2955 2956
f 2933 2956 2950
f 2950 2956 2957
f 2950 2957 2951
f 2958 2959 2960
f 2960 2959 2961
f 2960 2961 2962
f 2963 2964 2962
f 2943 2945 2962
f 2962 2945 2965
f 2962 2965 2963
f 2964 2966 2962
f 2962 2966 2967
f 2962 2967 2960
f 1239 1238 2968
f 2968 2969 1239
f 1239 2969 2970
f 1239 2970 2971
f 2971 2970 2972
f 2971 2972 2960
f 2960 2972 2973
f 2960 2973 2958
f 2974 2975 1549
f 2976 1539 2977
f 2977 1539 1560
f 2977 1560 2978
f 897 898 2979
f 2979 898 1539
f 2979 1539 2980
f 2980 1539 2976
f 2981 2982 1560
f 1560 2982 2983
f 1560 2983 2984
f 2984 2985 1560
f 1560 2985 2986
f 1560 2986 2978
f 2987 1559 2988
f 2988 1559 1558
f 2988 1558 2989
f 2987 2990 1559
f 1559 2990 2991
f 1559 2991 1560
f 1560 2991 2981
f 2992 2993 1558
f 2993 2994 1558
f 1558 2994 2995
f 1558 2995 2989
f 2996 2997 1540
f 2997 2998 1540
f 1540 2998 2999
f 1540 2999 1558
f 1558 2999 3000
f 1558 3000 2992
f 3001 3002 1552
f 3002 3003 1552
f 1552 3003 3004
f 1552 3004 1540
f 1540 3004 3005
f 1540 3005 2996
f 3006 3007 1551
f 1555 3008 3009
f 1555 3009 1551
f 1551 3009 3010
f 1551 3010 3006
f 3007 3011 1551
f 1551 3011 3012
f 1551 3012 1552
f 1552 3012 3013
f 1552 3013 3001
f 3014 1555 3015
f 3015 1555 1554
f 3014 3016 1555
f 1555 3016 3017
f 1555 3017 3008
f 1553 3018 3019
f 3020 3021 1554
f 1554 3021 3022
f 1554 3022 3015
f 1553 3019 1554
f 1554 3019 3023
f 1554 3023 3020
f 3024 1553 3025
f 3025 1553 1542
f 3024 3026 1553
f 1553 3026 3027
f 1553 3027 3018
f 3028 3029 1542
f 1542 3029 3030
f 1542 3030 3025
f 2975 3031 1549
f 1549 3031 3032
f 1549 3032 1542
f 1542 3032 3033
f 1542 3033 3028
f 3034 3035 1548
f 1548 3035 3036
f 1548 3036 1549
f 1549 3036 3037
f 1549 3037 2974
f 1546 3038 3039
f 3039 3040 1546
f 1546 3040 3041
f 1546 3041 1548
f 1548 3041 3042
f 1548 3042 3034
f 3043 3044 1557
f 1557 3044 3045
f 1557 3045 1546
f 1546 3045 3046
f 1546 3046 3038
f 3043 1557 3047
f 3047 1557 6
f 3047 6 5
f 1579 3048 23
f 23 3048 25
f 1564 3049 3050
f 3050 3051 1564
f 1564 3051 3052
f 1564 3052 1579
f 1579 3052 3053
f 1579 3053 3048
f 3054 3055 1569
f 1569 3055 3056
f 3056 3057 1569
f 1569 3057 3058
f 1569 3058 1564
f 1564 3058 3059
f 1564 3059 3049
f 3060 3061 1568
f 3061 3062 1568
f 1568 3062 3063
f 1568 3063 1569
f 1569 3063 3054
f 3064 3065 1566
f 3065 3066 1566
f 1566 3066 3067
f 1566 3067 1568
f 1568 3067 3068
f 1568 3068 3060
f 3069 1574 3070
f 3070 1574 3071
f 3069 3072 1574
f 1574 3072 3073
f 1574 3073 1566
f 1566 3073 3074
f 1566 3074 3064
f 1573 3075 3076
f 3076 3077 1573
f 1573 3077 3078
f 1573 3078 1574
f 1574 3078 3079
f 1574 3079 3071
f 1577 3080 3081
f 3081 3082 1577
f 1577 3082 3083
f 1577 3083 1573
f 1573 3083 3084
f 1573 3084 3075
f 1576 3085 3086
f 3086 3087 1576
f 1576 3087 3088
f 1576 3088 1577
f 1577 3088 3089
f 1577 3089 3080
f 1575 3090 3091
f 3091 3092 1575
f 1575 3092 3093
f 1575 3093 1576
f 1576 3093 3094
f 1576 3094 3085
f 3095 3096 1571
f 1571 3096 3097
f 1571 3097 3098
f 3098 3099 1571
f 1571 3099 3100
f 1571 3100 1575
f 1575 3100 3101
f 1575 3101 3090
f 1582 3102 3103
f 3103 3104 1582
f 1582 3104 3105
f 1582 3105 1571
f 1571 3105 3106
f 1571 3106 3095
f 1581 3107 3108
f 3108 3109 1581
f 1581 3109 3110
f 1581 3110 1582
f 1582 3110 3111
f 1582 3111 3102
f 3112 3113 1580
f 1580 3113 3114
f 1580 3114 3115
f 3115 3116 1580
f 1580 3116 3117
f 1580 3117 1581
f 1581 3117 3107
f 1578 3118 3119
f 1578 3119 1580
f 1580 3119 3120
f 1580 3120 3112
f 3118 1578 3121
f 3121 1578 612
f 3121 612 611
f 3122 3123 3124
f 663 3125 664
f 664 3125 1541
f 3126 1550 3127
f 3127 1550 1541
f 3127 1541 3128
f 3128 1541 3125
f 3126 3129 1550
f 1550 3129 3130
f 1550 3130 1543
f 3131 1544 3132
f 3132 1544 1543
f 3132 1543 3133
f 3133 1543 3130
f 3131 3134 1544
f 1544 3134 3135
f 1544 3135 1547
f 3135 3136 1547
f 1547 3136 3137
f 1547 3137 1545
f 3138 1556 3139
f 3139 1556 1545
f 3139 1545 3140
f 3140 1545 3137
f 3141 3142 368
f 368 3142 3143
f 368 3143 1561
f 3144 367 3145
f 3145 367 1556
f 3145 1556 3146
f 3146 1556 3138
f 3143 3147 1561
f 1561 3147 3148
f 1561 3148 1562
f 3149 1563 3150
f 3150 1563 1562
f 3150 1562 3151
f 3151 1562 3148
f 3149 3152 1563
f 1563 3152 3153
f 1563 3153 1567
f 3154 1565 3155
f 3155 1565 1567
f 3155 1567 3156
f 3156 1567 3153
f 3154 3157 1565
f 1565 3157 3158
f 1565 3158 1572
f 3158 3159 1572
f 1572 3159 3160
f 1572 3160 1570
f 379 380 3161
f 3161 380 1570
f 3161 1570 3162
f 3162 1570 3160
f 368 367 3141
f 3141 367 3144
f 3141 3144 3163
f 3163 3144 3164
f 3163 3164 3165
f 3165 3164 3166
f 3165 3166 3167
f 3167 3166 3168
f 3167 3168 3169
f 3169 3168 3170
f 3169 3170 3171
f 3171 3170 3172
f 3171 3172 3173
f 3173 3172 3174
f 3173 3174 3175
f 3175 3174 3176
f 3175 3176 3177
f 3177 3176 3178
f 3177 3178 3179
f 3179 3178 3180
f 3179 3180 3181
f 3124 3123 3182
f 3182 3123 3183
f 3182 3183 3184
f 3184 3183 3180
f 3180 3183 3185
f 3180 3185 3181
f 3186 3187 3188
f 3188 3187 3189
f 3188 3189 3190
f 3190 3189 3122
f 3190 3122 3191
f 3191 3122 3124
f 3192 3193 3194
f 3194 3193 3195
f 3194 3195 3196
f 3196 3195 3197
f 3196 3197 3186
f 3186 3197 3198
f 3186 3198 3187
f 3192 3199 3193
f 3193 3199 3200
f 3193 3200 3201
f 3201 3200 3202
f 3202 3200 3203
f 3202 3203 3204
f 3205 3206 3207
f 3207 3206 3208
f 3207 3208 3209
f 3209 3208 3210
f 3210 3208 3203
f 3203 3208 3211
f 3203 3211 3204
f 3212 3213 3214
f 3214 3213 3215
f 3205 3216 3206
f 3206 3216 3214
f 3206 3214 3217
f 3217 3214 3215
f 2742 2744 3218
f 3218 2744 3219
f 3212 3220 3213
f 3213 3220 3218
f 3213 3218 3221
f 3221 3218 3219
f 3222 1592 3223
f 3223 1592 1585
f 3222 3223 3224
f 3224 3223 3225
f 3224 3225 3226
f 3226 3225 3227
f 3226 3227 3228
f 3228 3227 3229
f 3229 3227 3230
f 3229 3230 3231
f 3231 3230 3232
f 3231 3232 3233
f 3233 3232 3234
f 3233 3234 3235
f 3236 3237 3238
f 3238 3237 3234
f 3234 3237 3239
f 3234 3239 3235
f 3238 3240 3236
f 3236 3240 3241
f 3236 3241 3242
f 3242 3241 3243
f 3243 3241 3244
f 3244 3241 3245
f 3244 3245 3246
f 3247 3248 3249
f 3249 3248 3250
f 3249 3250 3251
f 3251 3250 3246
f 3251 3246 3252
f 3252 3246 3245
f 3253 3254 3247
f 3247 3254 3255
f 3247 3255 3248
f 3256 3257 3258
f 3258 3259 3256
f 3256 3259 3260
f 3256 3260 3261
f 3261 3260 3262
f 3262 3263 3261
f 3261 3263 3264
f 3261 3264 3253
f 3253 3264 3265
f 3253 3265 3254
f 3266 3267 3257
f 3257 3267 3268
f 3268 3269 3257
f 3257 3269 3270
f 3257 3270 3258
f 3266 3271 3267
f 3267 3271 3272
f 3267 3272 3273
f 3273 3272 3274
f 3275 3276 3277
f 3277 3276 3278
f 3277 3278 3274
f 3274 3278 3279
f 3274 3279 3273
f 3280 3281 3282
f 3282 3281 3283
f 3282 3283 3284
f 3275 3277 3285
f 3285 3277 3286
f 3285 3286 3287
f 3287 3286 3288
f 3287 3288 3280
f 3280 3288 3289
f 3280 3289 3281
f 3284 3283 3290
f 3290 3283 3291
f 3290 3291 3292
f 3292 3291 3293
f 3292 3293 3294
f 3294 3293 3295
f 3295 3293 3296
f 3295 3296 3297
f 3297 3296 615
f 3297 615 616
f 2588 2586 3298
f 2598 2593 3299
f 1598 1623 3300
f 1622 1621 3301
f 1602 1601 3302
f 1600 1599 3303
f 1604 1603 3304
f 3305 3306 3307
f 3306 3305 3308
f 1596 1595 3309
f 3236 3242 3310
f 3278 3276 3311
f 3275 3285 3312
f 3313 3314 3315
f 3284 3290 3316
f 3317 3318 3319
f 2554 2580 3317
f 3317 2580 2579
f 3317 2579 3318
f 3320 2557 3321
f 3321 2557 2556
f 3321 2556 2555
f 3322 2559 3320
f 3320 2559 2558
f 3320 2558 2557
f 2567 2568 3323
f 3323 2568 2561
f 3323 2561 3322
f 3322 2561 2560
f 3322 2560 2559
f 3287 3280 3324
f 3324 3280 3282
f 3282 3284 3324
f 3324 3284 3316
f 3324 3316 3325
f 3325 3316 3326
f 3325 3326 3327
f 3327 3326 3328
f 3327 3328 3329
f 3329 3328 3330
f 616 2565 3297
f 3297 2565 2567
f 3297 2567 3295
f 3295 2567 3323
f 3295 3323 3294
f 3294 3323 3292
f 3290 3292 3316
f 3316 3292 3323
f 3316 3323 3326
f 3326 3323 3322
f 3326 3322 3328
f 3328 3322 3320
f 3328 3320 3330
f 3330 3320 3321
f 2579 2583 3318
f 3318 2583 3331
f 3318 3331 3319
f 3319 3331 3332
f 3319 3332 3333
f 3333 3332 3334
f 3333 3334 3335
f 3335 3334 3336
f 3335 3336 3337
f 3337 3336 3338
f 3337 3338 3339
f 3340 3341 3342
f 3343 3344 3311
f 3311 3344 3345
f 3276 3275 3311
f 3311 3275 3312
f 3311 3312 3343
f 3343 3312 3346
f 3346 3313 3343
f 3343 3313 3315
f 3343 3315 3344
f 3344 3315 3347
f 3344 3347 3348
f 3348 3347 3349
f 3348 3349 3350
f 3260 3259 3350
f 3259 3258 3350
f 3350 3258 3270
f 3350 3270 3348
f 3338 3340 3339
f 3339 3340 3342
f 3339 3342 3351
f 3351 3342 3352
f 3351 3352 3353
f 3353 3352 3354
f 3270 3269 3348
f 3348 3269 3268
f 3348 3268 3344
f 3344 3268 3267
f 3344 3267 3345
f 3345 3267 3273
f 3345 3273 3311
f 3311 3273 3279
f 3311 3279 3278
f 3354 3352 3355
f 3355 3352 3342
f 3355 3342 3356
f 3356 3342 3341
f 3356 3341 3357
f 3285 3287 3312
f 3312 3287 3324
f 3312 3324 3346
f 3346 3324 3325
f 3346 3325 3313
f 3313 3325 3327
f 3313 3327 3314
f 3314 3327 3329
f 3358 3359 3360
f 3360 3359 3361
f 3360 3361 3357
f 3362 3359 3363
f 3363 3359 3358
f 3363 3358 3364
f 3365 3366 3367
f 3368 3362 3369
f 3369 3362 3363
f 3369 3363 3370
f 3370 3363 3364
f 3370 3364 3371
f 3357 3361 3356
f 3356 3361 3372
f 3356 3372 3355
f 3355 3372 3373
f 3355 3373 3354
f 3374 3375 3376
f 3376 3375 3377
f 3376 3377 3378
f 3378 3377 3379
f 3378 3379 3310
f 3265 3264 3373
f 3373 3264 3263
f 3373 3263 3354
f 3354 3263 3262
f 3354 3262 3353
f 3246 3378 3244
f 3244 3378 3310
f 3244 3310 3243
f 3243 3310 3242
f 3254 3374 3255
f 3255 3374 3376
f 3255 3376 3248
f 3248 3376 3378
f 3248 3378 3250
f 3250 3378 3246
f 3371 3380 3370
f 3370 3380 3381
f 3370 3381 3369
f 3369 3381 3382
f 3369 3382 3368
f 3222 3224 3383
f 3383 3224 3226
f 3383 3226 3228
f 3384 3385 3386
f 3386 3385 3383
f 3386 3383 3387
f 3387 3383 3228
f 3387 3228 3229
f 3229 3231 3387
f 3387 3231 3382
f 3387 3382 3386
f 3386 3382 3381
f 3386 3381 3384
f 3384 3381 3380
f 3231 3233 3382
f 3382 3233 3235
f 3382 3235 3368
f 3368 3235 3239
f 3368 3239 3237
f 3371 3388 3380
f 3380 3388 3389
f 3380 3389 3384
f 3384 3389 3309
f 3384 3309 3385
f 3385 3309 1595
f 3385 1595 1586
f 3237 3236 3368
f 3368 3236 3310
f 3368 3310 3362
f 3362 3310 3379
f 3362 3379 3359
f 3359 3379 3377
f 3359 3377 3361
f 3361 3377 3375
f 3361 3375 3372
f 3372 3375 3374
f 3372 3374 3373
f 3373 3374 3254
f 3373 3254 3265
f 3388 3365 3389
f 3389 3365 3367
f 3389 3367 3309
f 3309 3367 1597
f 3309 1597 1596
f 3390 3391 3392
f 3393 3394 3308
f 3308 3305 3393
f 3393 3305 3395
f 3393 3395 3396
f 3396 3395 3397
f 3396 3397 3398
f 3398 3397 3399
f 3398 3399 3400
f 3401 3402 3403
f 1604 3304 1605
f 1606 1605 3404
f 3404 1605 3304
f 3404 3304 3405
f 3405 3304 3401
f 3405 3401 3406
f 3406 3401 3403
f 3407 3408 3409
f 3409 3408 3410
f 3409 3410 3411
f 3411 3410 3412
f 3411 3412 3413
f 3413 3412 3302
f 3413 3302 3303
f 3303 3302 1601
f 3303 1601 1600
f 3408 3402 3410
f 3410 3402 3401
f 3410 3401 3412
f 3412 3401 3304
f 3412 3304 3302
f 3302 3304 1603
f 3302 1603 1602
f 3414 3415 3416
f 3416 3415 3417
f 3416 3417 3418
f 3418 3417 3419
f 3418 3419 3420
f 3420 3419 3421
f 3420 3421 3422
f 3422 3421 3423
f 3422 3423 3424
f 3424 3423 3300
f 3424 3300 3301
f 3301 3300 1623
f 3301 1623 1622
f 3414 3416 3425
f 3425 3416 3418
f 3425 3418 3426
f 3426 3418 3420
f 3426 3420 3427
f 3427 3420 3422
f 3427 3422 3428
f 3428 3422 3424
f 3428 3424 3429
f 3429 3424 3301
f 3429 3301 3430
f 3430 3301 1621
f 3430 1621 1620
f 3415 3407 3417
f 3417 3407 3409
f 3417 3409 3419
f 3419 3409 3411
f 3419 3411 3421
f 3421 3411 3413
f 3421 3413 3423
f 3423 3413 3303
f 3423 3303 3300
f 3300 3303 1599
f 3300 1599 1598
f 2616 3431 2594
f 2594 3431 3432
f 2594 3432 2596
f 2596 3432 2595
f 3431 3433 3432
f 3432 3433 3434
f 3432 3434 3435
f 3434 3436 3435
f 3435 3436 3437
f 3435 3437 3438
f 3438 3437 3439
f 3438 3439 3440
f 2598 3299 2599
f 2601 2600 3441
f 3439 3442 3440
f 3440 3442 3443
f 3440 3443 3444
f 3443 3445 3444
f 3444 3445 3446
f 3444 3446 3447
f 3446 3448 3447
f 3447 3448 3449
f 3447 3449 3450
f 3450 3449 3451
f 3450 3451 3452
f 3452 3451 3453
f 3452 3453 3454
f 2600 2599 3441
f 3441 2599 3299
f 3441 3299 3455
f 3455 3299 3456
f 3455 3456 3457
f 3457 3456 3458
f 3457 3458 3459
f 3459 3458 3460
f 3459 3460 3461
f 3461 3460 3462
f 3461 3462 3463
f 3463 3462 3464
f 3463 3464 3465
f 3465 3464 3466
f 3465 3466 3467
f 3467 3466 3468
f 3467 3468 3469
f 3469 3468 3470
f 3469 3470 3390
f 3390 3470 3471
f 3390 3471 3391
f 2593 2595 3299
f 3299 2595 3432
f 3299 3432 3456
f 3456 3432 3435
f 3456 3435 3458
f 3458 3435 3438
f 3458 3438 3460
f 3460 3438 3440
f 3460 3440 3462
f 3462 3440 3444
f 3462 3444 3464
f 3464 3444 3447
f 3464 3447 3466
f 3466 3447 3450
f 3466 3450 3468
f 3468 3450 3452
f 3468 3452 3470
f 3470 3452 3454
f 3470 3454 3471
f 2590 2604 3472
f 2590 3472 2585
f 2583 2575 3331
f 3331 2575 2574
f 3331 2574 2589
f 2586 2585 3298
f 3298 2585 3472
f 3298 3472 3473
f 3473 3472 3474
f 3473 3474 3475
f 3475 3474 3476
f 3475 3476 3477
f 3477 3476 3478
f 3477 3478 3479
f 3479 3478 3480
f 3479 3480 3481
f 3481 3480 3482
f 3481 3482 3483
f 3483 3482 3484
f 3483 3484 3485
f 3485 3484 3400
f 3485 3400 3414
f 3414 3400 3399
f 3414 3399 3415
f 3415 3399 3397
f 3415 3397 3407
f 3407 3397 3395
f 3407 3395 3408
f 3408 3395 3305
f 3408 3305 3402
f 3402 3305 3307
f 3402 3307 3403
f 2604 2601 3472
f 3472 2601 3441
f 3472 3441 3474
f 3474 3441 3455
f 3474 3455 3476
f 3476 3455 3457
f 3476 3457 3478
f 3478 3457 3459
f 3478 3459 3480
f 3480 3459 3461
f 3480 3461 3482
f 3482 3461 3463
f 3482 3463 3484
f 3484 3463 3465
f 3484 3465 3400
f 3400 3465 3467
f 3400 3467 3398
f 3398 3467 3469
f 3398 3469 3396
f 3396 3469 3390
f 3396 3390 3393
f 3393 3390 3392
f 3393 3392 3394
f 1592 3222 1613
f 1613 3222 3383
f 1613 3383 1589
f 1589 3383 3385
f 1589 3385 1588
f 1588 3385 1586
f 2555 2554 3321
f 3321 2554 3317
f 3321 3317 3330
f 3330 3317 3319
f 3330 3319 3329
f 3329 3319 3333
f 3329 3333 3314
f 3314 3333 3335
f 3314 3335 3315
f 3315 3335 3337
f 3315 3337 3347
f 3347 3337 3339
f 3347 3339 3349
f 3349 3339 3351
f 3349 3351 3350
f 3350 3351 3353
f 3350 3353 3260
f 3260 3353 3262
f 1619 1618 3366
f 3366 1618 1617
f 3366 1617 3367
f 3367 1617 1616
f 3367 1616 1597
f 1620 1619 3430
f 3430 1619 3366
f 3430 3366 3429
f 3429 3366 3365
f 3429 3365 3428
f 3428 3365 3388
f 3428 3388 3427
f 3427 3388 3371
f 3427 3371 3426
f 3426 3371 3364
f 3426 3364 3425
f 3425 3364 3358
f 3425 3358 3414
f 3414 3358 3360
f 3414 3360 3485
f 3485 3360 3357
f 3485 3357 3483
f 3483 3357 3341
f 3483 3341 3481
f 3481 3341 3340
f 3481 3340 3479
f 3479 3340 3338
f 3479 3338 3477
f 3477 3338 3336
f 3477 3336 3475
f 3475 3336 3334
f 3475 3334 3473
f 3473 3334 3332
f 3473 3332 3298
f 3298 3332 3331
f 3298 3331 2588
f 2588 3331 2589
f 2676 2673 3486
f 3487 3488 3489
f 3490 3491 3492
f 3493 3494 3495
f 3496 3497 2697
f 3498 3499 3500
f 2706 2713 3501
f 3502 3503 3504
f 2934 2936 3505
f 2921 2920 3506
f 2931 2930 3507
f 2963 2965 3508
f 2947 2949 3509
f 3510 3511 3512
f 3513 3514 3515
f 3516 3517 3518
f 3519 3520 3521
f 3522 3523 3524
f 2882 2881 3525
f 2887 2886 3526
f 3527 3528 3529
f 3446 3445 3530
f 3449 3448 3531
f 3443 3442 3532
f 3434 3433 3533
f 3437 3436 3534
f 3535 2652 3536
f 3536 2652 2651
f 2644 2640 3537
f 3537 2640 2654
f 3537 2654 3535
f 3535 2654 2653
f 3535 2653 2652
f 2644 3537 2646
f 2646 3537 3538
f 2646 3538 2647
f 2630 2629 3539
f 3539 2629 2635
f 3539 2635 3538
f 3538 2635 2649
f 3538 2649 2647
f 2630 3539 2634
f 2634 3539 3540
f 2634 3540 2633
f 2622 2624 3541
f 3541 2624 2627
f 3541 2627 3540
f 3540 2627 2626
f 3540 2626 2633
f 2622 3541 2611
f 2611 3541 3533
f 2611 3533 2612
f 2616 2614 3431
f 3431 2614 3433
f 3433 2614 3533
f 3533 2614 2613
f 3533 2613 2612
f 2910 2909 3542
f 3542 2909 3543
f 3542 3543 3544
f 3544 3543 3545
f 3544 3545 3546
f 3546 3545 3547
f 3546 3547 3548
f 3548 3547 3549
f 3548 3549 3550
f 3550 3549 3551
f 3550 3551 3552
f 3552 3551 3553
f 3552 3553 3554
f 3554 3553 3555
f 3554 3555 3556
f 3556 3555 3557
f 3558 3559 3560
f 3560 3559 3561
f 3560 3561 3562
f 3562 3561 3563
f 3562 3563 3564
f 3564 3563 3565
f 3564 3565 3566
f 3566 3565 3567
f 3566 3567 3568
f 3568 3567 3569
f 3568 3569 3570
f 3570 3569 3571
f 3570 3571 3572
f 3572 3571 3573
f 2917 2899 3573
f 3573 2899 2898
f 3573 2898 3572
f 3572 2898 2896
f 3572 2896 2895
f 2909 2908 3543
f 3543 2908 2906
f 3543 2906 2905
f 2905 2917 3543
f 3543 2917 3573
f 3543 3573 3545
f 3545 3573 3571
f 3545 3571 3547
f 3547 3571 3569
f 3547 3569 3549
f 3549 3569 3567
f 3549 3567 3551
f 3551 3567 3565
f 3551 3565 3553
f 3553 3565 3563
f 3553 3563 3555
f 3555 3563 3561
f 3555 3561 3557
f 3557 3561 3559
f 3574 3527 3575
f 3528 3576 3577
f 3574 3575 3578
f 3578 3575 3579
f 3578 3579 3580
f 3580 3579 3581
f 3580 3581 3582
f 3582 3581 3454
f 3582 3454 3453
f 3528 3577 3529
f 3529 3577 3583
f 3529 3583 3584
f 3584 3583 3585
f 3584 3585 3586
f 3585 3394 3392
f 3585 3392 3586
f 3586 3392 3391
f 3586 3391 3471
f 3527 3529 3575
f 3575 3529 3584
f 3575 3584 3579
f 3579 3584 3586
f 3579 3586 3581
f 3581 3586 3471
f 3581 3471 3454
f 3587 3526 3588
f 3588 3526 3589
f 3588 3589 3590
f 3590 3589 3591
f 3590 3591 3592
f 3592 3591 3593
f 3592 3593 3576
f 2881 2883 3525
f 3525 2883 3594
f 3525 3594 3595
f 3595 3594 3596
f 3595 3596 3597
f 3597 3596 3598
f 3597 3598 3599
f 3599 3598 3600
f 3596 3406 3403
f 2886 2882 3526
f 3526 2882 3525
f 3526 3525 3589
f 3589 3525 3595
f 3589 3595 3591
f 3591 3595 3597
f 3591 3597 3593
f 3593 3597 3599
f 3596 3403 3598
f 3598 3403 3307
f 3598 3307 3600
f 3600 3307 3306
f 3600 3306 3308
f 3576 3593 3577
f 3577 3593 3599
f 3577 3599 3583
f 3583 3599 3600
f 3583 3600 3585
f 3585 3600 3308
f 3585 3308 3394
f 2895 2903 3587
f 3587 2903 2890
f 3587 2890 3526
f 3526 2890 2892
f 3526 2892 2887
f 3574 3558 3527
f 3527 3558 3560
f 3527 3560 3528
f 3528 3560 3562
f 3528 3562 3576
f 3576 3562 3564
f 3576 3564 3592
f 3592 3564 3566
f 3592 3566 3590
f 3590 3566 3568
f 3590 3568 3588
f 3588 3568 3570
f 3588 3570 3587
f 3587 3570 3572
f 3587 3572 2895
f 3488 3601 3489
f 3489 3601 3602
f 3489 3602 3523
f 3601 3603 3602
f 3602 3603 3604
f 3602 3604 3605
f 3520 3522 3606
f 3517 3519 3607
f 3514 3516 3608
f 3604 3609 3605
f 3605 3609 3610
f 3605 3610 3611
f 3611 3610 3612
f 3611 3612 3613
f 3511 3513 3614
f 3612 3615 3613
f 3613 3615 3616
f 3613 3616 3617
f 3618 3619 3620
f 3620 3619 3621
f 3620 3621 3622
f 3622 3621 3617
f 3622 3617 3623
f 3623 3617 3616
f 3618 2967 3619
f 3619 2967 2966
f 3619 2966 2964
f 2947 3509 2945
f 3522 3524 3606
f 3606 3524 3624
f 3606 3624 3625
f 3625 3624 3626
f 3625 3626 3627
f 3627 3626 3628
f 3627 3628 3629
f 3629 3628 3630
f 3629 3630 3631
f 3631 3630 3632
f 3631 3632 3633
f 3633 3632 3508
f 3633 3508 3509
f 3509 3508 2965
f 3509 2965 2945
f 3523 3602 3524
f 3524 3602 3605
f 3524 3605 3624
f 3624 3605 3611
f 3624 3611 3626
f 3626 3611 3613
f 3626 3613 3628
f 3628 3613 3617
f 3628 3617 3630
f 3630 3617 3621
f 3630 3621 3632
f 3632 3621 3619
f 3632 3619 3508
f 3508 3619 2964
f 3508 2964 2963
f 3519 3521 3607
f 3607 3521 3634
f 3607 3634 3635
f 3635 3634 3636
f 3635 3636 3637
f 3637 3636 3638
f 3637 3638 3639
f 3639 3638 3640
f 3639 3640 3641
f 3641 3640 3642
f 3641 3642 3643
f 3643 3642 3644
f 3643 3644 3645
f 3644 2954 2953
f 2931 3507 2955
f 3516 3518 3608
f 3608 3518 3646
f 3608 3646 3647
f 3647 3646 3648
f 3647 3648 3649
f 3649 3648 3650
f 3649 3650 3651
f 3651 3650 3652
f 3651 3652 3653
f 3653 3652 3654
f 3653 3654 3655
f 3655 3654 3656
f 3655 3656 3507
f 3507 3656 2956
f 3507 2956 2955
f 3644 2953 3645
f 3645 2953 2951
f 3645 2951 2957
f 3517 3607 3518
f 3518 3607 3635
f 3518 3635 3646
f 3646 3635 3637
f 3646 3637 3648
f 3648 3637 3639
f 3648 3639 3650
f 3650 3639 3641
f 3650 3641 3652
f 3652 3641 3643
f 3652 3643 3654
f 3654 3643 3645
f 3654 3645 3656
f 3656 3645 2957
f 3656 2957 2956
f 3520 3606 3521
f 3521 3606 3625
f 3521 3625 3634
f 3634 3625 3627
f 3634 3627 3636
f 3636 3627 3629
f 3636 3629 3638
f 3638 3629 3631
f 3638 3631 3640
f 3640 3631 3633
f 3640 3633 3642
f 3642 3633 3509
f 3642 3509 3644
f 3644 3509 2949
f 3644 2949 2954
f 3513 3515 3614
f 3614 3515 3657
f 3614 3657 3658
f 3658 3657 3659
f 3658 3659 3660
f 3660 3659 3661
f 3660 3661 3662
f 3662 3661 3663
f 3662 3663 3664
f 3664 3663 3665
f 3664 3665 3666
f 3666 3665 3505
f 3666 3505 3667
f 2923 3668 2924
f 2924 3668 2940
f 3510 3512 3669
f 3669 3512 3670
f 3669 3670 3671
f 3671 3670 3672
f 3671 3672 3673
f 3673 3672 3674
f 3673 3674 3675
f 3675 3674 3676
f 3675 3676 3677
f 3677 3676 3678
f 3677 3678 3679
f 3679 3678 3668
f 3679 3668 3680
f 3680 3668 2923
f 3680 2923 2922
f 3505 2936 3667
f 3667 2936 2937
f 3667 2937 2939
f 3511 3614 3512
f 3512 3614 3658
f 3512 3658 3670
f 3670 3658 3660
f 3670 3660 3672
f 3672 3660 3662
f 3672 3662 3674
f 3674 3662 3664
f 3674 3664 3676
f 3676 3664 3666
f 3676 3666 3678
f 3678 3666 3667
f 3678 3667 3668
f 3668 3667 2939
f 3668 2939 2940
f 3681 3682 3683
f 3683 3682 3684
f 3683 3684 3685
f 3685 3684 3686
f 3685 3686 3687
f 3687 3686 3688
f 3687 3688 3689
f 3689 3688 3690
f 3689 3690 3691
f 3691 3690 3692
f 3691 3692 3693
f 3693 3692 3694
f 3693 3694 3695
f 3695 3694 3506
f 3695 3506 3696
f 3696 3506 2920
f 3696 2920 2925
f 3514 3608 3515
f 3515 3608 3647
f 3515 3647 3657
f 3657 3647 3649
f 3657 3649 3659
f 3659 3649 3651
f 3659 3651 3661
f 3661 3651 3653
f 3661 3653 3663
f 3663 3653 3655
f 3663 3655 3665
f 3665 3655 3507
f 3665 3507 3505
f 3505 3507 2930
f 3505 2930 2934
f 18 3697 2720
f 2720 3697 3698
f 2720 3698 2721
f 3501 2713 3698
f 3698 2713 2722
f 3698 2722 2721
f 2706 3501 2707
f 2707 3501 3699
f 2707 3699 2709
f 2709 3699 3700
f 2709 3700 2711
f 2697 2695 3496
f 3496 2695 2694
f 3496 2694 3700
f 3700 2694 2712
f 3700 2712 2711
f 2683 2684 3701
f 3701 2684 2698
f 3701 2698 3497
f 3497 2698 2704
f 3497 2704 2697
f 2683 3701 2681
f 2681 3701 3702
f 2681 3702 2692
f 2692 3702 3703
f 2692 3703 2687
f 2687 3703 2690
f 2690 3703 3704
f 2690 3704 2688
f 3486 2673 3705
f 2673 2679 3705
f 3705 2679 2670
f 3705 2670 3704
f 3704 2670 2669
f 3704 2669 2688
f 3706 3707 3708
f 3708 3707 3709
f 3708 3709 3710
f 3710 3709 3711
f 3710 3711 3712
f 3712 3711 3713
f 3712 3713 3714
f 3714 3713 3715
f 3714 3715 3716
f 3716 3715 3717
f 3716 3717 3718
f 3718 3717 3719
f 3718 3719 3720
f 3720 3719 3721
f 3720 3721 3722
f 3722 3721 3723
f 3722 3723 3500
f 3500 3723 3504
f 3500 3504 3498
f 3498 3504 3503
f 3724 3706 3725
f 3725 3706 3708
f 3725 3708 3726
f 3726 3708 3710
f 3726 3710 3727
f 3727 3710 3712
f 3727 3712 3728
f 3728 3712 3714
f 3728 3714 3729
f 3729 3714 3716
f 3729 3716 3730
f 3730 3716 3718
f 3730 3718 3731
f 3731 3718 3720
f 3731 3720 3732
f 3732 3720 3722
f 3732 3722 3733
f 3733 3722 3500
f 3733 3500 3734
f 3734 3500 3499
f 2658 2657 3735
f 3735 2657 2665
f 2651 2663 3536
f 3536 2663 2664
f 3536 2664 2660
f 3439 3437 3736
f 3736 3437 3534
f 3736 3534 3737
f 3737 3534 3738
f 3737 3738 3739
f 3739 3738 3740
f 3739 3740 3741
f 3741 3740 3742
f 3741 3742 3743
f 3743 3742 3744
f 3743 3744 3745
f 3745 3744 3746
f 3745 3746 3747
f 3747 3746 3748
f 3747 3748 3749
f 3749 3748 3750
f 3749 3750 3751
f 3751 3750 3735
f 3751 3735 3486
f 3486 3735 2665
f 3486 2665 2676
f 3752 3753 3754
f 3754 3753 3755
f 3754 3755 3756
f 3756 3755 3757
f 3756 3757 3758
f 3758 3757 3759
f 3758 3759 3760
f 3760 3759 3761
f 3760 3761 3762
f 3762 3761 3763
f 3762 3763 3764
f 3764 3763 3765
f 3764 3765 3766
f 3766 3765 3767
f 3766 3767 3768
f 3768 3767 3769
f 3768 3769 3532
f 3532 3769 3530
f 3532 3530 3443
f 3443 3530 3445
f 3436 3434 3534
f 3534 3434 3533
f 3534 3533 3738
f 3738 3533 3541
f 3738 3541 3740
f 3740 3541 3540
f 3740 3540 3742
f 3742 3540 3539
f 3742 3539 3744
f 3744 3539 3538
f 3744 3538 3746
f 3746 3538 3537
f 3746 3537 3748
f 3748 3537 3535
f 3748 3535 3750
f 3750 3535 3536
f 3750 3536 3735
f 3735 3536 2660
f 3735 2660 2658
f 3491 3770 3492
f 3492 3770 3771
f 3492 3771 3772
f 3772 3771 3773
f 3772 3773 3774
f 3774 3773 3775
f 3774 3775 3776
f 3776 3775 3777
f 3776 3777 3778
f 3778 3777 3779
f 3778 3779 3780
f 3780 3779 3781
f 3780 3781 3782
f 3782 3781 3783
f 3782 3783 3784
f 3784 3783 3785
f 3784 3785 3786
f 3786 3785 3787
f 3786 3787 3788
f 3788 3787 3789
f 3788 3789 3681
f 3451 3449 3790
f 3790 3449 3531
f 3790 3531 3791
f 3791 3531 3792
f 3791 3792 3793
f 3793 3792 3794
f 3793 3794 3795
f 3795 3794 3796
f 3795 3796 3797
f 3797 3796 3798
f 3797 3798 3799
f 3799 3798 3800
f 3799 3800 3801
f 3801 3800 3802
f 3801 3802 3803
f 3803 3802 3804
f 3803 3804 3805
f 3805 3804 3806
f 3805 3806 3807
f 3807 3806 3808
f 3807 3808 3724
f 3724 3808 3809
f 3724 3809 3706
f 3706 3809 3810
f 3706 3810 3707
f 3448 3446 3531
f 3531 3446 3530
f 3531 3530 3792
f 3792 3530 3769
f 3792 3769 3794
f 3794 3769 3767
f 3794 3767 3796
f 3796 3767 3765
f 3796 3765 3798
f 3798 3765 3763
f 3798 3763 3800
f 3800 3763 3761
f 3800 3761 3802
f 3802 3761 3759
f 3802 3759 3804
f 3804 3759 3757
f 3804 3757 3806
f 3806 3757 3755
f 3806 3755 3808
f 3808 3755 3753
f 3808 3753 3809
f 3809 3753 3752
f 3809 3752 3810
f 3697 3502 3698
f 3698 3502 3504
f 3698 3504 3501
f 3501 3504 3723
f 3501 3723 3699
f 3699 3723 3721
f 3699 3721 3700
f 3700 3721 3719
f 3700 3719 3496
f 3496 3719 3717
f 3496 3717 3497
f 3497 3717 3715
f 3497 3715 3701
f 3701 3715 3713
f 3701 3713 3702
f 3702 3713 3711
f 3702 3711 3703
f 3703 3711 3709
f 3703 3709 3704
f 3704 3709 3707
f 3704 3707 3705
f 3705 3707 3810
f 3705 3810 3486
f 3486 3810 3752
f 3486 3752 3751
f 3751 3752 3754
f 3751 3754 3749
f 3749 3754 3756
f 3749 3756 3747
f 3747 3756 3758
f 3747 3758 3745
f 3745 3758 3760
f 3745 3760 3743
f 3743 3760 3762
f 3743 3762 3741
f 3741 3762 3764
f 3741 3764 3739
f 3739 3764 3766
f 3739 3766 3737
f 3737 3766 3768
f 3737 3768 3736
f 3736 3768 3532
f 3736 3532 3439
f 3439 3532 3442
f 3770 3487 3771
f 3771 3487 3489
f 3771 3489 3773
f 3773 3489 3523
f 3773 3523 3775
f 3775 3523 3522
f 3775 3522 3777
f 3777 3522 3520
f 3777 3520 3779
f 3779 3520 3519
f 3779 3519 3781
f 3781 3519 3517
f 3781 3517 3783
f 3783 3517 3516
f 3783 3516 3785
f 3785 3516 3514
f 3785 3514 3787
f 3787 3514 3513
f 3787 3513 3789
f 3789 3513 3511
f 3789 3511 3681
f 3681 3511 3510
f 3681 3510 3682
f 3682 3510 3669
f 3682 3669 3684
f 3684 3669 3671
f 3684 3671 3686
f 3686 3671 3673
f 3686 3673 3688
f 3688 3673 3675
f 3688 3675 3690
f 3690 3675 3677
f 3690 3677 3692
f 3692 3677 3679
f 3692 3679 3694
f 3694 3679 3680
f 3694 3680 3506
f 3506 3680 2922
f 3506 2922 2921
f 2883 2879 3594
f 3594 2879 2878
f 3594 2878 2876
f 3406 3596 3405
f 3405 3596 3594
f 3405 3594 3404
f 3404 3594 2876
f 3404 2876 1606
f 2925 2927 3696
f 3696 2927 2912
f 3696 2912 2911
f 3494 3490 3495
f 3495 3490 3492
f 3495 3492 3811
f 3811 3492 3772
f 3811 3772 3812
f 3812 3772 3774
f 3812 3774 3813
f 3813 3774 3776
f 3813 3776 3814
f 3814 3776 3778
f 3814 3778 3815
f 3815 3778 3780
f 3815 3780 3816
f 3816 3780 3782
f 3816 3782 3817
f 3817 3782 3784
f 3817 3784 3818
f 3818 3784 3786
f 3818 3786 3819
f 3819 3786 3788
f 3819 3788 3820
f 3820 3788 3681
f 3820 3681 3821
f 3821 3681 3683
f 3821 3683 3556
f 3556 3683 3685
f 3556 3685 3554
f 3554 3685 3687
f 3554 3687 3552
f 3552 3687 3689
f 3552 3689 3550
f 3550 3689 3691
f 3550 3691 3548
f 3548 3691 3693
f 3548 3693 3546
f 3546 3693 3695
f 3546 3695 3544
f 3544 3695 3696
f 3544 3696 3542
f 3542 3696 2911
f 3542 2911 2910
f 3734 3493 3733
f 3733 3493 3495
f 3733 3495 3732
f 3732 3495 3811
f 3732 3811 3731
f 3731 3811 3812
f 3731 3812 3730
f 3730 3812 3813
f 3730 3813 3729
f 3729 3813 3814
f 3729 3814 3728
f 3728 3814 3815
f 3728 3815 3727
f 3727 3815 3816
f 3727 3816 3726
f 3726 3816 3817
f 3726 3817 3725
f 3725 3817 3818
f 3725 3818 3724
f 3724 3818 3819
f 3724 3819 3807
f 3807 3819 3820
f 3807 3820 3805
f 3805 3820 3821
f 3805 3821 3803
f 3803 3821 3556
f 3803 3556 3801
f 3801 3556 3557
f 3801 3557 3799
f 3799 3557 3559
f 3799 3559 3797
f 3797 3559 3558
f 3797 3558 3795
f 3795 3558 3574
f 3795 3574 3793
f 3793 3574 3578
f 3793 3578 3791
f 3791 3578 3580
f 3791 3580 3790
f 3790 3580 3582
f 3790 3582 3451
f 3451 3582 3453
f 3822 81 69
f 3823 3824 3622
f 3825 3826 3490
f 3827 3770 3826
f 3826 3770 3491
f 3826 3491 3490
f 3697 3822 3502
f 3502 3822 3828
f 3502 3828 3503
f 3503 3828 3498
f 3829 3499 3498
f 3734 3830 3493
f 3493 3830 3825
f 3493 3825 3494
f 3494 3825 3490
f 3831 3832 3827
f 3827 3832 3487
f 3827 3487 3770
f 3825 3833 3826
f 3826 3833 3834
f 3826 3834 3827
f 3827 3834 3835
f 3827 3835 3831
f 3836 3830 3829
f 3829 3830 3734
f 3829 3734 3499
f 3498 3828 3829
f 3829 3828 3837
f 3829 3837 3836
f 3836 3838 3830
f 3830 3838 3839
f 3830 3839 3825
f 3825 3839 3840
f 3825 3840 3833
f 3697 18 3822
f 3822 18 80
f 3822 80 81
f 3841 2971 2960
f 3622 3824 3620
f 3620 3824 3841
f 3620 3841 3618
f 3618 3841 2960
f 3618 2960 2967
f 3842 3843 3604
f 3844 3610 3843
f 3843 3610 3609
f 3843 3609 3604
f 3622 3623 3823
f 3823 3623 3616
f 3823 3616 3845
f 3845 3616 3615
f 3845 3615 3612
f 1239 2971 3846
f 3846 2971 3841
f 3846 3841 3847
f 3847 3841 3824
f 3848 3845 3844
f 3844 3845 3612
f 3844 3612 3610
f 3842 3849 3843
f 3843 3849 3850
f 3843 3850 3844
f 3844 3850 3851
f 3844 3851 3848
f 3848 3852 3845
f 3845 3852 3853
f 3845 3853 3823
f 3823 3853 3854
f 3823 3854 3824
f 3824 3854 3855
f 3824 3855 3847
f 3604 3603 3842
f 3842 3603 3601
f 3842 3601 3832
f 3832 3601 3488
f 3832 3488 3487
f 69 3856 3822
f 3822 3856 3857
f 3822 3857 3828
f 3828 3857 3858
f 3828 3858 3837
f 3831 3859 3832
f 3832 3859 3860
f 3832 3860 3842
f 3842 3860 3861
f 3842 3861 3849
f 3862 1237 1239
f 1230 1280 3863
f 1237 3862 1235
f 3864 1294 1283
f 3865 3866 3867
f 3851 3850 3868
f 3869 3870 3871
f 3872 3873 3874
f 3833 3840 3875
f 3876 3877 3878
f 48 39 3879
f 3880 2 1
f 2 3880 70
f 70 3880 3881
f 70 3881 82
f 82 3881 87
f 87 3881 3882
f 87 3882 64
f 64 3882 3883
f 64 3883 67
f 3856 69 3883
f 3883 69 68
f 3883 68 67
f 3884 3883 3885
f 3885 3883 3882
f 3885 3882 3886
f 3886 3882 3881
f 3886 3881 3887
f 3887 3881 3880
f 3887 3880 3888
f 3888 3880 1
f 3888 1 49
f 3889 3884 3890
f 3890 3884 3885
f 3890 3885 3891
f 3891 3885 3886
f 3891 3886 3892
f 3892 3886 3887
f 3892 3887 3893
f 3893 3887 3888
f 3893 3888 3879
f 3879 3888 49
f 3879 49 48
f 3889 3836 3837
f 3889 3837 3884
f 3884 3837 3858
f 3884 3858 3883
f 3883 3858 3857
f 3883 3857 3856
f 3894 3877 3895
f 3895 3877 3876
f 3895 3876 3896
f 3894 3897 3877
f 3877 3897 3898
f 3877 3898 3878
f 3899 3900 3901
f 3901 3900 3902
f 3901 3902 3903
f 3903 3902 3904
f 3903 3904 3905
f 3905 3904 3906
f 3905 3906 3907
f 3907 3906 3908
f 3907 3908 3909
f 3909 3908 3875
f 3875 3840 3909
f 3909 3840 3839
f 3909 3839 3838
f 3835 3834 3910
f 3910 3834 3911
f 3910 3911 3912
f 3912 3911 3913
f 3912 3913 3914
f 3870 3910 3871
f 3871 3910 3912
f 3871 3912 3898
f 3898 3912 3914
f 3898 3914 3878
f 3834 3833 3911
f 3911 3833 3875
f 3911 3875 3913
f 3913 3875 3908
f 3913 3908 3914
f 3914 3908 3906
f 3914 3906 3878
f 3878 3906 3904
f 3878 3904 3876
f 3876 3904 3902
f 3876 3902 3896
f 3896 3902 3900
f 3838 3836 3909
f 3909 3836 3889
f 3909 3889 3907
f 3907 3889 3890
f 3907 3890 3905
f 3905 3890 3891
f 3905 3891 3903
f 3903 3891 3892
f 3903 3892 3901
f 3901 3892 3893
f 3901 3893 3899
f 3899 3893 3879
f 3864 3874 3915
f 3915 3874 3873
f 3915 3873 3916
f 3917 3918 3919
f 3919 3918 3920
f 3919 3920 3921
f 3921 3920 3922
f 3921 3922 3923
f 3924 3925 3926
f 3926 3925 3927
f 3926 3927 3928
f 3928 3927 3929
f 3928 3929 3930
f 3930 3929 3931
f 3850 3849 3868
f 3868 3849 3869
f 3868 3869 3917
f 3917 3869 3871
f 3917 3871 3918
f 3918 3871 3898
f 3918 3898 3920
f 3920 3898 3897
f 3920 3897 3922
f 3932 3933 3934
f 3934 3933 3935
f 3934 3935 3936
f 3936 3935 3937
f 3936 3937 3938
f 3938 3937 3939
f 3938 3939 3940
f 3852 3941 3853
f 3853 3941 3942
f 3941 3866 3942
f 3942 3866 3865
f 3942 3865 3943
f 3944 3932 3945
f 3945 3932 3934
f 3945 3934 3946
f 3946 3934 3936
f 3946 3936 3947
f 3947 3936 3938
f 3947 3938 3948
f 3948 3938 3940
f 3948 3940 3862
f 3862 3940 1281
f 3862 1281 1235
f 3846 3847 3943
f 3943 3847 3855
f 3943 3855 3942
f 3942 3855 3854
f 3942 3854 3853
f 3933 3872 3935
f 3935 3872 3874
f 3935 3874 3937
f 3937 3874 3864
f 3937 3864 3939
f 3939 3864 1283
f 3939 1283 3940
f 3940 1283 1282
f 3940 1282 1281
f 3925 3867 3927
f 3927 3867 3866
f 3927 3866 3929
f 3929 3866 3941
f 3929 3941 3931
f 3931 3941 3852
f 3931 3852 3848
f 1278 1274 3916
f 3916 1274 1276
f 3916 1276 3915
f 3915 1276 1277
f 3915 1277 3864
f 3864 1277 1295
f 3864 1295 1294
f 3949 3950 3951
f 3951 3952 3949
f 3949 3952 3953
f 3949 3953 3954
f 3954 3953 3955
f 3954 3955 3956
f 3955 3957 3956
f 3956 3957 3958
f 3956 3958 3959
f 3958 3960 3959
f 3959 3960 3961
f 3959 3961 3962
f 3962 3961 3963
f 3962 3963 3964
f 3963 3965 3964
f 3964 3965 3966
f 3964 3966 3967
f 3966 3968 3967
f 3967 3968 1271
f 3967 1271 1233
f 1230 3863 1231
f 25 3969 3970
f 3970 3969 3971
f 3970 3971 3972
f 21 22 3970
f 3970 22 24
f 3970 24 25
f 3971 3973 3972
f 3972 3973 3974
f 3972 3974 3975
f 3975 3974 3976
f 3975 3976 3977
f 3976 3978 3977
f 3977 3978 3979
f 3977 3979 3980
f 3979 3981 3980
f 3980 3981 3982
f 3980 3982 3983
f 3983 3982 3984
f 3983 3984 3985
f 3985 3984 3986
f 3985 3986 3950
f 3950 3986 3987
f 3950 3987 3951
f 38 37 3988
f 3988 37 3989
f 3988 3989 3990
f 3990 3989 3991
f 3990 3991 3992
f 3992 3991 3993
f 3992 3993 3994
f 3994 3993 3995
f 3994 3995 3996
f 3996 3995 3997
f 3996 3997 3998
f 3998 3997 3999
f 3998 3999 4000
f 4000 3999 4001
f 4000 4001 4002
f 4002 4001 4003
f 4002 4003 4004
f 1233 1231 3967
f 3967 1231 3863
f 3967 3863 3964
f 3964 3863 4005
f 3964 4005 3962
f 3962 4005 4006
f 3962 4006 3959
f 3959 4006 4007
f 3959 4007 3956
f 3956 4007 4008
f 3956 4008 3954
f 3954 4008 4009
f 3954 4009 3949
f 3949 4009 4004
f 3949 4004 3950
f 3950 4004 4003
f 3950 4003 3985
f 3985 4003 4001
f 3985 4001 3983
f 3983 4001 3999
f 3983 3999 3980
f 3980 3999 3997
f 3980 3997 3977
f 3977 3997 3995
f 3977 3995 3975
f 3975 3995 3993
f 3975 3993 3972
f 3972 3993 3991
f 3972 3991 3970
f 3970 3991 3989
f 3970 3989 21
f 21 3989 37
f 1239 3846 3862
f 3862 3846 3943
f 3862 3943 3948
f 3948 3943 3865
f 3948 3865 3947
f 3947 3865 3867
f 3947 3867 3946
f 3946 3867 3925
f 3946 3925 3945
f 3945 3925 3924
f 3945 3924 3944
f 3849 3861 3869
f 3869 3861 3860
f 3869 3860 3870
f 3870 3860 3859
f 3870 3859 3910
f 3910 3859 3831
f 3910 3831 3835
f 1279 1278 4010
f 4010 1278 3916
f 4010 3916 4011
f 4011 3916 3873
f 4011 3873 4012
f 4012 3873 3872
f 4012 3872 4013
f 4013 3872 3933
f 4013 3933 4014
f 4014 3933 3932
f 4014 3932 4015
f 4015 3932 3944
f 4015 3944 3923
f 3923 3944 3924
f 3923 3924 3921
f 3921 3924 3926
f 3921 3926 3919
f 3919 3926 3928
f 3919 3928 3917
f 3917 3928 3930
f 3917 3930 3868
f 3868 3930 3931
f 3868 3931 3851
f 3851 3931 3848
f 1280 1279 3863
f 3863 1279 4010
f 3863 4010 4005
f 4005 4010 4011
f 4005 4011 4006
f 4006 4011 4012
f 4006 4012 4007
f 4007 4012 4013
f 4007 4013 4008
f 4008 4013 4014
f 4008 4014 4009
f 4009 4014 4015
f 4009 4015 4004
f 4004 4015 3923
f 4004 3923 4002
f 4002 3923 3922
f 4002 3922 4000
f 4000 3922 3897
f 4000 3897 3998
f 3998 3897 3894
f 3998 3894 3996
f 3996 3894 3895
f 3996 3895 3994
f 3994 3895 3896
f 3994 3896 3992
f 3992 3896 3900
f 3992 3900 3990
f 3990 3900 3899
f 3990 3899 3988
f 3988 3899 3879
f 3988 3879 38
f 38 3879 39
f 4016 4017 4018
f 4019 4020 4021
f 4022 4023 4024
f 4025 4026 4027
f 3112 3120 4028
f 4029 4030 4031
f 1415 1414 4032
f 4033 4034 4035
f 4036 4037 4038
f 4039 4040 4041
f 4042 4043 4044
f 3958 3957 4045
f 3961 3960 4046
f 3953 3952 4047
f 3951 3987 4048
f 4049 4050 4051
f 3982 3981 4052
f 3979 3978 4053
f 3974 3973 4054
f 3079 3078 4055
f 3084 3083 4056
f 4057 4058 3081
f 4056 3083 4058
f 4058 3083 3082
f 4058 3082 3081
f 4055 3078 4059
f 3078 3077 4059
f 4059 3077 3076
f 4059 3076 4056
f 4056 3076 3075
f 4056 3075 3084
f 3073 4060 3074
f 3074 4060 4061
f 3074 4061 3064
f 3073 3072 4060
f 4060 3072 3069
f 4060 3069 4062
f 4062 3069 3070
f 4062 3070 4055
f 4055 3070 3071
f 4055 3071 3079
f 3064 4061 3065
f 3065 4061 4063
f 3065 4063 3066
f 4064 3068 4063
f 4063 3068 3067
f 4063 3067 3066
f 3063 4065 3054
f 3054 4065 4066
f 3063 3062 4065
f 4065 3062 3061
f 4065 3061 4064
f 4064 3061 3060
f 4064 3060 3068
f 4067 3056 4066
f 4066 3056 3055
f 4066 3055 3054
f 4068 3050 4069
f 4069 3050 3049
f 3049 3059 4069
f 4069 3059 3058
f 4069 3058 4067
f 4067 3058 3057
f 4067 3057 3056
f 3971 3969 4070
f 4070 3969 25
f 4070 25 3048
f 3048 3053 4070
f 4070 3053 3052
f 4070 3052 4068
f 4068 3052 3051
f 4068 3051 3050
f 4071 4072 4049
f 1247 1246 4073
f 4073 1246 4074
f 4073 4074 4075
f 4076 4077 1256
f 1246 1226 4074
f 4074 1226 1293
f 4074 1293 4077
f 4077 1293 1292
f 4077 1292 1256
f 4078 4079 1289
f 1289 1259 4078
f 4078 1259 1258
f 4078 1258 4080
f 1256 1255 4076
f 4076 1255 1291
f 4076 1291 4079
f 4079 1291 1290
f 4079 1290 1289
f 3952 3951 4047
f 4047 3951 4048
f 4047 4048 4081
f 4081 4048 4082
f 4081 4082 4083
f 4083 4082 4084
f 4083 4084 4085
f 4085 4084 4086
f 4085 4086 4087
f 4087 4086 4088
f 4087 4088 4089
f 4089 4088 4090
f 4089 4090 4091
f 4091 4090 4092
f 4091 4092 4093
f 4093 4092 4094
f 4093 4094 4095
f 4095 4094 4096
f 4095 4096 4097
f 3957 3955 4045
f 4045 3955 4098
f 4045 4098 4099
f 4099 4098 4100
f 4099 4100 4101
f 4101 4100 4102
f 4101 4102 4103
f 4103 4102 4104
f 4103 4104 4105
f 4105 4104 4106
f 4105 4106 4107
f 4107 4106 4108
f 4107 4108 4109
f 4109 4108 4110
f 4109 4110 4111
f 4111 4110 4112
f 4111 4112 4113
f 4113 4112 4114
f 4113 4114 4115
f 4115 4114 4116
f 4115 4116 4117
f 4117 4116 4118
f 4117 4118 4119
f 3955 3953 4098
f 4098 3953 4047
f 4098 4047 4100
f 4100 4047 4081
f 4100 4081 4102
f 4102 4081 4083
f 4102 4083 4104
f 4104 4083 4085
f 4104 4085 4106
f 4106 4085 4087
f 4106 4087 4108
f 4108 4087 4089
f 4108 4089 4110
f 4110 4089 4091
f 4110 4091 4112
f 4112 4091 4093
f 4112 4093 4114
f 4114 4093 4095
f 4114 4095 4116
f 4116 4095 4097
f 4116 4097 4118
f 4120 4121 1228
f 1228 1227 4120
f 4120 1227 1270
f 4120 1270 4122
f 3963 3961 4123
f 4123 3961 4046
f 4123 4046 4124
f 4124 4046 4125
f 4124 4125 4126
f 4126 4125 4127
f 4126 4127 4128
f 4128 4127 4129
f 4128 4129 4130
f 4130 4129 4131
f 4130 4131 4132
f 4132 4131 4133
f 4132 4133 4134
f 4134 4133 4135
f 4134 4135 4136
f 4136 4135 4137
f 4136 4137 4138
f 4138 4137 4139
f 4138 4139 4140
f 4140 4139 4141
f 4140 4141 4142
f 4142 4141 4143
f 4142 4143 4144
f 4144 4143 4145
f 4144 4145 4146
f 4146 4145 4147
f 4146 4147 4148
f 3965 4149 3966
f 3966 4149 4150
f 3966 4150 3968
f 3965 3963 4149
f 4149 3963 4123
f 4149 4123 4150
f 4150 4123 4124
f 4150 4124 4151
f 4151 4124 4126
f 4151 4126 4152
f 4152 4126 4128
f 4152 4128 4153
f 4153 4128 4130
f 4153 4130 4154
f 4154 4130 4132
f 4154 4132 4155
f 4155 4132 4134
f 4155 4134 4156
f 4156 4134 4136
f 4156 4136 4157
f 4157 4136 4138
f 4157 4138 4158
f 4158 4138 4140
f 4158 4140 4159
f 4159 4140 4142
f 4159 4142 4160
f 4160 4142 4144
f 4160 4144 4161
f 4161 4144 4146
f 4161 4146 4162
f 4162 4146 4148
f 4162 4148 4075
f 1270 1269 4122
f 4122 1269 1268
f 4122 1268 4163
f 4163 1268 1262
f 4163 1262 4164
f 3960 3958 4046
f 4046 3958 4045
f 4046 4045 4125
f 4125 4045 4099
f 4125 4099 4127
f 4127 4099 4101
f 4127 4101 4129
f 4129 4101 4103
f 4129 4103 4131
f 4131 4103 4105
f 4131 4105 4133
f 4133 4105 4107
f 4133 4107 4135
f 4135 4107 4109
f 4135 4109 4137
f 4137 4109 4111
f 4137 4111 4139
f 4139 4111 4113
f 4139 4113 4141
f 4141 4113 4115
f 4141 4115 4143
f 4143 4115 4117
f 4143 4117 4145
f 4145 4117 4119
f 4145 4119 4147
f 1258 1257 4080
f 4080 1257 1252
f 4080 1252 4165
f 4165 1252 1261
f 4165 1261 4121
f 4121 1261 1260
f 4121 1260 1228
f 4166 4167 4168
f 4168 4167 4169
f 4168 4169 4170
f 4170 4169 4171
f 4170 4171 4172
f 4172 4171 4173
f 4172 4173 4174
f 4174 4173 4175
f 4174 4175 4176
f 4176 4175 4177
f 4176 4177 4178
f 4178 4177 4179
f 4178 4179 4180
f 4180 4179 4181
f 4180 4181 4182
f 4182 4181 4183
f 4182 4183 4184
f 4184 4183 4185
f 4184 4185 4186
f 4186 4185 4187
f 4186 4187 4188
f 4188 4187 4189
f 4188 4189 4190
f 4190 4189 4191
f 4190 4191 4192
f 4192 4191 4193
f 4192 4193 4194
f 4194 4193 4195
f 4194 4195 4196
f 4196 4195 4197
f 4196 4197 4198
f 4198 4197 4199
f 4198 4199 4200
f 4200 4199 4201
f 4200 4201 4202
f 4202 4201 4203
f 4202 4203 4204
f 4204 4203 4205
f 4204 4205 4206
f 4206 4205 4207
f 4206 4207 4208
f 4208 4207 4209
f 4208 4209 4210
f 4043 4039 4044
f 4044 4039 4041
f 4044 4041 4211
f 4211 4041 4212
f 4211 4212 4213
f 4213 4212 4214
f 4213 4214 4215
f 4215 4214 4216
f 4215 4216 4217
f 4217 4216 4218
f 4217 4218 4219
f 4219 4218 4220
f 4219 4220 4221
f 4221 4220 4222
f 4221 4222 4223
f 4223 4222 4224
f 4223 4224 4225
f 4225 4224 4226
f 4225 4226 4227
f 4227 4226 4228
f 4227 4228 4229
f 4229 4228 4230
f 4229 4230 4231
f 4231 4230 4232
f 4231 4232 4233
f 4233 4232 4234
f 4233 4234 4235
f 4235 4234 4236
f 4235 4236 4237
f 4237 4236 4238
f 4237 4238 4239
f 4239 4238 4240
f 4239 4240 4241
f 4241 4240 4242
f 4241 4242 4243
f 4243 4242 4244
f 4243 4244 4245
f 4245 4244 4246
f 4245 4246 4247
f 4167 4042 4169
f 4169 4042 4044
f 4169 4044 4171
f 4171 4044 4211
f 4171 4211 4173
f 4173 4211 4213
f 4173 4213 4175
f 4175 4213 4215
f 4175 4215 4177
f 4177 4215 4217
f 4177 4217 4179
f 4179 4217 4219
f 4179 4219 4181
f 4181 4219 4221
f 4181 4221 4183
f 4183 4221 4223
f 4183 4223 4185
f 4185 4223 4225
f 4185 4225 4187
f 4187 4225 4227
f 4187 4227 4189
f 4189 4227 4229
f 4189 4229 4191
f 4191 4229 4231
f 4191 4231 4193
f 4193 4231 4233
f 4193 4233 4195
f 4195 4233 4235
f 4195 4235 4197
f 4197 4235 4237
f 4197 4237 4199
f 4199 4237 4239
f 4199 4239 4201
f 4201 4239 4241
f 4201 4241 4203
f 4203 4241 4243
f 4203 4243 4205
f 4205 4243 4245
f 4205 4245 4207
f 4207 4245 4247
f 4207 4247 4209
f 4248 4249 1328
f 1328 4249 4250
f 1328 4250 1327
f 4251 4252 1425
f 1425 4252 1426
f 1328 1329 4248
f 4248 1329 1450
f 4248 1450 4252
f 4252 1450 1449
f 4252 1449 1426
f 1421 4253 4254
f 1416 4255 1417
f 1417 4255 4256
f 1421 1420 4253
f 4253 1420 1419
f 4253 1419 4256
f 4256 1419 1418
f 4256 1418 1417
f 4034 4249 4035
f 4035 4249 4248
f 4035 4248 4257
f 4257 4248 4252
f 4257 4252 4258
f 4258 4252 4251
f 4258 4251 4259
f 4259 4251 4254
f 4259 4254 4260
f 4260 4254 4253
f 4260 4253 4261
f 4261 4253 4256
f 4261 4256 4262
f 4262 4256 4255
f 4262 4255 4263
f 1425 1424 4251
f 4251 1424 1423
f 4251 1423 4254
f 4254 1423 1422
f 4254 1422 1421
f 4037 4033 4038
f 4038 4033 4035
f 4038 4035 4264
f 4264 4035 4257
f 4264 4257 4265
f 4265 4257 4258
f 4265 4258 4266
f 4266 4258 4259
f 4266 4259 4267
f 4267 4259 4260
f 4267 4260 4268
f 4268 4260 4261
f 4268 4261 4269
f 4269 4261 4262
f 4269 4262 4270
f 4270 4262 4263
f 4270 4263 4271
f 4272 4036 4273
f 4273 4036 4038
f 4273 4038 4274
f 4274 4038 4264
f 4274 4264 4275
f 4275 4264 4265
f 4275 4265 4276
f 4276 4265 4266
f 4276 4266 4277
f 4277 4266 4267
f 4277 4267 4278
f 4278 4267 4268
f 4278 4268 4279
f 4279 4268 4269
f 4279 4269 4280
f 4280 4269 4270
f 4280 4270 4281
f 4281 4270 4271
f 4281 4271 4282
f 4049 4072 4050
f 4050 4072 4283
f 4050 4283 4284
f 4284 4283 4285
f 4284 4285 4286
f 4286 4285 4287
f 4286 4287 4288
f 4288 4287 4289
f 4288 4289 4290
f 4290 4289 4291
f 4290 4291 4292
f 4292 4291 4293
f 4292 4293 4294
f 1414 1242 4032
f 4032 1242 4295
f 4032 4295 4296
f 1222 4297 4298
f 1242 1241 4295
f 4295 1241 1240
f 4295 1240 4298
f 4298 1240 1224
f 4298 1224 1222
f 1244 4299 4300
f 1248 4301 1249
f 1249 4301 4302
f 1244 1243 4299
f 4299 1243 1221
f 4299 1221 4302
f 4302 1221 1250
f 4302 1250 1249
f 4296 4295 4303
f 4303 4295 4298
f 4303 4298 4304
f 4304 4298 4297
f 4304 4297 4305
f 4305 4297 4300
f 4305 4300 4306
f 4306 4300 4299
f 4306 4299 4307
f 4307 4299 4302
f 4307 4302 4308
f 4308 4302 4301
f 4308 4301 4051
f 1222 1254 4297
f 4297 1254 1253
f 4297 1253 4300
f 4300 1253 1245
f 4300 1245 1244
f 4051 4050 4308
f 4308 4050 4284
f 4308 4284 4307
f 4307 4284 4286
f 4307 4286 4306
f 4306 4286 4288
f 4306 4288 4305
f 4305 4288 4290
f 4305 4290 4304
f 4304 4290 4292
f 4304 4292 4303
f 4303 4292 4294
f 4303 4294 4296
f 4293 4282 4294
f 4294 4282 4271
f 4294 4271 4296
f 4296 4271 4263
f 4296 4263 4032
f 4032 4263 4255
f 4032 4255 1415
f 1415 4255 1416
f 4040 4272 4041
f 4041 4272 4273
f 4041 4273 4212
f 4212 4273 4274
f 4212 4274 4214
f 4214 4274 4275
f 4214 4275 4216
f 4216 4275 4276
f 4216 4276 4218
f 4218 4276 4277
f 4218 4277 4220
f 4220 4277 4278
f 4220 4278 4222
f 4222 4278 4279
f 4222 4279 4224
f 4224 4279 4280
f 4224 4280 4226
f 4226 4280 4281
f 4226 4281 4228
f 4228 4281 4282
f 4228 4282 4230
f 4230 4282 4293
f 4230 4293 4232
f 4232 4293 4291
f 4232 4291 4234
f 4234 4291 4289
f 4234 4289 4236
f 4236 4289 4287
f 4236 4287 4238
f 4238 4287 4285
f 4238 4285 4240
f 4240 4285 4283
f 4240 4283 4242
f 4242 4283 4072
f 4242 4072 4244
f 4244 4072 4071
f 4244 4071 4246
f 611 4029 3121
f 3121 4029 4031
f 3121 4031 3118
f 4028 3120 4031
f 4031 3120 3119
f 4031 3119 3118
f 3112 4028 3113
f 3113 4028 4309
f 3113 4309 3114
f 4310 3117 4311
f 4311 3117 3116
f 4311 3116 4309
f 4309 3116 3115
f 4309 3115 3114
f 3108 4310 4312
f 3108 3107 4310
f 4310 3107 3117
f 4313 3110 4312
f 4312 3110 3109
f 4312 3109 3108
f 3103 4313 4314
f 3103 3102 4313
f 4313 3102 3111
f 4313 3111 3110
f 3095 3106 4315
f 4315 3106 3105
f 4315 3105 4314
f 4314 3105 3104
f 4314 3104 3103
f 3095 4315 3096
f 3096 4315 4316
f 3096 4316 3097
f 3097 4316 3098
f 3098 4316 4317
f 3098 4317 3099
f 4318 3101 4317
f 4317 3101 3100
f 4317 3100 3099
f 3093 3092 4319
f 4319 3092 3091
f 4319 3091 4318
f 4318 3091 3090
f 4318 3090 3101
f 3093 4319 3094
f 3094 4319 4320
f 3094 4320 3085
f 4321 3087 4320
f 4320 3087 3086
f 4320 3086 3085
f 3081 3080 4057
f 4057 3080 3089
f 4057 3089 4321
f 4321 3089 3088
f 4321 3088 3087
f 3976 3974 4322
f 4322 3974 4054
f 4322 4054 4323
f 4323 4054 4324
f 4323 4324 4325
f 4325 4324 4326
f 4325 4326 4327
f 4327 4326 4328
f 4327 4328 4329
f 4329 4328 4330
f 4329 4330 4331
f 4331 4330 4332
f 4331 4332 4333
f 4333 4332 4334
f 4333 4334 4335
f 4335 4334 4336
f 4335 4336 4337
f 4337 4336 4338
f 4337 4338 4339
f 4339 4338 4340
f 4339 4340 4341
f 4341 4340 4342
f 4341 4342 4343
f 4343 4342 4344
f 4343 4344 4345
f 4345 4344 4346
f 4345 4346 4347
f 4347 4346 4348
f 4347 4348 4349
f 4349 4348 4350
f 4349 4350 4351
f 4351 4350 4352
f 4351 4352 4353
f 4353 4352 4354
f 4353 4354 4355
f 4355 4354 4356
f 4355 4356 4357
f 4357 4356 4358
f 4357 4358 4359
f 4359 4358 4360
f 4359 4360 4361
f 4361 4360 4362
f 4361 4362 4363
f 4363 4362 4364
f 4363 4364 4365
f 4365 4364 4366
f 4365 4366 4367
f 4367 4366 4368
f 4367 4368 4369
f 4369 4368 4370
f 4369 4370 4371
f 4371 4370 4372
f 4371 4372 4373
f 4373 4372 4374
f 4373 4374 4375
f 4375 4374 4376
f 4375 4376 4377
f 4377 4376 4378
f 4377 4378 4379
f 4379 4378 4380
f 4379 4380 4027
f 4027 4380 4381
f 4027 4381 4025
f 4025 4381 4382
f 3973 3971 4054
f 4054 3971 4070
f 4054 4070 4324
f 4324 4070 4068
f 4324 4068 4326
f 4326 4068 4069
f 4326 4069 4328
f 4328 4069 4067
f 4328 4067 4330
f 4330 4067 4066
f 4330 4066 4332
f 4332 4066 4065
f 4332 4065 4334
f 4334 4065 4064
f 4334 4064 4336
f 4336 4064 4063
f 4336 4063 4338
f 4338 4063 4061
f 4338 4061 4340
f 4340 4061 4060
f 4340 4060 4342
f 4342 4060 4062
f 4342 4062 4344
f 4344 4062 4055
f 4344 4055 4346
f 4346 4055 4059
f 4346 4059 4348
f 4348 4059 4056
f 4348 4056 4350
f 4350 4056 4058
f 4350 4058 4352
f 4352 4058 4057
f 4352 4057 4354
f 4354 4057 4321
f 4354 4321 4356
f 4356 4321 4320
f 4356 4320 4358
f 4358 4320 4319
f 4358 4319 4360
f 4360 4319 4318
f 4360 4318 4362
f 4362 4318 4317
f 4362 4317 4364
f 4364 4317 4316
f 4364 4316 4366
f 4366 4316 4315
f 4366 4315 4368
f 4368 4315 4314
f 4368 4314 4370
f 4370 4314 4313
f 4370 4313 4372
f 4372 4313 4312
f 4372 4312 4374
f 4374 4312 4310
f 4374 4310 4376
f 4376 4310 4311
f 4376 4311 4378
f 4378 4311 4309
f 4378 4309 4380
f 4380 4309 4028
f 4380 4028 4381
f 4381 4028 4031
f 4381 4031 4382
f 4382 4031 4030
f 3981 3979 4052
f 4052 3979 4053
f 4052 4053 4383
f 4383 4053 4384
f 4383 4384 4385
f 4385 4384 4386
f 4385 4386 4387
f 4387 4386 4388
f 4387 4388 4389
f 4389 4388 4390
f 4389 4390 4391
f 4391 4390 4392
f 4391 4392 4393
f 4393 4392 4394
f 4393 4394 4395
f 4395 4394 4396
f 4395 4396 4397
f 4397 4396 4398
f 4397 4398 4399
f 4399 4398 4400
f 4399 4400 4401
f 4401 4400 4402
f 4401 4402 4403
f 4403 4402 4404
f 4403 4404 4405
f 4405 4404 4406
f 4405 4406 4407
f 4407 4406 4408
f 4407 4408 4409
f 4409 4408 4410
f 4409 4410 4411
f 4411 4410 4412
f 4411 4412 4413
f 4413 4412 4414
f 4413 4414 4415
f 4415 4414 4416
f 4415 4416 4417
f 4417 4416 4418
f 4417 4418 4419
f 4419 4418 4420
f 4419 4420 4421
f 4421 4420 4422
f 4421 4422 4423
f 4423 4422 4424
f 4423 4424 4425
f 4425 4424 4426
f 4425 4426 4427
f 4427 4426 4428
f 4427 4428 4429
f 4429 4428 4430
f 4429 4430 4431
f 4431 4430 4432
f 4431 4432 4433
f 4433 4432 4434
f 4433 4434 4435
f 4435 4434 4436
f 4435 4436 4437
f 4437 4436 4438
f 4437 4438 4439
f 4439 4438 4440
f 4439 4440 4441
f 4441 4440 4024
f 4441 4024 4442
f 4442 4024 4023
f 3986 3984 4443
f 4443 3984 4444
f 4443 4444 4445
f 4445 4444 4446
f 4445 4446 4447
f 4447 4446 4448
f 4447 4448 4449
f 4449 4448 4450
f 4449 4450 4451
f 4451 4450 4452
f 4451 4452 4453
f 4453 4452 4454
f 4453 4454 4455
f 4455 4454 4456
f 4455 4456 4457
f 4457 4456 4458
f 4457 4458 4459
f 4459 4458 4460
f 4459 4460 4461
f 4461 4460 4462
f 4461 4462 4463
f 4463 4462 4464
f 4463 4464 4465
f 4465 4464 4466
f 4465 4466 4467
f 4467 4466 4468
f 4467 4468 4469
f 4469 4468 4470
f 4469 4470 4471
f 4471 4470 4472
f 4471 4472 4473
f 4473 4472 4474
f 4473 4474 4475
f 4475 4474 4476
f 4475 4476 4477
f 4477 4476 4478
f 4477 4478 4479
f 4479 4478 4480
f 4479 4480 4481
f 4481 4480 4482
f 4481 4482 4483
f 4483 4482 4484
f 4483 4484 4485
f 4485 4484 4486
f 4485 4486 4487
f 4487 4486 4488
f 4487 4488 4489
f 4489 4488 4490
f 4489 4490 4491
f 4491 4490 4492
f 4491 4492 4493
f 4493 4492 4494
f 4493 4494 4495
f 4495 4494 4496
f 4495 4496 4497
f 4497 4496 4498
f 4497 4498 4499
f 4499 4498 4500
f 4499 4500 4501
f 4501 4500 4502
f 4501 4502 4018
f 4018 4502 4021
f 4018 4021 4016
f 4016 4021 4020
f 3984 3982 4444
f 4444 3982 4052
f 4444 4052 4446
f 4446 4052 4383
f 4446 4383 4448
f 4448 4383 4385
f 4448 4385 4450
f 4450 4385 4387
f 4450 4387 4452
f 4452 4387 4389
f 4452 4389 4454
f 4454 4389 4391
f 4454 4391 4456
f 4456 4391 4393
f 4456 4393 4458
f 4458 4393 4395
f 4458 4395 4460
f 4460 4395 4397
f 4460 4397 4462
f 4462 4397 4399
f 4462 4399 4464
f 4464 4399 4401
f 4464 4401 4466
f 4466 4401 4403
f 4466 4403 4468
f 4468 4403 4405
f 4468 4405 4470
f 4470 4405 4407
f 4470 4407 4472
f 4472 4407 4409
f 4472 4409 4474
f 4474 4409 4411
f 4474 4411 4476
f 4476 4411 4413
f 4476 4413 4478
f 4478 4413 4415
f 4478 4415 4480
f 4480 4415 4417
f 4480 4417 4482
f 4482 4417 4419
f 4482 4419 4484
f 4484 4419 4421
f 4484 4421 4486
f 4486 4421 4423
f 4486 4423 4488
f 4488 4423 4425
f 4488 4425 4490
f 4490 4425 4427
f 4490 4427 4492
f 4492 4427 4429
f 4492 4429 4494
f 4494 4429 4431
f 4494 4431 4496
f 4496 4431 4433
f 4496 4433 4498
f 4498 4433 4435
f 4498 4435 4500
f 4500 4435 4437
f 4500 4437 4502
f 4502 4437 4439
f 4502 4439 4021
f 4021 4439 4441
f 4021 4441 4019
f 4019 4441 4442
f 3978 3976 4053
f 4053 3976 4322
f 4053 4322 4384
f 4384 4322 4323
f 4384 4323 4386
f 4386 4323 4325
f 4386 4325 4388
f 4388 4325 4327
f 4388 4327 4390
f 4390 4327 4329
f 4390 4329 4392
f 4392 4329 4331
f 4392 4331 4394
f 4394 4331 4333
f 4394 4333 4396
f 4396 4333 4335
f 4396 4335 4398
f 4398 4335 4337
f 4398 4337 4400
f 4400 4337 4339
f 4400 4339 4402
f 4402 4339 4341
f 4402 4341 4404
f 4404 4341 4343
f 4404 4343 4406
f 4406 4343 4345
f 4406 4345 4408
f 4408 4345 4347
f 4408 4347 4410
f 4410 4347 4349
f 4410 4349 4412
f 4412 4349 4351
f 4412 4351 4414
f 4414 4351 4353
f 4414 4353 4416
f 4416 4353 4355
f 4416 4355 4418
f 4418 4355 4357
f 4418 4357 4420
f 4420 4357 4359
f 4420 4359 4422
f 4422 4359 4361
f 4422 4361 4424
f 4424 4361 4363
f 4424 4363 4426
f 4426 4363 4365
f 4426 4365 4428
f 4428 4365 4367
f 4428 4367 4430
f 4430 4367 4369
f 4430 4369 4432
f 4432 4369 4371
f 4432 4371 4434
f 4434 4371 4373
f 4434 4373 4436
f 4436 4373 4375
f 4436 4375 4438
f 4438 4375 4377
f 4438 4377 4440
f 4440 4377 4379
f 4440 4379 4024
f 4024 4379 4027
f 4024 4027 4022
f 4022 4027 4026
f 1262 1264 4164
f 4164 1264 1266
f 4164 1266 4503
f 4503 1266 1267
f 4503 1267 4504
f 4504 1267 1273
f 4504 1273 1272
f 4075 4074 4162
f 4162 4074 4077
f 4162 4077 4161
f 4161 4077 4076
f 4161 4076 4160
f 4160 4076 4079
f 4160 4079 4159
f 4159 4079 4078
f 4159 4078 4158
f 4158 4078 4080
f 4158 4080 4157
f 4157 4080 4165
f 4157 4165 4156
f 4156 4165 4121
f 4156 4121 4155
f 4155 4121 4120
f 4155 4120 4154
f 4154 4120 4122
f 4154 4122 4153
f 4153 4122 4163
f 4153 4163 4152
f 4152 4163 4164
f 4152 4164 4151
f 4151 4164 4503
f 4151 4503 4150
f 4150 4503 4504
f 4150 4504 3968
f 3968 4504 1272
f 3968 1272 1271
f 4096 4210 4097
f 4097 4210 4209
f 4097 4209 4118
f 4118 4209 4247
f 4118 4247 4119
f 4119 4247 4246
f 4119 4246 4147
f 4147 4246 4071
f 4147 4071 4148
f 4148 4071 4049
f 4148 4049 4075
f 4075 4049 4051
f 4075 4051 4073
f 4073 4051 4301
f 4073 4301 1247
f 1247 4301 1248
f 3987 3986 4048
f 4048 3986 4443
f 4048 4443 4082
f 4082 4443 4445
f 4082 4445 4084
f 4084 4445 4447
f 4084 4447 4086
f 4086 4447 4449
f 4086 4449 4088
f 4088 4449 4451
f 4088 4451 4090
f 4090 4451 4453
f 4090 4453 4092
f 4092 4453 4455
f 4092 4455 4094
f 4094 4455 4457
f 4094 4457 4096
f 4096 4457 4459
f 4096 4459 4210
f 4210 4459 4461
f 4210 4461 4208
f 4208 4461 4463
f 4208 4463 4206
f 4206 4463 4465
f 4206 4465 4204
f 4204 4465 4467
f 4204 4467 4202
f 4202 4467 4469
f 4202 4469 4200
f 4200 4469 4471
f 4200 4471 4198
f 4198 4471 4473
f 4198 4473 4196
f 4196 4473 4475
f 4196 4475 4194
f 4194 4475 4477
f 4194 4477 4192
f 4192 4477 4479
f 4192 4479 4190
f 4190 4479 4481
f 4190 4481 4188
f 4188 4481 4483
f 4188 4483 4186
f 4186 4483 4485
f 4186 4485 4184
f 4184 4485 4487
f 4184 4487 4182
f 4182 4487 4489
f 4182 4489 4180
f 4180 4489 4491
f 4180 4491 4178
f 4178 4491 4493
f 4178 4493 4176
f 4176 4493 4495
f 4176 4495 4174
f 4174 4495 4497
f 4174 4497 4172
f 4172 4497 4499
f 4172 4499 4170
f 4170 4499 4501
f 4170 4501 4168
f 4168 4501 4018
f 4168 4018 4166
f 4166 4018 4017
f 1330 1327 4250
f 4033 4505 4034
f 4034 4505 4506
f 4034 4506 4249
f 4249 4506 4507
f 4249 4507 4250
f 4250 4507 4508
f 4250 4508 1330
f 4036 4509 4037
f 4037 4509 4510
f 4037 4510 4033
f 4033 4510 4511
f 4033 4511 4505
f 4040 4512 4272
f 4272 4512 4513
f 4272 4513 4036
f 4036 4513 4514
f 4036 4514 4509
f 4042 4515 4043
f 4043 4515 4516
f 4043 4516 4039
f 4039 4516 4517
f 4039 4517 4040
f 4040 4517 4518
f 4040 4518 4512
f 4166 4519 4167
f 4167 4519 4520
f 4167 4520 4042
f 4042 4520 4521
f 4042 4521 4515
f 4019 4522 4020
f 4020 4522 4523
f 4020 4523 4016
f 4016 4523 4524
f 4016 4524 4017
f 4017 4524 4525
f 4017 4525 4166
f 4166 4525 4526
f 4166 4526 4519
f 4022 4527 4528
f 4022 4528 4023
f 4023 4528 4529
f 4023 4529 4442
f 4442 4529 4530
f 4442 4530 4019
f 4019 4530 4531
f 4019 4531 4522
f 4527 4022 4532
f 4532 4022 4026
f 4532 4026 4533
f 4533 4026 4025
f 4533 4025 4534
f 4534 4025 4535
f 4535 4025 4382
f 4535 4382 4536
f 4536 4382 4030
f 4536 4030 4537
f 4537 4030 4029
f 4537 4029 4538
f 4538 4029 611
f 4538 611 420
f 4508 4507 4539
f 4540 4541 4542
f 4543 4544 4545
f 4546 4547 4548
f 4549 4550 4551
f 1301 1356 4552
f 1316 1302 4553
f 1359 1358 4554
f 1366 1363 4555
f 1537 1536 4556
f 1478 1477 4557
f 1503 1538 4558
f 4559 4560 4561
f 4562 4563 4564
f 4565 4566 4567
f 4568 4569 4570
f 4571 4572 4573
f 4574 4575 4576
f 4577 4578 4579
f 4580 4581 4582
f 4583 4584 4585
f 4586 4587 4588
f 4589 4590 4591
f 4592 4593 4594
f 4595 4596 4597
f 4598 4599 4600
f 4601 4602 4603
f 4604 4605 4606
f 4607 4608 4609
f 4512 4518 4610
f 4511 4510 4611
f 4506 4505 4612
f 4613 4614 1287
f 4514 4513 4615
f 1340 1339 4616
f 1427 1347 4617
f 1429 1428 4618
f 4619 4620 4621
f 4622 4623 4624
f 4625 4626 4627
f 4628 4629 4630
f 4631 4632 4633
f 4517 4516 4634
f 4519 4526 4635
f 1456 1455 4636
f 1458 1386 4637
f 1492 1457 4638
f 1333 1313 4639
f 1519 1518 4640
f 1315 1314 4641
f 4642 4643 4644
f 4645 4646 4647
f 4648 4649 4650
f 4651 4652 4653
f 4654 4655 4656
f 4657 4658 4659
f 4527 4532 4660
f 4531 4530 4661
f 4524 4523 4662
f 4529 4528 4663
f 4534 4535 4664
f 4665 406 4666
f 4666 406 405
f 4666 405 4667
f 4667 405 532
f 4667 532 4668
f 4669 402 4670
f 4670 402 538
f 4670 538 4671
f 4672 399 4673
f 4673 399 544
f 4673 544 4674
f 544 543 4674
f 4674 543 542
f 4674 542 4675
f 4675 542 540
f 4675 540 4676
f 4676 540 539
f 4676 539 4669
f 4669 539 403
f 4669 403 402
f 538 537 4671
f 4671 537 536
f 4671 536 4677
f 4677 536 534
f 4677 534 4665
f 4665 534 533
f 4665 533 406
f 4678 548 4679
f 4679 548 546
f 4679 546 4680
f 4680 546 545
f 4680 545 4672
f 4672 545 400
f 4672 400 399
f 4681 396 4682
f 4682 396 550
f 4682 550 4678
f 4678 550 549
f 4678 549 548
f 4683 393 4684
f 4684 393 556
f 4684 556 4685
f 4686 390 4687
f 4687 390 562
f 4687 562 4688
f 562 561 4688
f 4688 561 560
f 4688 560 4689
f 4689 560 558
f 4689 558 4690
f 4690 558 557
f 4690 557 4683
f 4683 557 394
f 4683 394 393
f 556 555 4685
f 4685 555 554
f 4685 554 4691
f 4691 554 552
f 4691 552 4692
f 4692 552 551
f 4692 551 4681
f 4681 551 397
f 4681 397 396
f 4693 387 4694
f 4694 387 568
f 4694 568 4695
f 568 567 4695
f 4695 567 566
f 4695 566 4696
f 4696 566 564
f 4696 564 4697
f 4697 564 563
f 4697 563 4686
f 4686 563 391
f 4686 391 390
f 4698 572 4699
f 4699 572 570
f 4699 570 4700
f 4700 570 569
f 4700 569 4693
f 4693 569 388
f 4693 388 387
f 4701 578 4702
f 4702 578 576
f 4702 576 4703
f 4704 382 4705
f 4705 382 381
f 4705 381 4706
f 4706 381 580
f 4706 580 4701
f 4701 580 579
f 4701 579 578
f 576 575 4703
f 4703 575 385
f 4703 385 4707
f 4707 385 384
f 4707 384 4708
f 4708 384 574
f 4708 574 4698
f 4698 574 573
f 4698 573 572
f 4709 584 4710
f 4710 584 582
f 4710 582 4704
f 4704 582 581
f 4704 581 382
f 4711 593 4712
f 4712 593 591
f 4712 591 4713
f 591 590 4713
f 4713 590 586
f 4713 586 4714
f 4714 586 588
f 4714 588 4715
f 4715 588 589
f 4715 589 4709
f 4709 589 585
f 4709 585 584
f 4716 602 4717
f 4717 602 600
f 4717 600 4718
f 4719 608 604
f 4719 604 4720
f 4720 604 606
f 4720 606 4721
f 4721 606 607
f 4721 607 4716
f 4716 607 603
f 4716 603 602
f 600 599 4718
f 4718 599 595
f 4718 595 4722
f 4722 595 597
f 4722 597 4723
f 4723 597 598
f 4723 598 4711
f 4711 598 594
f 4711 594 593
f 4536 4537 4724
f 4724 4537 4538
f 608 4719 609
f 609 4719 4725
f 609 4725 610
f 610 4725 4724
f 610 4724 422
f 422 4724 4538
f 422 4538 420
f 4534 4664 4533
f 4531 4661 4522
f 4726 4657 4727
f 4728 4654 4729
f 4655 4730 4731
f 4728 4652 4732
f 4732 4652 4651
f 4732 4651 4733
f 4649 4734 4735
f 4736 4733 4737
f 4737 4733 4651
f 4737 4651 4738
f 4738 4651 4653
f 4738 4653 4739
f 4740 4736 4741
f 4741 4736 4737
f 4741 4737 4742
f 4742 4737 4738
f 4742 4738 4743
f 4743 4738 4739
f 4743 4739 4744
f 4745 4740 4746
f 4746 4740 4741
f 4746 4741 4747
f 4747 4741 4742
f 4747 4742 4748
f 4748 4742 4743
f 4748 4743 4749
f 4749 4743 4744
f 4749 4744 4750
f 4751 4648 4752
f 4753 4645 4754
f 4646 4755 4756
f 4753 4643 4757
f 4757 4643 4642
f 4757 4642 4758
f 4759 4760 4761
f 4762 4758 4763
f 4763 4758 4642
f 4763 4642 4764
f 4764 4642 4644
f 4764 4644 4765
f 4766 4762 4767
f 4767 4762 4763
f 4767 4763 4768
f 4768 4763 4764
f 4768 4764 4769
f 4769 4764 4765
f 4769 4765 4770
f 4771 4766 4772
f 4772 4766 4767
f 4772 4767 4773
f 4773 4767 4768
f 4773 4768 4774
f 4774 4768 4769
f 4774 4769 4775
f 4775 4769 4770
f 4775 4770 4776
f 4777 4778 4779
f 4779 4778 4780
f 4779 4780 4781
f 4781 4780 4782
f 4781 4782 4783
f 4783 4782 4784
f 4783 4784 4785
f 4785 4784 4786
f 4785 4786 4787
f 4787 4786 4731
f 4787 4731 4788
f 4788 4731 4730
f 4788 4730 4726
f 4789 4745 4790
f 4790 4745 4746
f 4790 4746 4791
f 4791 4746 4747
f 4791 4747 4792
f 4792 4747 4748
f 4792 4748 4793
f 4793 4748 4749
f 4793 4749 4794
f 4794 4749 4750
f 4794 4750 4795
f 4796 4789 4797
f 4797 4789 4790
f 4797 4790 4798
f 4798 4790 4791
f 4798 4791 4799
f 4799 4791 4792
f 4799 4792 4800
f 4800 4792 4793
f 4800 4793 4801
f 4801 4793 4794
f 4801 4794 4802
f 4802 4794 4795
f 4802 4795 4803
f 4657 4659 4727
f 4727 4659 4804
f 4727 4804 4805
f 4805 4804 4806
f 4805 4806 4807
f 4807 4806 4808
f 4807 4808 4809
f 4809 4808 4810
f 4809 4810 4811
f 4811 4810 4812
f 4811 4812 4813
f 4813 4812 4814
f 4813 4814 4815
f 4654 4656 4729
f 4729 4656 4816
f 4729 4816 4817
f 4817 4816 4818
f 4817 4818 4819
f 4819 4818 4820
f 4819 4820 4821
f 4821 4820 4822
f 4821 4822 4823
f 4823 4822 4824
f 4823 4824 4825
f 4825 4824 4639
f 4825 4639 4826
f 4814 1352 1351
f 1348 1315 4777
f 4777 1315 4641
f 4777 4641 4778
f 4814 1351 4815
f 4815 1351 1350
f 4815 1350 1349
f 4726 4727 4788
f 4788 4727 4805
f 4788 4805 4787
f 4787 4805 4807
f 4787 4807 4785
f 4785 4807 4809
f 4785 4809 4783
f 4783 4809 4811
f 4783 4811 4781
f 4781 4811 4813
f 4781 4813 4779
f 4779 4813 4815
f 4779 4815 4777
f 4777 4815 1349
f 4777 1349 1348
f 4639 1313 4826
f 4826 1313 1435
f 4826 1435 1434
f 4728 4729 4652
f 4652 4729 4817
f 4652 4817 4653
f 4653 4817 4819
f 4653 4819 4739
f 4739 4819 4821
f 4739 4821 4744
f 4744 4821 4823
f 4744 4823 4750
f 4750 4823 4825
f 4750 4825 4795
f 4795 4825 4826
f 4795 4826 4803
f 4803 4826 1434
f 4803 1434 1520
f 4655 4731 4656
f 4656 4731 4786
f 4656 4786 4816
f 4816 4786 4784
f 4816 4784 4818
f 4818 4784 4782
f 4818 4782 4820
f 4820 4782 4780
f 4820 4780 4822
f 4822 4780 4778
f 4822 4778 4824
f 4824 4778 4641
f 4824 4641 4639
f 4639 4641 1314
f 4639 1314 1333
f 1520 1519 4803
f 4803 1519 4640
f 4803 4640 4802
f 4802 4640 4827
f 4802 4827 4801
f 4801 4827 4828
f 4801 4828 4800
f 4800 4828 4829
f 4800 4829 4799
f 4799 4829 4830
f 4799 4830 4798
f 4798 4830 4831
f 4798 4831 4797
f 4797 4831 4832
f 4797 4832 4796
f 4796 4832 4833
f 4834 4835 4836
f 4837 4838 4839
f 4839 4838 4840
f 4839 4840 4841
f 4841 4840 4842
f 4841 4842 4843
f 4734 4844 4735
f 4735 4844 4845
f 4735 4845 4846
f 4846 4845 4847
f 4846 4847 4848
f 4848 4847 4849
f 4848 4849 4850
f 4850 4849 4851
f 4850 4851 4852
f 4852 4851 4853
f 4852 4853 4854
f 4854 4853 4855
f 4854 4855 4856
f 4844 4857 4845
f 4845 4857 4858
f 4845 4858 4847
f 4847 4858 4859
f 4847 4859 4849
f 4849 4859 4860
f 4849 4860 4851
f 4851 4860 4861
f 4851 4861 4853
f 4853 4861 4862
f 4853 4862 4855
f 1515 4838 1516
f 1516 4838 4837
f 1516 4837 1517
f 1515 1514 4838
f 4838 1514 4834
f 4838 4834 4840
f 4840 4834 4836
f 4840 4836 4842
f 4863 1462 1433
f 4857 4864 4858
f 4858 4864 4865
f 4858 4865 4859
f 4859 4865 4866
f 4859 4866 4860
f 4860 4866 4867
f 4860 4867 4861
f 4861 4867 4863
f 4861 4863 4862
f 4862 4863 1433
f 1433 1431 4862
f 4862 1431 1430
f 4862 1430 4855
f 4855 1430 1387
f 4855 1387 4856
f 4856 1387 1460
f 4856 1460 1461
f 1514 1531 4834
f 4834 1531 1530
f 4834 1530 4835
f 4835 1530 1464
f 4835 1464 1463
f 4864 4843 4865
f 4865 4843 4842
f 4865 4842 4866
f 4866 4842 4836
f 4866 4836 4867
f 4867 4836 4835
f 4867 4835 4863
f 4863 4835 1463
f 4863 1463 1462
f 4734 4833 4844
f 4844 4833 4832
f 4844 4832 4857
f 4857 4832 4831
f 4857 4831 4864
f 4864 4831 4830
f 4864 4830 4843
f 4843 4830 4829
f 4843 4829 4841
f 4841 4829 4828
f 4841 4828 4839
f 4839 4828 4827
f 4839 4827 4837
f 4837 4827 4640
f 4837 4640 1517
f 1517 4640 1518
f 4868 4869 4870
f 4870 4869 4871
f 4870 4871 4872
f 4872 4871 4873
f 4872 4873 4874
f 4874 4873 4875
f 4874 4875 4876
f 4876 4875 4877
f 4876 4877 4878
f 4878 4877 4756
f 4878 4756 4879
f 4879 4756 4755
f 4879 4755 4751
f 4880 4771 4881
f 4881 4771 4772
f 4881 4772 4882
f 4882 4772 4773
f 4882 4773 4883
f 4883 4773 4774
f 4883 4774 4884
f 4884 4774 4775
f 4884 4775 4885
f 4885 4775 4776
f 4885 4776 4886
f 4887 4888 4889
f 4890 4888 4891
f 4891 4888 4887
f 4891 4887 4892
f 4893 4880 4894
f 4894 4880 4881
f 4894 4881 4895
f 4895 4881 4882
f 4895 4882 4896
f 4896 4882 4883
f 4896 4883 4897
f 4897 4883 4884
f 4897 4884 4898
f 4898 4884 4885
f 4898 4885 4899
f 4899 4885 4886
f 4899 4886 4900
f 4648 4650 4752
f 4752 4650 4901
f 4752 4901 4902
f 4902 4901 4903
f 4902 4903 4904
f 4904 4903 4905
f 4904 4905 4906
f 4906 4905 4907
f 4906 4907 4908
f 4908 4907 4909
f 4908 4909 4910
f 4910 4909 4911
f 4910 4911 4912
f 4645 4647 4754
f 4754 4647 4913
f 4754 4913 4914
f 4914 4913 4915
f 4914 4915 4916
f 4916 4915 4917
f 4916 4917 4918
f 4918 4917 4919
f 4918 4919 4920
f 4920 4919 4921
f 4920 4921 4922
f 4922 4921 4636
f 4922 4636 4923
f 4911 1497 1496
f 1493 1492 4868
f 4868 1492 4638
f 4868 4638 4869
f 4911 1496 4912
f 4912 1496 1495
f 4912 1495 1494
f 4751 4752 4879
f 4879 4752 4902
f 4879 4902 4878
f 4878 4902 4904
f 4878 4904 4876
f 4876 4904 4906
f 4876 4906 4874
f 4874 4906 4908
f 4874 4908 4872
f 4872 4908 4910
f 4872 4910 4870
f 4870 4910 4912
f 4870 4912 4868
f 4868 4912 1494
f 4868 1494 1493
f 4636 1455 4923
f 4923 1455 1528
f 4923 1528 1529
f 4753 4754 4643
f 4643 4754 4914
f 4643 4914 4644
f 4644 4914 4916
f 4644 4916 4765
f 4765 4916 4918
f 4765 4918 4770
f 4770 4918 4920
f 4770 4920 4776
f 4776 4920 4922
f 4776 4922 4886
f 4886 4922 4923
f 4886 4923 4900
f 4900 4923 1529
f 4900 1529 1459
f 4646 4756 4647
f 4647 4756 4877
f 4647 4877 4913
f 4913 4877 4875
f 4913 4875 4915
f 4915 4875 4873
f 4915 4873 4917
f 4917 4873 4871
f 4917 4871 4919
f 4919 4871 4869
f 4919 4869 4921
f 4921 4869 4638
f 4921 4638 4636
f 4636 4638 1457
f 4636 1457 1456
f 1459 1458 4900
f 4900 1458 4637
f 4900 4637 4899
f 4899 4637 4924
f 4899 4924 4898
f 4898 4924 4925
f 4898 4925 4897
f 4897 4925 4926
f 4897 4926 4896
f 4896 4926 4927
f 4896 4927 4895
f 4895 4927 4928
f 4895 4928 4894
f 4894 4928 4929
f 4894 4929 4893
f 4893 4929 4930
f 4931 4890 4932
f 4932 4890 4891
f 4932 4891 4933
f 4933 4891 4892
f 4933 4892 4934
f 4760 4935 4761
f 4761 4935 4936
f 4761 4936 4937
f 4937 4936 4938
f 4937 4938 4939
f 4939 4938 4940
f 4939 4940 4941
f 4941 4940 4942
f 4941 4942 4943
f 4943 4942 4944
f 4943 4944 4945
f 4945 4944 4946
f 4945 4946 4947
f 4935 4948 4936
f 4936 4948 4949
f 4936 4949 4938
f 4938 4949 4950
f 4938 4950 4940
f 4940 4950 4951
f 4940 4951 4942
f 4942 4951 4952
f 4942 4952 4944
f 4944 4952 4953
f 4944 4953 4946
f 1385 1491 4934
f 4934 1491 1490
f 4934 1490 4933
f 4933 1490 1454
f 4933 1454 4932
f 4954 1489 1488
f 4948 4955 4949
f 4949 4955 4956
f 4949 4956 4950
f 4950 4956 4957
f 4950 4957 4951
f 4951 4957 4958
f 4951 4958 4952
f 4952 4958 4954
f 4952 4954 4953
f 4953 4954 1488
f 1488 1452 4953
f 4953 1452 1451
f 4953 1451 4946
f 4946 1451 1527
f 4946 1527 4947
f 4947 1527 1526
f 4947 1526 1512
f 1454 1453 4932
f 4932 1453 1513
f 4932 1513 4931
f 4931 1513 1432
f 4931 1432 1436
f 4955 4889 4956
f 4956 4889 4888
f 4956 4888 4957
f 4957 4888 4890
f 4957 4890 4958
f 4958 4890 4931
f 4958 4931 4954
f 4954 4931 1436
f 4954 1436 1489
f 4760 4930 4935
f 4935 4930 4929
f 4935 4929 4948
f 4948 4929 4928
f 4948 4928 4955
f 4955 4928 4927
f 4955 4927 4889
f 4889 4927 4926
f 4889 4926 4887
f 4887 4926 4925
f 4887 4925 4892
f 4892 4925 4924
f 4892 4924 4934
f 4934 4924 4637
f 4934 4637 1385
f 1385 4637 1386
f 4649 4735 4650
f 4650 4735 4846
f 4650 4846 4901
f 4901 4846 4848
f 4901 4848 4903
f 4903 4848 4850
f 4903 4850 4905
f 4905 4850 4852
f 4905 4852 4907
f 4907 4852 4854
f 4907 4854 4909
f 4909 4854 4856
f 4909 4856 4911
f 4911 4856 1461
f 4911 1461 1497
f 4759 4959 4960
f 4960 4959 4961
f 4960 4961 4962
f 4962 4961 4963
f 4962 4963 4964
f 4964 4963 4965
f 4964 4965 4966
f 4966 4965 4967
f 4966 4967 4968
f 4968 4967 4969
f 4968 4969 4970
f 4970 4969 4971
f 4970 4971 4972
f 4972 4971 4973
f 4972 4973 4974
f 4974 4973 4975
f 4974 4975 4976
f 4976 4975 4977
f 4976 4977 4978
f 4978 4977 4979
f 4978 4979 4980
f 4980 4979 4981
f 4980 4981 4982
f 4982 4981 4983
f 4982 4983 4984
f 4984 4983 4985
f 4984 4985 4986
f 4986 4985 4987
f 4986 4987 4988
f 4988 4987 4989
f 4988 4989 4990
f 4990 4989 4991
f 4990 4991 4992
f 4992 4991 4993
f 4992 4993 4994
f 4994 4993 4995
f 4994 4995 4996
f 4996 4995 4997
f 4996 4997 4998
f 4998 4997 4999
f 4998 4999 5000
f 5000 4999 5001
f 5000 5001 5002
f 5002 5001 5003
f 5002 5003 5004
f 5004 5003 5005
f 5004 5005 5006
f 5006 5005 5007
f 5006 5007 5008
f 5008 5007 5009
f 5008 5009 5010
f 5010 5009 5011
f 5010 5011 5012
f 5012 5011 5013
f 5012 5013 5014
f 5014 5013 5015
f 5014 5015 5016
f 5016 5015 5017
f 5016 5017 5018
f 5018 5017 5019
f 5018 5019 4635
f 4635 5019 5020
f 4635 5020 4519
f 4518 4517 4610
f 4610 4517 4634
f 4610 4634 5021
f 5021 4634 5022
f 5021 5022 5023
f 5023 5022 5024
f 5023 5024 5025
f 5025 5024 5026
f 5025 5026 5027
f 5027 5026 5028
f 5027 5028 5029
f 5029 5028 5030
f 5029 5030 5031
f 5031 5030 5032
f 5031 5032 5033
f 5033 5032 5034
f 5033 5034 5035
f 5035 5034 5036
f 5035 5036 5037
f 5037 5036 5038
f 5037 5038 5039
f 5039 5038 5040
f 5039 5040 5041
f 5041 5040 5042
f 5041 5042 5043
f 5043 5042 5044
f 5043 5044 5045
f 5045 5044 5046
f 5045 5046 5047
f 5047 5046 5048
f 5047 5048 5049
f 5049 5048 5050
f 5049 5050 5051
f 5051 5050 5052
f 5051 5052 5053
f 5053 5052 5054
f 5053 5054 5055
f 5055 5054 5056
f 5055 5056 5057
f 5057 5056 5058
f 5057 5058 5059
f 5059 5058 5060
f 5059 5060 5061
f 5061 5060 5062
f 5061 5062 5063
f 5063 5062 5064
f 5063 5064 5065
f 5065 5064 5066
f 5065 5066 5067
f 5067 5066 5068
f 5067 5068 5069
f 5069 5068 5070
f 5069 5070 5071
f 5071 5070 5072
f 5071 5072 5073
f 5073 5072 5074
f 5073 5074 5075
f 5075 5074 5076
f 5075 5076 5077
f 5077 5076 5078
f 5077 5078 5079
f 5079 5078 5080
f 5079 5080 5081
f 5081 5080 5082
f 4515 4521 5020
f 5020 4521 4520
f 5020 4520 4519
f 4516 4515 4634
f 4634 4515 5020
f 4634 5020 5022
f 5022 5020 5019
f 5022 5019 5024
f 5024 5019 5017
f 5024 5017 5026
f 5026 5017 5015
f 5026 5015 5028
f 5028 5015 5013
f 5028 5013 5030
f 5030 5013 5011
f 5030 5011 5032
f 5032 5011 5009
f 5032 5009 5034
f 5034 5009 5007
f 5034 5007 5036
f 5036 5007 5005
f 5036 5005 5038
f 5038 5005 5003
f 5038 5003 5040
f 5040 5003 5001
f 5040 5001 5042
f 5042 5001 4999
f 5042 4999 5044
f 5044 4999 4997
f 5044 4997 5046
f 5046 4997 4995
f 5046 4995 5048
f 5048 4995 4993
f 5048 4993 5050
f 5050 4993 4991
f 5050 4991 5052
f 5052 4991 4989
f 5052 4989 5054
f 5054 4989 4987
f 5054 4987 5056
f 5056 4987 4985
f 5056 4985 5058
f 5058 4985 4983
f 5058 4983 5060
f 5060 4983 4981
f 5060 4981 5062
f 5062 4981 4979
f 5062 4979 5064
f 5064 4979 4977
f 5064 4977 5066
f 5066 4977 4975
f 5066 4975 5068
f 5068 4975 4973
f 5068 4973 5070
f 5070 4973 4971
f 5070 4971 5072
f 5072 4971 4969
f 5072 4969 5074
f 5074 4969 4967
f 5074 4967 5076
f 5076 4967 4965
f 5076 4965 5078
f 5078 4965 4963
f 5078 4963 5080
f 5080 4963 4961
f 5080 4961 5082
f 5082 4961 4959
f 5083 4631 5084
f 4629 5085 5086
f 5087 5088 5089
f 5089 5088 5086
f 5089 5086 5090
f 5090 5086 5085
f 5090 5085 5083
f 5091 4625 5092
f 5093 4620 5094
f 5094 4620 4619
f 5094 4619 5095
f 5093 4622 5096
f 5097 5098 5099
f 5099 5098 5100
f 5099 5100 5101
f 5101 5100 5102
f 5101 5102 5091
f 5103 5104 5105
f 5106 5095 5107
f 5107 5095 4619
f 5107 4619 5108
f 5108 4619 4621
f 5108 4621 5109
f 4631 4633 5084
f 5084 4633 5110
f 5084 5110 5111
f 5111 5110 5112
f 5111 5112 5113
f 4625 4627 5092
f 5092 4627 5114
f 5092 5114 5115
f 5115 5114 5116
f 5115 5116 5117
f 5112 1511 1510
f 1485 1429 5087
f 5087 1429 4618
f 5087 4618 5088
f 5112 1510 5113
f 5113 1510 1487
f 5113 1487 1486
f 5083 5084 5090
f 5090 5084 5111
f 5090 5111 5089
f 5089 5111 5113
f 5089 5113 5087
f 5087 5113 1486
f 5087 1486 1485
f 4628 4630 5118
f 5118 4630 5119
f 5118 5119 5120
f 5120 5119 4617
f 5120 4617 5121
f 5121 4617 1347
f 5121 1347 1346
f 1346 5116 5121
f 5121 5116 5114
f 5121 5114 5120
f 5120 5114 4627
f 5120 4627 5118
f 5118 4627 4626
f 5118 4626 4628
f 4629 5086 4630
f 4630 5086 5088
f 4630 5088 5119
f 5119 5088 4618
f 5119 4618 4617
f 4617 4618 1428
f 4617 1428 1427
f 4622 4624 5096
f 5096 4624 5122
f 5096 5122 5123
f 5123 5122 5124
f 5123 5124 5125
f 5126 5104 5127
f 5127 5104 5103
f 5127 5103 5128
f 1341 1340 5097
f 5097 1340 4616
f 5097 4616 5098
f 1339 5124 4616
f 4616 5124 5122
f 4616 5122 5098
f 5098 5122 4624
f 5098 4624 5100
f 5100 4624 4623
f 5100 4623 5102
f 1382 1381 5109
f 5109 1381 5128
f 5109 5128 5108
f 5108 5128 5103
f 5108 5103 5107
f 5107 5103 5105
f 5107 5105 5106
f 5106 5105 5129
f 1381 1380 5128
f 5128 1380 1379
f 5128 1379 5127
f 5127 1379 1378
f 5127 1378 5126
f 5126 1378 1377
f 5126 1377 1336
f 1339 1338 5124
f 5124 1338 1337
f 5124 1337 5125
f 5125 1337 1384
f 5125 1384 1383
f 5093 5096 4620
f 4620 5096 5123
f 4620 5123 4621
f 4621 5123 5125
f 4621 5125 5109
f 5109 5125 1383
f 5109 1383 1382
f 1346 1345 5116
f 5116 1345 1344
f 5116 1344 5117
f 5117 1344 1343
f 5117 1343 1342
f 5091 5092 5101
f 5101 5092 5115
f 5101 5115 5099
f 5099 5115 5117
f 5099 5117 5097
f 5097 5117 1342
f 5097 1342 1341
f 4514 4615 4509
f 4510 4509 4611
f 4611 4509 4615
f 4611 4615 5130
f 5130 4615 5131
f 5130 5131 5132
f 5132 5131 5133
f 5132 5133 5134
f 5134 5133 5135
f 5134 5135 5136
f 5136 5135 5137
f 5136 5137 5138
f 5138 5137 5139
f 5138 5139 5140
f 5140 5139 5141
f 5140 5141 5142
f 5142 5141 5143
f 5142 5143 5144
f 5144 5143 5145
f 5144 5145 5146
f 5146 5145 5147
f 5146 5147 5148
f 5148 5147 5149
f 5148 5149 5150
f 5150 5149 5151
f 5150 5151 5152
f 5152 5151 5153
f 5152 5153 5154
f 5154 5153 5155
f 5154 5155 5156
f 5156 5155 5157
f 5156 5157 5158
f 5158 5157 5129
f 5159 1335 1334
f 5159 1334 5160
f 1375 5161 5162
f 1334 1312 5160
f 5160 1312 1311
f 5160 1311 5162
f 5162 1311 1376
f 5162 1376 1375
f 5163 5164 1310
f 5165 1303 5164
f 5164 1303 1483
f 5164 1483 1310
f 1375 1374 5161
f 5161 1374 1373
f 5161 1373 5166
f 5166 1373 1372
f 5166 1372 5165
f 5165 1372 1332
f 5165 1332 1303
f 5167 1299 5168
f 5168 1299 1298
f 5168 1298 4614
f 4614 1298 1288
f 4614 1288 1287
f 5169 5170 1284
f 1284 1305 5169
f 5169 1305 1304
f 5169 1304 5171
f 5171 1304 1297
f 5171 1297 4539
f 1287 1307 4613
f 4613 1307 1306
f 4613 1306 5170
f 5170 1306 1285
f 5170 1285 1284
f 4507 4506 4539
f 4539 4506 4612
f 4539 4612 5171
f 5171 4612 5172
f 5171 5172 5169
f 5169 5172 5173
f 5169 5173 5170
f 5170 5173 5174
f 5170 5174 4613
f 4613 5174 5175
f 4613 5175 4614
f 4614 5175 5176
f 4614 5176 5168
f 5168 5176 5177
f 5168 5177 5167
f 5167 5177 5178
f 5167 5178 5163
f 5163 5178 5179
f 5163 5179 5164
f 5164 5179 5180
f 5164 5180 5165
f 5165 5180 5181
f 5165 5181 5166
f 5166 5181 5182
f 5166 5182 5161
f 5161 5182 5183
f 5161 5183 5162
f 5162 5183 5184
f 5162 5184 5160
f 5160 5184 5185
f 5160 5185 5159
f 5159 5185 5186
f 1310 1309 5163
f 5163 1309 1308
f 5163 1308 5167
f 5167 1308 1300
f 5167 1300 1299
f 4505 4511 4612
f 4612 4511 4611
f 4612 4611 5172
f 5172 4611 5130
f 5172 5130 5173
f 5173 5130 5132
f 5173 5132 5174
f 5174 5132 5134
f 5174 5134 5175
f 5175 5134 5136
f 5175 5136 5176
f 5176 5136 5138
f 5176 5138 5177
f 5177 5138 5140
f 5177 5140 5178
f 5178 5140 5142
f 5178 5142 5179
f 5179 5142 5144
f 5179 5144 5180
f 5180 5144 5146
f 5180 5146 5181
f 5181 5146 5148
f 5181 5148 5182
f 5182 5148 5150
f 5182 5150 5183
f 5183 5150 5152
f 5183 5152 5184
f 5184 5152 5154
f 5184 5154 5185
f 5185 5154 5156
f 5185 5156 5186
f 5186 5156 5158
f 5129 5105 5158
f 5158 5105 5104
f 5158 5104 5186
f 5186 5104 5126
f 5186 5126 5159
f 5159 5126 1336
f 5159 1336 1335
f 4513 4512 4615
f 4615 4512 4610
f 4615 4610 5131
f 5131 4610 5021
f 5131 5021 5133
f 5133 5021 5023
f 5133 5023 5135
f 5135 5023 5025
f 5135 5025 5137
f 5137 5025 5027
f 5137 5027 5139
f 5139 5027 5029
f 5139 5029 5141
f 5141 5029 5031
f 5141 5031 5143
f 5143 5031 5033
f 5143 5033 5145
f 5145 5033 5035
f 5145 5035 5147
f 5147 5035 5037
f 5147 5037 5149
f 5149 5037 5039
f 5149 5039 5151
f 5151 5039 5041
f 5151 5041 5153
f 5153 5041 5043
f 5153 5043 5155
f 5155 5043 5045
f 5155 5045 5157
f 5157 5045 5047
f 5157 5047 5129
f 5129 5047 5049
f 5129 5049 5106
f 5106 5049 5051
f 5106 5051 5095
f 5095 5051 5053
f 5095 5053 5094
f 5094 5053 5055
f 5094 5055 5093
f 5093 5055 5057
f 5093 5057 4622
f 4622 5057 5059
f 4622 5059 4623
f 4623 5059 5061
f 4623 5061 5102
f 5102 5061 5063
f 5102 5063 5091
f 5091 5063 5065
f 5091 5065 4625
f 4625 5065 5067
f 4625 5067 4626
f 4626 5067 5069
f 4626 5069 4628
f 4628 5069 5071
f 4628 5071 4629
f 4629 5071 5073
f 4629 5073 5085
f 5085 5073 5075
f 5085 5075 5083
f 5083 5075 5077
f 5083 5077 4631
f 4631 5077 5079
f 4631 5079 4632
f 4632 5079 5081
f 4759 4761 4959
f 4959 4761 4937
f 4959 4937 5082
f 5082 4937 4939
f 5082 4939 5081
f 5081 4939 4941
f 5081 4941 4632
f 4632 4941 4943
f 4632 4943 4633
f 4633 4943 4945
f 4633 4945 5110
f 5110 4945 4947
f 5110 4947 5112
f 5112 4947 1512
f 5112 1512 1511
f 5187 4604 5188
f 4605 5189 5190
f 5191 4598 5192
f 4602 5193 5194
f 4607 4609 5195
f 5195 4609 5196
f 5195 5196 5197
f 5198 4595 5199
f 4593 5200 5201
f 4587 4589 5202
f 4590 4592 5203
f 5204 4584 5205
f 5205 4584 4583
f 5205 4583 5206
f 5207 5206 5208
f 5208 5206 4583
f 5208 4583 5209
f 5209 4583 4585
f 5209 4585 5210
f 5211 5212 5213
f 5196 5214 5197
f 5197 5214 5215
f 5197 5215 5216
f 5217 5218 5219
f 5219 5218 5220
f 5219 5220 5221
f 5221 5220 5222
f 5221 5222 5223
f 5223 5222 5190
f 5223 5190 5224
f 5224 5190 5189
f 5224 5189 5225
f 5226 5207 5227
f 5227 5207 5208
f 5227 5208 5228
f 5228 5208 5209
f 5228 5209 5229
f 5229 5209 5210
f 5229 5210 5230
f 5231 5226 5232
f 5232 5226 5227
f 5232 5227 5233
f 5233 5227 5228
f 5233 5228 5234
f 5234 5228 5229
f 5234 5229 5235
f 5235 5229 5230
f 5235 5230 5236
f 4581 5237 5238
f 4575 4577 5239
f 4578 4580 5240
f 5241 4572 5242
f 5242 4572 4571
f 5242 4571 5243
f 5244 5243 5245
f 5245 5243 4571
f 5245 4571 5246
f 5246 4571 4573
f 5246 4573 5247
f 4569 5248 5249
f 5250 4568 5251
f 4563 4565 5252
f 4566 5253 5254
f 5255 4560 5256
f 5256 4560 4559
f 5256 4559 5257
f 5258 5257 5259
f 5259 5257 4559
f 5259 4559 5260
f 5260 4559 4561
f 5260 4561 5261
f 4658 5262 5263
f 5264 5244 5265
f 5265 5244 5245
f 5265 5245 5266
f 5266 5245 5246
f 5266 5246 5267
f 5267 5246 5247
f 5267 5247 5268
f 5269 5264 5270
f 5270 5264 5265
f 5270 5265 5271
f 5271 5265 5266
f 5271 5266 5272
f 5272 5266 5267
f 5272 5267 5273
f 5273 5267 5268
f 5273 5268 5274
f 5275 5258 5276
f 5276 5258 5259
f 5276 5259 5277
f 5277 5259 5260
f 5277 5260 5278
f 5278 5260 5261
f 5278 5261 5279
f 5280 5275 5281
f 5281 5275 5276
f 5281 5276 5282
f 5282 5276 5277
f 5282 5277 5283
f 5283 5277 5278
f 5283 5278 5284
f 5284 5278 5279
f 5284 5279 5285
f 5286 5287 5288
f 5288 5287 5289
f 5288 5289 5290
f 5290 5289 5291
f 5290 5291 5292
f 5292 5291 5263
f 5292 5263 5293
f 5293 5263 5262
f 5215 5294 5216
f 5216 5294 5295
f 5216 5295 5296
f 5296 5295 5297
f 5296 5297 5298
f 5297 5299 5298
f 5298 5299 5300
f 5298 5300 5301
f 5301 5300 5302
f 5301 5302 5303
f 5304 5305 5306
f 5301 5217 5298
f 5298 5217 5219
f 5298 5219 5296
f 5296 5219 5221
f 5296 5221 5216
f 5216 5221 5223
f 5216 5223 5197
f 5197 5223 5224
f 5197 5224 5195
f 5195 5224 5225
f 5195 5225 4607
f 5307 5308 5309
f 5309 5308 5310
f 5309 5310 5311
f 5311 5310 5312
f 5311 5312 5313
f 5313 5312 5314
f 5313 5314 5315
f 5315 5314 5316
f 5315 5316 5317
f 5317 5316 5194
f 5317 5194 5318
f 5318 5194 5193
f 5318 5193 5187
f 5319 5320 5321
f 5321 5320 5322
f 5321 5322 5323
f 5323 5322 5324
f 5323 5324 5325
f 5325 5324 5326
f 5325 5326 5327
f 5327 5326 5328
f 5327 5328 5329
f 5329 5328 5330
f 5329 5330 5331
f 5331 5330 5332
f 5331 5332 5191
f 5333 5231 5334
f 5334 5231 5232
f 5334 5232 5335
f 5335 5232 5233
f 5335 5233 5336
f 5336 5233 5234
f 5336 5234 5337
f 5337 5234 5235
f 5337 5235 5338
f 5338 5235 5236
f 5338 5236 5339
f 5340 5341 5342
f 5342 5341 5343
f 5342 5343 5344
f 5344 5343 5345
f 5344 5345 5346
f 5346 5345 5347
f 5346 5347 5348
f 5348 5347 5349
f 5350 5305 5351
f 5351 5305 5304
f 5351 5304 5352
f 4604 4606 5188
f 5188 4606 5353
f 5188 5353 5354
f 5354 5353 5355
f 5354 5355 5356
f 5356 5355 5357
f 5356 5357 5358
f 5358 5357 5359
f 5358 5359 5360
f 5360 5359 5361
f 5360 5361 5362
f 5362 5361 5363
f 5362 5363 5364
f 4598 4600 5192
f 5192 4600 5365
f 5192 5365 5366
f 5366 5365 5367
f 5366 5367 5368
f 5368 5367 5369
f 5368 5369 5370
f 5370 5369 5371
f 5370 5371 5372
f 5372 5371 5373
f 5372 5373 5374
f 5374 5373 5375
f 5374 5375 5376
f 4595 4597 5199
f 5199 4597 5377
f 5199 5377 5378
f 5378 5377 5379
f 5378 5379 5380
f 5380 5379 5381
f 5380 5381 5382
f 5382 5381 5383
f 5382 5383 5384
f 5384 5383 5385
f 5384 5385 5386
f 5386 5385 5387
f 5386 5387 5388
f 5389 1286 1484
f 5389 1484 5303
f 5303 1484 5352
f 5303 5352 5301
f 5301 5352 5304
f 5301 5304 5217
f 5217 5304 5306
f 5217 5306 5218
f 1484 1448 5352
f 5352 1448 1447
f 5352 1447 5351
f 5351 1447 1509
f 5351 1509 5350
f 5350 1509 1508
f 5350 1508 1507
f 5363 1525 1524
f 1504 1503 5307
f 5307 1503 4558
f 5307 4558 5308
f 5363 1524 5364
f 5364 1524 1506
f 5364 1506 1505
f 5187 5188 5318
f 5318 5188 5354
f 5318 5354 5317
f 5317 5354 5356
f 5317 5356 5315
f 5315 5356 5358
f 5315 5358 5313
f 5313 5358 5360
f 5313 5360 5311
f 5311 5360 5362
f 5311 5362 5309
f 5309 5362 5364
f 5309 5364 5307
f 5307 5364 1505
f 5307 1505 1504
f 4605 5190 4606
f 4606 5190 5222
f 4606 5222 5353
f 5353 5222 5220
f 5353 5220 5355
f 5355 5220 5218
f 5355 5218 5357
f 5357 5218 5306
f 5357 5306 5359
f 5359 5306 5305
f 5359 5305 5361
f 5361 5305 5350
f 5361 5350 5363
f 5363 5350 1507
f 5363 1507 1525
f 4601 4603 5390
f 5390 4603 5391
f 5390 5391 5392
f 5392 5391 5393
f 5392 5393 5394
f 5394 5393 5395
f 5394 5395 5396
f 5396 5395 5397
f 5396 5397 5398
f 5398 5397 5399
f 5398 5399 5400
f 5400 5399 4556
f 5400 4556 5401
f 5401 4556 1536
f 5401 1536 1535
f 1535 5375 5401
f 5401 5375 5373
f 5401 5373 5400
f 5400 5373 5371
f 5400 5371 5398
f 5398 5371 5369
f 5398 5369 5396
f 5396 5369 5367
f 5396 5367 5394
f 5394 5367 5365
f 5394 5365 5392
f 5392 5365 4600
f 5392 4600 5390
f 5390 4600 4599
f 5390 4599 4601
f 1479 1478 5319
f 5319 1478 4557
f 5319 4557 5320
f 1477 5387 4557
f 4557 5387 5385
f 4557 5385 5320
f 5320 5385 5383
f 5320 5383 5322
f 5322 5383 5381
f 5322 5381 5324
f 5324 5381 5379
f 5324 5379 5326
f 5326 5379 5377
f 5326 5377 5328
f 5328 5377 4597
f 5328 4597 5330
f 5330 4597 4596
f 5330 4596 5332
f 1535 1534 5375
f 5375 1534 1482
f 5375 1482 5376
f 5376 1482 1481
f 5376 1481 1480
f 5191 5192 5331
f 5331 5192 5366
f 5331 5366 5329
f 5329 5366 5368
f 5329 5368 5327
f 5327 5368 5370
f 5327 5370 5325
f 5325 5370 5372
f 5325 5372 5323
f 5323 5372 5374
f 5323 5374 5321
f 5321 5374 5376
f 5321 5376 5319
f 5319 5376 1480
f 5319 1480 1479
f 4602 5194 4603
f 4603 5194 5316
f 4603 5316 5391
f 5391 5316 5314
f 5391 5314 5393
f 5393 5314 5312
f 5393 5312 5395
f 5395 5312 5310
f 5395 5310 5397
f 5397 5310 5308
f 5397 5308 5399
f 5399 5308 4558
f 5399 4558 4556
f 4556 4558 1538
f 4556 1538 1537
f 4592 4594 5203
f 5203 4594 5402
f 5203 5402 5403
f 5403 5402 5404
f 5403 5404 5405
f 5405 5404 5406
f 5405 5406 5407
f 5407 5406 5408
f 5407 5408 5409
f 5409 5408 5410
f 5409 5410 5411
f 5411 5410 5412
f 5411 5412 5413
f 4593 5201 4594
f 4594 5201 5414
f 4594 5414 5402
f 5402 5414 5415
f 5402 5415 5404
f 5404 5415 5416
f 5404 5416 5406
f 5406 5416 5417
f 5406 5417 5408
f 5408 5417 5418
f 5408 5418 5410
f 5410 5418 5419
f 5410 5419 5412
f 4589 4591 5202
f 5202 4591 5420
f 5202 5420 5421
f 5421 5420 5422
f 5421 5422 5423
f 5423 5422 5424
f 5423 5424 5425
f 5425 5424 5426
f 5425 5426 5427
f 5427 5426 5428
f 5427 5428 5429
f 5429 5428 5430
f 5429 5430 5431
f 5432 5433 5434
f 5435 5436 5437
f 5437 5436 5438
f 5437 5438 5439
f 5439 5438 5440
f 5439 5440 5441
f 5212 5442 5213
f 5213 5442 5443
f 5213 5443 5444
f 5444 5443 5445
f 5444 5445 5446
f 5446 5445 5447
f 5446 5447 5448
f 5448 5447 5449
f 5448 5449 5450
f 5450 5449 5451
f 5450 5451 5452
f 5452 5451 5453
f 5452 5453 5454
f 5455 5339 5456
f 5456 5339 5236
f 5456 5236 5457
f 5457 5236 5230
f 5457 5230 5458
f 5458 5230 5210
f 5458 5210 5459
f 5459 5210 4585
f 5459 4585 5460
f 5460 4585 4584
f 5460 4584 5461
f 5461 4584 5204
f 5461 5204 4586
f 5462 1502 1501
f 1501 5419 5462
f 5462 5419 5418
f 5462 5418 5463
f 5463 5418 5417
f 5463 5417 5464
f 5464 5417 5416
f 5464 5416 5465
f 5465 5416 5415
f 5465 5415 5466
f 5466 5415 5414
f 5466 5414 5467
f 5467 5414 5201
f 5467 5201 5468
f 5468 5201 5200
f 5468 5200 5198
f 1501 1476 5419
f 5419 1476 1475
f 5419 1475 5412
f 5412 1475 1523
f 5412 1523 5413
f 5413 1523 1522
f 5413 1522 1521
f 5430 1533 1532
f 5469 1498 1446
f 4586 4588 5461
f 5461 4588 5470
f 5461 5470 5460
f 5460 5470 5471
f 5460 5471 5459
f 5459 5471 5472
f 5459 5472 5458
f 5458 5472 5473
f 5458 5473 5457
f 5457 5473 5474
f 5457 5474 5456
f 5456 5474 5469
f 5456 5469 5455
f 5455 5469 1446
f 5455 1446 1445
f 5430 1532 5431
f 5431 1532 1500
f 5431 1500 1499
f 4587 5202 4588
f 4588 5202 5421
f 4588 5421 5470
f 5470 5421 5423
f 5470 5423 5471
f 5471 5423 5425
f 5471 5425 5472
f 5472 5425 5427
f 5472 5427 5473
f 5473 5427 5429
f 5473 5429 5474
f 5474 5429 5431
f 5474 5431 5469
f 5469 5431 1499
f 5469 1499 1498
f 4590 5203 4591
f 4591 5203 5403
f 4591 5403 5420
f 5420 5403 5405
f 5420 5405 5422
f 5422 5405 5407
f 5422 5407 5424
f 5424 5407 5409
f 5424 5409 5426
f 5426 5409 5411
f 5426 5411 5428
f 5428 5411 5413
f 5428 5413 5430
f 5430 5413 1521
f 5430 1521 1533
f 1408 5436 1409
f 1409 5436 5435
f 1409 5435 1444
f 1408 1407 5436
f 5436 1407 5432
f 5436 5432 5438
f 5438 5432 5434
f 5438 5434 5440
f 1367 1366 5340
f 5340 1366 4555
f 5340 4555 5341
f 5442 5349 5443
f 5443 5349 5347
f 5443 5347 5445
f 5445 5347 5345
f 5445 5345 5447
f 5447 5345 5343
f 5447 5343 5449
f 5449 5343 5341
f 5449 5341 5451
f 5451 5341 4555
f 5451 4555 5453
f 5453 4555 1363
f 1407 1371 5432
f 5432 1371 1370
f 5432 1370 5433
f 5433 1370 1369
f 5433 1369 1368
f 5348 5441 5346
f 5346 5441 5440
f 5346 5440 5344
f 5344 5440 5434
f 5344 5434 5342
f 5342 5434 5433
f 5342 5433 5340
f 5340 5433 1368
f 5340 1368 1367
f 5212 5333 5442
f 5442 5333 5334
f 5442 5334 5349
f 5349 5334 5335
f 5349 5335 5348
f 5348 5335 5336
f 5348 5336 5441
f 5441 5336 5337
f 5441 5337 5439
f 5439 5337 5338
f 5439 5338 5437
f 5437 5338 5339
f 5437 5339 5435
f 5435 5339 5455
f 5435 5455 1444
f 1444 5455 1445
f 1477 1413 5387
f 5387 1413 1412
f 5387 1412 5388
f 5388 1412 1411
f 5388 1411 1410
f 5198 5199 5468
f 5468 5199 5378
f 5468 5378 5467
f 5467 5378 5380
f 5467 5380 5466
f 5466 5380 5382
f 5466 5382 5465
f 5465 5382 5384
f 5465 5384 5464
f 5464 5384 5386
f 5464 5386 5463
f 5463 5386 5388
f 5463 5388 5462
f 5462 5388 1410
f 5462 1410 1502
f 5475 5269 5476
f 5476 5269 5270
f 5476 5270 5477
f 5477 5270 5271
f 5477 5271 5478
f 5478 5271 5272
f 5478 5272 5479
f 5479 5272 5273
f 5479 5273 5480
f 5480 5273 5274
f 5480 5274 5481
f 5482 5483 5484
f 5484 5483 5485
f 5484 5485 5486
f 5486 5485 5487
f 5486 5487 5488
f 5488 5487 5489
f 5488 5489 5490
f 5490 5489 5491
f 5492 5280 5493
f 5493 5280 5281
f 5493 5281 5494
f 5494 5281 5282
f 5494 5282 5495
f 5495 5282 5283
f 5495 5283 5496
f 5496 5283 5284
f 5496 5284 5497
f 5497 5284 5285
f 5497 5285 5498
f 5499 5500 5501
f 5501 5500 5502
f 5501 5502 5503
f 5503 5502 5504
f 5503 5504 5505
f 5505 5504 5506
f 5505 5506 5507
f 5507 5506 5508
f 5507 5508 5509
f 5509 5508 5254
f 5509 5254 5510
f 5510 5254 5253
f 5510 5253 5250
f 5511 5512 5513
f 5513 5512 5514
f 5513 5514 5515
f 5515 5514 5516
f 5515 5516 5517
f 5517 5516 5518
f 5517 5518 5519
f 5519 5518 5520
f 5521 5522 5523
f 5293 5520 5292
f 5292 5520 5518
f 5292 5518 5290
f 5290 5518 5516
f 5290 5516 5288
f 5288 5516 5514
f 5288 5514 5286
f 5286 5514 5512
f 4580 4582 5240
f 5240 4582 5524
f 5240 5524 5525
f 5525 5524 5526
f 5525 5526 5527
f 5527 5526 5528
f 5527 5528 5529
f 5529 5528 5530
f 5529 5530 5531
f 5531 5530 5532
f 5531 5532 5533
f 5533 5532 5534
f 5533 5534 5535
f 4581 5238 4582
f 4582 5238 5536
f 4582 5536 5524
f 5524 5536 5537
f 5524 5537 5526
f 5526 5537 5538
f 5526 5538 5528
f 5528 5538 5539
f 5528 5539 5530
f 5530 5539 5540
f 5530 5540 5532
f 5532 5540 5541
f 5532 5541 5534
f 4577 4579 5239
f 5239 4579 5542
f 5239 5542 5543
f 5543 5542 5544
f 5543 5544 5545
f 5545 5544 5546
f 5545 5546 5547
f 5547 5546 5548
f 5547 5548 5549
f 5549 5548 5550
f 5549 5550 5551
f 5551 5550 5552
f 5551 5552 5553
f 5554 5555 5556
f 5557 5558 5559
f 5559 5558 5560
f 5559 5560 5561
f 5561 5560 5562
f 5561 5562 5563
f 5248 5564 5249
f 5249 5564 5565
f 5249 5565 5566
f 5566 5565 5567
f 5566 5567 5568
f 5568 5567 5569
f 5568 5569 5570
f 5570 5569 5571
f 5570 5571 5572
f 5572 5571 5573
f 5572 5573 5574
f 5574 5573 5575
f 5574 5575 5576
f 5577 5481 5578
f 5578 5481 5274
f 5578 5274 5579
f 5579 5274 5268
f 5579 5268 5580
f 5580 5268 5247
f 5580 5247 5581
f 5581 5247 4573
f 5581 4573 5582
f 5582 4573 4572
f 5582 4572 5583
f 5583 4572 5241
f 5583 5241 4574
f 5584 1326 1325
f 1325 5541 5584
f 5584 5541 5540
f 5584 5540 5585
f 5585 5540 5539
f 5585 5539 5586
f 5586 5539 5538
f 5586 5538 5587
f 5587 5538 5537
f 5587 5537 5588
f 5588 5537 5536
f 5588 5536 5589
f 5589 5536 5238
f 5589 5238 5590
f 5590 5238 5237
f 5590 5237 5211
f 1325 1443 5541
f 5541 1443 1442
f 5541 1442 5534
f 5534 1442 1404
f 5534 1404 5535
f 5535 1404 1403
f 5535 1403 1474
f 5591 1470 1441
f 4574 4576 5583
f 5583 4576 5592
f 5583 5592 5582
f 5582 5592 5593
f 5582 5593 5581
f 5581 5593 5594
f 5581 5594 5580
f 5580 5594 5595
f 5580 5595 5579
f 5579 5595 5596
f 5579 5596 5578
f 5578 5596 5591
f 5578 5591 5577
f 5577 5591 1441
f 5577 1441 1440
f 5552 1473 5553
f 5553 1473 1472
f 5553 1472 1471
f 4575 5239 4576
f 4576 5239 5543
f 4576 5543 5592
f 5592 5543 5545
f 5592 5545 5593
f 5593 5545 5547
f 5593 5547 5594
f 5594 5547 5549
f 5594 5549 5595
f 5595 5549 5551
f 5595 5551 5596
f 5596 5551 5553
f 5596 5553 5591
f 5591 5553 1471
f 5591 1471 1470
f 4578 5240 4579
f 4579 5240 5525
f 4579 5525 5542
f 5542 5525 5527
f 5542 5527 5544
f 5544 5527 5529
f 5544 5529 5546
f 5546 5529 5531
f 5546 5531 5548
f 5548 5531 5533
f 5548 5533 5550
f 5550 5533 5535
f 5550 5535 5552
f 5552 5535 1474
f 5552 1474 1473
f 1361 5558 1360
f 1360 5558 5557
f 1360 5557 1439
f 1361 1362 5558
f 5558 1362 5554
f 5558 5554 5560
f 5560 5554 5556
f 5560 5556 5562
f 1400 1359 5482
f 5482 1359 4554
f 5482 4554 5483
f 5564 5491 5565
f 5565 5491 5489
f 5565 5489 5567
f 5567 5489 5487
f 5567 5487 5569
f 5569 5487 5485
f 5569 5485 5571
f 5571 5485 5483
f 5571 5483 5573
f 5573 5483 4554
f 5573 4554 5575
f 5575 4554 1358
f 1362 1438 5554
f 5554 1438 1437
f 5554 1437 5555
f 5555 1437 1402
f 5555 1402 1401
f 5490 5563 5488
f 5488 5563 5562
f 5488 5562 5486
f 5486 5562 5556
f 5486 5556 5484
f 5484 5556 5555
f 5484 5555 5482
f 5482 5555 1401
f 5482 1401 1400
f 5248 5475 5564
f 5564 5475 5476
f 5564 5476 5491
f 5491 5476 5477
f 5491 5477 5490
f 5490 5477 5478
f 5490 5478 5563
f 5563 5478 5479
f 5563 5479 5561
f 5561 5479 5480
f 5561 5480 5559
f 5559 5480 5481
f 5559 5481 5557
f 5557 5481 5577
f 5557 5577 1439
f 1439 5577 1440
f 4568 4570 5251
f 5251 4570 5597
f 5251 5597 5598
f 5598 5597 5599
f 5598 5599 5600
f 5600 5599 5601
f 5600 5601 5602
f 5602 5601 5603
f 5602 5603 5604
f 5604 5603 5605
f 5604 5605 5606
f 5606 5605 5607
f 5606 5607 5608
f 4565 4567 5252
f 5252 4567 5609
f 5252 5609 5610
f 5610 5609 5611
f 5610 5611 5612
f 5612 5611 5613
f 5612 5613 5614
f 5614 5613 5615
f 5614 5615 5616
f 5616 5615 5617
f 5616 5617 5618
f 5618 5617 4552
f 5618 4552 5619
f 5620 5621 5622
f 5623 5624 5625
f 5625 5624 5626
f 5625 5626 5627
f 5627 5626 5628
f 5627 5628 5629
f 5630 5522 5631
f 5631 5522 5521
f 5631 5521 5632
f 5633 5498 5634
f 5634 5498 5285
f 5634 5285 5635
f 5635 5285 5279
f 5635 5279 5636
f 5636 5279 5261
f 5636 5261 5637
f 5637 5261 4561
f 5637 4561 5638
f 5638 4561 4560
f 5638 4560 5639
f 5639 4560 5255
f 5639 5255 4562
f 5607 1321 1320
f 1317 1316 5499
f 5499 1316 4553
f 5499 4553 5500
f 5607 1320 5608
f 5608 1320 1319
f 5608 1319 1318
f 5250 5251 5510
f 5510 5251 5598
f 5510 5598 5509
f 5509 5598 5600
f 5509 5600 5507
f 5507 5600 5602
f 5507 5602 5505
f 5505 5602 5604
f 5505 5604 5503
f 5503 5604 5606
f 5503 5606 5501
f 5501 5606 5608
f 5501 5608 5499
f 5499 5608 1318
f 5499 1318 1317
f 5640 1469 1468
f 4562 4564 5639
f 5639 4564 5641
f 5639 5641 5638
f 5638 5641 5642
f 5638 5642 5637
f 5637 5642 5643
f 5637 5643 5636
f 5636 5643 5644
f 5636 5644 5635
f 5635 5644 5645
f 5635 5645 5634
f 5634 5645 5640
f 5634 5640 5633
f 5633 5640 1468
f 5633 1468 1467
f 4552 1356 5619
f 5619 1356 1355
f 5619 1355 1354
f 4563 5252 4564
f 4564 5252 5610
f 4564 5610 5641
f 5641 5610 5612
f 5641 5612 5642
f 5642 5612 5614
f 5642 5614 5643
f 5643 5614 5616
f 5643 5616 5644
f 5644 5616 5618
f 5644 5618 5645
f 5645 5618 5619
f 5645 5619 5640
f 5640 5619 1354
f 5640 1354 1469
f 4566 5254 4567
f 4567 5254 5508
f 4567 5508 5609
f 5609 5508 5506
f 5609 5506 5611
f 5611 5506 5504
f 5611 5504 5613
f 5613 5504 5502
f 5613 5502 5615
f 5615 5502 5500
f 5615 5500 5617
f 5617 5500 4553
f 5617 4553 4552
f 4552 4553 1302
f 4552 1302 1301
f 1399 5624 1465
f 1465 5624 5623
f 1465 5623 1466
f 1399 1398 5624
f 5624 1398 5620
f 5624 5620 5626
f 5626 5620 5622
f 5626 5622 5628
f 1393 1392 5511
f 5511 1392 5632
f 5511 5632 5512
f 5512 5632 5521
f 5512 5521 5286
f 5286 5521 5523
f 5286 5523 5287
f 1392 1391 5632
f 5632 1391 1390
f 5632 1390 5631
f 5631 1390 1389
f 5631 1389 5630
f 5630 1389 1388
f 5630 1388 1353
f 1398 1397 5620
f 5620 1397 1396
f 5620 1396 5621
f 5621 1396 1395
f 5621 1395 1394
f 5519 5629 5517
f 5517 5629 5628
f 5517 5628 5515
f 5515 5628 5622
f 5515 5622 5513
f 5513 5622 5621
f 5513 5621 5511
f 5511 5621 1394
f 5511 1394 1393
f 5262 5492 5293
f 5293 5492 5493
f 5293 5493 5520
f 5520 5493 5494
f 5520 5494 5519
f 5519 5494 5495
f 5519 5495 5629
f 5629 5495 5496
f 5629 5496 5627
f 5627 5496 5497
f 5627 5497 5625
f 5625 5497 5498
f 5625 5498 5623
f 5623 5498 5633
f 5623 5633 1466
f 1466 5633 1467
f 1358 1357 5575
f 5575 1357 1324
f 5575 1324 5576
f 5576 1324 1323
f 5576 1323 1322
f 4569 5249 4570
f 4570 5249 5566
f 4570 5566 5597
f 5597 5566 5568
f 5597 5568 5599
f 5599 5568 5570
f 5599 5570 5601
f 5601 5570 5572
f 5601 5572 5603
f 5603 5572 5574
f 5603 5574 5605
f 5605 5574 5576
f 5605 5576 5607
f 5607 5576 1322
f 5607 1322 1321
f 1363 1364 5453
f 5453 1364 1365
f 5453 1365 5454
f 5454 1365 1406
f 5454 1406 1405
f 5211 5213 5590
f 5590 5213 5444
f 5590 5444 5589
f 5589 5444 5446
f 5589 5446 5588
f 5588 5446 5448
f 5588 5448 5587
f 5587 5448 5450
f 5587 5450 5586
f 5586 5450 5452
f 5586 5452 5585
f 5585 5452 5454
f 5585 5454 5584
f 5584 5454 1405
f 5584 1405 1326
f 5646 5647 5648
f 5648 5647 426
f 5648 426 377
f 5649 417 5650
f 5650 417 432
f 5650 432 5651
f 432 431 5651
f 5651 431 430
f 5651 430 5652
f 5652 430 428
f 5652 428 5653
f 5653 428 427
f 5653 427 5647
f 5647 427 424
f 5647 424 426
f 5654 414 5655
f 5655 414 438
f 5655 438 5656
f 438 437 5656
f 5656 437 436
f 5656 436 5657
f 5657 436 434
f 5657 434 5658
f 5658 434 433
f 5658 433 5649
f 5649 433 418
f 5649 418 417
f 5659 442 5660
f 5660 442 440
f 5660 440 5661
f 5661 440 439
f 5661 439 5654
f 5654 439 415
f 5654 415 414
f 5662 448 5663
f 5663 448 446
f 5663 446 5664
f 446 445 5664
f 5664 445 412
f 5664 412 5665
f 5665 412 411
f 5665 411 5666
f 5666 411 444
f 5666 444 5659
f 5659 444 443
f 5659 443 442
f 5667 409 5668
f 5668 409 408
f 5668 408 5669
f 5669 408 450
f 5669 450 5662
f 5662 450 449
f 5662 449 448
f 5670 454 5671
f 5671 454 452
f 5671 452 5667
f 5667 452 451
f 5667 451 409
f 5672 463 5673
f 5673 463 461
f 5673 461 5674
f 461 460 5674
f 5674 460 456
f 5674 456 5675
f 5675 456 458
f 5675 458 5676
f 5676 458 459
f 5676 459 5670
f 5670 459 455
f 5670 455 454
f 5677 465 5678
f 5678 465 467
f 5678 467 5679
f 5679 467 468
f 5679 468 5672
f 5672 468 464
f 5672 464 463
f 5680 472 5681
f 5681 472 470
f 5681 470 5677
f 5677 470 469
f 5677 469 465
f 5682 481 5683
f 5683 481 479
f 5683 479 5684
f 479 478 5684
f 5684 478 474
f 5684 474 5685
f 5685 474 476
f 5685 476 5686
f 5686 476 477
f 5686 477 5680
f 5680 477 473
f 5680 473 472
f 5687 483 5688
f 5688 483 485
f 5688 485 5689
f 5689 485 486
f 5689 486 5682
f 5682 486 482
f 5682 482 481
f 5690 492 5691
f 5691 492 494
f 5691 494 5692
f 5692 494 495
f 5692 495 5693
f 495 491 5693
f 5693 491 490
f 5693 490 5694
f 5694 490 488
f 5694 488 5687
f 5687 488 487
f 5687 487 483
f 5695 499 5696
f 5696 499 497
f 5696 497 5690
f 5690 497 496
f 5690 496 492
f 5697 508 5698
f 5698 508 506
f 5698 506 5699
f 506 505 5699
f 5699 505 504
f 5699 504 5700
f 5700 504 503
f 5700 503 5701
f 5701 503 502
f 5701 502 5695
f 5695 502 501
f 5695 501 499
f 5702 517 5703
f 5703 517 515
f 5703 515 5704
f 515 514 5704
f 5704 514 513
f 5704 513 5705
f 5705 513 512
f 5705 512 5706
f 5706 512 511
f 5706 511 5697
f 5697 511 510
f 5697 510 508
f 5707 522 5708
f 5708 522 521
f 5708 521 5709
f 5709 521 520
f 5709 520 5702
f 5702 520 519
f 5702 519 517
f 532 531 4668
f 4668 531 530
f 4668 530 5710
f 5710 530 528
f 5710 528 5711
f 5711 528 527
f 5711 527 5712
f 5712 527 523
f 5712 523 5713
f 5713 523 525
f 5713 525 5707
f 5707 525 526
f 5707 526 522
f 4532 4533 4660
f 4660 4533 4664
f 4660 4664 5714
f 5714 4664 5715
f 5714 5715 5716
f 5716 5715 5717
f 5716 5717 5718
f 5718 5717 5719
f 5718 5719 5720
f 5720 5719 5721
f 5720 5721 5722
f 5722 5721 5723
f 5722 5723 5724
f 5724 5723 5725
f 5724 5725 5726
f 5726 5725 5727
f 5726 5727 5728
f 5728 5727 5729
f 5728 5729 5730
f 5730 5729 5731
f 5730 5731 5732
f 5732 5731 5733
f 5732 5733 5734
f 5734 5733 5735
f 5734 5735 5736
f 5736 5735 5737
f 5736 5737 5738
f 5738 5737 5739
f 5738 5739 5740
f 5740 5739 5741
f 5740 5741 5742
f 5742 5741 5743
f 5742 5743 5744
f 5744 5743 5745
f 5744 5745 5746
f 5746 5745 5747
f 5746 5747 5748
f 5748 5747 5749
f 5748 5749 5750
f 5750 5749 5751
f 5750 5751 5752
f 5752 5751 5753
f 5752 5753 5754
f 5754 5753 5755
f 5754 5755 5756
f 5756 5755 5757
f 5756 5757 5758
f 5758 5757 5759
f 5758 5759 5760
f 5760 5759 5761
f 5760 5761 5762
f 5762 5761 5763
f 5762 5763 5764
f 5764 5763 5765
f 5764 5765 5766
f 5766 5765 5767
f 5766 5767 5768
f 5768 5767 5769
f 5768 5769 5770
f 5770 5769 5771
f 5770 5771 5772
f 5772 5771 5773
f 5772 5773 5774
f 5774 5773 5775
f 5774 5775 5776
f 5776 5775 5777
f 5776 5777 5778
f 5778 5777 5779
f 5778 5779 5780
f 5780 5779 5781
f 5780 5781 5782
f 5782 5781 5783
f 5782 5783 5784
f 5784 5783 5785
f 5784 5785 5786
f 5786 5785 5787
f 5786 5787 5788
f 5788 5787 5789
f 5788 5789 5790
f 5790 5789 5791
f 5790 5791 5792
f 5792 5791 5793
f 5792 5793 5794
f 5794 5793 5795
f 5794 5795 5796
f 5796 5795 5797
f 5796 5797 5798
f 5798 5797 5799
f 5798 5799 5800
f 5800 5799 5801
f 5800 5801 5802
f 5802 5801 5803
f 5802 5803 5804
f 5804 5803 5805
f 5804 5805 5806
f 5806 5805 5807
f 5806 5807 5808
f 5808 5807 5809
f 5808 5809 5810
f 5810 5809 5811
f 5810 5811 5812
f 5812 5811 5813
f 5812 5813 5814
f 5814 5813 5815
f 5814 5815 5816
f 5816 5815 5817
f 5816 5817 5818
f 5818 5817 5819
f 5818 5819 5820
f 5820 5819 5821
f 5820 5821 5822
f 5822 5821 5823
f 5822 5823 5824
f 5824 5823 5825
f 5824 5825 5826
f 5826 5825 5827
f 5826 5827 5828
f 5828 5827 5829
f 5828 5829 5830
f 5830 5829 5831
f 5830 5831 5832
f 5832 5831 5833
f 5832 5833 5834
f 5834 5833 5835
f 5834 5835 5836
f 5836 5835 5837
f 5836 5837 5838
f 5838 5837 5839
f 5838 5839 5840
f 5840 5839 5841
f 5840 5841 5842
f 5842 5841 5843
f 5842 5843 5844
f 5844 5843 5845
f 5844 5845 5846
f 5846 5845 5847
f 5846 5847 5848
f 5848 5847 5849
f 5848 5849 5850
f 5850 5849 5851
f 5850 5851 5852
f 5852 5851 5853
f 5852 5853 5854
f 5854 5853 5855
f 5854 5855 5856
f 5856 5855 5857
f 5856 5857 5858
f 5858 5857 5859
f 5858 5859 5860
f 5860 5859 5861
f 5860 5861 5862
f 5862 5861 5863
f 5862 5863 5864
f 5864 5863 5865
f 5864 5865 5866
f 5866 5865 5867
f 5866 5867 5868
f 5868 5867 5869
f 5868 5869 5870
f 5870 5869 5871
f 5870 5871 5872
f 5872 5871 5873
f 5872 5873 5874
f 5874 5873 5875
f 5874 5875 5876
f 5876 5875 5877
f 5876 5877 5878
f 5878 5877 5879
f 5878 5879 5880
f 5880 5879 5881
f 5880 5881 5882
f 5882 5881 5883
f 5882 5883 5884
f 5884 5883 5885
f 5884 5885 5886
f 5886 5885 5887
f 5886 5887 5888
f 5888 5887 5889
f 5888 5889 5890
f 5890 5889 5891
f 5890 5891 5892
f 5892 5891 5893
f 5892 5893 5894
f 5894 5893 5895
f 5894 5895 5896
f 5896 5895 5897
f 5896 5897 5898
f 5898 5897 5899
f 5898 5899 5900
f 5900 5899 5901
f 5900 5901 5902
f 5902 5901 5903
f 5902 5903 5904
f 5904 5903 5905
f 5904 5905 5906
f 5906 5905 5907
f 5906 5907 5908
f 5908 5907 5909
f 5908 5909 5910
f 5910 5909 5911
f 5910 5911 5912
f 5912 5911 5913
f 5912 5913 5914
f 5914 5913 5915
f 5914 5915 5916
f 5916 5915 5917
f 5916 5917 5918
f 5918 5917 5919
f 5918 5919 5920
f 5920 5919 5921
f 5920 5921 5922
f 5922 5921 5923
f 5922 5923 5924
f 5924 5923 5925
f 5924 5925 5926
f 5926 5925 5927
f 5926 5927 5928
f 5928 5927 5929
f 5928 5929 5930
f 5930 5929 5931
f 5930 5931 5932
f 5932 5931 5933
f 5932 5933 5934
f 5934 5933 5935
f 5934 5935 5936
f 5936 5935 5937
f 5936 5937 5938
f 5938 5937 5939
f 5938 5939 5940
f 5940 5939 5941
f 5940 5941 5942
f 5942 5941 5943
f 5942 5943 5944
f 5944 5943 5945
f 5944 5945 5946
f 5946 5945 5947
f 5946 5947 5948
f 5948 5947 5949
f 5948 5949 5950
f 5950 5949 5951
f 5950 5951 5952
f 5952 5951 5953
f 5952 5953 5954
f 5954 5953 5955
f 5954 5955 5956
f 5956 5955 5957
f 5956 5957 5958
f 5958 5957 5959
f 5958 5959 5960
f 5960 5959 5961
f 5960 5961 5962
f 5962 5961 5963
f 5962 5963 4551
f 4551 5963 5964
f 4551 5964 4549
f 4549 5964 5965
f 4535 4536 4664
f 4664 4536 4724
f 4664 4724 5715
f 5715 4724 4725
f 5715 4725 5717
f 5717 4725 4719
f 5717 4719 5719
f 5719 4719 4720
f 5719 4720 5721
f 5721 4720 4721
f 5721 4721 5723
f 5723 4721 4716
f 5723 4716 5725
f 5725 4716 4717
f 5725 4717 5727
f 5727 4717 4718
f 5727 4718 5729
f 5729 4718 4722
f 5729 4722 5731
f 5731 4722 4723
f 5731 4723 5733
f 5733 4723 4711
f 5733 4711 5735
f 5735 4711 4712
f 5735 4712 5737
f 5737 4712 4713
f 5737 4713 5739
f 5739 4713 4714
f 5739 4714 5741
f 5741 4714 4715
f 5741 4715 5743
f 5743 4715 4709
f 5743 4709 5745
f 5745 4709 4710
f 5745 4710 5747
f 5747 4710 4704
f 5747 4704 5749
f 5749 4704 4705
f 5749 4705 5751
f 5751 4705 4706
f 5751 4706 5753
f 5753 4706 4701
f 5753 4701 5755
f 5755 4701 4702
f 5755 4702 5757
f 5757 4702 4703
f 5757 4703 5759
f 5759 4703 4707
f 5759 4707 5761
f 5761 4707 4708
f 5761 4708 5763
f 5763 4708 4698
f 5763 4698 5765
f 5765 4698 4699
f 5765 4699 5767
f 5767 4699 4700
f 5767 4700 5769
f 5769 4700 4693
f 5769 4693 5771
f 5771 4693 4694
f 5771 4694 5773
f 5773 4694 4695
f 5773 4695 5775
f 5775 4695 4696
f 5775 4696 5777
f 5777 4696 4697
f 5777 4697 5779
f 5779 4697 4686
f 5779 4686 5781
f 5781 4686 4687
f 5781 4687 5783
f 5783 4687 4688
f 5783 4688 5785
f 5785 4688 4689
f 5785 4689 5787
f 5787 4689 4690
f 5787 4690 5789
f 5789 4690 4683
f 5789 4683 5791
f 5791 4683 4684
f 5791 4684 5793
f 5793 4684 4685
f 5793 4685 5795
f 5795 4685 4691
f 5795 4691 5797
f 5797 4691 4692
f 5797 4692 5799
f 5799 4692 4681
f 5799 4681 5801
f 5801 4681 4682
f 5801 4682 5803
f 5803 4682 4678
f 5803 4678 5805
f 5805 4678 4679
f 5805 4679 5807
f 5807 4679 4680
f 5807 4680 5809
f 5809 4680 4672
f 5809 4672 5811
f 5811 4672 4673
f 5811 4673 5813
f 5813 4673 4674
f 5813 4674 5815
f 5815 4674 4675
f 5815 4675 5817
f 5817 4675 4676
f 5817 4676 5819
f 5819 4676 4669
f 5819 4669 5821
f 5821 4669 4670
f 5821 4670 5823
f 5823 4670 4671
f 5823 4671 5825
f 5825 4671 4677
f 5825 4677 5827
f 5827 4677 4665
f 5827 4665 5829
f 5829 4665 4666
f 5829 4666 5831
f 5831 4666 4667
f 5831 4667 5833
f 5833 4667 4668
f 5833 4668 5835
f 5835 4668 5710
f 5835 5710 5837
f 5837 5710 5711
f 5837 5711 5839
f 5839 5711 5712
f 5839 5712 5841
f 5841 5712 5713
f 5841 5713 5843
f 5843 5713 5707
f 5843 5707 5845
f 5845 5707 5708
f 5845 5708 5847
f 5847 5708 5709
f 5847 5709 5849
f 5849 5709 5702
f 5849 5702 5851
f 5851 5702 5703
f 5851 5703 5853
f 5853 5703 5704
f 5853 5704 5855
f 5855 5704 5705
f 5855 5705 5857
f 5857 5705 5706
f 5857 5706 5859
f 5859 5706 5697
f 5859 5697 5861
f 5861 5697 5698
f 5861 5698 5863
f 5863 5698 5699
f 5863 5699 5865
f 5865 5699 5700
f 5865 5700 5867
f 5867 5700 5701
f 5867 5701 5869
f 5869 5701 5695
f 5869 5695 5871
f 5871 5695 5696
f 5871 5696 5873
f 5873 5696 5690
f 5873 5690 5875
f 5875 5690 5691
f 5875 5691 5877
f 5877 5691 5692
f 5877 5692 5879
f 5879 5692 5693
f 5879 5693 5881
f 5881 5693 5694
f 5881 5694 5883
f 5883 5694 5687
f 5883 5687 5885
f 5885 5687 5688
f 5885 5688 5887
f 5887 5688 5689
f 5887 5689 5889
f 5889 5689 5682
f 5889 5682 5891
f 5891 5682 5683
f 5891 5683 5893
f 5893 5683 5684
f 5893 5684 5895
f 5895 5684 5685
f 5895 5685 5897
f 5897 5685 5686
f 5897 5686 5899
f 5899 5686 5680
f 5899 5680 5901
f 5901 5680 5681
f 5901 5681 5903
f 5903 5681 5677
f 5903 5677 5905
f 5905 5677 5678
f 5905 5678 5907
f 5907 5678 5679
f 5907 5679 5909
f 5909 5679 5672
f 5909 5672 5911
f 5911 5672 5673
f 5911 5673 5913
f 5913 5673 5674
f 5913 5674 5915
f 5915 5674 5675
f 5915 5675 5917
f 5917 5675 5676
f 5917 5676 5919
f 5919 5676 5670
f 5919 5670 5921
f 5921 5670 5671
f 5921 5671 5923
f 5923 5671 5667
f 5923 5667 5925
f 5925 5667 5668
f 5925 5668 5927
f 5927 5668 5669
f 5927 5669 5929
f 5929 5669 5662
f 5929 5662 5931
f 5931 5662 5663
f 5931 5663 5933
f 5933 5663 5664
f 5933 5664 5935
f 5935 5664 5665
f 5935 5665 5937
f 5937 5665 5666
f 5937 5666 5939
f 5939 5666 5659
f 5939 5659 5941
f 5941 5659 5660
f 5941 5660 5943
f 5943 5660 5661
f 5943 5661 5945
f 5945 5661 5654
f 5945 5654 5947
f 5947 5654 5655
f 5947 5655 5949
f 5949 5655 5656
f 5949 5656 5951
f 5951 5656 5657
f 5951 5657 5953
f 5953 5657 5658
f 5953 5658 5955
f 5955 5658 5649
f 5955 5649 5957
f 5957 5649 5650
f 5957 5650 5959
f 5959 5650 5651
f 5959 5651 5961
f 5961 5651 5652
f 5961 5652 5963
f 5963 5652 5653
f 5963 5653 5964
f 5964 5653 5647
f 5964 5647 5965
f 5965 5647 5646
f 4530 4529 4661
f 4661 4529 4663
f 4661 4663 5966
f 5966 4663 5967
f 5966 5967 5968
f 5968 5967 5969
f 5968 5969 5970
f 5970 5969 5971
f 5970 5971 5972
f 5972 5971 5973
f 5972 5973 5974
f 5974 5973 5975
f 5974 5975 5976
f 5976 5975 5977
f 5976 5977 5978
f 5978 5977 5979
f 5978 5979 5980
f 5980 5979 5981
f 5980 5981 5982
f 5982 5981 5983
f 5982 5983 5984
f 5984 5983 5985
f 5984 5985 5986
f 5986 5985 5987
f 5986 5987 5988
f 5988 5987 5989
f 5988 5989 5990
f 5990 5989 5991
f 5990 5991 5992
f 5992 5991 5993
f 5992 5993 5994
f 5994 5993 5995
f 5994 5995 5996
f 5996 5995 5997
f 5996 5997 5998
f 5998 5997 5999
f 5998 5999 6000
f 6000 5999 6001
f 6000 6001 6002
f 6002 6001 6003
f 6002 6003 6004
f 6004 6003 6005
f 6004 6005 6006
f 6006 6005 6007
f 6006 6007 6008
f 6008 6007 6009
f 6008 6009 6010
f 6010 6009 6011
f 6010 6011 6012
f 6012 6011 6013
f 6012 6013 6014
f 6014 6013 6015
f 6014 6015 6016
f 6016 6015 6017
f 6016 6017 6018
f 6018 6017 6019
f 6018 6019 6020
f 6020 6019 6021
f 6020 6021 6022
f 6022 6021 6023
f 6022 6023 6024
f 6024 6023 6025
f 6024 6025 6026
f 6026 6025 6027
f 6026 6027 6028
f 6028 6027 6029
f 6028 6029 6030
f 6030 6029 6031
f 6030 6031 6032
f 6032 6031 6033
f 6032 6033 6034
f 6034 6033 6035
f 6034 6035 6036
f 6036 6035 6037
f 6036 6037 6038
f 6038 6037 6039
f 6038 6039 6040
f 6040 6039 6041
f 6040 6041 6042
f 6042 6041 6043
f 6042 6043 6044
f 6044 6043 6045
f 6044 6045 6046
f 6046 6045 6047
f 6046 6047 6048
f 6048 6047 6049
f 6048 6049 6050
f 6050 6049 6051
f 6050 6051 6052
f 6052 6051 6053
f 6052 6053 6054
f 6054 6053 6055
f 6054 6055 6056
f 6056 6055 6057
f 6056 6057 6058
f 6058 6057 6059
f 6058 6059 6060
f 6060 6059 6061
f 6060 6061 6062
f 6062 6061 6063
f 6062 6063 6064
f 6064 6063 6065
f 6064 6065 6066
f 6066 6065 6067
f 6066 6067 6068
f 6068 6067 6069
f 6068 6069 6070
f 6070 6069 6071
f 6070 6071 6072
f 6072 6071 6073
f 6072 6073 6074
f 6074 6073 6075
f 6074 6075 6076
f 6076 6075 6077
f 6076 6077 6078
f 6078 6077 6079
f 6078 6079 6080
f 6080 6079 6081
f 6080 6081 6082
f 6082 6081 6083
f 6082 6083 6084
f 6084 6083 6085
f 6084 6085 6086
f 6086 6085 6087
f 6086 6087 6088
f 6088 6087 6089
f 6088 6089 6090
f 6090 6089 6091
f 6090 6091 6092
f 6092 6091 6093
f 6092 6093 6094
f 6094 6093 6095
f 6094 6095 6096
f 6096 6095 6097
f 6096 6097 6098
f 6098 6097 6099
f 6098 6099 6100
f 6100 6099 6101
f 6100 6101 6102
f 6102 6101 6103
f 6102 6103 6104
f 6104 6103 6105
f 6104 6105 6106
f 6106 6105 6107
f 6106 6107 6108
f 6108 6107 6109
f 6108 6109 6110
f 6110 6109 6111
f 6110 6111 6112
f 6112 6111 6113
f 6112 6113 6114
f 6114 6113 6115
f 6114 6115 6116
f 6116 6115 6117
f 6116 6117 6118
f 6118 6117 6119
f 6118 6119 6120
f 6120 6119 6121
f 6120 6121 6122
f 6122 6121 6123
f 6122 6123 6124
f 6124 6123 6125
f 6124 6125 6126
f 6126 6125 6127
f 6126 6127 6128
f 6128 6127 6129
f 6128 6129 6130
f 6130 6129 6131
f 6130 6131 6132
f 6132 6131 6133
f 6132 6133 6134
f 6134 6133 6135
f 6134 6135 6136
f 6136 6135 6137
f 6136 6137 6138
f 6138 6137 6139
f 6138 6139 6140
f 6140 6139 6141
f 6140 6141 6142
f 6142 6141 6143
f 6142 6143 6144
f 6144 6143 6145
f 6144 6145 6146
f 6146 6145 6147
f 6146 6147 6148
f 6148 6147 6149
f 6148 6149 6150
f 6150 6149 6151
f 6150 6151 6152
f 6152 6151 6153
f 6152 6153 6154
f 6154 6153 6155
f 6154 6155 6156
f 6156 6155 6157
f 6156 6157 6158
f 6158 6157 6159
f 6158 6159 6160
f 6160 6159 6161
f 6160 6161 6162
f 6162 6161 6163
f 6162 6163 6164
f 6164 6163 6165
f 6164 6165 6166
f 6166 6165 6167
f 6166 6167 6168
f 6168 6167 6169
f 6168 6169 6170
f 6170 6169 6171
f 6170 6171 6172
f 6172 6171 6173
f 6172 6173 6174
f 6174 6173 6175
f 6174 6175 6176
f 6176 6175 6177
f 6176 6177 6178
f 6178 6177 6179
f 6178 6179 6180
f 6180 6179 6181
f 6180 6181 6182
f 6182 6181 6183
f 6182 6183 6184
f 6184 6183 6185
f 6184 6185 6186
f 6186 6185 6187
f 6186 6187 6188
f 6188 6187 6189
f 6188 6189 6190
f 6190 6189 6191
f 6190 6191 6192
f 6192 6191 6193
f 6192 6193 6194
f 6194 6193 6195
f 6194 6195 6196
f 6196 6195 6197
f 6196 6197 6198
f 6198 6197 6199
f 6198 6199 6200
f 6200 6199 6201
f 6200 6201 6202
f 6202 6201 6203
f 6202 6203 6204
f 6204 6203 6205
f 6204 6205 6206
f 6206 6205 6207
f 6206 6207 6208
f 6208 6207 6209
f 6208 6209 6210
f 6210 6209 6211
f 6210 6211 6212
f 6212 6211 6213
f 6212 6213 6214
f 6214 6213 6215
f 6214 6215 6216
f 6216 6215 4548
f 6216 4548 6217
f 6217 4548 4547
f 4525 4524 6218
f 6218 4524 4662
f 6218 4662 6219
f 6219 4662 6220
f 6219 6220 6221
f 6221 6220 6222
f 6221 6222 6223
f 6223 6222 6224
f 6223 6224 6225
f 6225 6224 6226
f 6225 6226 6227
f 6227 6226 6228
f 6227 6228 6229
f 6229 6228 6230
f 6229 6230 6231
f 6231 6230 6232
f 6231 6232 6233
f 6233 6232 6234
f 6233 6234 6235
f 6235 6234 6236
f 6235 6236 6237
f 6237 6236 6238
f 6237 6238 6239
f 6239 6238 6240
f 6239 6240 6241
f 6241 6240 6242
f 6241 6242 6243
f 6243 6242 6244
f 6243 6244 6245
f 6245 6244 6246
f 6245 6246 6247
f 6247 6246 6248
f 6247 6248 6249
f 6249 6248 6250
f 6249 6250 6251
f 6251 6250 6252
f 6251 6252 6253
f 6253 6252 6254
f 6253 6254 6255
f 6255 6254 6256
f 6255 6256 6257
f 6257 6256 6258
f 6257 6258 6259
f 6259 6258 6260
f 6259 6260 6261
f 6261 6260 6262
f 6261 6262 6263
f 6263 6262 6264
f 6263 6264 6265
f 6265 6264 6266
f 6265 6266 6267
f 6267 6266 6268
f 6267 6268 6269
f 6269 6268 6270
f 6269 6270 6271
f 6271 6270 6272
f 6271 6272 6273
f 6273 6272 6274
f 6273 6274 6275
f 6275 6274 6276
f 6275 6276 6277
f 6277 6276 6278
f 6277 6278 6279
f 6279 6278 6280
f 6279 6280 6281
f 6281 6280 6282
f 6281 6282 6283
f 6283 6282 6284
f 6283 6284 6285
f 6285 6284 6286
f 6285 6286 6287
f 6287 6286 6288
f 6287 6288 6289
f 6289 6288 6290
f 6289 6290 6291
f 6291 6290 6292
f 6291 6292 6293
f 6293 6292 6294
f 6293 6294 6295
f 6295 6294 6296
f 6295 6296 6297
f 6297 6296 6298
f 6297 6298 6299
f 6299 6298 6300
f 6299 6300 6301
f 6301 6300 6302
f 6301 6302 6303
f 6303 6302 6304
f 6303 6304 6305
f 6305 6304 6306
f 6305 6306 6307
f 6307 6306 6308
f 6307 6308 6309
f 6309 6308 6310
f 6309 6310 6311
f 6311 6310 6312
f 6311 6312 6313
f 6313 6312 6314
f 6313 6314 6315
f 6315 6314 6316
f 6315 6316 6317
f 6317 6316 6318
f 6317 6318 6319
f 6319 6318 6320
f 6319 6320 6321
f 6321 6320 6322
f 6321 6322 6323
f 6323 6322 6324
f 6323 6324 6325
f 6325 6324 6326
f 6325 6326 6327
f 6327 6326 6328
f 6327 6328 6329
f 6329 6328 6330
f 6329 6330 6331
f 6331 6330 6332
f 6331 6332 6333
f 6333 6332 6334
f 6333 6334 6335
f 6335 6334 6336
f 6335 6336 6337
f 6337 6336 6338
f 6337 6338 6339
f 6339 6338 6340
f 6339 6340 6341
f 6341 6340 6342
f 6341 6342 6343
f 6343 6342 6344
f 6343 6344 6345
f 6345 6344 6346
f 6345 6346 6347
f 6347 6346 6348
f 6347 6348 6349
f 6349 6348 6350
f 6349 6350 6351
f 6351 6350 6352
f 6351 6352 6353
f 6353 6352 6354
f 6353 6354 6355
f 6355 6354 6356
f 6355 6356 6357
f 6357 6356 6358
f 6357 6358 6359
f 6359 6358 6360
f 6359 6360 6361
f 6361 6360 6362
f 6361 6362 6363
f 6363 6362 6364
f 6363 6364 6365
f 6365 6364 6366
f 6365 6366 6367
f 6367 6366 6368
f 6367 6368 6369
f 6369 6368 6370
f 6369 6370 6371
f 6371 6370 6372
f 6371 6372 6373
f 6373 6372 6374
f 6373 6374 6375
f 6375 6374 6376
f 6375 6376 6377
f 6377 6376 6378
f 6377 6378 6379
f 6379 6378 6380
f 6379 6380 6381
f 6381 6380 6382
f 6381 6382 6383
f 6383 6382 6384
f 6383 6384 6385
f 6385 6384 6386
f 6385 6386 6387
f 6387 6386 6388
f 6387 6388 6389
f 6389 6388 6390
f 6389 6390 6391
f 6391 6390 6392
f 6391 6392 6393
f 6393 6392 6394
f 6393 6394 6395
f 6395 6394 6396
f 6395 6396 6397
f 6397 6396 6398
f 6397 6398 6399
f 6399 6398 6400
f 6399 6400 6401
f 6401 6400 6402
f 6401 6402 6403
f 6403 6402 6404
f 6403 6404 6405
f 6405 6404 6406
f 6405 6406 6407
f 6407 6406 6408
f 6407 6408 6409
f 6409 6408 6410
f 6409 6410 6411
f 6411 6410 6412
f 6411 6412 6413
f 6413 6412 6414
f 6413 6414 6415
f 6415 6414 6416
f 6415 6416 6417
f 6417 6416 6418
f 6417 6418 6419
f 6419 6418 6420
f 6419 6420 6421
f 6421 6420 6422
f 6421 6422 6423
f 6423 6422 6424
f 6423 6424 6425
f 6425 6424 6426
f 6425 6426 6427
f 6427 6426 6428
f 6427 6428 6429
f 6429 6428 6430
f 6429 6430 6431
f 6431 6430 6432
f 6431 6432 6433
f 6433 6432 6434
f 6433 6434 6435
f 6435 6434 6436
f 6435 6436 6437
f 6437 6436 6438
f 6437 6438 6439
f 6439 6438 6440
f 6439 6440 6441
f 6441 6440 6442
f 6441 6442 6443
f 6443 6442 6444
f 6443 6444 6445
f 6445 6444 6446
f 6445 6446 6447
f 6447 6446 6448
f 6447 6448 6449
f 6449 6448 6450
f 6449 6450 6451
f 6451 6450 6452
f 6451 6452 6453
f 6453 6452 6454
f 6453 6454 6455
f 6455 6454 6456
f 6455 6456 6457
f 6457 6456 6458
f 6457 6458 6459
f 6459 6458 6460
f 6459 6460 6461
f 6461 6460 6462
f 6461 6462 6463
f 6463 6462 6464
f 6463 6464 6465
f 6465 6464 6466
f 6465 6466 6467
f 6467 6466 6468
f 6467 6468 4542
f 4542 6468 4545
f 4542 4545 4540
f 4540 4545 4544
f 4523 4522 4662
f 4662 4522 4661
f 4662 4661 6220
f 6220 4661 5966
f 6220 5966 6222
f 6222 5966 5968
f 6222 5968 6224
f 6224 5968 5970
f 6224 5970 6226
f 6226 5970 5972
f 6226 5972 6228
f 6228 5972 5974
f 6228 5974 6230
f 6230 5974 5976
f 6230 5976 6232
f 6232 5976 5978
f 6232 5978 6234
f 6234 5978 5980
f 6234 5980 6236
f 6236 5980 5982
f 6236 5982 6238
f 6238 5982 5984
f 6238 5984 6240
f 6240 5984 5986
f 6240 5986 6242
f 6242 5986 5988
f 6242 5988 6244
f 6244 5988 5990
f 6244 5990 6246
f 6246 5990 5992
f 6246 5992 6248
f 6248 5992 5994
f 6248 5994 6250
f 6250 5994 5996
f 6250 5996 6252
f 6252 5996 5998
f 6252 5998 6254
f 6254 5998 6000
f 6254 6000 6256
f 6256 6000 6002
f 6256 6002 6258
f 6258 6002 6004
f 6258 6004 6260
f 6260 6004 6006
f 6260 6006 6262
f 6262 6006 6008
f 6262 6008 6264
f 6264 6008 6010
f 6264 6010 6266
f 6266 6010 6012
f 6266 6012 6268
f 6268 6012 6014
f 6268 6014 6270
f 6270 6014 6016
f 6270 6016 6272
f 6272 6016 6018
f 6272 6018 6274
f 6274 6018 6020
f 6274 6020 6276
f 6276 6020 6022
f 6276 6022 6278
f 6278 6022 6024
f 6278 6024 6280
f 6280 6024 6026
f 6280 6026 6282
f 6282 6026 6028
f 6282 6028 6284
f 6284 6028 6030
f 6284 6030 6286
f 6286 6030 6032
f 6286 6032 6288
f 6288 6032 6034
f 6288 6034 6290
f 6290 6034 6036
f 6290 6036 6292
f 6292 6036 6038
f 6292 6038 6294
f 6294 6038 6040
f 6294 6040 6296
f 6296 6040 6042
f 6296 6042 6298
f 6298 6042 6044
f 6298 6044 6300
f 6300 6044 6046
f 6300 6046 6302
f 6302 6046 6048
f 6302 6048 6304
f 6304 6048 6050
f 6304 6050 6306
f 6306 6050 6052
f 6306 6052 6308
f 6308 6052 6054
f 6308 6054 6310
f 6310 6054 6056
f 6310 6056 6312
f 6312 6056 6058
f 6312 6058 6314
f 6314 6058 6060
f 6314 6060 6316
f 6316 6060 6062
f 6316 6062 6318
f 6318 6062 6064
f 6318 6064 6320
f 6320 6064 6066
f 6320 6066 6322
f 6322 6066 6068
f 6322 6068 6324
f 6324 6068 6070
f 6324 6070 6326
f 6326 6070 6072
f 6326 6072 6328
f 6328 6072 6074
f 6328 6074 6330
f 6330 6074 6076
f 6330 6076 6332
f 6332 6076 6078
f 6332 6078 6334
f 6334 6078 6080
f 6334 6080 6336
f 6336 6080 6082
f 6336 6082 6338
f 6338 6082 6084
f 6338 6084 6340
f 6340 6084 6086
f 6340 6086 6342
f 6342 6086 6088
f 6342 6088 6344
f 6344 6088 6090
f 6344 6090 6346
f 6346 6090 6092
f 6346 6092 6348
f 6348 6092 6094
f 6348 6094 6350
f 6350 6094 6096
f 6350 6096 6352
f 6352 6096 6098
f 6352 6098 6354
f 6354 6098 6100
f 6354 6100 6356
f 6356 6100 6102
f 6356 6102 6358
f 6358 6102 6104
f 6358 6104 6360
f 6360 6104 6106
f 6360 6106 6362
f 6362 6106 6108
f 6362 6108 6364
f 6364 6108 6110
f 6364 6110 6366
f 6366 6110 6112
f 6366 6112 6368
f 6368 6112 6114
f 6368 6114 6370
f 6370 6114 6116
f 6370 6116 6372
f 6372 6116 6118
f 6372 6118 6374
f 6374 6118 6120
f 6374 6120 6376
f 6376 6120 6122
f 6376 6122 6378
f 6378 6122 6124
f 6378 6124 6380
f 6380 6124 6126
f 6380 6126 6382
f 6382 6126 6128
f 6382 6128 6384
f 6384 6128 6130
f 6384 6130 6386
f 6386 6130 6132
f 6386 6132 6388
f 6388 6132 6134
f 6388 6134 6390
f 6390 6134 6136
f 6390 6136 6392
f 6392 6136 6138
f 6392 6138 6394
f 6394 6138 6140
f 6394 6140 6396
f 6396 6140 6142
f 6396 6142 6398
f 6398 6142 6144
f 6398 6144 6400
f 6400 6144 6146
f 6400 6146 6402
f 6402 6146 6148
f 6402 6148 6404
f 6404 6148 6150
f 6404 6150 6406
f 6406 6150 6152
f 6406 6152 6408
f 6408 6152 6154
f 6408 6154 6410
f 6410 6154 6156
f 6410 6156 6412
f 6412 6156 6158
f 6412 6158 6414
f 6414 6158 6160
f 6414 6160 6416
f 6416 6160 6162
f 6416 6162 6418
f 6418 6162 6164
f 6418 6164 6420
f 6420 6164 6166
f 6420 6166 6422
f 6422 6166 6168
f 6422 6168 6424
f 6424 6168 6170
f 6424 6170 6426
f 6426 6170 6172
f 6426 6172 6428
f 6428 6172 6174
f 6428 6174 6430
f 6430 6174 6176
f 6430 6176 6432
f 6432 6176 6178
f 6432 6178 6434
f 6434 6178 6180
f 6434 6180 6436
f 6436 6180 6182
f 6436 6182 6438
f 6438 6182 6184
f 6438 6184 6440
f 6440 6184 6186
f 6440 6186 6442
f 6442 6186 6188
f 6442 6188 6444
f 6444 6188 6190
f 6444 6190 6446
f 6446 6190 6192
f 6446 6192 6448
f 6448 6192 6194
f 6448 6194 6450
f 6450 6194 6196
f 6450 6196 6452
f 6452 6196 6198
f 6452 6198 6454
f 6454 6198 6200
f 6454 6200 6456
f 6456 6200 6202
f 6456 6202 6458
f 6458 6202 6204
f 6458 6204 6460
f 6460 6204 6206
f 6460 6206 6462
f 6462 6206 6208
f 6462 6208 6464
f 6464 6208 6210
f 6464 6210 6466
f 6466 6210 6212
f 6466 6212 6468
f 6468 6212 6214
f 6468 6214 4545
f 4545 6214 6216
f 4545 6216 4543
f 4543 6216 6217
f 4528 4527 4663
f 4663 4527 4660
f 4663 4660 5967
f 5967 4660 5714
f 5967 5714 5969
f 5969 5714 5716
f 5969 5716 5971
f 5971 5716 5718
f 5971 5718 5973
f 5973 5718 5720
f 5973 5720 5975
f 5975 5720 5722
f 5975 5722 5977
f 5977 5722 5724
f 5977 5724 5979
f 5979 5724 5726
f 5979 5726 5981
f 5981 5726 5728
f 5981 5728 5983
f 5983 5728 5730
f 5983 5730 5985
f 5985 5730 5732
f 5985 5732 5987
f 5987 5732 5734
f 5987 5734 5989
f 5989 5734 5736
f 5989 5736 5991
f 5991 5736 5738
f 5991 5738 5993
f 5993 5738 5740
f 5993 5740 5995
f 5995 5740 5742
f 5995 5742 5997
f 5997 5742 5744
f 5997 5744 5999
f 5999 5744 5746
f 5999 5746 6001
f 6001 5746 5748
f 6001 5748 6003
f 6003 5748 5750
f 6003 5750 6005
f 6005 5750 5752
f 6005 5752 6007
f 6007 5752 5754
f 6007 5754 6009
f 6009 5754 5756
f 6009 5756 6011
f 6011 5756 5758
f 6011 5758 6013
f 6013 5758 5760
f 6013 5760 6015
f 6015 5760 5762
f 6015 5762 6017
f 6017 5762 5764
f 6017 5764 6019
f 6019 5764 5766
f 6019 5766 6021
f 6021 5766 5768
f 6021 5768 6023
f 6023 5768 5770
f 6023 5770 6025
f 6025 5770 5772
f 6025 5772 6027
f 6027 5772 5774
f 6027 5774 6029
f 6029 5774 5776
f 6029 5776 6031
f 6031 5776 5778
f 6031 5778 6033
f 6033 5778 5780
f 6033 5780 6035
f 6035 5780 5782
f 6035 5782 6037
f 6037 5782 5784
f 6037 5784 6039
f 6039 5784 5786
f 6039 5786 6041
f 6041 5786 5788
f 6041 5788 6043
f 6043 5788 5790
f 6043 5790 6045
f 6045 5790 5792
f 6045 5792 6047
f 6047 5792 5794
f 6047 5794 6049
f 6049 5794 5796
f 6049 5796 6051
f 6051 5796 5798
f 6051 5798 6053
f 6053 5798 5800
f 6053 5800 6055
f 6055 5800 5802
f 6055 5802 6057
f 6057 5802 5804
f 6057 5804 6059
f 6059 5804 5806
f 6059 5806 6061
f 6061 5806 5808
f 6061 5808 6063
f 6063 5808 5810
f 6063 5810 6065
f 6065 5810 5812
f 6065 5812 6067
f 6067 5812 5814
f 6067 5814 6069
f 6069 5814 5816
f 6069 5816 6071
f 6071 5816 5818
f 6071 5818 6073
f 6073 5818 5820
f 6073 5820 6075
f 6075 5820 5822
f 6075 5822 6077
f 6077 5822 5824
f 6077 5824 6079
f 6079 5824 5826
f 6079 5826 6081
f 6081 5826 5828
f 6081 5828 6083
f 6083 5828 5830
f 6083 5830 6085
f 6085 5830 5832
f 6085 5832 6087
f 6087 5832 5834
f 6087 5834 6089
f 6089 5834 5836
f 6089 5836 6091
f 6091 5836 5838
f 6091 5838 6093
f 6093 5838 5840
f 6093 5840 6095
f 6095 5840 5842
f 6095 5842 6097
f 6097 5842 5844
f 6097 5844 6099
f 6099 5844 5846
f 6099 5846 6101
f 6101 5846 5848
f 6101 5848 6103
f 6103 5848 5850
f 6103 5850 6105
f 6105 5850 5852
f 6105 5852 6107
f 6107 5852 5854
f 6107 5854 6109
f 6109 5854 5856
f 6109 5856 6111
f 6111 5856 5858
f 6111 5858 6113
f 6113 5858 5860
f 6113 5860 6115
f 6115 5860 5862
f 6115 5862 6117
f 6117 5862 5864
f 6117 5864 6119
f 6119 5864 5866
f 6119 5866 6121
f 6121 5866 5868
f 6121 5868 6123
f 6123 5868 5870
f 6123 5870 6125
f 6125 5870 5872
f 6125 5872 6127
f 6127 5872 5874
f 6127 5874 6129
f 6129 5874 5876
f 6129 5876 6131
f 6131 5876 5878
f 6131 5878 6133
f 6133 5878 5880
f 6133 5880 6135
f 6135 5880 5882
f 6135 5882 6137
f 6137 5882 5884
f 6137 5884 6139
f 6139 5884 5886
f 6139 5886 6141
f 6141 5886 5888
f 6141 5888 6143
f 6143 5888 5890
f 6143 5890 6145
f 6145 5890 5892
f 6145 5892 6147
f 6147 5892 5894
f 6147 5894 6149
f 6149 5894 5896
f 6149 5896 6151
f 6151 5896 5898
f 6151 5898 6153
f 6153 5898 5900
f 6153 5900 6155
f 6155 5900 5902
f 6155 5902 6157
f 6157 5902 5904
f 6157 5904 6159
f 6159 5904 5906
f 6159 5906 6161
f 6161 5906 5908
f 6161 5908 6163
f 6163 5908 5910
f 6163 5910 6165
f 6165 5910 5912
f 6165 5912 6167
f 6167 5912 5914
f 6167 5914 6169
f 6169 5914 5916
f 6169 5916 6171
f 6171 5916 5918
f 6171 5918 6173
f 6173 5918 5920
f 6173 5920 6175
f 6175 5920 5922
f 6175 5922 6177
f 6177 5922 5924
f 6177 5924 6179
f 6179 5924 5926
f 6179 5926 6181
f 6181 5926 5928
f 6181 5928 6183
f 6183 5928 5930
f 6183 5930 6185
f 6185 5930 5932
f 6185 5932 6187
f 6187 5932 5934
f 6187 5934 6189
f 6189 5934 5936
f 6189 5936 6191
f 6191 5936 5938
f 6191 5938 6193
f 6193 5938 5940
f 6193 5940 6195
f 6195 5940 5942
f 6195 5942 6197
f 6197 5942 5944
f 6197 5944 6199
f 6199 5944 5946
f 6199 5946 6201
f 6201 5946 5948
f 6201 5948 6203
f 6203 5948 5950
f 6203 5950 6205
f 6205 5950 5952
f 6205 5952 6207
f 6207 5952 5954
f 6207 5954 6209
f 6209 5954 5956
f 6209 5956 6211
f 6211 5956 5958
f 6211 5958 6213
f 6213 5958 5960
f 6213 5960 6215
f 6215 5960 5962
f 6215 5962 4548
f 4548 5962 4551
f 4548 4551 4546
f 4546 4551 4550
f 1330 4508 1331
f 1331 4508 4539
f 1331 4539 1296
f 1296 4539 1297
f 4658 5263 4659
f 4659 5263 5291
f 4659 5291 4804
f 4804 5291 5289
f 4804 5289 4806
f 4806 5289 5287
f 4806 5287 4808
f 4808 5287 5523
f 4808 5523 4810
f 4810 5523 5522
f 4810 5522 4812
f 4812 5522 5630
f 4812 5630 4814
f 4814 5630 1353
f 4814 1353 1352
f 4526 4525 4635
f 4635 4525 6218
f 4635 6218 5018
f 5018 6218 6219
f 5018 6219 5016
f 5016 6219 6221
f 5016 6221 5014
f 5014 6221 6223
f 5014 6223 5012
f 5012 6223 6225
f 5012 6225 5010
f 5010 6225 6227
f 5010 6227 5008
f 5008 6227 6229
f 5008 6229 5006
f 5006 6229 6231
f 5006 6231 5004
f 5004 6231 6233
f 5004 6233 5002
f 5002 6233 6235
f 5002 6235 5000
f 5000 6235 6237
f 5000 6237 4998
f 4998 6237 6239
f 4998 6239 4996
f 4996 6239 6241
f 4996 6241 4994
f 4994 6241 6243
f 4994 6243 4992
f 4992 6243 6245
f 4992 6245 4990
f 4990 6245 6247
f 4990 6247 4988
f 4988 6247 6249
f 4988 6249 4986
f 4986 6249 6251
f 4986 6251 4984
f 4984 6251 6253
f 4984 6253 4982
f 4982 6253 6255
f 4982 6255 4980
f 4980 6255 6257
f 4980 6257 4978
f 4978 6257 6259
f 4978 6259 4976
f 4976 6259 6261
f 4976 6261 4974
f 4974 6261 6263
f 4974 6263 4972
f 4972 6263 6265
f 4972 6265 4970
f 4970 6265 6267
f 4970 6267 4968
f 4968 6267 6269
f 4968 6269 4966
f 4966 6269 6271
f 4966 6271 4964
f 4964 6271 6273
f 4964 6273 4962
f 4962 6273 6275
f 4962 6275 4960
f 4960 6275 6277
f 4960 6277 4759
f 4759 6277 6279
f 4759 6279 4760
f 4760 6279 6281
f 4760 6281 4930
f 4930 6281 6283
f 4930 6283 4893
f 4893 6283 6285
f 4893 6285 4880
f 4880 6285 6287
f 4880 6287 4771
f 4771 6287 6289
f 4771 6289 4766
f 4766 6289 6291
f 4766 6291 4762
f 4762 6291 6293
f 4762 6293 4758
f 4758 6293 6295
f 4758 6295 4757
f 4757 6295 6297
f 4757 6297 4753
f 4753 6297 6299
f 4753 6299 4645
f 4645 6299 6301
f 4645 6301 4646
f 4646 6301 6303
f 4646 6303 4755
f 4755 6303 6305
f 4755 6305 4751
f 4751 6305 6307
f 4751 6307 4648
f 4648 6307 6309
f 4648 6309 4649
f 4649 6309 6311
f 4649 6311 4734
f 4734 6311 6313
f 4734 6313 4833
f 4833 6313 6315
f 4833 6315 4796
f 4796 6315 6317
f 4796 6317 4789
f 4789 6317 6319
f 4789 6319 4745
f 4745 6319 6321
f 4745 6321 4740
f 4740 6321 6323
f 4740 6323 4736
f 4736 6323 6325
f 4736 6325 4733
f 4733 6325 6327
f 4733 6327 4732
f 4732 6327 6329
f 4732 6329 4728
f 4728 6329 6331
f 4728 6331 4654
f 4654 6331 6333
f 4654 6333 4655
f 4655 6333 6335
f 4655 6335 4730
f 4730 6335 6337
f 4730 6337 4726
f 4726 6337 6339
f 4726 6339 4657
f 4657 6339 6341
f 4657 6341 4658
f 4658 6341 6343
f 4658 6343 5262
f 5262 6343 6345
f 5262 6345 5492
f 5492 6345 6347
f 5492 6347 5280
f 5280 6347 6349
f 5280 6349 5275
f 5275 6349 6351
f 5275 6351 5258
f 5258 6351 6353
f 5258 6353 5257
f 5257 6353 6355
f 5257 6355 5256
f 5256 6355 6357
f 5256 6357 5255
f 5255 6357 6359
f 5255 6359 4562
f 4562 6359 6361
f 4562 6361 4563
f 4563 6361 6363
f 4563 6363 4565
f 4565 6363 6365
f 4565 6365 4566
f 4566 6365 6367
f 4566 6367 5253
f 5253 6367 6369
f 5253 6369 5250
f 5250 6369 6371
f 5250 6371 4568
f 4568 6371 6373
f 4568 6373 4569
f 4569 6373 6375
f 4569 6375 5248
f 5248 6375 6377
f 5248 6377 5475
f 5475 6377 6379
f 5475 6379 5269
f 5269 6379 6381
f 5269 6381 5264
f 5264 6381 6383
f 5264 6383 5244
f 5244 6383 6385
f 5244 6385 5243
f 5243 6385 6387
f 5243 6387 5242
f 5242 6387 6389
f 5242 6389 5241
f 5241 6389 6391
f 5241 6391 4574
f 4574 6391 6393
f 4574 6393 4575
f 4575 6393 6395
f 4575 6395 4577
f 4577 6395 6397
f 4577 6397 4578
f 4578 6397 6399
f 4578 6399 4580
f 4580 6399 6401
f 4580 6401 4581
f 4581 6401 6403
f 4581 6403 5237
f 5237 6403 6405
f 5237 6405 5211
f 5211 6405 6407
f 5211 6407 5212
f 5212 6407 6409
f 5212 6409 5333
f 5333 6409 6411
f 5333 6411 5231
f 5231 6411 6413
f 5231 6413 5226
f 5226 6413 6415
f 5226 6415 5207
f 5207 6415 6417
f 5207 6417 5206
f 5206 6417 6419
f 5206 6419 5205
f 5205 6419 6421
f 5205 6421 5204
f 5204 6421 6423
f 5204 6423 4586
f 4586 6423 6425
f 4586 6425 4587
f 4587 6425 6427
f 4587 6427 4589
f 4589 6427 6429
f 4589 6429 4590
f 4590 6429 6431
f 4590 6431 4592
f 4592 6431 6433
f 4592 6433 4593
f 4593 6433 6435
f 4593 6435 5200
f 5200 6435 6437
f 5200 6437 5198
f 5198 6437 6439
f 5198 6439 4595
f 4595 6439 6441
f 4595 6441 4596
f 4596 6441 6443
f 4596 6443 5332
f 5332 6443 6445
f 5332 6445 5191
f 5191 6445 6447
f 5191 6447 4598
f 4598 6447 6449
f 4598 6449 4599
f 4599 6449 6451
f 4599 6451 4601
f 4601 6451 6453
f 4601 6453 4602
f 4602 6453 6455
f 4602 6455 5193
f 5193 6455 6457
f 5193 6457 5187
f 5187 6457 6459
f 5187 6459 4604
f 4604 6459 6461
f 4604 6461 4605
f 4605 6461 6463
f 4605 6463 5189
f 5189 6463 6465
f 5189 6465 5225
f 5225 6465 6467
f 5225 6467 4607
f 4607 6467 4542
f 4607 4542 4608
f 4608 4542 4541
f 1286 5389 1223
f 1223 5389 6469
f 5303 6470 5389
f 5389 6470 6471
f 5389 6471 6469
f 5303 5302 6470
f 6470 5302 5300
f 6470 5300 6472
f 6472 5300 5299
f 6472 5299 6473
f 6473 5299 5297
f 6473 5297 6474
f 4543 6217 6475
f 5297 5295 6474
f 6474 5295 5294
f 6474 5294 6476
f 6476 5294 5215
f 6476 5215 6477
f 6477 5215 5214
f 6477 5214 6478
f 6478 5214 5196
f 6478 5196 6479
f 6479 5196 4609
f 6479 4609 6480
f 6480 4609 4608
f 6480 4608 6481
f 6481 4608 4541
f 6481 4541 6482
f 6482 4541 4540
f 6482 4540 6483
f 6483 4540 4544
f 6483 4544 6484
f 6484 4544 4543
f 6484 4543 6485
f 6485 4543 6475
f 5646 5648 6486
f 6486 5648 377
f 6486 377 379
f 6217 4547 6475
f 6475 4547 4546
f 6475 4546 6487
f 6487 4546 4550
f 6487 4550 6488
f 6488 4550 4549
f 6488 4549 6489
f 6489 4549 6486
f 6486 4549 5965
f 6486 5965 5646
f 3159 3158 6490
f 3154 3155 6491
f 3156 3153 6492
f 3149 3150 6493
f 3151 3148 6494
f 3141 3163 6495
f 1219 1223 6469
f 1219 6469 6496
f 6469 6471 6496
f 6496 6471 6470
f 6496 6470 6497
f 6470 6472 6497
f 6497 6472 6473
f 6497 6473 6498
f 6473 6474 6498
f 6498 6474 6476
f 6498 6476 6499
f 6476 6477 6499
f 6499 6477 6478
f 6499 6478 6500
f 6478 6479 6500
f 6500 6479 6480
f 6500 6480 6501
f 6480 6481 6501
f 6501 6481 6482
f 6501 6482 6502
f 6482 6483 6502
f 6502 6483 6484
f 6502 6484 6503
f 6484 6485 6503
f 6503 6485 6475
f 6503 6475 6504
f 1275 1232 6505
f 6505 1232 6506
f 6505 6506 6507
f 6507 6506 6508
f 6507 6508 6509
f 6509 6508 6510
f 6509 6510 6511
f 6511 6510 6512
f 6511 6512 6513
f 6513 6512 6514
f 6513 6514 6515
f 6515 6514 6516
f 6515 6516 6517
f 6517 6516 6518
f 6517 6518 6519
f 6519 6518 6520
f 6519 6520 6521
f 6521 6520 6522
f 6521 6522 6523
f 6523 6522 6494
f 1225 1220 6524
f 6524 1220 6525
f 6524 6525 6526
f 6526 6525 6527
f 6526 6527 6528
f 6528 6527 6529
f 6528 6529 6530
f 6530 6529 6531
f 6530 6531 6532
f 6532 6531 6533
f 6532 6533 6534
f 6534 6533 6535
f 6534 6535 6536
f 6536 6535 6537
f 6536 6537 6538
f 6538 6537 6539
f 6538 6539 6540
f 6540 6539 6541
f 6540 6541 6490
f 6490 6541 6542
f 1220 1219 6525
f 6525 1219 6496
f 6525 6496 6527
f 6527 6496 6497
f 6527 6497 6529
f 6529 6497 6498
f 6529 6498 6531
f 6531 6498 6499
f 6531 6499 6533
f 6533 6499 6500
f 6533 6500 6535
f 6535 6500 6501
f 6535 6501 6537
f 6537 6501 6502
f 6537 6502 6539
f 6539 6502 6503
f 6539 6503 6541
f 6541 6503 6504
f 6541 6504 6542
f 6542 6504 6543
f 3142 3141 6544
f 6544 3141 6495
f 6544 6495 6545
f 6545 6495 6546
f 6545 6546 6547
f 6547 6546 6548
f 6547 6548 6549
f 6549 6548 6550
f 6549 6550 6551
f 6551 6550 6552
f 6551 6552 6553
f 6553 6552 6554
f 6553 6554 6555
f 6555 6554 6556
f 6555 6556 6557
f 6557 6556 6558
f 6557 6558 6559
f 6559 6558 6560
f 6559 6560 6561
f 6561 6560 6562
f 6561 6562 1236
f 1236 6562 1238
f 1236 1275 6561
f 6561 1275 6505
f 6561 6505 6559
f 6559 6505 6507
f 6559 6507 6557
f 6557 6507 6509
f 6557 6509 6555
f 6555 6509 6511
f 6555 6511 6553
f 6553 6511 6513
f 6553 6513 6551
f 6551 6513 6515
f 6551 6515 6549
f 6549 6515 6517
f 6549 6517 6547
f 6547 6517 6519
f 6547 6519 6545
f 6545 6519 6521
f 6545 6521 6544
f 6544 6521 6523
f 6544 6523 3142
f 3142 6523 3143
f 6494 3148 6523
f 6523 3148 3147
f 6523 3147 3143
f 3150 3151 6493
f 6493 3151 6494
f 6493 6494 6563
f 6563 6494 6522
f 6563 6522 6564
f 6564 6522 6520
f 6564 6520 6565
f 6565 6520 6518
f 6565 6518 6566
f 6566 6518 6516
f 6566 6516 6567
f 6567 6516 6514
f 6567 6514 6568
f 6568 6514 6512
f 6568 6512 6569
f 6569 6512 6510
f 6569 6510 6570
f 6570 6510 6508
f 6570 6508 6571
f 6571 6508 6506
f 6571 6506 1234
f 1234 6506 1232
f 3152 3149 6572
f 6572 3149 6493
f 6572 6493 6573
f 6573 6493 6563
f 6573 6563 6574
f 6574 6563 6564
f 6574 6564 6575
f 6575 6564 6565
f 6575 6565 6576
f 6576 6565 6566
f 6576 6566 6577
f 6577 6566 6567
f 6577 6567 6578
f 6578 6567 6568
f 6578 6568 6579
f 6579 6568 6569
f 6579 6569 6580
f 6580 6569 6570
f 6580 6570 6581
f 6581 6570 6571
f 6581 6571 1265
f 1265 6571 1234
f 1265 1263 6581
f 6581 1263 6582
f 6581 6582 6580
f 6580 6582 6583
f 6580 6583 6579
f 6579 6583 6584
f 6579 6584 6578
f 6578 6584 6585
f 6578 6585 6577
f 6577 6585 6586
f 6577 6586 6576
f 6576 6586 6587
f 6576 6587 6575
f 6575 6587 6588
f 6575 6588 6574
f 6574 6588 6589
f 6574 6589 6573
f 6573 6589 6590
f 6573 6590 6572
f 6572 6590 6492
f 6572 6492 3152
f 3152 6492 3153
f 1263 1229 6582
f 6582 1229 6591
f 6582 6591 6583
f 6583 6591 6592
f 6583 6592 6584
f 6584 6592 6593
f 6584 6593 6585
f 6585 6593 6594
f 6585 6594 6586
f 6586 6594 6595
f 6586 6595 6587
f 6587 6595 6596
f 6587 6596 6588
f 6588 6596 6597
f 6588 6597 6589
f 6589 6597 6598
f 6589 6598 6590
f 6590 6598 6599
f 6590 6599 6492
f 6492 6599 6491
f 6492 6491 3156
f 3156 6491 3155
f 3157 3154 6600
f 6600 3154 6491
f 6600 6491 6601
f 6601 6491 6599
f 6601 6599 6602
f 6602 6599 6598
f 6602 6598 6603
f 6603 6598 6597
f 6603 6597 6604
f 6604 6597 6596
f 6604 6596 6605
f 6605 6596 6595
f 6605 6595 6606
f 6606 6595 6594
f 6606 6594 6607
f 6607 6594 6593
f 6607 6593 6608
f 6608 6593 6592
f 6608 6592 6609
f 6609 6592 6591
f 6609 6591 1251
f 1251 6591 1229
f 1251 1225 6609
f 6609 1225 6524
f 6609 6524 6608
f 6608 6524 6526
f 6608 6526 6607
f 6607 6526 6528
f 6607 6528 6606
f 6606 6528 6530
f 6606 6530 6605
f 6605 6530 6532
f 6605 6532 6604
f 6604 6532 6534
f 6604 6534 6603
f 6603 6534 6536
f 6603 6536 6602
f 6602 6536 6538
f 6602 6538 6601
f 6601 6538 6540
f 6601 6540 6600
f 6600 6540 6490
f 6600 6490 3157
f 3157 6490 3158
f 6475 6487 6504
f 6504 6487 6488
f 6504 6488 6543
f 6543 6488 6489
f 6543 6489 6486
f 3159 6490 3160
f 3160 6490 6542
f 3160 6542 3162
f 3162 6542 6543
f 3162 6543 3161
f 3161 6543 6486
f 3161 6486 379
f 3213 3221 6610
f 3206 3217 6611
f 3204 3211 6612
f 3193 3201 6613
f 3187 3198 6614
f 3181 3185 6615
f 3173 3175 6616
f 2968 1238 6617
f 6617 1238 6562
f 6617 6562 6618
f 6618 6562 6560
f 6618 6560 6619
f 6619 6560 6558
f 6619 6558 6620
f 6620 6558 6556
f 6620 6556 6621
f 6621 6556 6554
f 6621 6554 6622
f 6622 6554 6552
f 6622 6552 6623
f 6623 6552 6550
f 6623 6550 6624
f 6624 6550 6548
f 6624 6548 6625
f 6625 6548 6546
f 6625 6546 6626
f 6626 6546 6495
f 6626 6495 3165
f 3165 6495 3163
f 2969 2968 6627
f 6627 2968 6617
f 6627 6617 6628
f 6628 6617 6618
f 6628 6618 6629
f 6629 6618 6619
f 6629 6619 6630
f 6630 6619 6620
f 6630 6620 6631
f 6631 6620 6621
f 6631 6621 6632
f 6632 6621 6622
f 6632 6622 6633
f 6633 6622 6623
f 6633 6623 6634
f 6634 6623 6624
f 6634 6624 6635
f 6635 6624 6625
f 6635 6625 6636
f 6636 6625 6626
f 6636 6626 3167
f 3167 6626 3165
f 6636 6637 6635
f 6635 6637 6638
f 6635 6638 6634
f 6634 6638 6639
f 6634 6639 6633
f 6633 6639 6640
f 6633 6640 6632
f 6632 6640 6641
f 6632 6641 6631
f 6631 6641 6642
f 6631 6642 6630
f 6630 6642 6643
f 6630 6643 6629
f 6629 6643 6644
f 6629 6644 6628
f 6628 6644 6645
f 6628 6645 6627
f 6627 6645 6646
f 6627 6646 2969
f 3173 6616 3171
f 2973 2972 6646
f 6646 2972 2970
f 6646 2970 2969
f 3175 3177 6616
f 6616 3177 6647
f 6616 6647 6648
f 6648 6647 6649
f 6648 6649 6650
f 6650 6649 6651
f 6650 6651 6652
f 6652 6651 6653
f 6652 6653 6654
f 6654 6653 6655
f 6654 6655 6656
f 6656 6655 6657
f 6656 6657 6658
f 6658 6657 6659
f 6658 6659 6660
f 6660 6659 6661
f 6660 6661 6662
f 6662 6661 6663
f 6662 6663 6664
f 6664 6663 6665
f 3177 3179 6647
f 6647 3179 6666
f 6647 6666 6649
f 6649 6666 6667
f 6649 6667 6651
f 6651 6667 6668
f 6651 6668 6653
f 6653 6668 6669
f 6653 6669 6655
f 6655 6669 6670
f 6655 6670 6657
f 6657 6670 6671
f 6657 6671 6659
f 6659 6671 6672
f 6659 6672 6661
f 6661 6672 6673
f 6661 6673 6663
f 6663 6673 6674
f 6663 6674 6665
f 6665 6674 6675
f 3179 3181 6666
f 6666 3181 6615
f 6666 6615 6667
f 6667 6615 6676
f 6667 6676 6668
f 6668 6676 6677
f 6668 6677 6669
f 6669 6677 6678
f 6669 6678 6670
f 6670 6678 6679
f 6670 6679 6671
f 6671 6679 6680
f 6671 6680 6672
f 6672 6680 6681
f 6672 6681 6673
f 6673 6681 6682
f 6673 6682 6674
f 6674 6682 6683
f 6674 6683 6675
f 6675 6683 6684
f 3185 3183 6615
f 6615 3183 6685
f 6615 6685 6676
f 6676 6685 6686
f 6676 6686 6677
f 6677 6686 6687
f 6677 6687 6678
f 6678 6687 6688
f 6678 6688 6679
f 6679 6688 6689
f 6679 6689 6680
f 6680 6689 6690
f 6680 6690 6681
f 6681 6690 6691
f 6681 6691 6682
f 6682 6691 6692
f 6682 6692 6683
f 6683 6692 6693
f 6683 6693 6684
f 6684 6693 6694
f 3167 3169 6636
f 6636 3169 3171
f 6636 3171 6637
f 6637 3171 6616
f 6637 6616 6638
f 6638 6616 6648
f 6638 6648 6639
f 6639 6648 6650
f 6639 6650 6640
f 6640 6650 6652
f 6640 6652 6641
f 6641 6652 6654
f 6641 6654 6642
f 6642 6654 6656
f 6642 6656 6643
f 6643 6656 6658
f 6643 6658 6644
f 6644 6658 6660
f 6644 6660 6645
f 6645 6660 6662
f 6645 6662 6646
f 6646 6662 6664
f 6646 6664 2973
f 2973 6664 6665
f 2973 6665 2958
f 2958 6665 6675
f 2958 6675 2959
f 2959 6675 6684
f 2959 6684 2961
f 2961 6684 6694
f 2944 2943 6694
f 6694 2943 2962
f 6694 2962 2961
f 6695 6696 6697
f 6697 6696 6698
f 6697 6698 6699
f 6699 6698 6700
f 6699 6700 6701
f 6701 6700 6702
f 6701 6702 6703
f 6703 6702 6704
f 6703 6704 6705
f 6705 6704 6706
f 6705 6706 6707
f 6707 6706 6708
f 6707 6708 6709
f 6709 6708 6710
f 6709 6710 6711
f 6711 6710 6712
f 6711 6712 6713
f 6713 6712 6714
f 3187 6614 3189
f 3123 3122 6695
f 6695 3122 3189
f 6695 3189 6696
f 6696 3189 6614
f 6696 6614 6698
f 6698 6614 6715
f 6698 6715 6700
f 6700 6715 6716
f 6700 6716 6702
f 6702 6716 6717
f 6702 6717 6704
f 6704 6717 6718
f 6704 6718 6706
f 6706 6718 6719
f 6706 6719 6708
f 6708 6719 6720
f 6708 6720 6710
f 6710 6720 6721
f 6710 6721 6712
f 6712 6721 6722
f 6712 6722 6714
f 6714 6722 6723
f 3198 3197 6614
f 6614 3197 6724
f 6614 6724 6715
f 6715 6724 6725
f 6715 6725 6716
f 6716 6725 6726
f 6716 6726 6717
f 6717 6726 6727
f 6717 6727 6718
f 6718 6727 6728
f 6718 6728 6719
f 6719 6728 6729
f 6719 6729 6720
f 6720 6729 6730
f 6720 6730 6721
f 6721 6730 6731
f 6721 6731 6722
f 6722 6731 6732
f 6722 6732 6723
f 6723 6732 6733
f 3197 3195 6724
f 6724 3195 6734
f 6724 6734 6725
f 6725 6734 6735
f 6725 6735 6726
f 6726 6735 6736
f 6726 6736 6727
f 6727 6736 6737
f 6727 6737 6728
f 6728 6737 6738
f 6728 6738 6729
f 6729 6738 6739
f 6729 6739 6730
f 6730 6739 6740
f 6730 6740 6731
f 6731 6740 6741
f 6731 6741 6732
f 6732 6741 6742
f 6732 6742 6733
f 6733 6742 6743
f 3183 3123 6685
f 6685 3123 6695
f 6685 6695 6686
f 6686 6695 6697
f 6686 6697 6687
f 6687 6697 6699
f 6687 6699 6688
f 6688 6699 6701
f 6688 6701 6689
f 6689 6701 6703
f 6689 6703 6690
f 6690 6703 6705
f 6690 6705 6691
f 6691 6705 6707
f 6691 6707 6692
f 6692 6707 6709
f 6692 6709 6693
f 6693 6709 6711
f 6693 6711 6694
f 6694 6711 6713
f 6694 6713 2944
f 2944 6713 6714
f 2944 6714 2946
f 2946 6714 6723
f 2946 6723 2948
f 2948 6723 6733
f 2948 6733 2952
f 2952 6733 6743
f 2952 6743 2950
f 2950 6743 2933
f 3195 3193 6734
f 6734 3193 6613
f 6734 6613 6735
f 6735 6613 6744
f 6735 6744 6736
f 6736 6744 6745
f 6736 6745 6737
f 6737 6745 6746
f 6737 6746 6738
f 6738 6746 6747
f 6738 6747 6739
f 6739 6747 6748
f 6739 6748 6740
f 6740 6748 6749
f 6740 6749 6741
f 6741 6749 6750
f 6741 6750 6742
f 6742 6750 6751
f 6742 6751 6743
f 6743 6751 6752
f 6743 6752 2933
f 2933 6752 2932
f 2935 2932 6753
f 6753 2932 6752
f 6753 6752 6754
f 6754 6752 6751
f 6754 6751 6755
f 6755 6751 6750
f 6755 6750 6756
f 6756 6750 6749
f 6756 6749 6757
f 6757 6749 6748
f 6757 6748 6758
f 6758 6748 6747
f 6758 6747 6759
f 6759 6747 6746
f 6759 6746 6760
f 6760 6746 6745
f 6760 6745 6761
f 6761 6745 6744
f 6761 6744 6762
f 6762 6744 6613
f 6762 6613 3202
f 3202 6613 3201
f 2938 2935 6763
f 6763 2935 6753
f 6763 6753 6764
f 6764 6753 6754
f 6764 6754 6765
f 6765 6754 6755
f 6765 6755 6766
f 6766 6755 6756
f 6766 6756 6767
f 6767 6756 6757
f 6767 6757 6768
f 6768 6757 6758
f 6768 6758 6769
f 6769 6758 6759
f 6769 6759 6770
f 6770 6759 6760
f 6770 6760 6771
f 6771 6760 6761
f 6771 6761 6612
f 6612 6761 6762
f 6612 6762 3204
f 3204 6762 3202
f 2941 2938 6772
f 6772 2938 6763
f 6772 6763 6773
f 6773 6763 6764
f 6773 6764 6774
f 6774 6764 6765
f 6774 6765 6775
f 6775 6765 6766
f 6775 6766 6776
f 6776 6766 6767
f 6776 6767 6777
f 6777 6767 6768
f 6777 6768 6778
f 6778 6768 6769
f 6778 6769 6779
f 6779 6769 6770
f 6779 6770 6780
f 6780 6770 6771
f 6780 6771 6781
f 6781 6771 6612
f 6781 6612 3208
f 3208 6612 3211
f 3208 3206 6781
f 6781 3206 6611
f 6781 6611 6780
f 6780 6611 6782
f 6780 6782 6779
f 6779 6782 6783
f 6779 6783 6778
f 6778 6783 6784
f 6778 6784 6777
f 6777 6784 6785
f 6777 6785 6776
f 6776 6785 6786
f 6776 6786 6775
f 6775 6786 6787
f 6775 6787 6774
f 6774 6787 6788
f 6774 6788 6773
f 6773 6788 6789
f 6773 6789 6772
f 6772 6789 6790
f 6772 6790 2941
f 2926 2919 6790
f 6790 2919 2942
f 6790 2942 2941
f 3213 6610 3215
f 6791 6792 6793
f 6793 6792 6794
f 6793 6794 6795
f 6795 6794 6796
f 6795 6796 6797
f 6797 6796 6798
f 6797 6798 6799
f 6799 6798 6800
f 6799 6800 6801
f 6801 6800 6802
f 6801 6802 6803
f 6803 6802 6804
f 6803 6804 6805
f 6805 6804 6806
f 6805 6806 6807
f 6807 6806 6808
f 6807 6808 6610
f 6610 6808 6809
f 6610 6809 3215
f 3221 3219 6610
f 6610 3219 6810
f 6610 6810 6807
f 6807 6810 6811
f 6807 6811 6805
f 6805 6811 6812
f 6805 6812 6803
f 6803 6812 6813
f 6803 6813 6801
f 6801 6813 6814
f 6801 6814 6799
f 6799 6814 6815
f 6799 6815 6797
f 6797 6815 6816
f 6797 6816 6795
f 6795 6816 6817
f 6795 6817 6793
f 6793 6817 6818
f 6793 6818 6791
f 6791 6818 6819
f 6820 6819 6821
f 6821 6819 6818
f 6821 6818 6822
f 6822 6818 6817
f 6822 6817 6823
f 6823 6817 6816
f 6823 6816 6824
f 6824 6816 6815
f 6824 6815 6825
f 6825 6815 6814
f 6825 6814 6826
f 6826 6814 6813
f 6826 6813 6827
f 6827 6813 6812
f 6827 6812 6828
f 6828 6812 6811
f 6828 6811 6829
f 6829 6811 6810
f 6829 6810 2744
f 2744 6810 3219
f 3217 3215 6611
f 6611 3215 6809
f 6611 6809 6782
f 6782 6809 6808
f 6782 6808 6783
f 6783 6808 6806
f 6783 6806 6784
f 6784 6806 6804
f 6784 6804 6785
f 6785 6804 6802
f 6785 6802 6786
f 6786 6802 6800
f 6786 6800 6787
f 6787 6800 6798
f 6787 6798 6788
f 6788 6798 6796
f 6788 6796 6789
f 6789 6796 6794
f 6789 6794 6790
f 6790 6794 6792
f 6790 6792 2926
f 2926 6792 6791
f 2926 6791 2928
f 2928 6791 6819
f 2928 6819 2929
f 2929 6819 6820
f 2929 6820 2913
f 2907 2913 6820
f 2748 2755 6830
f 2752 2758 6831
f 2897 2918 6832
f 2891 2904 6833
f 2774 2775 6834
f 2880 2888 6835
f 2769 655 6836
f 6836 655 6837
f 6836 6837 6838
f 6838 6837 6839
f 6838 6839 6840
f 6840 6839 6841
f 6840 6841 6842
f 6842 6841 6843
f 6842 6843 6844
f 6844 6843 6845
f 6844 6845 6846
f 6846 6845 6847
f 6846 6847 6848
f 6848 6847 6849
f 6848 6849 6850
f 6850 6849 6851
f 6850 6851 6852
f 6852 6851 6853
f 6852 6853 6854
f 6854 6853 6855
f 6854 6855 2884
f 2884 6855 2885
f 2775 2769 6834
f 6834 2769 6836
f 6834 6836 6856
f 6856 6836 6838
f 6856 6838 6857
f 6857 6838 6840
f 6857 6840 6858
f 6858 6840 6842
f 6858 6842 6859
f 6859 6842 6844
f 6859 6844 6860
f 6860 6844 6846
f 6860 6846 6861
f 6861 6846 6848
f 6861 6848 6862
f 6862 6848 6850
f 6862 6850 6863
f 6863 6850 6852
f 6863 6852 6835
f 6835 6852 6854
f 6835 6854 2880
f 2880 6854 2884
f 2763 2774 6864
f 6864 2774 6834
f 6864 6834 6865
f 6865 6834 6856
f 6865 6856 6866
f 6866 6856 6857
f 6866 6857 6867
f 6867 6857 6858
f 6867 6858 6868
f 6868 6858 6859
f 6868 6859 6869
f 6869 6859 6860
f 6869 6860 6870
f 6870 6860 6861
f 6870 6861 6871
f 6871 6861 6862
f 6871 6862 6872
f 6872 6862 6863
f 6872 6863 6873
f 6873 6863 6835
f 6873 6835 2889
f 2889 6835 2888
f 2764 2763 6874
f 6874 2763 6864
f 6874 6864 6875
f 6875 6864 6865
f 6875 6865 6876
f 6876 6865 6866
f 6876 6866 6877
f 6877 6866 6867
f 6877 6867 6878
f 6878 6867 6868
f 6878 6868 6879
f 6879 6868 6869
f 6879 6869 6880
f 6880 6869 6870
f 6880 6870 6881
f 6881 6870 6871
f 6881 6871 6882
f 6882 6871 6872
f 6882 6872 6883
f 6883 6872 6873
f 6883 6873 2894
f 2894 6873 2889
f 2894 2893 6883
f 6883 2893 6884
f 6883 6884 6882
f 6882 6884 6885
f 6882 6885 6881
f 6881 6885 6886
f 6881 6886 6880
f 6880 6886 6887
f 6880 6887 6879
f 6879 6887 6888
f 6879 6888 6878
f 6878 6888 6889
f 6878 6889 6877
f 6877 6889 6890
f 6877 6890 6876
f 6876 6890 6891
f 6876 6891 6875
f 6875 6891 6892
f 6875 6892 6874
f 6874 6892 6893
f 6874 6893 2764
f 2767 2766 6893
f 6893 2766 2765
f 6893 2765 2764
f 2904 2902 6833
f 6833 2902 6894
f 6833 6894 6895
f 6895 6894 6896
f 6895 6896 6897
f 6897 6896 6898
f 6897 6898 6899
f 6899 6898 6900
f 6899 6900 6901
f 6901 6900 6902
f 6901 6902 6903
f 6903 6902 6904
f 6903 6904 6905
f 6905 6904 6906
f 6905 6906 6907
f 6907 6906 6908
f 6907 6908 6909
f 6909 6908 6910
f 6909 6910 6911
f 6911 6910 6912
f 2893 2891 6884
f 6884 2891 6833
f 6884 6833 6885
f 6885 6833 6895
f 6885 6895 6886
f 6886 6895 6897
f 6886 6897 6887
f 6887 6897 6899
f 6887 6899 6888
f 6888 6899 6901
f 6888 6901 6889
f 6889 6901 6903
f 6889 6903 6890
f 6890 6903 6905
f 6890 6905 6891
f 6891 6905 6907
f 6891 6907 6892
f 6892 6907 6909
f 6892 6909 6893
f 6893 6909 6911
f 6893 6911 2767
f 2767 6911 6912
f 2767 6912 2739
f 2739 6912 2740
f 2902 2901 6894
f 6894 2901 6913
f 6894 6913 6896
f 6896 6913 6914
f 6896 6914 6898
f 6898 6914 6915
f 6898 6915 6900
f 6900 6915 6916
f 6900 6916 6902
f 6902 6916 6917
f 6902 6917 6904
f 6904 6917 6918
f 6904 6918 6906
f 6906 6918 6919
f 6906 6919 6908
f 6908 6919 6920
f 6908 6920 6910
f 6910 6920 6921
f 6910 6921 6912
f 6912 6921 6922
f 6912 6922 2740
f 2740 6922 2759
f 2758 2759 6831
f 6831 2759 6922
f 6831 6922 6923
f 6923 6922 6921
f 6923 6921 6924
f 6924 6921 6920
f 6924 6920 6925
f 6925 6920 6919
f 6925 6919 6926
f 6926 6919 6918
f 6926 6918 6927
f 6927 6918 6917
f 6927 6917 6928
f 6928 6917 6916
f 6928 6916 6929
f 6929 6916 6915
f 6929 6915 6930
f 6930 6915 6914
f 6930 6914 6931
f 6931 6914 6913
f 6931 6913 2900
f 2900 6913 2901
f 2753 2752 6932
f 6932 2752 6831
f 6932 6831 6933
f 6933 6831 6923
f 6933 6923 6934
f 6934 6923 6924
f 6934 6924 6935
f 6935 6924 6925
f 6935 6925 6936
f 6936 6925 6926
f 6936 6926 6937
f 6937 6926 6927
f 6937 6927 6938
f 6938 6927 6928
f 6938 6928 6939
f 6939 6928 6929
f 6939 6929 6940
f 6940 6929 6930
f 6940 6930 6832
f 6832 6930 6931
f 6832 6931 2897
f 2897 6931 2900
f 2755 2753 6830
f 6830 2753 6932
f 6830 6932 6941
f 6941 6932 6933
f 6941 6933 6942
f 6942 6933 6934
f 6942 6934 6943
f 6943 6934 6935
f 6943 6935 6944
f 6944 6935 6936
f 6944 6936 6945
f 6945 6936 6937
f 6945 6937 6946
f 6946 6937 6938
f 6946 6938 6947
f 6947 6938 6939
f 6947 6939 6948
f 6948 6939 6940
f 6948 6940 6949
f 6949 6940 6832
f 6949 6832 2916
f 2916 6832 2918
f 2747 2748 6950
f 6950 2748 6830
f 6950 6830 6951
f 6951 6830 6941
f 6951 6941 6952
f 6952 6941 6942
f 6952 6942 6953
f 6953 6942 6943
f 6953 6943 6954
f 6954 6943 6944
f 6954 6944 6955
f 6955 6944 6945
f 6955 6945 6956
f 6956 6945 6946
f 6956 6946 6957
f 6957 6946 6947
f 6957 6947 6958
f 6958 6947 6948
f 6958 6948 6959
f 6959 6948 6949
f 6959 6949 2915
f 2915 6949 2916
f 2746 2747 6960
f 6960 2747 6950
f 6960 6950 6961
f 6961 6950 6951
f 6961 6951 6962
f 6962 6951 6952
f 6962 6952 6963
f 6963 6952 6953
f 6963 6953 6964
f 6964 6953 6954
f 6964 6954 6965
f 6965 6954 6955
f 6965 6955 6966
f 6966 6955 6956
f 6966 6956 6967
f 6967 6956 6957
f 6967 6957 6968
f 6968 6957 6958
f 6968 6958 6969
f 6969 6958 6959
f 6969 6959 2914
f 2914 6959 2915
f 2744 2746 6829
f 6829 2746 6960
f 6829 6960 6828
f 6828 6960 6961
f 6828 6961 6827
f 6827 6961 6962
f 6827 6962 6826
f 6826 6962 6963
f 6826 6963 6825
f 6825 6963 6964
f 6825 6964 6824
f 6824 6964 6965
f 6824 6965 6823
f 6823 6965 6966
f 6823 6966 6822
f 6822 6966 6967
f 6822 6967 6821
f 6821 6967 6968
f 6821 6968 6820
f 6820 6968 6969
f 6820 6969 2907
f 2907 6969 2914
f 2877 2885 6855
f 657 658 6970
f 6970 658 6971
f 6970 6971 6972
f 6972 6971 6973
f 6972 6973 6974
f 6974 6973 6975
f 6974 6975 6976
f 6976 6975 6977
f 6976 6977 6978
f 6978 6977 6979
f 6978 6979 6980
f 6980 6979 6981
f 6980 6981 6982
f 6982 6981 6983
f 6982 6983 6984
f 6984 6983 6985
f 6984 6985 6986
f 6986 6985 6987
f 6986 6987 6988
f 6988 6987 6989
f 6988 6989 2875
f 2875 6989 1587
f 655 657 6837
f 6837 657 6970
f 6837 6970 6839
f 6839 6970 6972
f 6839 6972 6841
f 6841 6972 6974
f 6841 6974 6843
f 6843 6974 6976
f 6843 6976 6845
f 6845 6976 6978
f 6845 6978 6847
f 6847 6978 6980
f 6847 6980 6849
f 6849 6980 6982
f 6849 6982 6851
f 6851 6982 6984
f 6851 6984 6853
f 6853 6984 6986
f 6853 6986 6855
f 6855 6986 6988
f 6855 6988 2877
f 2877 6988 2875
f 1614 1587 6989
f 1614 6989 6990
f 6990 6989 6987
f 6990 6987 6991
f 6991 6987 6985
f 6991 6985 6992
f 6992 6985 6983
f 6992 6983 6993
f 6993 6983 6981
f 6993 6981 6994
f 6994 6981 6979
f 6994 6979 6995
f 6995 6979 6977
f 6995 6977 6996
f 6996 6977 6975
f 6996 6975 6997
f 6997 6975 6973
f 6997 6973 6998
f 6998 6973 6971
f 6998 6971 6999
f 6999 6971 658
f 6999 658 660
f 6999 660 2723
f 6998 6999 7000
f 6996 6997 7001
f 6994 6995 7002
f 6992 6993 7003
f 6990 6991 7004
f 1614 6990 7005
f 6999 2723 7000
f 7000 2723 2725
f 7000 2725 7006
f 2725 2726 7006
f 7006 2726 2728
f 7006 2728 7007
f 2728 2730 7007
f 7007 2730 2732
f 7007 2732 7008
f 6998 7000 7009
f 7009 7000 7006
f 7009 7006 7010
f 7010 7006 7007
f 7010 7007 7011
f 7011 7007 7008
f 7011 7008 7012
f 6996 7001 7013
f 7013 7001 7014
f 7013 7014 7015
f 7015 7014 7016
f 7015 7016 7017
f 7017 7016 7018
f 7017 7018 7019
f 6994 7002 7020
f 7020 7002 7021
f 7020 7021 7022
f 7022 7021 7023
f 7022 7023 7024
f 7024 7023 7025
f 7024 7025 7026
f 6992 7003 7027
f 7027 7003 7028
f 7027 7028 7029
f 7029 7028 7030
f 7029 7030 7031
f 7031 7030 7032
f 7031 7032 7033
f 6990 7004 7005
f 7005 7004 7034
f 7005 7034 7035
f 7035 7034 7036
f 7035 7036 7037
f 7037 7036 7038
f 7037 7038 7039
f 626 7040 2734
f 2734 7040 7008
f 2734 7008 2736
f 2736 7008 2732
f 7040 7041 7008
f 7008 7041 7042
f 7008 7042 7012
f 7012 7042 7043
f 7012 7043 7044
f 7044 7018 7012
f 7012 7018 7016
f 7012 7016 7011
f 7011 7016 7014
f 7011 7014 7010
f 7010 7014 7001
f 7010 7001 7009
f 7009 7001 6997
f 7009 6997 6998
f 7044 7045 7018
f 7018 7045 7046
f 7018 7046 7019
f 7019 7046 7047
f 7019 7047 7048
f 7048 7025 7019
f 7019 7025 7023
f 7019 7023 7017
f 7017 7023 7021
f 7017 7021 7015
f 7015 7021 7002
f 7015 7002 7013
f 7013 7002 6995
f 7013 6995 6996
f 7048 7049 7025
f 7025 7049 7050
f 7025 7050 7026
f 7026 7050 7051
f 7026 7051 7052
f 7052 7032 7026
f 7026 7032 7030
f 7026 7030 7024
f 7024 7030 7028
f 7024 7028 7022
f 7022 7028 7003
f 7022 7003 7020
f 7020 7003 6993
f 7020 6993 6994
f 7052 7053 7032
f 7032 7053 7054
f 7032 7054 7033
f 7033 7054 7055
f 7033 7055 7056
f 7056 7038 7033
f 7033 7038 7036
f 7033 7036 7031
f 7031 7036 7034
f 7031 7034 7029
f 7029 7034 7004
f 7029 7004 7027
f 7027 7004 6991
f 7027 6991 6992
f 7056 7057 7038
f 7038 7057 7058
f 7038 7058 7039
f 7039 7058 7059
f 7039 7059 7060
f 1614 7005 1615
f 1615 7005 7035
f 1615 7035 1607
f 1607 7035 7037
f 1607 7037 1608
f 1608 7037 7039
f 1608 7039 1609
f 1609 7039 7060
f 1609 7060 1590
f 7049 7048 7061
f 7062 1591 1590
f 1610 1594 7063
f 1591 7062 1593
f 623 635 7064
f 634 632 7065
f 7066 1584 1583
f 1583 1612 7067
f 7066 1583 7068
f 7068 1583 7067
f 7068 7067 7069
f 7069 7067 7070
f 7069 7070 7071
f 7071 7070 7072
f 7071 7072 7073
f 7073 7072 7074
f 7073 7074 7075
f 7075 7074 7076
f 7075 7076 7077
f 7077 7076 7078
f 7077 7078 7079
f 7080 7081 7082
f 7082 7081 7083
f 7082 7083 7084
f 7084 7083 7085
f 7084 7085 7078
f 7078 7085 7086
f 7078 7086 7079
f 7087 7088 7089
f 7088 7087 7090
f 7088 7090 7091
f 7091 7090 7092
f 7091 7092 7093
f 7093 7092 7094
f 7093 7094 7095
f 7095 7094 7096
f 7095 7096 7097
f 7097 7096 7065
f 7097 7065 7098
f 7098 7065 7099
f 7099 7065 632
f 7099 632 631
f 629 7100 628
f 628 7100 7040
f 628 7040 626
f 635 634 7064
f 7064 634 7065
f 7064 7065 7101
f 7101 7065 7096
f 7101 7096 7102
f 7102 7096 7094
f 7102 7094 7103
f 7103 7094 7092
f 7103 7092 7104
f 7104 7092 7090
f 7104 7090 7105
f 7105 7090 7087
f 7105 7087 7080
f 7080 7087 7089
f 7080 7089 7081
f 629 630 7100
f 7100 630 7106
f 7100 7106 7107
f 7107 7106 7108
f 7107 7108 7109
f 7109 7108 7110
f 7109 7110 7111
f 7111 7110 7112
f 7111 7112 7113
f 7113 7112 7114
f 7113 7114 7115
f 7115 7114 7116
f 7115 7116 7061
f 7061 7116 7117
f 7061 7048 7115
f 7115 7048 7047
f 7115 7047 7113
f 7113 7047 7046
f 7113 7046 7111
f 7046 7045 7111
f 7111 7045 7044
f 7111 7044 7109
f 7109 7044 7043
f 7109 7043 7107
f 7107 7043 7042
f 7107 7042 7100
f 7100 7042 7041
f 7100 7041 7040
f 1612 1611 7067
f 7067 1611 7118
f 7067 7118 7070
f 7070 7118 7119
f 7070 7119 7072
f 7072 7119 7120
f 7072 7120 7074
f 7074 7120 7121
f 7074 7121 7076
f 7076 7121 7122
f 7076 7122 7078
f 7078 7122 7123
f 7078 7123 7084
f 7084 7123 7124
f 7084 7124 7082
f 7082 7124 7125
f 7082 7125 7080
f 7080 7125 7117
f 7080 7117 7105
f 7105 7117 7116
f 7105 7116 7104
f 7104 7116 7114
f 7104 7114 7103
f 7103 7114 7112
f 7103 7112 7102
f 7102 7112 7110
f 7102 7110 7101
f 7101 7110 7108
f 7101 7108 7064
f 7064 7108 7106
f 7064 7106 623
f 623 7106 630
f 7126 7127 7128
f 7128 7127 7129
f 7128 7129 7130
f 7130 7129 7131
f 7130 7131 7132
f 7132 7131 7133
f 7132 7133 7134
f 7134 7133 7135
f 7134 7135 7136
f 7136 7135 7137
f 7136 7137 7138
f 7138 7137 7139
f 7138 7139 7062
f 7062 7139 7063
f 7062 7063 1593
f 1593 7063 1594
f 7134 7055 7132
f 7132 7055 7054
f 7132 7054 7130
f 7130 7054 7053
f 7130 7053 7128
f 7128 7053 7052
f 7128 7052 7126
f 7126 7052 7051
f 7126 7051 7050
f 1590 7060 7062
f 7062 7060 7059
f 7062 7059 7138
f 7138 7059 7058
f 7138 7058 7136
f 7136 7058 7057
f 7136 7057 7134
f 7134 7057 7056
f 7134 7056 7055
f 1611 1610 7118
f 7118 1610 7063
f 7118 7063 7119
f 7119 7063 7139
f 7119 7139 7120
f 7120 7139 7137
f 7120 7137 7121
f 7121 7137 7135
f 7121 7135 7122
f 7122 7135 7133
f 7122 7133 7123
f 7123 7133 7131
f 7123 7131 7124
f 7124 7131 7129
f 7124 7129 7125
f 7125 7129 7127
f 7125 7127 7117
f 7117 7127 7126
f 7117 7126 7061
f 7061 7126 7050
f 7061 7050 7049
f 1632 1641 7140
f 7141 7142 7143
f 7143 7142 7144
f 7143 7144 7145
f 7145 7144 7146
f 7145 7146 7147
f 7147 7146 7148
f 7147 7148 7149
f 7149 7148 7150
f 7149 7150 7140
f 7140 7150 7151
f 7140 7151 1632
f 7143 7152 7141
f 7141 7152 7153
f 7141 7153 7154
f 7154 7153 7155
f 7154 7155 7156
f 7156 7155 7157
f 7156 7157 7158
f 7158 7157 7159
f 7158 7159 7160
f 7160 7159 7161
f 7161 7159 7162
f 7162 7159 7163
f 7162 7163 7164
f 7164 7163 7165
f 7164 7165 7166
f 7166 7165 7167
f 7166 7167 7168
f 7167 7169 7168
f 7168 7169 7170
f 7168 7170 7171
f 7171 7170 7172
f 7171 7172 7173
f 7173 7172 7174
f 7174 7175 7173
f 7173 7175 7176
f 7173 7176 7177
f 7177 7176 7178
f 7177 7178 7179
f 7179 7178 7180
f 7179 7180 7181
f 7181 7180 7182
f 7181 7182 7183
f 7183 7182 7184
f 7183 7184 7185
f 7185 7184 7186
f 7185 7186 7187
f 7187 7186 7188
f 7187 7188 7189
f 7188 7190 7189
f 7189 7190 7191
f 7189 7191 7192
f 7192 7191 7193
f 614 613 7194
f 7194 613 7195
f 7194 7195 7196
f 7196 7195 7197
f 7196 7197 7198
f 7198 7197 7199
f 7198 7199 7200
f 7200 7199 7201
f 7200 7201 7193
f 7193 7201 7202
f 7193 7202 7192
f 7203 7204 7190
f 7190 7204 7191
f 7205 7206 7207
f 7208 7209 7153
f 7210 7211 7169
f 1647 1638 7212
f 1635 1657 7213
f 1637 1636 7214
f 1651 1650 7215
f 1649 1648 7216
f 7217 7218 7219
f 7220 7221 7222
f 7223 7224 7221
f 7225 7226 7227
f 7228 7229 7230
f 7231 7232 7233
f 7234 7235 7236
f 7237 7235 7238
f 7239 7240 7241
f 7242 7243 7244
f 2607 2597 7245
f 7246 2592 2591
f 2587 2576 7247
f 2602 7248 2603
f 2603 7248 2605
f 7236 7235 7249
f 7249 7235 7237
f 7249 7237 7250
f 7245 2597 7248
f 7248 2597 2606
f 7248 2606 2605
f 2607 7245 2608
f 2608 7245 7251
f 2608 7251 2609
f 2609 7251 7241
f 2609 7241 2619
f 7240 2615 2617
f 7240 2617 7241
f 7241 2617 2618
f 7241 2618 2619
f 7252 7242 7253
f 7253 7242 7244
f 7253 7244 7254
f 7254 7244 7255
f 7254 7255 7256
f 7256 7255 7257
f 7256 7257 7258
f 7258 7257 7259
f 7258 7259 7260
f 7260 7259 7246
f 7260 7246 7247
f 7247 7246 2591
f 7247 2591 2587
f 7243 7239 7244
f 7244 7239 7241
f 7244 7241 7255
f 7255 7241 7251
f 7255 7251 7257
f 7257 7251 7245
f 7257 7245 7259
f 7259 7245 7248
f 7259 7248 7246
f 7246 7248 2602
f 7246 2602 2592
f 7261 7233 7262
f 7262 7233 7232
f 7262 7232 7228
f 7238 7235 7263
f 7263 7235 7234
f 7263 7234 7264
f 7218 7225 7219
f 7219 7225 7227
f 7219 7227 7265
f 7265 7227 7266
f 7265 7266 7267
f 7267 7266 7268
f 7221 7220 7223
f 7223 7220 7269
f 7223 7269 7270
f 7271 7222 7272
f 7272 7222 7221
f 7272 7221 7273
f 7273 7221 7224
f 7273 7224 7264
f 7270 7217 7223
f 7223 7217 7219
f 7223 7219 7224
f 7224 7219 7265
f 7224 7265 7264
f 7264 7265 7267
f 7264 7267 7263
f 7263 7267 7268
f 7263 7268 7238
f 7228 7230 7262
f 7262 7230 7274
f 7262 7274 7261
f 7226 7252 7227
f 7227 7252 7253
f 7227 7253 7266
f 7266 7253 7254
f 7266 7254 7268
f 7268 7254 7256
f 7268 7256 7238
f 7238 7256 7258
f 7238 7258 7237
f 7237 7258 7260
f 7237 7260 7250
f 7250 7260 7247
f 1650 1649 7215
f 7215 1649 7216
f 7215 7216 7275
f 7275 7216 7276
f 7275 7276 7277
f 7277 7276 7278
f 7277 7278 7279
f 7279 7278 7280
f 7279 7280 7281
f 7281 7280 7282
f 7281 7282 7283
f 7283 7282 7284
f 7283 7284 7285
f 7285 7284 7286
f 7285 7287 7283
f 7283 7287 7288
f 7283 7288 7281
f 7281 7288 7289
f 7281 7289 7279
f 7279 7289 7290
f 7279 7290 7277
f 7277 7290 7291
f 7277 7291 7275
f 7275 7291 7292
f 7275 7292 7215
f 7215 7292 7293
f 7215 7293 1651
f 7294 7274 7286
f 7286 7274 7230
f 7286 7230 7285
f 7285 7230 7229
f 7285 7229 7287
f 7236 7231 7234
f 7234 7231 7233
f 7234 7233 7264
f 7264 7233 7261
f 7264 7261 7273
f 7273 7261 7274
f 7273 7274 7272
f 7272 7274 7294
f 7272 7294 7271
f 7295 7296 7297
f 7295 7298 7296
f 7296 7298 7299
f 7296 7299 7300
f 7300 7299 7301
f 7300 7301 7302
f 7302 7301 7303
f 7302 7303 7304
f 1638 1637 7212
f 7212 1637 7214
f 7212 7214 7305
f 7305 7214 7306
f 7305 7306 7307
f 7307 7306 7308
f 7307 7308 7309
f 7309 7308 7310
f 7309 7310 7311
f 7311 7310 7312
f 7311 7312 7313
f 7313 7312 7314
f 7315 7316 7317
f 7317 7316 7318
f 7316 7319 7318
f 7318 7319 7320
f 7318 7320 7321
f 7321 7320 7322
f 7321 7322 7323
f 1636 1635 7214
f 7214 1635 7213
f 7214 7213 7306
f 7306 7213 7324
f 7306 7324 7308
f 7308 7324 7325
f 7308 7325 7310
f 7310 7325 7326
f 7310 7326 7312
f 7312 7326 7327
f 7312 7327 7314
f 7314 7327 7328
f 7322 7329 7323
f 7323 7329 7330
f 7323 7330 7297
f 7297 7330 7331
f 7297 7331 7295
f 1648 1647 7216
f 7216 1647 7212
f 7216 7212 7276
f 7276 7212 7305
f 7276 7305 7278
f 7278 7305 7307
f 7278 7307 7280
f 7280 7307 7309
f 7280 7309 7282
f 7282 7309 7311
f 7282 7311 7284
f 7284 7311 7313
f 7284 7313 7286
f 7286 7313 7314
f 7286 7314 7294
f 7294 7314 7328
f 7294 7328 7271
f 7169 7167 7210
f 7210 7167 7165
f 7210 7165 7332
f 7332 7165 7163
f 7332 7163 7333
f 7163 7159 7333
f 7333 7159 7157
f 7333 7157 7209
f 7209 7157 7155
f 7209 7155 7153
f 7334 7335 7336
f 7145 7207 7143
f 7143 7207 7208
f 7143 7208 7152
f 7152 7208 7153
f 1641 1628 7140
f 7140 1628 1627
f 7140 1627 7149
f 7145 7147 7207
f 7207 7147 7149
f 7207 7149 7205
f 7205 7149 1627
f 7205 1627 7206
f 7206 1627 1625
f 7336 7337 7334
f 7334 7337 7338
f 7334 7338 7339
f 7339 7338 7340
f 7339 7340 7341
f 7341 7340 7342
f 7341 7342 7343
f 7343 7342 7344
f 7343 7344 7345
f 7345 7344 7346
f 7345 7346 7347
f 7347 7346 7348
f 7347 7348 1629
f 1624 1631 7348
f 7348 1631 1630
f 7348 1630 1629
f 7349 2564 2566
f 7196 7349 7194
f 7194 7349 2566
f 7194 2566 614
f 7196 7198 7350
f 7350 7198 7200
f 7200 7193 7351
f 7351 7193 7191
f 7352 2569 7353
f 7353 2569 2563
f 7353 2563 7349
f 7349 2563 2562
f 7349 2562 2564
f 7354 2571 7352
f 7352 2571 2570
f 7352 2570 2569
f 7200 7351 7350
f 7350 7351 7355
f 7350 7355 7356
f 7356 7355 7357
f 7356 7357 7358
f 7358 7357 7359
f 7358 7359 7360
f 7184 7361 7186
f 7186 7361 7203
f 7186 7203 7188
f 7188 7203 7190
f 7362 7182 7363
f 7363 7182 7180
f 7363 7180 7364
f 7364 7180 7178
f 7364 7178 7365
f 7184 7182 7361
f 7361 7182 7362
f 7361 7362 7203
f 7203 7362 7366
f 7203 7366 7204
f 7367 7368 7366
f 7366 7368 7369
f 7366 7369 7204
f 7178 7176 7365
f 7365 7176 7175
f 7365 7175 7370
f 7370 7175 7174
f 7370 7174 7371
f 7371 7174 7172
f 7371 7172 7211
f 7211 7172 7170
f 7211 7170 7169
f 7372 2581 7354
f 7354 2581 2553
f 2553 2573 7354
f 7354 2573 2572
f 7354 2572 2571
f 7373 7374 7359
f 7359 7374 7375
f 7359 7375 7360
f 7196 7350 7349
f 7349 7350 7356
f 7349 7356 7353
f 7353 7356 7358
f 7353 7358 7352
f 7352 7358 7360
f 7352 7360 7354
f 7354 7360 7375
f 7354 7375 7372
f 7372 7375 7374
f 7372 7374 7376
f 2584 2578 7376
f 7376 2578 2577
f 7376 2577 7372
f 7372 2577 2582
f 7372 2582 2581
f 7191 7204 7351
f 7351 7204 7369
f 7351 7369 7355
f 7355 7369 7368
f 7355 7368 7357
f 7357 7368 7367
f 7357 7367 7359
f 7359 7367 7377
f 7359 7377 7373
f 7378 7379 7380
f 7381 7382 7379
f 7379 7382 7383
f 7379 7383 7380
f 7380 7384 7378
f 7378 7384 7385
f 7378 7385 7386
f 7386 7385 7387
f 7386 7387 7335
f 7335 7387 7388
f 7335 7388 7336
f 1625 1624 7206
f 7206 1624 7348
f 7206 7348 7207
f 7207 7348 7346
f 7207 7346 7208
f 7208 7346 7344
f 7208 7344 7209
f 7209 7344 7342
f 7209 7342 7333
f 7333 7342 7340
f 7333 7340 7332
f 7332 7340 7338
f 7332 7338 7210
f 7210 7338 7337
f 7210 7337 7211
f 7211 7337 7336
f 7211 7336 7371
f 7371 7336 7388
f 7371 7388 7370
f 7370 7388 7387
f 7370 7387 7365
f 7365 7387 7385
f 7365 7385 7364
f 7364 7385 7384
f 7364 7384 7363
f 7363 7384 7380
f 7363 7380 7362
f 7362 7380 7383
f 7362 7383 7366
f 7366 7383 7382
f 7366 7382 7367
f 7367 7382 7381
f 7367 7381 7377
f 1656 1653 7317
f 7317 1653 1654
f 7315 7317 7389
f 7389 7317 1654
f 7389 1654 1655
f 1657 1656 7213
f 7213 1656 7317
f 7213 7317 7324
f 7324 7317 7318
f 7324 7318 7325
f 7325 7318 7321
f 7325 7321 7326
f 7326 7321 7323
f 7326 7323 7327
f 7327 7323 7297
f 7327 7297 7328
f 7328 7297 7296
f 7328 7296 7271
f 7271 7296 7300
f 7271 7300 7222
f 7222 7300 7302
f 7222 7302 7220
f 7220 7302 7304
f 7220 7304 7269
f 1659 1658 7293
f 7293 1658 1652
f 7293 1652 1651
f 1629 1659 7347
f 7347 1659 7293
f 7347 7293 7345
f 7345 7293 7292
f 7345 7292 7343
f 7343 7292 7291
f 7343 7291 7341
f 7341 7291 7290
f 7341 7290 7339
f 7339 7290 7289
f 7339 7289 7334
f 7334 7289 7288
f 7334 7288 7335
f 7335 7288 7287
f 7335 7287 7386
f 7386 7287 7229
f 7386 7229 7378
f 7378 7229 7228
f 7378 7228 7379
f 7379 7228 7232
f 7379 7232 7381
f 7381 7232 7231
f 7381 7231 7377
f 7377 7231 7236
f 7377 7236 7373
f 7373 7236 7249
f 7373 7249 7374
f 7374 7249 7250
f 7374 7250 7376
f 7376 7250 7247
f 7376 7247 2584
f 2584 7247 2576
f 2840 2839 7390
f 7391 7392 7393
f 7217 7270 7394
f 7225 7218 7395
f 7252 7226 7396
f 7239 7243 7397
f 2872 2862 7398
f 2815 2819 7399
f 7400 7401 7402
f 7403 7404 7405
f 2791 2790 7406
f 7407 7408 7409
f 7410 7411 7412
f 7413 7414 7415
f 2833 2832 7416
f 2822 2827 7417
f 7418 7419 7420
f 7421 7422 7423
f 7424 7425 7426
f 7427 7428 7429
f 2671 2678 7430
f 2675 2674 7431
f 7431 2674 2667
f 7431 2667 7432
f 7430 2678 7431
f 7431 2678 2677
f 7431 2677 2675
f 2671 7430 2672
f 2672 7430 7433
f 2672 7433 2680
f 2680 7433 7434
f 2680 7434 2668
f 2686 2685 7435
f 7435 2685 2691
f 7435 2691 7434
f 7434 2691 2689
f 7434 2689 2668
f 2693 7436 2682
f 2682 7436 7437
f 2682 7437 2699
f 7438 2703 2702
f 7438 2702 7439
f 7439 2702 2701
f 7439 2701 7437
f 7437 2701 2700
f 7437 2700 2699
f 2703 7438 2705
f 2705 7438 7440
f 2705 7440 2696
f 2696 7440 2710
f 2710 7440 7441
f 2710 7441 2708
f 7442 2715 7441
f 7441 2715 2714
f 7441 2714 2708
f 111 2719 7443
f 7443 2719 7444
f 7443 7444 7445
f 2719 2718 7444
f 7444 2718 2717
f 7444 2717 7442
f 7442 2717 2716
f 7442 2716 2715
f 7422 7446 7423
f 7423 7446 7447
f 7423 7447 7448
f 7448 7447 7449
f 7448 7449 7450
f 7450 7449 7451
f 7450 7451 7452
f 7452 7451 7453
f 7452 7453 7454
f 7454 7453 7455
f 7454 7455 7456
f 7456 7455 7457
f 7456 7457 7458
f 7458 7457 7459
f 7458 7459 7460
f 7460 7459 7461
f 7460 7461 7462
f 7462 7461 7463
f 7462 7463 7464
f 7446 7445 7447
f 7447 7445 7444
f 7447 7444 7449
f 7449 7444 7442
f 7449 7442 7451
f 7451 7442 7441
f 7451 7441 7453
f 7453 7441 7440
f 7453 7440 7455
f 7455 7440 7438
f 7455 7438 7457
f 7457 7438 7439
f 7457 7439 7459
f 7459 7439 7437
f 7459 7437 7461
f 7461 7437 7436
f 7461 7436 7463
f 7428 7421 7429
f 7429 7421 7423
f 7429 7423 7465
f 7465 7423 7448
f 7465 7448 7466
f 7466 7448 7450
f 7466 7450 7467
f 7467 7450 7452
f 7467 7452 7468
f 7468 7452 7454
f 7468 7454 7469
f 7469 7454 7456
f 7469 7456 7470
f 7470 7456 7458
f 7470 7458 7471
f 7471 7458 7460
f 7471 7460 7472
f 7472 7460 7462
f 7472 7462 7473
f 7473 7462 7464
f 7473 7464 7474
f 7419 7475 7476
f 7477 7418 7478
f 7479 7480 7481
f 7481 7480 7482
f 7481 7482 7483
f 7483 7482 7484
f 7483 7484 7485
f 7485 7484 7486
f 7485 7486 7487
f 7487 7486 7488
f 7487 7488 7489
f 7489 7488 7490
f 7489 7490 7491
f 7491 7490 7492
f 7491 7492 7417
f 7417 7492 7390
f 7390 2839 7417
f 7417 2839 2838
f 7417 2838 2822
f 2810 2811 7493
f 7493 2811 2813
f 7418 7420 7478
f 7478 7420 7494
f 7478 7494 7495
f 7495 7494 7496
f 7495 7496 7497
f 7497 7496 7498
f 7497 7498 7499
f 7499 7498 7500
f 7499 7500 7501
f 7501 7500 7502
f 7501 7502 7503
f 7503 7502 7493
f 7503 7493 7504
f 7504 7493 2813
f 7504 2813 2816
f 7505 2831 2830
f 7419 7476 7420
f 7420 7476 7506
f 7420 7506 7494
f 7494 7506 7507
f 7494 7507 7496
f 7496 7507 7508
f 7496 7508 7498
f 7498 7508 7509
f 7498 7509 7500
f 7500 7509 7510
f 7500 7510 7502
f 7502 7510 7505
f 7502 7505 7493
f 7493 7505 2830
f 7493 2830 2810
f 2833 7416 2834
f 2827 2834 7417
f 7417 2834 7416
f 7417 7416 7491
f 7491 7416 7511
f 7491 7511 7489
f 7489 7511 7512
f 7489 7512 7487
f 7487 7512 7513
f 7487 7513 7485
f 7485 7513 7514
f 7485 7514 7483
f 7483 7514 7515
f 7483 7515 7481
f 7481 7515 7516
f 7481 7516 7479
f 7479 7516 7517
f 7518 7413 7519
f 7519 7413 7415
f 7519 7415 7520
f 7520 7415 7521
f 7520 7521 7522
f 7522 7521 7523
f 7522 7523 7524
f 7524 7523 7525
f 7524 7525 7526
f 7526 7525 7527
f 7526 7527 7528
f 7528 7527 7529
f 7528 7529 7530
f 7530 7529 7531
f 7530 7531 7532
f 7532 7531 7477
f 7401 7410 7402
f 7402 7410 7412
f 7402 7412 7533
f 7533 7412 7534
f 7533 7534 7535
f 7535 7534 7536
f 7535 7536 7537
f 7537 7536 7538
f 7537 7538 7539
f 7539 7538 7540
f 7539 7540 7541
f 7541 7540 7542
f 7541 7542 7543
f 7543 7542 7544
f 7543 7544 7545
f 7545 7544 7546
f 7411 7518 7412
f 7412 7518 7519
f 7412 7519 7534
f 7534 7519 7520
f 7534 7520 7536
f 7536 7520 7522
f 7536 7522 7538
f 7538 7522 7524
f 7538 7524 7540
f 7540 7524 7526
f 7540 7526 7542
f 7542 7526 7528
f 7542 7528 7544
f 7544 7528 7530
f 7544 7530 7546
f 7546 7530 7532
f 7547 7407 7548
f 2819 7549 7399
f 7399 7549 7550
f 7399 7550 7551
f 7551 7550 7552
f 7551 7552 7553
f 7553 7552 7554
f 7553 7554 7555
f 7407 7409 7548
f 7548 7409 7556
f 7548 7556 7557
f 7557 7556 7558
f 7557 7558 7559
f 2819 2818 7549
f 7549 2818 2817
f 7549 2817 2778
f 2778 7558 7549
f 7549 7558 7556
f 7549 7556 7550
f 7550 7556 7409
f 7550 7409 7552
f 7552 7409 7408
f 7552 7408 7554
f 7404 7560 7405
f 7405 7560 7561
f 7405 7561 7562
f 7562 7561 7563
f 7562 7563 7564
f 7564 7563 7565
f 7564 7565 7566
f 7566 7565 7547
f 7567 2807 7568
f 7568 2807 2806
f 7569 7567 7570
f 7570 7567 7568
f 7570 7568 7571
f 7571 7568 7572
f 7571 7572 7573
f 7573 7572 7406
f 7406 7572 2795
f 7406 2795 2791
f 2806 2805 7568
f 7568 2805 2792
f 7568 2792 7572
f 7572 2792 2794
f 7572 2794 2795
f 7574 7403 7573
f 7573 7403 7405
f 7573 7405 7571
f 7571 7405 7562
f 7571 7562 7570
f 7570 7562 7564
f 7570 7564 7569
f 7569 7564 7566
f 2778 2796 7558
f 7558 2796 2798
f 7558 2798 7559
f 7559 2798 2804
f 7559 2804 2803
f 7547 7548 7566
f 7566 7548 7557
f 7566 7557 7569
f 7569 7557 7559
f 7569 7559 7567
f 7567 7559 2803
f 7567 2803 2807
f 7560 7400 7561
f 7561 7400 7402
f 7561 7402 7563
f 7563 7402 7533
f 7563 7533 7565
f 7565 7533 7535
f 7565 7535 7547
f 7547 7535 7537
f 7547 7537 7407
f 7407 7537 7539
f 7407 7539 7408
f 7408 7539 7541
f 7408 7541 7554
f 7554 7541 7543
f 7554 7543 7555
f 7555 7543 7545
f 7477 7478 7532
f 7532 7478 7495
f 7532 7495 7546
f 7546 7495 7497
f 7546 7497 7545
f 7545 7497 7499
f 7545 7499 7555
f 7555 7499 7501
f 7555 7501 7553
f 7553 7501 7503
f 7553 7503 7551
f 7551 7503 7504
f 7551 7504 7399
f 7399 7504 2816
f 7399 2816 2815
f 7304 7303 7575
f 7575 7303 7301
f 7575 7301 7576
f 7576 7301 7299
f 7576 7299 7577
f 7299 7298 7577
f 7577 7298 7295
f 7577 7295 7578
f 7295 7331 7578
f 7578 7331 7330
f 7578 7330 7579
f 7330 7329 7579
f 7579 7329 7322
f 7579 7322 7580
f 7580 7322 7320
f 7580 7320 7581
f 7315 7582 7316
f 7316 7582 7581
f 7316 7581 7319
f 7319 7581 7320
f 7389 1655 2873
f 7389 2873 7315
f 7315 2873 7582
f 7582 2873 2874
f 7582 2874 2871
f 7583 2864 2855
f 2847 7584 2854
f 2853 2850 7585
f 7585 2850 2849
f 2861 2868 7586
f 7586 2868 2867
f 7586 2867 2865
f 2615 7240 2610
f 2610 7240 7587
f 2623 2621 7587
f 7587 2621 2620
f 7587 2620 2610
f 2631 2625 7588
f 7588 2625 2623
f 2636 2628 7589
f 7589 2628 2632
f 2645 2648 7590
f 7590 2648 2637
f 7269 7304 7591
f 7591 7304 7575
f 7591 7575 7592
f 7592 7575 7576
f 7592 7576 7593
f 7593 7576 7577
f 7593 7577 7594
f 7594 7577 7578
f 7594 7578 7595
f 7595 7578 7579
f 7595 7579 7596
f 7596 7579 7580
f 7596 7580 7597
f 7597 7580 7581
f 7597 7581 7598
f 7598 7581 7582
f 7598 7582 7398
f 7398 7582 2871
f 7398 2871 2872
f 7218 7217 7395
f 7395 7217 7394
f 7395 7394 7599
f 7599 7394 7600
f 7599 7600 7601
f 7601 7600 7602
f 7601 7602 7603
f 7603 7602 7604
f 7603 7604 7605
f 7605 7604 7606
f 7605 7606 7607
f 7607 7606 7608
f 7607 7608 7609
f 7609 7608 7610
f 7609 7610 7611
f 7611 7610 7612
f 7611 7612 7613
f 7613 7612 7614
f 7613 7614 7615
f 7615 7614 7586
f 7615 7586 7583
f 7583 7586 2865
f 7583 2865 2864
f 7270 7269 7394
f 7394 7269 7591
f 7394 7591 7600
f 7600 7591 7592
f 7600 7592 7602
f 7602 7592 7593
f 7602 7593 7604
f 7604 7593 7594
f 7604 7594 7606
f 7606 7594 7595
f 7606 7595 7608
f 7608 7595 7596
f 7608 7596 7610
f 7610 7596 7597
f 7610 7597 7612
f 7612 7597 7598
f 7612 7598 7614
f 7614 7598 7398
f 7614 7398 7586
f 7586 7398 2862
f 7586 2862 2861
f 2639 2638 7616
f 7616 2638 2643
f 2655 2656 7617
f 7617 2656 2642
f 7617 2642 2641
f 2662 2661 7618
f 7618 2661 2650
f 7618 2650 2655
f 2667 2666 7432
f 7432 2666 2659
f 7432 2659 2662
f 2655 7617 7618
f 7618 7617 7619
f 7618 7619 7620
f 7620 7619 7621
f 7620 7621 7622
f 7622 7621 7623
f 7622 7623 7624
f 7624 7623 7625
f 7624 7625 7626
f 7626 7625 7627
f 7626 7627 7628
f 7629 7427 7630
f 7630 7427 7429
f 7630 7429 7631
f 7631 7429 7465
f 7631 7465 7632
f 7632 7465 7466
f 7632 7466 7633
f 7633 7466 7467
f 7633 7467 7634
f 7634 7467 7468
f 7634 7468 7635
f 7635 7468 7469
f 7635 7469 7636
f 7636 7469 7470
f 7636 7470 7637
f 7637 7470 7471
f 7637 7471 7638
f 7638 7471 7472
f 7638 7472 7639
f 7639 7472 7473
f 7639 7473 7640
f 7640 7473 7474
f 7640 7474 7641
f 7641 7474 7642
f 7641 7642 7643
f 7643 7642 7644
f 7643 7644 7645
f 7645 7644 7646
f 7645 7646 7647
f 7647 7646 7648
f 7647 7648 7649
f 7649 7648 7616
f 7649 7616 7590
f 7590 7616 2643
f 7590 2643 2645
f 2662 7618 7432
f 7432 7618 7620
f 7432 7620 7431
f 7431 7620 7622
f 7431 7622 7430
f 7430 7622 7624
f 7430 7624 7433
f 7433 7624 7626
f 7433 7626 7434
f 7434 7626 7628
f 7434 7628 7435
f 7242 7252 7650
f 7650 7252 7396
f 7650 7396 7651
f 7651 7396 7652
f 7651 7652 7653
f 7653 7652 7654
f 7653 7654 7655
f 7655 7654 7656
f 7655 7656 7657
f 7657 7656 7658
f 7657 7658 7659
f 7659 7658 7660
f 7659 7660 7661
f 7661 7660 7662
f 7661 7662 7663
f 7663 7662 7664
f 7663 7664 7665
f 7665 7664 7666
f 7665 7666 7667
f 7667 7666 7668
f 7667 7668 7669
f 7669 7668 7670
f 7669 7670 7671
f 7671 7670 7584
f 7671 7584 7585
f 7585 7584 2847
f 7585 2847 2853
f 7392 7424 7393
f 7393 7424 7426
f 7393 7426 7672
f 7672 7426 7673
f 7672 7673 7674
f 7674 7673 7675
f 7674 7675 7676
f 7676 7675 7677
f 7676 7677 7678
f 7678 7677 7679
f 7678 7679 7680
f 7680 7679 7681
f 7680 7681 7682
f 7682 7681 7683
f 7682 7683 7684
f 7684 7683 7685
f 7684 7685 7686
f 7686 7685 7687
f 7686 7687 7688
f 7688 7687 7689
f 7688 7689 7690
f 7690 7689 7691
f 7690 7691 7692
f 7692 7691 7693
f 7692 7693 7694
f 7694 7693 7695
f 7694 7695 7696
f 7696 7695 7697
f 7696 7697 7698
f 7698 7697 7699
f 7698 7699 7700
f 7700 7699 7701
f 7700 7701 7702
f 7702 7701 7703
f 7702 7703 7704
f 7704 7703 7589
f 7704 7589 7588
f 7588 7589 2632
f 7588 2632 2631
f 7425 7629 7426
f 7426 7629 7630
f 7426 7630 7673
f 7673 7630 7631
f 7673 7631 7675
f 7675 7631 7632
f 7675 7632 7677
f 7677 7632 7633
f 7677 7633 7679
f 7679 7633 7634
f 7679 7634 7681
f 7681 7634 7635
f 7681 7635 7683
f 7683 7635 7636
f 7683 7636 7685
f 7685 7636 7637
f 7685 7637 7687
f 7687 7637 7638
f 7687 7638 7689
f 7689 7638 7639
f 7689 7639 7691
f 7691 7639 7640
f 7691 7640 7693
f 7693 7640 7641
f 7693 7641 7695
f 7695 7641 7643
f 7695 7643 7697
f 7697 7643 7645
f 7697 7645 7699
f 7699 7645 7647
f 7699 7647 7701
f 7701 7647 7649
f 7701 7649 7703
f 7703 7649 7590
f 7703 7590 7589
f 7589 7590 2637
f 7589 2637 2636
f 7243 7242 7397
f 7397 7242 7650
f 7397 7650 7705
f 7705 7650 7651
f 7705 7651 7706
f 7706 7651 7653
f 7706 7653 7707
f 7707 7653 7655
f 7707 7655 7708
f 7708 7655 7657
f 7708 7657 7709
f 7709 7657 7659
f 7709 7659 7710
f 7710 7659 7661
f 7710 7661 7711
f 7711 7661 7663
f 7711 7663 7712
f 7712 7663 7665
f 7712 7665 7713
f 7713 7665 7667
f 7713 7667 7714
f 7714 7667 7669
f 7714 7669 7715
f 7715 7669 7671
f 7715 7671 7716
f 7716 7671 7585
f 7716 7585 7717
f 7717 7585 2849
f 2693 2686 7436
f 7436 2686 7435
f 7436 7435 7463
f 7463 7435 7628
f 7463 7628 7464
f 7464 7628 7627
f 7464 7627 7474
f 7474 7627 7625
f 7474 7625 7642
f 7642 7625 7623
f 7642 7623 7644
f 7644 7623 7621
f 7644 7621 7646
f 7646 7621 7619
f 7646 7619 7648
f 7648 7619 7617
f 7648 7617 7616
f 7616 7617 2641
f 7616 2641 2639
f 7226 7225 7396
f 7396 7225 7395
f 7396 7395 7652
f 7652 7395 7599
f 7652 7599 7654
f 7654 7599 7601
f 7654 7601 7656
f 7656 7601 7603
f 7656 7603 7658
f 7658 7603 7605
f 7658 7605 7660
f 7660 7605 7607
f 7660 7607 7662
f 7662 7607 7609
f 7662 7609 7664
f 7664 7609 7611
f 7664 7611 7666
f 7666 7611 7613
f 7666 7613 7668
f 7668 7613 7615
f 7668 7615 7670
f 7670 7615 7583
f 7670 7583 7584
f 7584 7583 2855
f 7584 2855 2854
f 7574 7573 7718
f 7718 7573 7406
f 7718 7406 7719
f 7719 7406 2790
f 7719 2790 2789
f 7414 7391 7415
f 7415 7391 7393
f 7415 7393 7521
f 7521 7393 7672
f 7521 7672 7523
f 7523 7672 7674
f 7523 7674 7525
f 7525 7674 7676
f 7525 7676 7527
f 7527 7676 7678
f 7527 7678 7529
f 7529 7678 7680
f 7529 7680 7531
f 7531 7680 7682
f 7531 7682 7477
f 7477 7682 7684
f 7477 7684 7418
f 7418 7684 7686
f 7418 7686 7419
f 7419 7686 7688
f 7419 7688 7475
f 7475 7688 7690
f 2849 2837 7717
f 7717 2837 2843
f 7717 2843 2844
f 7240 7239 7587
f 7587 7239 7397
f 7587 7397 7720
f 7720 7397 7705
f 7720 7705 7721
f 7721 7705 7706
f 7721 7706 7722
f 7722 7706 7707
f 7722 7707 7723
f 7723 7707 7708
f 7723 7708 7724
f 7724 7708 7709
f 7724 7709 7725
f 7725 7709 7710
f 7725 7710 7480
f 7480 7710 7711
f 7480 7711 7482
f 7482 7711 7712
f 7482 7712 7484
f 7484 7712 7713
f 7484 7713 7486
f 7486 7713 7714
f 7486 7714 7488
f 7488 7714 7715
f 7488 7715 7490
f 7490 7715 7716
f 7490 7716 7492
f 7492 7716 7717
f 7492 7717 7390
f 7390 7717 2844
f 7390 2844 2840
f 2623 7587 7588
f 7588 7587 7720
f 7588 7720 7704
f 7704 7720 7721
f 7704 7721 7702
f 7702 7721 7722
f 7702 7722 7700
f 7700 7722 7723
f 7700 7723 7698
f 7698 7723 7724
f 7698 7724 7696
f 7696 7724 7725
f 7696 7725 7694
f 7694 7725 7480
f 7694 7480 7692
f 7692 7480 7479
f 7692 7479 7690
f 7690 7479 7517
f 7690 7517 7475
f 7475 7517 7516
f 7475 7516 7476
f 7476 7516 7515
f 7476 7515 7506
f 7506 7515 7514
f 7506 7514 7507
f 7507 7514 7513
f 7507 7513 7508
f 7508 7513 7512
f 7508 7512 7509
f 7509 7512 7511
f 7509 7511 7510
f 7510 7511 7416
f 7510 7416 7505
f 7505 7416 2832
f 7505 2832 2831
f 7726 29 111
f 7727 7728 7729
f 7730 7731 7732
f 7732 7731 7733
f 7734 7735 7736
f 7736 7735 7730
f 7737 7726 7738
f 7738 7726 7739
f 7740 7741 7739
f 7739 7741 7742
f 7739 7742 7738
f 7731 7743 7733
f 7733 7743 7744
f 7733 7744 7745
f 7745 7744 7746
f 7745 7746 7747
f 7392 7391 7736
f 7736 7391 7748
f 7736 7748 7734
f 7730 7732 7736
f 7736 7732 7424
f 7736 7424 7392
f 7421 7745 7740
f 7740 7745 7747
f 7740 7747 7741
f 7421 7428 7745
f 7745 7428 7427
f 7745 7427 7733
f 7733 7427 7629
f 7733 7629 7732
f 7732 7629 7425
f 7732 7425 7424
f 7737 31 7726
f 7726 31 30
f 7726 30 29
f 902 7749 7750
f 7750 7749 7751
f 7750 7751 7752
f 7752 7751 7753
f 7752 7753 7754
f 7755 7756 7757
f 7757 7756 7758
f 7757 7758 7759
f 7760 7761 7755
f 7755 7761 7762
f 7755 7762 7756
f 2789 2781 7750
f 7750 2781 2783
f 7750 2783 902
f 7403 7752 7760
f 7760 7752 7754
f 7760 7754 7761
f 7403 7574 7752
f 7752 7574 7718
f 7752 7718 7750
f 7750 7718 7719
f 7750 7719 2789
f 7410 7757 7728
f 7728 7757 7759
f 7728 7759 7729
f 7410 7401 7757
f 7757 7401 7400
f 7757 7400 7755
f 7755 7400 7560
f 7755 7560 7760
f 7760 7560 7404
f 7760 7404 7403
f 7729 7763 7727
f 7727 7763 7764
f 7727 7764 7748
f 7748 7764 7765
f 7748 7765 7734
f 111 7443 7726
f 7726 7443 7445
f 7726 7445 7739
f 7739 7445 7446
f 7739 7446 7740
f 7740 7446 7422
f 7740 7422 7421
f 7391 7414 7748
f 7748 7414 7413
f 7748 7413 7727
f 7727 7413 7518
f 7727 7518 7728
f 7728 7518 7411
f 7728 7411 7410
f 7766 13 31
f 41 40 7767
f 13 7766 14
f 7768 34 33
f 7769 7770 7771
f 7743 7731 7772
f 7773 7774 7775
f 7776 7777 7778
f 7759 7758 7779
f 7780 7781 7782
f 913 912 7783
f 7784 906 900
f 906 7784 907
f 907 7784 7785
f 907 7785 908
f 908 7785 909
f 909 7785 7786
f 909 7786 910
f 910 7786 7787
f 910 7787 905
f 7749 902 7787
f 7787 902 904
f 7787 904 905
f 7788 7787 7789
f 7789 7787 7786
f 7789 7786 7790
f 7790 7786 7785
f 7790 7785 7791
f 7791 7785 7784
f 7791 7784 7792
f 7792 7784 900
f 7792 900 899
f 7793 7788 7794
f 7794 7788 7789
f 7794 7789 7795
f 7795 7789 7790
f 7795 7790 7796
f 7796 7790 7791
f 7796 7791 7797
f 7797 7791 7792
f 7797 7792 7783
f 7783 7792 899
f 7783 899 913
f 7793 7761 7754
f 7793 7754 7788
f 7788 7754 7753
f 7788 7753 7787
f 7787 7753 7751
f 7787 7751 7749
f 7798 7781 7799
f 7799 7781 7780
f 7799 7780 7800
f 7798 7801 7781
f 7781 7801 7802
f 7781 7802 7782
f 7803 7804 7805
f 7805 7804 7806
f 7805 7806 7807
f 7807 7806 7808
f 7807 7808 7809
f 7809 7808 7810
f 7809 7810 7811
f 7811 7810 7812
f 7811 7812 7813
f 7813 7812 7779
f 7779 7758 7813
f 7813 7758 7756
f 7813 7756 7762
f 7763 7729 7814
f 7814 7729 7815
f 7814 7815 7816
f 7816 7815 7817
f 7816 7817 7818
f 7774 7814 7775
f 7775 7814 7816
f 7775 7816 7802
f 7802 7816 7818
f 7802 7818 7782
f 7729 7759 7815
f 7815 7759 7779
f 7815 7779 7817
f 7817 7779 7812
f 7817 7812 7818
f 7818 7812 7810
f 7818 7810 7782
f 7782 7810 7808
f 7782 7808 7780
f 7780 7808 7806
f 7780 7806 7800
f 7800 7806 7804
f 7762 7761 7813
f 7813 7761 7793
f 7813 7793 7811
f 7811 7793 7794
f 7811 7794 7809
f 7809 7794 7795
f 7809 7795 7807
f 7807 7795 7796
f 7807 7796 7805
f 7805 7796 7797
f 7805 7797 7803
f 7803 7797 7783
f 7768 7778 7819
f 7819 7778 7777
f 7819 7777 7820
f 7821 7822 7823
f 7823 7822 7824
f 7823 7824 7825
f 7825 7824 7826
f 7825 7826 7827
f 7828 7829 7830
f 7830 7829 7831
f 7830 7831 7832
f 7832 7831 7833
f 7832 7833 7834
f 7834 7833 7835
f 7731 7730 7772
f 7772 7730 7773
f 7772 7773 7821
f 7821 7773 7775
f 7821 7775 7822
f 7822 7775 7802
f 7822 7802 7824
f 7824 7802 7801
f 7824 7801 7826
f 7836 7837 7838
f 7838 7837 7839
f 7838 7839 7840
f 7840 7839 7841
f 7840 7841 7842
f 7842 7841 7843
f 7842 7843 7844
f 7746 7845 7747
f 7747 7845 7846
f 7845 7770 7846
f 7846 7770 7769
f 7846 7769 7847
f 7848 7836 7849
f 7849 7836 7838
f 7849 7838 7850
f 7850 7838 7840
f 7850 7840 7851
f 7851 7840 7842
f 7851 7842 7852
f 7852 7842 7844
f 7852 7844 7766
f 7766 7844 15
f 7766 15 14
f 7737 7738 7847
f 7847 7738 7742
f 7847 7742 7846
f 7846 7742 7741
f 7846 7741 7747
f 7837 7776 7839
f 7839 7776 7778
f 7839 7778 7841
f 7841 7778 7768
f 7841 7768 7843
f 7843 7768 33
f 7843 33 7844
f 7844 33 32
f 7844 32 15
f 7829 7771 7831
f 7831 7771 7770
f 7831 7770 7833
f 7833 7770 7845
f 7833 7845 7835
f 7835 7845 7746
f 7835 7746 7744
f 27 26 7820
f 7820 26 12
f 7820 12 7819
f 7819 12 11
f 7819 11 7768
f 7768 11 10
f 7768 10 34
f 7853 7854 7855
f 7855 7856 7853
f 7853 7856 7857
f 7853 7857 7858
f 7858 7857 7859
f 7858 7859 7860
f 7859 7861 7860
f 7860 7861 7862
f 7860 7862 7863
f 7862 7864 7863
f 7863 7864 7865
f 7863 7865 7866
f 7866 7865 7867
f 7866 7867 7868
f 7867 7869 7868
f 7868 7869 7870
f 7868 7870 7871
f 7870 7872 7871
f 7871 7872 5
f 7871 5 4
f 41 7767 42
f 918 7873 7874
f 7874 7873 7875
f 7874 7875 7876
f 923 914 7874
f 7874 914 916
f 7874 916 918
f 7875 7877 7876
f 7876 7877 7878
f 7876 7878 7879
f 7879 7878 7880
f 7879 7880 7881
f 7880 7882 7881
f 7881 7882 7883
f 7881 7883 7884
f 7883 7885 7884
f 7884 7885 7886
f 7884 7886 7887
f 7887 7886 7888
f 7887 7888 7889
f 7889 7888 7890
f 7889 7890 7854
f 7854 7890 7891
f 7854 7891 7855
f 925 924 7892
f 7892 924 7893
f 7892 7893 7894
f 7894 7893 7895
f 7894 7895 7896
f 7896 7895 7897
f 7896 7897 7898
f 7898 7897 7899
f 7898 7899 7900
f 7900 7899 7901
f 7900 7901 7902
f 7902 7901 7903
f 7902 7903 7904
f 7904 7903 7905
f 7904 7905 7906
f 7906 7905 7907
f 7906 7907 7908
f 4 42 7871
f 7871 42 7767
f 7871 7767 7868
f 7868 7767 7909
f 7868 7909 7866
f 7866 7909 7910
f 7866 7910 7863
f 7863 7910 7911
f 7863 7911 7860
f 7860 7911 7912
f 7860 7912 7858
f 7858 7912 7913
f 7858 7913 7853
f 7853 7913 7908
f 7853 7908 7854
f 7854 7908 7907
f 7854 7907 7889
f 7889 7907 7905
f 7889 7905 7887
f 7887 7905 7903
f 7887 7903 7884
f 7884 7903 7901
f 7884 7901 7881
f 7881 7901 7899
f 7881 7899 7879
f 7879 7899 7897
f 7879 7897 7876
f 7876 7897 7895
f 7876 7895 7874
f 7874 7895 7893
f 7874 7893 923
f 923 7893 924
f 31 7737 7766
f 7766 7737 7847
f 7766 7847 7852
f 7852 7847 7769
f 7852 7769 7851
f 7851 7769 7771
f 7851 7771 7850
f 7850 7771 7829
f 7850 7829 7849
f 7849 7829 7828
f 7849 7828 7848
f 7730 7735 7773
f 7773 7735 7734
f 7773 7734 7774
f 7774 7734 7765
f 7774 7765 7814
f 7814 7765 7764
f 7814 7764 7763
f 28 27 7914
f 7914 27 7820
f 7914 7820 7915
f 7915 7820 7777
f 7915 7777 7916
f 7916 7777 7776
f 7916 7776 7917
f 7917 7776 7837
f 7917 7837 7918
f 7918 7837 7836
f 7918 7836 7919
f 7919 7836 7848
f 7919 7848 7827
f 7827 7848 7828
f 7827 7828 7825
f 7825 7828 7830
f 7825 7830 7823
f 7823 7830 7832
f 7823 7832 7821
f 7821 7832 7834
f 7821 7834 7772
f 7772 7834 7835
f 7772 7835 7743
f 7743 7835 7744
f 40 28 7767
f 7767 28 7914
f 7767 7914 7909
f 7909 7914 7915
f 7909 7915 7910
f 7910 7915 7916
f 7910 7916 7911
f 7911 7916 7917
f 7911 7917 7912
f 7912 7917 7918
f 7912 7918 7913
f 7913 7918 7919
f 7913 7919 7908
f 7908 7919 7827
f 7908 7827 7906
f 7906 7827 7826
f 7906 7826 7904
f 7904 7826 7801
f 7904 7801 7902
f 7902 7801 7798
f 7902 7798 7900
f 7900 7798 7799
f 7900 7799 7898
f 7898 7799 7800
f 7898 7800 7896
f 7896 7800 7804
f 7896 7804 7894
f 7894 7804 7803
f 7894 7803 7892
f 7892 7803 7783
f 7892 7783 925
f 925 7783 912
f 3009 3008 7920
f 7921 7922 7923
f 7924 7925 7926
f 7927 7928 7929
f 7930 7931 7932
f 2994 2993 7933
f 2998 2997 7934
f 2996 3005 7935
f 2983 2982 7936
f 2981 2991 7937
f 2980 2976 7938
f 7939 7940 7941
f 7942 7943 7944
f 7945 7946 7947
f 3033 3032 7948
f 7862 7861 7949
f 7865 7864 7950
f 3037 3036 7951
f 2975 2974 7952
f 7953 7954 7955
f 7956 7957 7958
f 7857 7856 7959
f 7855 7891 7960
f 3024 3025 7961
f 3029 3028 7962
f 3027 3026 7963
f 3021 3020 7964
f 3017 3016 7965
f 7966 7967 7968
f 7969 7970 7971
f 7972 7973 7974
f 7975 7976 7977
f 7886 7885 7978
f 7883 7882 7979
f 7980 7981 946
f 7982 927 7981
f 7981 927 926
f 7981 926 946
f 7983 936 7984
f 7984 936 938
f 7984 938 7982
f 7982 938 939
f 7982 939 927
f 7985 966 7983
f 7983 966 965
f 7983 965 936
f 7986 7987 970
f 970 969 7986
f 7986 969 968
f 7986 968 7985
f 7985 968 967
f 7985 967 966
f 7988 7989 963
f 963 962 7988
f 7988 962 934
f 7988 934 7987
f 7987 934 933
f 7987 933 970
f 7990 959 958
f 7990 958 7991
f 7991 958 957
f 7991 957 7989
f 7989 957 964
f 7989 964 963
f 959 7990 960
f 960 7990 7992
f 960 7992 961
f 961 7992 922
f 922 7992 7993
f 922 7993 920
f 920 7993 7994
f 920 7994 919
f 7995 7880 7878
f 7995 7878 7996
f 918 919 7873
f 7873 919 7994
f 7873 7994 7875
f 7875 7994 7996
f 7875 7996 7877
f 7877 7996 7878
f 7973 7975 7997
f 7970 7972 7998
f 7967 7969 7999
f 8000 7966 8001
f 7975 7977 7997
f 7997 7977 8002
f 7997 8002 8003
f 8003 8002 8004
f 8003 8004 8005
f 8005 8004 8006
f 8005 8006 8007
f 8007 8006 8008
f 8007 8008 8009
f 8009 8008 8010
f 8009 8010 8011
f 8011 8010 7920
f 8011 7920 7965
f 7965 7920 3008
f 7965 3008 3017
f 3014 3015 8012
f 8012 3015 3022
f 7972 7974 7998
f 7998 7974 8013
f 7998 8013 8014
f 8014 8013 8015
f 8014 8015 8016
f 8016 8015 8017
f 8016 8017 8018
f 8018 8017 8019
f 8018 8019 8020
f 8020 8019 8021
f 8020 8021 8022
f 8022 8021 8012
f 8022 8012 7964
f 7964 8012 3022
f 7964 3022 3021
f 7973 7997 7974
f 7974 7997 8003
f 7974 8003 8013
f 8013 8003 8005
f 8013 8005 8015
f 8015 8005 8007
f 8015 8007 8017
f 8017 8007 8009
f 8017 8009 8019
f 8019 8009 8011
f 8019 8011 8021
f 8021 8011 7965
f 8021 7965 8012
f 8012 7965 3016
f 8012 3016 3014
f 3023 3019 8023
f 8023 3019 3018
f 7969 7971 7999
f 7999 7971 8024
f 7999 8024 8025
f 8025 8024 8026
f 8025 8026 8027
f 8027 8026 8028
f 8027 8028 8029
f 8029 8028 8030
f 8029 8030 8031
f 8031 8030 8032
f 8031 8032 8033
f 8033 8032 8023
f 8033 8023 7963
f 7963 8023 3018
f 7963 3018 3027
f 7966 7968 8001
f 8001 7968 8034
f 8001 8034 8035
f 8035 8034 8036
f 8035 8036 8037
f 8037 8036 8038
f 8037 8038 8039
f 8039 8038 8040
f 8039 8040 8041
f 8041 8040 8042
f 8041 8042 8043
f 8043 8042 7961
f 8043 7961 7962
f 7961 3025 7962
f 7962 3025 3030
f 7962 3030 3029
f 7967 7999 7968
f 7968 7999 8025
f 7968 8025 8034
f 8034 8025 8027
f 8034 8027 8036
f 8036 8027 8029
f 8036 8029 8038
f 8038 8029 8031
f 8038 8031 8040
f 8040 8031 8033
f 8040 8033 8042
f 8042 8033 7963
f 8042 7963 7961
f 7961 7963 3026
f 7961 3026 3024
f 7970 7998 7971
f 7971 7998 8014
f 7971 8014 8024
f 8024 8014 8016
f 8024 8016 8026
f 8026 8016 8018
f 8026 8018 8028
f 8028 8018 8020
f 8028 8020 8030
f 8030 8020 8022
f 8030 8022 8032
f 8032 8022 7964
f 8032 7964 8023
f 8023 7964 3020
f 8023 3020 3023
f 7856 7855 7959
f 7959 7855 7960
f 7959 7960 8044
f 8044 7960 8045
f 8044 8045 8046
f 8046 8045 8047
f 8046 8047 8048
f 8048 8047 8049
f 8048 8049 8050
f 8050 8049 8051
f 8050 8051 8052
f 8052 8051 8053
f 8052 8053 8054
f 8054 8053 8055
f 8054 8055 8056
f 8056 8055 8000
f 7861 7859 7949
f 7949 7859 8057
f 7949 8057 8058
f 8058 8057 8059
f 8058 8059 8060
f 8060 8059 8061
f 8060 8061 8062
f 8062 8061 8063
f 8062 8063 8064
f 8064 8063 8065
f 8064 8065 8066
f 8066 8065 8067
f 8066 8067 8068
f 8068 8067 8069
f 8068 8069 8070
f 8070 8069 8071
f 7859 7857 8057
f 8057 7857 7959
f 8057 7959 8059
f 8059 7959 8044
f 8059 8044 8061
f 8061 8044 8046
f 8061 8046 8063
f 8063 8046 8048
f 8063 8048 8065
f 8065 8048 8050
f 8065 8050 8067
f 8067 8050 8052
f 8067 8052 8069
f 8069 8052 8054
f 8069 8054 8071
f 8071 8054 8056
f 7954 7956 8072
f 8073 7953 8074
f 2975 7952 3031
f 7956 7958 8072
f 8072 7958 8075
f 8072 8075 8076
f 8076 8075 7948
f 8076 7948 7952
f 7952 7948 3032
f 7952 3032 3031
f 3034 8077 3035
f 7953 7955 8074
f 8074 7955 8078
f 8074 8078 8079
f 8079 8078 7951
f 8079 7951 8077
f 8077 7951 3036
f 8077 3036 3035
f 7954 8072 7955
f 7955 8072 8076
f 7955 8076 8078
f 8078 8076 7952
f 8078 7952 7951
f 7951 7952 2974
f 7951 2974 3037
f 7867 7865 8080
f 8080 7865 7950
f 8080 7950 8081
f 8081 7950 8082
f 8081 8082 8083
f 8083 8082 8084
f 8083 8084 8085
f 8085 8084 8073
f 3040 8086 3041
f 3041 8086 8087
f 3041 8087 3042
f 8088 8087 8089
f 8089 8087 8086
f 8089 8086 8090
f 8090 8086 8091
f 8090 8091 8092
f 8092 8091 8093
f 3040 3039 8086
f 8086 3039 3038
f 8086 3038 8091
f 8091 3038 3046
f 7869 7867 8092
f 8092 7867 8080
f 8092 8080 8090
f 8090 8080 8081
f 8090 8081 8089
f 8089 8081 8083
f 8089 8083 8088
f 8088 8083 8085
f 8073 8074 8085
f 8085 8074 8079
f 8085 8079 8088
f 8088 8079 8077
f 8088 8077 8087
f 8087 8077 3034
f 8087 3034 3042
f 7864 7862 7950
f 7950 7862 7949
f 7950 7949 8082
f 8082 7949 8058
f 8082 8058 8084
f 8084 8058 8060
f 8084 8060 8073
f 8073 8060 8062
f 8073 8062 7953
f 7953 8062 8064
f 7953 8064 7954
f 7954 8064 8066
f 7954 8066 7956
f 7956 8066 8068
f 7956 8068 7957
f 7957 8068 8070
f 8000 8001 8056
f 8056 8001 8035
f 8056 8035 8071
f 8071 8035 8037
f 8071 8037 8070
f 8070 8037 8039
f 8070 8039 7957
f 7957 8039 8041
f 7957 8041 7958
f 7958 8041 8043
f 7958 8043 8075
f 8075 8043 7962
f 8075 7962 7948
f 7948 7962 3028
f 7948 3028 3033
f 7945 7947 8094
f 8094 7947 8095
f 8094 8095 8096
f 7943 8097 8098
f 8099 8100 8101
f 8095 8102 8096
f 8096 8102 8103
f 8096 8103 8104
f 7940 8105 8106
f 7976 8107 8108
f 8109 8110 8111
f 8111 8110 8112
f 8111 8112 8113
f 8113 8112 8108
f 8113 8108 8114
f 8114 8108 8107
f 8114 8107 8115
f 8103 8116 8104
f 8104 8116 8117
f 8104 8117 8118
f 8118 8117 8119
f 8118 8119 8120
f 8121 8122 8123
f 8123 8122 8124
f 8123 8124 8125
f 8125 8124 8126
f 8125 8126 8127
f 8127 8126 8128
f 8127 8128 8129
f 8129 8128 8098
f 8129 8098 8130
f 8130 8098 8097
f 8130 8097 8131
f 8119 8132 8120
f 8120 8132 8133
f 8120 8133 8134
f 8135 8136 8137
f 8137 8136 8138
f 8137 8138 8139
f 8139 8138 8140
f 8139 8140 8141
f 8141 8140 8142
f 8141 8142 8143
f 8143 8142 8101
f 8143 8101 8144
f 8144 8101 8100
f 8144 8100 8145
f 8146 8147 8148
f 7938 8121 8134
f 8134 8121 8123
f 8134 8123 8120
f 8120 8123 8125
f 8120 8125 8118
f 8118 8125 8127
f 8118 8127 8104
f 8104 8127 8129
f 8104 8129 8096
f 8096 8129 8130
f 8096 8130 8094
f 8094 8130 8131
f 8094 8131 7945
f 2980 7938 2979
f 8133 8149 8134
f 8134 8149 8150
f 8134 8150 7938
f 7938 8150 8151
f 7938 8151 2979
f 2979 8151 897
f 2977 2978 8146
f 8146 2978 2986
f 8146 2986 8147
f 8147 2986 2985
f 8147 2985 2984
f 2976 2977 7938
f 7938 2977 8146
f 7938 8146 8121
f 8121 8146 8148
f 8121 8148 8122
f 8152 8153 8154
f 7937 8135 8155
f 8155 8135 8137
f 8155 8137 8156
f 8156 8137 8139
f 8156 8139 8157
f 8157 8139 8141
f 8157 8141 8158
f 8158 8141 8143
f 8158 8143 8159
f 8159 8143 8144
f 8159 8144 8160
f 8160 8144 8145
f 8160 8145 7942
f 7942 7944 8160
f 8160 7944 8161
f 8160 8161 8159
f 8159 8161 8162
f 8159 8162 8158
f 8158 8162 8163
f 8158 8163 8157
f 8157 8163 8164
f 8157 8164 8156
f 8156 8164 8165
f 8156 8165 8155
f 8155 8165 7936
f 8155 7936 7937
f 7937 7936 2982
f 7937 2982 2981
f 2991 2990 8152
f 8152 2990 2987
f 8152 2987 8153
f 7937 2991 8152
f 7937 8152 8135
f 8135 8152 8154
f 8135 8154 8136
f 7943 8098 7944
f 7944 8098 8128
f 7944 8128 8161
f 8161 8128 8126
f 8161 8126 8162
f 8162 8126 8124
f 8162 8124 8163
f 8163 8124 8122
f 8163 8122 8164
f 8164 8122 8148
f 8164 8148 8165
f 8165 8148 8147
f 8165 8147 7936
f 7936 8147 2984
f 7936 2984 2983
f 8166 8167 8168
f 8168 8167 8169
f 8168 8169 8170
f 8170 8169 8171
f 8170 8171 8172
f 8172 8171 8173
f 8172 8173 8174
f 8174 8173 8175
f 8174 8175 8176
f 8176 8175 8177
f 8176 8177 8178
f 8167 8109 8169
f 8169 8109 8111
f 8169 8111 8171
f 8171 8111 8113
f 8171 8113 8173
f 8173 8113 8114
f 8173 8114 8175
f 8175 8114 8115
f 8175 8115 8177
f 2993 8179 7933
f 7933 8179 8180
f 7933 8180 8181
f 8181 8180 8182
f 8181 8182 8183
f 8183 8182 8184
f 8183 8184 8185
f 8185 8184 8186
f 8185 8186 8187
f 8187 8186 8188
f 8187 8188 8189
f 8189 8188 8106
f 8189 8106 8190
f 8190 8106 8105
f 8190 8105 8099
f 7939 7941 8191
f 8191 7941 8192
f 8191 8192 8193
f 8193 8192 8194
f 8193 8194 8195
f 8195 8194 8196
f 8195 8196 8197
f 8197 8196 8198
f 8197 8198 8199
f 8199 8198 8200
f 8199 8200 8201
f 8201 8200 7934
f 8201 7934 7935
f 7935 7934 2997
f 7935 2997 2996
f 2993 2992 8179
f 8179 2992 3000
f 8179 3000 2999
f 7940 8106 7941
f 7941 8106 8188
f 7941 8188 8192
f 8192 8188 8186
f 8192 8186 8194
f 8194 8186 8184
f 8194 8184 8196
f 8196 8184 8182
f 8196 8182 8198
f 8198 8182 8180
f 8198 8180 8200
f 8200 8180 8179
f 8200 8179 7934
f 7934 8179 2999
f 7934 2999 2998
f 7935 8166 8201
f 8201 8166 8168
f 8201 8168 8199
f 8199 8168 8170
f 8199 8170 8197
f 8197 8170 8172
f 8197 8172 8195
f 8195 8172 8174
f 8195 8174 8193
f 8193 8174 8176
f 8193 8176 8191
f 8191 8176 8178
f 8191 8178 7939
f 8202 8203 8204
f 8205 8206 8207
f 8207 8206 8208
f 8207 8208 8209
f 8209 8208 8210
f 8209 8210 8211
f 3012 3011 8210
f 8210 3011 3007
f 8210 3007 8211
f 8211 3007 3006
f 8211 3006 3010
f 8206 8204 8208
f 8208 8204 8203
f 8208 8203 8210
f 8210 8203 3013
f 8210 3013 3012
f 3004 3003 8202
f 8202 3003 3002
f 8202 3002 8203
f 8203 3002 3001
f 8203 3001 3013
f 3005 3004 7935
f 7935 3004 8202
f 7935 8202 8166
f 8166 8202 8204
f 8166 8204 8167
f 8167 8204 8206
f 8167 8206 8109
f 8109 8206 8205
f 8109 8205 8110
f 2987 2988 8153
f 8153 2988 2989
f 8153 2989 2995
f 8099 8101 8190
f 8190 8101 8142
f 8190 8142 8189
f 8189 8142 8140
f 8189 8140 8187
f 8187 8140 8138
f 8187 8138 8185
f 8185 8138 8136
f 8185 8136 8183
f 8183 8136 8154
f 8183 8154 8181
f 8181 8154 8153
f 8181 8153 7933
f 7933 8153 2995
f 7933 2995 2994
f 8212 1111 1110
f 1110 1054 8212
f 8212 1054 8213
f 8212 8213 8214
f 1111 8212 985
f 985 8212 8215
f 985 8215 986
f 986 8215 1055
f 1055 8215 8216
f 1055 8216 1056
f 1056 8216 1057
f 1057 8216 8217
f 1057 8217 1058
f 1058 8217 1059
f 1059 8217 8218
f 1059 8218 1060
f 1060 8218 1061
f 1061 8218 8219
f 1061 8219 1062
f 1062 8219 976
f 976 8219 8220
f 976 8220 977
f 977 8220 998
f 998 8220 8221
f 998 8221 999
f 999 8221 950
f 950 8221 8222
f 950 8222 951
f 8223 8224 973
f 973 972 8223
f 8223 972 971
f 8223 971 8222
f 8222 971 953
f 8222 953 951
f 8225 8226 947
f 947 932 8225
f 8225 932 930
f 8225 930 8224
f 8224 930 929
f 8224 929 973
f 8227 8228 941
f 941 940 8227
f 8227 940 949
f 8227 949 8226
f 8226 949 948
f 8226 948 947
f 946 945 7980
f 7980 945 944
f 7980 944 8228
f 8228 944 943
f 8228 943 941
f 8229 8230 8231
f 8231 8230 8232
f 8231 8232 8233
f 8233 8232 8234
f 8233 8234 8235
f 8235 8234 8236
f 8235 8236 8237
f 8237 8236 8238
f 8237 8238 8239
f 8239 8238 8240
f 8239 8240 8241
f 8241 8240 8242
f 8241 8242 8243
f 8243 8242 8244
f 8243 8244 8245
f 8245 8244 8246
f 8245 8246 8247
f 8247 8246 8248
f 8247 8248 8249
f 8249 8248 8250
f 8249 8250 8251
f 8251 8250 8252
f 8251 8252 8253
f 8253 8252 8254
f 8253 8254 8255
f 8255 8254 8256
f 8255 8256 8257
f 8257 8256 8258
f 8257 8258 8259
f 8259 8258 8260
f 8259 8260 8261
f 8261 8260 8262
f 8261 8262 8263
f 8263 8262 8264
f 8263 8264 8265
f 8265 8264 8266
f 8265 8266 8267
f 8267 8266 8268
f 8267 8268 8269
f 8269 8268 8270
f 8269 8270 8271
f 8271 8270 8272
f 8271 8272 8273
f 8273 8272 8274
f 8273 8274 8275
f 8275 8274 8276
f 8275 8276 8277
f 8277 8276 8278
f 8277 8278 8279
f 8279 8278 8280
f 8279 8280 8281
f 8281 8280 8282
f 8281 8282 8283
f 8283 8282 8284
f 8283 8284 8285
f 8285 8284 8286
f 8285 8286 7932
f 7932 8286 8287
f 7932 8287 7930
f 7930 8287 8288
f 8214 8288 8212
f 8212 8288 8287
f 8212 8287 8215
f 8215 8287 8286
f 8215 8286 8216
f 8216 8286 8284
f 8216 8284 8217
f 8217 8284 8282
f 8217 8282 8218
f 8218 8282 8280
f 8218 8280 8219
f 8219 8280 8278
f 8219 8278 8220
f 8220 8278 8276
f 8220 8276 8221
f 8221 8276 8274
f 8221 8274 8222
f 8222 8274 8272
f 8222 8272 8223
f 8223 8272 8270
f 8223 8270 8224
f 8224 8270 8268
f 8224 8268 8225
f 8225 8268 8266
f 8225 8266 8226
f 8226 8266 8264
f 8226 8264 8227
f 8227 8264 8262
f 8227 8262 8228
f 8228 8262 8260
f 8228 8260 7980
f 7980 8260 8258
f 7980 8258 7981
f 7981 8258 8256
f 7981 8256 7982
f 7982 8256 8254
f 7982 8254 7984
f 7984 8254 8252
f 7984 8252 7983
f 7983 8252 8250
f 7983 8250 7985
f 7985 8250 8248
f 7985 8248 7986
f 7986 8248 8246
f 7986 8246 7987
f 7987 8246 8244
f 7987 8244 7988
f 7988 8244 8242
f 7988 8242 7989
f 7989 8242 8240
f 7989 8240 7991
f 7991 8240 8238
f 7991 8238 7990
f 7990 8238 8236
f 7990 8236 7992
f 7992 8236 8234
f 7992 8234 7993
f 7993 8234 8232
f 7993 8232 7994
f 7994 8232 8230
f 7994 8230 7996
f 7996 8230 8229
f 7996 8229 7995
f 7885 7883 7978
f 7978 7883 7979
f 7978 7979 8289
f 8289 7979 8290
f 8289 8290 8291
f 8291 8290 8292
f 8291 8292 8293
f 8293 8292 8294
f 8293 8294 8295
f 8295 8294 8296
f 8295 8296 8297
f 8297 8296 8298
f 8297 8298 8299
f 8299 8298 8300
f 8299 8300 8301
f 8301 8300 8302
f 8301 8302 8303
f 8303 8302 8304
f 8303 8304 8305
f 8305 8304 8306
f 8305 8306 8307
f 8307 8306 8308
f 8307 8308 8309
f 8309 8308 8310
f 8309 8310 8311
f 8311 8310 8312
f 8311 8312 8313
f 8313 8312 8314
f 8313 8314 8315
f 8315 8314 8316
f 8315 8316 8317
f 8317 8316 8318
f 8317 8318 8319
f 8319 8318 8320
f 8319 8320 8321
f 8321 8320 8322
f 8321 8322 8323
f 8323 8322 8324
f 8323 8324 8325
f 8325 8324 8326
f 8325 8326 8327
f 8327 8326 8328
f 8327 8328 8329
f 8329 8328 8330
f 8329 8330 8331
f 8331 8330 8332
f 8331 8332 8333
f 8333 8332 8334
f 8333 8334 8335
f 8335 8334 8336
f 8335 8336 8337
f 8337 8336 8338
f 8337 8338 8339
f 8339 8338 8340
f 8339 8340 8341
f 8341 8340 8342
f 8341 8342 8343
f 8343 8342 8344
f 8343 8344 8345
f 8345 8344 8346
f 8345 8346 8347
f 8347 8346 7929
f 8347 7929 8348
f 8348 7929 7928
f 7890 7888 8349
f 8349 7888 8350
f 8349 8350 8351
f 8351 8350 8352
f 8351 8352 8353
f 8353 8352 8354
f 8353 8354 8355
f 8355 8354 8356
f 8355 8356 8357
f 8357 8356 8358
f 8357 8358 8359
f 8359 8358 8360
f 8359 8360 8361
f 8361 8360 8362
f 8361 8362 8363
f 8363 8362 8364
f 8363 8364 8365
f 8365 8364 8366
f 8365 8366 8367
f 8367 8366 8368
f 8367 8368 8369
f 8369 8368 8370
f 8369 8370 8371
f 8371 8370 8372
f 8371 8372 8373
f 8373 8372 8374
f 8373 8374 8375
f 8375 8374 8376
f 8375 8376 8377
f 8377 8376 8378
f 8377 8378 8379
f 8379 8378 8380
f 8379 8380 8381
f 8381 8380 8382
f 8381 8382 8383
f 8383 8382 8384
f 8383 8384 8385
f 8385 8384 8386
f 8385 8386 8387
f 8387 8386 8388
f 8387 8388 8389
f 8389 8388 8390
f 8389 8390 8391
f 8391 8390 8392
f 8391 8392 8393
f 8393 8392 8394
f 8393 8394 8395
f 8395 8394 8396
f 8395 8396 8397
f 8397 8396 8398
f 8397 8398 8399
f 8399 8398 8400
f 8399 8400 8401
f 8401 8400 8402
f 8401 8402 8403
f 8403 8402 8404
f 8403 8404 8405
f 8405 8404 8406
f 8405 8406 8407
f 8407 8406 8408
f 8407 8408 7923
f 7923 8408 7926
f 7923 7926 7921
f 7921 7926 7925
f 7888 7886 8350
f 8350 7886 7978
f 8350 7978 8352
f 8352 7978 8289
f 8352 8289 8354
f 8354 8289 8291
f 8354 8291 8356
f 8356 8291 8293
f 8356 8293 8358
f 8358 8293 8295
f 8358 8295 8360
f 8360 8295 8297
f 8360 8297 8362
f 8362 8297 8299
f 8362 8299 8364
f 8364 8299 8301
f 8364 8301 8366
f 8366 8301 8303
f 8366 8303 8368
f 8368 8303 8305
f 8368 8305 8370
f 8370 8305 8307
f 8370 8307 8372
f 8372 8307 8309
f 8372 8309 8374
f 8374 8309 8311
f 8374 8311 8376
f 8376 8311 8313
f 8376 8313 8378
f 8378 8313 8315
f 8378 8315 8380
f 8380 8315 8317
f 8380 8317 8382
f 8382 8317 8319
f 8382 8319 8384
f 8384 8319 8321
f 8384 8321 8386
f 8386 8321 8323
f 8386 8323 8388
f 8388 8323 8325
f 8388 8325 8390
f 8390 8325 8327
f 8390 8327 8392
f 8392 8327 8329
f 8392 8329 8394
f 8394 8329 8331
f 8394 8331 8396
f 8396 8331 8333
f 8396 8333 8398
f 8398 8333 8335
f 8398 8335 8400
f 8400 8335 8337
f 8400 8337 8402
f 8402 8337 8339
f 8402 8339 8404
f 8404 8339 8341
f 8404 8341 8406
f 8406 8341 8343
f 8406 8343 8408
f 8408 8343 8345
f 8408 8345 7926
f 7926 8345 8347
f 7926 8347 7924
f 7924 8347 8348
f 7882 7880 7979
f 7979 7880 7995
f 7979 7995 8290
f 8290 7995 8229
f 8290 8229 8292
f 8292 8229 8231
f 8292 8231 8294
f 8294 8231 8233
f 8294 8233 8296
f 8296 8233 8235
f 8296 8235 8298
f 8298 8235 8237
f 8298 8237 8300
f 8300 8237 8239
f 8300 8239 8302
f 8302 8239 8241
f 8302 8241 8304
f 8304 8241 8243
f 8304 8243 8306
f 8306 8243 8245
f 8306 8245 8308
f 8308 8245 8247
f 8308 8247 8310
f 8310 8247 8249
f 8310 8249 8312
f 8312 8249 8251
f 8312 8251 8314
f 8314 8251 8253
f 8314 8253 8316
f 8316 8253 8255
f 8316 8255 8318
f 8318 8255 8257
f 8318 8257 8320
f 8320 8257 8259
f 8320 8259 8322
f 8322 8259 8261
f 8322 8261 8324
f 8324 8261 8263
f 8324 8263 8326
f 8326 8263 8265
f 8326 8265 8328
f 8328 8265 8267
f 8328 8267 8330
f 8330 8267 8269
f 8330 8269 8332
f 8332 8269 8271
f 8332 8271 8334
f 8334 8271 8273
f 8334 8273 8336
f 8336 8273 8275
f 8336 8275 8338
f 8338 8275 8277
f 8338 8277 8340
f 8340 8277 8279
f 8340 8279 8342
f 8342 8279 8281
f 8342 8281 8344
f 8344 8281 8283
f 8344 8283 8346
f 8346 8283 8285
f 8346 8285 7929
f 7929 8285 7932
f 7929 7932 7927
f 7927 7932 7931
f 3046 3045 8091
f 8091 3045 3044
f 8091 3044 8093
f 8093 3044 3043
f 8093 3043 3047
f 7869 8092 7870
f 7870 8092 8093
f 7870 8093 7872
f 7872 8093 3047
f 7872 3047 5
f 7976 8108 7977
f 7977 8108 8112
f 7977 8112 8002
f 8002 8112 8110
f 8002 8110 8004
f 8004 8110 8205
f 8004 8205 8006
f 8006 8205 8207
f 8006 8207 8008
f 8008 8207 8209
f 8008 8209 8010
f 8010 8209 8211
f 8010 8211 7920
f 7920 8211 3010
f 7920 3010 3009
f 7891 7890 7960
f 7960 7890 8349
f 7960 8349 8045
f 8045 8349 8351
f 8045 8351 8047
f 8047 8351 8353
f 8047 8353 8049
f 8049 8353 8355
f 8049 8355 8051
f 8051 8355 8357
f 8051 8357 8053
f 8053 8357 8359
f 8053 8359 8055
f 8055 8359 8361
f 8055 8361 8000
f 8000 8361 8363
f 8000 8363 7966
f 7966 8363 8365
f 7966 8365 7967
f 7967 8365 8367
f 7967 8367 7969
f 7969 8367 8369
f 7969 8369 7970
f 7970 8369 8371
f 7970 8371 7972
f 7972 8371 8373
f 7972 8373 7973
f 7973 8373 8375
f 7973 8375 7975
f 7975 8375 8377
f 7975 8377 7976
f 7976 8377 8379
f 7976 8379 8107
f 8107 8379 8381
f 8107 8381 8115
f 8115 8381 8383
f 8115 8383 8177
f 8177 8383 8385
f 8177 8385 8178
f 8178 8385 8387
f 8178 8387 7939
f 7939 8387 8389
f 7939 8389 7940
f 7940 8389 8391
f 7940 8391 8105
f 8105 8391 8393
f 8105 8393 8099
f 8099 8393 8395
f 8099 8395 8100
f 8100 8395 8397
f 8100 8397 8145
f 8145 8397 8399
f 8145 8399 7942
f 7942 8399 8401
f 7942 8401 7943
f 7943 8401 8403
f 7943 8403 8097
f 8097 8403 8405
f 8097 8405 8131
f 8131 8405 8407
f 8131 8407 7945
f 7945 8407 7923
f 7945 7923 7946
f 7946 7923 7922
f 689 897 8151
f 8214 8213 8409
f 8409 8213 1054
f 8409 1054 1053
f 8409 8410 8214
f 8214 8410 8411
f 8214 8411 8288
f 8288 8411 8412
f 8288 8412 7930
f 8412 8413 7930
f 7930 8413 8414
f 7930 8414 7931
f 7931 8414 8415
f 7931 8415 7927
f 7927 8415 8416
f 7927 8416 7928
f 8416 8417 7928
f 7928 8417 8418
f 7928 8418 8348
f 8348 8418 8419
f 8348 8419 7924
f 8419 8420 7924
f 7924 8420 8421
f 7924 8421 7925
f 7925 8421 8422
f 7925 8422 7921
f 7921 8422 8423
f 7921 8423 7922
f 7922 8423 8424
f 7922 8424 7946
f 8424 8425 7946
f 7946 8425 8426
f 7946 8426 7947
f 7947 8426 8427
f 7947 8427 8095
f 8427 8428 8095
f 8095 8428 8429
f 8095 8429 8102
f 8102 8429 8430
f 8102 8430 8103
f 8430 8431 8103
f 8103 8431 8432
f 8103 8432 8116
f 8116 8432 8433
f 8116 8433 8117
f 8117 8433 8434
f 8117 8434 8119
f 8434 8435 8119
f 8119 8435 8436
f 8119 8436 8132
f 8132 8436 8437
f 8132 8437 8133
f 8437 8438 8133
f 8133 8438 8439
f 8133 8439 8149
f 8149 8439 8440
f 8149 8440 8150
f 8150 8440 8441
f 8150 8441 8151
f 8151 8441 8442
f 8151 8442 689
f 8442 8441 8443
f 8444 8445 8446
f 8447 8448 8449
f 8450 8451 8452
f 8453 8454 8455
f 671 670 8456
f 674 673 8457
f 754 753 8458
f 677 676 8459
f 724 723 8460
f 8461 8462 8463
f 8464 8465 8466
f 8467 8468 8469
f 8470 8471 8472
f 8473 8474 8475
f 8476 8477 8478
f 8479 8480 8481
f 8482 8483 8484
f 8485 8486 8487
f 8488 8489 8490
f 8491 8492 8493
f 8494 8495 8496
f 8497 8498 8499
f 8500 8501 8502
f 8503 8504 8505
f 8506 8507 8508
f 8509 8510 8511
f 8512 8513 8514
f 8515 8516 8517
f 8518 8519 8520
f 8521 8522 8523
f 8524 8525 8526
f 8527 8528 8529
f 8530 8531 8532
f 8533 8534 8535
f 8536 8537 8538
f 8433 8432 8539
f 8438 8437 8540
f 8440 8439 8541
f 8435 8434 8542
f 8543 8544 850
f 8431 8430 8545
f 8426 8425 8546
f 834 833 8547
f 8548 8549 8550
f 803 802 8551
f 796 795 8552
f 8553 8554 8555
f 8556 8557 8558
f 8559 8560 8561
f 8562 8563 8564
f 8565 8566 8567
f 8568 8569 8570
f 8571 8572 8573
f 8416 8415 8574
f 8420 8419 8575
f 8423 8422 8576
f 8418 8417 8577
f 8411 8410 8578
f 8413 8412 8579
f 8580 8581 1043
f 8582 8583 1099
f 8584 8585 1184
f 8586 8587 1141
f 8588 1142 8589
f 8589 1142 1139
f 8589 1139 8587
f 8587 1139 1140
f 8587 1140 1141
f 8590 8591 1039
f 8592 8593 1144
f 1144 982 8592
f 8592 982 981
f 8592 981 8591
f 8591 981 1040
f 8591 1040 1039
f 1039 1013 8590
f 8590 1013 1012
f 8590 1012 8588
f 8588 1012 1143
f 8588 1143 1142
f 8594 8595 1084
f 1084 1083 8594
f 8594 1083 1082
f 8594 1082 8596
f 8597 8598 1091
f 1091 1090 8597
f 8597 1090 1089
f 8597 1089 8599
f 8599 1089 1088
f 8599 1088 8600
f 1088 1087 8600
f 8600 1087 1086
f 8600 1086 8595
f 8595 1086 1085
f 8595 1085 1084
f 1082 1148 8596
f 8596 1148 1147
f 8596 1147 8601
f 8601 1147 1146
f 8601 1146 8593
f 8593 1146 1145
f 8593 1145 1144
f 8602 1093 8598
f 8598 1093 1092
f 8598 1092 1091
f 1184 1151 8584
f 8584 1151 1150
f 8584 1150 8602
f 8602 1150 1149
f 8602 1149 1093
f 8603 8604 1041
f 8605 8606 1210
f 1210 1209 8605
f 8605 1209 1208
f 8605 1208 8604
f 8604 1208 1042
f 8604 1042 1041
f 1041 1188 8603
f 8603 1188 1187
f 8603 1187 8607
f 8607 1187 1186
f 8607 1186 8585
f 8585 1186 1185
f 8585 1185 1184
f 8608 8609 983
f 983 1197 8608
f 8608 1197 1196
f 8608 1196 8610
f 8611 1199 8612
f 8612 1199 1198
f 8612 1198 8613
f 1198 1096 8613
f 8613 1096 1095
f 8613 1095 8614
f 8614 1095 1094
f 8614 1094 8609
f 8609 1094 984
f 8609 984 983
f 1196 1190 8610
f 8610 1190 1189
f 8610 1189 8615
f 8615 1189 1214
f 8615 1214 8606
f 8606 1214 1213
f 8606 1213 1210
f 8616 1201 8611
f 8611 1201 1200
f 8611 1200 1199
f 1099 1098 8582
f 8582 1098 1097
f 8582 1097 8616
f 8616 1097 1202
f 8616 1202 1201
f 8617 8618 1211
f 8619 8620 1216
f 1216 1217 8619
f 8619 1217 1218
f 8619 1218 8618
f 8618 1218 1212
f 8618 1212 1211
f 1211 1103 8617
f 8617 1103 1102
f 8617 1102 8621
f 8621 1102 1101
f 8621 1101 8583
f 8583 1101 1100
f 8583 1100 1099
f 8622 8623 1152
f 1152 1106 8622
f 8622 1106 1105
f 8622 1105 8624
f 8625 8626 1064
f 8627 992 8628
f 8628 992 955
f 8628 955 8626
f 8626 955 954
f 8626 954 1064
f 1064 980 8625
f 8625 980 1104
f 8625 1104 8623
f 8623 1104 1153
f 8623 1153 1152
f 1105 1205 8624
f 8624 1205 1204
f 8624 1204 8629
f 8629 1204 1203
f 8629 1203 8620
f 8620 1203 1215
f 8620 1215 1216
f 8630 994 8627
f 8627 994 993
f 8627 993 992
f 1043 997 8580
f 8580 997 996
f 8580 996 8630
f 8630 996 995
f 8630 995 994
f 8631 8632 1048
f 8633 1050 8632
f 8632 1050 1049
f 8632 1049 1048
f 1048 1047 8631
f 8631 1047 1046
f 8631 1046 8634
f 8634 1046 1045
f 8634 1045 8581
f 8581 1045 1044
f 8581 1044 1043
f 8635 8636 1160
f 1160 1159 8635
f 8635 1159 1158
f 8635 1158 8637
f 8637 1158 1157
f 8637 1157 8638
f 8639 8640 1109
f 8578 975 974
f 8578 974 8641
f 8641 974 1163
f 8641 1163 8640
f 8640 1163 1162
f 8640 1162 1109
f 1109 1108 8639
f 8639 1108 1107
f 8639 1107 8636
f 8636 1107 1161
f 8636 1161 1160
f 1157 1156 8638
f 8638 1156 1155
f 8638 1155 8642
f 8642 1155 1154
f 8642 1154 8633
f 8633 1154 1051
f 8633 1051 1050
f 8409 1053 1052
f 975 8578 1052
f 1052 8578 8410
f 1052 8410 8409
f 8413 8579 8414
f 8420 8575 8421
f 8643 8571 8644
f 8569 8645 8646
f 8647 8566 8648
f 8648 8566 8565
f 8648 8565 8649
f 8650 8649 8651
f 8651 8649 8565
f 8651 8565 8652
f 8652 8565 8567
f 8652 8567 8653
f 8654 8650 8655
f 8655 8650 8651
f 8655 8651 8656
f 8656 8651 8652
f 8656 8652 8657
f 8657 8652 8653
f 8657 8653 8658
f 8659 8654 8660
f 8660 8654 8655
f 8660 8655 8661
f 8661 8655 8656
f 8661 8656 8662
f 8662 8656 8657
f 8662 8657 8663
f 8663 8657 8658
f 8663 8658 8664
f 8563 8665 8666
f 8667 8559 8668
f 8560 8562 8669
f 8557 8670 8671
f 8554 8556 8672
f 8673 8674 8675
f 8676 8677 8678
f 8678 8677 8679
f 8678 8679 8680
f 8680 8679 8675
f 8680 8675 8681
f 8681 8675 8674
f 8681 8674 8682
f 8683 8684 8685
f 8685 8684 8686
f 8685 8686 8687
f 8687 8686 8688
f 8687 8688 8689
f 8689 8688 8690
f 8689 8690 8691
f 8691 8690 8692
f 8691 8692 8693
f 8693 8692 8646
f 8693 8646 8694
f 8694 8646 8645
f 8694 8645 8643
f 8695 8659 8696
f 8696 8659 8660
f 8696 8660 8697
f 8697 8660 8661
f 8697 8661 8698
f 8698 8661 8662
f 8698 8662 8699
f 8699 8662 8663
f 8699 8663 8700
f 8700 8663 8664
f 8700 8664 8701
f 8702 8703 8704
f 8705 8703 8706
f 8706 8703 8702
f 8706 8702 8707
f 8708 8701 8709
f 8709 8701 8664
f 8709 8664 8710
f 8710 8664 8658
f 8710 8658 8711
f 8711 8658 8653
f 8711 8653 8712
f 8712 8653 8567
f 8712 8567 8713
f 8713 8567 8566
f 8713 8566 8714
f 8714 8566 8647
f 8714 8647 8568
f 8571 8573 8644
f 8644 8573 8715
f 8644 8715 8716
f 8716 8715 8717
f 8716 8717 8718
f 8718 8717 8719
f 8718 8719 8720
f 8720 8719 8721
f 8720 8721 8722
f 8722 8721 8723
f 8722 8723 8724
f 8724 8723 8725
f 8724 8725 8726
f 8726 8725 785
f 8726 785 790
f 792 796 8683
f 8683 796 8552
f 8683 8552 8684
f 8643 8644 8694
f 8694 8644 8716
f 8694 8716 8693
f 8693 8716 8718
f 8693 8718 8691
f 8691 8718 8720
f 8691 8720 8689
f 8689 8720 8722
f 8689 8722 8687
f 8687 8722 8724
f 8687 8724 8685
f 8685 8724 8726
f 8685 8726 8683
f 8683 8726 790
f 8683 790 792
f 8568 8570 8714
f 8714 8570 8727
f 8714 8727 8713
f 8713 8727 8728
f 8713 8728 8712
f 8712 8728 8729
f 8712 8729 8711
f 8711 8729 8730
f 8711 8730 8710
f 8710 8730 8731
f 8710 8731 8709
f 8709 8731 8732
f 8709 8732 8708
f 8708 8732 794
f 8708 794 793
f 799 801 8733
f 793 797 8708
f 8708 797 8734
f 8708 8734 8701
f 8701 8734 8735
f 8701 8735 8700
f 8700 8735 8736
f 8700 8736 8699
f 8699 8736 8737
f 8699 8737 8698
f 8698 8737 8738
f 8698 8738 8697
f 8697 8738 8739
f 8697 8739 8696
f 8696 8739 8740
f 8696 8740 8695
f 8695 8740 8741
f 8569 8646 8570
f 8570 8646 8692
f 8570 8692 8727
f 8727 8692 8690
f 8727 8690 8728
f 8728 8690 8688
f 8728 8688 8729
f 8729 8688 8686
f 8729 8686 8730
f 8730 8686 8684
f 8730 8684 8731
f 8731 8684 8552
f 8731 8552 8732
f 8732 8552 795
f 8732 795 794
f 797 799 8734
f 8734 799 8733
f 8734 8733 8735
f 8735 8733 8742
f 8735 8742 8736
f 8736 8742 8743
f 8736 8743 8737
f 8737 8743 8744
f 8737 8744 8738
f 8738 8744 8745
f 8738 8745 8739
f 8739 8745 8746
f 8739 8746 8740
f 8740 8746 8747
f 8740 8747 8741
f 8741 8747 8748
f 805 804 8749
f 8749 804 8750
f 8749 8750 8751
f 8751 8750 8752
f 8751 8752 8753
f 8753 8752 8754
f 8753 8754 8755
f 8755 8754 8756
f 8755 8756 8757
f 8757 8756 8758
f 8757 8758 8759
f 8759 8758 8760
f 8759 8760 8761
f 8761 8760 8762
f 8761 8762 8763
f 8763 8762 8764
f 8765 8705 8766
f 8766 8705 8706
f 8766 8706 8767
f 8767 8706 8707
f 8767 8707 8768
f 802 806 8551
f 8551 806 8769
f 8551 8769 8770
f 8770 8769 8771
f 8770 8771 8772
f 8772 8771 8773
f 8772 8773 8774
f 8774 8773 8775
f 8774 8775 8776
f 8776 8775 8777
f 8776 8777 8778
f 804 803 8750
f 8750 803 8551
f 8750 8551 8752
f 8752 8551 8770
f 8752 8770 8754
f 8754 8770 8772
f 8754 8772 8756
f 8756 8772 8774
f 8756 8774 8758
f 8758 8774 8776
f 8758 8776 8760
f 8760 8776 8778
f 8760 8778 8762
f 806 808 8769
f 8769 808 8768
f 8769 8768 8771
f 8771 8768 8707
f 8771 8707 8773
f 8773 8707 8702
f 8773 8702 8775
f 8775 8702 8704
f 8775 8704 8777
f 8763 8748 8761
f 8761 8748 8747
f 8761 8747 8759
f 8759 8747 8746
f 8759 8746 8757
f 8757 8746 8745
f 8757 8745 8755
f 8755 8745 8744
f 8755 8744 8753
f 8753 8744 8743
f 8753 8743 8751
f 8751 8743 8742
f 8751 8742 8749
f 8749 8742 8733
f 8749 8733 805
f 805 8733 801
f 8779 8780 8781
f 8781 8780 8782
f 8781 8782 8783
f 8783 8782 8784
f 8783 8784 8785
f 8785 8784 8786
f 8785 8786 8787
f 8787 8786 8788
f 8787 8788 8789
f 8789 8788 8671
f 8789 8671 8790
f 8790 8671 8670
f 8790 8670 8667
f 8791 8792 8793
f 8793 8792 8794
f 8793 8794 8795
f 8795 8794 8796
f 8795 8796 8797
f 8797 8796 8798
f 8797 8798 8799
f 8799 8798 8800
f 8799 8800 8801
f 8801 8800 8802
f 8801 8802 8803
f 8792 8676 8794
f 8794 8676 8678
f 8794 8678 8796
f 8796 8678 8680
f 8796 8680 8798
f 8798 8680 8681
f 8798 8681 8800
f 8800 8681 8682
f 8800 8682 8802
f 817 8804 8805
f 8805 8804 8806
f 8805 8806 8807
f 8807 8806 8808
f 8807 8808 8809
f 8809 8808 8810
f 8809 8810 8811
f 8811 8810 8812
f 8811 8812 8813
f 8813 8812 8814
f 8813 8814 8815
f 8815 8814 8666
f 8815 8666 8816
f 8816 8666 8665
f 8816 8665 8764
f 8562 8564 8669
f 8669 8564 8817
f 8669 8817 8818
f 8818 8817 8819
f 8818 8819 8820
f 8820 8819 8821
f 8820 8821 8822
f 8822 8821 8823
f 8822 8823 8824
f 8824 8823 8825
f 8824 8825 8826
f 8826 8825 8827
f 8826 8827 8828
f 8563 8666 8564
f 8564 8666 8814
f 8564 8814 8817
f 8817 8814 8812
f 8817 8812 8819
f 8819 8812 8810
f 8819 8810 8821
f 8821 8810 8808
f 8821 8808 8823
f 8823 8808 8806
f 8823 8806 8825
f 8825 8806 8804
f 8825 8804 8827
f 817 819 8804
f 8804 819 825
f 8804 825 8827
f 8827 825 824
f 8827 824 8828
f 8828 824 823
f 8829 822 821
f 8559 8561 8668
f 8668 8561 8830
f 8668 8830 8831
f 8831 8830 8832
f 8831 8832 8833
f 8833 8832 8834
f 8833 8834 8835
f 8835 8834 8836
f 8835 8836 8837
f 8837 8836 8838
f 8837 8838 8839
f 8839 8838 8829
f 8839 8829 8840
f 8840 8829 821
f 8840 821 826
f 828 834 8779
f 8779 834 8547
f 8779 8547 8780
f 8667 8668 8790
f 8790 8668 8831
f 8790 8831 8789
f 8789 8831 8833
f 8789 8833 8787
f 8787 8833 8835
f 8787 8835 8785
f 8785 8835 8837
f 8785 8837 8783
f 8783 8837 8839
f 8783 8839 8781
f 8781 8839 8840
f 8781 8840 8779
f 8779 8840 826
f 8779 826 828
f 8560 8669 8561
f 8561 8669 8818
f 8561 8818 8830
f 8830 8818 8820
f 8830 8820 8832
f 8832 8820 8822
f 8832 8822 8834
f 8834 8822 8824
f 8834 8824 8836
f 8836 8824 8826
f 8836 8826 8838
f 8838 8826 8828
f 8838 8828 8829
f 8829 8828 823
f 8829 823 822
f 8556 8558 8672
f 8672 8558 8841
f 8672 8841 8842
f 8842 8841 8843
f 8842 8843 8844
f 8844 8843 8845
f 8844 8845 8846
f 8846 8845 8847
f 8846 8847 8848
f 8848 8847 8849
f 8848 8849 8850
f 8850 8849 8851
f 8850 8851 8852
f 8853 8549 8854
f 8854 8549 8548
f 8854 8548 8855
f 8856 8791 8857
f 8857 8791 8793
f 8857 8793 8858
f 8858 8793 8795
f 8858 8795 8859
f 8859 8795 8797
f 8859 8797 8860
f 8860 8797 8799
f 8860 8799 8861
f 8861 8799 8801
f 8861 8801 8862
f 8862 8801 8803
f 8862 8803 8553
f 8553 8555 8862
f 8862 8555 8863
f 8862 8863 8861
f 8861 8863 8864
f 8861 8864 8860
f 8860 8864 8865
f 8860 8865 8859
f 8859 8865 8866
f 8859 8866 8858
f 8858 8866 8867
f 8858 8867 8857
f 8857 8867 8868
f 8857 8868 8856
f 8856 8868 835
f 8856 835 837
f 8851 832 8852
f 8852 832 831
f 8852 831 830
f 8554 8672 8555
f 8555 8672 8842
f 8555 8842 8863
f 8863 8842 8844
f 8863 8844 8864
f 8864 8844 8846
f 8864 8846 8865
f 8865 8846 8848
f 8865 8848 8866
f 8866 8848 8850
f 8866 8850 8867
f 8867 8850 8852
f 8867 8852 8868
f 8868 8852 830
f 8868 830 835
f 8853 840 839
f 8869 8550 8870
f 8870 8550 8549
f 8870 8549 8871
f 8871 8549 8853
f 8871 8853 8872
f 8872 8853 839
f 8872 839 844
f 840 8853 841
f 841 8853 8854
f 841 8854 842
f 842 8854 8855
f 842 8855 843
f 837 843 8856
f 8856 843 8855
f 8856 8855 8791
f 8791 8855 8548
f 8791 8548 8792
f 8792 8548 8550
f 8792 8550 8676
f 8676 8550 8869
f 8676 8869 8677
f 8557 8671 8558
f 8558 8671 8788
f 8558 8788 8841
f 8841 8788 8786
f 8841 8786 8843
f 8843 8786 8784
f 8843 8784 8845
f 8845 8784 8782
f 8845 8782 8847
f 8847 8782 8780
f 8847 8780 8849
f 8849 8780 8547
f 8849 8547 8851
f 8851 8547 833
f 8851 833 832
f 808 810 8768
f 8768 810 814
f 8768 814 8767
f 8767 814 813
f 8767 813 8766
f 8766 813 812
f 8766 812 8765
f 8765 812 811
f 8765 811 815
f 8764 8762 8816
f 8816 8762 8778
f 8816 8778 8815
f 8815 8778 8777
f 8815 8777 8813
f 8813 8777 8704
f 8813 8704 8811
f 8811 8704 8703
f 8811 8703 8809
f 8809 8703 8705
f 8809 8705 8807
f 8807 8705 8765
f 8807 8765 8805
f 8805 8765 815
f 8805 815 817
f 8673 8873 8874
f 8874 8873 8875
f 8874 8875 8876
f 8876 8875 8877
f 8876 8877 8878
f 8878 8877 8879
f 8878 8879 8880
f 8880 8879 8881
f 8880 8881 8882
f 8882 8881 8883
f 8882 8883 8884
f 8884 8883 8885
f 8884 8885 8886
f 8886 8885 8887
f 8886 8887 8888
f 8888 8887 8889
f 8888 8889 8890
f 8890 8889 8891
f 8890 8891 8892
f 8892 8891 8893
f 8892 8893 8894
f 8894 8893 8895
f 8894 8895 8896
f 8896 8895 8897
f 8896 8897 8898
f 8898 8897 8899
f 8898 8899 8900
f 8900 8899 8901
f 8900 8901 8902
f 8902 8901 8903
f 8902 8903 8904
f 8904 8903 8905
f 8904 8905 8906
f 8906 8905 8907
f 8906 8907 8908
f 8908 8907 8909
f 8908 8909 8910
f 8910 8909 8911
f 8910 8911 8912
f 8912 8911 8913
f 8912 8913 8914
f 8914 8913 8915
f 8914 8915 8916
f 8916 8915 8917
f 8916 8917 8918
f 8918 8917 8919
f 8918 8919 8920
f 8920 8919 8921
f 8920 8921 8922
f 8922 8921 8923
f 8922 8923 8924
f 8924 8923 8925
f 8924 8925 8926
f 8926 8925 8927
f 8926 8927 8928
f 8928 8927 8929
f 8928 8929 8930
f 8930 8929 8931
f 8930 8931 8932
f 8932 8931 8933
f 8932 8933 8546
f 8546 8933 8934
f 8546 8934 8426
f 8432 8431 8539
f 8539 8431 8545
f 8539 8545 8935
f 8935 8545 8936
f 8935 8936 8937
f 8937 8936 8938
f 8937 8938 8939
f 8939 8938 8940
f 8939 8940 8941
f 8941 8940 8942
f 8941 8942 8943
f 8943 8942 8944
f 8943 8944 8945
f 8945 8944 8946
f 8945 8946 8947
f 8947 8946 8948
f 8947 8948 8949
f 8949 8948 8950
f 8949 8950 8951
f 8951 8950 8952
f 8951 8952 8953
f 8953 8952 8954
f 8953 8954 8955
f 8955 8954 8956
f 8955 8956 8957
f 8957 8956 8958
f 8957 8958 8959
f 8959 8958 8960
f 8959 8960 8961
f 8961 8960 8962
f 8961 8962 8963
f 8963 8962 8964
f 8963 8964 8965
f 8965 8964 8966
f 8965 8966 8967
f 8967 8966 8968
f 8967 8968 8969
f 8969 8968 8970
f 8969 8970 8971
f 8971 8970 8972
f 8971 8972 8973
f 8973 8972 8974
f 8973 8974 8975
f 8975 8974 8976
f 8975 8976 8977
f 8977 8976 8978
f 8977 8978 8979
f 8979 8978 8980
f 8979 8980 8981
f 8981 8980 8982
f 8981 8982 8983
f 8983 8982 8984
f 8983 8984 8985
f 8985 8984 8986
f 8985 8986 8987
f 8987 8986 8988
f 8987 8988 8989
f 8989 8988 8990
f 8989 8990 8991
f 8991 8990 8992
f 8991 8992 8993
f 8993 8992 8994
f 8993 8994 8995
f 8995 8994 8996
f 8429 8428 8934
f 8934 8428 8427
f 8934 8427 8426
f 8430 8429 8545
f 8545 8429 8934
f 8545 8934 8936
f 8936 8934 8933
f 8936 8933 8938
f 8938 8933 8931
f 8938 8931 8940
f 8940 8931 8929
f 8940 8929 8942
f 8942 8929 8927
f 8942 8927 8944
f 8944 8927 8925
f 8944 8925 8946
f 8946 8925 8923
f 8946 8923 8948
f 8948 8923 8921
f 8948 8921 8950
f 8950 8921 8919
f 8950 8919 8952
f 8952 8919 8917
f 8952 8917 8954
f 8954 8917 8915
f 8954 8915 8956
f 8956 8915 8913
f 8956 8913 8958
f 8958 8913 8911
f 8958 8911 8960
f 8960 8911 8909
f 8960 8909 8962
f 8962 8909 8907
f 8962 8907 8964
f 8964 8907 8905
f 8964 8905 8966
f 8966 8905 8903
f 8966 8903 8968
f 8968 8903 8901
f 8968 8901 8970
f 8970 8901 8899
f 8970 8899 8972
f 8972 8899 8897
f 8972 8897 8974
f 8974 8897 8895
f 8974 8895 8976
f 8976 8895 8893
f 8976 8893 8978
f 8978 8893 8891
f 8978 8891 8980
f 8980 8891 8889
f 8980 8889 8982
f 8982 8889 8887
f 8982 8887 8984
f 8984 8887 8885
f 8984 8885 8986
f 8986 8885 8883
f 8986 8883 8988
f 8988 8883 8881
f 8988 8881 8990
f 8990 8881 8879
f 8990 8879 8992
f 8992 8879 8877
f 8992 8877 8994
f 8994 8877 8875
f 8994 8875 8996
f 8996 8875 8873
f 850 8544 851
f 851 8544 8997
f 851 8997 852
f 852 8997 8998
f 852 8998 846
f 850 849 8543
f 8543 849 848
f 8543 848 8999
f 8999 848 853
f 8999 853 9000
f 9001 857 9002
f 9002 857 862
f 9002 862 9003
f 9004 866 9005
f 9005 866 871
f 9005 871 9006
f 862 864 9003
f 9003 864 870
f 9003 870 9007
f 9007 870 869
f 9007 869 9008
f 9008 869 868
f 9008 868 9004
f 9004 868 867
f 9004 867 866
f 853 855 9000
f 9000 855 861
f 9000 861 9009
f 9009 861 860
f 9009 860 9010
f 9010 860 859
f 9010 859 9001
f 9001 859 858
f 9001 858 857
f 8435 8542 8436
f 8437 8436 8540
f 8540 8436 8542
f 8540 8542 9011
f 9011 8542 9012
f 9011 9012 9013
f 9013 9012 9014
f 9013 9014 9015
f 9015 9014 9016
f 9015 9016 9017
f 9017 9016 9018
f 9017 9018 9019
f 9019 9018 9020
f 9019 9020 9021
f 9021 9020 9022
f 9021 9022 9023
f 9023 9022 9024
f 9023 9024 9025
f 9025 9024 9026
f 9025 9026 9027
f 9027 9026 9028
f 9027 9028 9029
f 9029 9028 9030
f 9029 9030 9031
f 9031 9030 9032
f 9031 9032 9033
f 9033 9032 9034
f 9033 9034 9035
f 9035 9034 9036
f 9035 9036 9037
f 9037 9036 9038
f 9037 9038 9039
f 9039 9038 9040
f 9039 9040 9041
f 9041 9040 9042
f 9041 9042 9043
f 9043 9042 9044
f 9043 9044 9045
f 9045 9044 9046
f 9045 9046 9047
f 9047 9046 9048
f 9047 9048 9049
f 9049 9048 9050
f 9049 9050 9051
f 9051 9050 9052
f 9051 9052 9053
f 9053 9052 9054
f 9053 9054 9055
f 9055 9054 9056
f 9055 9056 9057
f 9057 9056 9058
f 9057 9058 9059
f 9059 9058 9060
f 9059 9060 9061
f 9061 9060 9062
f 9061 9062 9063
f 9063 9062 9064
f 9063 9064 9065
f 9065 9064 9066
f 9065 9066 9067
f 9067 9066 9068
f 9067 9068 9069
f 9069 9068 9070
f 9069 9070 9071
f 9071 9070 9072
f 9073 667 9074
f 9074 667 885
f 9074 885 9075
f 9076 881 9077
f 9077 881 880
f 9077 880 9078
f 9078 880 879
f 9078 879 9073
f 9073 879 668
f 9073 668 667
f 9079 896 9080
f 9080 896 895
f 9080 895 9081
f 9081 895 894
f 9081 894 8443
f 9082 892 9083
f 9083 892 891
f 9083 891 9079
f 9079 891 890
f 9079 890 896
f 8441 8440 8443
f 8443 8440 8541
f 8443 8541 9081
f 9081 8541 9084
f 9081 9084 9080
f 9080 9084 9085
f 9080 9085 9079
f 9079 9085 9086
f 9079 9086 9083
f 9083 9086 9087
f 9083 9087 9082
f 9082 9087 9088
f 9082 9088 9089
f 9089 9088 9090
f 9089 9090 9091
f 9091 9090 9092
f 9091 9092 9075
f 9075 9092 9093
f 9075 9093 9074
f 9074 9093 9094
f 9074 9094 9073
f 9073 9094 9095
f 9073 9095 9078
f 9078 9095 9096
f 9078 9096 9077
f 9077 9096 9097
f 9077 9097 9076
f 9076 9097 9098
f 9076 9098 9099
f 9099 9098 9100
f 9099 9100 9101
f 9101 9100 9102
f 9101 9102 9006
f 9006 9102 9103
f 9006 9103 9005
f 9005 9103 9104
f 9005 9104 9004
f 9004 9104 9105
f 9004 9105 9008
f 9008 9105 9106
f 9008 9106 9007
f 9007 9106 9107
f 9007 9107 9003
f 9003 9107 9108
f 9003 9108 9002
f 9002 9108 9109
f 9002 9109 9001
f 9001 9109 9110
f 9001 9110 9010
f 9010 9110 9111
f 9010 9111 9009
f 9009 9111 9112
f 9009 9112 9000
f 9000 9112 9113
f 9000 9113 8999
f 8999 9113 9114
f 8999 9114 8543
f 8543 9114 9115
f 8543 9115 8544
f 8544 9115 9116
f 8544 9116 8997
f 8997 9116 9117
f 8997 9117 8998
f 8998 9117 9118
f 885 884 9075
f 9075 884 883
f 9075 883 9091
f 9091 883 886
f 9091 886 9089
f 9089 886 888
f 9089 888 9082
f 9082 888 893
f 9082 893 892
f 8439 8438 8541
f 8541 8438 8540
f 8541 8540 9084
f 9084 8540 9011
f 9084 9011 9085
f 9085 9011 9013
f 9085 9013 9086
f 9086 9013 9015
f 9086 9015 9087
f 9087 9015 9017
f 9087 9017 9088
f 9088 9017 9019
f 9088 9019 9090
f 9090 9019 9021
f 9090 9021 9092
f 9092 9021 9023
f 9092 9023 9093
f 9093 9023 9025
f 9093 9025 9094
f 9094 9025 9027
f 9094 9027 9095
f 9095 9027 9029
f 9095 9029 9096
f 9096 9029 9031
f 9096 9031 9097
f 9097 9031 9033
f 9097 9033 9098
f 9098 9033 9035
f 9098 9035 9100
f 9100 9035 9037
f 9100 9037 9102
f 9102 9037 9039
f 9102 9039 9103
f 9103 9039 9041
f 9103 9041 9104
f 9104 9041 9043
f 9104 9043 9105
f 9105 9043 9045
f 9105 9045 9106
f 9106 9045 9047
f 9106 9047 9107
f 9107 9047 9049
f 9107 9049 9108
f 9108 9049 9051
f 9108 9051 9109
f 9109 9051 9053
f 9109 9053 9110
f 9110 9053 9055
f 9110 9055 9111
f 9111 9055 9057
f 9111 9057 9112
f 9112 9057 9059
f 9112 9059 9113
f 9113 9059 9061
f 9113 9061 9114
f 9114 9061 9063
f 9114 9063 9115
f 9115 9063 9065
f 9115 9065 9116
f 9116 9065 9067
f 9116 9067 9117
f 9117 9067 9069
f 9117 9069 9118
f 9118 9069 9071
f 871 873 9006
f 9006 873 878
f 9006 878 9101
f 9101 878 877
f 9101 877 9099
f 9099 877 876
f 9099 876 9076
f 9076 876 875
f 9076 875 881
f 8434 8433 8542
f 8542 8433 8539
f 8542 8539 9012
f 9012 8539 8935
f 9012 8935 9014
f 9014 8935 8937
f 9014 8937 9016
f 9016 8937 8939
f 9016 8939 9018
f 9018 8939 8941
f 9018 8941 9020
f 9020 8941 8943
f 9020 8943 9022
f 9022 8943 8945
f 9022 8945 9024
f 9024 8945 8947
f 9024 8947 9026
f 9026 8947 8949
f 9026 8949 9028
f 9028 8949 8951
f 9028 8951 9030
f 9030 8951 8953
f 9030 8953 9032
f 9032 8953 8955
f 9032 8955 9034
f 9034 8955 8957
f 9034 8957 9036
f 9036 8957 8959
f 9036 8959 9038
f 9038 8959 8961
f 9038 8961 9040
f 9040 8961 8963
f 9040 8963 9042
f 9042 8963 8965
f 9042 8965 9044
f 9044 8965 8967
f 9044 8967 9046
f 9046 8967 8969
f 9046 8969 9048
f 9048 8969 8971
f 9048 8971 9050
f 9050 8971 8973
f 9050 8973 9052
f 9052 8973 8975
f 9052 8975 9054
f 9054 8975 8977
f 9054 8977 9056
f 9056 8977 8979
f 9056 8979 9058
f 9058 8979 8981
f 9058 8981 9060
f 9060 8981 8983
f 9060 8983 9062
f 9062 8983 8985
f 9062 8985 9064
f 9064 8985 8987
f 9064 8987 9066
f 9066 8987 8989
f 9066 8989 9068
f 9068 8989 8991
f 9068 8991 9070
f 9070 8991 8993
f 9070 8993 9072
f 9072 8993 8995
f 8673 8675 8873
f 8873 8675 8679
f 8873 8679 8996
f 8996 8679 8677
f 8996 8677 8995
f 8995 8677 8869
f 8995 8869 9072
f 9072 8869 8870
f 9072 8870 9071
f 9071 8870 8871
f 9071 8871 9118
f 9118 8871 8872
f 9118 8872 8998
f 8998 8872 844
f 8998 844 846
f 8534 8536 9119
f 8528 8530 9120
f 8525 9121 9122
f 9123 8527 9124
f 8531 9125 9126
f 8536 8538 9119
f 9119 8538 9127
f 9119 9127 9128
f 8522 8524 9129
f 9130 8521 9131
f 8516 8518 9132
f 8519 9133 9134
f 9135 8513 9136
f 9136 8513 8512
f 9136 8512 9137
f 9138 9137 9139
f 9139 9137 8512
f 9139 8512 9140
f 9140 8512 8514
f 9140 8514 9141
f 8510 9142 9143
f 9127 9144 9128
f 9128 9144 9145
f 9128 9145 9146
f 9147 9148 9149
f 9149 9148 9150
f 9149 9150 9151
f 9151 9150 9126
f 9151 9126 9152
f 9152 9126 9125
f 9152 9125 9153
f 9154 9138 9155
f 9155 9138 9139
f 9155 9139 9156
f 9156 9139 9140
f 9156 9140 9157
f 9157 9140 9141
f 9157 9141 9158
f 9159 9154 9160
f 9160 9154 9155
f 9160 9155 9161
f 9161 9155 9156
f 9161 9156 9162
f 9162 9156 9157
f 9162 9157 9163
f 9163 9157 9158
f 9163 9158 9164
f 8507 8509 9165
f 8501 8503 9166
f 8504 8506 9167
f 8495 8497 9168
f 8489 8491 9169
f 8492 8494 9170
f 8498 8500 9171
f 9172 8488 9173
f 8486 9174 9175
f 8480 8482 9176
f 8483 8485 9177
f 8474 8476 9178
f 8468 8470 9179
f 8471 8473 9180
f 8477 8479 9181
f 8572 8467 9182
f 9145 9183 9146
f 9146 9183 9184
f 9146 9184 9185
f 9185 9184 9186
f 9185 9186 9187
f 9188 9189 9190
f 9190 9189 9191
f 9190 9191 9192
f 9192 9191 9193
f 9192 9193 9194
f 9194 9193 9195
f 9194 9195 9196
f 9196 9195 9197
f 9196 9197 9198
f 9198 9197 9199
f 9198 9199 9200
f 9189 9147 9191
f 9191 9147 9149
f 9191 9149 9193
f 9193 9149 9151
f 9193 9151 9195
f 9195 9151 9152
f 9195 9152 9197
f 9197 9152 9153
f 9197 9153 9199
f 9186 9201 9187
f 9187 9201 9202
f 9187 9202 9203
f 9204 9159 9205
f 9205 9159 9160
f 9205 9160 9206
f 9206 9160 9161
f 9206 9161 9207
f 9207 9161 9162
f 9207 9162 9208
f 9208 9162 9163
f 9208 9163 9209
f 9209 9163 9164
f 9209 9164 9210
f 9211 9212 9213
f 9213 9212 9214
f 9213 9214 9215
f 9215 9214 9216
f 9215 9216 9217
f 9217 9216 9218
f 9217 9218 9219
f 9219 9218 9220
f 9219 9220 9221
f 9221 9220 9134
f 9221 9134 9222
f 9222 9134 9133
f 9222 9133 9130
f 9223 8465 9224
f 9224 8465 8464
f 9224 8464 9225
f 9226 9188 9227
f 9227 9188 9190
f 9227 9190 9228
f 9228 9190 9192
f 9228 9192 9229
f 9229 9192 9194
f 9229 9194 9230
f 9230 9194 9196
f 9230 9196 9231
f 9231 9196 9198
f 9231 9198 9232
f 9232 9198 9200
f 9232 9200 8533
f 8530 8532 9120
f 9120 8532 9233
f 9120 9233 9234
f 9234 9233 9235
f 9234 9235 9236
f 9236 9235 9237
f 9236 9237 9238
f 9238 9237 9239
f 9238 9239 9240
f 9240 9239 9241
f 9240 9241 9242
f 9242 9241 9243
f 9242 9243 9244
f 8527 8529 9124
f 9124 8529 9245
f 9124 9245 9246
f 9246 9245 9247
f 9246 9247 9248
f 9248 9247 9249
f 9248 9249 9250
f 9250 9249 9251
f 9250 9251 9252
f 9252 9251 9253
f 9252 9253 9254
f 9254 9253 9255
f 9254 9255 9256
f 8528 9120 8529
f 8529 9120 9234
f 8529 9234 9245
f 9245 9234 9236
f 9245 9236 9247
f 9247 9236 9238
f 9247 9238 9249
f 9249 9238 9240
f 9249 9240 9251
f 9251 9240 9242
f 9251 9242 9253
f 9253 9242 9244
f 9253 9244 9255
f 708 9257 9258
f 9258 9257 9259
f 9258 9259 9260
f 9260 9259 9261
f 9260 9261 9262
f 9262 9261 9263
f 9262 9263 9264
f 9264 9263 9265
f 9264 9265 9266
f 9266 9265 9267
f 9266 9267 9268
f 9268 9267 9122
f 9268 9122 9269
f 9269 9122 9121
f 9269 9121 9123
f 8524 8526 9129
f 9129 8526 9270
f 9129 9270 9271
f 9271 9270 9272
f 9271 9272 9273
f 9273 9272 9274
f 9273 9274 9275
f 9275 9274 9276
f 9275 9276 9277
f 9277 9276 9278
f 9277 9278 9279
f 9279 9278 9280
f 9279 9280 9281
f 8525 9122 8526
f 8526 9122 9267
f 8526 9267 9270
f 9270 9267 9265
f 9270 9265 9272
f 9272 9265 9263
f 9272 9263 9274
f 9274 9263 9261
f 9274 9261 9276
f 9276 9261 9259
f 9276 9259 9278
f 9278 9259 9257
f 9278 9257 9280
f 9202 9282 9203
f 9203 9282 9283
f 9203 9283 9284
f 9284 9283 9285
f 8533 8535 9232
f 9232 8535 9286
f 9232 9286 9231
f 9231 9286 9287
f 9231 9287 9230
f 9230 9287 9288
f 9230 9288 9229
f 9229 9288 9289
f 9229 9289 9228
f 9228 9289 9290
f 9228 9290 9227
f 9227 9290 9291
f 9227 9291 9226
f 9226 9291 690
f 9226 690 692
f 684 9284 682
f 682 9284 9285
f 682 9285 665
f 8534 9119 8535
f 8535 9119 9128
f 8535 9128 9286
f 9286 9128 9146
f 9286 9146 9287
f 9287 9146 9185
f 9287 9185 9288
f 9288 9185 9187
f 9288 9187 9289
f 9289 9187 9203
f 9289 9203 9290
f 9290 9203 9284
f 9290 9284 9291
f 9291 9284 684
f 9291 684 690
f 9223 695 694
f 9292 8466 9293
f 9293 8466 8465
f 9293 8465 9294
f 9294 8465 9223
f 9294 9223 9295
f 9295 9223 694
f 9295 694 699
f 695 9223 696
f 696 9223 9224
f 696 9224 697
f 697 9224 9225
f 697 9225 698
f 692 698 9226
f 9226 698 9225
f 9226 9225 9188
f 9188 9225 8464
f 9188 8464 9189
f 9189 8464 8466
f 9189 8466 9147
f 9147 8466 9292
f 9147 9292 9148
f 9243 701 707
f 708 710 9257
f 9257 710 716
f 9257 716 9280
f 9280 716 715
f 9280 715 9281
f 9281 715 714
f 9243 707 9244
f 9244 707 706
f 9244 706 9255
f 9255 706 705
f 9255 705 9256
f 9256 705 704
f 9256 704 703
f 9123 9124 9269
f 9269 9124 9246
f 9269 9246 9268
f 9268 9246 9248
f 9268 9248 9266
f 9266 9248 9250
f 9266 9250 9264
f 9264 9250 9252
f 9264 9252 9262
f 9262 9252 9254
f 9262 9254 9260
f 9260 9254 9256
f 9260 9256 9258
f 9258 9256 703
f 9258 703 708
f 8531 9126 8532
f 8532 9126 9150
f 8532 9150 9233
f 9233 9150 9148
f 9233 9148 9235
f 9235 9148 9292
f 9235 9292 9237
f 9237 9292 9293
f 9237 9293 9239
f 9239 9293 9294
f 9239 9294 9241
f 9241 9294 9295
f 9241 9295 9243
f 9243 9295 699
f 9243 699 701
f 8518 8520 9132
f 9132 8520 9296
f 9132 9296 9297
f 9297 9296 9298
f 9297 9298 9299
f 9299 9298 9300
f 9299 9300 9301
f 9301 9300 9302
f 9301 9302 9303
f 9303 9302 9304
f 9303 9304 9305
f 9305 9304 9306
f 9305 9306 9307
f 9308 8462 9309
f 9309 8462 8461
f 9309 8461 9310
f 9142 9311 9143
f 9143 9311 9312
f 9143 9312 9313
f 9313 9312 9314
f 9313 9314 9315
f 9315 9314 9316
f 9315 9316 9317
f 9317 9316 9318
f 9317 9318 9319
f 9319 9318 9320
f 9319 9320 9321
f 9321 9320 9322
f 9321 9322 9323
f 9311 9324 9312
f 9312 9324 9325
f 9312 9325 9314
f 9314 9325 9326
f 9314 9326 9316
f 9316 9326 9327
f 9316 9327 9318
f 9318 9327 9328
f 9318 9328 9320
f 9320 9328 9329
f 9320 9329 9322
f 9330 9210 9331
f 9331 9210 9164
f 9331 9164 9332
f 9332 9164 9158
f 9332 9158 9333
f 9333 9158 9141
f 9333 9141 9334
f 9334 9141 8514
f 9334 8514 9335
f 9335 8514 8513
f 9335 8513 9336
f 9336 8513 9135
f 9336 9135 8515
f 9337 713 712
f 8521 8523 9131
f 9131 8523 9338
f 9131 9338 9339
f 9339 9338 9340
f 9339 9340 9341
f 9341 9340 9342
f 9341 9342 9343
f 9343 9342 9344
f 9343 9344 9345
f 9345 9344 9346
f 9345 9346 9347
f 9347 9346 9337
f 9347 9337 9348
f 9348 9337 712
f 9348 712 717
f 719 724 9211
f 9211 724 8460
f 9211 8460 9212
f 9130 9131 9222
f 9222 9131 9339
f 9222 9339 9221
f 9221 9339 9341
f 9221 9341 9219
f 9219 9341 9343
f 9219 9343 9217
f 9217 9343 9345
f 9217 9345 9215
f 9215 9345 9347
f 9215 9347 9213
f 9213 9347 9348
f 9213 9348 9211
f 9211 9348 717
f 9211 717 719
f 8515 8517 9336
f 9336 8517 9349
f 9336 9349 9335
f 9335 9349 9350
f 9335 9350 9334
f 9334 9350 9351
f 9334 9351 9333
f 9333 9351 9352
f 9333 9352 9332
f 9332 9352 9353
f 9332 9353 9331
f 9331 9353 9354
f 9331 9354 9330
f 9330 9354 726
f 9330 726 725
f 9306 721 9307
f 9307 721 720
f 9307 720 727
f 8516 9132 8517
f 8517 9132 9297
f 8517 9297 9349
f 9349 9297 9299
f 9349 9299 9350
f 9350 9299 9301
f 9350 9301 9351
f 9351 9301 9303
f 9351 9303 9352
f 9352 9303 9305
f 9352 9305 9353
f 9353 9305 9307
f 9353 9307 9354
f 9354 9307 727
f 9354 727 726
f 8519 9134 8520
f 8520 9134 9220
f 8520 9220 9296
f 9296 9220 9218
f 9296 9218 9298
f 9298 9218 9216
f 9298 9216 9300
f 9300 9216 9214
f 9300 9214 9302
f 9302 9214 9212
f 9302 9212 9304
f 9304 9212 8460
f 9304 8460 9306
f 9306 8460 723
f 9306 723 721
f 9308 730 729
f 9355 8463 9356
f 9356 8463 8462
f 9356 8462 9357
f 9357 8462 9308
f 9357 9308 9358
f 9358 9308 729
f 9358 729 732
f 730 9308 731
f 731 9308 9309
f 731 9309 679
f 679 9309 9310
f 679 9310 680
f 9324 9359 9325
f 9325 9359 9360
f 9325 9360 9326
f 9326 9360 9361
f 9326 9361 9327
f 9327 9361 9362
f 9327 9362 9328
f 9328 9362 9363
f 9328 9363 9329
f 9329 9363 734
f 9359 9355 9360
f 9360 9355 9356
f 9360 9356 9361
f 9361 9356 9357
f 9361 9357 9362
f 9362 9357 9358
f 9362 9358 9363
f 9363 9358 732
f 9363 732 734
f 725 680 9330
f 9330 680 9310
f 9330 9310 9210
f 9210 9310 8461
f 9210 8461 9209
f 9209 8461 8463
f 9209 8463 9208
f 9208 8463 9355
f 9208 9355 9207
f 9207 9355 9359
f 9207 9359 9206
f 9206 9359 9324
f 9206 9324 9205
f 9205 9324 9311
f 9205 9311 9204
f 9204 9311 9142
f 8522 9129 8523
f 8523 9129 9271
f 8523 9271 9338
f 9338 9271 9273
f 9338 9273 9340
f 9340 9273 9275
f 9340 9275 9342
f 9342 9275 9277
f 9342 9277 9344
f 9344 9277 9279
f 9344 9279 9346
f 9346 9279 9281
f 9346 9281 9337
f 9337 9281 714
f 9337 714 713
f 8497 8499 9168
f 9168 8499 9364
f 9168 9364 9365
f 9365 9364 9366
f 9365 9366 9367
f 9367 9366 9368
f 9367 9368 9369
f 9369 9368 9370
f 9369 9370 9371
f 9371 9370 9372
f 9371 9372 9373
f 9373 9372 9374
f 9373 9374 9375
f 8509 8511 9165
f 9165 8511 9376
f 9165 9376 9377
f 9377 9376 9378
f 9377 9378 9379
f 9379 9378 9380
f 9379 9380 9381
f 9381 9380 9382
f 9381 9382 9383
f 9383 9382 9384
f 9383 9384 9385
f 9385 9384 9386
f 9385 9386 9387
f 9387 9386 741
f 9387 741 740
f 8506 8508 9167
f 9167 8508 9388
f 9167 9388 9389
f 9389 9388 9390
f 9389 9390 9391
f 9391 9390 9392
f 9391 9392 9393
f 9393 9392 9394
f 9393 9394 9395
f 9395 9394 9396
f 9395 9396 9397
f 9397 9396 8459
f 9397 8459 9398
f 9398 8459 676
f 9398 676 746
f 8507 9165 8508
f 8508 9165 9377
f 8508 9377 9388
f 9388 9377 9379
f 9388 9379 9390
f 9390 9379 9381
f 9390 9381 9392
f 9392 9381 9383
f 9392 9383 9394
f 9394 9383 9385
f 9394 9385 9396
f 9396 9385 9387
f 9396 9387 8459
f 8459 9387 740
f 8459 740 677
f 9399 745 744
f 8503 8505 9166
f 9166 8505 9400
f 9166 9400 9401
f 9401 9400 9402
f 9401 9402 9403
f 9403 9402 9404
f 9403 9404 9405
f 9405 9404 9406
f 9405 9406 9407
f 9407 9406 9408
f 9407 9408 9409
f 9409 9408 9399
f 9409 9399 9410
f 9410 9399 744
f 9410 744 747
f 8500 8502 9171
f 9171 8502 9411
f 9171 9411 9412
f 9412 9411 9413
f 9412 9413 9414
f 9414 9413 9415
f 9414 9415 9416
f 9416 9415 9417
f 9416 9417 9418
f 9418 9417 9419
f 9418 9419 9420
f 9420 9419 9421
f 9420 9421 8458
f 8458 9421 749
f 8458 749 754
f 8501 9166 8502
f 8502 9166 9401
f 8502 9401 9411
f 9411 9401 9403
f 9411 9403 9413
f 9413 9403 9405
f 9413 9405 9415
f 9415 9405 9407
f 9415 9407 9417
f 9417 9407 9409
f 9417 9409 9419
f 9419 9409 9410
f 9419 9410 9421
f 9421 9410 747
f 9421 747 749
f 8504 9167 8505
f 8505 9167 9389
f 8505 9389 9400
f 9400 9389 9391
f 9400 9391 9402
f 9402 9391 9393
f 9402 9393 9404
f 9404 9393 9395
f 9404 9395 9406
f 9406 9395 9397
f 9406 9397 9408
f 9408 9397 9398
f 9408 9398 9399
f 9399 9398 746
f 9399 746 745
f 8494 8496 9170
f 9170 8496 9422
f 9170 9422 9423
f 9423 9422 9424
f 9423 9424 9425
f 9425 9424 9426
f 9425 9426 9427
f 9427 9426 9428
f 9427 9428 9429
f 9429 9428 9430
f 9429 9430 9431
f 9431 9430 9432
f 9431 9432 9433
f 9433 9432 756
f 9433 756 755
f 9374 752 9375
f 9375 752 751
f 9375 751 757
f 8495 9168 8496
f 8496 9168 9365
f 8496 9365 9422
f 9422 9365 9367
f 9422 9367 9424
f 9424 9367 9369
f 9424 9369 9426
f 9426 9369 9371
f 9426 9371 9428
f 9428 9371 9373
f 9428 9373 9430
f 9430 9373 9375
f 9430 9375 9432
f 9432 9375 757
f 9432 757 756
f 8491 8493 9169
f 9169 8493 9434
f 9169 9434 9435
f 9435 9434 9436
f 9435 9436 9437
f 9437 9436 9438
f 9437 9438 9439
f 9439 9438 9440
f 9439 9440 9441
f 9441 9440 9442
f 9441 9442 9443
f 9443 9442 8457
f 9443 8457 9444
f 9444 8457 673
f 9444 673 761
f 9445 760 759
f 8488 8490 9173
f 9173 8490 9446
f 9173 9446 9447
f 9447 9446 9448
f 9447 9448 9449
f 9449 9448 9450
f 9449 9450 9451
f 9451 9450 9452
f 9451 9452 9453
f 9453 9452 9454
f 9453 9454 9455
f 9455 9454 9445
f 9455 9445 9456
f 9456 9445 759
f 9456 759 762
f 8489 9169 8490
f 8490 9169 9435
f 8490 9435 9446
f 9446 9435 9437
f 9446 9437 9448
f 9448 9437 9439
f 9448 9439 9450
f 9450 9439 9441
f 9450 9441 9452
f 9452 9441 9443
f 9452 9443 9454
f 9454 9443 9444
f 9454 9444 9445
f 9445 9444 761
f 9445 761 760
f 8492 9170 8493
f 8493 9170 9423
f 8493 9423 9434
f 9434 9423 9425
f 9434 9425 9436
f 9436 9425 9427
f 9436 9427 9438
f 9438 9427 9429
f 9438 9429 9440
f 9440 9429 9431
f 9440 9431 9442
f 9442 9431 9433
f 9442 9433 8457
f 8457 9433 755
f 8457 755 674
f 8498 9171 8499
f 8499 9171 9412
f 8499 9412 9364
f 9364 9412 9414
f 9364 9414 9366
f 9366 9414 9416
f 9366 9416 9368
f 9368 9416 9418
f 9368 9418 9370
f 9370 9418 9420
f 9370 9420 9372
f 9372 9420 8458
f 9372 8458 9374
f 9374 8458 753
f 9374 753 752
f 8485 8487 9177
f 9177 8487 9457
f 9177 9457 9458
f 9458 9457 9459
f 9458 9459 9460
f 9460 9459 9461
f 9460 9461 9462
f 9462 9461 9463
f 9462 9463 9464
f 9464 9463 9465
f 9464 9465 9466
f 9466 9465 9467
f 9466 9467 9468
f 8486 9175 8487
f 8487 9175 9469
f 8487 9469 9457
f 9457 9469 9470
f 9457 9470 9459
f 9459 9470 9471
f 9459 9471 9461
f 9461 9471 9472
f 9461 9472 9463
f 9463 9472 9473
f 9463 9473 9465
f 9465 9473 9474
f 9465 9474 9467
f 8470 8472 9179
f 9179 8472 9475
f 9179 9475 9476
f 9476 9475 9477
f 9476 9477 9478
f 9478 9477 9479
f 9478 9479 9480
f 9480 9479 9481
f 9480 9481 9482
f 9482 9481 9483
f 9482 9483 9484
f 9484 9483 9485
f 9484 9485 9486
f 764 9474 9487
f 9487 9474 9473
f 9487 9473 9488
f 9488 9473 9472
f 9488 9472 9489
f 9489 9472 9471
f 9489 9471 9490
f 9490 9471 9470
f 9490 9470 9491
f 9491 9470 9469
f 9491 9469 9492
f 9492 9469 9175
f 9492 9175 9493
f 9493 9175 9174
f 9493 9174 9172
f 8482 8484 9176
f 9176 8484 9494
f 9176 9494 9495
f 9495 9494 9496
f 9495 9496 9497
f 9497 9496 9498
f 9497 9498 9499
f 9499 9498 9500
f 9499 9500 9501
f 9501 9500 9502
f 9501 9502 9503
f 9503 9502 9504
f 9503 9504 9505
f 9505 9504 771
f 9505 771 770
f 8479 8481 9181
f 9181 8481 9506
f 9181 9506 9507
f 9507 9506 9508
f 9507 9508 9509
f 9509 9508 9510
f 9509 9510 9511
f 9511 9510 9512
f 9511 9512 9513
f 9513 9512 9514
f 9513 9514 9515
f 9515 9514 8456
f 9515 8456 9516
f 9516 8456 670
f 9516 670 776
f 8480 9176 8481
f 8481 9176 9495
f 8481 9495 9506
f 9506 9495 9497
f 9506 9497 9508
f 9508 9497 9499
f 9508 9499 9510
f 9510 9499 9501
f 9510 9501 9512
f 9512 9501 9503
f 9512 9503 9514
f 9514 9503 9505
f 9514 9505 8456
f 8456 9505 770
f 8456 770 671
f 764 769 9474
f 9474 769 768
f 9474 768 9467
f 9467 768 767
f 9467 767 9468
f 9468 767 766
f 9468 766 772
f 8483 9177 8484
f 8484 9177 9458
f 8484 9458 9494
f 9494 9458 9460
f 9494 9460 9496
f 9496 9460 9462
f 9496 9462 9498
f 9498 9462 9464
f 9498 9464 9500
f 9500 9464 9466
f 9500 9466 9502
f 9502 9466 9468
f 9502 9468 9504
f 9504 9468 772
f 9504 772 771
f 9517 775 774
f 8476 8478 9178
f 9178 8478 9518
f 9178 9518 9519
f 9519 9518 9520
f 9519 9520 9521
f 9521 9520 9522
f 9521 9522 9523
f 9523 9522 9524
f 9523 9524 9525
f 9525 9524 9526
f 9525 9526 9527
f 9527 9526 9517
f 9527 9517 9528
f 9528 9517 774
f 9528 774 777
f 9529 779 784
f 8473 8475 9180
f 9180 8475 9530
f 9180 9530 9531
f 9531 9530 9532
f 9531 9532 9533
f 9533 9532 9534
f 9533 9534 9535
f 9535 9534 9536
f 9535 9536 9537
f 9537 9536 9538
f 9537 9538 9539
f 9539 9538 9529
f 9539 9529 9540
f 9540 9529 784
f 9540 784 783
f 8474 9178 8475
f 8475 9178 9519
f 8475 9519 9530
f 9530 9519 9521
f 9530 9521 9532
f 9532 9521 9523
f 9532 9523 9534
f 9534 9523 9525
f 9534 9525 9536
f 9536 9525 9527
f 9536 9527 9538
f 9538 9527 9528
f 9538 9528 9529
f 9529 9528 777
f 9529 777 779
f 8467 8469 9182
f 9182 8469 9541
f 9182 9541 9542
f 9542 9541 9543
f 9542 9543 9544
f 9544 9543 9545
f 9544 9545 9546
f 9546 9545 9547
f 9546 9547 9548
f 9548 9547 9549
f 9548 9549 9550
f 9550 9549 9551
f 9550 9551 9552
f 9552 9551 788
f 9552 788 786
f 9485 782 9486
f 9486 782 781
f 9486 781 789
f 8468 9179 8469
f 8469 9179 9476
f 8469 9476 9541
f 9541 9476 9478
f 9541 9478 9543
f 9543 9478 9480
f 9543 9480 9545
f 9545 9480 9482
f 9545 9482 9547
f 9547 9482 9484
f 9547 9484 9549
f 9549 9484 9486
f 9549 9486 9551
f 9551 9486 789
f 9551 789 788
f 8471 9180 8472
f 8472 9180 9531
f 8472 9531 9475
f 9475 9531 9533
f 9475 9533 9477
f 9477 9533 9535
f 9477 9535 9479
f 9479 9535 9537
f 9479 9537 9481
f 9481 9537 9539
f 9481 9539 9483
f 9483 9539 9540
f 9483 9540 9485
f 9485 9540 783
f 9485 783 782
f 8477 9181 8478
f 8478 9181 9507
f 8478 9507 9518
f 9518 9507 9509
f 9518 9509 9520
f 9520 9509 9511
f 9520 9511 9522
f 9522 9511 9513
f 9522 9513 9524
f 9524 9513 9515
f 9524 9515 9526
f 9526 9515 9516
f 9526 9516 9517
f 9517 9516 776
f 9517 776 775
f 9172 9173 9493
f 9493 9173 9447
f 9493 9447 9492
f 9492 9447 9449
f 9492 9449 9491
f 9491 9449 9451
f 9491 9451 9490
f 9490 9451 9453
f 9490 9453 9489
f 9489 9453 9455
f 9489 9455 9488
f 9488 9455 9456
f 9488 9456 9487
f 9487 9456 762
f 9487 762 764
f 734 739 9329
f 9329 739 738
f 9329 738 9322
f 9322 738 737
f 9322 737 9323
f 9323 737 736
f 9323 736 742
f 8510 9143 8511
f 8511 9143 9313
f 8511 9313 9376
f 9376 9313 9315
f 9376 9315 9378
f 9378 9315 9317
f 9378 9317 9380
f 9380 9317 9319
f 9380 9319 9382
f 9382 9319 9321
f 9382 9321 9384
f 9384 9321 9323
f 9384 9323 9386
f 9386 9323 742
f 9386 742 741
f 9553 9554 9555
f 9555 9554 1112
f 9555 1112 1063
f 9556 1115 9557
f 9557 1115 1114
f 9557 1114 9554
f 9554 1114 1113
f 9554 1113 1112
f 9558 9559 1119
f 9560 1164 9559
f 9559 1164 1120
f 9559 1120 1119
f 1119 1118 9558
f 9558 1118 1117
f 9558 1117 9556
f 9556 1117 1116
f 9556 1116 1115
f 9561 1167 9562
f 9562 1167 1166
f 9562 1166 9560
f 9560 1166 1165
f 9560 1165 1164
f 9563 1014 9561
f 9561 1014 1168
f 9561 1168 1167
f 9564 9565 1171
f 1171 1170 9564
f 9564 1170 1169
f 9564 1169 9563
f 9563 1169 1015
f 9563 1015 1014
f 9566 9567 1066
f 1066 1065 9566
f 9566 1065 1018
f 9566 1018 9568
f 1018 1017 9568
f 9568 1017 1016
f 9568 1016 9569
f 9569 1016 1192
f 9569 1192 9565
f 9565 1192 1191
f 9565 1191 1171
f 9570 1172 9567
f 9567 1172 1067
f 9567 1067 1066
f 9571 1121 9570
f 9570 1121 1173
f 9570 1173 1172
f 9572 1019 9573
f 9573 1019 1123
f 9573 1123 9571
f 9571 1123 1122
f 9571 1122 1121
f 9574 9575 1023
f 9576 1025 9575
f 9575 1025 1024
f 9575 1024 1023
f 1023 1022 9574
f 9574 1022 1021
f 9574 1021 9572
f 9572 1021 1020
f 9572 1020 1019
f 9577 1028 9578
f 9578 1028 1027
f 9578 1027 9576
f 9576 1027 1026
f 9576 1026 1025
f 9579 1030 9577
f 9577 1030 1029
f 9577 1029 1028
f 9580 1125 9579
f 9579 1125 1124
f 9579 1124 1030
f 9581 9582 1177
f 1177 1176 9581
f 9581 1176 1175
f 9581 1175 9583
f 9583 1175 1174
f 9583 1174 9584
f 1174 1129 9584
f 9584 1129 1128
f 9584 1128 9585
f 9585 1128 1127
f 9585 1127 9580
f 9580 1127 1126
f 9580 1126 1125
f 9586 987 9582
f 9582 987 1178
f 9582 1178 1177
f 9587 1068 9586
f 9586 1068 988
f 9586 988 987
f 9588 1071 9589
f 9589 1071 1070
f 9589 1070 9587
f 9587 1070 1069
f 9587 1069 1068
f 9590 9591 1002
f 9592 1004 9591
f 9591 1004 1003
f 9591 1003 1002
f 1002 1001 9590
f 9590 1001 1000
f 9590 1000 9588
f 9588 1000 1072
f 9588 1072 1071
f 9593 1032 9594
f 9594 1032 1031
f 9594 1031 9592
f 9592 1031 1005
f 9592 1005 1004
f 9595 1034 9593
f 9593 1034 1033
f 9593 1033 1032
f 9596 9597 989
f 989 979 9596
f 9596 979 978
f 9596 978 9595
f 9595 978 1035
f 9595 1035 1034
f 9598 9599 1037
f 1037 1036 9598
f 9598 1036 1008
f 9598 1008 9600
f 9600 1008 1007
f 9600 1007 9601
f 1007 1006 9601
f 9601 1006 991
f 9601 991 9597
f 9597 991 990
f 9597 990 989
f 9602 1073 9599
f 9599 1073 1038
f 9599 1038 1037
f 9603 1011 9602
f 9602 1011 1074
f 9602 1074 1073
f 9604 1130 9605
f 9605 1130 1009
f 9605 1009 9603
f 9603 1009 1010
f 9603 1010 1011
f 9606 9607 1180
f 9608 9609 1193
f 1193 1207 9608
f 9608 1207 1206
f 9608 1206 9607
f 9607 1206 1181
f 9607 1181 1180
f 1180 1179 9606
f 9606 1179 1132
f 9606 1132 9604
f 9604 1132 1131
f 9604 1131 1130
f 9610 1075 9611
f 9611 1075 1195
f 9611 1195 9609
f 9609 1195 1194
f 9609 1194 1193
f 9612 9613 1079
f 1079 1078 9612
f 9612 1078 1077
f 9612 1077 9610
f 9610 1077 1076
f 9610 1076 1075
f 9614 9615 1137
f 1137 1136 9614
f 9614 1136 1135
f 9614 1135 9616
f 9616 1135 1134
f 9616 1134 9617
f 1134 1133 9617
f 9617 1133 1081
f 9617 1081 9613
f 9613 1081 1080
f 9613 1080 1079
f 1141 1183 8586
f 8586 1183 1182
f 8586 1182 9615
f 9615 1182 1138
f 9615 1138 1137
f 8415 8414 8574
f 8574 8414 8579
f 8574 8579 9618
f 9618 8579 9619
f 9618 9619 9620
f 9620 9619 9621
f 9620 9621 9622
f 9622 9621 9623
f 9622 9623 9624
f 9624 9623 9625
f 9624 9625 9626
f 9626 9625 9627
f 9626 9627 9628
f 9628 9627 9629
f 9628 9629 9630
f 9630 9629 9631
f 9630 9631 9632
f 9632 9631 9633
f 9632 9633 9634
f 9634 9633 9635
f 9634 9635 9636
f 9636 9635 9637
f 9636 9637 9638
f 9638 9637 9639
f 9638 9639 9640
f 9640 9639 9641
f 9640 9641 9642
f 9642 9641 9643
f 9642 9643 9644
f 9644 9643 9645
f 9644 9645 9646
f 9646 9645 9647
f 9646 9647 9648
f 9648 9647 9649
f 9648 9649 9650
f 9650 9649 9651
f 9650 9651 9652
f 9652 9651 9653
f 9652 9653 9654
f 9654 9653 9655
f 9654 9655 9656
f 9656 9655 9657
f 9656 9657 9658
f 9658 9657 9659
f 9658 9659 9660
f 9660 9659 9661
f 9660 9661 9662
f 9662 9661 9663
f 9662 9663 9664
f 9664 9663 9665
f 9664 9665 9666
f 9666 9665 9667
f 9666 9667 9668
f 9668 9667 9669
f 9668 9669 9670
f 9670 9669 9671
f 9670 9671 9672
f 9672 9671 9673
f 9672 9673 9674
f 9674 9673 9675
f 9674 9675 9676
f 9676 9675 9677
f 9676 9677 9678
f 9678 9677 9679
f 9678 9679 9680
f 9680 9679 9681
f 9680 9681 9682
f 9682 9681 9683
f 9682 9683 9684
f 9684 9683 9685
f 9684 9685 9686
f 9686 9685 9687
f 9686 9687 9688
f 9688 9687 9689
f 9688 9689 9690
f 9690 9689 9691
f 9690 9691 9692
f 9692 9691 9693
f 9692 9693 9694
f 9694 9693 9695
f 9694 9695 9696
f 9696 9695 9697
f 9696 9697 9698
f 9698 9697 9699
f 9698 9699 9700
f 9700 9699 9701
f 9700 9701 9702
f 9702 9701 9703
f 9702 9703 9704
f 9704 9703 9705
f 9704 9705 9706
f 9706 9705 9707
f 9706 9707 9708
f 9708 9707 9709
f 9708 9709 9710
f 9710 9709 9711
f 9710 9711 9712
f 9712 9711 9713
f 9712 9713 9714
f 9714 9713 9715
f 9714 9715 9716
f 9716 9715 9717
f 9716 9717 9718
f 9718 9717 9719
f 9718 9719 9720
f 9720 9719 9721
f 9720 9721 9722
f 9722 9721 9723
f 9722 9723 9724
f 9724 9723 9725
f 9724 9725 9726
f 9726 9725 9727
f 9726 9727 9728
f 9728 9727 9729
f 9728 9729 9730
f 9730 9729 9731
f 9730 9731 9732
f 9732 9731 9733
f 9732 9733 9734
f 9734 9733 9735
f 9734 9735 9736
f 9736 9735 9737
f 9736 9737 9738
f 9738 9737 9739
f 9738 9739 9740
f 9740 9739 9741
f 9740 9741 9742
f 9742 9741 9743
f 9742 9743 9744
f 9744 9743 9745
f 9744 9745 9746
f 9746 9745 9747
f 9746 9747 9748
f 9748 9747 9749
f 9748 9749 9750
f 9750 9749 9751
f 9750 9751 9752
f 9752 9751 9753
f 9752 9753 9754
f 9754 9753 9755
f 9754 9755 9756
f 9756 9755 9757
f 9756 9757 9758
f 9758 9757 9759
f 9758 9759 9760
f 9760 9759 9761
f 9760 9761 9762
f 9762 9761 9763
f 9762 9763 9764
f 9764 9763 9765
f 9764 9765 9766
f 9766 9765 9767
f 9766 9767 9768
f 9768 9767 9769
f 9768 9769 9770
f 9770 9769 9771
f 9770 9771 9772
f 9772 9771 9773
f 9772 9773 9774
f 9774 9773 9775
f 9774 9775 9776
f 9776 9775 9777
f 9776 9777 9778
f 9778 9777 9779
f 9778 9779 9780
f 9780 9779 9781
f 9780 9781 9782
f 9782 9781 9783
f 9782 9783 9784
f 9784 9783 9785
f 9784 9785 9786
f 9786 9785 9787
f 9786 9787 9788
f 9788 9787 9789
f 9788 9789 9790
f 9790 9789 9791
f 9790 9791 9792
f 9792 9791 9793
f 9792 9793 9794
f 9794 9793 9795
f 9794 9795 9796
f 9796 9795 9797
f 9796 9797 9798
f 9798 9797 9799
f 9798 9799 9800
f 9800 9799 9801
f 9800 9801 9802
f 9802 9801 9803
f 9802 9803 9804
f 9804 9803 9805
f 9804 9805 9806
f 9806 9805 9807
f 9806 9807 9808
f 9808 9807 9809
f 9808 9809 9810
f 9810 9809 9811
f 9810 9811 9812
f 9812 9811 9813
f 9812 9813 9814
f 9814 9813 9815
f 9814 9815 9816
f 9816 9815 9817
f 9816 9817 9818
f 9818 9817 9819
f 9818 9819 9820
f 9820 9819 9821
f 9820 9821 9822
f 9822 9821 9823
f 9822 9823 9824
f 9824 9823 9825
f 9824 9825 9826
f 9826 9825 9827
f 9826 9827 9828
f 9828 9827 9829
f 9828 9829 9830
f 9830 9829 9831
f 9830 9831 9832
f 9832 9831 9833
f 9832 9833 9834
f 9834 9833 9835
f 9834 9835 9836
f 9836 9835 9837
f 9836 9837 9838
f 9838 9837 9839
f 9838 9839 9840
f 9840 9839 9841
f 9840 9841 9842
f 9842 9841 9843
f 9842 9843 9844
f 9844 9843 9845
f 9844 9845 9846
f 9846 9845 9847
f 9846 9847 9848
f 9848 9847 9849
f 9848 9849 9850
f 9850 9849 9851
f 9850 9851 9852
f 9852 9851 9853
f 9852 9853 9854
f 9854 9853 9855
f 9854 9855 9856
f 9856 9855 9857
f 9856 9857 9858
f 9858 9857 9859
f 9858 9859 9860
f 9860 9859 9861
f 9860 9861 9862
f 9862 9861 9863
f 9862 9863 9864
f 9864 9863 9865
f 9864 9865 9866
f 9866 9865 9867
f 9866 9867 8455
f 8455 9867 9868
f 8455 9868 8453
f 8453 9868 9869
f 8412 8411 8579
f 8579 8411 8578
f 8579 8578 9619
f 9619 8578 8641
f 9619 8641 9621
f 9621 8641 8640
f 9621 8640 9623
f 9623 8640 8639
f 9623 8639 9625
f 9625 8639 8636
f 9625 8636 9627
f 9627 8636 8635
f 9627 8635 9629
f 9629 8635 8637
f 9629 8637 9631
f 9631 8637 8638
f 9631 8638 9633
f 9633 8638 8642
f 9633 8642 9635
f 9635 8642 8633
f 9635 8633 9637
f 9637 8633 8632
f 9637 8632 9639
f 9639 8632 8631
f 9639 8631 9641
f 9641 8631 8634
f 9641 8634 9643
f 9643 8634 8581
f 9643 8581 9645
f 9645 8581 8580
f 9645 8580 9647
f 9647 8580 8630
f 9647 8630 9649
f 9649 8630 8627
f 9649 8627 9651
f 9651 8627 8628
f 9651 8628 9653
f 9653 8628 8626
f 9653 8626 9655
f 9655 8626 8625
f 9655 8625 9657
f 9657 8625 8623
f 9657 8623 9659
f 9659 8623 8622
f 9659 8622 9661
f 9661 8622 8624
f 9661 8624 9663
f 9663 8624 8629
f 9663 8629 9665
f 9665 8629 8620
f 9665 8620 9667
f 9667 8620 8619
f 9667 8619 9669
f 9669 8619 8618
f 9669 8618 9671
f 9671 8618 8617
f 9671 8617 9673
f 9673 8617 8621
f 9673 8621 9675
f 9675 8621 8583
f 9675 8583 9677
f 9677 8583 8582
f 9677 8582 9679
f 9679 8582 8616
f 9679 8616 9681
f 9681 8616 8611
f 9681 8611 9683
f 9683 8611 8612
f 9683 8612 9685
f 9685 8612 8613
f 9685 8613 9687
f 9687 8613 8614
f 9687 8614 9689
f 9689 8614 8609
f 9689 8609 9691
f 9691 8609 8608
f 9691 8608 9693
f 9693 8608 8610
f 9693 8610 9695
f 9695 8610 8615
f 9695 8615 9697
f 9697 8615 8606
f 9697 8606 9699
f 9699 8606 8605
f 9699 8605 9701
f 9701 8605 8604
f 9701 8604 9703
f 9703 8604 8603
f 9703 8603 9705
f 9705 8603 8607
f 9705 8607 9707
f 9707 8607 8585
f 9707 8585 9709
f 9709 8585 8584
f 9709 8584 9711
f 9711 8584 8602
f 9711 8602 9713
f 9713 8602 8598
f 9713 8598 9715
f 9715 8598 8597
f 9715 8597 9717
f 9717 8597 8599
f 9717 8599 9719
f 9719 8599 8600
f 9719 8600 9721
f 9721 8600 8595
f 9721 8595 9723
f 9723 8595 8594
f 9723 8594 9725
f 9725 8594 8596
f 9725 8596 9727
f 9727 8596 8601
f 9727 8601 9729
f 9729 8601 8593
f 9729 8593 9731
f 9731 8593 8592
f 9731 8592 9733
f 9733 8592 8591
f 9733 8591 9735
f 9735 8591 8590
f 9735 8590 9737
f 9737 8590 8588
f 9737 8588 9739
f 9739 8588 8589
f 9739 8589 9741
f 9741 8589 8587
f 9741 8587 9743
f 9743 8587 8586
f 9743 8586 9745
f 9745 8586 9615
f 9745 9615 9747
f 9747 9615 9614
f 9747 9614 9749
f 9749 9614 9616
f 9749 9616 9751
f 9751 9616 9617
f 9751 9617 9753
f 9753 9617 9613
f 9753 9613 9755
f 9755 9613 9612
f 9755 9612 9757
f 9757 9612 9610
f 9757 9610 9759
f 9759 9610 9611
f 9759 9611 9761
f 9761 9611 9609
f 9761 9609 9763
f 9763 9609 9608
f 9763 9608 9765
f 9765 9608 9607
f 9765 9607 9767
f 9767 9607 9606
f 9767 9606 9769
f 9769 9606 9604
f 9769 9604 9771
f 9771 9604 9605
f 9771 9605 9773
f 9773 9605 9603
f 9773 9603 9775
f 9775 9603 9602
f 9775 9602 9777
f 9777 9602 9599
f 9777 9599 9779
f 9779 9599 9598
f 9779 9598 9781
f 9781 9598 9600
f 9781 9600 9783
f 9783 9600 9601
f 9783 9601 9785
f 9785 9601 9597
f 9785 9597 9787
f 9787 9597 9596
f 9787 9596 9789
f 9789 9596 9595
f 9789 9595 9791
f 9791 9595 9593
f 9791 9593 9793
f 9793 9593 9594
f 9793 9594 9795
f 9795 9594 9592
f 9795 9592 9797
f 9797 9592 9591
f 9797 9591 9799
f 9799 9591 9590
f 9799 9590 9801
f 9801 9590 9588
f 9801 9588 9803
f 9803 9588 9589
f 9803 9589 9805
f 9805 9589 9587
f 9805 9587 9807
f 9807 9587 9586
f 9807 9586 9809
f 9809 9586 9582
f 9809 9582 9811
f 9811 9582 9581
f 9811 9581 9813
f 9813 9581 9583
f 9813 9583 9815
f 9815 9583 9584
f 9815 9584 9817
f 9817 9584 9585
f 9817 9585 9819
f 9819 9585 9580
f 9819 9580 9821
f 9821 9580 9579
f 9821 9579 9823
f 9823 9579 9577
f 9823 9577 9825
f 9825 9577 9578
f 9825 9578 9827
f 9827 9578 9576
f 9827 9576 9829
f 9829 9576 9575
f 9829 9575 9831
f 9831 9575 9574
f 9831 9574 9833
f 9833 9574 9572
f 9833 9572 9835
f 9835 9572 9573
f 9835 9573 9837
f 9837 9573 9571
f 9837 9571 9839
f 9839 9571 9570
f 9839 9570 9841
f 9841 9570 9567
f 9841 9567 9843
f 9843 9567 9566
f 9843 9566 9845
f 9845 9566 9568
f 9845 9568 9847
f 9847 9568 9569
f 9847 9569 9849
f 9849 9569 9565
f 9849 9565 9851
f 9851 9565 9564
f 9851 9564 9853
f 9853 9564 9563
f 9853 9563 9855
f 9855 9563 9561
f 9855 9561 9857
f 9857 9561 9562
f 9857 9562 9859
f 9859 9562 9560
f 9859 9560 9861
f 9861 9560 9559
f 9861 9559 9863
f 9863 9559 9558
f 9863 9558 9865
f 9865 9558 9556
f 9865 9556 9867
f 9867 9556 9557
f 9867 9557 9868
f 9868 9557 9554
f 9868 9554 9869
f 9869 9554 9553
f 8419 8418 8575
f 8575 8418 8577
f 8575 8577 9870
f 9870 8577 9871
f 9870 9871 9872
f 9872 9871 9873
f 9872 9873 9874
f 9874 9873 9875
f 9874 9875 9876
f 9876 9875 9877
f 9876 9877 9878
f 9878 9877 9879
f 9878 9879 9880
f 9880 9879 9881
f 9880 9881 9882
f 9882 9881 9883
f 9882 9883 9884
f 9884 9883 9885
f 9884 9885 9886
f 9886 9885 9887
f 9886 9887 9888
f 9888 9887 9889
f 9888 9889 9890
f 9890 9889 9891
f 9890 9891 9892
f 9892 9891 9893
f 9892 9893 9894
f 9894 9893 9895
f 9894 9895 9896
f 9896 9895 9897
f 9896 9897 9898
f 9898 9897 9899
f 9898 9899 9900
f 9900 9899 9901
f 9900 9901 9902
f 9902 9901 9903
f 9902 9903 9904
f 9904 9903 9905
f 9904 9905 9906
f 9906 9905 9907
f 9906 9907 9908
f 9908 9907 9909
f 9908 9909 9910
f 9910 9909 9911
f 9910 9911 9912
f 9912 9911 9913
f 9912 9913 9914
f 9914 9913 9915
f 9914 9915 9916
f 9916 9915 9917
f 9916 9917 9918
f 9918 9917 9919
f 9918 9919 9920
f 9920 9919 9921
f 9920 9921 9922
f 9922 9921 9923
f 9922 9923 9924
f 9924 9923 9925
f 9924 9925 9926
f 9926 9925 9927
f 9926 9927 9928
f 9928 9927 9929
f 9928 9929 9930
f 9930 9929 9931
f 9930 9931 9932
f 9932 9931 9933
f 9932 9933 9934
f 9934 9933 9935
f 9934 9935 9936
f 9936 9935 9937
f 9936 9937 9938
f 9938 9937 9939
f 9938 9939 9940
f 9940 9939 9941
f 9940 9941 9942
f 9942 9941 9943
f 9942 9943 9944
f 9944 9943 9945
f 9944 9945 9946
f 9946 9945 9947
f 9946 9947 9948
f 9948 9947 9949
f 9948 9949 9950
f 9950 9949 9951
f 9950 9951 9952
f 9952 9951 9953
f 9952 9953 9954
f 9954 9953 9955
f 9954 9955 9956
f 9956 9955 9957
f 9956 9957 9958
f 9958 9957 9959
f 9958 9959 9960
f 9960 9959 9961
f 9960 9961 9962
f 9962 9961 9963
f 9962 9963 9964
f 9964 9963 9965
f 9964 9965 9966
f 9966 9965 9967
f 9966 9967 9968
f 9968 9967 9969
f 9968 9969 9970
f 9970 9969 9971
f 9970 9971 9972
f 9972 9971 9973
f 9972 9973 9974
f 9974 9973 9975
f 9974 9975 9976
f 9976 9975 9977
f 9976 9977 9978
f 9978 9977 9979
f 9978 9979 9980
f 9980 9979 9981
f 9980 9981 9982
f 9982 9981 9983
f 9982 9983 9984
f 9984 9983 9985
f 9984 9985 9986
f 9986 9985 9987
f 9986 9987 9988
f 9988 9987 9989
f 9988 9989 9990
f 9990 9989 9991
f 9990 9991 9992
f 9992 9991 9993
f 9992 9993 9994
f 9994 9993 9995
f 9994 9995 9996
f 9996 9995 9997
f 9996 9997 9998
f 9998 9997 9999
f 9998 9999 10000
f 10000 9999 10001
f 10000 10001 10002
f 10002 10001 10003
f 10002 10003 10004
f 10004 10003 10005
f 10004 10005 10006
f 10006 10005 10007
f 10006 10007 10008
f 10008 10007 10009
f 10008 10009 10010
f 10010 10009 10011
f 10010 10011 10012
f 10012 10011 10013
f 10012 10013 10014
f 10014 10013 10015
f 10014 10015 10016
f 10016 10015 10017
f 10016 10017 10018
f 10018 10017 10019
f 10018 10019 10020
f 10020 10019 10021
f 10020 10021 10022
f 10022 10021 10023
f 10022 10023 10024
f 10024 10023 10025
f 10024 10025 10026
f 10026 10025 10027
f 10026 10027 10028
f 10028 10027 10029
f 10028 10029 10030
f 10030 10029 10031
f 10030 10031 10032
f 10032 10031 10033
f 10032 10033 10034
f 10034 10033 10035
f 10034 10035 10036
f 10036 10035 10037
f 10036 10037 10038
f 10038 10037 10039
f 10038 10039 10040
f 10040 10039 10041
f 10040 10041 10042
f 10042 10041 10043
f 10042 10043 10044
f 10044 10043 10045
f 10044 10045 10046
f 10046 10045 10047
f 10046 10047 10048
f 10048 10047 10049
f 10048 10049 10050
f 10050 10049 10051
f 10050 10051 10052
f 10052 10051 10053
f 10052 10053 10054
f 10054 10053 10055
f 10054 10055 10056
f 10056 10055 10057
f 10056 10057 10058
f 10058 10057 10059
f 10058 10059 10060
f 10060 10059 10061
f 10060 10061 10062
f 10062 10061 10063
f 10062 10063 10064
f 10064 10063 10065
f 10064 10065 10066
f 10066 10065 10067
f 10066 10067 10068
f 10068 10067 10069
f 10068 10069 10070
f 10070 10069 10071
f 10070 10071 10072
f 10072 10071 10073
f 10072 10073 10074
f 10074 10073 10075
f 10074 10075 10076
f 10076 10075 10077
f 10076 10077 10078
f 10078 10077 10079
f 10078 10079 10080
f 10080 10079 10081
f 10080 10081 10082
f 10082 10081 10083
f 10082 10083 10084
f 10084 10083 10085
f 10084 10085 10086
f 10086 10085 10087
f 10086 10087 10088
f 10088 10087 10089
f 10088 10089 10090
f 10090 10089 10091
f 10090 10091 10092
f 10092 10091 10093
f 10092 10093 10094
f 10094 10093 10095
f 10094 10095 10096
f 10096 10095 10097
f 10096 10097 10098
f 10098 10097 10099
f 10098 10099 10100
f 10100 10099 10101
f 10100 10101 10102
f 10102 10101 10103
f 10102 10103 10104
f 10104 10103 10105
f 10104 10105 10106
f 10106 10105 10107
f 10106 10107 10108
f 10108 10107 10109
f 10108 10109 10110
f 10110 10109 10111
f 10110 10111 10112
f 10112 10111 10113
f 10112 10113 10114
f 10114 10113 10115
f 10114 10115 10116
f 10116 10115 10117
f 10116 10117 10118
f 10118 10117 10119
f 10118 10119 10120
f 10120 10119 8452
f 10120 8452 10121
f 10121 8452 8451
f 8424 8423 10122
f 10122 8423 8576
f 10122 8576 10123
f 10123 8576 10124
f 10123 10124 10125
f 10125 10124 10126
f 10125 10126 10127
f 10127 10126 10128
f 10127 10128 10129
f 10129 10128 10130
f 10129 10130 10131
f 10131 10130 10132
f 10131 10132 10133
f 10133 10132 10134
f 10133 10134 10135
f 10135 10134 10136
f 10135 10136 10137
f 10137 10136 10138
f 10137 10138 10139
f 10139 10138 10140
f 10139 10140 10141
f 10141 10140 10142
f 10141 10142 10143
f 10143 10142 10144
f 10143 10144 10145
f 10145 10144 10146
f 10145 10146 10147
f 10147 10146 10148
f 10147 10148 10149
f 10149 10148 10150
f 10149 10150 10151
f 10151 10150 10152
f 10151 10152 10153
f 10153 10152 10154
f 10153 10154 10155
f 10155 10154 10156
f 10155 10156 10157
f 10157 10156 10158
f 10157 10158 10159
f 10159 10158 10160
f 10159 10160 10161
f 10161 10160 10162
f 10161 10162 10163
f 10163 10162 10164
f 10163 10164 10165
f 10165 10164 10166
f 10165 10166 10167
f 10167 10166 10168
f 10167 10168 10169
f 10169 10168 10170
f 10169 10170 10171
f 10171 10170 10172
f 10171 10172 10173
f 10173 10172 10174
f 10173 10174 10175
f 10175 10174 10176
f 10175 10176 10177
f 10177 10176 10178
f 10177 10178 10179
f 10179 10178 10180
f 10179 10180 10181
f 10181 10180 10182
f 10181 10182 10183
f 10183 10182 10184
f 10183 10184 10185
f 10185 10184 10186
f 10185 10186 10187
f 10187 10186 10188
f 10187 10188 10189
f 10189 10188 10190
f 10189 10190 10191
f 10191 10190 10192
f 10191 10192 10193
f 10193 10192 10194
f 10193 10194 10195
f 10195 10194 10196
f 10195 10196 10197
f 10197 10196 10198
f 10197 10198 10199
f 10199 10198 10200
f 10199 10200 10201
f 10201 10200 10202
f 10201 10202 10203
f 10203 10202 10204
f 10203 10204 10205
f 10205 10204 10206
f 10205 10206 10207
f 10207 10206 10208
f 10207 10208 10209
f 10209 10208 10210
f 10209 10210 10211
f 10211 10210 10212
f 10211 10212 10213
f 10213 10212 10214
f 10213 10214 10215
f 10215 10214 10216
f 10215 10216 10217
f 10217 10216 10218
f 10217 10218 10219
f 10219 10218 10220
f 10219 10220 10221
f 10221 10220 10222
f 10221 10222 10223
f 10223 10222 10224
f 10223 10224 10225
f 10225 10224 10226
f 10225 10226 10227
f 10227 10226 10228
f 10227 10228 10229
f 10229 10228 10230
f 10229 10230 10231
f 10231 10230 10232
f 10231 10232 10233
f 10233 10232 10234
f 10233 10234 10235
f 10235 10234 10236
f 10235 10236 10237
f 10237 10236 10238
f 10237 10238 10239
f 10239 10238 10240
f 10239 10240 10241
f 10241 10240 10242
f 10241 10242 10243
f 10243 10242 10244
f 10243 10244 10245
f 10245 10244 10246
f 10245 10246 10247
f 10247 10246 10248
f 10247 10248 10249
f 10249 10248 10250
f 10249 10250 10251
f 10251 10250 10252
f 10251 10252 10253
f 10253 10252 10254
f 10253 10254 10255
f 10255 10254 10256
f 10255 10256 10257
f 10257 10256 10258
f 10257 10258 10259
f 10259 10258 10260
f 10259 10260 10261
f 10261 10260 10262
f 10261 10262 10263
f 10263 10262 10264
f 10263 10264 10265
f 10265 10264 10266
f 10265 10266 10267
f 10267 10266 10268
f 10267 10268 10269
f 10269 10268 10270
f 10269 10270 10271
f 10271 10270 10272
f 10271 10272 10273
f 10273 10272 10274
f 10273 10274 10275
f 10275 10274 10276
f 10275 10276 10277
f 10277 10276 10278
f 10277 10278 10279
f 10279 10278 10280
f 10279 10280 10281
f 10281 10280 10282
f 10281 10282 10283
f 10283 10282 10284
f 10283 10284 10285
f 10285 10284 10286
f 10285 10286 10287
f 10287 10286 10288
f 10287 10288 10289
f 10289 10288 10290
f 10289 10290 10291
f 10291 10290 10292
f 10291 10292 10293
f 10293 10292 10294
f 10293 10294 10295
f 10295 10294 10296
f 10295 10296 10297
f 10297 10296 10298
f 10297 10298 10299
f 10299 10298 10300
f 10299 10300 10301
f 10301 10300 10302
f 10301 10302 10303
f 10303 10302 10304
f 10303 10304 10305
f 10305 10304 10306
f 10305 10306 10307
f 10307 10306 10308
f 10307 10308 10309
f 10309 10308 10310
f 10309 10310 10311
f 10311 10310 10312
f 10311 10312 10313
f 10313 10312 10314
f 10313 10314 10315
f 10315 10314 10316
f 10315 10316 10317
f 10317 10316 10318
f 10317 10318 10319
f 10319 10318 10320
f 10319 10320 10321
f 10321 10320 10322
f 10321 10322 10323
f 10323 10322 10324
f 10323 10324 10325
f 10325 10324 10326
f 10325 10326 10327
f 10327 10326 10328
f 10327 10328 10329
f 10329 10328 10330
f 10329 10330 10331
f 10331 10330 10332
f 10331 10332 10333
f 10333 10332 10334
f 10333 10334 10335
f 10335 10334 10336
f 10335 10336 10337
f 10337 10336 10338
f 10337 10338 10339
f 10339 10338 10340
f 10339 10340 10341
f 10341 10340 10342
f 10341 10342 10343
f 10343 10342 10344
f 10343 10344 10345
f 10345 10344 10346
f 10345 10346 10347
f 10347 10346 10348
f 10347 10348 10349
f 10349 10348 10350
f 10349 10350 10351
f 10351 10350 10352
f 10351 10352 10353
f 10353 10352 10354
f 10353 10354 10355
f 10355 10354 10356
f 10355 10356 10357
f 10357 10356 10358
f 10357 10358 10359
f 10359 10358 10360
f 10359 10360 10361
f 10361 10360 10362
f 10361 10362 10363
f 10363 10362 10364
f 10363 10364 10365
f 10365 10364 10366
f 10365 10366 10367
f 10367 10366 10368
f 10367 10368 10369
f 10369 10368 10370
f 10369 10370 10371
f 10371 10370 10372
f 10371 10372 8446
f 8446 10372 8449
f 8446 8449 8444
f 8444 8449 8448
f 8422 8421 8576
f 8576 8421 8575
f 8576 8575 10124
f 10124 8575 9870
f 10124 9870 10126
f 10126 9870 9872
f 10126 9872 10128
f 10128 9872 9874
f 10128 9874 10130
f 10130 9874 9876
f 10130 9876 10132
f 10132 9876 9878
f 10132 9878 10134
f 10134 9878 9880
f 10134 9880 10136
f 10136 9880 9882
f 10136 9882 10138
f 10138 9882 9884
f 10138 9884 10140
f 10140 9884 9886
f 10140 9886 10142
f 10142 9886 9888
f 10142 9888 10144
f 10144 9888 9890
f 10144 9890 10146
f 10146 9890 9892
f 10146 9892 10148
f 10148 9892 9894
f 10148 9894 10150
f 10150 9894 9896
f 10150 9896 10152
f 10152 9896 9898
f 10152 9898 10154
f 10154 9898 9900
f 10154 9900 10156
f 10156 9900 9902
f 10156 9902 10158
f 10158 9902 9904
f 10158 9904 10160
f 10160 9904 9906
f 10160 9906 10162
f 10162 9906 9908
f 10162 9908 10164
f 10164 9908 9910
f 10164 9910 10166
f 10166 9910 9912
f 10166 9912 10168
f 10168 9912 9914
f 10168 9914 10170
f 10170 9914 9916
f 10170 9916 10172
f 10172 9916 9918
f 10172 9918 10174
f 10174 9918 9920
f 10174 9920 10176
f 10176 9920 9922
f 10176 9922 10178
f 10178 9922 9924
f 10178 9924 10180
f 10180 9924 9926
f 10180 9926 10182
f 10182 9926 9928
f 10182 9928 10184
f 10184 9928 9930
f 10184 9930 10186
f 10186 9930 9932
f 10186 9932 10188
f 10188 9932 9934
f 10188 9934 10190
f 10190 9934 9936
f 10190 9936 10192
f 10192 9936 9938
f 10192 9938 10194
f 10194 9938 9940
f 10194 9940 10196
f 10196 9940 9942
f 10196 9942 10198
f 10198 9942 9944
f 10198 9944 10200
f 10200 9944 9946
f 10200 9946 10202
f 10202 9946 9948
f 10202 9948 10204
f 10204 9948 9950
f 10204 9950 10206
f 10206 9950 9952
f 10206 9952 10208
f 10208 9952 9954
f 10208 9954 10210
f 10210 9954 9956
f 10210 9956 10212
f 10212 9956 9958
f 10212 9958 10214
f 10214 9958 9960
f 10214 9960 10216
f 10216 9960 9962
f 10216 9962 10218
f 10218 9962 9964
f 10218 9964 10220
f 10220 9964 9966
f 10220 9966 10222
f 10222 9966 9968
f 10222 9968 10224
f 10224 9968 9970
f 10224 9970 10226
f 10226 9970 9972
f 10226 9972 10228
f 10228 9972 9974
f 10228 9974 10230
f 10230 9974 9976
f 10230 9976 10232
f 10232 9976 9978
f 10232 9978 10234
f 10234 9978 9980
f 10234 9980 10236
f 10236 9980 9982
f 10236 9982 10238
f 10238 9982 9984
f 10238 9984 10240
f 10240 9984 9986
f 10240 9986 10242
f 10242 9986 9988
f 10242 9988 10244
f 10244 9988 9990
f 10244 9990 10246
f 10246 9990 9992
f 10246 9992 10248
f 10248 9992 9994
f 10248 9994 10250
f 10250 9994 9996
f 10250 9996 10252
f 10252 9996 9998
f 10252 9998 10254
f 10254 9998 10000
f 10254 10000 10256
f 10256 10000 10002
f 10256 10002 10258
f 10258 10002 10004
f 10258 10004 10260
f 10260 10004 10006
f 10260 10006 10262
f 10262 10006 10008
f 10262 10008 10264
f 10264 10008 10010
f 10264 10010 10266
f 10266 10010 10012
f 10266 10012 10268
f 10268 10012 10014
f 10268 10014 10270
f 10270 10014 10016
f 10270 10016 10272
f 10272 10016 10018
f 10272 10018 10274
f 10274 10018 10020
f 10274 10020 10276
f 10276 10020 10022
f 10276 10022 10278
f 10278 10022 10024
f 10278 10024 10280
f 10280 10024 10026
f 10280 10026 10282
f 10282 10026 10028
f 10282 10028 10284
f 10284 10028 10030
f 10284 10030 10286
f 10286 10030 10032
f 10286 10032 10288
f 10288 10032 10034
f 10288 10034 10290
f 10290 10034 10036
f 10290 10036 10292
f 10292 10036 10038
f 10292 10038 10294
f 10294 10038 10040
f 10294 10040 10296
f 10296 10040 10042
f 10296 10042 10298
f 10298 10042 10044
f 10298 10044 10300
f 10300 10044 10046
f 10300 10046 10302
f 10302 10046 10048
f 10302 10048 10304
f 10304 10048 10050
f 10304 10050 10306
f 10306 10050 10052
f 10306 10052 10308
f 10308 10052 10054
f 10308 10054 10310
f 10310 10054 10056
f 10310 10056 10312
f 10312 10056 10058
f 10312 10058 10314
f 10314 10058 10060
f 10314 10060 10316
f 10316 10060 10062
f 10316 10062 10318
f 10318 10062 10064
f 10318 10064 10320
f 10320 10064 10066
f 10320 10066 10322
f 10322 10066 10068
f 10322 10068 10324
f 10324 10068 10070
f 10324 10070 10326
f 10326 10070 10072
f 10326 10072 10328
f 10328 10072 10074
f 10328 10074 10330
f 10330 10074 10076
f 10330 10076 10332
f 10332 10076 10078
f 10332 10078 10334
f 10334 10078 10080
f 10334 10080 10336
f 10336 10080 10082
f 10336 10082 10338
f 10338 10082 10084
f 10338 10084 10340
f 10340 10084 10086
f 10340 10086 10342
f 10342 10086 10088
f 10342 10088 10344
f 10344 10088 10090
f 10344 10090 10346
f 10346 10090 10092
f 10346 10092 10348
f 10348 10092 10094
f 10348 10094 10350
f 10350 10094 10096
f 10350 10096 10352
f 10352 10096 10098
f 10352 10098 10354
f 10354 10098 10100
f 10354 10100 10356
f 10356 10100 10102
f 10356 10102 10358
f 10358 10102 10104
f 10358 10104 10360
f 10360 10104 10106
f 10360 10106 10362
f 10362 10106 10108
f 10362 10108 10364
f 10364 10108 10110
f 10364 10110 10366
f 10366 10110 10112
f 10366 10112 10368
f 10368 10112 10114
f 10368 10114 10370
f 10370 10114 10116
f 10370 10116 10372
f 10372 10116 10118
f 10372 10118 8449
f 8449 10118 10120
f 8449 10120 8447
f 8447 10120 10121
f 8417 8416 8577
f 8577 8416 8574
f 8577 8574 9871
f 9871 8574 9618
f 9871 9618 9873
f 9873 9618 9620
f 9873 9620 9875
f 9875 9620 9622
f 9875 9622 9877
f 9877 9622 9624
f 9877 9624 9879
f 9879 9624 9626
f 9879 9626 9881
f 9881 9626 9628
f 9881 9628 9883
f 9883 9628 9630
f 9883 9630 9885
f 9885 9630 9632
f 9885 9632 9887
f 9887 9632 9634
f 9887 9634 9889
f 9889 9634 9636
f 9889 9636 9891
f 9891 9636 9638
f 9891 9638 9893
f 9893 9638 9640
f 9893 9640 9895
f 9895 9640 9642
f 9895 9642 9897
f 9897 9642 9644
f 9897 9644 9899
f 9899 9644 9646
f 9899 9646 9901
f 9901 9646 9648
f 9901 9648 9903
f 9903 9648 9650
f 9903 9650 9905
f 9905 9650 9652
f 9905 9652 9907
f 9907 9652 9654
f 9907 9654 9909
f 9909 9654 9656
f 9909 9656 9911
f 9911 9656 9658
f 9911 9658 9913
f 9913 9658 9660
f 9913 9660 9915
f 9915 9660 9662
f 9915 9662 9917
f 9917 9662 9664
f 9917 9664 9919
f 9919 9664 9666
f 9919 9666 9921
f 9921 9666 9668
f 9921 9668 9923
f 9923 9668 9670
f 9923 9670 9925
f 9925 9670 9672
f 9925 9672 9927
f 9927 9672 9674
f 9927 9674 9929
f 9929 9674 9676
f 9929 9676 9931
f 9931 9676 9678
f 9931 9678 9933
f 9933 9678 9680
f 9933 9680 9935
f 9935 9680 9682
f 9935 9682 9937
f 9937 9682 9684
f 9937 9684 9939
f 9939 9684 9686
f 9939 9686 9941
f 9941 9686 9688
f 9941 9688 9943
f 9943 9688 9690
f 9943 9690 9945
f 9945 9690 9692
f 9945 9692 9947
f 9947 9692 9694
f 9947 9694 9949
f 9949 9694 9696
f 9949 9696 9951
f 9951 9696 9698
f 9951 9698 9953
f 9953 9698 9700
f 9953 9700 9955
f 9955 9700 9702
f 9955 9702 9957
f 9957 9702 9704
f 9957 9704 9959
f 9959 9704 9706
f 9959 9706 9961
f 9961 9706 9708
f 9961 9708 9963
f 9963 9708 9710
f 9963 9710 9965
f 9965 9710 9712
f 9965 9712 9967
f 9967 9712 9714
f 9967 9714 9969
f 9969 9714 9716
f 9969 9716 9971
f 9971 9716 9718
f 9971 9718 9973
f 9973 9718 9720
f 9973 9720 9975
f 9975 9720 9722
f 9975 9722 9977
f 9977 9722 9724
f 9977 9724 9979
f 9979 9724 9726
f 9979 9726 9981
f 9981 9726 9728
f 9981 9728 9983
f 9983 9728 9730
f 9983 9730 9985
f 9985 9730 9732
f 9985 9732 9987
f 9987 9732 9734
f 9987 9734 9989
f 9989 9734 9736
f 9989 9736 9991
f 9991 9736 9738
f 9991 9738 9993
f 9993 9738 9740
f 9993 9740 9995
f 9995 9740 9742
f 9995 9742 9997
f 9997 9742 9744
f 9997 9744 9999
f 9999 9744 9746
f 9999 9746 10001
f 10001 9746 9748
f 10001 9748 10003
f 10003 9748 9750
f 10003 9750 10005
f 10005 9750 9752
f 10005 9752 10007
f 10007 9752 9754
f 10007 9754 10009
f 10009 9754 9756
f 10009 9756 10011
f 10011 9756 9758
f 10011 9758 10013
f 10013 9758 9760
f 10013 9760 10015
f 10015 9760 9762
f 10015 9762 10017
f 10017 9762 9764
f 10017 9764 10019
f 10019 9764 9766
f 10019 9766 10021
f 10021 9766 9768
f 10021 9768 10023
f 10023 9768 9770
f 10023 9770 10025
f 10025 9770 9772
f 10025 9772 10027
f 10027 9772 9774
f 10027 9774 10029
f 10029 9774 9776
f 10029 9776 10031
f 10031 9776 9778
f 10031 9778 10033
f 10033 9778 9780
f 10033 9780 10035
f 10035 9780 9782
f 10035 9782 10037
f 10037 9782 9784
f 10037 9784 10039
f 10039 9784 9786
f 10039 9786 10041
f 10041 9786 9788
f 10041 9788 10043
f 10043 9788 9790
f 10043 9790 10045
f 10045 9790 9792
f 10045 9792 10047
f 10047 9792 9794
f 10047 9794 10049
f 10049 9794 9796
f 10049 9796 10051
f 10051 9796 9798
f 10051 9798 10053
f 10053 9798 9800
f 10053 9800 10055
f 10055 9800 9802
f 10055 9802 10057
f 10057 9802 9804
f 10057 9804 10059
f 10059 9804 9806
f 10059 9806 10061
f 10061 9806 9808
f 10061 9808 10063
f 10063 9808 9810
f 10063 9810 10065
f 10065 9810 9812
f 10065 9812 10067
f 10067 9812 9814
f 10067 9814 10069
f 10069 9814 9816
f 10069 9816 10071
f 10071 9816 9818
f 10071 9818 10073
f 10073 9818 9820
f 10073 9820 10075
f 10075 9820 9822
f 10075 9822 10077
f 10077 9822 9824
f 10077 9824 10079
f 10079 9824 9826
f 10079 9826 10081
f 10081 9826 9828
f 10081 9828 10083
f 10083 9828 9830
f 10083 9830 10085
f 10085 9830 9832
f 10085 9832 10087
f 10087 9832 9834
f 10087 9834 10089
f 10089 9834 9836
f 10089 9836 10091
f 10091 9836 9838
f 10091 9838 10093
f 10093 9838 9840
f 10093 9840 10095
f 10095 9840 9842
f 10095 9842 10097
f 10097 9842 9844
f 10097 9844 10099
f 10099 9844 9846
f 10099 9846 10101
f 10101 9846 9848
f 10101 9848 10103
f 10103 9848 9850
f 10103 9850 10105
f 10105 9850 9852
f 10105 9852 10107
f 10107 9852 9854
f 10107 9854 10109
f 10109 9854 9856
f 10109 9856 10111
f 10111 9856 9858
f 10111 9858 10113
f 10113 9858 9860
f 10113 9860 10115
f 10115 9860 9862
f 10115 9862 10117
f 10117 9862 9864
f 10117 9864 10119
f 10119 9864 9866
f 10119 9866 8452
f 8452 9866 8455
f 8452 8455 8450
f 8450 8455 8454
f 689 8442 687
f 687 8442 8443
f 687 8443 685
f 685 8443 894
f 8572 9182 8573
f 8573 9182 9542
f 8573 9542 8715
f 8715 9542 9544
f 8715 9544 8717
f 8717 9544 9546
f 8717 9546 8719
f 8719 9546 9548
f 8719 9548 8721
f 8721 9548 9550
f 8721 9550 8723
f 8723 9550 9552
f 8723 9552 8725
f 8725 9552 786
f 8725 786 785
f 8425 8424 8546
f 8546 8424 10122
f 8546 10122 8932
f 8932 10122 10123
f 8932 10123 8930
f 8930 10123 10125
f 8930 10125 8928
f 8928 10125 10127
f 8928 10127 8926
f 8926 10127 10129
f 8926 10129 8924
f 8924 10129 10131
f 8924 10131 8922
f 8922 10131 10133
f 8922 10133 8920
f 8920 10133 10135
f 8920 10135 8918
f 8918 10135 10137
f 8918 10137 8916
f 8916 10137 10139
f 8916 10139 8914
f 8914 10139 10141
f 8914 10141 8912
f 8912 10141 10143
f 8912 10143 8910
f 8910 10143 10145
f 8910 10145 8908
f 8908 10145 10147
f 8908 10147 8906
f 8906 10147 10149
f 8906 10149 8904
f 8904 10149 10151
f 8904 10151 8902
f 8902 10151 10153
f 8902 10153 8900
f 8900 10153 10155
f 8900 10155 8898
f 8898 10155 10157
f 8898 10157 8896
f 8896 10157 10159
f 8896 10159 8894
f 8894 10159 10161
f 8894 10161 8892
f 8892 10161 10163
f 8892 10163 8890
f 8890 10163 10165
f 8890 10165 8888
f 8888 10165 10167
f 8888 10167 8886
f 8886 10167 10169
f 8886 10169 8884
f 8884 10169 10171
f 8884 10171 8882
f 8882 10171 10173
f 8882 10173 8880
f 8880 10173 10175
f 8880 10175 8878
f 8878 10175 10177
f 8878 10177 8876
f 8876 10177 10179
f 8876 10179 8874
f 8874 10179 10181
f 8874 10181 8673
f 8673 10181 10183
f 8673 10183 8674
f 8674 10183 10185
f 8674 10185 8682
f 8682 10185 10187
f 8682 10187 8802
f 8802 10187 10189
f 8802 10189 8803
f 8803 10189 10191
f 8803 10191 8553
f 8553 10191 10193
f 8553 10193 8554
f 8554 10193 10195
f 8554 10195 8556
f 8556 10195 10197
f 8556 10197 8557
f 8557 10197 10199
f 8557 10199 8670
f 8670 10199 10201
f 8670 10201 8667
f 8667 10201 10203
f 8667 10203 8559
f 8559 10203 10205
f 8559 10205 8560
f 8560 10205 10207
f 8560 10207 8562
f 8562 10207 10209
f 8562 10209 8563
f 8563 10209 10211
f 8563 10211 8665
f 8665 10211 10213
f 8665 10213 8764
f 8764 10213 10215
f 8764 10215 8763
f 8763 10215 10217
f 8763 10217 8748
f 8748 10217 10219
f 8748 10219 8741
f 8741 10219 10221
f 8741 10221 8695
f 8695 10221 10223
f 8695 10223 8659
f 8659 10223 10225
f 8659 10225 8654
f 8654 10225 10227
f 8654 10227 8650
f 8650 10227 10229
f 8650 10229 8649
f 8649 10229 10231
f 8649 10231 8648
f 8648 10231 10233
f 8648 10233 8647
f 8647 10233 10235
f 8647 10235 8568
f 8568 10235 10237
f 8568 10237 8569
f 8569 10237 10239
f 8569 10239 8645
f 8645 10239 10241
f 8645 10241 8643
f 8643 10241 10243
f 8643 10243 8571
f 8571 10243 10245
f 8571 10245 8572
f 8572 10245 10247
f 8572 10247 8467
f 8467 10247 10249
f 8467 10249 8468
f 8468 10249 10251
f 8468 10251 8470
f 8470 10251 10253
f 8470 10253 8471
f 8471 10253 10255
f 8471 10255 8473
f 8473 10255 10257
f 8473 10257 8474
f 8474 10257 10259
f 8474 10259 8476
f 8476 10259 10261
f 8476 10261 8477
f 8477 10261 10263
f 8477 10263 8479
f 8479 10263 10265
f 8479 10265 8480
f 8480 10265 10267
f 8480 10267 8482
f 8482 10267 10269
f 8482 10269 8483
f 8483 10269 10271
f 8483 10271 8485
f 8485 10271 10273
f 8485 10273 8486
f 8486 10273 10275
f 8486 10275 9174
f 9174 10275 10277
f 9174 10277 9172
f 9172 10277 10279
f 9172 10279 8488
f 8488 10279 10281
f 8488 10281 8489
f 8489 10281 10283
f 8489 10283 8491
f 8491 10283 10285
f 8491 10285 8492
f 8492 10285 10287
f 8492 10287 8494
f 8494 10287 10289
f 8494 10289 8495
f 8495 10289 10291
f 8495 10291 8497
f 8497 10291 10293
f 8497 10293 8498
f 8498 10293 10295
f 8498 10295 8500
f 8500 10295 10297
f 8500 10297 8501
f 8501 10297 10299
f 8501 10299 8503
f 8503 10299 10301
f 8503 10301 8504
f 8504 10301 10303
f 8504 10303 8506
f 8506 10303 10305
f 8506 10305 8507
f 8507 10305 10307
f 8507 10307 8509
f 8509 10307 10309
f 8509 10309 8510
f 8510 10309 10311
f 8510 10311 9142
f 9142 10311 10313
f 9142 10313 9204
f 9204 10313 10315
f 9204 10315 9159
f 9159 10315 10317
f 9159 10317 9154
f 9154 10317 10319
f 9154 10319 9138
f 9138 10319 10321
f 9138 10321 9137
f 9137 10321 10323
f 9137 10323 9136
f 9136 10323 10325
f 9136 10325 9135
f 9135 10325 10327
f 9135 10327 8515
f 8515 10327 10329
f 8515 10329 8516
f 8516 10329 10331
f 8516 10331 8518
f 8518 10331 10333
f 8518 10333 8519
f 8519 10333 10335
f 8519 10335 9133
f 9133 10335 10337
f 9133 10337 9130
f 9130 10337 10339
f 9130 10339 8521
f 8521 10339 10341
f 8521 10341 8522
f 8522 10341 10343
f 8522 10343 8524
f 8524 10343 10345
f 8524 10345 8525
f 8525 10345 10347
f 8525 10347 9121
f 9121 10347 10349
f 9121 10349 9123
f 9123 10349 10351
f 9123 10351 8527
f 8527 10351 10353
f 8527 10353 8528
f 8528 10353 10355
f 8528 10355 8530
f 8530 10355 10357
f 8530 10357 8531
f 8531 10357 10359
f 8531 10359 9125
f 9125 10359 10361
f 9125 10361 9153
f 9153 10361 10363
f 9153 10363 9199
f 9199 10363 10365
f 9199 10365 9200
f 9200 10365 10367
f 9200 10367 8533
f 8533 10367 10369
f 8533 10369 8534
f 8534 10369 10371
f 8534 10371 8536
f 8536 10371 8446
f 8536 8446 8537
f 8537 8446 8445
f 1063 952 10373
f 10374 663 9285
f 9285 663 665
f 8453 9869 10373
f 9869 9553 10373
f 10373 9553 9555
f 10373 9555 1063
f 10373 10375 8453
f 8453 10375 10376
f 8453 10376 8454
f 8454 10376 10377
f 8454 10377 8450
f 8450 10377 10378
f 8450 10378 8451
f 8451 10378 10379
f 9186 9184 10380
f 9184 9183 10380
f 10380 9183 9145
f 10380 9145 10381
f 10381 9145 9144
f 10381 9144 10382
f 10382 9144 9127
f 10382 9127 10383
f 10383 9127 8538
f 10383 8538 10384
f 10384 8538 8537
f 10384 8537 10385
f 10385 8537 8445
f 10385 8445 10386
f 10386 8445 8444
f 10386 8444 10387
f 10387 8444 8448
f 10387 8448 10388
f 10388 8448 8447
f 10388 8447 10379
f 10379 8447 10121
f 10379 10121 8451
f 9283 10389 9285
f 9285 10389 10390
f 9285 10390 10374
f 10380 10391 9186
f 9186 10391 10392
f 9186 10392 9201
f 9201 10392 10393
f 9201 10393 9202
f 9202 10393 10389
f 9202 10389 9282
f 9282 10389 9283
f 903 10394 10395
f 10394 10396 10397
f 10398 10399 10400
f 10401 10402 10403
f 10404 10405 10406
f 3164 3144 10407
f 10407 3144 10408
f 10407 10408 10409
f 3144 3145 10408
f 10408 3145 3146
f 10408 3146 10410
f 10410 3146 3138
f 10410 3138 10411
f 3138 3139 10411
f 10411 3139 3140
f 10411 3140 10412
f 10412 3140 3137
f 10412 3137 10413
f 10413 3137 3136
f 3133 10414 10415
f 3136 3135 10413
f 10413 3135 3134
f 10413 3134 10416
f 10416 3134 3131
f 10416 3131 10415
f 10415 3131 3132
f 10415 3132 3133
f 3133 3130 10414
f 10414 3130 3129
f 10414 3129 10417
f 10417 3129 3126
f 10417 3126 10418
f 663 10374 3125
f 3125 10374 10419
f 3125 10419 3128
f 3128 10419 10418
f 3128 10418 3127
f 3127 10418 3126
f 10409 10408 10420
f 10420 10408 10410
f 10420 10410 10421
f 10421 10410 10411
f 10421 10411 10422
f 10422 10411 10412
f 10422 10412 10423
f 10423 10412 10413
f 10423 10413 10424
f 10424 10413 10416
f 10424 10416 10425
f 10425 10416 10415
f 10425 10415 10426
f 10426 10415 10414
f 10426 10414 10427
f 10427 10414 10417
f 10427 10417 10428
f 10428 10417 10418
f 10428 10418 10429
f 10429 10418 10419
f 10429 10419 10430
f 10374 10390 10419
f 10419 10390 10389
f 10419 10389 10430
f 10430 10389 10393
f 10430 10393 10392
f 10392 10431 10430
f 10430 10431 10432
f 10430 10432 10429
f 10429 10432 10433
f 10429 10433 10428
f 10428 10433 10434
f 10428 10434 10427
f 10427 10434 10435
f 10427 10435 10426
f 10426 10435 10436
f 10426 10436 10425
f 10425 10436 10437
f 10425 10437 10424
f 10424 10437 10438
f 10424 10438 10423
f 10423 10438 10439
f 10423 10439 10422
f 10422 10439 10440
f 10422 10440 10421
f 10421 10440 10406
f 10421 10406 10420
f 10420 10406 10405
f 10420 10405 10409
f 10404 10406 10441
f 10441 10406 10440
f 10441 10440 10442
f 10442 10440 10439
f 10442 10439 10443
f 10443 10439 10438
f 10443 10438 10444
f 10444 10438 10437
f 10444 10437 10445
f 10445 10437 10436
f 10445 10436 10446
f 10446 10436 10435
f 10446 10435 10447
f 10447 10435 10434
f 10447 10434 10448
f 10448 10434 10433
f 10448 10433 10449
f 10449 10433 10432
f 10449 10432 10450
f 10450 10432 10431
f 10450 10431 10451
f 10392 10391 10431
f 10431 10391 10380
f 10431 10380 10451
f 10451 10380 10381
f 10451 10381 10382
f 10382 10452 10451
f 10451 10452 10453
f 10451 10453 10450
f 10450 10453 10454
f 10450 10454 10449
f 10449 10454 10455
f 10449 10455 10448
f 10448 10455 10456
f 10448 10456 10447
f 10447 10456 10457
f 10447 10457 10446
f 10446 10457 10458
f 10446 10458 10445
f 10445 10458 10459
f 10445 10459 10444
f 10444 10459 10460
f 10444 10460 10443
f 10443 10460 10461
f 10443 10461 10442
f 10442 10461 10403
f 10442 10403 10441
f 10441 10403 10402
f 10441 10402 10404
f 10401 10403 10462
f 10462 10403 10461
f 10462 10461 10463
f 10463 10461 10460
f 10463 10460 10464
f 10464 10460 10459
f 10464 10459 10465
f 10465 10459 10458
f 10465 10458 10466
f 10466 10458 10457
f 10466 10457 10467
f 10467 10457 10456
f 10467 10456 10468
f 10468 10456 10455
f 10468 10455 10469
f 10469 10455 10454
f 10469 10454 10470
f 10470 10454 10453
f 10470 10453 10471
f 10471 10453 10452
f 10471 10452 10472
f 10382 10383 10452
f 10452 10383 10384
f 10452 10384 10472
f 10472 10384 10385
f 10472 10385 10386
f 10386 10473 10472
f 10472 10473 10474
f 10472 10474 10471
f 10471 10474 10475
f 10471 10475 10470
f 10470 10475 10476
f 10470 10476 10469
f 10469 10476 10477
f 10469 10477 10468
f 10468 10477 10478
f 10468 10478 10467
f 10467 10478 10479
f 10467 10479 10466
f 10466 10479 10480
f 10466 10480 10465
f 10465 10480 10481
f 10465 10481 10464
f 10464 10481 10482
f 10464 10482 10463
f 10463 10482 10400
f 10463 10400 10462
f 10462 10400 10399
f 10462 10399 10401
f 10398 10400 10483
f 10483 10400 10482
f 10483 10482 10484
f 10484 10482 10481
f 10484 10481 10485
f 10485 10481 10480
f 10485 10480 10486
f 10486 10480 10479
f 10486 10479 10487
f 10487 10479 10478
f 10487 10478 10488
f 10488 10478 10477
f 10488 10477 10489
f 10489 10477 10476
f 10489 10476 10490
f 10490 10476 10475
f 10490 10475 10491
f 10491 10475 10474
f 10491 10474 10492
f 10492 10474 10473
f 10492 10473 10493
f 10386 10387 10473
f 10473 10387 10388
f 10473 10388 10493
f 10493 10388 10379
f 10493 10379 10378
f 10378 10494 10493
f 10493 10494 10495
f 10493 10495 10492
f 10492 10495 10496
f 10492 10496 10491
f 10491 10496 10497
f 10491 10497 10490
f 10490 10497 10498
f 10490 10498 10489
f 10489 10498 10499
f 10489 10499 10488
f 10488 10499 10500
f 10488 10500 10487
f 10487 10500 10501
f 10487 10501 10486
f 10486 10501 10502
f 10486 10502 10485
f 10485 10502 10503
f 10485 10503 10484
f 10484 10503 10397
f 10484 10397 10483
f 10483 10397 10396
f 10483 10396 10398
f 10394 10397 10395
f 10395 10397 10503
f 10395 10503 10504
f 10504 10503 10502
f 10504 10502 10505
f 10505 10502 10501
f 10505 10501 10506
f 10506 10501 10500
f 10506 10500 10507
f 10507 10500 10499
f 10507 10499 10508
f 10508 10499 10498
f 10508 10498 10509
f 10509 10498 10497
f 10509 10497 10510
f 10510 10497 10496
f 10510 10496 10511
f 10511 10496 10495
f 10511 10495 10512
f 10512 10495 10494
f 10512 10494 10513
f 10378 10377 10494
f 10494 10377 10376
f 10494 10376 10513
f 10513 10376 10375
f 10513 10375 10373
f 903 10395 901
f 901 10395 10504
f 901 10504 911
f 911 10504 10505
f 911 10505 915
f 915 10505 10506
f 915 10506 917
f 917 10506 10507
f 917 10507 921
f 921 10507 10508
f 921 10508 956
f 956 10508 10509
f 956 10509 935
f 935 10509 10510
f 935 10510 937
f 937 10510 10511
f 937 10511 928
f 928 10511 10512
f 928 10512 942
f 942 10512 10513
f 942 10513 931
f 931 10513 10373
f 931 10373 952
f 3168 3166 10514
f 3174 3172 10515
f 3180 3178 10516
f 2793 2801 10517
f 3124 3182 10518
f 3186 3188 10519
f 2777 2776 10520
f 3192 3194 10521
f 2829 2828 10522
f 3205 3207 10523
f 3212 3214 10524
f 2824 2823 10525
f 10525 2823 10526
f 10525 10526 10527
f 10527 10526 10528
f 10527 10528 10529
f 10529 10528 10530
f 10529 10530 10531
f 10531 10530 10532
f 10531 10532 10533
f 10533 10532 10534
f 10533 10534 10535
f 10535 10534 10536
f 10535 10536 10537
f 10537 10536 10538
f 10537 10538 10539
f 10539 10538 10540
f 10539 10540 10541
f 10541 10540 10542
f 10541 10542 10543
f 10543 10542 10544
f 2825 2824 10545
f 10545 2824 10525
f 10545 10525 10546
f 10546 10525 10527
f 10546 10527 10547
f 10547 10527 10529
f 10547 10529 10548
f 10548 10529 10531
f 10548 10531 10549
f 10549 10531 10533
f 10549 10533 10550
f 10550 10533 10535
f 10550 10535 10551
f 10551 10535 10537
f 10551 10537 10552
f 10552 10537 10539
f 10552 10539 10553
f 10553 10539 10541
f 10553 10541 10554
f 10554 10541 10543
f 3212 10524 3220
f 2826 2825 10555
f 10555 2825 10545
f 10555 10545 10556
f 10556 10545 10546
f 10556 10546 10557
f 10557 10546 10547
f 10557 10547 10558
f 10558 10547 10548
f 10558 10548 10559
f 10559 10548 10549
f 10559 10549 10560
f 10560 10549 10550
f 10560 10550 10561
f 10561 10550 10551
f 10561 10551 10562
f 10562 10551 10552
f 10562 10552 10563
f 10563 10552 10553
f 10563 10553 10524
f 10524 10553 10554
f 10524 10554 3220
f 3220 10554 10543
f 3220 10543 3218
f 3218 10543 10544
f 3218 10544 2742
f 2828 2826 10522
f 10522 2826 10555
f 10522 10555 10564
f 10564 10555 10556
f 10564 10556 10565
f 10565 10556 10557
f 10565 10557 10566
f 10566 10557 10558
f 10566 10558 10567
f 10567 10558 10559
f 10567 10559 10568
f 10568 10559 10560
f 10568 10560 10569
f 10569 10560 10561
f 10569 10561 10570
f 10570 10561 10562
f 10570 10562 10571
f 10571 10562 10563
f 10571 10563 10572
f 10572 10563 10524
f 10572 10524 3216
f 3216 10524 3214
f 3216 3205 10572
f 10572 3205 10523
f 10572 10523 10571
f 10571 10523 10573
f 10571 10573 10570
f 10570 10573 10574
f 10570 10574 10569
f 10569 10574 10575
f 10569 10575 10568
f 10568 10575 10576
f 10568 10576 10567
f 10567 10576 10577
f 10567 10577 10566
f 10566 10577 10578
f 10566 10578 10565
f 10565 10578 10579
f 10565 10579 10564
f 10564 10579 10580
f 10564 10580 10522
f 10522 10580 10581
f 10522 10581 2829
f 2829 10581 2808
f 2809 2808 10582
f 10582 2808 10581
f 10582 10581 10583
f 10583 10581 10580
f 10583 10580 10584
f 10584 10580 10579
f 10584 10579 10585
f 10585 10579 10578
f 10585 10578 10586
f 10586 10578 10577
f 10586 10577 10587
f 10587 10577 10576
f 10587 10576 10588
f 10588 10576 10575
f 10588 10575 10589
f 10589 10575 10574
f 10589 10574 10590
f 10590 10574 10573
f 10590 10573 10591
f 10591 10573 10523
f 10591 10523 3209
f 3209 10523 3207
f 2812 2809 10592
f 10592 2809 10582
f 10592 10582 10593
f 10593 10582 10583
f 10593 10583 10594
f 10594 10583 10584
f 10594 10584 10595
f 10595 10584 10585
f 10595 10585 10596
f 10596 10585 10586
f 10596 10586 10597
f 10597 10586 10587
f 10597 10587 10598
f 10598 10587 10588
f 10598 10588 10599
f 10599 10588 10589
f 10599 10589 10600
f 10600 10589 10590
f 10600 10590 10601
f 10601 10590 10591
f 10601 10591 3210
f 3210 10591 3209
f 2814 2812 10602
f 10602 2812 10592
f 10602 10592 10603
f 10603 10592 10593
f 10603 10593 10604
f 10604 10593 10594
f 10604 10594 10605
f 10605 10594 10595
f 10605 10595 10606
f 10606 10595 10596
f 10606 10596 10607
f 10607 10596 10597
f 10607 10597 10608
f 10608 10597 10598
f 10608 10598 10609
f 10609 10598 10599
f 10609 10599 10610
f 10610 10599 10600
f 10610 10600 10611
f 10611 10600 10601
f 10611 10601 3203
f 3203 10601 3210
f 2776 2814 10520
f 10520 2814 10602
f 10520 10602 10612
f 10612 10602 10603
f 10612 10603 10613
f 10613 10603 10604
f 10613 10604 10614
f 10614 10604 10605
f 10614 10605 10615
f 10615 10605 10606
f 10615 10606 10616
f 10616 10606 10607
f 10616 10607 10617
f 10617 10607 10608
f 10617 10608 10618
f 10618 10608 10609
f 10618 10609 10619
f 10619 10609 10610
f 10619 10610 10620
f 10620 10610 10611
f 3192 10521 3199
f 2797 2777 10621
f 10621 2777 10520
f 10621 10520 10622
f 10622 10520 10612
f 10622 10612 10623
f 10623 10612 10613
f 10623 10613 10624
f 10624 10613 10614
f 10624 10614 10625
f 10625 10614 10615
f 10625 10615 10626
f 10626 10615 10616
f 10626 10616 10627
f 10627 10616 10617
f 10627 10617 10628
f 10628 10617 10618
f 10628 10618 10629
f 10629 10618 10619
f 10629 10619 10521
f 10521 10619 10620
f 10521 10620 3199
f 3199 10620 10611
f 3199 10611 3200
f 3200 10611 3203
f 2802 2797 10630
f 10630 2797 10621
f 10630 10621 10631
f 10631 10621 10622
f 10631 10622 10632
f 10632 10622 10623
f 10632 10623 10633
f 10633 10623 10624
f 10633 10624 10634
f 10634 10624 10625
f 10634 10625 10635
f 10635 10625 10626
f 10635 10626 10636
f 10636 10626 10627
f 10636 10627 10637
f 10637 10627 10628
f 10637 10628 10638
f 10638 10628 10629
f 10638 10629 10639
f 10639 10629 10521
f 10639 10521 3196
f 3196 10521 3194
f 2799 2802 10640
f 10640 2802 10630
f 10640 10630 10641
f 10641 10630 10631
f 10641 10631 10642
f 10642 10631 10632
f 10642 10632 10643
f 10643 10632 10633
f 10643 10633 10644
f 10644 10633 10634
f 10644 10634 10645
f 10645 10634 10635
f 10645 10635 10646
f 10646 10635 10636
f 10646 10636 10647
f 10647 10636 10637
f 10647 10637 10648
f 10648 10637 10638
f 10648 10638 10519
f 10519 10638 10639
f 10519 10639 3186
f 3186 10639 3196
f 2800 2799 10649
f 10649 2799 10640
f 10649 10640 10650
f 10650 10640 10641
f 10650 10641 10651
f 10651 10641 10642
f 10651 10642 10652
f 10652 10642 10643
f 10652 10643 10653
f 10653 10643 10644
f 10653 10644 10654
f 10654 10644 10645
f 10654 10645 10655
f 10655 10645 10646
f 10655 10646 10656
f 10656 10646 10647
f 10656 10647 10657
f 10657 10647 10648
f 10657 10648 10658
f 10658 10648 10519
f 10658 10519 3190
f 3190 10519 3188
f 2801 2800 10517
f 10517 2800 10649
f 10517 10649 10659
f 10659 10649 10650
f 10659 10650 10660
f 10660 10650 10651
f 10660 10651 10661
f 10661 10651 10652
f 10661 10652 10662
f 10662 10652 10653
f 10662 10653 10663
f 10663 10653 10654
f 10663 10654 10664
f 10664 10654 10655
f 10664 10655 10665
f 10665 10655 10656
f 10665 10656 10666
f 10666 10656 10657
f 10666 10657 10667
f 10667 10657 10658
f 10667 10658 3191
f 3191 10658 3190
f 3191 3124 10667
f 10667 3124 10518
f 10667 10518 10666
f 10666 10518 10668
f 10666 10668 10665
f 10665 10668 10669
f 10665 10669 10664
f 10664 10669 10670
f 10664 10670 10663
f 10663 10670 10671
f 10663 10671 10662
f 10662 10671 10672
f 10662 10672 10661
f 10661 10672 10673
f 10661 10673 10660
f 10660 10673 10674
f 10660 10674 10659
f 10659 10674 10675
f 10659 10675 10517
f 10517 10675 10676
f 10517 10676 2793
f 2793 10676 2786
f 2787 2786 10677
f 10677 2786 10676
f 10677 10676 10678
f 10678 10676 10675
f 10678 10675 10679
f 10679 10675 10674
f 10679 10674 10680
f 10680 10674 10673
f 10680 10673 10681
f 10681 10673 10672
f 10681 10672 10682
f 10682 10672 10671
f 10682 10671 10683
f 10683 10671 10670
f 10683 10670 10684
f 10684 10670 10669
f 10684 10669 10685
f 10685 10669 10668
f 10685 10668 10686
f 10686 10668 10518
f 10686 10518 3184
f 3184 10518 3182
f 2788 2787 10687
f 10687 2787 10677
f 10687 10677 10688
f 10688 10677 10678
f 10688 10678 10689
f 10689 10678 10679
f 10689 10679 10690
f 10690 10679 10680
f 10690 10680 10691
f 10691 10680 10681
f 10691 10681 10692
f 10692 10681 10682
f 10692 10682 10693
f 10693 10682 10683
f 10693 10683 10694
f 10694 10683 10684
f 10694 10684 10695
f 10695 10684 10685
f 10695 10685 10516
f 10516 10685 10686
f 10516 10686 3180
f 3180 10686 3184
f 2779 2788 10696
f 10696 2788 10687
f 10696 10687 10697
f 10697 10687 10688
f 10697 10688 10698
f 10698 10688 10689
f 10698 10689 10699
f 10699 10689 10690
f 10699 10690 10700
f 10700 10690 10691
f 10700 10691 10701
f 10701 10691 10692
f 10701 10692 10702
f 10702 10692 10693
f 10702 10693 10703
f 10703 10693 10694
f 10703 10694 10704
f 10704 10694 10695
f 10704 10695 10705
f 10705 10695 10516
f 10705 10516 3176
f 3176 10516 3178
f 3176 3174 10705
f 10705 3174 10515
f 10705 10515 10704
f 10704 10515 10706
f 10704 10706 10703
f 10703 10706 10707
f 10703 10707 10702
f 10702 10707 10708
f 10702 10708 10701
f 10701 10708 10709
f 10701 10709 10700
f 10700 10709 10710
f 10700 10710 10699
f 10699 10710 10711
f 10699 10711 10698
f 10698 10711 10712
f 10698 10712 10697
f 10697 10712 10713
f 10697 10713 10696
f 10696 10713 10714
f 10696 10714 2779
f 2784 2782 10714
f 10714 2782 2780
f 10714 2780 2779
f 3168 10514 3170
f 10715 10716 10717
f 10717 10716 10718
f 10717 10718 10719
f 10719 10718 10720
f 10719 10720 10721
f 10721 10720 10722
f 10721 10722 10723
f 10723 10722 10724
f 10723 10724 10725
f 10725 10724 10726
f 10725 10726 10727
f 10727 10726 10728
f 10727 10728 10729
f 10729 10728 10730
f 10729 10730 10731
f 10731 10730 10732
f 10731 10732 10514
f 10514 10732 10733
f 10514 10733 3170
f 10394 10715 10396
f 10396 10715 10717
f 10396 10717 10398
f 10398 10717 10719
f 10398 10719 10399
f 10399 10719 10721
f 10399 10721 10401
f 10401 10721 10723
f 10401 10723 10402
f 10402 10723 10725
f 10402 10725 10404
f 10404 10725 10727
f 10404 10727 10405
f 10405 10727 10729
f 10405 10729 10409
f 10409 10729 10731
f 10409 10731 10407
f 10407 10731 10514
f 10407 10514 3164
f 3164 10514 3166
f 3172 3170 10515
f 10515 3170 10733
f 10515 10733 10706
f 10706 10733 10732
f 10706 10732 10707
f 10707 10732 10730
f 10707 10730 10708
f 10708 10730 10728
f 10708 10728 10709
f 10709 10728 10726
f 10709 10726 10710
f 10710 10726 10724
f 10710 10724 10711
f 10711 10724 10722
f 10711 10722 10712
f 10712 10722 10720
f 10712 10720 10713
f 10713 10720 10718
f 10713 10718 10714
f 10714 10718 10716
f 10714 10716 2784
f 2784 10716 10715
f 2784 10715 2785
f 2785 10715 10394
f 2785 10394 903
f 2866 2863 10734
f 2771 2773 10735
f 2762 2741 10736
f 2860 2859 10737
f 2761 2757 10738
f 2848 2852 10739
f 2749 2745 10740
f 2820 2842 10741
f 2743 2742 10742
f 10742 2742 10544
f 10742 10544 10743
f 10743 10544 10542
f 10743 10542 10744
f 10744 10542 10540
f 10744 10540 10745
f 10745 10540 10538
f 10745 10538 10746
f 10746 10538 10536
f 10746 10536 10747
f 10747 10536 10534
f 10747 10534 10748
f 10748 10534 10532
f 10748 10532 10749
f 10749 10532 10530
f 10749 10530 10750
f 10750 10530 10528
f 10750 10528 10751
f 10751 10528 10526
f 10751 10526 2821
f 2821 10526 2823
f 2745 2743 10740
f 10740 2743 10742
f 10740 10742 10752
f 10752 10742 10743
f 10752 10743 10753
f 10753 10743 10744
f 10753 10744 10754
f 10754 10744 10745
f 10754 10745 10755
f 10755 10745 10746
f 10755 10746 10756
f 10756 10746 10747
f 10756 10747 10757
f 10757 10747 10748
f 10757 10748 10758
f 10758 10748 10749
f 10758 10749 10759
f 10759 10749 10750
f 10759 10750 10741
f 10741 10750 10751
f 10741 10751 2820
f 2820 10751 2821
f 2750 2749 10760
f 10760 2749 10740
f 10760 10740 10761
f 10761 10740 10752
f 10761 10752 10762
f 10762 10752 10753
f 10762 10753 10763
f 10763 10753 10754
f 10763 10754 10764
f 10764 10754 10755
f 10764 10755 10765
f 10765 10755 10756
f 10765 10756 10766
f 10766 10756 10757
f 10766 10757 10767
f 10767 10757 10758
f 10767 10758 10768
f 10768 10758 10759
f 10768 10759 10769
f 10769 10759 10741
f 10769 10741 2841
f 2841 10741 2842
f 2754 2750 10770
f 10770 2750 10760
f 10770 10760 10771
f 10771 10760 10761
f 10771 10761 10772
f 10772 10761 10762
f 10772 10762 10773
f 10773 10762 10763
f 10773 10763 10774
f 10774 10763 10764
f 10774 10764 10775
f 10775 10764 10765
f 10775 10765 10776
f 10776 10765 10766
f 10776 10766 10777
f 10777 10766 10767
f 10777 10767 10778
f 10778 10767 10768
f 10778 10768 10779
f 10779 10768 10769
f 10779 10769 2836
f 2836 10769 2841
f 2751 2754 10780
f 10780 2754 10770
f 10780 10770 10781
f 10781 10770 10771
f 10781 10771 10782
f 10782 10771 10772
f 10782 10772 10783
f 10783 10772 10773
f 10783 10773 10784
f 10784 10773 10774
f 10784 10774 10785
f 10785 10774 10775
f 10785 10775 10786
f 10786 10775 10776
f 10786 10776 10787
f 10787 10776 10777
f 10787 10777 10788
f 10788 10777 10778
f 10788 10778 10789
f 10789 10778 10779
f 10789 10779 2835
f 2835 10779 2836
f 2756 2751 10790
f 10790 2751 10780
f 10790 10780 10791
f 10791 10780 10781
f 10791 10781 10792
f 10792 10781 10782
f 10792 10782 10793
f 10793 10782 10783
f 10793 10783 10794
f 10794 10783 10784
f 10794 10784 10795
f 10795 10784 10785
f 10795 10785 10796
f 10796 10785 10786
f 10796 10786 10797
f 10797 10786 10787
f 10797 10787 10798
f 10798 10787 10788
f 10798 10788 10739
f 10739 10788 10789
f 10739 10789 2848
f 2848 10789 2835
f 2757 2756 10738
f 10738 2756 10790
f 10738 10790 10799
f 10799 10790 10791
f 10799 10791 10800
f 10800 10791 10792
f 10800 10792 10801
f 10801 10792 10793
f 10801 10793 10802
f 10802 10793 10794
f 10802 10794 10803
f 10803 10794 10795
f 10803 10795 10804
f 10804 10795 10796
f 10804 10796 10805
f 10805 10796 10797
f 10805 10797 10806
f 10806 10797 10798
f 10806 10798 10807
f 10807 10798 10739
f 10807 10739 2851
f 2851 10739 2852
f 2851 2846 10807
f 10807 2846 10808
f 10807 10808 10806
f 10806 10808 10809
f 10806 10809 10805
f 10805 10809 10810
f 10805 10810 10804
f 10804 10810 10811
f 10804 10811 10803
f 10803 10811 10812
f 10803 10812 10802
f 10802 10812 10813
f 10802 10813 10801
f 10801 10813 10814
f 10801 10814 10800
f 10800 10814 10815
f 10800 10815 10799
f 10799 10815 10816
f 10799 10816 10738
f 10738 10816 10817
f 10738 10817 2761
f 2761 10817 2760
f 2741 2760 10736
f 10736 2760 10817
f 10736 10817 10818
f 10818 10817 10816
f 10818 10816 10819
f 10819 10816 10815
f 10819 10815 10820
f 10820 10815 10814
f 10820 10814 10821
f 10821 10814 10813
f 10821 10813 10822
f 10822 10813 10812
f 10822 10812 10823
f 10823 10812 10811
f 10823 10811 10824
f 10824 10811 10810
f 10824 10810 10825
f 10825 10810 10809
f 10825 10809 10826
f 10826 10809 10808
f 10826 10808 2845
f 2845 10808 2846
f 2772 2762 10827
f 10827 2762 10736
f 10827 10736 10828
f 10828 10736 10818
f 10828 10818 10829
f 10829 10818 10819
f 10829 10819 10830
f 10830 10819 10820
f 10830 10820 10831
f 10831 10820 10821
f 10831 10821 10832
f 10832 10821 10822
f 10832 10822 10833
f 10833 10822 10823
f 10833 10823 10834
f 10834 10823 10824
f 10834 10824 10835
f 10835 10824 10825
f 10835 10825 10737
f 10737 10825 10826
f 10737 10826 2860
f 2860 10826 2845
f 2773 2772 10735
f 10735 2772 10827
f 10735 10827 10836
f 10836 10827 10828
f 10836 10828 10837
f 10837 10828 10829
f 10837 10829 10838
f 10838 10829 10830
f 10838 10830 10839
f 10839 10830 10831
f 10839 10831 10840
f 10840 10831 10832
f 10840 10832 10841
f 10841 10832 10833
f 10841 10833 10842
f 10842 10833 10834
f 10842 10834 10843
f 10843 10834 10835
f 10843 10835 10844
f 10844 10835 10737
f 10844 10737 2858
f 2858 10737 2859
f 2770 2771 10845
f 10845 2771 10735
f 10845 10735 10846
f 10846 10735 10836
f 10846 10836 10847
f 10847 10836 10837
f 10847 10837 10848
f 10848 10837 10838
f 10848 10838 10849
f 10849 10838 10839
f 10849 10839 10850
f 10850 10839 10840
f 10850 10840 10851
f 10851 10840 10841
f 10851 10841 10852
f 10852 10841 10842
f 10852 10842 10853
f 10853 10842 10843
f 10853 10843 10854
f 10854 10843 10844
f 10854 10844 2857
f 2857 10844 2858
f 2768 2770 10855
f 10855 2770 10845
f 10855 10845 10856
f 10856 10845 10846
f 10856 10846 10857
f 10857 10846 10847
f 10857 10847 10858
f 10858 10847 10848
f 10858 10848 10859
f 10859 10848 10849
f 10859 10849 10860
f 10860 10849 10850
f 10860 10850 10861
f 10861 10850 10851
f 10861 10851 10862
f 10862 10851 10852
f 10862 10852 10863
f 10863 10852 10853
f 10863 10853 10864
f 10864 10853 10854
f 10864 10854 2856
f 2856 10854 2857
f 656 2768 10865
f 10865 2768 10855
f 10865 10855 10866
f 10866 10855 10856
f 10866 10856 10867
f 10867 10856 10857
f 10867 10857 10868
f 10868 10857 10858
f 10868 10858 10869
f 10869 10858 10859
f 10869 10859 10870
f 10870 10859 10860
f 10870 10860 10871
f 10871 10860 10861
f 10871 10861 10872
f 10872 10861 10862
f 10872 10862 10873
f 10873 10862 10863
f 10873 10863 10734
f 10734 10863 10864
f 10734 10864 2866
f 2866 10864 2856
f 2869 1626 10874
f 662 656 10875
f 10875 656 10865
f 10875 10865 10876
f 10876 10865 10866
f 10876 10866 10877
f 10877 10866 10867
f 10877 10867 10878
f 10878 10867 10868
f 10878 10868 10879
f 10879 10868 10869
f 10879 10869 10880
f 10880 10869 10870
f 10880 10870 10881
f 10881 10870 10871
f 10881 10871 10882
f 10882 10871 10872
f 10882 10872 10883
f 10883 10872 10873
f 10883 10873 10884
f 10884 10873 10734
f 10884 10734 2870
f 2870 10734 2863
f 661 662 10885
f 10885 662 10875
f 10885 10875 10886
f 10886 10875 10876
f 10886 10876 10887
f 10887 10876 10877
f 10887 10877 10888
f 10888 10877 10878
f 10888 10878 10889
f 10889 10878 10879
f 10889 10879 10890
f 10890 10879 10880
f 10890 10880 10891
f 10891 10880 10881
f 10891 10881 10892
f 10892 10881 10882
f 10892 10882 10893
f 10893 10882 10883
f 10893 10883 10874
f 10874 10883 10884
f 10874 10884 2869
f 2869 10884 2870
f 1626 1664 10894
f 1626 10894 10874
f 10874 10894 10895
f 10874 10895 10893
f 10893 10895 10896
f 10893 10896 10892
f 10892 10896 10897
f 10892 10897 10891
f 10891 10897 10898
f 10891 10898 10890
f 10890 10898 10899
f 10890 10899 10889
f 10889 10899 10900
f 10889 10900 10888
f 10888 10900 10901
f 10888 10901 10887
f 10887 10901 10902
f 10887 10902 10886
f 10886 10902 10903
f 10886 10903 10885
f 10885 10903 659
f 10885 659 661
f 2724 659 10903
f 2729 2727 10904
f 2738 2731 10905
f 2735 2737 10906
f 624 2733 10907
f 10907 2733 10908
f 10907 10908 10909
f 10909 10908 10910
f 10910 10908 10911
f 10910 10911 10912
f 10912 10911 10913
f 10913 10911 10914
f 10913 10914 10915
f 10915 10914 10916
f 10916 10914 10917
f 10916 10917 10918
f 10918 10917 10919
f 10919 10917 10920
f 10919 10920 10921
f 10921 10920 10922
f 10922 10920 10923
f 10922 10923 10924
f 10924 10923 10925
f 10925 10923 10926
f 10925 10926 10927
f 10927 10926 10928
f 10928 10926 10929
f 10928 10929 10930
f 10930 10929 10931
f 10931 10929 10932
f 10931 10932 10933
f 10933 10932 10934
f 10934 10932 10935
f 10934 10935 10936
f 10936 10935 10937
f 10937 10935 1660
f 10937 1660 1646
f 1661 1660 10938
f 10938 1660 10935
f 10938 10935 10939
f 10939 10935 10932
f 10939 10932 10940
f 10940 10932 10929
f 10940 10929 10941
f 10941 10929 10926
f 10941 10926 10942
f 10942 10926 10923
f 10942 10923 10943
f 10943 10923 10920
f 10943 10920 10944
f 10944 10920 10917
f 10944 10917 10945
f 10945 10917 10914
f 10945 10914 10946
f 10946 10914 10911
f 10946 10911 10906
f 10906 10911 10908
f 10906 10908 2735
f 2735 10908 2733
f 1662 1661 10947
f 10947 1661 10938
f 10947 10938 10948
f 10948 10938 10939
f 10948 10939 10949
f 10949 10939 10940
f 10949 10940 10950
f 10950 10940 10941
f 10950 10941 10951
f 10951 10941 10942
f 10951 10942 10952
f 10952 10942 10943
f 10952 10943 10953
f 10953 10943 10944
f 10953 10944 10954
f 10954 10944 10945
f 10954 10945 10955
f 10955 10945 10946
f 10955 10946 10905
f 10905 10946 10906
f 10905 10906 2738
f 2738 10906 2737
f 1663 1662 10956
f 10956 1662 10947
f 10956 10947 10957
f 10957 10947 10948
f 10957 10948 10958
f 10958 10948 10949
f 10958 10949 10959
f 10959 10949 10950
f 10959 10950 10960
f 10960 10950 10951
f 10960 10951 10961
f 10961 10951 10952
f 10961 10952 10962
f 10962 10952 10953
f 10962 10953 10963
f 10963 10953 10954
f 10963 10954 10964
f 10964 10954 10955
f 10964 10955 10904
f 10904 10955 10905
f 10904 10905 2729
f 2729 10905 2731
f 1664 1663 10894
f 10894 1663 10956
f 10894 10956 10895
f 10895 10956 10957
f 10895 10957 10896
f 10896 10957 10958
f 10896 10958 10897
f 10897 10958 10959
f 10897 10959 10898
f 10898 10959 10960
f 10898 10960 10899
f 10899 10960 10961
f 10899 10961 10900
f 10900 10961 10962
f 10900 10962 10901
f 10901 10962 10963
f 10901 10963 10902
f 10902 10963 10964
f 10902 10964 10903
f 10903 10964 10904
f 10903 10904 2724
f 2724 10904 2727
f 627 625 10965
f 10965 625 624
f 1645 1644 10966
f 1639 1634 10967
f 1642 1640 10968
f 622 621 10969
f 640 639 10970
f 644 640 10971
f 10971 640 10970
f 10971 10970 10972
f 10972 10970 10973
f 10972 10973 10974
f 10974 10973 10975
f 10974 10975 10976
f 10976 10975 10977
f 10976 10977 10978
f 10978 10977 10979
f 10979 10977 10980
f 10979 10980 10981
f 10981 10980 10982
f 10981 10982 10983
f 10984 10985 10982
f 10982 10985 10986
f 10982 10986 10983
f 10987 10988 10989
f 10989 10988 10990
f 10989 10990 10991
f 10991 10990 10992
f 10993 10994 10992
f 10992 10994 10995
f 10992 10995 10991
f 10967 10996 10997
f 10997 10996 10998
f 10997 10998 10999
f 10999 10998 11000
f 10999 11000 11001
f 11001 11000 11002
f 11001 11002 10993
f 10993 11002 11003
f 10993 11003 10994
f 1634 1633 10967
f 10967 1633 11004
f 10967 11004 10996
f 633 622 11005
f 11005 622 10969
f 11005 10969 11006
f 11006 10969 11007
f 11006 11007 11008
f 11008 11007 11009
f 11008 11009 11010
f 11010 11009 11011
f 11010 11011 11012
f 11012 11011 11013
f 11012 11013 11014
f 11014 11013 11015
f 11014 11015 11016
f 1643 1642 11017
f 11017 1642 10968
f 11017 10968 11018
f 11018 10968 11019
f 11018 11019 11020
f 11020 11019 11021
f 11020 11021 11022
f 11022 11021 11023
f 11022 11023 11024
f 11024 11023 11025
f 11024 11025 11026
f 11026 11025 11027
f 11026 11027 11028
f 11028 11027 11029
f 11028 11029 11030
f 11030 11029 11031
f 11030 11031 11016
f 11016 11031 10984
f 11016 10984 11014
f 11014 10984 10982
f 11014 10982 11012
f 11012 10982 10980
f 11012 10980 11010
f 11010 10980 10977
f 11010 10977 11008
f 11008 10977 10975
f 11008 10975 11006
f 11006 10975 10973
f 11006 10973 11005
f 11005 10973 10970
f 11005 10970 633
f 633 10970 639
f 1640 1639 10968
f 10968 1639 10967
f 10968 10967 11019
f 11019 10967 10997
f 11019 10997 11021
f 11021 10997 10999
f 11021 10999 11023
f 11023 10999 11001
f 11023 11001 11025
f 11025 11001 10993
f 11025 10993 11027
f 11027 10993 10992
f 11027 10992 11029
f 11029 10992 10990
f 11029 10990 11031
f 11031 10990 10988
f 11031 10988 10984
f 10984 10988 10987
f 10984 10987 10985
f 11032 11033 10922
f 10922 10924 11032
f 11032 10924 10925
f 11032 10925 11034
f 11034 10925 10927
f 11034 10927 11035
f 11035 10927 10928
f 11035 10928 11036
f 10928 10930 11036
f 11036 10930 10931
f 11036 10931 11037
f 11037 10931 10933
f 11037 10933 11038
f 11038 10933 10934
f 11038 10934 10966
f 10934 10936 10966
f 10966 10936 10937
f 10966 10937 1645
f 1645 10937 1646
f 624 10907 10965
f 10965 10907 10909
f 10965 10909 11039
f 11039 10909 10910
f 11039 10910 11040
f 11040 10910 10912
f 11040 10912 11041
f 10912 10913 11041
f 11041 10913 10915
f 11041 10915 11042
f 11042 10915 10916
f 11042 10916 11043
f 11043 10916 10918
f 11043 10918 11044
f 11044 10918 10919
f 11044 10919 11033
f 11033 10919 10921
f 11033 10921 10922
f 1644 1643 10966
f 10966 1643 11017
f 10966 11017 11038
f 11038 11017 11018
f 11038 11018 11037
f 11037 11018 11020
f 11037 11020 11036
f 11036 11020 11022
f 11036 11022 11035
f 11035 11022 11024
f 11035 11024 11034
f 11034 11024 11026
f 11034 11026 11032
f 11032 11026 11028
f 11032 11028 11033
f 11033 11028 11030
f 11033 11030 11044
f 11044 11030 11016
f 11044 11016 11043
f 11043 11016 11015
f 11043 11015 11042
f 11042 11015 11013
f 11042 11013 11041
f 11041 11013 11011
f 11041 11011 11040
f 11040 11011 11009
f 11040 11009 11039
f 11039 11009 11007
f 11039 11007 10965
f 10965 11007 10969
f 10965 10969 627
f 627 10969 621
f 11045 7088 11046
f 11046 7088 11047
f 11047 7088 11048
f 11048 7088 7091
f 11048 7091 7093
f 7098 7099 7097
f 7097 7099 11048
f 7097 11048 7095
f 7095 11048 7093
f 7083 11045 7085
f 7085 11045 11049
f 7083 7081 11045
f 11045 7081 7089
f 11045 7089 7088
f 7069 7071 11049
f 1585 1584 7066
f 1585 7066 11049
f 11049 7066 7068
f 11049 7068 7069
f 7071 7073 11049
f 11049 7073 7075
f 11049 7075 7077
f 7077 7079 11049
f 11049 7079 7086
f 11049 7086 7085
f 618 11050 620
f 620 11050 647
f 11050 11051 647
f 647 11051 11052
f 647 11052 648
f 648 11052 11053
f 648 11053 653
f 653 11053 11054
f 653 11054 11055
f 11055 11056 653
f 653 11056 11057
f 653 11057 650
f 650 11057 11058
f 650 11058 651
f 651 11058 11059
f 651 11059 11060
f 11060 11061 651
f 651 11061 11062
f 651 11062 652
f 652 11062 11063
f 652 11063 654
f 654 11063 11064
f 654 11064 11065
f 7099 631 11048
f 11048 631 646
f 11048 646 11066
f 11066 646 654
f 11066 654 11067
f 11067 654 11065
f 11068 11050 618
f 11068 618 11069
f 11070 11069 618
f 11071 11070 618
f 11072 11071 618
f 11073 11072 618
f 11074 11073 618
f 11075 11074 618
f 11076 11075 618
f 11077 11076 618
f 11078 11077 618
f 11079 11078 618
f 11080 11079 618
f 11081 11080 618
f 11082 11081 618
f 11083 11084 11085
f 11086 11087 11088
f 11089 11090 11091
f 11092 3225 3223
f 3234 3232 11093
f 11093 3232 3230
f 11093 3230 11092
f 11092 3230 3227
f 11092 3227 3225
f 3234 11094 3238
f 3238 11094 11095
f 3238 11095 3240
f 3240 11095 3241
f 3241 11095 11096
f 3241 11096 3245
f 3245 11096 11097
f 3245 11097 3252
f 3251 11098 11099
f 3261 3253 11100
f 11100 3253 3247
f 11100 3247 11099
f 11099 3247 3249
f 11099 3249 3251
f 3261 11100 3256
f 3256 11100 11101
f 3256 11101 3257
f 3257 11101 11102
f 3257 11102 3266
f 3266 11102 11103
f 3266 11103 3271
f 11104 3277 11105
f 11105 3277 3274
f 11105 3274 11103
f 11103 3274 3272
f 11103 3272 3271
f 3283 3281 11106
f 11106 3281 3289
f 11106 3289 11107
f 11107 3289 3288
f 11107 3288 11104
f 11104 3288 3286
f 11104 3286 3277
f 3283 11106 3291
f 3291 11106 11108
f 3291 11108 3293
f 3293 11108 11091
f 3293 11091 3296
f 3296 11091 11090
f 3296 11090 615
f 11045 11092 11049
f 11049 11092 3223
f 11049 3223 1585
f 3234 11093 11094
f 11094 11093 11092
f 11094 11092 11109
f 11109 11092 11045
f 11109 11045 11046
f 11046 11110 11109
f 11109 11110 11111
f 11109 11111 11094
f 11094 11111 11112
f 11094 11112 11095
f 11095 11112 11113
f 11095 11113 11096
f 11096 11113 11098
f 11096 11098 11097
f 11097 11098 3251
f 11097 3251 3252
f 11114 11115 11116
f 11116 11115 11089
f 11089 11091 11116
f 11116 11091 11108
f 11116 11108 11117
f 11117 11108 11106
f 11117 11106 11118
f 11118 11106 11107
f 11118 11107 11119
f 11119 11107 11104
f 11119 11104 11120
f 11120 11104 11105
f 11120 11105 11121
f 11121 11105 11103
f 11121 11103 11122
f 11122 11103 11102
f 11122 11102 11123
f 11123 11102 11101
f 11123 11101 11124
f 11124 11101 11100
f 11124 11100 11125
f 11125 11100 11099
f 11125 11099 11126
f 11126 11099 11098
f 11126 11098 11127
f 11127 11098 11113
f 11127 11113 11128
f 11128 11113 11112
f 11128 11112 11129
f 11129 11112 11111
f 11129 11111 11130
f 11130 11111 11110
f 11130 11110 11131
f 11046 11047 11110
f 11110 11047 11048
f 11110 11048 11131
f 11131 11048 11066
f 11131 11066 11067
f 11114 11116 11132
f 11132 11116 11117
f 11132 11117 11133
f 11133 11117 11118
f 11133 11118 11134
f 11134 11118 11119
f 11134 11119 11135
f 11135 11119 11120
f 11135 11120 11136
f 11136 11120 11121
f 11136 11121 11137
f 11137 11121 11122
f 11137 11122 11138
f 11138 11122 11123
f 11138 11123 11139
f 11139 11123 11124
f 11139 11124 11140
f 11140 11124 11125
f 11140 11125 11141
f 11141 11125 11126
f 11141 11126 11142
f 11142 11126 11127
f 11142 11127 11143
f 11143 11127 11128
f 11143 11128 11144
f 11144 11128 11129
f 11144 11129 11145
f 11145 11129 11130
f 11145 11130 11146
f 11146 11130 11131
f 11146 11131 11147
f 11147 11131 11067
f 11147 11067 11065
f 11148 11149 11150
f 11150 11149 11151
f 11065 11152 11147
f 11147 11152 11153
f 11147 11153 11146
f 11146 11153 11154
f 11146 11154 11145
f 11145 11154 11155
f 11145 11155 11144
f 11144 11155 11156
f 11144 11156 11143
f 11143 11156 11157
f 11143 11157 11142
f 11142 11157 11158
f 11142 11158 11141
f 11141 11158 11159
f 11141 11159 11140
f 11140 11159 11160
f 11140 11160 11139
f 11139 11160 11161
f 11139 11161 11138
f 11138 11161 11162
f 11138 11162 11137
f 11137 11162 11163
f 11137 11163 11136
f 11136 11163 11164
f 11136 11164 11135
f 11135 11164 11165
f 11135 11165 11134
f 11134 11165 11166
f 11134 11166 11133
f 11133 11166 11150
f 11133 11150 11132
f 11132 11150 11151
f 11132 11151 11114
f 11167 11168 11169
f 11169 11168 11148
f 11148 11150 11169
f 11169 11150 11166
f 11169 11166 11170
f 11170 11166 11165
f 11170 11165 11171
f 11171 11165 11164
f 11171 11164 11172
f 11172 11164 11163
f 11172 11163 11173
f 11173 11163 11162
f 11173 11162 11174
f 11174 11162 11161
f 11174 11161 11175
f 11175 11161 11160
f 11175 11160 11176
f 11176 11160 11159
f 11176 11159 11177
f 11177 11159 11158
f 11177 11158 11178
f 11178 11158 11157
f 11178 11157 11179
f 11179 11157 11156
f 11179 11156 11180
f 11180 11156 11155
f 11180 11155 11181
f 11181 11155 11154
f 11181 11154 11182
f 11182 11154 11153
f 11182 11153 11183
f 11183 11153 11152
f 11183 11152 11184
f 11065 11064 11152
f 11152 11064 11063
f 11152 11063 11184
f 11184 11063 11062
f 11184 11062 11061
f 11167 11169 11185
f 11185 11169 11170
f 11185 11170 11186
f 11186 11170 11171
f 11186 11171 11187
f 11187 11171 11172
f 11187 11172 11188
f 11188 11172 11173
f 11188 11173 11189
f 11189 11173 11174
f 11189 11174 11190
f 11190 11174 11175
f 11190 11175 11191
f 11191 11175 11176
f 11191 11176 11192
f 11192 11176 11177
f 11192 11177 11193
f 11193 11177 11178
f 11193 11178 11194
f 11194 11178 11179
f 11194 11179 11195
f 11195 11179 11180
f 11195 11180 11196
f 11196 11180 11181
f 11196 11181 11197
f 11197 11181 11182
f 11197 11182 11198
f 11198 11182 11183
f 11198 11183 11199
f 11199 11183 11184
f 11199 11184 11200
f 11200 11184 11061
f 11200 11061 11060
f 11060 11201 11200
f 11200 11201 11202
f 11200 11202 11199
f 11199 11202 11203
f 11199 11203 11198
f 11198 11203 11204
f 11198 11204 11197
f 11197 11204 11205
f 11197 11205 11196
f 11196 11205 11206
f 11196 11206 11195
f 11195 11206 11207
f 11195 11207 11194
f 11194 11207 11208
f 11194 11208 11193
f 11193 11208 11209
f 11193 11209 11192
f 11192 11209 11210
f 11192 11210 11191
f 11191 11210 11211
f 11191 11211 11190
f 11190 11211 11212
f 11190 11212 11189
f 11189 11212 11213
f 11189 11213 11188
f 11188 11213 11214
f 11188 11214 11187
f 11187 11214 11215
f 11187 11215 11186
f 11186 11215 11216
f 11186 11216 11185
f 11185 11216 11217
f 11185 11217 11167
f 11087 11218 11216
f 11216 11218 11219
f 11216 11219 11217
f 11087 11216 11088
f 11088 11216 11215
f 11088 11215 11220
f 11220 11215 11214
f 11220 11214 11221
f 11221 11214 11213
f 11221 11213 11222
f 11222 11213 11212
f 11222 11212 11223
f 11223 11212 11211
f 11223 11211 11224
f 11224 11211 11210
f 11224 11210 11225
f 11225 11210 11209
f 11225 11209 11226
f 11226 11209 11208
f 11226 11208 11227
f 11227 11208 11207
f 11227 11207 11228
f 11228 11207 11206
f 11228 11206 11229
f 11229 11206 11205
f 11229 11205 11230
f 11230 11205 11204
f 11230 11204 11231
f 11231 11204 11203
f 11231 11203 11232
f 11232 11203 11202
f 11232 11202 11233
f 11233 11202 11201
f 11233 11201 11234
f 11060 11059 11201
f 11201 11059 11058
f 11201 11058 11234
f 11234 11058 11057
f 11234 11057 11056
f 11086 11088 11235
f 11235 11088 11220
f 11235 11220 11236
f 11236 11220 11221
f 11236 11221 11237
f 11237 11221 11222
f 11237 11222 11238
f 11238 11222 11223
f 11238 11223 11239
f 11239 11223 11224
f 11239 11224 11240
f 11240 11224 11225
f 11240 11225 11241
f 11241 11225 11226
f 11241 11226 11242
f 11242 11226 11227
f 11242 11227 11243
f 11243 11227 11228
f 11243 11228 11244
f 11244 11228 11229
f 11244 11229 11245
f 11245 11229 11230
f 11245 11230 11246
f 11246 11230 11231
f 11246 11231 11247
f 11247 11231 11232
f 11247 11232 11248
f 11248 11232 11233
f 11248 11233 11249
f 11249 11233 11234
f 11249 11234 11250
f 11250 11234 11056
f 11250 11056 11055
f 11055 11251 11250
f 11250 11251 11252
f 11250 11252 11249
f 11249 11252 11253
f 11249 11253 11248
f 11248 11253 11254
f 11248 11254 11247
f 11247 11254 11255
f 11247 11255 11246
f 11246 11255 11256
f 11246 11256 11245
f 11245 11256 11257
f 11245 11257 11244
f 11244 11257 11258
f 11244 11258 11243
f 11243 11258 11259
f 11243 11259 11242
f 11242 11259 11260
f 11242 11260 11241
f 11241 11260 11261
f 11241 11261 11240
f 11240 11261 11262
f 11240 11262 11239
f 11239 11262 11263
f 11239 11263 11238
f 11238 11263 11264
f 11238 11264 11237
f 11237 11264 11265
f 11237 11265 11236
f 11236 11265 11266
f 11236 11266 11235
f 11084 11267 11266
f 11266 11267 11268
f 11266 11268 11235
f 11235 11268 11269
f 11235 11269 11086
f 11084 11266 11085
f 11085 11266 11265
f 11085 11265 11270
f 11270 11265 11264
f 11270 11264 11271
f 11271 11264 11263
f 11271 11263 11272
f 11272 11263 11262
f 11272 11262 11273
f 11273 11262 11261
f 11273 11261 11274
f 11274 11261 11260
f 11274 11260 11275
f 11275 11260 11259
f 11275 11259 11276
f 11276 11259 11258
f 11276 11258 11277
f 11277 11258 11257
f 11277 11257 11278
f 11278 11257 11256
f 11278 11256 11279
f 11279 11256 11255
f 11279 11255 11280
f 11280 11255 11254
f 11280 11254 11281
f 11281 11254 11253
f 11281 11253 11282
f 11282 11253 11252
f 11282 11252 11283
f 11283 11252 11251
f 11283 11251 11284
f 618 11285 11286
f 11286 11285 11083
f 11082 618 11286
f 11055 11054 11251
f 11251 11054 11053
f 11251 11053 11284
f 11284 11053 11052
f 11284 11052 11051
f 11083 11085 11286
f 11286 11085 11270
f 11286 11270 11082
f 11082 11270 11271
f 11082 11271 11081
f 11081 11271 11272
f 11081 11272 11080
f 11080 11272 11273
f 11080 11273 11079
f 11079 11273 11274
f 11079 11274 11078
f 11078 11274 11275
f 11078 11275 11077
f 11077 11275 11276
f 11077 11276 11076
f 11076 11276 11277
f 11076 11277 11075
f 11075 11277 11278
f 11075 11278 11074
f 11074 11278 11279
f 11074 11279 11073
f 11073 11279 11280
f 11073 11280 11072
f 11072 11280 11281
f 11072 11281 11071
f 11071 11281 11282
f 11071 11282 11070
f 11070 11282 11283
f 11070 11283 11069
f 11069 11283 11284
f 11069 11284 11068
f 11068 11284 11051
f 11068 11051 11050
f 618 617 11285
f 11285 617 11287
f 11285 11287 11083
f 11083 11287 11288
f 11083 11288 11084
f 11084 11288 11289
f 11084 11289 11267
f 11267 11289 11290
f 11267 11290 11268
f 11268 11290 11291
f 11268 11291 11269
f 11269 11291 11292
f 11269 11292 11086
f 11086 11292 11293
f 11086 11293 11087
f 11087 11293 11294
f 11087 11294 11218
f 11218 11294 11295
f 11218 11295 11219
f 11219 11295 11296
f 11219 11296 11217
f 11217 11296 11297
f 11217 11297 11167
f 11167 11297 11298
f 11167 11298 11168
f 11168 11298 11299
f 11168 11299 11148
f 11148 11299 11300
f 11148 11300 11149
f 11149 11300 11301
f 11149 11301 11151
f 11151 11301 11302
f 11151 11302 11114
f 11114 11302 11303
f 11114 11303 11115
f 11115 11303 11304
f 11115 11304 11089
f 11089 11304 11305
f 11089 11305 11090
f 11090 11305 11306
f 11090 11306 615
f 615 11306 613
f 11307 11287 617
f 11307 617 11308
f 11309 11308 617
f 11310 11309 617
f 11311 11310 617
f 11312 11311 617
f 11313 11312 617
f 11314 11313 617
f 11315 11314 617
f 11316 11315 617
f 11317 11316 617
f 11318 11317 617
f 11319 11318 617
f 11320 11319 617
f 11321 11320 617
f 11322 11321 617
f 11323 11322 617
f 11324 11325 11326
f 11327 11328 11329
f 11330 11331 11332
f 11333 11334 11335
f 7144 11336 7146
f 7158 7160 11337
f 11337 7160 7161
f 11338 7195 613
f 11339 7202 11340
f 11340 7202 7201
f 11340 7201 11341
f 11341 7201 7199
f 11341 7199 11338
f 11338 7199 7197
f 11338 7197 7195
f 11342 7189 11339
f 11339 7189 7192
f 11339 7192 7202
f 11343 7185 11342
f 11342 7185 7187
f 11342 7187 7189
f 7173 7177 11344
f 11344 7177 7179
f 11344 7179 11345
f 11345 7179 7181
f 11345 7181 11343
f 11343 7181 7183
f 11343 7183 7185
f 7173 11344 7171
f 7171 11344 11346
f 7171 11346 7168
f 7168 11346 11347
f 7168 11347 7166
f 7166 11347 7164
f 7164 11347 11348
f 7164 11348 7162
f 7158 11337 7156
f 7156 11337 11349
f 7156 11349 7154
f 7154 11349 11350
f 7154 11350 7141
f 7141 11350 7142
f 7142 11350 11351
f 7142 11351 7144
f 7146 11336 7148
f 7148 11336 11352
f 7148 11352 7150
f 7150 11352 7151
f 7151 11352 11353
f 7151 11353 1632
f 11354 11355 11356
f 7144 11351 11336
f 11336 11351 11354
f 11336 11354 11352
f 11352 11354 11356
f 11352 11356 11353
f 7162 11348 7161
f 7161 11348 11357
f 7161 11357 11337
f 11337 11357 11358
f 11337 11358 11349
f 11349 11358 11359
f 11349 11359 11350
f 11350 11359 11360
f 11350 11360 11351
f 11351 11360 11335
f 11351 11335 11354
f 11354 11335 11334
f 11354 11334 11355
f 11361 11362 11363
f 11363 11362 11333
f 11333 11335 11363
f 11363 11335 11360
f 11363 11360 11364
f 11364 11360 11359
f 11364 11359 11365
f 11365 11359 11358
f 11365 11358 11366
f 11366 11358 11357
f 11366 11357 11367
f 11367 11357 11348
f 11367 11348 11368
f 11368 11348 11347
f 11368 11347 11369
f 11369 11347 11346
f 11369 11346 11370
f 11370 11346 11344
f 11370 11344 11371
f 11371 11344 11345
f 11371 11345 11372
f 11372 11345 11343
f 11372 11343 11373
f 11373 11343 11342
f 11373 11342 11374
f 11374 11342 11339
f 11374 11339 11375
f 11375 11339 11340
f 11375 11340 11376
f 11376 11340 11341
f 11376 11341 11377
f 11377 11341 11338
f 11377 11338 11378
f 11379 11380 11361
f 11361 11363 11379
f 11379 11363 11364
f 11379 11364 11381
f 11381 11364 11365
f 11381 11365 11382
f 11382 11365 11366
f 11382 11366 11383
f 11383 11366 11367
f 11383 11367 11384
f 11384 11367 11368
f 11384 11368 11385
f 11385 11368 11369
f 11385 11369 11386
f 11386 11369 11370
f 11386 11370 11387
f 11387 11370 11371
f 11387 11371 11388
f 11388 11371 11372
f 11388 11372 11389
f 11389 11372 11373
f 11389 11373 11390
f 11390 11373 11374
f 11390 11374 11391
f 11391 11374 11375
f 11391 11375 11392
f 11392 11375 11376
f 11392 11376 11393
f 11393 11376 11377
f 11393 11377 11394
f 11394 11377 11378
f 11394 11378 11395
f 613 11306 11338
f 11338 11306 11305
f 11338 11305 11378
f 11378 11305 11304
f 11378 11304 11395
f 11395 11304 11303
f 11395 11303 11302
f 11302 11396 11395
f 11395 11396 11397
f 11395 11397 11394
f 11394 11397 11398
f 11394 11398 11393
f 11393 11398 11399
f 11393 11399 11392
f 11392 11399 11400
f 11392 11400 11391
f 11391 11400 11401
f 11391 11401 11390
f 11390 11401 11402
f 11390 11402 11389
f 11389 11402 11403
f 11389 11403 11388
f 11388 11403 11404
f 11388 11404 11387
f 11387 11404 11405
f 11387 11405 11386
f 11386 11405 11406
f 11386 11406 11385
f 11385 11406 11407
f 11385 11407 11384
f 11384 11407 11408
f 11384 11408 11383
f 11383 11408 11409
f 11383 11409 11382
f 11382 11409 11410
f 11382 11410 11381
f 11381 11410 11332
f 11381 11332 11379
f 11379 11332 11331
f 11379 11331 11380
f 11330 11332 11411
f 11411 11332 11410
f 11411 11410 11412
f 11412 11410 11409
f 11412 11409 11413
f 11413 11409 11408
f 11413 11408 11414
f 11414 11408 11407
f 11414 11407 11415
f 11415 11407 11406
f 11415 11406 11416
f 11416 11406 11405
f 11416 11405 11417
f 11417 11405 11404
f 11417 11404 11418
f 11418 11404 11403
f 11418 11403 11419
f 11419 11403 11402
f 11419 11402 11420
f 11420 11402 11401
f 11420 11401 11421
f 11421 11401 11400
f 11421 11400 11422
f 11422 11400 11399
f 11422 11399 11423
f 11423 11399 11398
f 11423 11398 11424
f 11424 11398 11397
f 11424 11397 11425
f 11425 11397 11396
f 11425 11396 11426
f 11427 11428 11411
f 11411 11428 11429
f 11411 11429 11330
f 11427 11411 11430
f 11430 11411 11412
f 11430 11412 11431
f 11431 11412 11413
f 11431 11413 11432
f 11432 11413 11414
f 11432 11414 11433
f 11433 11414 11415
f 11433 11415 11434
f 11434 11415 11416
f 11434 11416 11435
f 11435 11416 11417
f 11435 11417 11436
f 11436 11417 11418
f 11436 11418 11437
f 11437 11418 11419
f 11437 11419 11438
f 11438 11419 11420
f 11438 11420 11439
f 11439 11420 11421
f 11439 11421 11440
f 11440 11421 11422
f 11440 11422 11441
f 11441 11422 11423
f 11441 11423 11442
f 11442 11423 11424
f 11442 11424 11443
f 11443 11424 11425
f 11443 11425 11444
f 11444 11425 11426
f 11444 11426 11445
f 11302 11301 11396
f 11396 11301 11300
f 11396 11300 11426
f 11426 11300 11299
f 11426 11299 11445
f 11445 11299 11298
f 11445 11298 11297
f 11297 11446 11445
f 11445 11446 11447
f 11445 11447 11444
f 11444 11447 11448
f 11444 11448 11443
f 11443 11448 11449
f 11443 11449 11442
f 11442 11449 11450
f 11442 11450 11441
f 11441 11450 11451
f 11441 11451 11440
f 11440 11451 11452
f 11440 11452 11439
f 11439 11452 11453
f 11439 11453 11438
f 11438 11453 11454
f 11438 11454 11437
f 11437 11454 11455
f 11437 11455 11436
f 11436 11455 11456
f 11436 11456 11435
f 11435 11456 11457
f 11435 11457 11434
f 11434 11457 11458
f 11434 11458 11433
f 11433 11458 11459
f 11433 11459 11432
f 11432 11459 11460
f 11432 11460 11431
f 11431 11460 11329
f 11431 11329 11430
f 11430 11329 11328
f 11430 11328 11427
f 11327 11329 11461
f 11461 11329 11460
f 11461 11460 11462
f 11462 11460 11459
f 11462 11459 11463
f 11463 11459 11458
f 11463 11458 11464
f 11464 11458 11457
f 11464 11457 11465
f 11465 11457 11456
f 11465 11456 11466
f 11466 11456 11455
f 11466 11455 11467
f 11467 11455 11454
f 11467 11454 11468
f 11468 11454 11453
f 11468 11453 11469
f 11469 11453 11452
f 11469 11452 11470
f 11470 11452 11451
f 11470 11451 11471
f 11471 11451 11450
f 11471 11450 11472
f 11472 11450 11449
f 11472 11449 11473
f 11473 11449 11448
f 11473 11448 11474
f 11474 11448 11447
f 11474 11447 11475
f 11475 11447 11446
f 11475 11446 11476
f 11477 11478 11461
f 11461 11478 11479
f 11461 11479 11327
f 11297 11296 11446
f 11446 11296 11295
f 11446 11295 11476
f 11476 11295 11294
f 11476 11294 11293
f 11477 11461 11480
f 11480 11461 11462
f 11480 11462 11481
f 11481 11462 11463
f 11481 11463 11482
f 11482 11463 11464
f 11482 11464 11483
f 11483 11464 11465
f 11483 11465 11484
f 11484 11465 11466
f 11484 11466 11485
f 11485 11466 11467
f 11485 11467 11486
f 11486 11467 11468
f 11486 11468 11487
f 11487 11468 11469
f 11487 11469 11488
f 11488 11469 11470
f 11488 11470 11489
f 11489 11470 11471
f 11489 11471 11490
f 11490 11471 11472
f 11490 11472 11491
f 11491 11472 11473
f 11491 11473 11492
f 11492 11473 11474
f 11492 11474 11493
f 11493 11474 11475
f 11493 11475 11494
f 11494 11475 11476
f 11494 11476 11495
f 11495 11476 11293
f 11495 11293 11292
f 11292 11496 11495
f 11495 11496 11497
f 11495 11497 11494
f 11494 11497 11498
f 11494 11498 11493
f 11493 11498 11499
f 11493 11499 11492
f 11492 11499 11500
f 11492 11500 11491
f 11491 11500 11501
f 11491 11501 11490
f 11490 11501 11502
f 11490 11502 11489
f 11489 11502 11503
f 11489 11503 11488
f 11488 11503 11504
f 11488 11504 11487
f 11487 11504 11505
f 11487 11505 11486
f 11486 11505 11506
f 11486 11506 11485
f 11485 11506 11507
f 11485 11507 11484
f 11484 11507 11508
f 11484 11508 11483
f 11483 11508 11509
f 11483 11509 11482
f 11482 11509 11510
f 11482 11510 11481
f 11481 11510 11326
f 11481 11326 11480
f 11480 11326 11325
f 11480 11325 11477
f 11324 11326 11511
f 11511 11326 11510
f 11511 11510 11512
f 11512 11510 11509
f 11512 11509 11513
f 11513 11509 11508
f 11513 11508 11514
f 11514 11508 11507
f 11514 11507 11515
f 11515 11507 11506
f 11515 11506 11516
f 11516 11506 11505
f 11516 11505 11517
f 11517 11505 11504
f 11517 11504 11518
f 11518 11504 11503
f 11518 11503 11519
f 11519 11503 11502
f 11519 11502 11520
f 11520 11502 11501
f 11520 11501 11521
f 11521 11501 11500
f 11521 11500 11522
f 11522 11500 11499
f 11522 11499 11523
f 11523 11499 11498
f 11523 11498 11524
f 11524 11498 11497
f 11524 11497 11525
f 11525 11497 11496
f 11525 11496 11526
f 11323 11527 11511
f 11511 11527 11528
f 11511 11528 11324
f 11292 11291 11496
f 11496 11291 11290
f 11496 11290 11526
f 11526 11290 11289
f 11526 11289 11288
f 11323 11511 11322
f 11322 11511 11512
f 11322 11512 11321
f 11321 11512 11513
f 11321 11513 11320
f 11320 11513 11514
f 11320 11514 11319
f 11319 11514 11515
f 11319 11515 11318
f 11318 11515 11516
f 11318 11516 11317
f 11317 11516 11517
f 11317 11517 11316
f 11316 11517 11518
f 11316 11518 11315
f 11315 11518 11519
f 11315 11519 11314
f 11314 11519 11520
f 11314 11520 11313
f 11313 11520 11521
f 11313 11521 11312
f 11312 11521 11522
f 11312 11522 11311
f 11311 11522 11523
f 11311 11523 11310
f 11310 11523 11524
f 11310 11524 11309
f 11309 11524 11525
f 11309 11525 11308
f 11308 11525 11526
f 11308 11526 11307
f 11307 11526 11288
f 11307 11288 11287
f 10985 10987 11356
f 11356 10987 10989
f 10989 10991 11356
f 11356 10991 10995
f 11356 10995 10994
f 10994 11003 11356
f 11356 11003 11002
f 11356 11002 11000
f 1633 1632 11004
f 11004 1632 11353
f 11004 11353 10996
f 10996 11353 11356
f 10996 11356 10998
f 10998 11356 11000
f 10971 10972 11333
f 10978 10979 10976
f 10976 10979 11356
f 10976 11356 10974
f 10974 11356 11355
f 10974 11355 10972
f 10972 11355 11334
f 10972 11334 11333
f 10986 10985 10983
f 10983 10985 11356
f 10983 11356 10981
f 10981 11356 10979
f 11361 649 11362
f 11362 649 638
f 11362 638 11333
f 11333 638 644
f 11333 644 10971
f 11361 11380 649
f 649 11380 11331
f 649 11331 641
f 11428 642 11429
f 11429 642 641
f 11429 641 11330
f 11330 641 11331
f 11428 11427 642
f 642 11427 11328
f 642 11328 643
f 11328 11327 643
f 643 11327 11479
f 643 11479 636
f 11325 637 11477
f 11477 637 636
f 11477 636 11478
f 11478 636 11479
f 11325 11324 637
f 637 11324 11528
f 637 11528 645
f 617 619 11323
f 11323 619 645
f 11323 645 11527
f 11527 645 11528
