# Converted from resources/robots/b2z1_pcl/meshes/visual/z1_Link04.dae
# DAE scene node transforms intentionally not baked; URDF link frames already define mesh placement.
o geom_0_prim_0
v 0.0132103497 0.0238187909 -0.0296940207
v 0.0130816596 0.0227999594 -0.0297509395
v 0.0130419703 0.0227999594 -0.0297683403
v 0.0140147796 0.0294787809 -0.0293229204
v 0.0138384597 0.0283228699 -0.0294065401
v 0.0130400602 0.0294787809 -0.0297640506
v 0.0136181703 0.0268186294 -0.0295091793
v 0.0134087196 0.0253173094 -0.0296049695
v 0.0127807204 0.0294787809 -0.0298814699
v 0.0112659903 0.0227999594 -0.0304848496
v 0.0115244295 0.0294787809 -0.0303881094
v 0.00945091154 0.0227999594 -0.0310954396
v 0.0102481199 0.0294787809 -0.0308419392
v 0.0112645002 0.0294787809 -0.0304805003
v 0.00760287 0.0294787809 -0.0315973088
v 0.00764429523 0.0294787809 -0.0315881893
v 0.00760304881 0.0227999594 -0.0315981507
v 0.00895398762 0.0294787809 -0.0312421899
v 0.00944894459 0.0294787809 -0.03108906
v 0.00632137014 0.0294787809 -0.0318792984
v 0.00572872115 0.0227999594 -0.0319910608
v 0.00572752906 0.0294787809 -0.03198421
v 0.00498741819 0.0294787809 -0.0321149789
v 0.00383454491 0.0227999594 -0.0322729908
v 0.00383406808 0.0294787809 -0.0322695896
v 0.00364482403 0.0294787809 -0.0322949216
v 0.00192707696 0.0227999594 -0.0324428007
v 0.00229591108 0.0294787809 -0.03241878
v 1.28926004e-05 0.0227999594 -0.0324999616
v 0.000943030987 0.0294787809 -0.0324863084
v 0.00192677905 0.0294787809 -0.0324372016
v -0.00190109003 0.0294787809 -0.0324417911
v -0.00176530995 0.0294787809 -0.0324519798
v -0.00190132798 0.0227999594 -0.0324442908
v -0.000411521993 0.0294787809 -0.032497339
v 1.28403999e-05 0.0294787809 -0.0324938782
v -0.00311607099 0.0294787809 -0.0323502384
v -0.00380891492 0.0227999594 -0.032275971
v -0.00380814006 0.0294787809 -0.032269001
v -0.0044614668 0.0294787809 -0.0321922787
v -0.00570333004 0.0227999594 -0.0319955908
v -0.00570303202 0.0294787809 -0.0319937393
v -0.0057990551 0.0294787809 -0.0319784209
v -0.00757795479 0.0227999594 -0.0316041708
v -0.00712656882 0.0294787809 -0.0317089483
v -0.00942623615 0.0227999594 -0.0311029498
v -0.00844174623 0.0294787809 -0.0313844606
v -0.007576406 0.0294787809 -0.0315979682
v -0.0112404199 0.0294787809 -0.0304900408
v -0.0110257799 0.0294787809 -0.0305725299
v -0.0112417899 0.0227999594 -0.0304937307
v -0.00974225905 0.0294787809 -0.0310054403
v -0.00942480471 0.0294787809 -0.0310979392
v -0.01229023 0.0294787809 -0.0300865099
v -0.0130183604 0.0227999594 -0.0297787096
v -0.0130156204 0.0294787809 -0.0297724009
v -0.0135332895 0.0294787809 -0.0295482203
v -0.0147497002 0.0227999594 -0.0289602205
v -0.0147496397 0.0294787809 -0.0289601609
v -0.0147527996 0.0294787809 -0.0289586093
v -0.0164297801 0.0227999594 -0.0280411802
v -0.0159467403 0.0294787809 -0.0283186994
v -0.0180528704 0.0227999594 -0.0270248
v -0.0171129704 0.0294787809 -0.0276296102
v -0.0164263193 0.0294787809 -0.0280353408
v -0.0196100995 0.0294787809 -0.0259105507
v -0.0193542205 0.0294787809 -0.0261086803
v -0.0196132604 0.0227999594 -0.0259146001
v -0.0182494503 0.0294787809 -0.0268924795
v -0.0180506706 0.0294787809 -0.0270214006
v -0.02042537 0.0294787809 -0.0252794605
v -0.02110558 0.0227999594 -0.0247144103
v -0.0211014096 0.0294787809 -0.0247095209
v -0.0214610603 0.0294787809 -0.0244063698
v -0.0225245897 0.0227999594 -0.0234284401
v -0.0224594399 0.0294787809 -0.0234908406
v -0.0238653999 0.0227999594 -0.0220611002
v -0.02341884 0.0294787809 -0.0225345399
v -0.0225233398 0.0294787809 -0.0234271791
v -0.0251232907 0.0227999594 -0.02061712
v -0.0243375301 0.0294787809 -0.0215390902
v -0.0238602106 0.0294787809 -0.0220562797
v -0.0262890998 0.0294787809 -0.0190980993
v -0.0260465704 0.0294787809 -0.0194377303
v -0.0262940507 0.0227999594 -0.0191016104
v -0.0252139494 0.0294787809 -0.0205061994
v -0.0251212697 0.0294787809 -0.0206153896
v -0.02683389 0.0294787809 -0.0183354598
v -0.0273734294 0.0227999594 -0.0175197702
v -0.0273687206 0.0294787809 -0.0175166707
v -0.0275746491 0.0294787809 -0.0172013603
v -0.0283578001 0.0227999594 -0.0158770606
v -0.0282675009 0.0294787809 -0.0160373393
v -0.0292437002 0.0227999594 -0.01417928
v -0.0289112292 0.0294787809 -0.0148454905
v -0.0283548795 0.0294787809 -0.0158755109
v -0.0300280992 0.0227999594 -0.0124322101
v -0.0295047704 0.0294787809 -0.0136278197
v -0.0292374399 0.0294787809 -0.0141761797
v -0.0307019297 0.0294787809 -0.0106399003
v -0.0305370595 0.0294787809 -0.0111236498
v -0.0307082497 0.0227999594 -0.0106420498
v -0.0300469901 0.0294787809 -0.0123864999
v -0.0300272107 0.0294787809 -0.0124318497
v -0.0309740901 0.0294787809 -0.00984144211
v -0.0312816985 0.0227999594 -0.00881487131
v -0.0312772281 0.0294787809 -0.00881356001
v -0.0313572809 0.0294787809 -0.00854218006
v -0.0317466184 0.0227999594 -0.00695711281
v -0.0316860005 0.0294787809 -0.00722807599
v -0.0321012698 0.0227999594 -0.00507521583
v -0.0319596492 0.0294787809 -0.00590145495
v -0.0317420885 0.0294787809 -0.00695616007
v -0.032343559 0.0294787809 -0.00317561603
v -0.0323400982 0.0294787809 -0.0032196641
v -0.0323444605 0.0227999594 -0.00317567494
v -0.0321778618 0.0294787809 -0.00456452323
v -0.03209465 0.0294787809 -0.00507414294
v -0.0324461982 0.0294787809 -0.00186926103
v -0.0324753486 0.0227999594 -0.001265108
v -0.0324683711 0.0294787809 -0.00126480998
v -0.0324959084 0.0294787809 -0.000515580992
v -0.0324934684 0.0227999594 0.000649834983
v -0.0324900709 0.0294787809 0.000649816007
v -0.032489121 0.0294787809 0.000839002023
v -0.0323988087 0.0227999594 0.00256252196
v -0.03242594 0.0294787809 0.00219208002
v -0.0321916305 0.0227999594 0.00446629478
v -0.032306429 0.0294787809 0.00354140904
v -0.0323932096 0.0294787809 0.00256198598
v -0.0318701193 0.0294787809 0.00635403302
v -0.0318993293 0.0294787809 0.00621926691
v -0.0318726785 0.0227999594 0.00635462906
v -0.03213083 0.0294787809 0.00488460017
v -0.0321856104 0.0294787809 0.00446551992
v -0.0316125117 0.0294787809 0.00754314614
v -0.0314430483 0.0227999594 0.00822085142
v -0.0314362608 0.0294787809 0.00821906328
v -0.0312706791 0.0294787809 0.00885391235
v -0.0309042893 0.0227999594 0.0100585204
v -0.0309024993 0.0294787809 0.0100579802
v -0.0308746006 0.0294787809 0.0101493001
v -0.0302581694 0.0227999594 0.0118613197
v -0.0304248296 0.0294787809 0.0114270402
v -0.0295070391 0.0227999594 0.0136228697
v -0.0299222395 0.0294787809 0.0126849404
v -0.0302522704 0.0294787809 0.0118589401
v -0.0286499206 0.0294787809 0.0153352004
v -0.0287620407 0.0294787809 0.0151324803
v -0.0286534391 0.0227999594 0.0153371599
v -0.0293676201 0.0294787809 0.0139208399
v -0.0295022707 0.0294787809 0.0136207296
v -0.0281064492 0.0294787809 0.0163179003
v -0.0277003609 0.0227999594 0.0169981699
v -0.0276945196 0.0294787809 0.0169945899
v -0.0274020992 0.0294787809 0.01747494
v -0.0266510807 0.0227999594 0.0186002199
v -0.0266500693 0.0294787809 0.0186016504
v -0.0255092904 0.0227999594 0.0201376006
v -0.0258517805 0.0294787809 0.0196959898
v -0.0242789295 0.0227999594 0.0216051303
v -0.0250085499 0.0294787809 0.0207561795
v -0.0255039297 0.0294787809 0.0201333705
v -0.0229606591 0.0294787809 0.0229939204
v -0.0231933501 0.0294787809 0.0227665305
v -0.0229642298 0.0227999594 0.0229976103
v -0.0241219401 0.0294787809 0.0217802506
v -0.02427583 0.0294787809 0.0216025095
v -0.0222245399 0.0294787809 0.0237132292
v -0.0215698406 0.0227999594 0.0243102908
v -0.0215655491 0.0294787809 0.0243055206
v -0.0212170407 0.0294787809 0.0246187393
v -0.0201005302 0.0227999594 0.0255385004
v -0.0201727692 0.0294787809 0.0254815202
v -0.0185614806 0.0227999594 0.0266780797
v -0.0190933906 0.0294787809 0.0263000093
v -0.0200994592 0.0294787809 0.0255370699
v -0.0169579294 0.0227999594 0.0277249794
v -0.0179808699 0.0294787809 0.0270727798
v -0.01855742 0.0294787809 0.0266723
v -0.0152927004 0.0294787809 0.0286703091
v -0.0156641006 0.0294787809 0.0284760501
v -0.0152954999 0.0227999594 0.0286756698
v -0.0168370605 0.0294787809 0.0277985893
v -0.0169565007 0.0294787809 0.0277227703
v -0.0144638401 0.0294787809 0.0291040502
v -0.0135800196 0.0227999594 0.0295267701
v -0.0135775805 0.0294787809 0.0295217
v -0.0132384803 0.0294787809 0.0296815
v -0.0118173296 0.0227999594 0.0302754007
v -0.0119901197 0.0294787809 0.0302073304
v -0.0100136297 0.0227999594 0.0309188291
v -0.0107209599 0.0294787809 0.0306807701
v -0.0118161403 0.0294787809 0.0302722398
v -0.00817513373 0.0227999594 0.0314549804
v -0.00943315029 0.0294787809 0.0311008599
v -0.0100114904 0.0294787809 0.0309122205
v -0.00630706502 0.0294787809 0.0318753682
v -0.00681060506 0.0294787809 0.0317783318
v -0.00630831718 0.0227999594 0.0318818614
v -0.00812894106 0.0294787809 0.0314669609
v -0.00817489624 0.0294787809 0.0314540192
v -0.00548046781 0.0294787809 0.0320345685
v -0.0044195652 0.0227999594 0.0321980715
v -0.00441884901 0.0294787809 0.0321934782
v -0.00414079381 0.0294787809 0.0322350785
v -0.00251543499 0.0227999594 0.0324024484
v -0.00279396703 0.0294787809 0.0323796794
v -0.00060263701 0.0227999594 0.0324943587
v -0.00144225301 0.0294787809 0.0324679613
v -0.00251513696 0.0294787809 0.0323978588
v 0.00131219602 0.0294787809 0.0324725509
v 0.00126629998 0.0294787809 0.032475289
v 0.00131225504 0.0227999594 0.0324734412
v -8.80329972e-05 0.0294787809 0.0324998386
v -0.000602481014 0.0294787809 0.0324877501
v 0.00261849095 0.0294787809 0.0323943384
v 0.0032226441 0.0227999594 0.0323398113
v 0.00322192907 0.0294787809 0.0323328301
v 0.00396609306 0.0294787809 0.0322570801
v 0.00512182713 0.0227999594 0.0320938192
v 0.00512134982 0.0294787809 0.032090541
v 0.00530683901 0.0294787809 0.0320637785
v 0.00700318813 0.0227999594 0.0317364894
v 0.0066383481 0.0294787809 0.0318147503
v 0.00886029005 0.0227999594 0.0312688909
v 0.00795835163 0.0294787809 0.0315105282
v 0.00700193597 0.0294787809 0.0317309387
v 0.01068574 0.0294787809 0.0306903105
v 0.0105545502 0.0294787809 0.0307384096
v 0.0106866304 0.0227999594 0.0306927506
v 0.00926452782 0.0294787809 0.0311515294
v 0.00885867979 0.0294787809 0.0312630497
v 0.0118263299 0.0294787809 0.0302718803
v 0.0124758398 0.0227999594 0.0300100408
v 0.0124731604 0.0294787809 0.0300034806
v 0.01307749 0.0294787809 0.0297527909
v 0.0142217204 0.0227999594 0.0292230807
v 0.0142209502 0.0294787809 0.0292214695
v 0.0143059399 0.0294787809 0.0291819498
v 0.0159182493 0.0227999594 0.0283347294
v 0.0155095402 0.0294787809 0.0285604503
v 0.0175595209 0.0227999594 0.0273479801
v 0.0166862607 0.0294787809 0.0278893709
v 0.0159150902 0.0294787809 0.0283291899
v 0.0191373806 0.0294787809 0.0262630507
v 0.0189506393 0.0294787809 0.0264030602
v 0.0191397592 0.0227999594 0.0262662694
v 0.0178339407 0.0294787809 0.0271698199
v 0.0175567791 0.0294787809 0.0273435693
v 0.0200344305 0.0294787809 0.0255904105
v 0.0206535999 0.0227999594 0.0250933692
v 0.0206492506 0.0294787809 0.02508807
v 0.0210833494 0.0294787809 0.0247333609
v 0.0220957305 0.0227999594 0.0238333307
v 0.0220957305 0.0294787809 0.0238333307
v 0.048124671 -0.0231407192 -0.0214999896
v 0.0480517112 -0.0231614094 -0.0214999896
v 0.0483533703 -0.0234004799 -0.0214999896
v 0.0479764305 -0.0231708791 -0.0214999896
v 0.0496550687 -0.0240716897 -0.0214999896
v 0.0484296009 -0.0225235205 -0.0214999896
v 0.048446469 -0.0225974899 -0.0214999896
v 0.0484285913 -0.0228226092 -0.0214999896
v 0.0484002791 -0.0228929501 -0.0214999896
v 0.0483615883 -0.0229582097 -0.0214999896
v 0.0479006097 -0.02316886 -0.0214999896
v 0.0478259884 -0.0231553297 -0.0214999896
v 0.0477542207 -0.0231307093 -0.0214999896
v 0.0484520085 -0.02267313 -0.0214999896
v 0.0484459884 -0.0227487609 -0.0214999896
v 0.048313491 -0.02301687 -0.0214999896
v 0.0482571088 -0.0230675898 -0.0214999896
v 0.0481936894 -0.0231091902 -0.0214999896
v 0.0527310297 0.0264945608 -0.0214999896
v 0.0527230985 0.0264519397 -0.0214999896
v 0.0530531406 0.0264058094 -0.0214999896
v 0.0527104698 0.0264081899 -0.0214999896
v 0.0526998006 0.0263813697 -0.0214999896
v 0.0526685081 0.02630293 -0.0214999896
v 0.052586671 0.0261682793 -0.0214999896
v 0.052513361 0.0260835197 -0.0214999896
v 0.0527245887 0.0268436596 -0.0214999896
v 0.05272948 0.0268273894 -0.0214999896
v 0.0546507202 0.0274818502 -0.0214999896
v 0.0527445599 0.0267282091 -0.0214999896
v 0.0527459905 0.02671903 -0.0214999896
v 0.0527485013 0.0266728401 -0.0214999896
v 0.0527456403 0.0266109705 -0.0214999896
v 0.0527433716 0.0265607201 -0.0214999896
v 0.0526519418 0.0262738392 -0.0214999896
v 0.0526131913 0.0262058899 -0.0214999896
v 0.0523144007 0.0273613892 -0.0214999896
v 0.0523585603 0.0273371302 -0.0214999896
v 0.0526065789 0.0275685694 -0.0214999896
v 0.0486809611 -0.0226379 -0.0214999896
v 0.0500630103 -0.0239795409 -0.0214999896
v 0.0509041511 -0.0248364192 -0.0214999896
v 0.0515221283 -0.0252370201 -0.0214999896
v 0.052093979 -0.0256904308 -0.0214999896
v 0.0525632985 0.0271637402 -0.0214999896
v 0.053571701 0.0277655702 -0.0214999896
v 0.0525300503 0.0272009298 -0.0214999896
v 0.0528903604 0.0276196003 -0.0214999896
v 0.0523959287 0.0273114406 -0.0214999896
v 0.0524497591 0.0272744205 -0.0214999896
v 0.0524879582 0.02723944 -0.0214999896
v 0.0568955503 0.0288332701 -0.0214999896
v 0.0566466413 0.0287346207 -0.0214999896
v 0.0563092194 0.0284613296 -0.0214999896
v 0.0562425815 0.0285745207 -0.0214999896
v 0.0555835292 0.0283384901 -0.0214999896
v 0.0518357083 0.0274396501 -0.0214999896
v 0.0519480109 0.0274479296 -0.0214999896
v 0.0522039495 0.0274962094 -0.0214999896
v 0.0519533083 0.0274476409 -0.0214999896
v 0.0520583913 0.0274408404 -0.0214999896
v 0.0520707294 0.0274388101 -0.0214999896
v 0.0521058403 0.0274330303 -0.0214999896
v 0.0521851107 0.0274117496 -0.0214999896
v 0.0522135384 0.0274041202 -0.0214999896
v 0.0522945486 0.0273697898 -0.0214999896
v 0.0525692701 0.0271555092 -0.0214999896
v 0.0526282713 0.02707427 -0.0214999896
v 0.0539815985 0.0278677307 -0.0214999896
v 0.0526360795 0.0270595495 -0.0214999896
v 0.0542478487 0.0279340707 -0.0214999896
v 0.0526794083 0.0269781891 -0.0214999896
v 0.0549185202 0.0281250402 -0.0214999896
v 0.0579264089 0.0292947795 -0.0214999896
v 0.0573916398 0.0290487409 -0.0214999896
v 0.0572926402 0.0290031396 -0.0214999896
v 0.0526976511 0.0269338395 -0.0214999896
v 0.0526888892 0.0269551799 -0.0214999896
v 0.055330269 0.0282571893 -0.0214999896
v 0.0409169085 -0.00949180126 -0.0214999896
v 0.0414158106 -0.0111404601 -0.0214999896
v 0.0415338203 -0.0113165304 -0.0214999896
v 0.0421141312 -0.0128973098 -0.0214999896
v 0.0422577187 -0.0131014502 -0.0214999896
v 0.0429133102 -0.0146105802 -0.0214999896
v 0.0430861115 -0.0148404203 -0.0214999896
v 0.0438106582 -0.0162746292 -0.0214999896
v 0.0440160595 -0.0165272299 -0.0214999896
v 0.0448030196 -0.0178837702 -0.0214999896
v 0.0450442992 -0.0181559902 -0.0214999896
v 0.0458871685 -0.0194325391 -0.0214999896
v 0.0461671911 -0.0197209697 -0.0214999896
v 0.0470594093 -0.0209158007 -0.0214999896
v 0.0473808609 -0.0212166905 -0.0214999896
v 0.0483158194 -0.0223284904 -0.0214999896
v 0.0483634993 -0.0223875009 -0.0214999896
v 0.0484017096 -0.0224530101 -0.0214999896
v 0.0524243712 0.0260056797 -0.0214999896
v 0.0515221283 0.0252370201 -0.0214999896
v 0.0510247909 0.0248905998 -0.0214999896
v 0.0500630103 0.0239795409 -0.0214999896
v 0.0496150814 0.02363085 -0.0214999896
v 0.0486809611 0.0226379 -0.0214999896
v 0.048280891 0.02229142 -0.0214999896
v 0.0473808609 0.0212166905 -0.0214999896
v 0.0470267497 0.0208767597 -0.0214999896
v 0.0461671911 0.0197209697 -0.0214999896
v 0.0458568297 0.0193917099 -0.0214999896
v 0.0450442992 0.0181559902 -0.0214999896
v 0.0447751209 0.0178412106 -0.0214999896
v 0.0440160595 0.0165272299 -0.0214999896
v 0.0437852107 0.0162305199 -0.0214999896
v 0.0430861115 0.0148404203 -0.0214999896
v 0.0428905413 0.0145651102 -0.0214999896
v 0.0422577187 0.0131014502 -0.0214999896
v 0.0420940518 0.0128505202 -0.0214999896
v 0.0415338203 0.0113165304 -0.0214999896
v 0.0413983986 0.0110926004 -0.0214999896
v 0.0409169085 0.00949180126 -0.0214999896
v 0.0408059917 0.00929725077 -0.0214999896
v 0.0404091999 0.0076337452 -0.0214999896
v 0.0403188393 0.00747054815 -0.0214999896
v 0.0400124714 0.00574892713 -0.0214999896
v 0.0399385616 0.00561869098 -0.0214999896
v 0.0397281013 0.00384384301 -0.0214999896
v 0.0396664701 0.00374781992 -0.0214999896
v 0.0395570286 0.00192528905 -0.0214999896
v 0.0395033918 0.00186431396 -0.0214999896
v 0.0394999906 0 -0.0214999896
v 0.0394499786 -2.54508996e-05 -0.0214999896
v 0.0395570286 -0.00192528905 -0.0214999896
v 0.0395063683 -0.001915097 -0.0214999896
v 0.0397281013 -0.00384384301 -0.0214999896
v 0.039672371 -0.00379836489 -0.0214999896
v 0.0400124714 -0.00574892713 -0.0214999896
v 0.0399473906 -0.00566881802 -0.0214999896
v 0.0404091999 -0.0076337452 -0.0214999896
v 0.0403305814 -0.00752007915 -0.0214999896
v 0.0408205912 -0.00934606697 -0.0214999896
v 0.0747231767 0.000183277007 -0.0384721681
v 0.0747278333 9.16900972e-05 -0.0384721681
v 0.0719999596 0 -0.0384999514
v 0.0747154877 0.000274655991 -0.0384721681
v 0.0747047588 0.000365726009 -0.0384721681
v 0.0746909305 0.000456382986 -0.0384721681
v 0.0746740624 0.00054652401 -0.0384721681
v 0.0746542215 0.000636049022 -0.0384721681
v 0.0746313334 0.000724854995 -0.0384721681
v 0.0746055171 0.000812844024 -0.0384721681
v 0.074576728 0.000899915001 -0.0384721681
v 0.074545078 0.000985970022 -0.0384721681
v 0.0745105073 0.00107085705 -0.0384721681
v 0.074473083 0.00115460099 -0.0384721681
v 0.074432902 0.00123703398 -0.0384721681
v 0.0743899867 0.001318097 -0.0384721681
v 0.0743443295 0.00139760901 -0.0384721681
v 0.0742961094 0.001475572 -0.0384721681
v 0.074245207 0.00155186595 -0.0384721681
v 0.0741918012 0.00162643101 -0.0384721681
v 0.0741359517 0.00169914903 -0.0384721681
v 0.0740776584 0.001769959 -0.0384721681
v 0.0740170404 0.00183874299 -0.0384721681
v 0.0739540979 0.00190549996 -0.0384721681
v 0.0738890097 0.00197005202 -0.0384721681
v 0.0738217235 0.00203239894 -0.0384721681
v 0.0737524629 0.00209242105 -0.0384721681
v 0.0736811683 0.00215011789 -0.0384721681
v 0.0736079812 0.00220537093 -0.0384721681
v 0.0735329911 0.00225818111 -0.0384721681
v 0.0734562799 0.00230836798 -0.0384721681
v 0.0733778998 0.0023559921 -0.0384721681
v 0.07329797 0.00240099407 -0.0384721681
v 0.0732165501 0.00244319392 -0.0384721681
v 0.0731338188 0.00248271204 -0.0384721681
v 0.0730497837 0.00251942803 -0.0384721681
v 0.0729645416 0.0025532241 -0.0384721681
v 0.0728782415 0.00258421805 -0.0384721681
v 0.0727909207 0.00261223293 -0.0384721681
v 0.0727026984 0.00263732602 -0.0384721681
v 0.0726137087 0.00265944004 -0.0384721681
v 0.0725240111 0.0026785729 -0.0384721681
v 0.0724337623 0.00269466592 -0.0384721681
v 0.0723429918 0.0027077191 -0.0384721681
v 0.0722517893 0.00271773292 -0.0384721681
v 0.0721603632 0.00272464706 -0.0384721681
v 0.0720687509 0.00272852089 -0.0384721681
v 0.0719770715 0.00272923708 -0.0384721681
v 0.0718853995 0.0027269721 -0.0384721681
v 0.0717938468 0.00272154808 -0.0384721681
v 0.0717025325 0.00271308399 -0.0384721681
v 0.0716115236 0.00270158006 -0.0384721681
v 0.0715209767 0.00268697692 -0.0384721681
v 0.0714310408 0.00266939402 -0.0384721681
v 0.0713416263 0.00264877011 -0.0384721681
v 0.0712530613 0.0026251669 -0.0384721681
v 0.0711652637 0.002598583 -0.0384721681
v 0.0710784718 0.00256907893 -0.0384721681
v 0.0709926412 0.00253665401 -0.0384721681
v 0.07090801 0.00250142789 -0.0384721681
v 0.0708246231 0.00246334006 -0.0384721681
v 0.0707424805 0.00242245104 -0.0384721681
v 0.0706618428 0.00237882091 -0.0384721681
v 0.0705826804 0.0023325081 -0.0384721681
v 0.0705051422 0.00228363206 -0.0384721681
v 0.070429258 0.00223207404 -0.0384721681
v 0.0703551695 0.002178072 -0.0384721681
v 0.0702829286 0.00212156703 -0.0384721681
v 0.0702126026 0.0020626781 -0.0384721681
v 0.0701442882 0.00200152304 -0.0384721681
v 0.0700781271 0.00193804502 -0.0384721681
v 0.0700141117 0.00187236001 -0.0384721681
v 0.0699523017 0.00180458999 -0.0384721681
v 0.0698928833 0.00173479295 -0.0384721681
v 0.0698357821 0.00166302896 -0.0384721681
v 0.0697811171 0.00158941699 -0.0384721681
v 0.0697289705 0.00151395705 -0.0384721681
v 0.069679372 0.00143682898 -0.0384721681
v 0.0696324706 0.00135803199 -0.0384721681
v 0.0695881769 0.00127774396 -0.0384721681
v 0.0695465803 0.00119602599 -0.0384721681
v 0.0695077702 0.00111287797 -0.0384721681
v 0.0694718286 0.00102853705 -0.0384721681
v 0.0694386885 0.000943074992 -0.0384721681
v 0.0694084689 0.000856500003 -0.0384721681
v 0.06938117 0.000768958009 -0.0384721681
v 0.0693567917 0.000680548023 -0.0384721681
v 0.0693354011 0.000591369986 -0.0384721681
v 0.0693170428 0.000501524017 -0.0384721681
v 0.069301717 0.000411112007 -0.0384721681
v 0.0692894384 0.000320235995 -0.0384721681
v 0.0692801997 0.000228998993 -0.0384721681
v 0.0692740604 0.000137502997 -0.0384721681
v 0.069270961 4.58514987e-05 -0.0384721681
v 0.069270961 -4.58514987e-05 -0.0384721681
v 0.0692740604 -0.000137502997 -0.0384721681
v 0.0692801997 -0.000228998993 -0.0384721681
v 0.0692894384 -0.000320235995 -0.0384721681
v 0.069301717 -0.000411112007 -0.0384721681
v 0.0693170428 -0.000501524017 -0.0384721681
v 0.0693354011 -0.000591369986 -0.0384721681
v 0.0693567917 -0.000680548023 -0.0384721681
v 0.06938117 -0.000768958009 -0.0384721681
v 0.0694084689 -0.000856500003 -0.0384721681
v 0.0694386885 -0.000943074992 -0.0384721681
v 0.0694718286 -0.00102853705 -0.0384721681
v 0.0695077702 -0.00111287797 -0.0384721681
v 0.0695465803 -0.00119602599 -0.0384721681
v 0.0695881769 -0.00127774396 -0.0384721681
v 0.0696324706 -0.00135803199 -0.0384721681
v 0.069679372 -0.00143682898 -0.0384721681
v 0.0697289705 -0.00151395705 -0.0384721681
v 0.0697811171 -0.00158941699 -0.0384721681
v 0.0698357821 -0.00166302896 -0.0384721681
v 0.0698928833 -0.00173479295 -0.0384721681
v 0.0699523017 -0.00180458999 -0.0384721681
v 0.0700141117 -0.00187236001 -0.0384721681
v 0.0700781271 -0.00193804502 -0.0384721681
v 0.0701442882 -0.00200152304 -0.0384721681
v 0.0702126026 -0.0020626781 -0.0384721681
v 0.0702829286 -0.00212156703 -0.0384721681
v 0.0703551695 -0.002178072 -0.0384721681
v 0.070429258 -0.00223207404 -0.0384721681
v 0.0705051422 -0.00228363206 -0.0384721681
v 0.0705826804 -0.0023325081 -0.0384721681
v 0.0706618428 -0.00237882091 -0.0384721681
v 0.0707424805 -0.00242245104 -0.0384721681
v 0.0708246231 -0.00246334006 -0.0384721681
v 0.07090801 -0.00250142789 -0.0384721681
v 0.0709926412 -0.00253665401 -0.0384721681
v 0.0710784718 -0.00256907893 -0.0384721681
v 0.0711652637 -0.002598583 -0.0384721681
v 0.0712530613 -0.0026251669 -0.0384721681
v 0.0713416263 -0.00264877011 -0.0384721681
v 0.0714310408 -0.00266939402 -0.0384721681
v 0.0715209767 -0.00268697692 -0.0384721681
v 0.0716115236 -0.00270158006 -0.0384721681
v 0.0717025325 -0.00271308399 -0.0384721681
v 0.0717938468 -0.00272154808 -0.0384721681
v 0.0718853995 -0.0027269721 -0.0384721681
v 0.0719770715 -0.00272923708 -0.0384721681
v 0.0720687509 -0.00272852089 -0.0384721681
v 0.0721603632 -0.00272464706 -0.0384721681
v 0.0722517893 -0.00271773292 -0.0384721681
v 0.0723429918 -0.0027077191 -0.0384721681
v 0.0724337623 -0.00269466592 -0.0384721681
v 0.0725240111 -0.0026785729 -0.0384721681
v 0.0726137087 -0.00265944004 -0.0384721681
v 0.0727026984 -0.00263732602 -0.0384721681
v 0.0727909207 -0.00261223293 -0.0384721681
v 0.0728782415 -0.00258421805 -0.0384721681
v 0.0729645416 -0.0025532241 -0.0384721681
v 0.0730497837 -0.00251942803 -0.0384721681
v 0.0731338188 -0.00248271204 -0.0384721681
v 0.0732165501 -0.00244319392 -0.0384721681
v 0.07329797 -0.00240099407 -0.0384721681
v 0.0733778998 -0.0023559921 -0.0384721681
v 0.0734562799 -0.00230836798 -0.0384721681
v 0.0735329911 -0.00225818111 -0.0384721681
v 0.0736079812 -0.00220537093 -0.0384721681
v 0.0736811683 -0.00215011789 -0.0384721681
v 0.0737524629 -0.00209242105 -0.0384721681
v 0.0738217235 -0.00203239894 -0.0384721681
v 0.0738890097 -0.00197005202 -0.0384721681
v 0.0739540979 -0.00190549996 -0.0384721681
v 0.0740170404 -0.00183874299 -0.0384721681
v 0.0740776584 -0.001769959 -0.0384721681
v 0.0741359517 -0.00169914903 -0.0384721681
v 0.0741918012 -0.00162643101 -0.0384721681
v 0.074245207 -0.00155186595 -0.0384721681
v 0.0742961094 -0.001475572 -0.0384721681
v 0.0743443295 -0.00139760901 -0.0384721681
v 0.0743899867 -0.001318097 -0.0384721681
v 0.074432902 -0.00123703398 -0.0384721681
v 0.074473083 -0.00115460099 -0.0384721681
v 0.0745105073 -0.00107085705 -0.0384721681
v 0.074545078 -0.000985970022 -0.0384721681
v 0.074576728 -0.000899915001 -0.0384721681
v 0.0746055171 -0.000812844024 -0.0384721681
v 0.0746313334 -0.000724854995 -0.0384721681
v 0.0746542215 -0.000636049022 -0.0384721681
v 0.0746740624 -0.00054652401 -0.0384721681
v 0.0746909305 -0.000456382986 -0.0384721681
v 0.0747047588 -0.000365726009 -0.0384721681
v 0.0747154877 -0.000274655991 -0.0384721681
v 0.0747231767 -0.000183277007 -0.0384721681
v 0.0747278333 -9.16900972e-05 -0.0384721681
v 0.074729383 0 -0.0384721681
v 0.0283747893 -0.0162263494 -0.0301585104
v 0.0283486191 -0.0162263494 -0.0301494002
v 0.0283486191 -0.0160734598 -0.0301682297
v 0.0283486191 -0.00220274902 -0.0311671998
v 0.0291499402 -0.002161443 -0.031447351
v 0.02924674 -0.00359970308 -0.031447351
v 0.0517618582 0.0218377691 -0.0351508819
v 0.05175668 0.02183461 -0.0351508819
v 0.0517542288 0.0218361598 -0.0351499915
v 0.0483820997 -0.0181484204 -0.0351483785
v 0.0483906791 -0.0181422792 -0.0351508819
v 0.0484029613 -0.0181569997 -0.0351508819
v 0.0461127087 -0.0173606202 -0.0348252617
v 0.0460037515 -0.0173296891 -0.0348074399
v 0.04722571 -0.0165160205 -0.0351508819
v 0.0447366796 -0.0169893503 -0.0345934592
v 0.0446071588 -0.0169598404 -0.0345697887
v 0.0466848612 -0.0156744104 -0.0351508819
v 0.0404750705 -0.0153684001 -0.0338300988
v 0.0387009308 -0.0162315909 -0.0332783386
v 0.0399765894 -0.0143007003 -0.0338300988
v 0.0383371711 -0.0162263494 -0.0331850611
v 0.0409775302 -0.0163569394 -0.0338298604
v 0.0405420586 -0.0163158104 -0.0337303802
v 0.0398342013 -0.0162675306 -0.0335621201
v 0.0391240716 -0.0162377302 -0.0333868787
v 0.0419506393 -0.0164672695 -0.0340458713
v 0.0412475392 -0.0163823906 -0.0338916108
v 0.0433433615 -0.01518213 -0.0345174596
v 0.0411018096 -0.0163686201 -0.0338582918
v 0.0428495407 -0.0142108696 -0.0345174596
v 0.0438695513 -0.0161362197 -0.0345174596
v 0.0443198606 -0.0168942809 -0.0345173404
v 0.0440442488 -0.0168313906 -0.0344670415
v 0.0433490798 -0.0166918002 -0.0343335792
v 0.0430030189 -0.0166315995 -0.034263961
v 0.042651169 -0.01657038 -0.0341932103
v 0.0461726114 -0.0148151498 -0.0351508819
v 0.0454261787 -0.0171657205 -0.0347129107
v 0.0476727411 -0.0178774502 -0.0350556895
v 0.0474765301 -0.0178066399 -0.0350286886
v 0.0477945209 -0.0173389297 -0.0351508819
v 0.0472483598 -0.0177286807 -0.0349957906
v 0.0467961393 -0.0175741892 -0.0349305794
v 0.0483282208 -0.0181263592 -0.0351418182
v 0.0516633317 -0.0179230496 -0.0357301198
v 0.0503916703 -0.0190430209 -0.0353684388
v 0.0510727093 -0.0172297899 -0.0357301198
v 0.0502473116 -0.0189704802 -0.0353553817
v 0.0489758216 -0.0183915999 -0.0352204405
v 0.0505056903 -0.0165170394 -0.0357301198
v 0.049421899 -0.0185878202 -0.0352700911
v 0.0496154986 -0.0186730009 -0.0352916084
v 0.0529127717 -0.0192481801 -0.0357301198
v 0.0521652102 -0.0200017001 -0.035506241
v 0.0520945713 -0.0199590903 -0.0355022512
v 0.0522768982 -0.0185961109 -0.0357301198
v 0.0514868982 -0.0196135603 -0.0354607105
v 0.0513019487 -0.0195145607 -0.0354459807
v 0.0508711301 -0.0192840006 -0.0354117118
v 0.0535701513 -0.0198785607 -0.0357301198
v 0.0529864393 -0.0205075108 -0.0355495214
v 0.0526940785 -0.0203207098 -0.0355363414
v 0.0542483293 -0.0204864703 -0.0357301198
v 0.0549465418 -0.0210712496 -0.0357301198
v 0.0544425808 -0.0215026103 -0.035593681
v 0.0538681708 -0.0210923497 -0.0355821215
v 0.0537766814 -0.0210305396 -0.0355791412
v 0.0532853603 -0.0206984803 -0.0355629884
v 0.0556640588 -0.0216322504 -0.0357301198
v 0.0550082885 -0.0219292603 -0.0355974995
v 0.0545387194 -0.0215751491 -0.0355943404
v 0.0571535192 -0.0226803403 -0.0357301198
v 0.0560361706 -0.0226857606 -0.0355974995
v 0.056400001 -0.0221688095 -0.0357301198
v 0.0559358485 -0.0226175692 -0.0355974995
v 0.0552847311 -0.0221344195 -0.0355974995
v 0.0579237901 -0.0231662896 -0.0357301198
v 0.0568912588 -0.0232666694 -0.0355974995
v 0.0568071604 -0.0232095104 -0.0355974995
v 0.0587099716 -0.0236260798 -0.0357301198
v 0.0578728914 -0.0238754097 -0.0355974995
v 0.0575969815 -0.0237042904 -0.0355974995
v 0.059511181 -0.0240592305 -0.0357301198
v 0.0588789508 -0.0244427901 -0.0355974995
v 0.0584019385 -0.0241737906 -0.0355974995
v 0.0611548983 -0.0248435102 -0.0357301198
v 0.060054481 -0.0250350796 -0.0355974995
v 0.0603264496 -0.0244651996 -0.0357301198
v 0.0599078499 -0.0249677803 -0.0355974995
v 0.0592213199 -0.0246174894 -0.0355974995
v 0.0619956218 -0.0251938105 -0.0357301198
v 0.0609576702 -0.0254495107 -0.0355974995
v 0.0609016418 -0.0254238192 -0.0355974995
v 0.0628476068 -0.02551567 -0.0357301198
v 0.0620266087 -0.0258871298 -0.0355974995
v 0.0617632195 -0.0257792994 -0.0355974995
v 0.0637099668 -0.0258087497 -0.0357301198
v 0.0631128475 -0.0262797996 -0.0355974995
v 0.0626354814 -0.0261072498 -0.0355974995
v 0.0654616877 -0.02630716 -0.0357301198
v 0.0644089505 -0.0266795103 -0.0355974995
v 0.0645816326 -0.0260726791 -0.0357301198
v 0.0642144606 -0.0266270004 -0.0355974995
v 0.0635176301 -0.0264074206 -0.0355974995
v 0.0663491413 -0.0265119597 -0.0357301198
v 0.0653296113 -0.0269280002 -0.0355974995
v 0.0653088018 -0.0269223992 -0.0355974995
v 0.06724298 -0.0266868398 -0.0357301198
v 0.0664563105 -0.0271823406 -0.0355974995
v 0.0662177801 -0.0271284506 -0.0355974995
v 0.0681421682 -0.0268315598 -0.0357301198
v 0.0675926805 -0.0273895208 -0.0355974995
v 0.0671327114 -0.0273056608 -0.0355974995
v 0.0690457225 -0.0269460008 -0.0357301198
v 0.0687366128 -0.0275492594 -0.0355974995
v 0.0680527017 -0.0274537802 -0.0355974995
v 0.070861809 -0.0270835701 -0.0357301198
v 0.0699047372 -0.0276622102 -0.0355974995
v 0.0699525997 -0.0270300508 -0.0357301198
v 0.0698862597 -0.0276612006 -0.0355974995
v 0.0689769909 -0.0275726896 -0.0355974995
v 0.0721944496 -0.02774119 -0.0355974995
v 0.0717670321 -0.0277352892 -0.0355974995
v 0.0717722699 -0.0271065198 -0.0357301198
v 0.0710394904 -0.0277252104 -0.0355974995
v 0.0708353519 -0.0277138893 -0.0355974995
v 0.0726988316 -0.0277271196 -0.0355974995
v 0.0726830289 -0.0270988904 -0.0357301198
v 0.0733490512 -0.0277090594 -0.0355974995
v 0.0735929608 -0.0270606205 -0.0357301198
v 0.0736299679 -0.0276895091 -0.0355974995
v 0.0745013282 -0.0276288297 -0.0355974995
v 0.0745011494 -0.0269918405 -0.0357301198
v 0.0745595619 -0.0276223402 -0.0355974995
v 0.0754064918 -0.0268926006 -0.0357301198
v 0.0754858777 -0.0275190398 -0.0355974995
v 0.0756492615 -0.0275008008 -0.0355974995
v 0.076308012 -0.0267629605 -0.0357301198
v 0.0764079615 -0.0273839794 -0.0355974995
v 0.0767908618 -0.0273250304 -0.0355974995
v 0.0772046372 -0.0266031604 -0.0357301198
v 0.077325277 -0.0272198301 -0.0355974995
v 0.077924192 -0.0271019302 -0.0355974995
v 0.078095369 -0.02641326 -0.0357301198
v 0.0782368705 -0.0270267092 -0.0355974995
v 0.0790472031 -0.0268318597 -0.0355974995
v 0.0789792463 -0.0261936095 -0.0357301198
v 0.0791420937 -0.0268047992 -0.0355974995
v 0.0798552632 -0.0259443503 -0.0357301198
v 0.0800384209 -0.0265492704 -0.0355974995
v 0.0801580474 -0.0265152398 -0.0355974995
v 0.0807223916 -0.0256658103 -0.0357301198
v 0.0809249207 -0.0262616798 -0.0355974995
v 0.0812547207 -0.0261526704 -0.0355974995
v 0.0815796778 -0.02535831 -0.0357301198
v 0.0818017125 -0.0259461403 -0.0355974995
v 0.0823353529 -0.0257447306 -0.0355974995
v 0.0824261308 -0.0250221994 -0.0357301198
v 0.0826681182 -0.0256029908 -0.0355974995
v 0.0833980367 -0.0252922103 -0.0355974995
v 0.0832608268 -0.0246578399 -0.0357301198
v 0.0835232735 -0.0252326094 -0.0355974995
v 0.0840828419 -0.0242656395 -0.0357301198
v 0.0843648911 -0.0248320103 -0.0355974995
v 0.0844409987 -0.0247958302 -0.0355974995
v 0.0848912001 -0.0238460302 -0.0357301198
v 0.0851906464 -0.0243999306 -0.0355974995
v 0.0854623914 -0.0242564008 -0.0355974995
v 0.0856850073 -0.0233994704 -0.0357301198
v 0.0860022306 -0.0239419304 -0.0355974995
v 0.0864604115 -0.0236750208 -0.0355974995
v 0.0864633322 -0.0229265597 -0.0357301198
v 0.0867988393 -0.0234584808 -0.0355974995
v 0.0874333903 -0.0230525695 -0.0355974995
v 0.0872253701 -0.0224277303 -0.0357301198
v 0.0875798389 -0.0229500495 -0.0355974995
v 0.0879701898 -0.0219036303 -0.0357301198
v 0.0883434415 -0.0224154498 -0.0355974995
v 0.0883796215 -0.0223901197 -0.0355974995
v 0.0886970088 -0.0213547293 -0.0357301198
v 0.0890851617 -0.0218511205 -0.0355974995
v 0.0892974734 -0.0216888692 -0.0355974995
v 0.0894049406 -0.0207817499 -0.0357301198
v 0.0898085237 -0.0212635901 -0.0355974995
v 0.0901853368 -0.0209500697 -0.0355974995
v 0.0900932476 -0.0201853495 -0.0357301198
v 0.0905128717 -0.0206535403 -0.0355974995
v 0.0910416171 -0.0201749206 -0.0355974995
v 0.0907611772 -0.0195661094 -0.0357301198
v 0.0911976025 -0.0200213697 -0.0355974995
v 0.0914078876 -0.0189248305 -0.0357301198
v 0.0918649435 -0.0193647705 -0.0355974995
v 0.092032671 -0.0182622001 -0.0357301198
v 0.0924987122 -0.0186869502 -0.0355974995
v 0.092653811 -0.0185210705 -0.0355974995
v 0.0926348493 -0.0175788905 -0.0357301198
v 0.0931134224 -0.01798659 -0.0355974995
v 0.0937687084 -0.0161536299 -0.0357301198
v 0.0941228792 -0.0167388897 -0.0355974995
v 0.0932137296 -0.0168757997 -0.0357301198
v 0.0937055871 -0.0172671005 -0.0355974995
v 0.0934069082 -0.0176452305 -0.0355974995
v 0.0948042795 -0.0146554103 -0.0357301198
v 0.0948203206 -0.0157735292 -0.0355974995
v 0.0942990705 -0.01541322 -0.0357301198
v 0.0948004723 -0.0158034507 -0.0355974995
v 0.0942747518 -0.0165292006 -0.0355974995
v 0.0960360095 -0.0138521101 -0.0355974995
v 0.0958238766 -0.0142030697 -0.0355974995
v 0.0952837393 -0.0138810202 -0.0357301198
v 0.0954385325 -0.0148406597 -0.0355974995
v 0.0953352377 -0.0149965798 -0.0355974995
v 0.0962871909 -0.0133945299 -0.0355974995
v 0.0957369208 -0.0130910203 -0.0357301198
v 0.0965917706 -0.0128395502 -0.0355974995
v 0.0961632729 -0.0122862402 -0.0357301198
v 0.096724622 -0.0125716897 -0.0355974995
v 0.0971049592 -0.0118047502 -0.0355974995
v 0.0965623781 -0.0114675704 -0.0357301198
v 0.0971358418 -0.0117353201 -0.0355974995
v 0.0969337225 -0.0106359702 -0.0357301198
v 0.0975148007 -0.0108837401 -0.0355974995
v 0.0975745916 -0.01074945 -0.0355974995
v 0.0972769782 -0.00979232695 -0.0357301198
v 0.0978636667 -0.0100196004 -0.0355974995
v 0.0979998708 -0.00967556238 -0.0355974995
v 0.0975916907 -0.00893765595 -0.0357301198
v 0.0981848836 -0.00914484169 -0.0355974995
v 0.0983800814 -0.00858491566 -0.0355974995
v 0.0978775024 -0.00807291176 -0.0357301198
v 0.0984783098 -0.0082603693 -0.0355974995
v 0.0987145901 -0.00747931004 -0.0355974995
v 0.0981340408 -0.00719904806 -0.0357301198
v 0.0987435505 -0.00736695481 -0.0355974995
v 0.0983611271 -0.006317019 -0.0357301198
v 0.0989761278 -0.00646436214 -0.0355974995
v 0.0990027711 -0.00636082795 -0.0355974995
v 0.0985584781 -0.00542789605 -0.0357301198
v 0.0991752073 -0.0055539012 -0.0355974995
v 0.0992441699 -0.00523126079 -0.0355974995
v 0.0987258479 -0.00453263521 -0.0357301198
v 0.0993453786 -0.0046377182 -0.0355974995
v 0.0994383022 -0.00409263279 -0.0355974995
v 0.0988629982 -0.00363224698 -0.0357301198
v 0.0994864106 -0.00371658802 -0.0355974995
v 0.09958487 -0.00294691301 -0.0355974995
v 0.0989698693 -0.00272774603 -0.0357301198
v 0.0995982215 -0.00279134489 -0.0355974995
v 0.0990462825 -0.00182020594 -0.0357301198
v 0.0996779203 -0.00186270406 -0.0355974995
v 0.0996836424 -0.00179606595 -0.0355974995
v 0.099092178 -0.000910639006 -0.0357301198
v 0.0997216702 -0.000931750983 -0.0355974995
v 0.0997344181 -0.000642181025 -0.0355974995
v 0.0991074964 0 -0.0357301198
v 0.0997359082 0 -0.0355974995
v 0.0997371003 0.000512871018 -0.0355974995
v 0.099092178 0.000910639006 -0.0357301198
v 0.0997206494 0.000931731018 -0.0355974995
v 0.0996917412 0.00166702201 -0.0355974995
v 0.0990462825 0.00182020594 -0.0357301198
v 0.0996758863 0.00186252501 -0.0355974995
v 0.0989698693 0.00272774603 -0.0357301198
v 0.0996004865 0.00279158307 -0.0355974995
v 0.0995983407 0.00281828595 -0.0355974995
v 0.0988629982 0.00363224698 -0.0357301198
v 0.0994876623 0.0037167659 -0.0355974995
v 0.0994570777 0.00396466209 -0.0355974995
v 0.0987258479 0.00453263521 -0.0357301198
v 0.0993455574 0.00463777687 -0.0355974995
v 0.0992682502 0.00510418415 -0.0355974995
v 0.0985584781 0.00542789605 -0.0357301198
v 0.0991743803 0.00555372192 -0.0355974995
v 0.0990321636 0.00623482419 -0.0355974995
v 0.0983611271 0.006317019 -0.0357301198
v 0.0989742801 0.00646388484 -0.0355974995
v 0.0987491608 0.00735467579 -0.0355974995
v 0.0981340408 0.00719904806 -0.0357301198
v 0.0987453982 0.00736743212 -0.0355974995
v 0.0978775024 0.00807291176 -0.0357301198
v 0.0984796211 0.0082607856 -0.0355974995
v 0.0984198377 0.008461833 -0.0355974995
v 0.0975916907 0.00893765595 -0.0357301198
v 0.0981852412 0.00914502144 -0.0355974995
v 0.0969337225 0.0106359702 -0.0357301198
v 0.0976244211 0.0106301298 -0.0355974995
v 0.0972769782 0.00979232695 -0.0357301198
v 0.0978630111 0.0100193601 -0.0355974995
v 0.0980446935 0.009554266 -0.0355974995
v 0.0961632729 0.0122862402 -0.0357301198
v 0.0971362516 0.01173543 -0.0355974995
v 0.0965623781 0.0114675704 -0.0357301198
v 0.0971596837 0.0116875703 -0.0355974995
v 0.097513251 0.0108830901 -0.0355974995
v 0.0957369208 0.0130910203 -0.0357301198
v 0.0966513678 0.0127247497 -0.0355974995
v 0.0967260525 0.0125724003 -0.0355974995
v 0.0952837393 0.0138810202 -0.0357301198
v 0.0961003304 0.0137398802 -0.0355974995
v 0.0962876603 0.0133948298 -0.0355974995
v 0.0948042795 0.0146554103 -0.0357301198
v 0.0955075026 0.01473122 -0.0355974995
v 0.0958234593 0.0142028304 -0.0355974995
v 0.0937687084 0.0161536299 -0.0357301198
v 0.0948194787 0.0157728698 -0.0355974995
v 0.0942990705 0.01541322 -0.0357301198
v 0.0948738977 0.0156970005 -0.0355974995
v 0.0953339264 0.01499575 -0.0355974995
v 0.0932137296 0.0168757997 -0.0357301198
v 0.0942006707 0.0166355297 -0.0355974995
v 0.0942761824 0.0165302698 -0.0355974995
v 0.0926348493 0.0175788905 -0.0357301198
v 0.0934889317 0.0175452791 -0.0355974995
v 0.0937061906 0.0172675792 -0.0355974995
v 0.092032671 0.0182622001 -0.0357301198
v 0.0927399322 0.0184245706 -0.0355974995
v 0.0931131765 0.0179864094 -0.0355974995
v 0.0907611772 0.0195661094 -0.0357301198
v 0.0918603465 0.0193659607 -0.0355974995
v 0.0914078876 0.0189248305 -0.0357301198
v 0.0919549987 0.0192719605 -0.0355974995
v 0.092497699 0.0186860505 -0.0355974995
v 0.0900932476 0.0201853495 -0.0357301198
v 0.0911355019 0.0200858694 -0.0355974995
v 0.0911989808 0.0200228002 -0.0355974995
v 0.0894049406 0.0207817499 -0.0357301198
v 0.0902827904 0.0208650194 -0.0355974995
v 0.0905134603 0.0206542592 -0.0355974995
v 0.0886970088 0.0213547293 -0.0357301198
v 0.0893983766 0.0216079894 -0.0355974995
v 0.089808397 0.0212635305 -0.0355974995
v 0.0872253701 0.0224277303 -0.0357301198
v 0.0883421823 0.0224136692 -0.0355974995
v 0.0879701898 0.0219036303 -0.0357301198
v 0.08848387 0.0223135296 -0.0355974995
v 0.089084439 0.0218502209 -0.0355974995
v 0.0864633322 0.0229265597 -0.0357301198
v 0.0875407383 0.0229803305 -0.0355974995
v 0.0875810906 0.0229517799 -0.0355974995
v 0.0856850073 0.0233994704 -0.0357301198
v 0.0865706801 0.0236073099 -0.0355974995
v 0.0867994428 0.0234594308 -0.0355974995
v 0.0848912001 0.0238460302 -0.0357301198
v 0.0855753422 0.0241934005 -0.0355974995
v 0.0860022306 0.0239420496 -0.0355974995
v 0.0832608268 0.0246578399 -0.0357301198
v 0.0843640491 0.0248302203 -0.0355974995
v 0.0840828419 0.0242656395 -0.0357301198
v 0.0845564604 0.0247375295 -0.0355974995
v 0.0851902291 0.0243990999 -0.0355974995
v 0.0824261308 0.0250221994 -0.0357301198
v 0.0835158229 0.0252387505 -0.0355974995
v 0.0835242793 0.0252346899 -0.0355974995
v 0.0813765526 0.0261092093 -0.0355974995
v 0.0818018317 0.0259464309 -0.0355974995
v 0.0815796778 0.02535831 -0.0357301198
v 0.0824552104 0.0256962702 -0.0355974995
v 0.0826686025 0.0256042406 -0.0355974995
v 0.0809246302 0.0262609702 -0.0355974995
v 0.0807223916 0.0256658103 -0.0357301198
v 0.0802815482 0.0264769103 -0.0355974995
v 0.0798552632 0.0259443503 -0.0357301198
v 0.0800379515 0.0265475493 -0.0355974995
v 0.0791722536 0.0267986599 -0.0355974995
v 0.0789792463 0.0261936095 -0.0357301198
v 0.0791424513 0.0268059894 -0.0355974995
v 0.078095369 0.02641326 -0.0357301198
v 0.0782372281 0.0270281993 -0.0355974995
v 0.0780504867 0.0270740297 -0.0355974995
v 0.0772046372 0.0266031604 -0.0357301198
v 0.0773253366 0.0272202995 -0.0355974995
v 0.0754064918 0.0268926006 -0.0357301198
v 0.0757774711 0.0274834596 -0.0355974995
v 0.076308012 0.0267629605 -0.0357301198
v 0.0764078423 0.0273834392 -0.0355974995
v 0.0769182369 0.0273023807 -0.0355974995
v 0.0735929608 0.0270606205 -0.0357301198
v 0.0745595619 0.0276221596 -0.0355974995
v 0.0745011494 0.0269918405 -0.0357301198
v 0.0746301413 0.0276169106 -0.0355974995
v 0.0754856989 0.0275174305 -0.0355974995
v 0.0726830289 0.0270988904 -0.0357301198
v 0.0734782219 0.0277024508 -0.0355974995
v 0.0736300275 0.0276911799 -0.0355974995
v 0.0717722699 0.0271065198 -0.0357301198
v 0.0723237917 0.0277399402 -0.0355974995
v 0.0726988316 0.0277277809 -0.0355974995
v 0.070861809 0.0270835701 -0.0357301198
v 0.0711687803 0.0277293902 -0.0355974995
v 0.0717670321 0.0277348701 -0.0355974995
v 0.0690457225 0.0269460008 -0.0357301198
v 0.0699048564 0.0276605394 -0.0355974995
v 0.0699525997 0.0270300508 -0.0357301198
v 0.0700152516 0.0276708007 -0.0355974995
v 0.0708354115 0.0277124606 -0.0355974995
v 0.0681421682 0.0268315598 -0.0357301198
v 0.0688651204 0.0275641605 -0.0355974995
v 0.0689767525 0.0275745299 -0.0355974995
v 0.06724298 0.0266868398 -0.0357301198
v 0.0677204132 0.0274097901 -0.0355974995
v 0.0680525824 0.0274545494 -0.0355974995
v 0.0663491413 0.0265119597 -0.0357301198
v 0.0665831491 0.0272078495 -0.0355974995
v 0.0671327114 0.0273054205 -0.0355974995
v 0.0645816326 0.0260726791 -0.0357301198
v 0.0653093979 0.0269201901 -0.0355974995
v 0.0654616877 0.02630716 -0.0357301198
v 0.0654552504 0.0269588195 -0.0355974995
v 0.0662180707 0.0271272603 -0.0355974995
v 0.0637099668 0.0258087497 -0.0357301198
v 0.0643387437 0.0266629998 -0.0355974995
v 0.0644084215 0.0266814809 -0.0355974995
v 0.0628476068 0.02551567 -0.0357301198
v 0.0632354617 0.0263209902 -0.0355974995
v 0.0635173321 0.0264083706 -0.0355974995
v 0.0619956218 0.0251938105 -0.0357301198
v 0.0621473715 0.0259333197 -0.0355974995
v 0.0626354814 0.0261071902 -0.0355974995
v 0.0603264496 0.0244651996 -0.0357301198
v 0.0609024689 0.02542191 -0.0355974995
v 0.0611548983 0.0248435102 -0.0357301198
v 0.0610763989 0.0255007092 -0.0355974995
v 0.0617635809 0.0257782899 -0.0355974995
v 0.059511181 0.0240592305 -0.0357301198
v 0.0600243807 0.0250238702 -0.0355974995
v 0.0600535199 0.0250371005 -0.0355974995
v 0.0583898984 0.0241948292 -0.0355931483
v 0.0586871505 0.0243436005 -0.0355966613
v 0.0587099716 0.0236260798 -0.0357301198
v 0.0589931011 0.0245037004 -0.0355974995
v 0.0592207909 0.0246185604 -0.0355974995
v 0.0580360815 0.0240177494 -0.0355890281
v 0.0579237901 0.0231662896 -0.0357301198
v 0.0575460717 0.0237875506 -0.0355774686
v 0.0571535192 0.0226803403 -0.0357301198
v 0.0566803217 0.0234030392 -0.0355486795
v 0.0567196012 0.0234191399 -0.0355504714
v 0.0573801883 0.0237096492 -0.0355736017
v 0.0560544692 0.0231463294 -0.0355197117
v 0.056400001 0.0221688095 -0.0357301198
v 0.0557839796 0.0230432693 -0.0355042182
v 0.0553848706 0.0228911601 -0.03548133
v 0.0556640588 0.0216322504 -0.0357301198
v 0.0548539683 0.0227041207 -0.03544515
v 0.0547109209 0.0226537492 -0.0354353711
v 0.0549465418 0.0210712496 -0.0357301198
v 0.0540326796 0.0224341098 -0.0353819095
v 0.0542483293 0.0204864703 -0.0357301198
v 0.0533501506 0.02223235 -0.0353208706
v 0.0538794287 0.0223888103 -0.0353682004
v 0.0519726202 0.0218830109 -0.0351760909
v 0.0535701513 0.0198785607 -0.0357301198
v 0.0526635014 0.0220485907 -0.0352522694
v 0.0528502986 0.0220986009 -0.0352709182
v 0.0514185987 0.0217640903 -0.0351098701
v 0.0510345586 0.0211422406 -0.0351508819
v 0.0507408306 0.0216352902 -0.0350226685
v 0.0492798612 0.0214209501 -0.0348115489
v 0.0493863188 0.0214325693 -0.0348283611
v 0.0503361784 0.0204259697 -0.0351508819
v 0.0500633717 0.0215248391 -0.0349288508
v 0.0505716801 0.0216076896 -0.0349992514
v 0.0487097502 0.0213585999 -0.0347213708
v 0.0496622287 0.0196866896 -0.0351508819
v 0.0480335914 0.0213027503 -0.0346078202
v 0.0466828905 0.0212458298 -0.0343611203
v 0.047357969 0.0212651398 -0.0344877206
v 0.0469637513 0.0206127092 -0.0345174596
v 0.0475249216 0.02127444 -0.0345174
v 0.0478391014 0.0212919693 -0.0345732495
v 0.044661101 0.0212983992 -0.0339420401
v 0.0453344509 0.0212623402 -0.0340883099
v 0.0462854505 0.0197600704 -0.0345174596
v 0.0460084006 0.0212448798 -0.0342280194
v 0.0461939499 0.0212451201 -0.0342646204
v 0.0434886813 0.0204233509 -0.0338300988
v 0.0441679917 0.0213386398 -0.03382992
v 0.0442364216 0.0213330891 -0.0338454805
v 0.0420442782 0.0216204505 -0.0333080813
v 0.0426922999 0.0215131603 -0.0334749818
v 0.0433452688 0.0214236304 -0.0336365104
v 0.0439883396 0.0213533007 -0.0337890908
v 0.0407631882 0.0218880102 -0.0329581983
v 0.0412324592 0.0217831098 -0.0330888592
v 0.0406328402 0.0209112093 -0.0330891013
v 0.0414012 0.0217454396 -0.0331358314
v 0.0417306982 0.0216814205 -0.0332240984
v 0.0388802215 0.0224214103 -0.0323934518
v 0.0395026207 0.0222259704 -0.0325870514
v 0.0401303098 0.0220481697 -0.0327752791
v 0.0384600684 0.0223597195 -0.0322947502
v 0.0385729 0.0225275699 -0.0322943889
v 0.0364454314 0.0233811103 -0.0315654203
v 0.0370455906 0.0231143795 -0.0317805409
v 0.0377278291 0.0212203804 -0.0322947502
v 0.0361497886 0.0235173702 -0.0314571783
v 0.0355218016 0.0225862805 -0.031447351
v 0.0376516506 0.0228655301 -0.0319902301
v 0.0377648994 0.0228227302 -0.0320280716
v 0.0382632017 0.0226345602 -0.0321945511
v 0.0337474309 0.0246011 -0.0305454694
v 0.0347364508 0.0241605602 -0.0309284907
v 0.0361230895 0.0235295203 -0.0314472318
v 0.0316346213 0.0255241301 -0.0297026597
v 0.0330390893 0.0249149706 -0.0302688405
v 0.0333309099 0.0239428207 -0.0305473208
v 0.0333257914 0.0247889701 -0.0303821508
v 0.0294617396 0.0264388304 -0.0287903491
v 0.0302337408 0.0261177402 -0.0291194897
v 0.0311560594 0.0252894703 -0.02959501
v 0.0313728414 0.0256350599 -0.0295937005
v 0.0292688608 0.0265184008 -0.0287072007
v 0.0292555001 0.02646631 -0.0287136398
v 0.0291253906 0.0259567406 -0.0287763998
v 0.0303295199 0.0239031296 -0.02959501
v 0.02882999 0.0247637592 -0.0289168302
v 0.0288006607 0.0246453192 -0.0289307795
v 0.0295500699 0.0224897191 -0.02959501
v 0.0284909606 0.0233364105 -0.0290750805
v 0.0283486191 0.0200655404 -0.0295938794
v 0.0283486191 0.0212896392 -0.0293842498
v 0.0288184807 0.0210509803 -0.02959501
v 0.0283486191 0.022713 -0.0291405302
v 0.0284328405 0.0230819508 -0.0291017797
v 0.0283486191 0.0200580303 -0.02959501
v 0.0311178509 0.0199300591 -0.0305473208
v 0.0304713808 0.0185454395 -0.0305473208
v 0.0283486191 0.0194994193 -0.0296785198
v 0.0298718195 0.0171399098 -0.0305473208
v 0.0283486191 0.0177633706 -0.0299380999
v 0.0283486191 0.0144296195 -0.0303654
v 0.0283486191 0.0147447502 -0.0303318501
v 0.0293198209 0.0157149993 -0.0305473208
v 0.0283486191 0.01608002 -0.0301610809
v 0.0283486191 0.0174090806 -0.0299910903
v 0.0288159791 0.0142723303 -0.0305473208
v 0.0283671003 0.0128159504 -0.0305433795
v 0.0283486191 0.0128220301 -0.0305364691
v 0.0283486191 0.0112435203 -0.0306866709
v 0.0283486191 0.0120738102 -0.0306161009
v 0.0308333598 0.0120875798 -0.031447351
v 0.0283486191 0.0127201602 -0.0305473208
v 0.0283486191 0.00939744711 -0.0308436695
v 0.0283486191 0.00968968775 -0.0308188107
v 0.0301145893 0.009296 -0.031447351
v 0.0304505192 0.0106978398 -0.031447351
v 0.0283486191 0.00816363003 -0.0309222303
v 0.0298259798 0.00788366701 -0.031447351
v 0.0283486191 0.00671684695 -0.0310144406
v 0.0295849405 0.00646245386 -0.031447351
v 0.0283486191 0.00665110303 -0.0310172401
v 0.02939176 0.00503390981 -0.031447351
v 0.0283486191 0.00515955593 -0.0310805403
v 0.0283486191 0.00403326703 -0.0311283991
v 0.02924674 0.00359970308 -0.031447351
v 0.0283486191 0.003676116 -0.0311359707
v 0.0291499402 0.002161443 -0.031447351
v 0.0283486191 0.00220274902 -0.0311672594
v 0.0283486191 0.00134783902 -0.0311853793
v 0.0291014891 0.000720761018 -0.031447351
v 0.0283486191 0.000733655004 -0.0311854407
v 0.0291014891 -0.000720761018 -0.031447351
v 0.0283486191 -0.000733651977 -0.0311855003
v 0.0283486191 -0.00133812404 -0.0311855003
v 0.0283486191 -0.00515955593 -0.0310805403
v 0.0283486191 -0.00402355101 -0.0311287008
v 0.0283486191 -0.003676116 -0.0311360303
v 0.0283486191 -0.00670713093 -0.0310149696
v 0.0283486191 -0.00665104296 -0.0310173593
v 0.0295849405 -0.00646245386 -0.031447351
v 0.02939176 -0.00503390981 -0.031447351
v 0.0283486191 -0.00816363003 -0.0309222899
v 0.0298259798 -0.00788366701 -0.031447351
v 0.0283486191 -0.00938773062 -0.0308443904
v 0.0301145893 -0.009296 -0.031447351
v 0.0283486191 -0.00968974829 -0.0308187008
v 0.0304505192 -0.0106978398 -0.031447351
v 0.0283486191 -0.0112435203 -0.0306867305
v 0.0283486191 -0.01206409 -0.0306169894
v 0.0308333598 -0.0120875798 -0.031447351
v 0.0283486191 -0.0127196303 -0.0305473208
v 0.0283671599 -0.0128159504 -0.0305433795
v 0.0283486191 -0.0128220897 -0.0305364095
v 0.0288159791 -0.0142723303 -0.0305473208
v 0.0283486191 -0.0144295003 -0.0303654596
v 0.0283486191 -0.0147350403 -0.0303329807
v 0.0293198209 -0.0157149993 -0.0305473208
v 0.0295176506 -0.0162263494 -0.0305427294
v 0.03084266 -0.0162263494 -0.0309880897
v 0.0317379795 -0.0148246204 -0.031447351
v 0.0320861898 -0.0162263494 -0.0313792191
v 0.0322586782 -0.0161687694 -0.031447351
v 0.0322887786 -0.0162263494 -0.0314429402
v 0.0346620604 -0.0151909497 -0.0322947502
v 0.0351065882 -0.0162263494 -0.0322911702
v 0.0333263204 -0.0162263494 -0.0317692682
v 0.0379767418 -0.0162263494 -0.0330870114
v 0.0358248316 -0.0162263494 -0.0325016901
v 0.0375779197 -0.0153719103 -0.0330891013
v 0.0356565118 -0.0162263494 -0.0324523412
v 0.0370809399 -0.0142068202 -0.0330891013
v 0.0325484201 0.0226303302 -0.0305473208
v 0.0318104587 0.0212922003 -0.0305473208
v 0.0312626883 -0.0134636704 -0.031447351
v 0.0347836614 0.0213481095 -0.031447351
v 0.0340874717 0.0200858694 -0.031447351
v 0.0334341489 0.0188009106 -0.031447351
v 0.0328242704 0.0174947307 -0.031447351
v 0.0322586782 0.0161687694 -0.031447351
v 0.0317379795 0.0148246204 -0.031447351
v 0.0312626883 0.0134636704 -0.031447351
v 0.037034329 0.0200570803 -0.0322947502
v 0.0363802314 0.0188711192 -0.0322947502
v 0.035766419 0.0176638905 -0.0322947502
v 0.0351934396 0.0164366905 -0.0322947502
v 0.0346620604 0.0151909497 -0.0322947502
v 0.0341728292 0.0139280502 -0.0322947502
v 0.0337262712 0.01264947 -0.0322947502
v 0.0333229303 0.0113565903 -0.0322947502
v 0.0329632685 0.01005089 -0.0322947502
v 0.0326476581 0.00873380806 -0.0322947502
v 0.0323764607 0.00740688993 -0.0322947502
v 0.0321500301 0.00607162714 -0.0322947502
v 0.0319685303 0.00472950889 -0.0322947502
v 0.0318322107 0.00338202692 -0.0322947502
v 0.0317413211 0.00203073001 -0.0322947502
v 0.0316957794 0.000677171978 -0.0322947502
v 0.0316957794 -0.000677171978 -0.0322947502
v 0.0317413211 -0.00203073001 -0.0322947502
v 0.0318322107 -0.00338202692 -0.0322947502
v 0.0319685303 -0.00472950889 -0.0322947502
v 0.0321500301 -0.00607162714 -0.0322947502
v 0.0323764607 -0.00740688993 -0.0322947502
v 0.0326476581 -0.00873380806 -0.0322947502
v 0.0329632685 -0.01005089 -0.0322947502
v 0.0333229303 -0.0113565903 -0.0322947502
v 0.0337262712 -0.01264947 -0.0322947502
v 0.0341728292 -0.0139280502 -0.0322947502
v 0.0399480984 0.0198456608 -0.0330891013
v 0.0392994806 0.0187577009 -0.0330891013
v 0.0386878215 0.0176486298 -0.0330891013
v 0.0381137095 0.0165195409 -0.0330891013
v 0.0375779197 0.0153719103 -0.0330891013
v 0.0370809399 0.0142068202 -0.0330891013
v 0.0366233513 0.0130257597 -0.0330891013
v 0.0362057611 0.0118299704 -0.0330891013
v 0.0358285308 0.0106208902 -0.0330891013
v 0.0354921818 0.00939971209 -0.0330891013
v 0.0351970084 0.0081679821 -0.0330891013
v 0.0349434018 0.006927073 -0.0330891013
v 0.0347316191 0.00567829609 -0.0330891013
v 0.0345618688 0.00442308094 -0.0330891013
v 0.0344344303 0.00316292001 -0.0330891013
v 0.0343493782 0.00189918198 -0.0330891013
v 0.0343068205 0.000633303018 -0.0330891013
v 0.0343068205 -0.000633303018 -0.0330891013
v 0.0343493782 -0.00189918198 -0.0330891013
v 0.0344344303 -0.00316292001 -0.0330891013
v 0.0345618688 -0.00442308094 -0.0330891013
v 0.0347316191 -0.00567829609 -0.0330891013
v 0.0349434018 -0.006927073 -0.0330891013
v 0.0351970084 -0.0081679821 -0.0330891013
v 0.0354921818 -0.00939971209 -0.0330891013
v 0.0358285308 -0.0106208902 -0.0330891013
v 0.0362057611 -0.0118299704 -0.0330891013
v 0.0366233513 -0.0130257597 -0.0330891013
v 0.0428186618 0.0194540005 -0.0338300988
v 0.0421816111 0.0184627101 -0.0338300988
v 0.0415782295 0.0174505692 -0.0338300988
v 0.0410091802 0.0164187495 -0.0338300988
v 0.0404750705 0.0153684001 -0.0338300988
v 0.0399765894 0.0143007003 -0.0338300988
v 0.0395142399 0.0132168503 -0.0338300988
v 0.0390885994 0.0121181002 -0.0338300988
v 0.0387001 0.01100564 -0.0338300988
v 0.0383491516 0.00988072064 -0.0338300988
v 0.0380362198 0.00874471571 -0.0338300988
v 0.0377616212 0.00759881688 -0.0338300988
v 0.0375256501 0.00644433405 -0.0338300988
v 0.0373286605 0.00528257992 -0.0338300988
v 0.0371707603 0.00411486579 -0.0338300988
v 0.0370521508 0.00294250203 -0.0338300988
v 0.0369730517 0.00176679995 -0.0338300988
v 0.0369334817 0.000589171017 -0.0338300988
v 0.0369334817 -0.000589171017 -0.0338300988
v 0.0369730517 -0.00176679995 -0.0338300988
v 0.0370521508 -0.00294250203 -0.0338300988
v 0.0371707603 -0.00411486579 -0.0338300988
v 0.0373286605 -0.00528257992 -0.0338300988
v 0.0375256501 -0.00644433405 -0.0338300988
v 0.0377616212 -0.00759881688 -0.0338300988
v 0.0380362198 -0.00874471571 -0.0338300988
v 0.0383491516 -0.00988072064 -0.0338300988
v 0.0387001 -0.01100564 -0.0338300988
v 0.0390885994 -0.0121181002 -0.0338300988
v 0.0395142399 -0.0132168503 -0.0338300988
v 0.04563611 0.0188850705 -0.0345174596
v 0.0450165793 0.0179887395 -0.0345174596
v 0.0444275104 0.0170721393 -0.0345174596
v 0.0438695513 0.0161362197 -0.0345174596
v 0.0433433615 0.01518213 -0.0345174596
v 0.0428495407 0.0142108696 -0.0345174596
v 0.0423886105 0.0132235801 -0.0345174596
v 0.0419610702 0.0122213298 -0.0345174596
v 0.0415674411 0.01120531 -0.0345174596
v 0.0412082002 0.0101766502 -0.0345174596
v 0.0408837087 0.00913649704 -0.0345174596
v 0.0405943282 0.00808608532 -0.0345174596
v 0.0403404199 0.00702649308 -0.0345174596
v 0.0401222706 0.0059589739 -0.0345174596
v 0.0399400517 0.00488471892 -0.0345174596
v 0.03979408 0.0038049221 -0.0345174596
v 0.0396844111 0.00272089196 -0.0345174596
v 0.0396112688 0.00163376296 -0.0345174596
v 0.039574679 0.00054479501 -0.0345174596
v 0.039574679 -0.00054479501 -0.0345174596
v 0.0396112688 -0.00163376296 -0.0345174596
v 0.0396844111 -0.00272089196 -0.0345174596
v 0.03979408 -0.0038049221 -0.0345174596
v 0.0399400517 -0.00488471892 -0.0345174596
v 0.0401222706 -0.0059589739 -0.0345174596
v 0.0403404199 -0.00702649308 -0.0345174596
v 0.0405943282 -0.00808608532 -0.0345174596
v 0.0408837087 -0.00913649704 -0.0345174596
v 0.0412082002 -0.0101766502 -0.0345174596
v 0.0415674411 -0.01120531 -0.0345174596
v 0.0419610702 -0.0122213298 -0.0345174596
v 0.0423886105 -0.0132235801 -0.0345174596
v 0.0490134917 0.0189251807 -0.0351508819
v 0.0483906791 0.0181422792 -0.0351508819
v 0.0477945209 0.0173389297 -0.0351508819
v 0.04722571 0.0165160205 -0.0351508819
v 0.0466848612 0.0156744104 -0.0351508819
v 0.0461726114 0.0148151498 -0.0351508819
v 0.0456894599 0.0139391404 -0.0351508819
v 0.0452360511 0.0130473897 -0.0351508819
v 0.0448128507 0.01214098 -0.0351508819
v 0.0444203615 0.01122081 -0.0351508819
v 0.0440589711 0.0102879396 -0.0351508819
v 0.043729119 0.00934350397 -0.0351508819
v 0.0434312187 0.00838851929 -0.0351508819
v 0.0431655012 0.00742405606 -0.0351508819
v 0.0429323912 0.00645118905 -0.0351508819
v 0.0427320488 0.00547110988 -0.0351508819
v 0.0425647981 0.00448477222 -0.0351508819
v 0.042430751 0.003493428 -0.0351508819
v 0.0423300788 0.00249809003 -0.0351508819
v 0.0422629118 0.00150001002 -0.0351508819
v 0.0422292911 0.000500192982 -0.0351508819
v 0.0422292911 -0.000500192982 -0.0351508819
v 0.0422629118 -0.00150001002 -0.0351508819
v 0.0423300788 -0.00249809003 -0.0351508819
v 0.042430751 -0.003493428 -0.0351508819
v 0.0425647981 -0.00448477222 -0.0351508819
v 0.0427320488 -0.00547110988 -0.0351508819
v 0.0429323912 -0.00645118905 -0.0351508819
v 0.0431655012 -0.00742405606 -0.0351508819
v 0.0434312187 -0.00838851929 -0.0351508819
v 0.043729119 -0.00934350397 -0.0351508819
v 0.0440589711 -0.0102879396 -0.0351508819
v 0.0444203615 -0.01122081 -0.0351508819
v 0.0448128507 -0.01214098 -0.0351508819
v 0.0452360511 -0.0130473897 -0.0351508819
v 0.0456894599 -0.0139391404 -0.0351508819
v 0.0529127717 0.0192481801 -0.0357301198
v 0.0522768982 0.0185961109 -0.0357301198
v 0.0516633317 0.0179230496 -0.0357301198
v 0.0510727093 0.0172297899 -0.0357301198
v 0.0505056903 0.0165170394 -0.0357301198
v 0.0499629304 0.0157856308 -0.0357301198
v 0.049445089 0.0150364004 -0.0357301198
v 0.0489526913 0.0142702404 -0.0357301198
v 0.0484863482 0.0134879304 -0.0357301198
v 0.0480464585 0.0126904203 -0.0357301198
v 0.0476337001 0.0118785501 -0.0357301198
v 0.0472484194 0.01105332 -0.0357301198
v 0.0468910299 0.0102155805 -0.0357301198
v 0.0465620086 0.00936633255 -0.0357301198
v 0.0462617204 0.00850647595 -0.0357301198
v 0.0459905192 0.00763702299 -0.0357301198
v 0.045748651 0.00675898697 -0.0357301198
v 0.0455363914 0.00587326195 -0.0357301198
v 0.0453540012 0.00498098088 -0.0357301198
v 0.0452017114 0.00408303691 -0.0357301198
v 0.0450797006 0.00318044401 -0.0357301198
v 0.0449880287 0.00227433397 -0.0357301198
v 0.0449268818 0.00136560202 -0.0357301198
v 0.0448963009 0.000455383997 -0.0357301198
v 0.0448963009 -0.000455383997 -0.0357301198
v 0.0449268818 -0.00136560202 -0.0357301198
v 0.0449880287 -0.00227433397 -0.0357301198
v 0.0450797006 -0.00318044401 -0.0357301198
v 0.0452017114 -0.00408303691 -0.0357301198
v 0.0453540012 -0.00498098088 -0.0357301198
v 0.0455363914 -0.00587326195 -0.0357301198
v 0.045748651 -0.00675898697 -0.0357301198
v 0.0459905192 -0.00763702299 -0.0357301198
v 0.0462617204 -0.00850647595 -0.0357301198
v 0.0465620086 -0.00936633255 -0.0357301198
v 0.0468910299 -0.0102155805 -0.0357301198
v 0.0472484194 -0.01105332 -0.0357301198
v 0.0476337001 -0.0118785501 -0.0357301198
v 0.0480464585 -0.0126904203 -0.0357301198
v 0.0484863482 -0.0134879304 -0.0357301198
v 0.0489526913 -0.0142702404 -0.0357301198
v 0.049445089 -0.0150364004 -0.0357301198
v 0.0499629304 -0.0157856308 -0.0357301198
v 0.0629842207 -0.0227042995 -0.0362549387
v 0.0637519881 -0.0229943898 -0.0362549387
v 0.0645291209 -0.0232584402 -0.0362549387
v 0.0653147101 -0.0234963205 -0.0362549387
v 0.0661078021 -0.0237076208 -0.0362549387
v 0.0669075176 -0.0238922201 -0.0362549387
v 0.0677130222 -0.0240497496 -0.0362549387
v 0.0685233995 -0.0241802298 -0.0362549387
v 0.0693376586 -0.0242833402 -0.0362549387
v 0.0701548979 -0.0243590996 -0.0362549387
v 0.0709742904 -0.0244073197 -0.0362549387
v 0.0717948005 -0.0244280007 -0.0362549387
v 0.0726154968 -0.0244210903 -0.0362549387
v 0.0734355375 -0.0243866406 -0.0362549387
v 0.0742539689 -0.0243246499 -0.0362549387
v 0.0750698969 -0.0242351796 -0.0362549387
v 0.0758823082 -0.0241184197 -0.0362549387
v 0.0766903087 -0.0239743497 -0.0362549387
v 0.0774930716 -0.02380329 -0.0362549387
v 0.0782896206 -0.0236052796 -0.0362549387
v 0.0790790319 -0.0233806893 -0.0362549387
v 0.079860501 -0.0231296998 -0.0362549387
v 0.0806330368 -0.02285254 -0.0362549387
v 0.081395857 -0.0225496199 -0.0362549387
v 0.0821481273 -0.0222212598 -0.0362549387
v 0.0828889012 -0.0218678098 -0.0362549387
v 0.0836173221 -0.0214896705 -0.0362549387
v 0.0843326971 -0.0210872795 -0.0362549387
v 0.085034132 -0.0206611101 -0.0362549387
v 0.0857208893 -0.02021157 -0.0362549387
v 0.0863920972 -0.0197392106 -0.0362549387
v 0.0870471001 -0.0192446094 -0.0362549387
v 0.0876851007 -0.0187282506 -0.0362549387
v 0.0883054137 -0.0181907397 -0.0362549387
v 0.0889073014 -0.0176327191 -0.0362549387
v 0.0894901082 -0.0170547906 -0.0362549387
v 0.0900531411 -0.0164576098 -0.0362549387
v 0.0905958414 -0.0158418398 -0.0362549387
v 0.0911175013 -0.0152081801 -0.0362549387
v 0.0916176364 -0.0145574203 -0.0362549387
v 0.0920956135 -0.0138901398 -0.0362549387
v 0.0925508663 -0.0132072503 -0.0362549387
v 0.0929829404 -0.0125094 -0.0362549387
v 0.0933913514 -0.0117974197 -0.0362549387
v 0.0937755704 -0.0110721504 -0.0362549387
v 0.094135277 -0.0103344303 -0.0362549387
v 0.0944699571 -0.00958496332 -0.0362549387
v 0.094779253 -0.00882470608 -0.0362549387
v 0.0950628519 -0.00805449393 -0.0362549387
v 0.0953204036 -0.00727516413 -0.0362549387
v 0.0955516621 -0.00648766709 -0.0362549387
v 0.0957562923 -0.00569278002 -0.0362549387
v 0.0959341526 -0.00489151385 -0.0362549387
v 0.0960849524 -0.00408476498 -0.0362549387
v 0.0962085724 -0.00327330804 -0.0362549387
v 0.0963048935 -0.00245821406 -0.0362549387
v 0.0963737294 -0.00164037896 -0.0362549387
v 0.0964151025 -0.000820655026 -0.0362549387
v 0.0964288712 0 -0.0362549387
v 0.0964151025 0.000820655026 -0.0362549387
v 0.0963737294 0.00164037896 -0.0362549387
v 0.0963048935 0.00245821406 -0.0362549387
v 0.0962085724 0.00327330804 -0.0362549387
v 0.0960849524 0.00408476498 -0.0362549387
v 0.0959341526 0.00489151385 -0.0362549387
v 0.0957562923 0.00569278002 -0.0362549387
v 0.0955516621 0.00648766709 -0.0362549387
v 0.0953204036 0.00727516413 -0.0362549387
v 0.0950628519 0.00805449393 -0.0362549387
v 0.094779253 0.00882470608 -0.0362549387
v 0.0944699571 0.00958496332 -0.0362549387
v 0.094135277 0.0103344303 -0.0362549387
v 0.0937755704 0.0110721504 -0.0362549387
v 0.0933913514 0.0117974197 -0.0362549387
v 0.0929829404 0.0125094 -0.0362549387
v 0.0925508663 0.0132072503 -0.0362549387
v 0.0920956135 0.0138901398 -0.0362549387
v 0.0916176364 0.0145574203 -0.0362549387
v 0.0911175013 0.0152081801 -0.0362549387
v 0.0905958414 0.0158418398 -0.0362549387
v 0.0900531411 0.0164576098 -0.0362549387
v 0.0894901082 0.0170547906 -0.0362549387
v 0.0889073014 0.0176327191 -0.0362549387
v 0.0883054137 0.0181907397 -0.0362549387
v 0.0876851007 0.0187282506 -0.0362549387
v 0.0870471001 0.0192446094 -0.0362549387
v 0.0863920972 0.0197392106 -0.0362549387
v 0.0857208893 0.02021157 -0.0362549387
v 0.085034132 0.0206611101 -0.0362549387
v 0.0843326971 0.0210872795 -0.0362549387
v 0.0836173221 0.0214896705 -0.0362549387
v 0.0828889012 0.0218678098 -0.0362549387
v 0.0821481273 0.0222212598 -0.0362549387
v 0.081395857 0.0225496199 -0.0362549387
v 0.0806330368 0.02285254 -0.0362549387
v 0.079860501 0.0231296998 -0.0362549387
v 0.0790790319 0.0233806893 -0.0362549387
v 0.0782896206 0.0236052796 -0.0362549387
v 0.0774930716 0.02380329 -0.0362549387
v 0.0766903087 0.0239743497 -0.0362549387
v 0.0758823082 0.0241184197 -0.0362549387
v 0.0750698969 0.0242351796 -0.0362549387
v 0.0742539689 0.0243246499 -0.0362549387
v 0.0734355375 0.0243866406 -0.0362549387
v 0.0726154968 0.0244210903 -0.0362549387
v 0.0717948005 0.0244280007 -0.0362549387
v 0.0709742904 0.0244073197 -0.0362549387
v 0.0701548979 0.0243590996 -0.0362549387
v 0.0693376586 0.0242833402 -0.0362549387
v 0.0685233995 0.0241802298 -0.0362549387
v 0.0677130222 0.0240497496 -0.0362549387
v 0.0669075176 0.0238922201 -0.0362549387
v 0.0661078021 0.0237076208 -0.0362549387
v 0.0653147101 0.0234963205 -0.0362549387
v 0.0645291209 0.0232584402 -0.0362549387
v 0.0637519881 0.0229943898 -0.0362549387
v 0.0629842207 0.0227042995 -0.0362549387
v 0.0622265898 0.0223886296 -0.0362549387
v 0.0614799783 0.0220476296 -0.0362549387
v 0.0607452318 0.0216818396 -0.0362549387
v 0.0600232407 0.0212914906 -0.0362549387
v 0.0593147203 0.0208771192 -0.0362549387
v 0.0586205684 0.0204392001 -0.0362549387
v 0.0579414889 0.0199782196 -0.0362549387
v 0.0572782718 0.0194946509 -0.0362549387
v 0.0566316806 0.0189890806 -0.0362549387
v 0.0560024306 0.0184621196 -0.0362549387
v 0.0553912483 0.0179142896 -0.0362549387
v 0.0547988415 0.0173461996 -0.0362549387
v 0.0542257987 0.0167585593 -0.0362549387
v 0.0536728501 0.0161520205 -0.0362549387
v 0.0531406403 0.01552724 -0.0362549387
v 0.0526296385 0.0148848798 -0.0362549387
v 0.0521405302 0.01422578 -0.0362549387
v 0.0516738184 0.0135505702 -0.0362549387
v 0.0512301289 0.01286011 -0.0362549387
v 0.0508098006 0.01215511 -0.0362549387
v 0.0504134186 0.0114364 -0.0362549387
v 0.0500414297 0.0107048098 -0.0362549387
v 0.0496941805 0.0099610677 -0.0362549387
v 0.0493721887 0.0092061162 -0.0362549387
v 0.0490756594 0.00844079163 -0.0362549387
v 0.0488050506 0.00766593218 -0.0362549387
v 0.0485606082 0.00688236905 -0.0362549387
v 0.0483426414 0.00609111693 -0.0362549387
v 0.0481513701 0.00529289199 -0.0362549387
v 0.0479870401 0.00448876619 -0.0362549387
v 0.0478497706 0.00367957307 -0.0362549387
v 0.0477398001 0.00286620809 -0.0362549387
v 0.0476571918 0.00204956508 -0.0362549387
v 0.0476021096 0.00123065698 -0.0362549387
v 0.0475745201 0.000410384993 -0.0362549387
v 0.0475745201 -0.000410384993 -0.0362549387
v 0.0476021096 -0.00123065698 -0.0362549387
v 0.0476571918 -0.00204956508 -0.0362549387
v 0.0477398001 -0.00286620809 -0.0362549387
v 0.0478497706 -0.00367957307 -0.0362549387
v 0.0479870401 -0.00448876619 -0.0362549387
v 0.0481513701 -0.00529289199 -0.0362549387
v 0.0483426414 -0.00609111693 -0.0362549387
v 0.0485606082 -0.00688236905 -0.0362549387
v 0.0488050506 -0.00766593218 -0.0362549387
v 0.0490756594 -0.00844079163 -0.0362549387
v 0.0493721887 -0.0092061162 -0.0362549387
v 0.0496941805 -0.0099610677 -0.0362549387
v 0.0500414297 -0.0107048098 -0.0362549387
v 0.0504134186 -0.0114364 -0.0362549387
v 0.0508098006 -0.01215511 -0.0362549387
v 0.0512301289 -0.01286011 -0.0362549387
v 0.0516738184 -0.0135505702 -0.0362549387
v 0.0521405302 -0.01422578 -0.0362549387
v 0.0526296385 -0.0148848798 -0.0362549387
v 0.0531406403 -0.01552724 -0.0362549387
v 0.0536728501 -0.0161520205 -0.0362549387
v 0.0542257987 -0.0167585593 -0.0362549387
v 0.0547988415 -0.0173461996 -0.0362549387
v 0.0553912483 -0.0179142896 -0.0362549387
v 0.0560024306 -0.0184621196 -0.0362549387
v 0.0566316806 -0.0189890806 -0.0362549387
v 0.0572782718 -0.0194946509 -0.0362549387
v 0.0579414889 -0.0199782196 -0.0362549387
v 0.0586205684 -0.0204392001 -0.0362549387
v 0.0593147203 -0.0208771192 -0.0362549387
v 0.0600232407 -0.0212914906 -0.0362549387
v 0.0607452318 -0.0216818396 -0.0362549387
v 0.0614799783 -0.0220476296 -0.0362549387
v 0.0622265898 -0.0223886296 -0.0362549387
v 0.0639765188 -0.0202053692 -0.0367250405
v 0.0646598265 -0.0204635207 -0.0367250405
v 0.0653514192 -0.0206985399 -0.0367250405
v 0.066050522 -0.0209101997 -0.0367250405
v 0.0667563006 -0.0210982505 -0.0367250405
v 0.0674680397 -0.0212625209 -0.0367250405
v 0.0681849122 -0.0214027707 -0.0367250405
v 0.0689060017 -0.0215188209 -0.0367250405
v 0.0696306825 -0.0216106102 -0.0367250405
v 0.0703579709 -0.0216780305 -0.0367250405
v 0.0710871816 -0.0217209402 -0.0367250405
v 0.071817331 -0.0217393599 -0.0367250405
v 0.0725477934 -0.0217332207 -0.0367250405
v 0.0732775927 -0.0217025802 -0.0367250405
v 0.0740059018 -0.02164739 -0.0367250405
v 0.0747319981 -0.0215678196 -0.0367250405
v 0.0754550025 -0.0214638095 -0.0367250405
v 0.0761740804 -0.0213356595 -0.0367250405
v 0.0768885016 -0.0211833697 -0.0367250405
v 0.0775973201 -0.0210072305 -0.0367250405
v 0.07829988 -0.0208073203 -0.0367250405
v 0.0789953396 -0.0205839202 -0.0367250405
v 0.0796828791 -0.0203373395 -0.0367250405
v 0.0803617164 -0.0200677495 -0.0367250405
v 0.0810311437 -0.0197755005 -0.0367250405
v 0.0816904306 -0.0194609705 -0.0367250405
v 0.0823386908 -0.0191244408 -0.0367250405
v 0.0829753205 -0.0187663399 -0.0367250405
v 0.08359956 -0.0183870103 -0.0367250405
v 0.0842106864 -0.0179870091 -0.0367250405
v 0.0848080516 -0.0175666194 -0.0367250405
v 0.0853909776 -0.0171264391 -0.0367250405
v 0.0859587118 -0.0166669395 -0.0367250405
v 0.08651077 -0.0161886197 -0.0367250405
v 0.0870463774 -0.01569199 -0.0367250405
v 0.087565057 -0.0151776597 -0.0367250405
v 0.0880661607 -0.0146462303 -0.0367250405
v 0.0885490701 -0.0140982196 -0.0367250405
v 0.0890133902 -0.0135343 -0.0367250405
v 0.0894584581 -0.0129551198 -0.0367250405
v 0.0898837969 -0.0123613402 -0.0367250405
v 0.0902889892 -0.0117536103 -0.0367250405
v 0.0906734988 -0.0111325299 -0.0367250405
v 0.0910369083 -0.0104989996 -0.0367250405
v 0.0913788602 -0.00985354092 -0.0367250405
v 0.0916989371 -0.00919693708 -0.0367250405
v 0.0919967815 -0.00853001978 -0.0367250405
v 0.0922721028 -0.00785344839 -0.0367250405
v 0.0925244614 -0.00716799404 -0.0367250405
v 0.0927536413 -0.00647443486 -0.0367250405
v 0.0929594636 -0.00577360298 -0.0367250405
v 0.0931416079 -0.00506621506 -0.0367250405
v 0.0932998583 -0.00435316516 -0.0367250405
v 0.0934340879 -0.00363516808 -0.0367250405
v 0.0935440585 -0.00291305711 -0.0367250405
v 0.09362977 -0.00218766904 -0.0367250405
v 0.093691051 -0.00145977701 -0.0367250405
v 0.0937278792 -0.000730330008 -0.0367250405
v 0.0937401578 0 -0.0367250405
v 0.0937278792 0.000730330008 -0.0367250405
v 0.093691051 0.00145977701 -0.0367250405
v 0.09362977 0.00218766904 -0.0367250405
v 0.0935440585 0.00291305711 -0.0367250405
v 0.0934340879 0.00363516808 -0.0367250405
v 0.0932998583 0.00435316516 -0.0367250405
v 0.0931416079 0.00506621506 -0.0367250405
v 0.0929594636 0.00577360298 -0.0367250405
v 0.0927536413 0.00647443486 -0.0367250405
v 0.0925244614 0.00716799404 -0.0367250405
v 0.0922721028 0.00785344839 -0.0367250405
v 0.0919967815 0.00853001978 -0.0367250405
v 0.0916989371 0.00919693708 -0.0367250405
v 0.0913788602 0.00985354092 -0.0367250405
v 0.0910369083 0.0104989996 -0.0367250405
v 0.0906734988 0.0111325299 -0.0367250405
v 0.0902889892 0.0117536103 -0.0367250405
v 0.0898837969 0.0123613402 -0.0367250405
v 0.0894584581 0.0129551198 -0.0367250405
v 0.0890133902 0.0135343 -0.0367250405
v 0.0885490701 0.0140982196 -0.0367250405
v 0.0880661607 0.0146462303 -0.0367250405
v 0.087565057 0.0151776597 -0.0367250405
v 0.0870463774 0.01569199 -0.0367250405
v 0.08651077 0.0161886197 -0.0367250405
v 0.0859587118 0.0166669395 -0.0367250405
v 0.0853909776 0.0171264391 -0.0367250405
v 0.0848080516 0.0175666194 -0.0367250405
v 0.0842106864 0.0179870091 -0.0367250405
v 0.08359956 0.0183870103 -0.0367250405
v 0.0829753205 0.0187663399 -0.0367250405
v 0.0823386908 0.0191244408 -0.0367250405
v 0.0816904306 0.0194609705 -0.0367250405
v 0.0810311437 0.0197755005 -0.0367250405
v 0.0803617164 0.0200677495 -0.0367250405
v 0.0796828791 0.0203373395 -0.0367250405
v 0.0789953396 0.0205839202 -0.0367250405
v 0.07829988 0.0208073203 -0.0367250405
v 0.0775973201 0.0210072305 -0.0367250405
v 0.0768885016 0.0211833697 -0.0367250405
v 0.0761740804 0.0213356595 -0.0367250405
v 0.0754550025 0.0214638095 -0.0367250405
v 0.0747319981 0.0215678196 -0.0367250405
v 0.0740059018 0.02164739 -0.0367250405
v 0.0732775927 0.0217025802 -0.0367250405
v 0.0725477934 0.0217332207 -0.0367250405
v 0.071817331 0.0217393599 -0.0367250405
v 0.0710871816 0.0217209402 -0.0367250405
v 0.0703579709 0.0216780305 -0.0367250405
v 0.0696306825 0.0216106102 -0.0367250405
v 0.0689060017 0.0215188209 -0.0367250405
v 0.0681849122 0.0214027707 -0.0367250405
v 0.0674680397 0.0212625209 -0.0367250405
v 0.0667563006 0.0210982505 -0.0367250405
v 0.066050522 0.0209101997 -0.0367250405
v 0.0653514192 0.0206985399 -0.0367250405
v 0.0646598265 0.0204635207 -0.0367250405
v 0.0639765188 0.0202053692 -0.0367250405
v 0.0633022711 0.01992446 -0.0367250405
v 0.0626378581 0.0196210109 -0.0367250405
v 0.0619839989 0.0192954503 -0.0367250405
v 0.0613414608 0.0189480707 -0.0367250405
v 0.0607108995 0.0185793005 -0.0367250405
v 0.0600931607 0.0181895997 -0.0367250405
v 0.0594888292 0.0177793503 -0.0367250405
v 0.0588986203 0.0173489992 -0.0367250405
v 0.0583232008 0.0168990996 -0.0367250405
v 0.0577632114 0.0164300706 -0.0367250405
v 0.0572192594 0.0159425698 -0.0367250405
v 0.0566920601 0.0154370004 -0.0367250405
v 0.056182079 0.0149140302 -0.0367250405
v 0.0556900501 0.0143742496 -0.0367250405
v 0.0552163683 0.0138182603 -0.0367250405
v 0.0547615811 0.0132465903 -0.0367250405
v 0.0543263517 0.01266002 -0.0367250405
v 0.0539110303 0.0120591503 -0.0367250405
v 0.0535160787 0.0114446804 -0.0367250405
v 0.0531420708 0.01081728 -0.0367250405
v 0.0527893305 0.01017767 -0.0367250405
v 0.0524582788 0.00952661037 -0.0367250405
v 0.0521492884 0.00886469986 -0.0367250405
v 0.0518626496 0.00819289591 -0.0367250405
v 0.0515987799 0.00751173403 -0.0367250405
v 0.0513579808 0.0068221679 -0.0367250405
v 0.0511404201 0.00612485409 -0.0367250405
v 0.0509464704 0.00542068388 -0.0367250405
v 0.0507762395 0.0047103758 -0.0367250405
v 0.0506299697 0.00399470283 -0.0367250405
v 0.0505078398 0.00327455904 -0.0367250405
v 0.0504099689 0.00255072094 -0.0367250405
v 0.0503364801 0.00182402099 -0.0367250405
v 0.0502874218 0.001095235 -0.0367250405
v 0.050262861 0.000365217013 -0.0367250405
v 0.050262861 -0.000365217013 -0.0367250405
v 0.0502874218 -0.001095235 -0.0367250405
v 0.0503364801 -0.00182402099 -0.0367250405
v 0.0504099689 -0.00255072094 -0.0367250405
v 0.0505078398 -0.00327455904 -0.0367250405
v 0.0506299697 -0.00399470283 -0.0367250405
v 0.0507762395 -0.0047103758 -0.0367250405
v 0.0509464704 -0.00542068388 -0.0367250405
v 0.0511404201 -0.00612485409 -0.0367250405
v 0.0513579808 -0.0068221679 -0.0367250405
v 0.0515987799 -0.00751173403 -0.0367250405
v 0.0518626496 -0.00819289591 -0.0367250405
v 0.0521492884 -0.00886469986 -0.0367250405
v 0.0524582788 -0.00952661037 -0.0367250405
v 0.0527893305 -0.01017767 -0.0367250405
v 0.0531420708 -0.01081728 -0.0367250405
v 0.0535160787 -0.0114446804 -0.0367250405
v 0.0539110303 -0.0120591503 -0.0367250405
v 0.0543263517 -0.01266002 -0.0367250405
v 0.0547615811 -0.0132465903 -0.0367250405
v 0.0552163683 -0.0138182603 -0.0367250405
v 0.0556900501 -0.0143742496 -0.0367250405
v 0.056182079 -0.0149140302 -0.0367250405
v 0.0566920601 -0.0154370004 -0.0367250405
v 0.0572192594 -0.0159425698 -0.0367250405
v 0.0577632114 -0.0164300706 -0.0367250405
v 0.0583232008 -0.0168990996 -0.0367250405
v 0.0588986203 -0.0173489992 -0.0367250405
v 0.0594888292 -0.0177793503 -0.0367250405
v 0.0600931607 -0.0181895997 -0.0367250405
v 0.0607108995 -0.0185793005 -0.0367250405
v 0.0613414608 -0.0189480707 -0.0367250405
v 0.0619839989 -0.0192954503 -0.0367250405
v 0.0626378581 -0.0196210109 -0.0367250405
v 0.0633022711 -0.01992446 -0.0367250405
v 0.0649721622 -0.0176980998 -0.0371403582
v 0.0655706525 -0.0179241803 -0.0371403582
v 0.066176407 -0.0181300603 -0.0371403582
v 0.0667887926 -0.0183154307 -0.0371403582
v 0.067407012 -0.0184801798 -0.0371403582
v 0.0680304095 -0.0186240599 -0.0371403582
v 0.0686582923 -0.0187468491 -0.0371403582
v 0.0692899823 -0.0188485291 -0.0371403582
v 0.0699247122 -0.0189289395 -0.0371403582
v 0.0705617592 -0.0189880095 -0.0371403582
v 0.0712004304 -0.0190255605 -0.0371403582
v 0.0718400404 -0.0190417096 -0.0371403582
v 0.072479777 -0.0190363508 -0.0371403582
v 0.0731190369 -0.0190094691 -0.0371403582
v 0.0737569928 -0.0189611297 -0.0371403582
v 0.0743929669 -0.0188913904 -0.0371403582
v 0.0750262663 -0.0188003704 -0.0371403582
v 0.0756561086 -0.0186880808 -0.0371403582
v 0.0762818381 -0.0185547397 -0.0371403582
v 0.0769027397 -0.0184004307 -0.0371403582
v 0.0775180981 -0.0182253104 -0.0371403582
v 0.0781272575 -0.0180296805 -0.0371403582
v 0.0787295103 -0.0178136192 -0.0371403582
v 0.0793241188 -0.0175775196 -0.0371403582
v 0.0799104497 -0.0173215792 -0.0371403582
v 0.0804878995 -0.0170460306 -0.0371403582
v 0.0810557604 -0.0167512801 -0.0371403582
v 0.0816133618 -0.0164375901 -0.0371403582
v 0.0821601674 -0.0161053501 -0.0371403582
v 0.0826954767 -0.0157549903 -0.0371403582
v 0.0832186863 -0.0153867602 -0.0371403582
v 0.0837292597 -0.0150012299 -0.0371403582
v 0.0842266008 -0.0145987198 -0.0371403582
v 0.0847101212 -0.0141797597 -0.0371403582
v 0.0851792619 -0.0137447696 -0.0371403582
v 0.0856335685 -0.0132942703 -0.0371403582
v 0.0860724971 -0.0128287598 -0.0371403582
v 0.0864955112 -0.0123487702 -0.0371403582
v 0.0869021416 -0.01185482 -0.0371403582
v 0.0872920081 -0.0113475304 -0.0371403582
v 0.0876645967 -0.0108274203 -0.0371403582
v 0.0880194902 -0.0102950903 -0.0371403582
v 0.088356249 -0.00975108054 -0.0371403582
v 0.0886745974 -0.00919616222 -0.0371403582
v 0.0889741108 -0.00863081217 -0.0371403582
v 0.089254491 -0.00805568602 -0.0371403582
v 0.0895153806 -0.0074715009 -0.0371403582
v 0.0897564813 -0.00687885191 -0.0371403582
v 0.0899775624 -0.00627851393 -0.0371403582
v 0.0901783109 -0.00567102386 -0.0371403582
v 0.0903585479 -0.00505715609 -0.0371403582
v 0.0905181095 -0.00443756487 -0.0371403582
v 0.0906567499 -0.00381296803 -0.0371403582
v 0.0907742903 -0.00318407989 -0.0371403582
v 0.090870671 -0.00255155494 -0.0371403582
v 0.0909457207 -0.00191617 -0.0371403582
v 0.090999417 -0.00127863802 -0.0371403582
v 0.091031611 -0.000639703008 -0.0371403582
v 0.091042392 0 -0.0371403582
v 0.091031611 0.000639703008 -0.0371403582
v 0.090999417 0.00127863802 -0.0371403582
v 0.0909457207 0.00191617 -0.0371403582
v 0.090870671 0.00255155494 -0.0371403582
v 0.0907742903 0.00318407989 -0.0371403582
v 0.0906567499 0.00381296803 -0.0371403582
v 0.0905181095 0.00443756487 -0.0371403582
v 0.0903585479 0.00505715609 -0.0371403582
v 0.0901783109 0.00567102386 -0.0371403582
v 0.0899775624 0.00627851393 -0.0371403582
v 0.0897564813 0.00687885191 -0.0371403582
v 0.0895153806 0.0074715009 -0.0371403582
v 0.089254491 0.00805568602 -0.0371403582
v 0.0889741108 0.00863081217 -0.0371403582
v 0.0886745974 0.00919616222 -0.0371403582
v 0.088356249 0.00975108054 -0.0371403582
v 0.0880194902 0.0102950903 -0.0371403582
v 0.0876645967 0.0108274203 -0.0371403582
v 0.0872920081 0.0113475304 -0.0371403582
v 0.0869021416 0.01185482 -0.0371403582
v 0.0864955112 0.0123487702 -0.0371403582
v 0.0860724971 0.0128287598 -0.0371403582
v 0.0856335685 0.0132942703 -0.0371403582
v 0.0851792619 0.0137447696 -0.0371403582
v 0.0847101212 0.0141797597 -0.0371403582
v 0.0842266008 0.0145987198 -0.0371403582
v 0.0837292597 0.0150012299 -0.0371403582
v 0.0832186863 0.0153867602 -0.0371403582
v 0.0826954767 0.0157549903 -0.0371403582
v 0.0821601674 0.0161053501 -0.0371403582
v 0.0816133618 0.0164375901 -0.0371403582
v 0.0810557604 0.0167512801 -0.0371403582
v 0.0804878995 0.0170460306 -0.0371403582
v 0.0799104497 0.0173215792 -0.0371403582
v 0.0793241188 0.0175775196 -0.0371403582
v 0.0787295103 0.0178136192 -0.0371403582
v 0.0781272575 0.0180296805 -0.0371403582
v 0.0775180981 0.0182253104 -0.0371403582
v 0.0769027397 0.0184004307 -0.0371403582
v 0.0762818381 0.0185547397 -0.0371403582
v 0.0756561086 0.0186880808 -0.0371403582
v 0.0750262663 0.0188003704 -0.0371403582
v 0.0743929669 0.0188913904 -0.0371403582
v 0.0737569928 0.0189611297 -0.0371403582
v 0.0731190369 0.0190094691 -0.0371403582
v 0.072479777 0.0190363508 -0.0371403582
v 0.0718400404 0.0190417096 -0.0371403582
v 0.0712004304 0.0190255605 -0.0371403582
v 0.0705617592 0.0189880095 -0.0371403582
v 0.0699247122 0.0189289395 -0.0371403582
v 0.0692899823 0.0188485291 -0.0371403582
v 0.0686582923 0.0187468491 -0.0371403582
v 0.0680304095 0.0186240599 -0.0371403582
v 0.067407012 0.0184801798 -0.0371403582
v 0.0667887926 0.0183154307 -0.0371403582
v 0.066176407 0.0181300603 -0.0371403582
v 0.0655706525 0.0179241803 -0.0371403582
v 0.0649721622 0.0176980998 -0.0371403582
v 0.064381592 0.0174519997 -0.0371403582
v 0.0637996122 0.0171862207 -0.0371403582
v 0.0632268712 0.0169010106 -0.0371403582
v 0.0626640916 0.0165967904 -0.0371403582
v 0.0621117912 0.0162737891 -0.0371403582
v 0.0615707003 0.0159324408 -0.0371403582
v 0.0610413514 0.0155730797 -0.0371403582
v 0.0605243407 0.0151961399 -0.0371403582
v 0.0600203201 0.0148020303 -0.0371403582
v 0.0595298409 0.0143912397 -0.0371403582
v 0.059053421 0.0139642302 -0.0371403582
v 0.0585916005 0.0135214301 -0.0371403582
v 0.0581449792 0.0130633703 -0.0371403582
v 0.0577139184 0.0125905201 -0.0371403582
v 0.0572990105 0.0121034896 -0.0371403582
v 0.0569007285 0.0116028097 -0.0371403582
v 0.0565195009 0.0110890204 -0.0371403582
v 0.0561556816 0.0105627105 -0.0371403582
v 0.0558097884 0.0100244796 -0.0371403582
v 0.0554821417 0.00947493315 -0.0371403582
v 0.0551732108 0.00891470909 -0.0371403582
v 0.0548832417 0.00834441092 -0.0371403582
v 0.0546125695 0.00776469707 -0.0371403582
v 0.0543615185 0.00717621995 -0.0371403582
v 0.0541304313 0.00657963706 -0.0371403582
v 0.0539194308 0.00597560406 -0.0371403582
v 0.0537289307 0.0053648348 -0.0371403582
v 0.0535590015 0.00474804593 -0.0371403582
v 0.0534099303 0.00412583305 -0.0371403582
v 0.0532817803 0.00349903107 -0.0371403582
v 0.0531748496 0.00286823511 -0.0371403582
v 0.0530890785 0.00223422004 -0.0371403582
v 0.0530247018 0.00159764197 -0.0371403582
v 0.0529817306 0.000959329016 -0.0371403582
v 0.0529602692 0.000319896993 -0.0371403582
v 0.0529602692 -0.000319896993 -0.0371403582
v 0.0529817306 -0.000959329016 -0.0371403582
v 0.0530247018 -0.00159764197 -0.0371403582
v 0.0530890785 -0.00223422004 -0.0371403582
v 0.0531748496 -0.00286823511 -0.0371403582
v 0.0532817803 -0.00349903107 -0.0371403582
v 0.0534099303 -0.00412583305 -0.0371403582
v 0.0535590015 -0.00474804593 -0.0371403582
v 0.0537289307 -0.0053648348 -0.0371403582
v 0.0539194308 -0.00597560406 -0.0371403582
v 0.0541304313 -0.00657963706 -0.0371403582
v 0.0543615185 -0.00717621995 -0.0371403582
v 0.0546125695 -0.00776469707 -0.0371403582
v 0.0548832417 -0.00834441092 -0.0371403582
v 0.0551732108 -0.00891470909 -0.0371403582
v 0.0554821417 -0.00947493315 -0.0371403582
v 0.0558097884 -0.0100244796 -0.0371403582
v 0.0561556816 -0.0105627105 -0.0371403582
v 0.0565195009 -0.0110890204 -0.0371403582
v 0.0569007285 -0.0116028097 -0.0371403582
v 0.0572990105 -0.0121034896 -0.0371403582
v 0.0577139184 -0.0125905201 -0.0371403582
v 0.0581449792 -0.0130633703 -0.0371403582
v 0.0585916005 -0.0135214301 -0.0371403582
v 0.059053421 -0.0139642302 -0.0371403582
v 0.0595298409 -0.0143912397 -0.0371403582
v 0.0600203201 -0.0148020303 -0.0371403582
v 0.0605243407 -0.0151961399 -0.0371403582
v 0.0610413514 -0.0155730797 -0.0371403582
v 0.0615707003 -0.0159324408 -0.0371403582
v 0.0621117912 -0.0162737891 -0.0371403582
v 0.0626640916 -0.0165967904 -0.0371403582
v 0.0632268712 -0.0169010106 -0.0371403582
v 0.0637996122 -0.0171862207 -0.0371403582
v 0.064381592 -0.0174519997 -0.0371403582
v 0.0659707114 -0.0151834404 -0.0375006087
v 0.0664842129 -0.0153774004 -0.0375006087
v 0.0670038983 -0.0155540099 -0.0375006087
v 0.0675292015 -0.0157130901 -0.0375006087
v 0.0680596232 -0.0158544108 -0.0375006087
v 0.0685944483 -0.0159777906 -0.0375006087
v 0.0691331029 -0.0160832405 -0.0375006087
v 0.0696750209 -0.0161704402 -0.0375006087
v 0.0702195689 -0.0162393991 -0.0375006087
v 0.0707660913 -0.0162900593 -0.0375006087
v 0.0713140294 -0.0163223092 -0.0375006087
v 0.0718627498 -0.0163361393 -0.0375006087
v 0.0724115893 -0.0163315497 -0.0375006087
v 0.0729600117 -0.0163084809 -0.0375006087
v 0.0735073611 -0.0162670594 -0.0375006087
v 0.074052982 -0.0162072107 -0.0375006087
v 0.0745962784 -0.0161290709 -0.0375006087
v 0.0751366615 -0.0160327498 -0.0375006087
v 0.075673461 -0.0159183703 -0.0375006087
v 0.0762061402 -0.0157859903 -0.0375006087
v 0.0767340586 -0.0156357791 -0.0375006087
v 0.0772566721 -0.0154678803 -0.0375006087
v 0.0777733326 -0.0152825704 -0.0375006087
v 0.0782834813 -0.0150799695 -0.0375006087
v 0.0787864923 -0.0148603898 -0.0375006087
v 0.0792819187 -0.0146240499 -0.0375006087
v 0.0797690675 -0.0143711502 -0.0375006087
v 0.0802474618 -0.0141020399 -0.0375006087
v 0.0807165504 -0.0138170104 -0.0375006087
v 0.0811757967 -0.0135164196 -0.0375006087
v 0.0816246793 -0.0132005196 -0.0375006087
v 0.0820627213 -0.0128697697 -0.0375006087
v 0.0824893713 -0.0125244204 -0.0375006087
v 0.08290416 -0.0121649997 -0.0375006087
v 0.0833066702 -0.0117918197 -0.0375006087
v 0.0836964175 -0.0114053404 -0.0375006087
v 0.0840729997 -0.0110059902 -0.0375006087
v 0.0844358802 -0.0105941799 -0.0375006087
v 0.0847847983 -0.0101704504 -0.0375006087
v 0.08511924 -0.0097352257 -0.0375006087
v 0.0854388401 -0.00928896572 -0.0375006087
v 0.0857433006 -0.00883227494 -0.0375006087
v 0.0860322714 -0.0083656311 -0.0375006087
v 0.0863053724 -0.0078895092 -0.0375006087
v 0.086562328 -0.00740444614 -0.0375006087
v 0.0868028924 -0.00691109803 -0.0375006087
v 0.0870267078 -0.00640988303 -0.0375006087
v 0.0872335434 -0.00590151502 -0.0375006087
v 0.0874231979 -0.00538641214 -0.0375006087
v 0.0875954628 -0.00486522913 -0.0375006087
v 0.0877500698 -0.00433856202 -0.0375006087
v 0.0878869221 -0.00380700803 -0.0375006087
v 0.0880059004 -0.00327116204 -0.0375006087
v 0.0881067514 -0.00273162103 -0.0375006087
v 0.0881894231 -0.00218903995 -0.0375006087
v 0.0882537887 -0.00164389599 -0.0375006087
v 0.0882998705 -0.00109696295 -0.0375006087
v 0.0883275196 -0.00054881 -0.0375006087
v 0.0883366987 0 -0.0375006087
v 0.0883275196 0.00054881 -0.0375006087
v 0.0882998705 0.00109696295 -0.0375006087
v 0.0882537887 0.00164389599 -0.0375006087
v 0.0881894231 0.00218903995 -0.0375006087
v 0.0881067514 0.00273162103 -0.0375006087
v 0.0880059004 0.00327116204 -0.0375006087
v 0.0878869221 0.00380700803 -0.0375006087
v 0.0877500698 0.00433856202 -0.0375006087
v 0.0875954628 0.00486522913 -0.0375006087
v 0.0874231979 0.00538641214 -0.0375006087
v 0.0872335434 0.00590151502 -0.0375006087
v 0.0870267078 0.00640988303 -0.0375006087
v 0.0868028924 0.00691109803 -0.0375006087
v 0.086562328 0.00740444614 -0.0375006087
v 0.0863053724 0.0078895092 -0.0375006087
v 0.0860322714 0.0083656311 -0.0375006087
v 0.0857433006 0.00883227494 -0.0375006087
v 0.0854388401 0.00928896572 -0.0375006087
v 0.08511924 0.0097352257 -0.0375006087
v 0.0847847983 0.0101704504 -0.0375006087
v 0.0844358802 0.0105941799 -0.0375006087
v 0.0840729997 0.0110059902 -0.0375006087
v 0.0836964175 0.0114053404 -0.0375006087
v 0.0833066702 0.0117918197 -0.0375006087
v 0.08290416 0.0121649997 -0.0375006087
v 0.0824893713 0.0125244204 -0.0375006087
v 0.0820627213 0.0128697697 -0.0375006087
v 0.0816246793 0.0132005196 -0.0375006087
v 0.0811757967 0.0135164196 -0.0375006087
v 0.0807165504 0.0138170104 -0.0375006087
v 0.0802474618 0.0141020399 -0.0375006087
v 0.0797690675 0.0143711502 -0.0375006087
v 0.0792819187 0.0146240499 -0.0375006087
v 0.0787864923 0.0148603898 -0.0375006087
v 0.0782834813 0.0150799695 -0.0375006087
v 0.0777733326 0.0152825704 -0.0375006087
v 0.0772566721 0.0154678803 -0.0375006087
v 0.0767340586 0.0156357791 -0.0375006087
v 0.0762061402 0.0157859903 -0.0375006087
v 0.075673461 0.0159183703 -0.0375006087
v 0.0751366615 0.0160327498 -0.0375006087
v 0.0745962784 0.0161290709 -0.0375006087
v 0.074052982 0.0162072107 -0.0375006087
v 0.0735073611 0.0162670594 -0.0375006087
v 0.0729600117 0.0163084809 -0.0375006087
v 0.0724115893 0.0163315497 -0.0375006087
v 0.0718627498 0.0163361393 -0.0375006087
v 0.0713140294 0.0163223092 -0.0375006087
v 0.0707660913 0.0162900593 -0.0375006087
v 0.0702195689 0.0162393991 -0.0375006087
v 0.0696750209 0.0161704402 -0.0375006087
v 0.0691331029 0.0160832405 -0.0375006087
v 0.0685944483 0.0159777906 -0.0375006087
v 0.0680596232 0.0158544108 -0.0375006087
v 0.0675292015 0.0157130901 -0.0375006087
v 0.0670038983 0.0155540099 -0.0375006087
v 0.0664842129 0.0153774004 -0.0375006087
v 0.0659707114 0.0151834404 -0.0375006087
v 0.0654640719 0.0149723198 -0.0375006087
v 0.0649647713 0.0147442799 -0.0375006087
v 0.0644733906 0.0144996597 -0.0375006087
v 0.063990593 0.0142385904 -0.0375006087
v 0.0635167286 0.0139614902 -0.0375006087
v 0.0630525276 0.0136686498 -0.0375006087
v 0.0625983998 0.0133603802 -0.0375006087
v 0.0621548817 0.0130369598 -0.0375006087
v 0.06172245 0.0126988804 -0.0375006087
v 0.0613016412 0.01234644 -0.0375006087
v 0.0608929284 0.0119801098 -0.0375006087
v 0.06049674 0.0116001898 -0.0375006087
v 0.0601135418 0.0112072201 -0.0375006087
v 0.0597437583 0.0108016096 -0.0375006087
v 0.059387859 0.0103837801 -0.0375006087
v 0.0590461418 0.0099542141 -0.0375006087
v 0.0587190315 0.00951343682 -0.0375006087
v 0.0584069416 0.00906193163 -0.0375006087
v 0.0581101701 0.00860017538 -0.0375006087
v 0.0578291416 0.00812870171 -0.0375006087
v 0.0575640202 0.00764804985 -0.0375006087
v 0.0573152788 0.00715881493 -0.0375006087
v 0.0570830703 0.0066614151 -0.0375006087
v 0.0568677112 0.00615656283 -0.0375006087
v 0.0566694103 0.00564473821 -0.0375006087
v 0.0564884506 0.00512653496 -0.0375006087
v 0.0563249514 0.00460255099 -0.0375006087
v 0.0561792217 0.00407338096 -0.0375006087
v 0.0560513102 0.0035396209 -0.0375006087
v 0.0559413992 0.00300186803 -0.0375006087
v 0.0558496118 0.00246065808 -0.0375006087
v 0.0557760485 0.00191676605 -0.0375006087
v 0.0557207987 0.00137066795 -0.0375006087
v 0.0556839705 0.000823021983 -0.0375006087
v 0.0556655489 0.000274443999 -0.0375006087
v 0.0556655489 -0.000274443999 -0.0375006087
v 0.0556839705 -0.000823021983 -0.0375006087
v 0.0557207987 -0.00137066795 -0.0375006087
v 0.0557760485 -0.00191676605 -0.0375006087
v 0.0558496118 -0.00246065808 -0.0375006087
v 0.0559413992 -0.00300186803 -0.0375006087
v 0.0560513102 -0.0035396209 -0.0375006087
v 0.0561792217 -0.00407338096 -0.0375006087
v 0.0563249514 -0.00460255099 -0.0375006087
v 0.0564884506 -0.00512653496 -0.0375006087
v 0.0566694103 -0.00564473821 -0.0375006087
v 0.0568677112 -0.00615656283 -0.0375006087
v 0.0570830703 -0.0066614151 -0.0375006087
v 0.0573152788 -0.00715881493 -0.0375006087
v 0.0575640202 -0.00764804985 -0.0375006087
v 0.0578291416 -0.00812870171 -0.0375006087
v 0.0581101701 -0.00860017538 -0.0375006087
v 0.0584069416 -0.00906193163 -0.0375006087
v 0.0587190315 -0.00951343682 -0.0375006087
v 0.0590461418 -0.0099542141 -0.0375006087
v 0.059387859 -0.0103837801 -0.0375006087
v 0.0597437583 -0.0108016096 -0.0375006087
v 0.0601135418 -0.0112072201 -0.0375006087
v 0.06049674 -0.0116001898 -0.0375006087
v 0.0608929284 -0.0119801098 -0.0375006087
v 0.0613016412 -0.01234644 -0.0375006087
v 0.06172245 -0.0126988804 -0.0375006087
v 0.0621548817 -0.0130369598 -0.0375006087
v 0.0625983998 -0.0133603802 -0.0375006087
v 0.0630525276 -0.0136686498 -0.0375006087
v 0.0635167286 -0.0139614902 -0.0375006087
v 0.063990593 -0.0142385904 -0.0375006087
v 0.0644733906 -0.0144996597 -0.0375006087
v 0.0649647713 -0.0147442799 -0.0375006087
v 0.0654640719 -0.0149723198 -0.0375006087
v 0.0669717714 -0.0126624703 -0.0378057286
v 0.0673999712 -0.0128242299 -0.0378057286
v 0.0678334236 -0.01297158 -0.0378057286
v 0.0682715103 -0.0131042004 -0.0378057286
v 0.0687138364 -0.0132220304 -0.0378057286
v 0.0691598579 -0.0133249704 -0.0378057286
v 0.0696090981 -0.01341289 -0.0378057286
v 0.0700610206 -0.0134856096 -0.0378057286
v 0.0705151483 -0.0135431197 -0.0378057286
v 0.0709709525 -0.0135853803 -0.0378057286
v 0.0714279413 -0.0136122704 -0.0378057286
v 0.0718855187 -0.0136238299 -0.0378057286
v 0.0723432824 -0.01361995 -0.0378057286
v 0.0728006288 -0.0136007601 -0.0378057286
v 0.0732570812 -0.0135661904 -0.0378057286
v 0.0737121105 -0.0135163004 -0.0378057286
v 0.0741652176 -0.0134511497 -0.0378057286
v 0.0746158287 -0.0133708101 -0.0378057286
v 0.0750635192 -0.0132753802 -0.0378057286
v 0.07550776 -0.0131649897 -0.0378057286
v 0.0759480521 -0.0130396998 -0.0378057286
v 0.0763838813 -0.0128996903 -0.0378057286
v 0.0768147707 -0.0127451997 -0.0378057286
v 0.0772402212 -0.0125762196 -0.0378057286
v 0.0776597187 -0.0123931104 -0.0378057286
v 0.0780728385 -0.0121959401 -0.0378057286
v 0.0784791708 -0.0119850598 -0.0378057286
v 0.0788780972 -0.0117606502 -0.0378057286
v 0.0792692825 -0.0115229404 -0.0378057286
v 0.079652302 -0.0112722497 -0.0378057286
v 0.0800266787 -0.0110087898 -0.0378057286
v 0.0803919435 -0.0107329404 -0.0378057286
v 0.0807477832 -0.0104449904 -0.0378057286
v 0.0810937211 -0.0101451799 -0.0378057286
v 0.0814294219 -0.0098339906 -0.0378057286
v 0.0817544386 -0.00951164868 -0.0378057286
v 0.0820685029 -0.00917863846 -0.0378057286
v 0.0823711082 -0.00883519556 -0.0378057286
v 0.0826620981 -0.00848179962 -0.0378057286
v 0.0829409882 -0.00811886694 -0.0378057286
v 0.0832075998 -0.00774669601 -0.0378057286
v 0.0834614635 -0.00736582186 -0.0378057286
v 0.0837024376 -0.00697666407 -0.0378057286
v 0.0839302465 -0.00657957699 -0.0378057286
v 0.0841445327 -0.00617509987 -0.0378057286
v 0.0843451023 -0.00576364901 -0.0378057286
v 0.0845317766 -0.0053456421 -0.0378057286
v 0.0847042724 -0.00492161512 -0.0378057286
v 0.0848624706 -0.00449210405 -0.0378057286
v 0.0850061104 -0.00405746605 -0.0378057286
v 0.0851350427 -0.00361823989 -0.0378057286
v 0.0852491781 -0.00317495991 -0.0378057286
v 0.0853483602 -0.00272804406 -0.0378057286
v 0.0854324624 -0.00227808906 -0.0378057286
v 0.0855014324 -0.00182557094 -0.0378057286
v 0.0855551288 -0.00137096597 -0.0378057286
v 0.0855935812 -0.000914864009 -0.0378057286
v 0.0856165811 -0.00045769001 -0.0378057286
v 0.0856242701 0 -0.0378057286
v 0.0856165811 0.00045769001 -0.0378057286
v 0.0855935812 0.000914864009 -0.0378057286
v 0.0855551288 0.00137096597 -0.0378057286
v 0.0855014324 0.00182557094 -0.0378057286
v 0.0854324624 0.00227808906 -0.0378057286
v 0.0853483602 0.00272804406 -0.0378057286
v 0.0852491781 0.00317495991 -0.0378057286
v 0.0851350427 0.00361823989 -0.0378057286
v 0.0850061104 0.00405746605 -0.0378057286
v 0.0848624706 0.00449210405 -0.0378057286
v 0.0847042724 0.00492161512 -0.0378057286
v 0.0845317766 0.0053456421 -0.0378057286
v 0.0843451023 0.00576364901 -0.0378057286
v 0.0841445327 0.00617509987 -0.0378057286
v 0.0839302465 0.00657957699 -0.0378057286
v 0.0837024376 0.00697666407 -0.0378057286
v 0.0834614635 0.00736582186 -0.0378057286
v 0.0832075998 0.00774669601 -0.0378057286
v 0.0829409882 0.00811886694 -0.0378057286
v 0.0826620981 0.00848179962 -0.0378057286
v 0.0823711082 0.00883519556 -0.0378057286
v 0.0820685029 0.00917863846 -0.0378057286
v 0.0817544386 0.00951164868 -0.0378057286
v 0.0814294219 0.0098339906 -0.0378057286
v 0.0810937211 0.0101451799 -0.0378057286
v 0.0807477832 0.0104449904 -0.0378057286
v 0.0803919435 0.0107329404 -0.0378057286
v 0.0800266787 0.0110087898 -0.0378057286
v 0.079652302 0.0112722497 -0.0378057286
v 0.0792692825 0.0115229404 -0.0378057286
v 0.0788780972 0.0117606502 -0.0378057286
v 0.0784791708 0.0119850598 -0.0378057286
v 0.0780728385 0.0121959401 -0.0378057286
v 0.0776597187 0.0123931104 -0.0378057286
v 0.0772402212 0.0125762196 -0.0378057286
v 0.0768147707 0.0127451997 -0.0378057286
v 0.0763838813 0.0128996903 -0.0378057286
v 0.0759480521 0.0130396998 -0.0378057286
v 0.07550776 0.0131649897 -0.0378057286
v 0.0750635192 0.0132753802 -0.0378057286
v 0.0746158287 0.0133708101 -0.0378057286
v 0.0741652176 0.0134511497 -0.0378057286
v 0.0737121105 0.0135163004 -0.0378057286
v 0.0732570812 0.0135661904 -0.0378057286
v 0.0728006288 0.0136007601 -0.0378057286
v 0.0723432824 0.01361995 -0.0378057286
v 0.0718855187 0.0136238299 -0.0378057286
v 0.0714279413 0.0136122704 -0.0378057286
v 0.0709709525 0.0135853803 -0.0378057286
v 0.0705151483 0.0135431197 -0.0378057286
v 0.0700610206 0.0134856096 -0.0378057286
v 0.0696090981 0.01341289 -0.0378057286
v 0.0691598579 0.0133249704 -0.0378057286
v 0.0687138364 0.0132220304 -0.0378057286
v 0.0682715103 0.0131042004 -0.0378057286
v 0.0678334236 0.01297158 -0.0378057286
v 0.0673999712 0.0128242299 -0.0378057286
v 0.0669717714 0.0126624703 -0.0378057286
v 0.0665492415 0.0124863898 -0.0378057286
v 0.0661328435 0.0122962501 -0.0378057286
v 0.0657230616 0.0120922299 -0.0378057286
v 0.0653203726 0.01187455 -0.0378057286
v 0.0649252534 0.01164346 -0.0378057286
v 0.0645381212 0.0113992002 -0.0378057286
v 0.0641593933 0.0111420704 -0.0378057286
v 0.0637894794 0.0108724199 -0.0378057286
v 0.0634288713 0.01059049 -0.0378057286
v 0.0630779192 0.0102965198 -0.0378057286
v 0.0627370998 0.00999099016 -0.0378057286
v 0.0624066517 0.00967419054 -0.0378057286
v 0.0620871112 0.00934648514 -0.0378057286
v 0.0617787205 0.00900816917 -0.0378057286
v 0.0614818297 0.00865972042 -0.0378057286
v 0.0611968599 0.00830149557 -0.0378057286
v 0.0609241091 0.00793391373 -0.0378057286
v 0.0606638119 0.00755733205 -0.0378057286
v 0.0604163408 0.00717222597 -0.0378057286
v 0.0601819083 0.0067790742 -0.0378057286
v 0.0599609017 0.00637823297 -0.0378057286
v 0.0597534105 0.00597018003 -0.0378057286
v 0.0595597588 0.00555539085 -0.0378057286
v 0.05938017 0.0051343441 -0.0378057286
v 0.0592147708 0.00470751477 -0.0378057286
v 0.0590638518 0.0042753811 -0.0378057286
v 0.0589275286 0.00383836008 -0.0378057286
v 0.0588059388 0.00339704705 -0.0378057286
v 0.0586992987 0.00295192003 -0.0378057286
v 0.0586076304 0.00250345399 -0.0378057286
v 0.0585311018 0.00205212808 -0.0378057286
v 0.0584697686 0.00159847701 -0.0378057286
v 0.0584236905 0.00114303804 -0.0378057286
v 0.0583929382 0.000686374027 -0.0378057286
v 0.0583775602 0.000228877005 -0.0378057286
v 0.0583775602 -0.000228877005 -0.0378057286
v 0.0583929382 -0.000686374027 -0.0378057286
v 0.0584236905 -0.00114303804 -0.0378057286
v 0.0584697686 -0.00159847701 -0.0378057286
v 0.0585311018 -0.00205212808 -0.0378057286
v 0.0586076304 -0.00250345399 -0.0378057286
v 0.0586992987 -0.00295192003 -0.0378057286
v 0.0588059388 -0.00339704705 -0.0378057286
v 0.0589275286 -0.00383836008 -0.0378057286
v 0.0590638518 -0.0042753811 -0.0378057286
v 0.0592147708 -0.00470751477 -0.0378057286
v 0.05938017 -0.0051343441 -0.0378057286
v 0.0595597588 -0.00555539085 -0.0378057286
v 0.0597534105 -0.00597018003 -0.0378057286
v 0.0599609017 -0.00637823297 -0.0378057286
v 0.0601819083 -0.0067790742 -0.0378057286
v 0.0604163408 -0.00717222597 -0.0378057286
v 0.0606638119 -0.00755733205 -0.0378057286
v 0.0609241091 -0.00793391373 -0.0378057286
v 0.0611968599 -0.00830149557 -0.0378057286
v 0.0614818297 -0.00865972042 -0.0378057286
v 0.0617787205 -0.00900816917 -0.0378057286
v 0.0620871112 -0.00934648514 -0.0378057286
v 0.0624066517 -0.00967419054 -0.0378057286
v 0.0627370998 -0.00999099016 -0.0378057286
v 0.0630779192 -0.0102965198 -0.0378057286
v 0.0634288713 -0.01059049 -0.0378057286
v 0.0637894794 -0.0108724199 -0.0378057286
v 0.0641593933 -0.0111420704 -0.0378057286
v 0.0645381212 -0.0113992002 -0.0378057286
v 0.0649252534 -0.01164346 -0.0378057286
v 0.0653203726 -0.01187455 -0.0378057286
v 0.0657230616 -0.0120922299 -0.0378057286
v 0.0661328435 -0.0122962501 -0.0378057286
v 0.0665492415 -0.0124863898 -0.0378057286
v 0.0679749176 -0.0101362998 -0.0380555317
v 0.0683177114 -0.0102657601 -0.0380555317
v 0.0686646104 -0.0103837196 -0.0380555317
v 0.0690153167 -0.0104898801 -0.0380555317
v 0.0693694279 -0.0105842296 -0.0380555317
v 0.0697264597 -0.0106666004 -0.0380555317
v 0.070086062 -0.010737 -0.0380555317
v 0.0704478621 -0.01079523 -0.0380555317
v 0.0708113909 -0.0108412504 -0.0380555317
v 0.0711762309 -0.0108750397 -0.0380555317
v 0.0715420768 -0.0108966203 -0.0380555317
v 0.0719083473 -0.01090586 -0.0380555317
v 0.0722747967 -0.0109027596 -0.0380555317
v 0.0726408884 -0.0108873798 -0.0380555317
v 0.0730062723 -0.0108596599 -0.0380555317
v 0.0733705088 -0.0108197303 -0.0380555317
v 0.0737332106 -0.0107676303 -0.0380555317
v 0.07409399 -0.0107033197 -0.0380555317
v 0.0744523406 -0.0106269103 -0.0380555317
v 0.0748080015 -0.01053851 -0.0380555317
v 0.0751604363 -0.0104382597 -0.0380555317
v 0.0755093023 -0.0103262002 -0.0380555317
v 0.0758541822 -0.01020246 -0.0380555317
v 0.0761947632 -0.0100672198 -0.0380555317
v 0.0765305683 -0.00992065575 -0.0380555317
v 0.0768613219 -0.00976282265 -0.0380555317
v 0.0771865174 -0.00959402323 -0.0380555317
v 0.0775058791 -0.0094143739 -0.0380555317
v 0.0778190419 -0.00922411587 -0.0380555317
v 0.0781256482 -0.00902342703 -0.0380555317
v 0.0784253404 -0.0088125458 -0.0380555317
v 0.0787177607 -0.00859171059 -0.0380555317
v 0.0790025517 -0.00836115982 -0.0380555317
v 0.0792794824 -0.00812119246 -0.0380555317
v 0.0795482323 -0.00787210371 -0.0380555317
v 0.0798084065 -0.00761407614 -0.0380555317
v 0.0800597593 -0.0073474641 -0.0380555317
v 0.0803020522 -0.00707256701 -0.0380555317
v 0.0805349872 -0.00678968383 -0.0380555317
v 0.0807582736 -0.00649911119 -0.0380555317
v 0.0809716508 -0.00620120717 -0.0380555317
v 0.0811749101 -0.00589632895 -0.0380555317
v 0.0813677907 -0.00558477594 -0.0380555317
v 0.0815501213 -0.00526696397 -0.0380555317
v 0.0817216635 -0.00494313193 -0.0380555317
v 0.0818822309 -0.00461375713 -0.0380555317
v 0.0820316598 -0.0042791958 -0.0380555317
v 0.0821697712 -0.00393974688 -0.0380555317
v 0.0822963715 -0.00359588792 -0.0380555317
v 0.0824113414 -0.00324797607 -0.0380555317
v 0.0825145766 -0.00289636804 -0.0380555317
v 0.0826059505 -0.00254154205 -0.0380555317
v 0.0826853514 -0.00218379404 -0.0380555317
v 0.0827526972 -0.00182360399 -0.0380555317
v 0.0828078911 -0.00146138598 -0.0380555317
v 0.0828508735 -0.00109744002 -0.0380555317
v 0.082881622 -0.00073234702 -0.0380555317
v 0.0829000399 -0.000366380002 -0.0380555317
v 0.0829062387 0 -0.0380555317
v 0.0829000399 0.000366380002 -0.0380555317
v 0.082881622 0.00073234702 -0.0380555317
v 0.0828508735 0.00109744002 -0.0380555317
v 0.0828078911 0.00146138598 -0.0380555317
v 0.0827526972 0.00182360399 -0.0380555317
v 0.0826853514 0.00218379404 -0.0380555317
v 0.0826059505 0.00254154205 -0.0380555317
v 0.0825145766 0.00289636804 -0.0380555317
v 0.0824113414 0.00324797607 -0.0380555317
v 0.0822963715 0.00359588792 -0.0380555317
v 0.0821697712 0.00393974688 -0.0380555317
v 0.0820316598 0.0042791958 -0.0380555317
v 0.0818822309 0.00461375713 -0.0380555317
v 0.0817216635 0.00494313193 -0.0380555317
v 0.0815501213 0.00526696397 -0.0380555317
v 0.0813677907 0.00558477594 -0.0380555317
v 0.0811749101 0.00589632895 -0.0380555317
v 0.0809716508 0.00620120717 -0.0380555317
v 0.0807582736 0.00649911119 -0.0380555317
v 0.0805349872 0.00678968383 -0.0380555317
v 0.0803020522 0.00707256701 -0.0380555317
v 0.0800597593 0.0073474641 -0.0380555317
v 0.0798084065 0.00761407614 -0.0380555317
v 0.0795482323 0.00787210371 -0.0380555317
v 0.0792794824 0.00812119246 -0.0380555317
v 0.0790025517 0.00836115982 -0.0380555317
v 0.0787177607 0.00859171059 -0.0380555317
v 0.0784253404 0.0088125458 -0.0380555317
v 0.0781256482 0.00902342703 -0.0380555317
v 0.0778190419 0.00922411587 -0.0380555317
v 0.0775058791 0.0094143739 -0.0380555317
v 0.0771865174 0.00959402323 -0.0380555317
v 0.0768613219 0.00976282265 -0.0380555317
v 0.0765305683 0.00992065575 -0.0380555317
v 0.0761947632 0.0100672198 -0.0380555317
v 0.0758541822 0.01020246 -0.0380555317
v 0.0755093023 0.0103262002 -0.0380555317
v 0.0751604363 0.0104382597 -0.0380555317
v 0.0748080015 0.01053851 -0.0380555317
v 0.0744523406 0.0106269103 -0.0380555317
v 0.07409399 0.0107033197 -0.0380555317
v 0.0737332106 0.0107676303 -0.0380555317
v 0.0733705088 0.0108197303 -0.0380555317
v 0.0730062723 0.0108596599 -0.0380555317
v 0.0726408884 0.0108873798 -0.0380555317
v 0.0722747967 0.0109027596 -0.0380555317
v 0.0719083473 0.01090586 -0.0380555317
v 0.0715420768 0.0108966203 -0.0380555317
v 0.0711762309 0.0108750397 -0.0380555317
v 0.0708113909 0.0108412504 -0.0380555317
v 0.0704478621 0.01079523 -0.0380555317
v 0.070086062 0.010737 -0.0380555317
v 0.0697264597 0.0106666004 -0.0380555317
v 0.0693694279 0.0105842296 -0.0380555317
v 0.0690153167 0.0104898801 -0.0380555317
v 0.0686646104 0.0103837196 -0.0380555317
v 0.0683177114 0.0102657601 -0.0380555317
v 0.0679749176 0.0101362998 -0.0380555317
v 0.0676366612 0.0099953413 -0.0380555317
v 0.0673033521 0.00984311104 -0.0380555317
v 0.0669753477 0.00967979431 -0.0380555317
v 0.0666529536 0.00950551033 -0.0380555317
v 0.0663366914 0.00932055712 -0.0380555317
v 0.0660267398 0.00912505295 -0.0380555317
v 0.0657235906 0.00891923904 -0.0380555317
v 0.0654274821 0.00870335102 -0.0380555317
v 0.0651388094 0.00847762823 -0.0380555317
v 0.0648579001 0.00824236777 -0.0380555317
v 0.0645850301 0.00799780991 -0.0380555317
v 0.0643205568 0.00774419308 -0.0380555317
v 0.0640647411 0.00748181297 -0.0380555317
v 0.0638178512 0.00721102906 -0.0380555317
v 0.0635802671 0.00693207886 -0.0380555317
v 0.0633521006 0.00664532091 -0.0380555317
v 0.0631337687 0.00635105278 -0.0380555317
v 0.0629253909 0.00604963303 -0.0380555317
v 0.0627273321 0.00574135687 -0.0380555317
v 0.0625396296 0.00542664481 -0.0380555317
v 0.0623626709 0.00510573294 -0.0380555317
v 0.0621966086 0.00477909995 -0.0380555317
v 0.0620415807 0.00444710208 -0.0380555317
v 0.0618978105 0.00411003781 -0.0380555317
v 0.0617654286 0.00376838399 -0.0380555317
v 0.06164461 0.0034224391 -0.0380555317
v 0.0615355298 0.00307261897 -0.0380555317
v 0.0614381991 0.00271934201 -0.0380555317
v 0.0613527782 0.00236302591 -0.0380555317
v 0.0612794086 0.00200396706 -0.0380555317
v 0.0612181388 0.00164270401 -0.0380555317
v 0.0611690208 0.00127959205 -0.0380555317
v 0.0611321889 0.000915046025 -0.0380555317
v 0.0611075684 0.000549441029 -0.0380555317
v 0.0610952899 0.000183216005 -0.0380555317
v 0.0610952899 -0.000183216005 -0.0380555317
v 0.0611075684 -0.000549441029 -0.0380555317
v 0.0611321889 -0.000915046025 -0.0380555317
v 0.0611690208 -0.00127959205 -0.0380555317
v 0.0612181388 -0.00164270401 -0.0380555317
v 0.0612794086 -0.00200396706 -0.0380555317
v 0.0613527782 -0.00236302591 -0.0380555317
v 0.0614381991 -0.00271934201 -0.0380555317
v 0.0615355298 -0.00307261897 -0.0380555317
v 0.06164461 -0.0034224391 -0.0380555317
v 0.0617654286 -0.00376838399 -0.0380555317
v 0.0618978105 -0.00411003781 -0.0380555317
v 0.0620415807 -0.00444710208 -0.0380555317
v 0.0621966086 -0.00477909995 -0.0380555317
v 0.0623626709 -0.00510573294 -0.0380555317
v 0.0625396296 -0.00542664481 -0.0380555317
v 0.0627273321 -0.00574135687 -0.0380555317
v 0.0629253909 -0.00604963303 -0.0380555317
v 0.0631337687 -0.00635105278 -0.0380555317
v 0.0633521006 -0.00664532091 -0.0380555317
v 0.0635802671 -0.00693207886 -0.0380555317
v 0.0638178512 -0.00721102906 -0.0380555317
v 0.0640647411 -0.00748181297 -0.0380555317
v 0.0643205568 -0.00774419308 -0.0380555317
v 0.0645850301 -0.00799780991 -0.0380555317
v 0.0648579001 -0.00824236777 -0.0380555317
v 0.0651388094 -0.00847762823 -0.0380555317
v 0.0654274821 -0.00870335102 -0.0380555317
v 0.0657235906 -0.00891923904 -0.0380555317
v 0.0660267398 -0.00912505295 -0.0380555317
v 0.0663366914 -0.00932055712 -0.0380555317
v 0.0666529536 -0.00950551033 -0.0380555317
v 0.0669753477 -0.00967979431 -0.0380555317
v 0.0673033521 -0.00984311104 -0.0380555317
v 0.0676366612 -0.0099953413 -0.0380555317
v 0.0689797401 -0.00760590984 -0.0382498987
v 0.0692369267 -0.00770306494 -0.0382498987
v 0.0694972798 -0.00779151917 -0.0382498987
v 0.0697604418 -0.00787120964 -0.0382498987
v 0.0700260922 -0.00794201996 -0.0382498987
v 0.0702940226 -0.00800382998 -0.0382498987
v 0.0705638528 -0.00805663969 -0.0382498987
v 0.0708353519 -0.0081003299 -0.0382498987
v 0.0711081028 -0.00813484099 -0.0382498987
v 0.0713818595 -0.00816023257 -0.0382498987
v 0.0716563389 -0.00817638636 -0.0382498987
v 0.0719312429 -0.00818329956 -0.0382498987
v 0.0722061917 -0.00818103459 -0.0382498987
v 0.0724809095 -0.00816947222 -0.0382498987
v 0.0727550909 -0.00814872887 -0.0382498987
v 0.0730283782 -0.00811874773 -0.0382498987
v 0.0733005404 -0.00807958841 -0.0382498987
v 0.0735712573 -0.00803136826 -0.0382498987
v 0.0738401413 -0.00797402766 -0.0382498987
v 0.0741069913 -0.00790774822 -0.0382498987
v 0.0743714496 -0.00783246662 -0.0382498987
v 0.0746332407 -0.00774836494 -0.0382498987
v 0.0748920366 -0.00765556004 -0.0382498987
v 0.0751475617 -0.00755405379 -0.0382498987
v 0.0753995702 -0.00744408322 -0.0382498987
v 0.0756477714 -0.0073256488 -0.0382498987
v 0.0758917928 -0.00719898893 -0.0382498987
v 0.0761314034 -0.00706416322 -0.0382498987
v 0.0763664171 -0.00692141009 -0.0382498987
v 0.0765964314 -0.00677084923 -0.0382498987
v 0.0768213198 -0.00661259796 -0.0382498987
v 0.0770407319 -0.00644689705 -0.0382498987
v 0.0772544667 -0.00627392484 -0.0382498987
v 0.0774622485 -0.00609385921 -0.0382498987
v 0.077663891 -0.00590693904 -0.0382498987
v 0.0778591633 -0.00571328402 -0.0382498987
v 0.0780477524 -0.0055132499 -0.0382498987
v 0.0782295391 -0.00530695915 -0.0382498987
v 0.0784042999 -0.00509470701 -0.0382498987
v 0.0785718486 -0.00487667322 -0.0382498987
v 0.0787319466 -0.00465315487 -0.0382498987
v 0.0788844824 -0.00442439318 -0.0382498987
v 0.0790292621 -0.00419062283 -0.0382498987
v 0.0791660473 -0.00395208504 -0.0382498987
v 0.0792948008 -0.00370913697 -0.0382498987
v 0.0794152617 -0.00346201588 -0.0382498987
v 0.0795273706 -0.00321090198 -0.0382498987
v 0.0796310306 -0.00295627094 -0.0382498987
v 0.0797259808 -0.00269824197 -0.0382498987
v 0.0798122808 -0.00243717409 -0.0382498987
v 0.0798897669 -0.00217336393 -0.0382498987
v 0.0799583122 -0.00190705003 -0.0382498987
v 0.0800178573 -0.00163864996 -0.0382498987
v 0.080068402 -0.00136834302 -0.0382498987
v 0.0801098272 -0.00109654595 -0.0382498987
v 0.0801420808 -0.000823513023 -0.0382498987
v 0.0801651403 -0.000549526012 -0.0382498987
v 0.0801790282 -0.000274918013 -0.0382498987
v 0.0801836178 0 -0.0382498987
v 0.0801790282 0.000274918013 -0.0382498987
v 0.0801651403 0.000549526012 -0.0382498987
v 0.0801420808 0.000823513023 -0.0382498987
v 0.0801098272 0.00109654595 -0.0382498987
v 0.080068402 0.00136834302 -0.0382498987
v 0.0800178573 0.00163864996 -0.0382498987
v 0.0799583122 0.00190705003 -0.0382498987
v 0.0798897669 0.00217336393 -0.0382498987
v 0.0798122808 0.00243717409 -0.0382498987
v 0.0797259808 0.00269824197 -0.0382498987
v 0.0796310306 0.00295627094 -0.0382498987
v 0.0795273706 0.00321090198 -0.0382498987
v 0.0794152617 0.00346201588 -0.0382498987
v 0.0792948008 0.00370913697 -0.0382498987
v 0.0791660473 0.00395208504 -0.0382498987
v 0.0790292621 0.00419062283 -0.0382498987
v 0.0788844824 0.00442439318 -0.0382498987
v 0.0787319466 0.00465315487 -0.0382498987
v 0.0785718486 0.00487667322 -0.0382498987
v 0.0784042999 0.00509470701 -0.0382498987
v 0.0782295391 0.00530695915 -0.0382498987
v 0.0780477524 0.0055132499 -0.0382498987
v 0.0778591633 0.00571328402 -0.0382498987
v 0.077663891 0.00590693904 -0.0382498987
v 0.0774622485 0.00609385921 -0.0382498987
v 0.0772544667 0.00627392484 -0.0382498987
v 0.0770407319 0.00644689705 -0.0382498987
v 0.0768213198 0.00661259796 -0.0382498987
v 0.0765964314 0.00677084923 -0.0382498987
v 0.0763664171 0.00692141009 -0.0382498987
v 0.0761314034 0.00706416322 -0.0382498987
v 0.0758917928 0.00719898893 -0.0382498987
v 0.0756477714 0.0073256488 -0.0382498987
v 0.0753995702 0.00744408322 -0.0382498987
v 0.0751475617 0.00755405379 -0.0382498987
v 0.0748920366 0.00765556004 -0.0382498987
v 0.0746332407 0.00774836494 -0.0382498987
v 0.0743714496 0.00783246662 -0.0382498987
v 0.0741069913 0.00790774822 -0.0382498987
v 0.0738401413 0.00797402766 -0.0382498987
v 0.0735712573 0.00803136826 -0.0382498987
v 0.0733005404 0.00807958841 -0.0382498987
v 0.0730283782 0.00811874773 -0.0382498987
v 0.0727550909 0.00814872887 -0.0382498987
v 0.0724809095 0.00816947222 -0.0382498987
v 0.0722061917 0.00818103459 -0.0382498987
v 0.0719312429 0.00818329956 -0.0382498987
v 0.0716563389 0.00817638636 -0.0382498987
v 0.0713818595 0.00816023257 -0.0382498987
v 0.0711081028 0.00813484099 -0.0382498987
v 0.0708353519 0.0081003299 -0.0382498987
v 0.0705638528 0.00805663969 -0.0382498987
v 0.0702940226 0.00800382998 -0.0382498987
v 0.0700260922 0.00794201996 -0.0382498987
v 0.0697604418 0.00787120964 -0.0382498987
v 0.0694972798 0.00779151917 -0.0382498987
v 0.0692369267 0.00770306494 -0.0382498987
v 0.0689797401 0.00760590984 -0.0382498987
v 0.0687258765 0.00750011206 -0.0382498987
v 0.0684757829 0.00738590909 -0.0382498987
v 0.0682296678 0.00726336194 -0.0382498987
v 0.0679877922 0.00713258889 -0.0382498987
v 0.0677504465 0.00699377013 -0.0382498987
v 0.0675178692 0.0068470831 -0.0382498987
v 0.0672904179 0.006692647 -0.0382498987
v 0.0670682117 0.00653064204 -0.0382498987
v 0.0668516085 0.00636130478 -0.0382498987
v 0.0666408464 0.00618475582 -0.0382498987
v 0.0664361119 0.00600123405 -0.0382498987
v 0.066237621 0.00581091596 -0.0382498987
v 0.0660456419 0.00561410096 -0.0382498987
v 0.0658604503 0.00541090919 -0.0382498987
v 0.0656821132 0.00520157814 -0.0382498987
v 0.0655109212 0.00498640491 -0.0382498987
v 0.065347068 0.00476557016 -0.0382498987
v 0.0651907325 0.00453943014 -0.0382498987
v 0.065042071 0.00430810405 -0.0382498987
v 0.0649012923 0.00407194998 -0.0382498987
v 0.0647684932 0.00383114791 -0.0382498987
v 0.064643912 0.00358605292 -0.0382498987
v 0.0645275712 0.00333690597 -0.0382498987
v 0.0644196793 0.00308400299 -0.0382498987
v 0.064320378 0.00282764412 -0.0382498987
v 0.0642297193 0.00256806589 -0.0382498987
v 0.06414783 0.00230556703 -0.0382498987
v 0.0640748069 0.00204050494 -0.0382498987
v 0.0640107319 0.00177311804 -0.0382498987
v 0.0639556572 0.00150370505 -0.0382498987
v 0.063909702 0.00123262405 -0.0382498987
v 0.0638728663 0.000960177975 -0.0382498987
v 0.0638452098 0.000686615997 -0.0382498987
v 0.0638267323 0.000412280002 -0.0382498987
v 0.0638175011 0.000137477997 -0.0382498987
v 0.0638175011 -0.000137477997 -0.0382498987
v 0.0638267323 -0.000412280002 -0.0382498987
v 0.0638452098 -0.000686615997 -0.0382498987
v 0.0638728663 -0.000960177975 -0.0382498987
v 0.063909702 -0.00123262405 -0.0382498987
v 0.0639556572 -0.00150370505 -0.0382498987
v 0.0640107319 -0.00177311804 -0.0382498987
v 0.0640748069 -0.00204050494 -0.0382498987
v 0.06414783 -0.00230556703 -0.0382498987
v 0.0642297193 -0.00256806589 -0.0382498987
v 0.064320378 -0.00282764412 -0.0382498987
v 0.0644196793 -0.00308400299 -0.0382498987
v 0.0645275712 -0.00333690597 -0.0382498987
v 0.064643912 -0.00358605292 -0.0382498987
v 0.0647684932 -0.00383114791 -0.0382498987
v 0.0649012923 -0.00407194998 -0.0382498987
v 0.065042071 -0.00430810405 -0.0382498987
v 0.0651907325 -0.00453943014 -0.0382498987
v 0.065347068 -0.00476557016 -0.0382498987
v 0.0655109212 -0.00498640491 -0.0382498987
v 0.0656821132 -0.00520157814 -0.0382498987
v 0.0658604503 -0.00541090919 -0.0382498987
v 0.0660456419 -0.00561410096 -0.0382498987
v 0.066237621 -0.00581091596 -0.0382498987
v 0.0664361119 -0.00600123405 -0.0382498987
v 0.0666408464 -0.00618475582 -0.0382498987
v 0.0668516085 -0.00636130478 -0.0382498987
v 0.0670682117 -0.00653064204 -0.0382498987
v 0.0672904179 -0.006692647 -0.0382498987
v 0.0675178692 -0.0068470831 -0.0382498987
v 0.0677504465 -0.00699377013 -0.0382498987
v 0.0679877922 -0.00713258889 -0.0382498987
v 0.0682296678 -0.00726336194 -0.0382498987
v 0.0684757829 -0.00738590909 -0.0382498987
v 0.0687258765 -0.00750011206 -0.0382498987
v 0.0699857399 -0.0050723548 -0.0383887812
v 0.0701572821 -0.00513714505 -0.0383887812
v 0.0703309104 -0.00519615412 -0.0383887812
v 0.0705064535 -0.00524926092 -0.0383887812
v 0.0706835911 -0.0052964678 -0.0383887812
v 0.0708622932 -0.00533771515 -0.0383887812
v 0.0710422322 -0.00537294103 -0.0383887812
v 0.0712232515 -0.00540208817 -0.0383887812
v 0.0714051723 -0.00542509509 -0.0383887812
v 0.071587801 -0.00544202281 -0.0383887812
v 0.0717708394 -0.00545281079 -0.0383887812
v 0.0719541311 -0.00545740081 -0.0383887812
v 0.0721374676 -0.00545591116 -0.0383887812
v 0.0723206922 -0.00544816209 -0.0383887812
v 0.0725035593 -0.00543433381 -0.0383887812
v 0.0726858303 -0.00541436579 -0.0383887812
v 0.0728673264 -0.00538825896 -0.0383887812
v 0.0730478689 -0.00535607291 -0.0383887812
v 0.0732271597 -0.00531786587 -0.0383887812
v 0.0734051391 -0.00527364016 -0.0383887812
v 0.0735815093 -0.00522345304 -0.0383887812
v 0.0737560913 -0.00516736507 -0.0383887812
v 0.0739287063 -0.00510543492 -0.0383887812
v 0.0740991235 -0.00503778411 -0.0383887812
v 0.0742671415 -0.00496441079 -0.0383887812
v 0.0744326711 -0.0048854351 -0.0383887812
v 0.0745953918 -0.00480097486 -0.0383887812
v 0.0747552514 -0.00471109105 -0.0383887812
v 0.074911952 -0.00461584283 -0.0383887812
v 0.0750653669 -0.004515409 -0.0383887812
v 0.0752153322 -0.00440990878 -0.0383887812
v 0.0753616616 -0.00429940177 -0.0383887812
v 0.0755041763 -0.00418406678 -0.0383887812
v 0.0756427571 -0.00406396296 -0.0383887812
v 0.0757772326 -0.00393927004 -0.0383887812
v 0.0759074613 -0.00381016708 -0.0383887812
v 0.0760332271 -0.00367677188 -0.0383887812
v 0.0761544704 -0.0035392039 -0.0383887812
v 0.0762709901 -0.0033976431 -0.0383887812
v 0.0763827488 -0.00325226691 -0.0383887812
v 0.0764895007 -0.00310319592 -0.0383887812
v 0.0765912533 -0.00295060803 -0.0383887812
v 0.0766877532 -0.00279468205 -0.0383887812
v 0.0767790005 -0.00263565709 -0.0383887812
v 0.0768648311 -0.00247359206 -0.0383887812
v 0.0769451782 -0.00230878498 -0.0383887812
v 0.077019982 -0.002141356 -0.0383887812
v 0.0770890713 -0.001971483 -0.0383887812
v 0.077152431 -0.00179940404 -0.0383887812
v 0.0772100016 -0.00162529899 -0.0383887812
v 0.0772616193 -0.00144940603 -0.0383887812
v 0.0773073435 -0.00127178396 -0.0383887812
v 0.0773470923 -0.00109279098 -0.0383887812
v 0.077380769 -0.000912575983 -0.0383887812
v 0.077408433 -0.000731299981 -0.0383887812
v 0.0774299502 -0.000549199001 -0.0383887812
v 0.0774453208 -0.000366477005 -0.0383887812
v 0.0774545595 -0.000183341996 -0.0383887812
v 0.0774575993 0 -0.0383887812
v 0.0774545595 0.000183341996 -0.0383887812
v 0.0774453208 0.000366477005 -0.0383887812
v 0.0774299502 0.000549199001 -0.0383887812
v 0.077408433 0.000731299981 -0.0383887812
v 0.077380769 0.000912575983 -0.0383887812
v 0.0773470923 0.00109279098 -0.0383887812
v 0.0773073435 0.00127178396 -0.0383887812
v 0.0772616193 0.00144940603 -0.0383887812
v 0.0772100016 0.00162529899 -0.0383887812
v 0.077152431 0.00179940404 -0.0383887812
v 0.0770890713 0.001971483 -0.0383887812
v 0.077019982 0.002141356 -0.0383887812
v 0.0769451782 0.00230878498 -0.0383887812
v 0.0768648311 0.00247359206 -0.0383887812
v 0.0767790005 0.00263565709 -0.0383887812
v 0.0766877532 0.00279468205 -0.0383887812
v 0.0765912533 0.00295060803 -0.0383887812
v 0.0764895007 0.00310319592 -0.0383887812
v 0.0763827488 0.00325226691 -0.0383887812
v 0.0762709901 0.0033976431 -0.0383887812
v 0.0761544704 0.0035392039 -0.0383887812
v 0.0760332271 0.00367677188 -0.0383887812
v 0.0759074613 0.00381016708 -0.0383887812
v 0.0757772326 0.00393927004 -0.0383887812
v 0.0756427571 0.00406396296 -0.0383887812
v 0.0755041763 0.00418406678 -0.0383887812
v 0.0753616616 0.00429940177 -0.0383887812
v 0.0752153322 0.00440990878 -0.0383887812
v 0.0750653669 0.004515409 -0.0383887812
v 0.074911952 0.00461584283 -0.0383887812
v 0.0747552514 0.00471109105 -0.0383887812
v 0.0745953918 0.00480097486 -0.0383887812
v 0.0744326711 0.0048854351 -0.0383887812
v 0.0742671415 0.00496441079 -0.0383887812
v 0.0740991235 0.00503778411 -0.0383887812
v 0.0739287063 0.00510543492 -0.0383887812
v 0.0737560913 0.00516736507 -0.0383887812
v 0.0735815093 0.00522345304 -0.0383887812
v 0.0734051391 0.00527364016 -0.0383887812
v 0.0732271597 0.00531786587 -0.0383887812
v 0.0730478689 0.00535607291 -0.0383887812
v 0.0728673264 0.00538825896 -0.0383887812
v 0.0726858303 0.00541436579 -0.0383887812
v 0.0725035593 0.00543433381 -0.0383887812
v 0.0723206922 0.00544816209 -0.0383887812
v 0.0721374676 0.00545591116 -0.0383887812
v 0.0719541311 0.00545740081 -0.0383887812
v 0.0717708394 0.00545281079 -0.0383887812
v 0.071587801 0.00544202281 -0.0383887812
v 0.0714051723 0.00542509509 -0.0383887812
v 0.0712232515 0.00540208817 -0.0383887812
v 0.0710422322 0.00537294103 -0.0383887812
v 0.0708622932 0.00533771515 -0.0383887812
v 0.0706835911 0.0052964678 -0.0383887812
v 0.0705064535 0.00524926092 -0.0383887812
v 0.0703309104 0.00519615412 -0.0383887812
v 0.0701572821 0.00513714505 -0.0383887812
v 0.0699857399 0.0050723548 -0.0383887812
v 0.0698165223 0.00500178291 -0.0383887812
v 0.0696496889 0.00492560817 -0.0383887812
v 0.0694855377 0.0048438902 -0.0383887812
v 0.0693242475 0.00475668907 -0.0383887812
v 0.0691659972 0.00466412306 -0.0383887812
v 0.0690109134 0.0045663109 -0.0383887812
v 0.0688591525 0.00446331501 -0.0383887812
v 0.0687110424 0.00435525086 -0.0383887812
v 0.0685665607 0.00424230006 -0.0383887812
v 0.0684259534 0.00412458088 -0.0383887812
v 0.0682894513 0.00400221301 -0.0383887812
v 0.0681570694 0.00387531496 -0.0383887812
v 0.0680290386 0.00374400592 -0.0383887812
v 0.0679055378 0.00360846496 -0.0383887812
v 0.0677866265 0.00346893002 -0.0383887812
v 0.0676724911 0.00332540204 -0.0383887812
v 0.0675631687 0.00317817903 -0.0383887812
v 0.0674589202 0.00302731898 -0.0383887812
v 0.0673597977 0.00287306309 -0.0383887812
v 0.0672658607 0.00271552801 -0.0383887812
v 0.0671773478 0.002555012 -0.0383887812
v 0.0670941994 0.00239151693 -0.0383887812
v 0.0670166612 0.00222539902 -0.0383887812
v 0.0669447109 0.00205671694 -0.0383887812
v 0.0668784901 0.00188571203 -0.0383887812
v 0.0668179914 0.00171262003 -0.0383887812
v 0.066763401 0.00153756095 -0.0383887812
v 0.0667146966 0.00136077404 -0.0383887812
v 0.0666719601 0.00118243601 -0.0383887812
v 0.066635251 0.00100278796 -0.0383887812
v 0.0666046068 0.000822053989 -0.0383887812
v 0.0665799901 0.000640339975 -0.0383887812
v 0.0665615723 0.000457902992 -0.0383887812
v 0.0665492415 0.00027494799 -0.0383887812
v 0.0665431023 9.16839999e-05 -0.0383887812
v 0.0665431023 -9.16839999e-05 -0.0383887812
v 0.0665492415 -0.00027494799 -0.0383887812
v 0.0665615723 -0.000457902992 -0.0383887812
v 0.0665799901 -0.000640339975 -0.0383887812
v 0.0666046068 -0.000822053989 -0.0383887812
v 0.066635251 -0.00100278796 -0.0383887812
v 0.0666719601 -0.00118243601 -0.0383887812
v 0.0667146966 -0.00136077404 -0.0383887812
v 0.066763401 -0.00153756095 -0.0383887812
v 0.0668179914 -0.00171262003 -0.0383887812
v 0.0668784901 -0.00188571203 -0.0383887812
v 0.0669447109 -0.00205671694 -0.0383887812
v 0.0670166612 -0.00222539902 -0.0383887812
v 0.0670941994 -0.00239151693 -0.0383887812
v 0.0671773478 -0.002555012 -0.0383887812
v 0.0672658607 -0.00271552801 -0.0383887812
v 0.0673597977 -0.00287306309 -0.0383887812
v 0.0674589202 -0.00302731898 -0.0383887812
v 0.0675631687 -0.00317817903 -0.0383887812
v 0.0676724911 -0.00332540204 -0.0383887812
v 0.0677866265 -0.00346893002 -0.0383887812
v 0.0679055378 -0.00360846496 -0.0383887812
v 0.0680290386 -0.00374400592 -0.0383887812
v 0.0681570694 -0.00387531496 -0.0383887812
v 0.0682894513 -0.00400221301 -0.0383887812
v 0.0684259534 -0.00412458088 -0.0383887812
v 0.0685665607 -0.00424230006 -0.0383887812
v 0.0687110424 -0.00435525086 -0.0383887812
v 0.0688591525 -0.00446331501 -0.0383887812
v 0.0690109134 -0.0045663109 -0.0383887812
v 0.0691659972 -0.00466412306 -0.0383887812
v 0.0693242475 -0.00475668907 -0.0383887812
v 0.0694855377 -0.0048438902 -0.0383887812
v 0.0696496889 -0.00492560817 -0.0383887812
v 0.0698165223 -0.00500178291 -0.0383887812
v 0.0269999504 -0.00924765971 -0.0289586093
v 0.0269999504 -0.0116289202 -0.0287587605
v 0.0269999504 0.00925719738 -0.0289578997
v 0.0269999504 0.0116289202 -0.0287587605
v 0.0269999504 -0.00131815602 -0.0292946603
v 0.0269999504 -0.00396346999 -0.0292387009
v 0.0269999504 -0.0066070552 -0.0291266404
v 0.0269999504 0.00661665201 -0.0291261598
v 0.0269999504 0.00397306588 -0.0292383991
v 0.0269999504 0.00132775295 -0.0292945504
v 0.0408205912 -0.00934606697 0.0184999704
v 0.0403305814 -0.00752007915 0.0184999704
v 0.0356931016 -0.0154999401 0.0184999704
v 0.0399473906 -0.00566881802 0.0184999704
v 0.039672371 -0.00379836489 0.0184999704
v 0.0395063683 -0.001915097 0.0184999704
v 0.0356931016 0.0257209502 0.0184999704
v 0.0437852107 0.0162305199 0.0184999704
v 0.0447751209 0.0178412106 0.0184999704
v 0.0394499786 -2.54508996e-05 0.0184999704
v 0.0395033918 0.00186431396 0.0184999704
v 0.0396664701 0.00374781992 0.0184999704
v 0.0399385616 0.00561869098 0.0184999704
v 0.0358935483 0.0256489497 0.0184999704
v 0.0409714505 -0.0155244404 0.0184999704
v 0.0420967303 -0.0155977597 0.0184999704
v 0.0429133102 -0.0146105802 0.0184999704
v 0.0432177708 -0.0157197695 0.0184999704
v 0.043520391 -0.0157611892 0.0184999704
v 0.0398440883 -0.0154999401 0.0184999704
v 0.0421141312 -0.0128973098 0.0184999704
v 0.0414158106 -0.0111404601 0.0184999704
v 0.0403188393 0.00747054815 0.0184999704
v 0.0408059917 0.00929725077 0.0184999704
v 0.0413983986 0.0110926004 0.0184999704
v 0.0420940518 0.0128505202 0.0184999704
v 0.0428905413 0.0145651102 0.0184999704
v 0.0458568297 0.0193917099 0.0184999704
v 0.0413542315 0.0235682707 0.0184999704
v 0.040688511 0.0238245707 0.0184999704
v 0.0433765016 0.0229129698 0.0184999704
v 0.0426984392 0.0231126491 0.0184999704
v 0.0420242511 0.0233310405 0.0184999704
v 0.039879851 0.0241458397 0.0184999704
v 0.0383735187 0.0247295406 0.0184999704
v 0.0366942808 0.0253577791 0.0184999704
v 0.048055701 0.0220493004 0.0184999704
v 0.0475193784 0.0221044403 0.0184999704
v 0.0470267497 0.0208767597 0.0184999704
v 0.0468208082 0.0221929494 0.0184999704
v 0.0461252891 0.0222999398 0.0184999704
v 0.0454329215 0.0224254709 0.0184999704
v 0.0447439514 0.0225694105 0.0184999704
v 0.0440583788 0.0227319002 0.0184999704
v 0.0326620899 0.0227999594 0.0139080202
v 0.0324674211 -0.0212703906 0.0143564297
v 0.0324606784 -0.0212668106 0.0143718701
v 0.0323401615 -0.0211855695 0.0146390097
v 0.0322552286 -0.0211282894 0.0148273101
v 0.032210581 -0.0210921708 0.0149226096
v 0.0318336412 -0.0207594596 0.0157120209
v 0.0318336412 0.0227999594 0.0157120209
v 0.0319482014 -0.0208671596 0.0154758003
v 0.0320458412 -0.0209589601 0.01527452
v 0.0331804082 -0.0214999896 0.0126216998
v 0.0330538712 -0.0214917604 0.0129495198
v 0.0333884917 0.0227999594 0.0120605798
v 0.0329536684 -0.0214729905 0.0132015301
v 0.0329252407 -0.0214676801 0.0132730603
v 0.0327946506 -0.0214283392 0.0135925403
v 0.0327154286 -0.0213959794 0.0137810698
v 0.0326620899 -0.02137422 0.0139080202
v 0.0321739316 0.0227999594 -0.0150028998
v 0.0321739316 -0.0214999896 -0.0150028998
v 0.0329621993 0.0227999594 -0.0131810298
v 0.0329621993 -0.0214999896 -0.0131810298
v 0.0336474702 0.0227999594 -0.0113179004
v 0.0336474702 -0.0214999896 -0.0113179004
v 0.0342274904 0.0227999594 -0.00941944122
v 0.0342274904 -0.0214999896 -0.00941944122
v 0.0347005092 0.0227999594 -0.00749146892
v 0.0347005092 -0.0214999896 -0.00749146892
v 0.0350649916 0.0227999594 -0.00554013206
v 0.0350649916 -0.0214999896 -0.00554013206
v 0.035319861 0.0227999594 -0.00357139111
v 0.035319861 -0.0214999896 -0.00357139111
v 0.0354642794 0.0227999594 -0.00159156299
v 0.0354642794 -0.0214999896 -0.00159156299
v 0.0354977809 0.0227999594 0.000393255992
v 0.0354977809 -0.0214999896 0.000393255992
v 0.0354202911 0.0227999594 0.00237685395
v 0.0354202911 -0.0214999896 0.00237685395
v 0.0352320597 0.0227999594 0.00435298588
v 0.0352320597 -0.0214999896 0.00435298588
v 0.0349336788 0.0227999594 0.00631558802
v 0.0349336788 -0.0214999896 0.00631558802
v 0.0345260501 0.0227999594 0.00825840235
v 0.0345260501 -0.0214999896 0.00825840235
v 0.0340104103 0.0227999594 0.0101754004
v 0.0340104103 -0.0214999896 0.0101754004
v 0.0333884917 -0.0214999896 0.0120605798
v 0.0281242691 -0.0214999896 -0.0236873608
v 0.0281242691 0.0227999594 -0.0236873608
v 0.0494454987 0.0234690905 0.0183067899
v 0.049425479 0.0234495401 0.0183115005
v 0.0494052097 0.0234298091 0.0183162
v 0.0491071902 0.0231391694 0.0183859393
v 0.0489858314 0.0230174009 0.0184074603
v 0.04877555 0.0228063408 0.0184447691
v 0.0487183891 0.0227472708 0.0184514504
v 0.0484505817 0.0224706493 0.0184828006
v 0.0482815504 0.0222908799 0.0184915606
v 0.0482383296 0.0222449806 0.0184938293
v 0.0481323488 0.02213227 0.0184993092
v 0.0509003401 0.0247852206 0.0177827403
v 0.0507377908 0.0246446095 0.0178521797
v 0.0505129583 0.0244501196 0.0179482605
v 0.0501773916 0.0241505504 0.0180763006
v 0.0501309 0.0241090003 0.0180940591
v 0.0500899516 0.0240712706 0.0181076508
v 0.049754139 0.0237617996 0.0182192307
v 0.0496155582 0.0236303806 0.0182585698
v 0.0525053106 0.0260662399 -0.0207726303
v 0.0519503914 0.0256408397 0.0172539894
v 0.0520957112 0.0257549807 0.0171746593
v 0.052505549 0.0260665994 0.0169368908
v 0.0518041812 0.0255260393 0.0173338
v 0.0516915917 0.0254375897 0.0173952505
v 0.0513569117 0.0251660906 0.0175657198
v 0.0512931906 0.02511435 0.0175981503
v 0.051025331 0.0248899404 0.0177239701
v 0.0509709716 0.0248444006 0.0177495405
v 0.053058859 0.0264714304 0.0151070897
v 0.0529212914 0.0263724308 0.0166825
v 0.0526741706 0.0261906292 0.0168337207
v 0.052582141 0.0261237007 -0.0200825892
v 0.0527772903 0.0262676403 -0.0181962196
v 0.0529542491 0.0263962094 -0.0163180195
v 0.0531127416 0.0265098792 -0.0144472104
v 0.0532525703 0.0266089402 -0.0125831896
v 0.0533735715 0.0266937595 -0.0107252495
v 0.0534756109 0.0267646909 -0.00887262821
v 0.0535585806 0.0268219095 -0.0070245862
v 0.0536223613 0.0268656593 -0.00518035796
v 0.0536669418 0.0268961098 -0.00333911111
v 0.0536922812 0.0269134007 -0.001500129
v 0.0536950789 0.02691531 -0.00112682499
v 0.0534323417 0.0267347004 0.00970041659
v 0.0533251688 0.0266599599 0.0115026198
v 0.0532005988 0.02657222 0.0133047597
v 0.053646259 0.0268820506 0.00429111719
v 0.0535930917 0.0268456303 0.00609493209
v 0.053521689 0.02679657 0.00789791346
v 0.0536973998 0.0269168597 0.000680416008
v 0.0536810718 0.0269057695 0.00248634792
v 0.0525241382 0.0260803103 0.01692551
v 0.0473853312 -0.0212930404 0.0165348593
v 0.0476828814 -0.0216374304 0.0162958503
v 0.0483158194 -0.0223284904 0.0157552306
v 0.0479116999 -0.0218873005 0.0161003992
v 0.0479003116 -0.0218749009 0.0161101203
v 0.0459251404 -0.0194827896 0.0176002309
v 0.0461773202 -0.0198164508 0.0174363796
v 0.0468832217 -0.0206994396 0.0169275906
v 0.0470594093 -0.0209158007 0.0167967007
v 0.0472186804 -0.0211001597 0.0166687295
v 0.0463946387 -0.0200954005 0.0172864702
v 0.0464693308 -0.02019131 0.0172349196
v 0.0465055704 -0.0202357695 0.0172080304
v 0.0448030196 -0.0178837702 0.0182015207
v 0.0449863598 -0.0181581303 0.0181188509
v 0.0450418517 -0.0182411 0.0180938207
v 0.0450703986 -0.0182838999 0.0180809405
v 0.0454735681 -0.0188639108 0.0178707801
v 0.0454770289 -0.0188689195 0.0178689305
v 0.0457638502 -0.0192630198 0.0176982805
v 0.0458871685 -0.0194325391 0.0176249109
v 0.0440521799 -0.0166860204 0.0184420291
v 0.0441607796 -0.0168648902 0.0184151493
v 0.0442389213 -0.01699364 0.0183958393
v 0.0442981087 -0.0170912091 0.0183811709
v 0.0445483886 -0.0174903795 0.0183005892
v 0.0446302816 -0.0176169202 0.0182687603
v 0.0438106582 -0.0162746292 0.0184819605
v 0.0438691303 -0.0163742304 0.0184723102
v 0 0.0394999906 0
v 0.00176131702 0.0394805595 -0.000120479999
v 0.00175619102 0.0394805595 -0.000180542993
v 0.001764416 0.0394805595 -6.02760992e-05
v 0.00176542904 0.0394805595 0
v 0.00173979905 0.0394805595 -0.000299971987
v 0.001728534 0.0394805595 -0.000359197002
v 0.00174897898 0.0394805595 -0.000240398003
v 0.00169998396 0.0394805595 -0.000476320012
v 0.00168269803 0.0394805595 -0.000534081017
v 0.00171524205 0.0394805595 -0.000418001
v 0.00164234603 0.0394805595 -0.000647671986
v 0.00161927904 0.0394805595 -0.000703368976
v 0.00166350603 0.0394805595 -0.000591223012
v 0.00156748202 0.0394805595 -0.000812233018
v 0.00153887202 0.0394805595 -0.000865278009
v 0.00159430504 0.0394805595 -0.000758243026
v 0.001476228 0.0394805595 -0.000968277978
v 0.00144231296 0.0394805595 -0.00101810601
v 0.00150841405 0.0394805595 -0.00091731298
v 0.00136947597 0.0394805595 -0.00111413002
v 0.00133061397 0.0394805595 -0.00116026402
v 0.00140672899 0.0394805595 -0.00106674398
v 0.00124835898 0.0394805595 -0.00124835898
v 0.00120502699 0.0394805595 -0.00129026105
v 0.00129026105 0.0394805595 -0.00120502699
v 0.00111413002 0.0394805595 -0.00136947597
v 0.00106674398 0.0394805595 -0.00140672899
v 0.00116026402 0.0394805595 -0.00133061397
v 0.000968280016 0.0394805595 -0.001476228
v 0.000917311001 0.0394805595 -0.00150841405
v 0.00101810601 0.0394805595 -0.00144231296
v 0.000812235987 0.0394805595 -0.00156748202
v 0.000758240989 0.0394805595 -0.00159430504
v 0.000865275972 0.0394805595 -0.00153887202
v 0.000647675013 0.0394805595 -0.00164234603
v 0.000591222022 0.0394805595 -0.00166350603
v 0.000703367987 0.0394805595 -0.00161927904
v 0.000476318994 0.0394805595 -0.00169998396
v 0.000418003008 0.0394805595 -0.00171524205
v 0.000534082996 0.0394805595 -0.00168269803
v 0.000299970998 0.0394805595 -0.00173979905
v 0.000240395995 0.0394805595 -0.00174897898
v 0.000359196012 0.0394805595 -0.001728534
v 0.000120479002 0.0394805595 -0.00176131702
v 6.02783002e-05 0.0394805595 -0.001764416
v 0.000180546005 0.0394805595 -0.00175619102
v -6.02721011e-05 0.0394805595 -0.001764416
v -0.000120479999 0.0394805595 -0.00176131702
v 0 0.0394805595 -0.00176542904
v -0.000240396999 0.0394805595 -0.00174897898
v -0.000299971987 0.0394805595 -0.00173979905
v -0.000180546995 0.0394805595 -0.00175619102
v -0.000418003998 0.0394805595 -0.00171524205
v -0.000476320012 0.0394805595 -0.00169998396
v -0.000359197002 0.0394805595 -0.001728534
v -0.000591223012 0.0394805595 -0.00166350603
v -0.000647676003 0.0394805595 -0.00164234603
v -0.000534083985 0.0394805595 -0.00168269803
v -0.000758241978 0.0394805595 -0.00159430504
v -0.000812236976 0.0394805595 -0.00156748202
v -0.000703368976 0.0394805595 -0.00161927904
v -0.000917311991 0.0394805595 -0.00150841405
v -0.000968281995 0.0394805595 -0.001476228
v -0.000865278009 0.0394805595 -0.00153887202
v -0.00106674398 0.0394805595 -0.00140672899
v -0.00111413002 0.0394805595 -0.00136947597
v -0.00101810601 0.0394805595 -0.00144231296
v -0.00120502699 0.0394805595 -0.00129026105
v -0.00124835898 0.0394805595 -0.00124835898
v -0.00116026402 0.0394805595 -0.00133061397
v -0.00133061397 0.0394805595 -0.00116026402
v -0.00136947597 0.0394805595 -0.00111413002
v -0.00129026105 0.0394805595 -0.00120502699
v -0.00144231296 0.0394805595 -0.00101810601
v -0.001476228 0.0394805595 -0.000968277978
v -0.00140672899 0.0394805595 -0.00106674398
v -0.00153887202 0.0394805595 -0.000865278009
v -0.00156748202 0.0394805595 -0.000812233018
v -0.00150841405 0.0394805595 -0.00091731298
v -0.00161927904 0.0394805595 -0.000703368976
v -0.00164234603 0.0394805595 -0.000647671986
v -0.00159430504 0.0394805595 -0.000758243026
v -0.00168269803 0.0394805595 -0.000534081017
v -0.00169998396 0.0394805595 -0.000476320012
v -0.00166350603 0.0394805595 -0.000591223012
v -0.001728534 0.0394805595 -0.000359197002
v -0.00173979905 0.0394805595 -0.000299971987
v -0.00171524205 0.0394805595 -0.000418001
v -0.00175619102 0.0394805595 -0.000180542993
v -0.00176131702 0.0394805595 -0.000120479999
v -0.00174897898 0.0394805595 -0.000240398003
v -0.00176542904 0.0394805595 0
v -0.001764416 0.0394805595 6.02742984e-05
v -0.001764416 0.0394805595 -6.02760992e-05
v -0.00175619102 0.0394805595 0.000180545001
v -0.00174897898 0.0394805595 0.000240399997
v -0.00176131702 0.0394805595 0.000120479002
v -0.001728534 0.0394805595 0.000359194994
v -0.00171524205 0.0394805595 0.000418003008
v -0.00173979905 0.0394805595 0.000299973995
v -0.00168269803 0.0394805595 0.000534082996
v -0.00166350603 0.0394805595 0.000591220974
v -0.00169998396 0.0394805595 0.000476318004
v -0.00161927904 0.0394805595 0.000703366997
v -0.00159430504 0.0394805595 0.000758240989
v -0.00164234603 0.0394805595 0.000647670997
v -0.00153887202 0.0394805595 0.000865275972
v -0.00150841405 0.0394805595 0.000917315017
v -0.00156748202 0.0394805595 0.000812234997
v -0.00144231296 0.0394805595 0.00101810601
v -0.00140672899 0.0394805595 0.00106674398
v -0.001476228 0.0394805595 0.000968280016
v -0.00133061397 0.0394805595 0.00116026402
v -0.00129026105 0.0394805595 0.00120502699
v -0.00136947597 0.0394805595 0.00111413002
v -0.00120502699 0.0394805595 0.00129026105
v -0.00116026402 0.0394805595 0.00133061397
v -0.00124835898 0.0394805595 0.00124835898
v -0.00106674398 0.0394805595 0.00140672899
v -0.00101810601 0.0394805595 0.00144231296
v -0.00111413002 0.0394805595 0.00136947597
v -0.000917311991 0.0394805595 0.00150841405
v -0.000865278009 0.0394805595 0.00153887202
v -0.000968281995 0.0394805595 0.001476228
v -0.000758241978 0.0394805595 0.00159430504
v -0.000703368976 0.0394805595 0.00161927904
v -0.000812236976 0.0394805595 0.00156748202
v -0.000591223012 0.0394805595 0.00166350603
v -0.000534083985 0.0394805595 0.00168269803
v -0.000647676003 0.0394805595 0.00164234603
v -0.000418003998 0.0394805595 0.00171524205
v -0.000359197002 0.0394805595 0.001728534
v -0.000476320012 0.0394805595 0.00169998396
v -0.000240396999 0.0394805595 0.00174897898
v -0.000180546995 0.0394805595 0.00175619102
v -0.000299971987 0.0394805595 0.00173979905
v -6.02721011e-05 0.0394805595 0.001764416
v 0 0.0394805595 0.00176542904
v -0.000120479999 0.0394805595 0.00176131702
v 0.000120479002 0.0394805595 0.00176131702
v 0.000180546005 0.0394805595 0.00175619102
v 6.02783002e-05 0.0394805595 0.001764416
v 0.000299970998 0.0394805595 0.00173979905
v 0.000359196012 0.0394805595 0.001728534
v 0.000240395995 0.0394805595 0.00174897898
v 0.000476318994 0.0394805595 0.00169998396
v 0.000534082996 0.0394805595 0.00168269803
v 0.000418003008 0.0394805595 0.00171524205
v 0.000647675013 0.0394805595 0.00164234603
v 0.000703367987 0.0394805595 0.00161927904
v 0.000591222022 0.0394805595 0.00166350603
v 0.000812235987 0.0394805595 0.00156748202
v 0.000865275972 0.0394805595 0.00153887202
v 0.000758240989 0.0394805595 0.00159430504
v 0.000968280016 0.0394805595 0.001476228
v 0.00101810601 0.0394805595 0.00144231296
v 0.000917311001 0.0394805595 0.00150841405
v 0.00111413002 0.0394805595 0.00136947597
v 0.00116026402 0.0394805595 0.00133061397
v 0.00106674398 0.0394805595 0.00140672899
v 0.00124835898 0.0394805595 0.00124835898
v 0.00129026105 0.0394805595 0.00120502699
v 0.00120502699 0.0394805595 0.00129026105
v 0.00136947597 0.0394805595 0.00111413002
v 0.00140672899 0.0394805595 0.00106674398
v 0.00133061397 0.0394805595 0.00116026402
v 0.001476228 0.0394805595 0.000968280016
v 0.00150841405 0.0394805595 0.000917315017
v 0.00144231296 0.0394805595 0.00101810601
v 0.00156748202 0.0394805595 0.000812234997
v 0.00159430504 0.0394805595 0.000758240989
v 0.00153887202 0.0394805595 0.000865275972
v 0.00164234603 0.0394805595 0.000647670997
v 0.00166350603 0.0394805595 0.000591220974
v 0.00161927904 0.0394805595 0.000703366997
v 0.00169998396 0.0394805595 0.000476318004
v 0.00171524205 0.0394805595 0.000418003008
v 0.00168269803 0.0394805595 0.000534082996
v 0.00173979905 0.0394805595 0.000299973995
v 0.00174897898 0.0394805595 0.000240399997
v 0.001728534 0.0394805595 0.000359194994
v 0.00176131702 0.0394805595 0.000120479002
v 0.001764416 0.0394805595 6.02742984e-05
v 0.00175619102 0.0394805595 0.000180545001
v 0.0198977496 0.0352411792 0.0199436508
v 0.0199227296 0.0352402888 0.01992267
v 0.0193543397 0.0354654714 0.0193543397
v 0.0274273101 0.0342817903 0.0152919795
v 0.0278951507 0.0341817103 0.0151043497
v 0.0281665307 0.0341817699 0.01459473
v 0.0306875091 0.0335132405 0.0141704604
v 0.0308487397 0.0334702097 0.0141283805
v 0.0311219599 0.0334703289 0.01351815
v 0.0429336391 0.0293720309 0.0129754497
v 0.0430517085 0.0294300895 0.0120629603
v 0.0413414203 0.0301608406 0.0115833199
v 0.0426155291 0.0292131305 -0.0151460702
v 0.0426060483 0.0292184893 -0.0151421996
v 0.0426261984 0.0292184893 -0.0150794899
v 0.0410653315 0.0283891503 -0.0231642108
v 0.0407849513 0.0282308999 -0.0243635103
v 0.0405924916 0.0282308999 -0.0246848408
v 0.0327235982 0.0310069304 -0.0243547503
v 0.032597661 0.0310572907 -0.0243044402
v 0.0332189202 0.0310574695 -0.0234484598
v 0.0129647199 0.0352437384 -0.0250015203
v 0.0129566099 0.0352438614 -0.0250052195
v 0.0125924898 0.0354654714 -0.0243024193
v 0.0184900705 0.0352518484 0.0212053005
v 0.0191277191 0.0352518484 0.0206319001
v 0.01798838 0.0354654714 0.0206300002
v 0.0186822396 0.0354654714 0.02000379
v 0.0182490293 0.0352518484 0.0214083102
v 0.0172735993 0.0354654714 0.0212321207
v 0.01775527 0.0352518484 0.0218241792
v 0.01734077 0.0352518484 0.0221497994
v 0.0165386107 0.0354654714 0.0218094494
v 0.0169998407 0.0352518484 0.0224176608
v 0.0164033696 0.0352518484 0.02285414
v 0.0157843791 0.0354654714 0.0223613903
v 0.0162245594 0.0352518484 0.0229849797
v 0.0154383099 0.0352518484 0.0235201102
v 0.0150117204 0.0354654714 0.0228872802
v 0.0154303899 0.0352518484 0.0235255305
v 0.0142216003 0.0354654714 0.0233864095
v 0.0146182096 0.0352518484 0.0240386091
v 0.0144435102 0.0352518484 0.0241407696
v 0.0134148505 0.0354654714 0.0238583591
v 0.0137889301 0.0352518484 0.0245236699
v 0.0134243304 0.0352518484 0.0247205403
v 0.0125924898 0.0354654714 0.0243024193
v 0.0129436804 0.0352518484 0.0249801204
v 0.0123826796 0.0352518484 0.0252587702
v 0.0117554599 0.0354654714 0.0247181598
v 0.0120832901 0.0352518484 0.0254074894
v 0.0113201104 0.0352518484 0.0257545691
v 0.0109046604 0.0354654714 0.0251051094
v 0.0112087699 0.0352518484 0.0258052293
v 0.0100411698 0.0354654714 0.0254628006
v 0.0103211896 0.0352518484 0.0261728708
v 0.01023727 0.0352518484 0.0262043402
v 0.00916600227 0.0354654714 0.0257907491
v 0.00942164566 0.0352518484 0.0265100002
v 0.00913572311 0.0352518484 0.0266061407
v 0.00828015804 0.0354654714 0.0260886494
v 0.00851106644 0.0352518484 0.02681618
v 0.00801890995 0.0352518484 0.0269631706
v 0.00738459779 0.0354654714 0.0263561606
v 0.00759053184 0.0352518484 0.0270911399
v 0.00688856794 0.0352518484 0.0272749607
v 0.006480515 0.0354654714 0.0265929103
v 0.00666123582 0.0352518484 0.0273345094
v 0.00574660301 0.0352518484 0.0275409203
v 0.00556880189 0.0354654714 0.0267986599
v 0.00572407199 0.0352518484 0.0275459792
v 0.00465059187 0.0354654714 0.0269731805
v 0.00478029205 0.0352518484 0.0277253296
v 0.00459360983 0.0352518484 0.0277542397
v 0.0037270179 0.0354654714 0.0271162298
v 0.0038309691 0.0352518484 0.0278723799
v 0.00343286898 0.0352518484 0.0279201791
v 0.00279903389 0.0354654714 0.0272276402
v 0.00287711597 0.0352518484 0.02798694
v 0.00226640701 0.0352518484 0.0280392095
v 0.00186783005 0.0354654714 0.0273073297
v 0.00191992498 0.0352518484 0.0280688405
v 0.00109612895 0.0352518484 0.0281111002
v 0.000934484997 0.0354654714 0.0273551904
v 0.000960538979 0.0352518484 0.0281180106
v 0 0.0354654714 0.0273711607
v 0 0.0352518484 0.0281344596
v -7.61865012e-05 0.0352518484 0.0281331502
v -0.000934479001 0.0354654714 0.0273551904
v -0.000960541016 0.0352518484 0.0281180106
v -0.00124829996 0.0352518484 0.0281032901
v -0.00186783005 0.0354654714 0.0273073297
v -0.00191992498 0.0352518484 0.0280688405
v -0.00241827895 0.0352518484 0.0280262195
v -0.00279903389 0.0354654714 0.0272276402
v -0.00287711597 0.0352518484 0.02798694
v -0.0035842061 0.0352518484 0.0279019997
v -0.0037270179 0.0354654714 0.0271162298
v -0.0038309691 0.0352518484 0.0278723799
v -0.00474423077 0.0352518484 0.0277309399
v -0.00465059187 0.0354654714 0.0269731805
v -0.00478029205 0.0352518484 0.0277253296
v -0.00556880189 0.0354654714 0.0267986599
v -0.00572407199 0.0352518484 0.0275459792
v -0.00589525606 0.0352518484 0.0275073592
v -0.006480515 0.0354654714 0.0265929103
v -0.00666123582 0.0352518484 0.0273345094
v -0.00703602983 0.0352518484 0.0272363406
v -0.00738459779 0.0354654714 0.0263561606
v -0.00759053184 0.0352518484 0.0270911399
v -0.00816494226 0.0352518484 0.0269195996
v -0.00828015804 0.0354654714 0.0260886494
v -0.00851106644 0.0352518484 0.02681618
v -0.00928014517 0.0352518484 0.0265575591
v -0.00916600227 0.0354654714 0.0257907491
v -0.00942164566 0.0352518484 0.0265100002
v -0.0100412304 0.0354654714 0.0254628006
v -0.0103211896 0.0352518484 0.0261728708
v -0.0103791896 0.0352518484 0.0261488501
v -0.0109046604 0.0354654714 0.0251051094
v -0.0112087699 0.0352518484 0.0258052293
v -0.01145887 0.0352518484 0.0256914999
v -0.0117554599 0.0354654714 0.0247181598
v -0.0120832901 0.0352518484 0.0254074894
v -0.0125191798 0.0352518484 0.0251909997
v -0.0125924898 0.0354654714 0.0243024193
v -0.0129436804 0.0352518484 0.0249801204
v -0.0135584399 0.0352518484 0.0246481206
v -0.0134148505 0.0354654714 0.0238583591
v -0.0137889301 0.0352518484 0.0245236699
v -0.0145750605 0.0352518484 0.02406382
v -0.0142216003 0.0354654714 0.0233864095
v -0.0146182096 0.0352518484 0.0240386091
v -0.0150117204 0.0354654714 0.0228872802
v -0.0154303899 0.0352518484 0.0235255305
v -0.0155643197 0.0352518484 0.0234343391
v -0.0157843791 0.0354654714 0.0223613903
v -0.0162245594 0.0352518484 0.0229849797
v -0.0165263992 0.0352518484 0.0227641407
v -0.0165386107 0.0354654714 0.0218094494
v -0.0169998407 0.0352518484 0.0224176608
v -0.0174606405 0.0352518484 0.0220556799
v -0.0172735993 0.0354654714 0.0212321207
v -0.01775527 0.0352518484 0.0218241792
v -0.0183656197 0.0352518484 0.0213100892
v -0.01798838 0.0354654714 0.0206300002
v -0.0184900705 0.0352518484 0.0212053005
v -0.0186822396 0.0354654714 0.02000379
v -0.0192032401 0.0352518484 0.0205616299
v -0.0192386508 0.0352518484 0.0205274206
v -0.0193543397 0.0354654714 0.0193543397
v -0.0198940597 0.0352518484 0.0198940597
v -0.0200756099 0.0352518484 0.0197061803
v -0.02000379 0.0354654714 0.0186822396
v -0.0205616299 0.0352518484 0.0192032401
v -0.0212321207 0.0354654714 0.0172735993
v -0.0216467306 0.0352518484 0.0179659706
v -0.0206300002 0.0354654714 0.01798838
v -0.0212053005 0.0352518484 0.0184900705
v -0.0208787303 0.0352518484 0.0188519303
v -0.0223613903 0.0354654714 0.0157843791
v -0.0224176608 0.0352518484 0.0169998407
v -0.0218094494 0.0354654714 0.0165386107
v -0.0223784391 0.0352518484 0.0170497205
v -0.0218241792 0.0352518484 0.01775527
v -0.0228872802 0.0354654714 0.0150117204
v -0.0230685398 0.0352518484 0.0161017701
v -0.0229849797 0.0352518484 0.0162245594
v -0.0233864095 0.0354654714 0.0142216003
v -0.0237180497 0.0352518484 0.0151255699
v -0.0235255305 0.0352518484 0.0154303899
v -0.0238583591 0.0354654714 0.0134148505
v -0.0243276898 0.0352518484 0.0141240302
v -0.0240386091 0.0352518484 0.0146182096
v -0.0247181598 0.0354654714 0.0117554599
v -0.0249801204 0.0352518484 0.0129436804
v -0.0243024193 0.0354654714 0.0125924898
v -0.0248964392 0.0352518484 0.0130986497
v -0.0245236699 0.0352518484 0.0137889301
v -0.0251051094 0.0354654714 0.0109046604
v -0.0254223291 0.0352518484 0.0120506799
v -0.0254074894 0.0352518484 0.0120832901
v -0.0254628006 0.0354654714 0.0100411698
v -0.0259000603 0.0352518484 0.0109798303
v -0.0258052293 0.0352518484 0.0112087699
v -0.0257907491 0.0354654714 0.00916600227
v -0.0263342205 0.0352518484 0.00989067461
v -0.0261728708 0.0352518484 0.0103211896
v -0.0260886494 0.0354654714 0.00828015804
v -0.0267241001 0.0352518484 0.00878489017
v -0.0265100002 0.0352518484 0.00942164566
v -0.0265929103 0.0354654714 0.006480515
v -0.0270911399 0.0352518484 0.00759053184
v -0.0263561606 0.0354654714 0.00738459779
v -0.0270691495 0.0352518484 0.00766426278
v -0.02681618 0.0352518484 0.00851106644
v -0.0267986599 0.0354654714 0.00556880189
v -0.0273642503 0.0352518484 0.00652944995
v -0.0273345094 0.0352518484 0.00666123582
v -0.0269731805 0.0354654714 0.00465059187
v -0.0276107695 0.0352518484 0.00538313296
v -0.0275459792 0.0352518484 0.00572407199
v -0.0271162298 0.0354654714 0.0037270179
v -0.0278109293 0.0352518484 0.00422781706
v -0.0277253296 0.0352518484 0.00478029205
v -0.0273073297 0.0354654714 0.00186783005
v -0.02798694 0.0352518484 0.00287711597
v -0.0272276402 0.0354654714 0.00279903389
v -0.0279643498 0.0352518484 0.00306540704
v -0.0278723799 0.0352518484 0.0038309691
v -0.0273551904 0.0354654714 0.000934480981
v -0.0280699693 0.0352518484 0.00189763296
v -0.0280688405 0.0352518484 0.00191992498
v -0.0273711607 0.0354654714 0
v -0.02812206 0.0352518484 0.000726251979
v -0.0281180106 0.0352518484 0.000960542995
v -0.0273551904 0.0354654714 -0.000934482028
v -0.0281268302 0.0352518484 -0.000446252991
v -0.0281344596 0.0352518484 0
v -0.0273073297 0.0354654714 -0.00186783005
v -0.0280843303 0.0352518484 -0.00161796797
v -0.0281180106 0.0352518484 -0.000960541016
v -0.0271162298 0.0354654714 -0.0037270179
v -0.02798694 0.0352518484 -0.00287711597
v -0.0272276402 0.0354654714 -0.00279903389
v -0.0279946309 0.0352518484 -0.00278705289
v -0.0280688405 0.0352518484 -0.00191992498
v -0.0269731805 0.0354654714 -0.00465059187
v -0.0278537795 0.0352518484 -0.00395113183
v -0.0278723799 0.0352518484 -0.0038309691
v -0.0267986599 0.0354654714 -0.00556880189
v -0.0276630502 0.0352518484 -0.00510805799
v -0.0277253296 0.0352518484 -0.00478029205
v -0.0265929103 0.0354654714 -0.006480515
v -0.0274258796 0.0352518484 -0.00625628186
v -0.0275459792 0.0352518484 -0.00572407199
v -0.0260886494 0.0354654714 -0.00828015804
v -0.0270911399 0.0352518484 -0.00759053184
v -0.0263561606 0.0354654714 -0.00738459779
v -0.0271425806 0.0352518484 -0.00739407493
v -0.0273345094 0.0352518484 -0.00666123582
v -0.0257907491 0.0354654714 -0.00916600227
v -0.0268133804 0.0352518484 -0.00851946976
v -0.02681618 0.0352518484 -0.00851106644
v -0.0254628006 0.0354654714 -0.0100411698
v -0.0264324509 0.0352518484 -0.00962841511
v -0.0265100002 0.0352518484 -0.00942164566
v -0.0251051094 0.0354654714 -0.0109046604
v -0.0260072295 0.0352518484 -0.0107211396
v -0.0261728708 0.0352518484 -0.0103211896
v -0.0247181598 0.0354654714 -0.0117554599
v -0.0255382601 0.0352518484 -0.0117957499
v -0.0258052293 0.0352518484 -0.0112087699
v -0.0238583591 0.0354654714 -0.0134148505
v -0.0249801204 0.0352518484 -0.0129436804
v -0.0243024193 0.0354654714 -0.0125924898
v -0.0250263195 0.0352518484 -0.0128506403
v -0.0254074894 0.0352518484 -0.0120832901
v -0.0233864095 0.0354654714 -0.0142216003
v -0.0244690701 0.0352518484 -0.0138822701
v -0.0245236699 0.0352518484 -0.0137889301
v -0.0228872802 0.0354654714 -0.0150117204
v -0.0238675997 0.0352518484 -0.0148888202
v -0.0240386091 0.0352518484 -0.0146182096
v -0.0223613903 0.0354654714 -0.0157843791
v -0.0232261401 0.0352518484 -0.0158702694
v -0.0235255305 0.0352518484 -0.0154303899
v -0.0206300002 0.0354654714 -0.01798838
v -0.0218241792 0.0352518484 -0.01775527
v -0.0212321207 0.0354654714 -0.0172735993
v -0.0224176608 0.0352518484 -0.0169998407
v -0.0218094494 0.0354654714 -0.0165386107
v -0.0225455705 0.0352518484 -0.0168250706
v -0.0229849797 0.0352518484 -0.0162245594
v -0.02000379 0.0354654714 -0.0186822396
v -0.0210663602 0.0352518484 -0.0186440293
v -0.0212053005 0.0352518484 -0.0184900705
v -0.0193543397 0.0354654714 -0.0193543397
v -0.0202702191 0.0352518484 -0.0195048396
v -0.0205616299 0.0352518484 -0.0192032401
v -0.0186822396 0.0354654714 -0.02000379
v -0.0194400493 0.0352518484 -0.0203328095
v -0.0198940597 0.0352518484 -0.0198940597
v -0.0172735993 0.0354654714 -0.0212321207
v -0.0184900705 0.0352518484 -0.0212053005
v -0.01798838 0.0354654714 -0.0206300002
v -0.0185771491 0.0352518484 -0.0211266801
v -0.0192032401 0.0352518484 -0.0205616299
v -0.0165386107 0.0354654714 -0.0218094494
v -0.0176808797 0.0352518484 -0.0218826495
v -0.01775527 0.0352518484 -0.0218241792
v -0.0157843791 0.0354654714 -0.0223613903
v -0.0167523604 0.0352518484 -0.0225987397
v -0.0169998407 0.0352518484 -0.0224176608
v -0.0150117204 0.0354654714 -0.0228872802
v -0.0157958195 0.0352518484 -0.0232768003
v -0.0162245594 0.0352518484 -0.0229849797
v -0.0142216003 0.0354654714 -0.0233864095
v -0.0148126399 0.0352518484 -0.0239157602
v -0.0154303899 0.0352518484 -0.0235255305
v -0.0125924898 0.0354654714 -0.0243024193
v -0.0137889301 0.0352518484 -0.0245236699
v -0.0134148505 0.0354654714 -0.0238583591
v -0.0138045503 0.0352518484 -0.0245145503
v -0.0146182096 0.0352518484 -0.0240386091
v -0.0117554599 0.0354654714 -0.0247181598
v -0.0127699897 0.0352518484 -0.0250664297
v -0.0129436804 0.0352518484 -0.0249801204
v -0.0109046604 0.0354654714 -0.0251051094
v -0.0117137404 0.0352518484 -0.0255755708
v -0.0120832901 0.0352518484 -0.0254074894
v -0.0100412304 0.0354654714 -0.0254628006
v -0.0106378701 0.0352518484 -0.0260416791
v -0.0112087699 0.0352518484 -0.0258052293
v -0.00828015804 0.0354654714 -0.0260886494
v -0.00942164566 0.0352518484 -0.0265100002
v -0.00916600227 0.0354654714 -0.0257907491
v -0.0095440736 0.0352518484 -0.0264641009
v -0.0103211896 0.0352518484 -0.0261728708
v -0.00738459779 0.0354654714 -0.0263561606
v -0.00843322184 0.0352518484 -0.0268394295
v -0.00851106644 0.0352518484 -0.02681618
v -0.006480515 0.0354654714 -0.0265929103
v -0.00730693294 0.0352518484 -0.0271654092
v -0.00759053184 0.0352518484 -0.0270911399
v -0.00556880189 0.0354654714 -0.0267986599
v -0.00616842508 0.0352518484 -0.0274457298
v -0.00666123582 0.0352518484 -0.0273345094
v -0.00465059187 0.0354654714 -0.0269731805
v -0.00501954509 0.0352518484 -0.0276799202
v -0.00572407199 0.0352518484 -0.0275459792
v -0.00279903389 0.0354654714 -0.0272276402
v -0.0038309691 0.0352518484 -0.0278723799
v -0.0037270179 0.0354654714 -0.0271162298
v -0.00386208203 0.0352518484 -0.02786755
v -0.00478029205 0.0352518484 -0.0277253296
v -0.00186783005 0.0354654714 -0.0273073297
v -0.00269728806 0.0352518484 -0.0280023199
v -0.00287711597 0.0352518484 -0.02798694
v -0.000934479001 0.0354654714 -0.0273551904
v -0.00152796495 0.0352518484 -0.0280889198
v -0.00191992498 0.0352518484 -0.0280688405
v 0 0.0354654714 -0.0273711607
v -0.000356178993 0.0352518484 -0.02812838
v -0.000960541016 0.0352518484 -0.0281180106
v 0.00186783005 0.0354654714 -0.0273073297
v 0.000960538979 0.0352518484 -0.0281180106
v 0.000934484997 0.0354654714 -0.0273551904
v 0.000816326006 0.0352518484 -0.0281205103
v 0 0.0352518484 -0.0281344596
v 0.00279903389 0.0354654714 -0.0272276402
v 0.00198739697 0.0352518484 -0.0280630495
v 0.00191992498 0.0352518484 -0.0280688405
v 0.0037270179 0.0354654714 -0.0271162298
v 0.00315487292 0.0352518484 -0.0279535595
v 0.00287711597 0.0352518484 -0.02798694
v 0.00465059187 0.0354654714 -0.0269731805
v 0.00431686593 0.0352518484 -0.0277971607
v 0.0038309691 0.0352518484 -0.0278723799
v 0.00556880189 0.0354654714 -0.0267986599
v 0.00547164585 0.0352518484 -0.0275939703
v 0.00478029205 0.0352518484 -0.0277253296
v 0.00738459779 0.0354654714 -0.0263561606
v 0.00666123582 0.0352518484 -0.0273345094
v 0.006480515 0.0354654714 -0.0265929103
v 0.0066173072 0.0352518484 -0.0273444001
v 0.00572407199 0.0352518484 -0.0275459792
v 0.00828015804 0.0354654714 -0.0260886494
v 0.00775056984 0.0352518484 -0.0270433407
v 0.00759053184 0.0352518484 -0.0270911399
v 0.00916600227 0.0354654714 -0.0257907491
v 0.0088703027 0.0352518484 -0.0266953707
v 0.00851106644 0.0352518484 -0.02681618
v 0.0100411698 0.0354654714 -0.0254628006
v 0.00997501612 0.0352518484 -0.0263025705
v 0.00942164566 0.0352518484 -0.0265100002
v 0.0121322796 0.0352518484 -0.0253841206
v 0.0120832901 0.0352518484 -0.0254074894
v 0.0117554599 0.0354654714 -0.0247181598
v 0.0112087699 0.0352518484 -0.0258052293
v 0.0109046604 0.0354654714 -0.0251051094
v 0.0110630896 0.0352518484 -0.0258655492
v 0.0103211896 0.0352518484 -0.0261728708
v 0.0123188999 0.0352514312 -0.0252956692
v 0.0134148505 0.0354654714 -0.0238583591
v 0.0138486596 0.0352170393 -0.02462947
v 0.01371592 0.0352228209 -0.0246819798
v 0.01307147 0.0352415405 -0.0249546096
v 0.0143643003 0.0351946317 -0.0244253799
v 0.0142216003 0.0354654714 -0.0233864095
v 0.01476424 0.0351715609 -0.0242779795
v 0.0150162503 0.0351570807 -0.0241851192
v 0.0150117204 0.0354654714 -0.0228872802
v 0.01567173 0.0351102315 -0.0239611194
v 0.0157843791 0.0354654714 -0.0223613903
v 0.0161697194 0.0350686312 -0.0238026306
v 0.0157085005 0.0351071283 -0.0239493791
v 0.0177258197 0.0349053703 -0.0233737808
v 0.0174857304 0.0349345803 -0.0234319493
v 0.0165386107 0.0354654714 -0.0218094494
v 0.0168274604 0.0350059792 -0.0236086808
v 0.0166932903 0.0350187384 -0.0236482602
v 0.0181443598 0.0348545313 -0.0232723895
v 0.0172735993 0.0354654714 -0.0212321207
v 0.01820218 0.034846779 -0.0232598707
v 0.0186397992 0.034846779 -0.0229114201
v 0.0188158099 0.0347641706 -0.0231276099
v 0.0188033506 0.0347660109 -0.0231299903
v 0.0194625799 0.0346691608 -0.0230047107
v 0.0194112007 0.034846779 -0.0222616699
v 0.0199853107 0.0345858298 -0.0229190495
v 0.0201220494 0.0345640108 -0.02289664
v 0.0201599002 0.034846779 -0.0215860009
v 0.0207817499 0.0344506986 -0.0228057504
v 0.0221894905 0.0341817103 -0.0226705596
v 0.0221014004 0.0341999494 -0.0226759892
v 0.0208851006 0.034846779 -0.0208851006
v 0.0214415099 0.034329351 -0.0227321908
v 0.02125144 0.034364339 -0.0227533504
v 0.0242180191 0.0337305591 -0.0226164404
v 0.0239696503 0.0337906405 -0.0226120893
v 0.0231844094 0.0341817699 -0.0216527507
v 0.0233051106 0.0339434706 -0.0226185303
v 0.0224316698 0.0341817699 -0.0224316698
v 0.0226430204 0.0340877697 -0.0226429701
v 0.0226363502 0.0340892002 -0.0226431992
v 0.0246300101 0.0336308405 -0.0226237103
v 0.0239101592 0.0341817699 -0.0208485704
v 0.0252622906 0.0334702693 -0.0226521995
v 0.0259383898 0.0332908593 -0.0227006599
v 0.0252861902 0.0334642492 -0.0226532798
v 0.0255742595 0.0334703289 -0.0222995803
v 0.0278708898 0.0327313505 -0.0229497496
v 0.0272306707 0.0329243504 -0.0228489004
v 0.0263206903 0.0334703289 -0.0214134995
v 0.0265865307 0.0331109092 -0.0227659307
v 0.0260478798 0.0332604609 -0.0227116905
v 0.0302686598 0.0319389105 -0.0234963205
v 0.0297678094 0.0321137309 -0.0233594105
v 0.0288107898 0.0327123888 -0.0218479
v 0.0291394498 0.0323259793 -0.0232048593
v 0.0285071693 0.03253185 -0.0230683591
v 0.0280480906 0.0327123888 -0.0228188001
v 0.0283113699 0.0325932503 -0.0230318308
v 0.0279315095 0.0327123404 -0.0229610205
v 0.0321196318 0.03124821 -0.0241135303
v 0.031509161 0.0314840004 -0.0238900706
v 0.0313731991 0.0319080912 -0.0221456196
v 0.0314997993 0.0314874612 -0.0238869693
v 0.0305988695 0.0319080912 -0.0232038405
v 0.0308921896 0.031714201 -0.0236843806
v 0.0303544905 0.0319079682 -0.0235222504
v 0.0329255387 0.0309244897 -0.0244399905
v 0.0347547494 0.0301592294 -0.0252047703
v 0.0338863097 0.0305263903 -0.0248467308
v 0.0331176482 0.0308453999 -0.0245220009
v 0.035075359 0.0301608406 -0.0247589294
v 0.0366777107 0.0293322802 -0.0259792209
v 0.0352806412 0.0299368501 -0.0254215505
v 0.0391461216 0.0282292906 -0.0269172695
v 0.0383653007 0.0285838805 -0.0266283099
v 0.0378094912 0.0292184893 -0.0247992203
v 0.0369628593 0.0292072203 -0.0260908008
v 0.0369408093 0.0292184893 -0.0260756593
v 0.0369371697 0.0292184893 -0.0260807201
v 0.0397260115 0.0282308999 -0.0260562804
v 0.0402780697 0.0279378202 -0.0264190994
v 0.0402240716 0.0279061701 -0.0266329609
v 0.0401654206 0.0278715398 -0.02686131
v 0.0397697613 0.0279461108 -0.0271480605
v 0.0400635004 0.02781111 -0.0272544008
v 0.0407670103 0.0282208305 -0.0244401004
v 0.0406922102 0.0281777903 -0.0247467104
v 0.0404550396 0.0280413609 -0.02571862
v 0.0401473604 0.0292184893 -0.0208026692
v 0.0413162708 0.0285282098 -0.0220434591
v 0.0394137502 0.0292184893 -0.0221612398
v 0.0410800502 0.0283973198 -0.0230983999
v 0.0386341214 0.0292184893 -0.02349394
v 0.0418151617 0.0287982207 -0.0196549799
v 0.0417720601 0.0287750904 -0.0198665205
v 0.040834181 0.0292184893 -0.0194198396
v 0.0415722094 0.0286678001 -0.0208478495
v 0.0414384007 0.0285948496 -0.0214728694
v 0.0420449302 0.0289195701 -0.0184647404
v 0.0414733812 0.0292184893 -0.0180144291
v 0.0420789681 0.0289373305 -0.0182780009
v 0.0420642383 0.0292184893 -0.0165879708
v 0.0424643084 0.0291364696 -0.01609152
v 0.0423592292 0.0290825292 -0.0167052094
v 0.0422613584 0.0290322807 -0.0172769409
v 0.0426536202 0.0292323809 -0.0149081899
v 0.040454559 0.0301608406 -0.0143775297
v 0.0428290889 0.02932024 -0.0137268296
v 0.0409218594 0.0301608406 -0.0129879704
v 0.0428465605 0.0293288808 -0.0135991499
v 0.0429906808 0.0294001605 -0.0125471903
v 0.0413414203 0.0301608406 -0.0115833199
v 0.0430513583 0.0294299107 -0.0120630199
v 0.0431382582 0.0294724703 -0.0113691604
v 0.0417128205 0.0301608406 -0.0101650897
v 0.0432327315 0.0295182392 -0.0105359498
v 0.0432716608 0.0295371395 -0.0101924501
v 0.0420355201 0.0301608406 -0.00873505976
v 0.0433908701 0.0295944791 -0.00901687145
v 0.0434957705 0.02964448 -0.00784218311
v 0.0423092209 0.0301608406 -0.00729483319
v 0.0435224697 0.0296571199 -0.00750416517
v 0.0435586497 0.0296742897 -0.00704622222
v 0.0425336286 0.0301608406 -0.00584608316
v 0.0436307713 0.0297083203 -0.00599700212
v 0.0427084491 0.0301608406 -0.00439053681
v 0.0437059402 0.0297436696 -0.00468939496
v 0.0436397083 0.0297125503 -0.00586652709
v 0.0437941514 0.0297847893 -0.00234120991
v 0.0437737107 0.0297753196 -0.002994298
v 0.04283344 0.0301608406 -0.00292986608
v 0.0437574312 0.0297676902 -0.00351446797
v 0.0437145196 0.0297476593 -0.00449407101
v 0.0438099988 0.0297921803 -0.00149661303
v 0.0429084785 0.0301608406 -0.00146579696
v 0.0438162014 0.0297950506 -0.00116920401
v 0.0429335199 0.0301608406 0
v 0.0438234806 0.0297984406 2.01079001e-06
v 0.0438161418 0.0297950506 0.00117301894
v 0.0429084785 0.0301608406 0.00146579696
v 0.0438100584 0.0297921803 0.00149661303
v 0.0437940918 0.0297847893 0.00234424998
v 0.04283344 0.0301608406 0.00292986608
v 0.0437737107 0.0297753196 0.002994298
v 0.0437573716 0.0297676902 0.00351619697
v 0.0427084491 0.0301608406 0.00439053681
v 0.0437145196 0.0297476593 0.00449407101
v 0.0437059402 0.0297436099 0.00468939496
v 0.0425336286 0.0301608406 0.00584608316
v 0.0436398312 0.0297126099 0.00586426212
v 0.0423092209 0.0301608406 0.00729483319
v 0.0435590111 0.0296744704 0.00704133511
v 0.0436307117 0.0297083203 0.00599700212
v 0.0420355201 0.0301608406 0.00873505976
v 0.0434635207 0.0296291094 0.0082209697
v 0.0435215794 0.0296567008 0.00750416517
v 0.0417128205 0.0301608406 0.0101650897
v 0.0433531888 0.0295764208 0.0094037652
v 0.0433893204 0.0295936391 0.00901675224
v 0.0430883095 0.0294480901 0.01178056
v 0.0432281382 0.0295161009 0.0105901305
v 0.0432338715 0.0295188408 0.0105358902
v 0.0429055616 0.0293582007 0.0131810904
v 0.0420643017 0.0296919309 0.0131846601
v 0.0415594503 0.0298873093 0.0131868701
v 0.0409218594 0.0301608406 0.0129879704
v 0.0408557616 0.0301596504 0.01318991
v 0.0404964611 0.0302987006 0.0131915202
v 0.0379129015 0.0312549993 0.0132032
v 0.0384581015 0.0310570505 0.0132007003
v 0.0387559496 0.0310574695 0.01230055
v 0.0387474187 0.0309520308 0.0131993797
v 0.0355937406 0.0320563912 0.0132973697
v 0.0360371396 0.0319077894 0.0132661397
v 0.0361846611 0.0319080912 0.0128600001
v 0.0363041088 0.0318183303 0.0132473698
v 0.0377039313 0.0313299187 0.0132041499
v 0.0366026089 0.0319080912 0.0116171204
v 0.0371807218 0.0315148793 0.0132133299
v 0.0370165706 0.0315729305 0.01321619
v 0.0336369202 0.0327123888 0.0132646495
v 0.0341341384 0.0325244591 0.0134603903
v 0.03407019 0.0327123888 0.0121085597
v 0.0341795012 0.0325105116 0.0134536
v 0.0348854586 0.0322871804 0.0133661004
v 0.0327747986 0.0329347216 0.0136843901
v 0.0334759317 0.0327263996 0.0135596897
v 0.0335216485 0.0327123404 0.0135527803
v 0.0320763513 0.0331353508 0.0138277402
v 0.0315653607 0.0334703289 0.0124477101
v 0.0319206119 0.0331785008 0.0138639798
v 0.0313805304 0.0333282314 0.0139897401
v 0.0293841306 0.0338412486 0.0145639703
v 0.0299973395 0.03369027 0.0143700195
v 0.0286484305 0.0341817699 0.0136245396
v 0.0301345494 0.03365504 0.0143303201
v 0.0290968996 0.0341817699 0.0126385596
v 0.0280724708 0.0341437384 0.0150331799
v 0.0286206603 0.0340203606 0.01482921
v 0.0287247803 0.0339968801 0.0147904698
v 0.0252361204 0.034846779 0.0153464004
v 0.0261135101 0.0345394015 0.0158796292
v 0.02574539 0.034846779 0.0144758802
v 0.0261583291 0.0345314108 0.0158576295
v 0.0267892405 0.0344110094 0.0155668203
v 0.0272977296 0.0343080685 0.01534783
v 0.0262246095 0.034846779 0.0135884797
v 0.0246974807 0.034846779 0.0161990505
v 0.0242510997 0.034846779 0.0168588106
v 0.0243085008 0.0348387286 0.0168250706
v 0.0249179006 0.0347453319 0.0164867006
v 0.0250399709 0.0347250588 0.0164228603
v 0.0255345106 0.0346428715 0.0161642395
v 0.0237063095 0.0349230096 0.0171793103
v 0.0223613903 0.0354654714 0.0157843791
v 0.0231286194 0.0349958502 0.01753884
v 0.0218094494 0.0354654714 0.0165386107
v 0.0231114607 0.0349979885 0.0175495706
v 0.0206300002 0.0354654714 0.01798838
v 0.0214477703 0.0351601802 0.0187012497
v 0.0215050504 0.0351561904 0.0186576191
v 0.0212321207 0.0354654714 0.0172735993
v 0.0220608097 0.0351091586 0.0182555895
v 0.02226579 0.0350890085 0.0181140807
v 0.02252388 0.0350636207 0.0179359298
v 0.02000379 0.0354654714 0.0186822396
v 0.0204235893 0.0352222286 0.0195016209
v 0.0206702892 0.0352091715 0.0193042699
v 0.0209593102 0.0351939201 0.0190730002
v 0.0192035995 0.0352516696 0.0205620509
v 0.0192797091 0.0352514312 0.0204920098
v 0.0197908804 0.035243921 0.0200362206
v 0.0359002315 0.0301608406 -0.0235469304
v 0.0366832018 0.0301608406 -0.0223075692
v 0.0374234281 0.0301608406 -0.0210421607
v 0.0381200314 0.0301608406 -0.0197522007
v 0.0387721583 0.0301608406 -0.0184392296
v 0.0393791087 0.0301608406 -0.0171047393
v 0.0399401113 0.0301608406 -0.0157503393
v 0.0340001509 0.0310574695 -0.0223006606
v 0.0347416885 0.0310574695 -0.0211268608
v 0.0354426987 0.0310574695 -0.0199284498
v 0.0361024104 0.0310574695 -0.0187067296
v 0.03672003 0.0310574695 -0.0174632594
v 0.0372948609 0.0310574695 -0.0161994006
v 0.0378261805 0.0310574695 -0.0149167096
v 0.038313441 0.0310574695 -0.01361656
v 0.0387559496 0.0310574695 -0.01230055
v 0.03915333 0.0310574695 -0.0109702302
v 0.0395050608 0.0310574695 -0.00962710287
v 0.0398107097 0.0310574695 -0.00827270746
v 0.0400699303 0.0310574695 -0.00690871384
v 0.0402824208 0.0310574695 -0.00553667499
v 0.0404479988 0.0310574695 -0.00415813923
v 0.0405663811 0.0310574695 -0.00277477503
v 0.0406374298 0.0310574695 -0.00138819194
v 0.0406611487 0.0310574695 0
v 0.0406374298 0.0310574695 0.00138819194
v 0.0405663811 0.0310574695 0.00277477503
v 0.0404479988 0.0310574695 0.00415813923
v 0.0402824208 0.0310574695 0.00553667499
v 0.0400699303 0.0310574695 0.00690871384
v 0.0398107097 0.0310574695 0.00827270746
v 0.0395050608 0.0310574695 0.00962710287
v 0.03915333 0.0310574695 0.0109702302
v 0.0321109816 0.0319080912 -0.0210615899
v 0.0328113399 0.0319080912 -0.0199530106
v 0.0334734283 0.0319080912 -0.0188211706
v 0.0340965316 0.0319080912 -0.0176673494
v 0.0346798301 0.0319080912 -0.0164929591
v 0.0352227017 0.0319080912 -0.0152993696
v 0.0357245207 0.0319080912 -0.0140879098
v 0.0361846611 0.0319080912 -0.0128600001
v 0.0366026089 0.0319080912 -0.0116171204
v 0.0369778797 0.0319080912 -0.0103607103
v 0.0373100601 0.0319080912 -0.00909221079
v 0.0375987217 0.0319080912 -0.00781309605
v 0.0378435813 0.0319080912 -0.00652485993
v 0.0380442701 0.0319080912 -0.00522905495
v 0.0382006094 0.0319080912 -0.00392711116
v 0.0383124314 0.0319080912 -0.00262063695
v 0.0383795388 0.0319080912 -0.00131106295
v 0.0384019613 0.0319080912 0
v 0.0383795388 0.0319080912 0.00131106295
v 0.0383124314 0.0319080912 0.00262063695
v 0.0382006094 0.0319080912 0.00392711116
v 0.0380442701 0.0319080912 0.00522905495
v 0.0378435813 0.0319080912 0.00652485993
v 0.0375987217 0.0319080912 0.00781309605
v 0.0373100601 0.0319080912 0.00909221079
v 0.0369778797 0.0319080912 0.0103607103
v 0.0295399409 0.0327123888 -0.0208515506
v 0.0302346293 0.0327123888 -0.0198308807
v 0.0308940392 0.0327123888 -0.0187870804
v 0.0315174386 0.0327123888 -0.0177213494
v 0.0321040712 0.0327123888 -0.0166350007
v 0.0326533318 0.0327123888 -0.0155292097
v 0.0331644416 0.0327123888 -0.0144053604
v 0.0336369202 0.0327123888 -0.0132646495
v 0.03407019 0.0327123888 -0.0121085597
v 0.0344637595 0.0327123888 -0.0109382803
v 0.0348170884 0.0327123888 -0.00975525286
v 0.0351298414 0.0327123888 -0.00856089499
v 0.0354016386 0.0327123888 -0.007356524
v 0.0356321894 0.0327123888 -0.00614356901
v 0.0358211286 0.0327123888 -0.00492346194
v 0.0359683596 0.0327123888 -0.00369763304
v 0.0360736214 0.0327123888 -0.00246745301
v 0.0361368582 0.0327123888 -0.00123447098
v 0.0361578986 0.0327123888 0
v 0.0361368582 0.0327123888 0.00123441196
v 0.0360736214 0.0327123888 0.00246745301
v 0.0359683596 0.0327123888 0.00369763304
v 0.0358211286 0.0327123888 0.00492346194
v 0.0356321894 0.0327123888 0.00614356901
v 0.0354016386 0.0327123888 0.007356524
v 0.0351298414 0.0327123888 0.00856089499
v 0.0348170884 0.0327123888 0.00975525286
v 0.0344637595 0.0327123888 0.0109382803
v 0.0270364191 0.0334703289 -0.0205023792
v 0.0277206302 0.0334703289 -0.0195673704
v 0.0283725206 0.0334703289 -0.01860952
v 0.0289913397 0.0334703289 -0.0176300406
v 0.0295763593 0.0334703289 -0.0166299306
v 0.0301268604 0.0334703289 -0.0156104499
v 0.0306422692 0.0334703289 -0.0145727899
v 0.0311219599 0.0334703289 -0.01351815
v 0.0315653607 0.0334703289 -0.0124477101
v 0.0319719315 0.0334703289 -0.0113627901
v 0.0323412418 0.0334703289 -0.0102646304
v 0.0326728188 0.0334703289 -0.00915449765
v 0.0329663083 0.0334703289 -0.00803363323
v 0.0332213603 0.0334703289 -0.0069034691
v 0.0334376618 0.0334703289 -0.0057651992
v 0.033615049 0.0334703289 -0.00462025404
v 0.0337531492 0.0334703289 -0.00346988393
v 0.0338519812 0.0334703289 -0.00231552101
v 0.0339112803 0.0334703289 -0.00115841604
v 0.0339310691 0.0334703289 0
v 0.0339112803 0.0334703289 0.00115841604
v 0.0338519812 0.0334703289 0.00231552101
v 0.0337531492 0.0334703289 0.00346988393
v 0.033615049 0.0334703289 0.00462025404
v 0.0334376618 0.0334703289 0.0057651992
v 0.0332213603 0.0334703289 0.0069034691
v 0.0329663083 0.0334703289 0.00803363323
v 0.0326728188 0.0334703289 0.00915449765
v 0.0323412418 0.0334703289 0.0102646304
v 0.0319719315 0.0334703289 0.0113627901
v 0.0246080104 0.0341817699 -0.0200201198
v 0.0252771899 0.0341817699 -0.0191683099
v 0.0259168707 0.0341817699 -0.01829415
v 0.0265263896 0.0341817699 -0.0173986498
v 0.0271049105 0.0341817699 -0.01648283
v 0.0276518408 0.0341817699 -0.0155478697
v 0.0281665307 0.0341817699 -0.01459473
v 0.0286484305 0.0341817699 -0.0136245396
v 0.0290968996 0.0341817699 -0.0126385596
v 0.0295113903 0.0341817699 -0.0116377398
v 0.0298915505 0.0341817699 -0.0106234504
v 0.0302367806 0.0341817699 -0.00959670544
v 0.0305468403 0.0341817699 -0.00855880883
v 0.0308212005 0.0341817699 -0.00751090003
v 0.0310596805 0.0341817699 -0.00645422889
v 0.0312619209 0.0341817699 -0.00539004803
v 0.0314277411 0.0341817699 -0.00431960821
v 0.0315569006 0.0341817699 -0.003244102
v 0.0316492282 0.0341817699 -0.00216484
v 0.0317047201 0.0341817699 -0.00108301605
v 0.0317232013 0.0341817699 0
v 0.0317047201 0.0341817699 0.00108301605
v 0.0316492282 0.0341817699 0.00216484
v 0.0315569006 0.0341817699 0.003244102
v 0.0314277411 0.0341817699 0.00431960821
v 0.0312619209 0.0341817699 0.00539004803
v 0.0310596805 0.0341817699 0.00645422889
v 0.0308212005 0.0341817699 0.00751090003
v 0.0305468403 0.0341817699 0.00855880883
v 0.0302367806 0.0341817699 0.00959670544
v 0.0298915505 0.0341817699 0.0106234504
v 0.0295113903 0.0341817699 0.0116377398
v 0.0215860009 0.034846779 -0.0201599002
v 0.0222616699 0.034846779 -0.0194112007
v 0.0229114201 0.034846779 -0.0186397992
v 0.0235344693 0.034846779 -0.0178466998
v 0.0241300408 0.034846779 -0.0170328598
v 0.0246974807 0.034846779 -0.0161990505
v 0.0252361204 0.034846779 -0.0153464004
v 0.02574539 0.034846779 -0.0144758802
v 0.0262246095 0.034846779 -0.0135884797
v 0.0266732499 0.034846779 -0.01268523
v 0.0270907804 0.034846779 -0.0117671397
v 0.0274767205 0.034846779 -0.0108353999
v 0.0278306603 0.034846779 -0.00989097264
v 0.0281521007 0.034846779 -0.00893503428
v 0.0284407698 0.034846779 -0.00796872284
v 0.0286962297 0.034846779 -0.00699305488
v 0.0289182607 0.034846779 -0.00600928022
v 0.0291065499 0.034846779 -0.00501847221
v 0.0292609297 0.034846779 -0.00402182294
v 0.0293811504 0.034846779 -0.00302046491
v 0.0294671599 0.034846779 -0.00201558997
v 0.0295187794 0.034846779 -0.00100839103
v 0.0295359995 0.034846779 0
v 0.0295187794 0.034846779 0.00100839103
v 0.0294671599 0.034846779 0.00201558997
v 0.0293811504 0.034846779 0.00302046491
v 0.0292609297 0.034846779 0.00402182294
v 0.0291065499 0.034846779 0.00501847221
v 0.0289182607 0.034846779 0.00600928022
v 0.0286962297 0.034846779 0.00699305488
v 0.0284407698 0.034846779 0.00796872284
v 0.0281521007 0.034846779 0.00893503428
v 0.0278306603 0.034846779 0.00989097264
v 0.0274767205 0.034846779 0.0108353999
v 0.0270907804 0.034846779 0.0117671397
v 0.0266732499 0.034846779 0.01268523
v 0.01798838 0.0354654714 -0.0206300002
v 0.0186822396 0.0354654714 -0.02000379
v 0.0193543397 0.0354654714 -0.0193543397
v 0.02000379 0.0354654714 -0.0186822396
v 0.0206300002 0.0354654714 -0.01798838
v 0.0212321207 0.0354654714 -0.0172735993
v 0.0218094494 0.0354654714 -0.0165386107
v 0.0223613903 0.0354654714 -0.0157843791
v 0.0228872802 0.0354654714 -0.0150117204
v 0.0233864095 0.0354654714 -0.0142216003
v 0.0238583591 0.0354654714 -0.0134148505
v 0.0243024193 0.0354654714 -0.0125924898
v 0.0247181598 0.0354654714 -0.0117554599
v 0.0251051094 0.0354654714 -0.0109046604
v 0.0254628006 0.0354654714 -0.0100411698
v 0.0257907491 0.0354654714 -0.00916600227
v 0.0260886494 0.0354654714 -0.00828015804
v 0.0263561606 0.0354654714 -0.00738459779
v 0.0265929103 0.0354654714 -0.006480515
v 0.0267986599 0.0354654714 -0.00556880189
v 0.0269731805 0.0354654714 -0.00465059187
v 0.0271162298 0.0354654714 -0.0037270179
v 0.0272276402 0.0354654714 -0.00279903389
v 0.0273073297 0.0354654714 -0.00186783005
v 0.0273551904 0.0354654714 -0.000934482028
v 0.0273711607 0.0354654714 0
v 0.0273551904 0.0354654714 0.000934480981
v 0.0273073297 0.0354654714 0.00186783005
v 0.0272276402 0.0354654714 0.00279903389
v 0.0271162298 0.0354654714 0.0037270179
v 0.0269731805 0.0354654714 0.00465059187
v 0.0267986599 0.0354654714 0.00556880189
v 0.0265929103 0.0354654714 0.006480515
v 0.0263561606 0.0354654714 0.00738459779
v 0.0260886494 0.0354654714 0.00828015804
v 0.0257907491 0.0354654714 0.00916600227
v 0.0254628006 0.0354654714 0.0100411698
v 0.0251051094 0.0354654714 0.0109046604
v 0.0247181598 0.0354654714 0.0117554599
v 0.0243024193 0.0354654714 0.0125924898
v 0.0238583591 0.0354654714 0.0134148505
v 0.0233864095 0.0354654714 0.0142216003
v 0.0228872802 0.0354654714 0.0150117204
v 0.0240514204 0.0348746702 0.0169762895
v -0.008449018 0.0360381603 -0.0237732492
v -0.0076324339 0.0360381603 -0.0240478497
v -0.00680696918 0.0360381603 -0.0242944304
v -0.00597357703 0.0360381603 -0.0245126393
v -0.00513315201 0.0360381603 -0.0247023106
v -0.00428682519 0.0360381603 -0.0248631798
v -0.00343543198 0.0360381603 -0.0249950197
v -0.00258010603 0.0360381603 -0.0250977203
v -0.00172173895 0.0360381603 -0.0251712203
v -0.000861381006 0.0360381603 -0.0252153203
v 0 0.0360381603 -0.0252300501
v 0.000861380016 0.0360381603 -0.0252153203
v 0.00172173895 0.0360381603 -0.0251712203
v 0.00258010603 0.0360381603 -0.0250977203
v 0.00343543198 0.0360381603 -0.0249950197
v 0.00428682519 0.0360381603 -0.0248631798
v 0.00513315201 0.0360381603 -0.0247023106
v 0.00597357703 0.0360381603 -0.0245126393
v 0.00680696918 0.0360381603 -0.0242944304
v 0.0076324339 0.0360381603 -0.0240478497
v 0.008449018 0.0360381603 -0.0237732492
v 0.00925570726 0.0360381603 -0.0234709308
v 0.0100516602 0.0360381603 -0.0231412593
v 0.0108358804 0.0360381603 -0.0227845907
v 0.0116074597 0.0360381603 -0.0224013906
v 0.0123654604 0.0360381603 -0.0219920203
v 0.0131090796 0.0360381603 -0.0215570293
v 0.0138374502 0.0360381603 -0.0210968796
v 0.0145496698 0.0360381603 -0.0206121802
v 0.0152449002 0.0360381603 -0.0201033894
v 0.0159223601 0.0360381603 -0.0195711795
v 0.0165812299 0.0360381603 -0.0190162007
v 0.0172208492 0.0360381603 -0.0184389893
v 0.0178403202 0.0360381603 -0.0178403202
v 0.0184389893 0.0360381603 -0.0172208492
v 0.0190162007 0.0360381603 -0.0165812299
v 0.0195711795 0.0360381603 -0.0159223601
v 0.0201033894 0.0360381603 -0.0152449002
v 0.0206121802 0.0360381603 -0.0145496698
v 0.0210968796 0.0360381603 -0.0138374502
v 0.0215570293 0.0360381603 -0.0131090796
v 0.0219920203 0.0360381603 -0.0123654604
v 0.0224013906 0.0360381603 -0.0116074597
v 0.0227845907 0.0360381603 -0.0108358804
v 0.0231412593 0.0360381603 -0.0100516602
v 0.0234709308 0.0360381603 -0.00925570726
v 0.0237732492 0.0360381603 -0.008449018
v 0.0240478497 0.0360381603 -0.0076324339
v 0.0242944304 0.0360381603 -0.00680696918
v 0.0245126393 0.0360381603 -0.00597357703
v 0.0247023106 0.0360381603 -0.00513315201
v 0.0248631798 0.0360381603 -0.00428682519
v 0.0249950197 0.0360381603 -0.00343543198
v 0.0250977203 0.0360381603 -0.00258010603
v 0.0251712203 0.0360381603 -0.00172173895
v 0.0252153203 0.0360381603 -0.000861381006
v 0.0252300501 0.0360381603 0
v 0.0252153203 0.0360381603 0.000861382985
v 0.0251712203 0.0360381603 0.00172173895
v 0.0250977203 0.0360381603 0.00258010603
v 0.0249950197 0.0360381603 0.00343543198
v 0.0248631798 0.0360381603 0.00428682519
v 0.0247023106 0.0360381603 0.00513315201
v 0.0245126393 0.0360381603 0.00597351696
v 0.0242944304 0.0360381603 0.00680696918
v 0.0240478497 0.0360381603 0.0076324339
v 0.0237732492 0.0360381603 0.008449018
v 0.0234709308 0.0360381603 0.00925570726
v 0.0231412593 0.0360381603 0.0100516602
v 0.0227845907 0.0360381603 0.0108358804
v 0.0224013906 0.0360381603 0.0116074597
v 0.0219920203 0.0360381603 0.0123654604
v 0.0215570293 0.0360381603 0.0131090796
v 0.0210968796 0.0360381603 0.0138374502
v 0.0206121802 0.0360381603 0.0145496698
v 0.0201033894 0.0360381603 0.0152449002
v 0.0195711795 0.0360381603 0.0159223601
v 0.0190162007 0.0360381603 0.0165812299
v 0.0184389893 0.0360381603 0.0172208492
v 0.0178403202 0.0360381603 0.0178403202
v 0.0172208492 0.0360381603 0.0184389893
v 0.0165812299 0.0360381603 0.0190162007
v 0.0159223601 0.0360381603 0.0195711795
v 0.0152449002 0.0360381603 0.0201033894
v 0.0145496698 0.0360381603 0.0206121802
v 0.0138374502 0.0360381603 0.0210968796
v 0.0131090796 0.0360381603 0.0215570293
v 0.0123654604 0.0360381603 0.0219920203
v 0.0116074597 0.0360381603 0.0224013906
v 0.0108358804 0.0360381603 0.0227845907
v 0.0100516602 0.0360381603 0.0231412593
v 0.00925570726 0.0360381603 0.0234709308
v 0.008449018 0.0360381603 0.0237732492
v 0.0076324339 0.0360381603 0.0240478497
v 0.00680696918 0.0360381603 0.0242944304
v 0.00597357703 0.0360381603 0.0245126393
v 0.00513315201 0.0360381603 0.0247023106
v 0.00428682519 0.0360381603 0.0248631798
v 0.00343543198 0.0360381603 0.0249950197
v 0.00258010603 0.0360381603 0.0250977203
v 0.00172173895 0.0360381603 0.0251712203
v 0.000861380016 0.0360381603 0.0252153203
v 0 0.0360381603 0.0252300501
v -0.000861381006 0.0360381603 0.0252153203
v -0.00172173895 0.0360381603 0.0251712203
v -0.00258010603 0.0360381603 0.0250977203
v -0.00343543198 0.0360381603 0.0249950197
v -0.00428682519 0.0360381603 0.0248631798
v -0.00513315201 0.0360381603 0.0247023106
v -0.00597357703 0.0360381603 0.0245126393
v -0.00680696918 0.0360381603 0.0242944304
v -0.0076324339 0.0360381603 0.0240478497
v -0.008449018 0.0360381603 0.0237732492
v -0.00925570726 0.0360381603 0.0234709308
v -0.0100516602 0.0360381603 0.0231412593
v -0.0108358804 0.0360381603 0.0227845907
v -0.0116074597 0.0360381603 0.0224013906
v -0.0123654604 0.0360381603 0.0219920203
v -0.0131090796 0.0360381603 0.0215570293
v -0.0138374502 0.0360381603 0.0210968796
v -0.0145496698 0.0360381603 0.0206121802
v -0.0152449002 0.0360381603 0.0201033894
v -0.0159223601 0.0360381603 0.0195711795
v -0.0165812299 0.0360381603 0.0190162007
v -0.0172208492 0.0360381603 0.0184389893
v -0.0178403202 0.0360381603 0.0178403202
v -0.0184389893 0.0360381603 0.0172208492
v -0.0190162007 0.0360381603 0.0165812299
v -0.0195711795 0.0360381603 0.0159223601
v -0.0201033894 0.0360381603 0.0152449002
v -0.0206121802 0.0360381603 0.0145496698
v -0.0210968796 0.0360381603 0.0138374502
v -0.0215570293 0.0360381603 0.0131090796
v -0.0219920203 0.0360381603 0.0123654604
v -0.0224013906 0.0360381603 0.0116074597
v -0.0227845907 0.0360381603 0.0108358804
v -0.0231412593 0.0360381603 0.0100516602
v -0.0234709308 0.0360381603 0.00925570726
v -0.0237732492 0.0360381603 0.008449018
v -0.0240478497 0.0360381603 0.0076324339
v -0.0242944304 0.0360381603 0.00680696918
v -0.0245126393 0.0360381603 0.00597351696
v -0.0247023106 0.0360381603 0.00513315201
v -0.0248631798 0.0360381603 0.00428682519
v -0.0249950197 0.0360381603 0.00343543198
v -0.0250977203 0.0360381603 0.00258010603
v -0.0251712203 0.0360381603 0.00172173895
v -0.0252153203 0.0360381603 0.000861382985
v -0.0252300501 0.0360381603 0
v -0.0252153203 0.0360381603 -0.000861381006
v -0.0251712203 0.0360381603 -0.00172173895
v -0.0250977203 0.0360381603 -0.00258010603
v -0.0249950197 0.0360381603 -0.00343543198
v -0.0248631798 0.0360381603 -0.00428682519
v -0.0247023106 0.0360381603 -0.00513315201
v -0.0245126393 0.0360381603 -0.00597357703
v -0.0242944304 0.0360381603 -0.00680696918
v -0.0240478497 0.0360381603 -0.0076324339
v -0.0237732492 0.0360381603 -0.008449018
v -0.0234709308 0.0360381603 -0.00925570726
v -0.0231412593 0.0360381603 -0.0100516602
v -0.0227845907 0.0360381603 -0.0108358804
v -0.0224013906 0.0360381603 -0.0116074597
v -0.0219920203 0.0360381603 -0.0123654604
v -0.0215570293 0.0360381603 -0.0131090796
v -0.0210968796 0.0360381603 -0.0138374502
v -0.0206121802 0.0360381603 -0.0145496698
v -0.0201033894 0.0360381603 -0.0152449002
v -0.0195711795 0.0360381603 -0.0159223601
v -0.0190162007 0.0360381603 -0.0165812299
v -0.0184389893 0.0360381603 -0.0172208492
v -0.0178403202 0.0360381603 -0.0178403202
v -0.0172208492 0.0360381603 -0.0184389893
v -0.0165812299 0.0360381603 -0.0190162007
v -0.0159223601 0.0360381603 -0.0195711795
v -0.0152449002 0.0360381603 -0.0201033894
v -0.0145496698 0.0360381603 -0.0206121802
v -0.0138374502 0.0360381603 -0.0210968796
v -0.0131090796 0.0360381603 -0.0215570293
v -0.0123654604 0.0360381603 -0.0219920203
v -0.0116074597 0.0360381603 -0.0224013906
v -0.0108358804 0.0360381603 -0.0227845907
v -0.0100516602 0.0360381603 -0.0231412593
v -0.00925570726 0.0360381603 -0.0234709308
v -0.00774037791 0.0365650617 -0.0217794105
v -0.00699228002 0.0365650617 -0.0220309999
v -0.00623607589 0.0365650617 -0.0222568493
v -0.00547253992 0.0365650617 -0.0224568192
v -0.0047026868 0.0365650617 -0.0226305705
v -0.00392728997 0.0365650617 -0.0227779094
v -0.00314730406 0.0365650617 -0.0228987299
v -0.00236368109 0.0365650617 -0.02299284
v -0.00157731702 0.0365650617 -0.0230601393
v -0.000789140002 0.0365650617 -0.0231005494
v 0 0.0365650617 -0.02311402
v 0.000789139012 0.0365650617 -0.0231005494
v 0.00157731702 0.0365650617 -0.0230601393
v 0.00236368109 0.0365650617 -0.02299284
v 0.00314730406 0.0365650617 -0.0228987299
v 0.00392728997 0.0365650617 -0.0227779094
v 0.0047026868 0.0365650617 -0.0226305705
v 0.00547253992 0.0365650617 -0.0224568192
v 0.00623607589 0.0365650617 -0.0222568493
v 0.00699228002 0.0365650617 -0.0220309999
v 0.00774037791 0.0365650617 -0.0217794105
v 0.00847947504 0.0365650617 -0.0215024296
v 0.00920861866 0.0365650617 -0.0212004092
v 0.00992709305 0.0365650617 -0.0208736602
v 0.0106339399 0.0365650617 -0.0205225907
v 0.0113283899 0.0365650617 -0.0201475602
v 0.0120096803 0.0365650617 -0.0197490398
v 0.01267689 0.0365650617 -0.0193275195
v 0.0133293802 0.0365650617 -0.0188834593
v 0.0139663201 0.0365650617 -0.0184173491
v 0.0145869805 0.0365650617 -0.0179297905
v 0.0151906004 0.0365650617 -0.0174212996
v 0.0157765094 0.0365650617 -0.0168925505
v 0.0163440704 0.0365650617 -0.0163440704
v 0.0168925505 0.0365650617 -0.0157765094
v 0.0174212996 0.0365650617 -0.0151906004
v 0.0179297905 0.0365650617 -0.0145869805
v 0.0184173491 0.0365650617 -0.0139663201
v 0.0188834593 0.0365650617 -0.0133293802
v 0.0193275195 0.0365650617 -0.01267689
v 0.0197490398 0.0365650617 -0.0120096803
v 0.0201475602 0.0365650617 -0.0113283899
v 0.0205225907 0.0365650617 -0.0106339399
v 0.0208736602 0.0365650617 -0.00992709305
v 0.0212004092 0.0365650617 -0.00920861866
v 0.0215024296 0.0365650617 -0.00847947504
v 0.0217794105 0.0365650617 -0.00774037791
v 0.0220309999 0.0365650617 -0.00699228002
v 0.0222568493 0.0365650617 -0.00623607589
v 0.0224568192 0.0365650617 -0.00547253992
v 0.0226305705 0.0365650617 -0.0047026868
v 0.0227779094 0.0365650617 -0.00392728997
v 0.0228987299 0.0365650617 -0.00314730406
v 0.02299284 0.0365650617 -0.00236368109
v 0.0230601393 0.0365650617 -0.00157731702
v 0.0231005494 0.0365650617 -0.000789140002
v 0.02311402 0.0365650617 0
v 0.0231005494 0.0365650617 0.000789139012
v 0.0230601393 0.0365650617 0.00157731702
v 0.02299284 0.0365650617 0.00236368109
v 0.0228987299 0.0365650617 0.00314730406
v 0.0227779094 0.0365650617 0.00392728997
v 0.0226305705 0.0365650617 0.0047026868
v 0.0224568192 0.0365650617 0.00547253992
v 0.0222568493 0.0365650617 0.00623607589
v 0.0220309999 0.0365650617 0.00699228002
v 0.0217794105 0.0365650617 0.00774037791
v 0.0215024296 0.0365650617 0.00847947504
v 0.0212004092 0.0365650617 0.00920861866
v 0.0208736602 0.0365650617 0.00992709305
v 0.0205225907 0.0365650617 0.0106339399
v 0.0201475602 0.0365650617 0.0113283899
v 0.0197490398 0.0365650617 0.0120096803
v 0.0193275195 0.0365650617 0.01267689
v 0.0188834593 0.0365650617 0.0133293802
v 0.0184173491 0.0365650617 0.0139663201
v 0.0179297905 0.0365650617 0.0145869805
v 0.0174212996 0.0365650617 0.0151906004
v 0.0168925505 0.0365650617 0.0157765094
v 0.0163440704 0.0365650617 0.0163440704
v 0.0157765094 0.0365650617 0.0168925505
v 0.0151906004 0.0365650617 0.0174212996
v 0.0145869805 0.0365650617 0.0179297905
v 0.0139663201 0.0365650617 0.0184173491
v 0.0133293802 0.0365650617 0.0188834593
v 0.01267689 0.0365650617 0.0193275195
v 0.0120096803 0.0365650617 0.0197490398
v 0.0113283899 0.0365650617 0.0201475602
v 0.0106339399 0.0365650617 0.0205225907
v 0.00992709305 0.0365650617 0.0208736602
v 0.00920861866 0.0365650617 0.0212004092
v 0.00847947504 0.0365650617 0.0215024296
v 0.00774037791 0.0365650617 0.0217794105
v 0.00699228002 0.0365650617 0.0220309999
v 0.00623607589 0.0365650617 0.0222568493
v 0.00547253992 0.0365650617 0.0224568192
v 0.0047026868 0.0365650617 0.0226305705
v 0.00392728997 0.0365650617 0.0227779094
v 0.00314730406 0.0365650617 0.0228987299
v 0.00236368109 0.0365650617 0.02299284
v 0.00157731702 0.0365650617 0.0230601393
v 0.000789139012 0.0365650617 0.0231005494
v 0 0.0365650617 0.02311402
v -0.000789140002 0.0365650617 0.0231005494
v -0.00157731702 0.0365650617 0.0230601393
v -0.00236368109 0.0365650617 0.02299284
v -0.00314730406 0.0365650617 0.0228987299
v -0.00392728997 0.0365650617 0.0227779094
v -0.0047026868 0.0365650617 0.0226305705
v -0.00547253992 0.0365650617 0.0224568192
v -0.00623607589 0.0365650617 0.0222568493
v -0.00699228002 0.0365650617 0.0220309999
v -0.00774037791 0.0365650617 0.0217794105
v -0.00847947504 0.0365650617 0.0215024296
v -0.00920861866 0.0365650617 0.0212004092
v -0.00992703438 0.0365650617 0.0208736602
v -0.0106339399 0.0365650617 0.0205225907
v -0.0113283899 0.0365650617 0.0201475602
v -0.0120096803 0.0365650617 0.0197490398
v -0.01267689 0.0365650617 0.0193275195
v -0.0133293802 0.0365650617 0.0188834593
v -0.0139663201 0.0365650617 0.0184173491
v -0.0145869805 0.0365650617 0.0179297905
v -0.0151906004 0.0365650617 0.0174212996
v -0.0157765094 0.0365650617 0.0168925505
v -0.0163440704 0.0365650617 0.0163440704
v -0.0168925505 0.0365650617 0.0157765094
v -0.0174212996 0.0365650617 0.0151906004
v -0.0179297905 0.0365650617 0.0145869805
v -0.0184173491 0.0365650617 0.0139663201
v -0.0188834593 0.0365650617 0.0133293802
v -0.0193275195 0.0365650617 0.01267689
v -0.0197490398 0.0365650617 0.0120096803
v -0.0201475602 0.0365650617 0.0113283899
v -0.0205225907 0.0365650617 0.0106339399
v -0.0208736602 0.0365650617 0.00992709305
v -0.0212004092 0.0365650617 0.00920861866
v -0.0215024296 0.0365650617 0.00847947504
v -0.0217794105 0.0365650617 0.00774037791
v -0.0220309999 0.0365650617 0.00699228002
v -0.0222568493 0.0365650617 0.00623607589
v -0.0224568192 0.0365650617 0.00547253992
v -0.0226305705 0.0365650617 0.0047026868
v -0.0227779094 0.0365650617 0.00392728997
v -0.0228987299 0.0365650617 0.00314730406
v -0.02299284 0.0365650617 0.00236368109
v -0.0230601393 0.0365650617 0.00157731702
v -0.0231005494 0.0365650617 0.000789139012
v -0.02311402 0.0365650617 0
v -0.0231005494 0.0365650617 -0.000789140002
v -0.0230601393 0.0365650617 -0.00157731702
v -0.02299284 0.0365650617 -0.00236368109
v -0.0228987299 0.0365650617 -0.00314730406
v -0.0227779094 0.0365650617 -0.00392728997
v -0.0226305705 0.0365650617 -0.0047026868
v -0.0224568192 0.0365650617 -0.00547253992
v -0.0222568493 0.0365650617 -0.00623607589
v -0.0220309999 0.0365650617 -0.00699228002
v -0.0217794105 0.0365650617 -0.00774037791
v -0.0215024296 0.0365650617 -0.00847947504
v -0.0212004092 0.0365650617 -0.00920861866
v -0.0208736602 0.0365650617 -0.00992709305
v -0.0205225907 0.0365650617 -0.0106339399
v -0.0201475602 0.0365650617 -0.0113283899
v -0.0197490398 0.0365650617 -0.0120096803
v -0.0193275195 0.0365650617 -0.01267689
v -0.0188834593 0.0365650617 -0.0133293802
v -0.0184173491 0.0365650617 -0.0139663201
v -0.0179297905 0.0365650617 -0.0145869805
v -0.0174212996 0.0365650617 -0.0151906004
v -0.0168925505 0.0365650617 -0.0157765094
v -0.0163440704 0.0365650617 -0.0163440704
v -0.0157765094 0.0365650617 -0.0168925505
v -0.0151906004 0.0365650617 -0.0174212996
v -0.0145869805 0.0365650617 -0.0179297905
v -0.0139663201 0.0365650617 -0.0184173491
v -0.0133293802 0.0365650617 -0.0188834593
v -0.01267689 0.0365650617 -0.0193275195
v -0.0120096803 0.0365650617 -0.0197490398
v -0.0113283899 0.0365650617 -0.0201475602
v -0.0106339399 0.0365650617 -0.0205225907
v -0.00992703438 0.0365650617 -0.0208736602
v -0.00920861866 0.0365650617 -0.0212004092
v -0.00847947504 0.0365650617 -0.0215024296
v -0.00704061892 0.0370465517 -0.0198103692
v -0.00636011316 0.0370465517 -0.0200392008
v -0.00567227602 0.0370465517 -0.0202446505
v -0.00497776177 0.0370465517 -0.0204265099
v -0.00427752687 0.0370465517 -0.0205845796
v -0.00357222511 0.0370465517 -0.0207186304
v -0.00286281109 0.0370465517 -0.0208284799
v -0.00214999891 0.0370465517 -0.0209140703
v -0.00143474306 0.0370465517 -0.0209752899
v -0.000717793009 0.0370465517 -0.0210120603
v 0 0.0370465517 -0.0210243408
v 0.00071779202 0.0370465517 -0.0210120603
v 0.00143474306 0.0370465517 -0.0209752899
v 0.00214999891 0.0370465517 -0.0209140703
v 0.00286281109 0.0370465517 -0.0208284799
v 0.00357222511 0.0370465517 -0.0207186304
v 0.00427752687 0.0370465517 -0.0205845796
v 0.00497776177 0.0370465517 -0.0204265099
v 0.00567227602 0.0370465517 -0.0202446505
v 0.00636011316 0.0370465517 -0.0200392008
v 0.00704061892 0.0370465517 -0.0198103692
v 0.00771284103 0.0370465517 -0.01955848
v 0.00837612059 0.0370465517 -0.01928371
v 0.00902956724 0.0370465517 -0.0189865194
v 0.00967252161 0.0370465517 -0.0186671596
v 0.0103042098 0.0370465517 -0.0183260404
v 0.0109238597 0.0370465517 -0.0179635808
v 0.01153081 0.0370465517 -0.0175801497
v 0.0121243 0.0370465517 -0.0171762109
v 0.0127036497 0.0370465517 -0.0167523008
v 0.0132681699 0.0370465517 -0.0163087808
v 0.0138172498 0.0370465517 -0.0158463102
v 0.0143502299 0.0370465517 -0.0153652998
v 0.0148664098 0.0370465517 -0.0148664098
v 0.0153652998 0.0370465517 -0.0143502299
v 0.0158463102 0.0370465517 -0.0138172498
v 0.0163087808 0.0370465517 -0.0132681699
v 0.0167523008 0.0370465517 -0.0127036497
v 0.0171762109 0.0370465517 -0.0121243
v 0.0175801497 0.0370465517 -0.01153081
v 0.0179635808 0.0370465517 -0.0109238597
v 0.0183260404 0.0370465517 -0.0103042098
v 0.0186671596 0.0370465517 -0.00967252161
v 0.0189865194 0.0370465517 -0.00902956724
v 0.01928371 0.0370465517 -0.00837612059
v 0.01955848 0.0370465517 -0.00771284103
v 0.0198103692 0.0370465517 -0.00704061892
v 0.0200392008 0.0370465517 -0.00636011316
v 0.0202446505 0.0370465517 -0.00567227602
v 0.0204265099 0.0370465517 -0.00497776177
v 0.0205845796 0.0370465517 -0.00427752687
v 0.0207186304 0.0370465517 -0.00357222511
v 0.0208284799 0.0370465517 -0.00286281109
v 0.0209140703 0.0370465517 -0.00214999891
v 0.0209752899 0.0370465517 -0.00143474306
v 0.0210120603 0.0370465517 -0.000717793009
v 0.0210243408 0.0370465517 0
v 0.0210120603 0.0370465517 0.000717794988
v 0.0209752899 0.0370465517 0.00143474306
v 0.0209140703 0.0370465517 0.00214999891
v 0.0208284799 0.0370465517 0.00286281109
v 0.0207186304 0.0370465517 0.00357222511
v 0.0205845796 0.0370465517 0.00427752687
v 0.0204265099 0.0370465517 0.00497776177
v 0.0202446505 0.0370465517 0.00567227602
v 0.0200392008 0.0370465517 0.00636011316
v 0.0198103692 0.0370465517 0.00704061892
v 0.01955848 0.0370465517 0.00771284103
v 0.01928371 0.0370465517 0.00837612059
v 0.0189865194 0.0370465517 0.00902956724
v 0.0186671596 0.0370465517 0.00967252161
v 0.0183260404 0.0370465517 0.0103042098
v 0.0179635808 0.0370465517 0.0109238597
v 0.0175801497 0.0370465517 0.01153081
v 0.0171762109 0.0370465517 0.0121243
v 0.0167523008 0.0370465517 0.0127036497
v 0.0163087808 0.0370465517 0.0132681699
v 0.0158463102 0.0370465517 0.0138172498
v 0.0153652998 0.0370465517 0.0143502299
v 0.0148664098 0.0370465517 0.0148664098
v 0.0143502299 0.0370465517 0.0153652998
v 0.0138172498 0.0370465517 0.0158463102
v 0.0132681699 0.0370465517 0.0163087808
v 0.0127036497 0.0370465517 0.0167523008
v 0.0121243 0.0370465517 0.0171762109
v 0.01153081 0.0370465517 0.0175801497
v 0.0109238597 0.0370465517 0.0179635808
v 0.0103042098 0.0370465517 0.0183260404
v 0.00967252161 0.0370465517 0.0186671596
v 0.00902956724 0.0370465517 0.0189865194
v 0.00837612059 0.0370465517 0.01928371
v 0.00771284103 0.0370465517 0.01955848
v 0.00704061892 0.0370465517 0.0198103692
v 0.00636011316 0.0370465517 0.0200392008
v 0.00567227602 0.0370465517 0.0202446505
v 0.00497776177 0.0370465517 0.0204265099
v 0.00427752687 0.0370465517 0.0205845796
v 0.00357222511 0.0370465517 0.0207186304
v 0.00286281109 0.0370465517 0.0208284799
v 0.00214999891 0.0370465517 0.0209140703
v 0.00143474306 0.0370465517 0.0209752899
v 0.00071779202 0.0370465517 0.0210120603
v 0 0.0370465517 0.0210243408
v -0.000717793009 0.0370465517 0.0210120603
v -0.00143474306 0.0370465517 0.0209752899
v -0.00214999891 0.0370465517 0.0209140703
v -0.00286281109 0.0370465517 0.0208284799
v -0.00357222511 0.0370465517 0.0207186304
v -0.00427752687 0.0370465517 0.0205845796
v -0.00497776177 0.0370465517 0.0204265099
v -0.00567227602 0.0370465517 0.0202446505
v -0.00636011316 0.0370465517 0.0200392008
v -0.00704061892 0.0370465517 0.0198103692
v -0.00771284103 0.0370465517 0.01955848
v -0.00837606099 0.0370465517 0.01928371
v -0.00902956724 0.0370465517 0.0189865194
v -0.00967252161 0.0370465517 0.0186671596
v -0.0103042098 0.0370465517 0.0183260404
v -0.0109238597 0.0370465517 0.0179635808
v -0.01153081 0.0370465517 0.0175801497
v -0.0121243 0.0370465517 0.0171762109
v -0.0127036497 0.0370465517 0.0167523008
v -0.0132681699 0.0370465517 0.0163087808
v -0.0138172498 0.0370465517 0.0158463102
v -0.0143502299 0.0370465517 0.0153652998
v -0.0148664098 0.0370465517 0.0148664098
v -0.0153652998 0.0370465517 0.0143502299
v -0.0158463102 0.0370465517 0.0138172498
v -0.0163087808 0.0370465517 0.0132681699
v -0.0167523008 0.0370465517 0.0127036497
v -0.0171762109 0.0370465517 0.0121243
v -0.0175801497 0.0370465517 0.01153081
v -0.0179635808 0.0370465517 0.0109238597
v -0.0183260404 0.0370465517 0.0103042098
v -0.0186671596 0.0370465517 0.00967252161
v -0.0189865194 0.0370465517 0.00902956724
v -0.0192837697 0.0370465517 0.00837612059
v -0.01955848 0.0370465517 0.00771284103
v -0.0198103692 0.0370465517 0.00704061892
v -0.0200392008 0.0370465517 0.00636011316
v -0.0202446505 0.0370465517 0.00567227602
v -0.0204265099 0.0370465517 0.00497776177
v -0.0205845796 0.0370465517 0.00427752687
v -0.0207186304 0.0370465517 0.00357222511
v -0.0208284799 0.0370465517 0.00286281109
v -0.0209140703 0.0370465517 0.00214999891
v -0.0209752899 0.0370465517 0.00143474306
v -0.0210120603 0.0370465517 0.000717794988
v -0.0210243408 0.0370465517 0
v -0.0210120603 0.0370465517 -0.000717793009
v -0.0209752899 0.0370465517 -0.00143474306
v -0.0209140703 0.0370465517 -0.00214999891
v -0.0208284799 0.0370465517 -0.00286281109
v -0.0207186304 0.0370465517 -0.00357222511
v -0.0205845796 0.0370465517 -0.00427752687
v -0.0204265099 0.0370465517 -0.00497776177
v -0.0202446505 0.0370465517 -0.00567227602
v -0.0200392008 0.0370465517 -0.00636011316
v -0.0198103692 0.0370465517 -0.00704061892
v -0.01955848 0.0370465517 -0.00771284103
v -0.0192837697 0.0370465517 -0.00837612059
v -0.0189865194 0.0370465517 -0.00902956724
v -0.0186671596 0.0370465517 -0.00967252161
v -0.0183260404 0.0370465517 -0.0103042098
v -0.0179635808 0.0370465517 -0.0109238597
v -0.0175801497 0.0370465517 -0.01153081
v -0.0171762109 0.0370465517 -0.0121243
v -0.0167523008 0.0370465517 -0.0127036497
v -0.0163087808 0.0370465517 -0.0132681699
v -0.0158463102 0.0370465517 -0.0138172498
v -0.0153652998 0.0370465517 -0.0143502299
v -0.0148664098 0.0370465517 -0.0148664098
v -0.0143502299 0.0370465517 -0.0153652998
v -0.0138172498 0.0370465517 -0.0158463102
v -0.0132681699 0.0370465517 -0.0163087808
v -0.0127036497 0.0370465517 -0.0167523008
v -0.0121243 0.0370465517 -0.0171762109
v -0.01153081 0.0370465517 -0.0175801497
v -0.0109238597 0.0370465517 -0.0179635808
v -0.0103042098 0.0370465517 -0.0183260404
v -0.00967252161 0.0370465517 -0.0186671596
v -0.00902956724 0.0370465517 -0.0189865194
v -0.00837606099 0.0370465517 -0.01928371
v -0.00771284103 0.0370465517 -0.01955848
v -0.0063499799 0.0374830887 -0.0178672001
v -0.00573629094 0.0374830887 -0.0180736091
v -0.0051158662 0.0374830887 -0.0182589199
v -0.00448954105 0.0374830887 -0.0184228998
v -0.00385790993 0.0374830887 -0.0185654704
v -0.00322180893 0.0374830887 -0.0186863504
v -0.002581954 0.0374830887 -0.0187854692
v -0.00193911698 0.0374830887 -0.0188626591
v -0.00129401602 0.0374830887 -0.0189178493
v -0.000647385023 0.0374830887 -0.0189509895
v 0 0.0374830887 -0.0189620797
v 0.000647383975 0.0374830887 -0.0189509895
v 0.00129401602 0.0374830887 -0.0189178493
v 0.00193911698 0.0374830887 -0.0188626591
v 0.002581954 0.0374830887 -0.0187854692
v 0.00322180893 0.0374830887 -0.0186863504
v 0.00385790993 0.0374830887 -0.0185654704
v 0.00448954105 0.0374830887 -0.0184228998
v 0.0051158662 0.0374830887 -0.0182589199
v 0.00573629094 0.0374830887 -0.0180736091
v 0.0063499799 0.0374830887 -0.0178672001
v 0.00695627881 0.0374830887 -0.0176399909
v 0.00755447103 0.0374830887 -0.0173922107
v 0.00814390089 0.0374830887 -0.0171241704
v 0.00872379541 0.0374830887 -0.0168360993
v 0.00929349568 0.0374830887 -0.0165284798
v 0.00985234883 0.0374830887 -0.0162015501
v 0.0103997504 0.0374830887 -0.0158557203
v 0.0109350597 0.0374830887 -0.0154914204
v 0.0114575597 0.0374830887 -0.0151090603
v 0.0119666997 0.0374830887 -0.0147090498
v 0.0124619603 0.0374830887 -0.0142919403
v 0.0129426103 0.0374830887 -0.0138581302
v 0.0134081803 0.0374830887 -0.0134081803
v 0.0138581302 0.0374830887 -0.0129426103
v 0.0142919403 0.0374830887 -0.0124619603
v 0.0147090498 0.0374830887 -0.0119666997
v 0.0151090603 0.0374830887 -0.0114575597
v 0.0154914204 0.0374830887 -0.0109350597
v 0.0158557203 0.0374830887 -0.0103997504
v 0.0162015501 0.0374830887 -0.00985234883
v 0.0165284798 0.0374830887 -0.00929349568
v 0.0168361608 0.0374830887 -0.00872379541
v 0.0171241704 0.0374830887 -0.00814390089
v 0.0173922107 0.0374830887 -0.00755447103
v 0.0176399909 0.0374830887 -0.00695627881
v 0.0178672001 0.0374830887 -0.0063499799
v 0.0180736091 0.0374830887 -0.00573629094
v 0.0182589199 0.0374830887 -0.0051158662
v 0.0184228998 0.0374830887 -0.00448954105
v 0.0185654704 0.0374830887 -0.00385790993
v 0.0186863504 0.0374830887 -0.00322180893
v 0.0187854692 0.0374830887 -0.002581954
v 0.0188626591 0.0374830887 -0.00193911698
v 0.0189178493 0.0374830887 -0.00129401602
v 0.0189509895 0.0374830887 -0.000647386012
v 0.0189620797 0.0374830887 0
v 0.0189509895 0.0374830887 0.000647387002
v 0.0189178493 0.0374830887 0.00129401602
v 0.0188626591 0.0374830887 0.00193911698
v 0.0187854692 0.0374830887 0.002581954
v 0.0186863504 0.0374830887 0.00322180893
v 0.0185654704 0.0374830887 0.00385790993
v 0.0184228998 0.0374830887 0.00448954105
v 0.0182589199 0.0374830887 0.0051158662
v 0.0180736091 0.0374830887 0.00573629094
v 0.0178672001 0.0374830887 0.0063499799
v 0.0176399909 0.0374830887 0.00695627881
v 0.0173922107 0.0374830887 0.00755447103
v 0.0171241704 0.0374830887 0.00814390089
v 0.0168361608 0.0374830887 0.00872379541
v 0.0165284798 0.0374830887 0.00929349568
v 0.0162015501 0.0374830887 0.00985234883
v 0.0158557203 0.0374830887 0.0103997504
v 0.0154914204 0.0374830887 0.0109350597
v 0.0151090603 0.0374830887 0.0114575597
v 0.0147090498 0.0374830887 0.0119666997
v 0.0142919403 0.0374830887 0.0124619603
v 0.0138581302 0.0374830887 0.0129426103
v 0.0134081803 0.0374830887 0.0134081803
v 0.0129426103 0.0374830887 0.0138581302
v 0.0124619603 0.0374830887 0.0142919403
v 0.0119666997 0.0374830887 0.0147090498
v 0.0114575597 0.0374830887 0.0151090603
v 0.0109350597 0.0374830887 0.0154914204
v 0.0103997504 0.0374830887 0.0158557203
v 0.00985234883 0.0374830887 0.0162015501
v 0.00929349568 0.0374830887 0.0165284798
v 0.00872379541 0.0374830887 0.0168361608
v 0.00814390089 0.0374830887 0.0171241704
v 0.00755447103 0.0374830887 0.0173922107
v 0.00695627881 0.0374830887 0.0176399909
v 0.0063499799 0.0374830887 0.0178672001
v 0.00573629094 0.0374830887 0.0180736091
v 0.0051158662 0.0374830887 0.0182589199
v 0.00448954105 0.0374830887 0.0184228998
v 0.00385790993 0.0374830887 0.0185654704
v 0.00322180893 0.0374830887 0.0186863504
v 0.002581954 0.0374830887 0.0187854692
v 0.00193911698 0.0374830887 0.0188626591
v 0.00129401602 0.0374830887 0.0189178493
v 0.000647383975 0.0374830887 0.0189509895
v 0 0.0374830887 0.0189620797
v -0.000647385023 0.0374830887 0.0189509895
v -0.00129401602 0.0374830887 0.0189178493
v -0.00193911698 0.0374830887 0.0188626591
v -0.002581954 0.0374830887 0.0187854692
v -0.00322180893 0.0374830887 0.0186863504
v -0.00385790993 0.0374830887 0.0185654704
v -0.00448954105 0.0374830887 0.0184228998
v -0.0051158662 0.0374830887 0.0182589199
v -0.00573629094 0.0374830887 0.0180736091
v -0.0063499799 0.0374830887 0.0178672001
v -0.00695627881 0.0374830887 0.0176399909
v -0.00755447103 0.0374830887 0.0173922107
v -0.00814390089 0.0374830887 0.0171241704
v -0.00872373488 0.0374830887 0.0168361608
v -0.00929349568 0.0374830887 0.0165284798
v -0.00985234883 0.0374830887 0.0162015501
v -0.0103997504 0.0374830887 0.0158557203
v -0.0109350597 0.0374830887 0.0154914204
v -0.0114575597 0.0374830887 0.0151090603
v -0.0119666997 0.0374830887 0.0147090498
v -0.0124619603 0.0374830887 0.0142919403
v -0.0129426103 0.0374830887 0.0138581302
v -0.0134081803 0.0374830887 0.0134081803
v -0.0138581302 0.0374830887 0.0129426103
v -0.0142919403 0.0374830887 0.0124619603
v -0.0147090498 0.0374830887 0.0119666997
v -0.0151090603 0.0374830887 0.0114575597
v -0.0154914204 0.0374830887 0.0109350597
v -0.0158557203 0.0374830887 0.0103997504
v -0.0162015501 0.0374830887 0.00985234883
v -0.0165284798 0.0374830887 0.00929349568
v -0.0168361608 0.0374830887 0.00872379541
v -0.0171241704 0.0374830887 0.00814390089
v -0.0173922107 0.0374830887 0.00755447103
v -0.0176399909 0.0374830887 0.00695627881
v -0.0178672001 0.0374830887 0.0063499799
v -0.0180736091 0.0374830887 0.00573629094
v -0.0182589199 0.0374830887 0.0051158662
v -0.0184228998 0.0374830887 0.00448954105
v -0.0185654704 0.0374830887 0.00385790993
v -0.0186863504 0.0374830887 0.00322180893
v -0.0187854692 0.0374830887 0.002581954
v -0.0188626591 0.0374830887 0.00193911698
v -0.0189178493 0.0374830887 0.00129401602
v -0.0189509895 0.0374830887 0.000647387002
v -0.0189620797 0.0374830887 0
v -0.0189509895 0.0374830887 -0.000647386012
v -0.0189178493 0.0374830887 -0.00129401602
v -0.0188626591 0.0374830887 -0.00193911698
v -0.0187854692 0.0374830887 -0.002581954
v -0.0186863504 0.0374830887 -0.00322180893
v -0.0185654704 0.0374830887 -0.00385790993
v -0.0184228998 0.0374830887 -0.00448954105
v -0.0182589199 0.0374830887 -0.0051158662
v -0.0180736091 0.0374830887 -0.00573629094
v -0.0178672001 0.0374830887 -0.0063499799
v -0.0176399909 0.0374830887 -0.00695627881
v -0.0173922107 0.0374830887 -0.00755447103
v -0.0171241704 0.0374830887 -0.00814390089
v -0.0168361608 0.0374830887 -0.00872379541
v -0.0165284798 0.0374830887 -0.00929349568
v -0.0162015501 0.0374830887 -0.00985234883
v -0.0158557203 0.0374830887 -0.0103997504
v -0.0154914204 0.0374830887 -0.0109350597
v -0.0151090603 0.0374830887 -0.0114575597
v -0.0147090498 0.0374830887 -0.0119666997
v -0.0142919403 0.0374830887 -0.0124619603
v -0.0138581302 0.0374830887 -0.0129426103
v -0.0134081803 0.0374830887 -0.0134081803
v -0.0129426103 0.0374830887 -0.0138581302
v -0.0124619603 0.0374830887 -0.0142919403
v -0.0119666997 0.0374830887 -0.0147090498
v -0.0114575597 0.0374830887 -0.0151090603
v -0.0109350597 0.0374830887 -0.0154914204
v -0.0103997504 0.0374830887 -0.0158557203
v -0.00985234883 0.0374830887 -0.0162015501
v -0.00929349568 0.0374830887 -0.0165284798
v -0.00872373488 0.0374830887 -0.0168360993
v -0.00814390089 0.0374830887 -0.0171241704
v -0.00755447103 0.0374830887 -0.0173922107
v -0.00695627881 0.0374830887 -0.0176399909
v -0.00566887809 0.0378751084 -0.0159507897
v -0.00512099219 0.0378751084 -0.0161350891
v -0.00456714584 0.0378751084 -0.0163004901
v -0.00400799513 0.0378751084 -0.0164469406
v -0.00344413496 0.0378751084 -0.0165742002
v -0.00287628104 0.0378751084 -0.0166820809
v -0.00230502989 0.0378751084 -0.0167705994
v -0.001731097 0.0378751084 -0.0168395005
v -0.00115519704 0.0378751084 -0.0168887898
v -0.000577953004 0.0378751084 -0.0169183593
v 0 0.0378751084 -0.01692825
v 0.000577952014 0.0378751084 -0.0169183593
v 0.00115519704 0.0378751084 -0.0168887898
v 0.001731097 0.0378751084 -0.0168395005
v 0.00230502989 0.0378751084 -0.0167705994
v 0.00287628104 0.0378751084 -0.0166820809
v 0.00344413496 0.0378751084 -0.0165742002
v 0.00400799513 0.0378751084 -0.0164469406
v 0.00456714584 0.0378751084 -0.0163004901
v 0.00512099219 0.0378751084 -0.0161350891
v 0.00566887809 0.0378751084 -0.0159507897
v 0.00621014787 0.0378751084 -0.0157479607
v 0.00674420502 0.0378751084 -0.0155267697
v 0.00727039482 0.0378751084 -0.0152874496
v 0.0077880621 0.0378751084 -0.0150303198
v 0.0082966676 0.0378751084 -0.0147556597
v 0.00879561901 0.0378751084 -0.0144638401
v 0.00928431656 0.0378751084 -0.0141550796
v 0.009762167 0.0378751084 -0.0138298804
v 0.0102286302 0.0378751084 -0.0134885302
v 0.0106831696 0.0378751084 -0.0131314304
v 0.0111253196 0.0378751084 -0.0127590196
v 0.0115544097 0.0378751084 -0.0123717701
v 0.0119700404 0.0378751084 -0.0119700404
v 0.0123717701 0.0378751084 -0.0115544097
v 0.0127590196 0.0378751084 -0.0111253196
v 0.0131314304 0.0378751084 -0.0106831696
v 0.0134885302 0.0378751084 -0.0102286302
v 0.0138298804 0.0378751084 -0.009762167
v 0.0141550796 0.0378751084 -0.00928431656
v 0.0144638401 0.0378751084 -0.00879561901
v 0.0147556597 0.0378751084 -0.0082966676
v 0.0150303198 0.0378751084 -0.0077880621
v 0.0152874496 0.0378751084 -0.00727039482
v 0.0155267697 0.0378751084 -0.00674420502
v 0.0157479607 0.0378751084 -0.00621014787
v 0.0159507897 0.0378751084 -0.00566887809
v 0.0161350891 0.0378751084 -0.00512099219
v 0.0163004901 0.0378751084 -0.00456714584
v 0.0164469406 0.0378751084 -0.00400799513
v 0.0165742002 0.0378751084 -0.00344413496
v 0.0166820809 0.0378751084 -0.00287628104
v 0.0167705994 0.0378751084 -0.00230502989
v 0.0168395005 0.0378751084 -0.001731097
v 0.0168887898 0.0378751084 -0.00115519704
v 0.0169183593 0.0378751084 -0.000577949977
v 0.01692825 0.0378751084 0
v 0.0169183593 0.0378751084 0.000577947998
v 0.0168887898 0.0378751084 0.00115519704
v 0.0168395005 0.0378751084 0.001731097
v 0.0167705994 0.0378751084 0.00230502989
v 0.0166820809 0.0378751084 0.00287628104
v 0.0165742002 0.0378751084 0.00344413496
v 0.0164469406 0.0378751084 0.00400799513
v 0.0163004901 0.0378751084 0.00456714584
v 0.0161350891 0.0378751084 0.00512099219
v 0.0159507897 0.0378751084 0.00566887809
v 0.0157479607 0.0378751084 0.00621014787
v 0.0155267697 0.0378751084 0.00674420502
v 0.0152874496 0.0378751084 0.00727039482
v 0.0150303198 0.0378751084 0.0077880621
v 0.0147556597 0.0378751084 0.0082966676
v 0.0144638401 0.0378751084 0.00879561901
v 0.0141550796 0.0378751084 0.00928431656
v 0.0138298804 0.0378751084 0.009762167
v 0.0134885302 0.0378751084 0.0102286302
v 0.0131314304 0.0378751084 0.0106831696
v 0.0127590196 0.0378751084 0.0111253196
v 0.0123717701 0.0378751084 0.0115544097
v 0.0119700404 0.0378751084 0.0119700404
v 0.0115544097 0.0378751084 0.0123717701
v 0.0111253196 0.0378751084 0.0127590196
v 0.0106831696 0.0378751084 0.0131314304
v 0.0102286302 0.0378751084 0.0134885302
v 0.009762167 0.0378751084 0.0138298804
v 0.00928431656 0.0378751084 0.0141550796
v 0.00879561901 0.0378751084 0.0144638401
v 0.0082966676 0.0378751084 0.0147556597
v 0.0077880621 0.0378751084 0.0150303198
v 0.00727039482 0.0378751084 0.0152874496
v 0.00674420502 0.0378751084 0.0155267697
v 0.00621014787 0.0378751084 0.0157479607
v 0.00566887809 0.0378751084 0.0159507897
v 0.00512099219 0.0378751084 0.0161350891
v 0.00456714584 0.0378751084 0.0163004901
v 0.00400799513 0.0378751084 0.0164469406
v 0.00344413496 0.0378751084 0.0165742002
v 0.00287628104 0.0378751084 0.0166820809
v 0.00230502989 0.0378751084 0.0167705994
v 0.001731097 0.0378751084 0.0168395005
v 0.00115519704 0.0378751084 0.0168887898
v 0.000577952014 0.0378751084 0.0169183593
v 0 0.0378751084 0.01692825
v -0.000577953004 0.0378751084 0.0169183593
v -0.00115519704 0.0378751084 0.0168887898
v -0.001731097 0.0378751084 0.0168395005
v -0.00230502989 0.0378751084 0.0167705994
v -0.00287628104 0.0378751084 0.0166820809
v -0.00344413496 0.0378751084 0.0165742002
v -0.00400799513 0.0378751084 0.0164469406
v -0.00456714584 0.0378751084 0.0163004901
v -0.00512099219 0.0378751084 0.0161350891
v -0.00566887809 0.0378751084 0.0159507897
v -0.00621014787 0.0378751084 0.0157479607
v -0.00674420502 0.0378751084 0.0155267697
v -0.00727039482 0.0378751084 0.0152874496
v -0.0077880621 0.0378751084 0.0150303198
v -0.0082966676 0.0378751084 0.0147556597
v -0.00879561901 0.0378751084 0.0144638401
v -0.00928431656 0.0378751084 0.0141550796
v -0.009762167 0.0378751084 0.0138298804
v -0.0102286302 0.0378751084 0.0134885302
v -0.0106831696 0.0378751084 0.0131314304
v -0.0111253196 0.0378751084 0.0127590196
v -0.0115544097 0.0378751084 0.0123717701
v -0.0119700404 0.0378751084 0.0119700404
v -0.0123717701 0.0378751084 0.0115544097
v -0.0127590196 0.0378751084 0.0111253196
v -0.0131314304 0.0378751084 0.0106831696
v -0.0134885302 0.0378751084 0.0102286302
v -0.0138298804 0.0378751084 0.009762167
v -0.0141550796 0.0378751084 0.00928431656
v -0.0144638401 0.0378751084 0.00879561901
v -0.0147556597 0.0378751084 0.0082966676
v -0.0150303198 0.0378751084 0.0077880621
v -0.0152874496 0.0378751084 0.00727039482
v -0.0155267697 0.0378751084 0.00674420502
v -0.0157479607 0.0378751084 0.00621014787
v -0.0159507897 0.0378751084 0.00566887809
v -0.0161350891 0.0378751084 0.00512099219
v -0.0163004901 0.0378751084 0.00456714584
v -0.0164469406 0.0378751084 0.00400799513
v -0.0165742002 0.0378751084 0.00344413496
v -0.0166820809 0.0378751084 0.00287628104
v -0.0167705994 0.0378751084 0.00230502989
v -0.0168395005 0.0378751084 0.001731097
v -0.0168887898 0.0378751084 0.00115519704
v -0.0169183593 0.0378751084 0.000577947998
v -0.01692825 0.0378751084 0
v -0.0169183593 0.0378751084 -0.000577949977
v -0.0168887898 0.0378751084 -0.00115519704
v -0.0168395005 0.0378751084 -0.001731097
v -0.0167705994 0.0378751084 -0.00230502989
v -0.0166820809 0.0378751084 -0.00287628104
v -0.0165742002 0.0378751084 -0.00344413496
v -0.0164469406 0.0378751084 -0.00400799513
v -0.0163004901 0.0378751084 -0.00456714584
v -0.0161350891 0.0378751084 -0.00512099219
v -0.0159507897 0.0378751084 -0.00566887809
v -0.0157479607 0.0378751084 -0.00621014787
v -0.0155267697 0.0378751084 -0.00674420502
v -0.0152874496 0.0378751084 -0.00727039482
v -0.0150303198 0.0378751084 -0.0077880621
v -0.0147556597 0.0378751084 -0.0082966676
v -0.0144638401 0.0378751084 -0.00879561901
v -0.0141550796 0.0378751084 -0.00928431656
v -0.0138298804 0.0378751084 -0.009762167
v -0.0134885302 0.0378751084 -0.0102286302
v -0.0131314304 0.0378751084 -0.0106831696
v -0.0127590196 0.0378751084 -0.0111253196
v -0.0123717701 0.0378751084 -0.0115544097
v -0.0119700404 0.0378751084 -0.0119700404
v -0.0115544097 0.0378751084 -0.0123717701
v -0.0111253196 0.0378751084 -0.0127590196
v -0.0106831696 0.0378751084 -0.0131314304
v -0.0102286302 0.0378751084 -0.0134885302
v -0.009762167 0.0378751084 -0.0138298804
v -0.00928431656 0.0378751084 -0.0141550796
v -0.00879561901 0.0378751084 -0.0144638401
v -0.0082966676 0.0378751084 -0.0147556597
v -0.0077880621 0.0378751084 -0.0150303198
v -0.00727039482 0.0378751084 -0.0152874496
v -0.00674420502 0.0378751084 -0.0155267697
v -0.00621014787 0.0378751084 -0.0157479607
v -0.00499761105 0.0382231399 -0.0140620396
v -0.00451463414 0.0382231399 -0.0142244603
v -0.00402635289 0.0382231399 -0.0143703204
v -0.00353336311 0.0382231399 -0.0144994203
v -0.00303631998 0.0382231399 -0.0146116
v -0.0025357001 0.0382231399 -0.0147067299
v -0.00203210092 0.0382231399 -0.0147847496
v -0.00152611698 0.0382231399 -0.0148454905
v -0.00101840403 0.0382231399 -0.0148889404
v -0.000509512029 0.0382231399 -0.0149150398
v 0 0.0382231399 -0.0149237504
v 0.000509510981 0.0382231399 -0.0149150398
v 0.00101840403 0.0382231399 -0.0148889404
v 0.00152611698 0.0382231399 -0.0148454905
v 0.00203210092 0.0382231399 -0.0147847496
v 0.0025357001 0.0382231399 -0.0147067299
v 0.00303631998 0.0382231399 -0.0146116
v 0.00353336311 0.0382231399 -0.0144994203
v 0.00402635289 0.0382231399 -0.0143703204
v 0.00451463414 0.0382231399 -0.0142244603
v 0.00499761105 0.0382231399 -0.0140620396
v 0.0054748049 0.0382231399 -0.0138832303
v 0.00594562199 0.0382231399 -0.0136882002
v 0.0064094658 0.0382231399 -0.0134772602
v 0.00686585903 0.0382231399 -0.0132505801
v 0.00731426384 0.0382231399 -0.0130084101
v 0.00775408698 0.0382231399 -0.0127510997
v 0.00818490889 0.0382231399 -0.0124789402
v 0.00860619545 0.0382231399 -0.01219224
v 0.00901746657 0.0382231399 -0.0118912999
v 0.00941818859 0.0382231399 -0.0115765296
v 0.0098079443 0.0382231399 -0.01124823
v 0.0101862503 0.0382231399 -0.0109068099
v 0.0105526401 0.0382231399 -0.0105526401
v 0.0109068099 0.0382231399 -0.0101862503
v 0.01124823 0.0382231399 -0.0098079443
v 0.0115765296 0.0382231399 -0.00941818859
v 0.0118912999 0.0382231399 -0.00901746657
v 0.01219224 0.0382231399 -0.00860619545
v 0.0124789402 0.0382231399 -0.00818490889
v 0.0127510997 0.0382231399 -0.00775408698
v 0.0130084101 0.0382231399 -0.00731426384
v 0.0132505801 0.0382231399 -0.00686585903
v 0.0134772602 0.0382231399 -0.0064094658
v 0.0136882002 0.0382231399 -0.00594562199
v 0.0138832303 0.0382231399 -0.0054748049
v 0.0140620396 0.0382231399 -0.00499761105
v 0.0142244603 0.0382231399 -0.00451463414
v 0.0143703204 0.0382231399 -0.00402635289
v 0.0144994203 0.0382231399 -0.00353336311
v 0.0146116 0.0382231399 -0.00303631998
v 0.0147067299 0.0382231399 -0.0025357001
v 0.0147847496 0.0382231399 -0.00203210092
v 0.0148454905 0.0382231399 -0.00152611698
v 0.0148889404 0.0382231399 -0.00101840403
v 0.0149150398 0.0382231399 -0.000509513018
v 0.0149237504 0.0382231399 0
v 0.0149150398 0.0382231399 0.000509514008
v 0.0148889404 0.0382231399 0.00101840403
v 0.0148454905 0.0382231399 0.00152611698
v 0.0147847496 0.0382231399 0.00203210092
v 0.0147067299 0.0382231399 0.0025357001
v 0.0146116 0.0382231399 0.00303631998
v 0.0144994203 0.0382231399 0.00353336311
v 0.0143703204 0.0382231399 0.00402635289
v 0.0142244603 0.0382231399 0.00451463414
v 0.0140620396 0.0382231399 0.00499761105
v 0.0138832303 0.0382231399 0.0054748049
v 0.0136882002 0.0382231399 0.00594562199
v 0.0134772602 0.0382231399 0.0064094658
v 0.0132505801 0.0382231399 0.00686585903
v 0.0130084101 0.0382231399 0.00731426384
v 0.0127510997 0.0382231399 0.00775408698
v 0.0124789402 0.0382231399 0.00818490889
v 0.01219224 0.0382231399 0.00860619545
v 0.0118912999 0.0382231399 0.00901746657
v 0.0115765296 0.0382231399 0.00941818859
v 0.01124823 0.0382231399 0.0098079443
v 0.0109068099 0.0382231399 0.0101862503
v 0.0105526401 0.0382231399 0.0105526401
v 0.0101862503 0.0382231399 0.0109068099
v 0.0098079443 0.0382231399 0.01124823
v 0.00941818859 0.0382231399 0.0115765296
v 0.00901746657 0.0382231399 0.0118912999
v 0.00860619545 0.0382231399 0.01219224
v 0.00818490889 0.0382231399 0.0124789402
v 0.00775408698 0.0382231399 0.0127510997
v 0.00731426384 0.0382231399 0.0130084101
v 0.00686585903 0.0382231399 0.0132505801
v 0.0064094658 0.0382231399 0.0134772602
v 0.00594562199 0.0382231399 0.0136882002
v 0.0054748049 0.0382231399 0.0138832303
v 0.00499761105 0.0382231399 0.0140620396
v 0.00451463414 0.0382231399 0.0142244603
v 0.00402635289 0.0382231399 0.0143703204
v 0.00353336311 0.0382231399 0.0144994203
v 0.00303631998 0.0382231399 0.0146116
v 0.0025357001 0.0382231399 0.0147067299
v 0.00203210092 0.0382231399 0.0147847496
v 0.00152611698 0.0382231399 0.0148454905
v 0.00101840403 0.0382231399 0.0148889404
v 0.000509510981 0.0382231399 0.0149150398
v 0 0.0382231399 0.0149237504
v -0.000509512029 0.0382231399 0.0149150398
v -0.00101840403 0.0382231399 0.0148889404
v -0.00152611698 0.0382231399 0.0148454905
v -0.00203210092 0.0382231399 0.0147847496
v -0.0025357001 0.0382231399 0.0147067299
v -0.00303631998 0.0382231399 0.0146116
v -0.00353336311 0.0382231399 0.0144994203
v -0.00402635289 0.0382231399 0.0143703204
v -0.00451463414 0.0382231399 0.0142244603
v -0.00499761105 0.0382231399 0.0140620396
v -0.0054748049 0.0382231399 0.0138832303
v -0.00594562199 0.0382231399 0.0136882002
v -0.0064094658 0.0382231399 0.0134772602
v -0.00686585903 0.0382231399 0.0132505801
v -0.00731426384 0.0382231399 0.0130084101
v -0.00775408698 0.0382231399 0.0127510997
v -0.00818490889 0.0382231399 0.0124789402
v -0.00860619545 0.0382231399 0.01219224
v -0.00901746657 0.0382231399 0.0118912999
v -0.00941818859 0.0382231399 0.0115765296
v -0.0098079443 0.0382231399 0.01124823
v -0.0101862503 0.0382231399 0.0109068099
v -0.0105526401 0.0382231399 0.0105526401
v -0.0109068099 0.0382231399 0.0101862503
v -0.01124823 0.0382231399 0.0098079443
v -0.0115765296 0.0382231399 0.00941818859
v -0.0118912999 0.0382231399 0.00901746657
v -0.01219224 0.0382231399 0.00860619545
v -0.0124789402 0.0382231399 0.00818490889
v -0.0127510997 0.0382231399 0.00775408698
v -0.0130084101 0.0382231399 0.00731426384
v -0.0132505801 0.0382231399 0.00686585903
v -0.0134772602 0.0382231399 0.0064094658
v -0.0136882002 0.0382231399 0.00594562199
v -0.0138832303 0.0382231399 0.0054748049
v -0.0140620396 0.0382231399 0.00499761105
v -0.0142244603 0.0382231399 0.00451463414
v -0.0143703204 0.0382231399 0.00402635289
v -0.0144994203 0.0382231399 0.00353336311
v -0.0146116 0.0382231399 0.00303631998
v -0.0147067299 0.0382231399 0.0025357001
v -0.0147847496 0.0382231399 0.00203210092
v -0.0148454905 0.0382231399 0.00152611698
v -0.0148889404 0.0382231399 0.00101840403
v -0.0149150398 0.0382231399 0.000509514008
v -0.0149237504 0.0382231399 0
v -0.0149150398 0.0382231399 -0.000509513018
v -0.0148889404 0.0382231399 -0.00101840403
v -0.0148454905 0.0382231399 -0.00152611698
v -0.0147847496 0.0382231399 -0.00203210092
v -0.0147067299 0.0382231399 -0.0025357001
v -0.0146116 0.0382231399 -0.00303631998
v -0.0144994203 0.0382231399 -0.00353336311
v -0.0143703204 0.0382231399 -0.00402635289
v -0.0142244603 0.0382231399 -0.00451463414
v -0.0140620396 0.0382231399 -0.00499761105
v -0.0138832303 0.0382231399 -0.0054748049
v -0.0136882002 0.0382231399 -0.00594562199
v -0.0134772602 0.0382231399 -0.0064094658
v -0.0132505801 0.0382231399 -0.00686585903
v -0.0130084101 0.0382231399 -0.00731426384
v -0.0127510997 0.0382231399 -0.00775408698
v -0.0124789402 0.0382231399 -0.00818490889
v -0.01219224 0.0382231399 -0.00860619545
v -0.0118912999 0.0382231399 -0.00901746657
v -0.0115765296 0.0382231399 -0.00941818859
v -0.01124823 0.0382231399 -0.0098079443
v -0.0109068099 0.0382231399 -0.0101862503
v -0.0105526401 0.0382231399 -0.0105526401
v -0.0101862503 0.0382231399 -0.0109068099
v -0.0098079443 0.0382231399 -0.01124823
v -0.00941818859 0.0382231399 -0.0115765296
v -0.00901746657 0.0382231399 -0.0118912999
v -0.00860619545 0.0382231399 -0.01219224
v -0.00818490889 0.0382231399 -0.0124789402
v -0.00775408698 0.0382231399 -0.0127510997
v -0.00731426384 0.0382231399 -0.0130084101
v -0.00686585903 0.0382231399 -0.0132505801
v -0.0064094658 0.0382231399 -0.0134772602
v -0.00594562199 0.0382231399 -0.0136882002
v -0.0054748049 0.0382231399 -0.0138832303
v -0.00433641579 0.0385277793 -0.0122015998
v -0.003917336 0.0385277793 -0.0123425703
v -0.00349366595 0.0385277793 -0.0124691101
v -0.00306588411 0.0385277793 -0.01258111
v -0.00263458397 0.0385277793 -0.0126784397
v -0.00220018602 0.0385277793 -0.0127609903
v -0.00176322402 0.0385277793 -0.0128287002
v -0.00132423604 0.0385277793 -0.0128813898
v -0.000883694971 0.0385277793 -0.0129191196
v -0.000442107004 0.0385277793 -0.0129417703
v 0 0.0385277793 -0.0129492804
v 0.000442105986 0.0385277793 -0.0129417703
v 0.000883693981 0.0385277793 -0.0129191196
v 0.00132423604 0.0385277793 -0.0128813898
v 0.00176322402 0.0385277793 -0.0128287002
v 0.00220018602 0.0385277793 -0.0127609903
v 0.00263458397 0.0385277793 -0.0126784397
v 0.00306588411 0.0385277793 -0.01258111
v 0.00349366595 0.0385277793 -0.0124691101
v 0.003917336 0.0385277793 -0.0123425703
v 0.00433641579 0.0385277793 -0.0122015998
v 0.00475049019 0.0385277793 -0.0120464498
v 0.00515901996 0.0385277793 -0.0118772304
v 0.00556147005 0.0385277793 -0.0116941901
v 0.00595748378 0.0385277793 -0.0114974901
v 0.0063465829 0.0385277793 -0.0112873903
v 0.00672823098 0.0385277793 -0.0110641103
v 0.00710207177 0.0385277793 -0.0108279502
v 0.00746762706 0.0385277793 -0.0105791604
v 0.00782442 0.0385277793 -0.0103181005
v 0.00817215443 0.0385277793 -0.0100449296
v 0.00851035118 0.0385277793 -0.00976008084
v 0.00883859303 0.0385277793 -0.00946378708
v 0.00915652514 0.0385277793 -0.00915652514
v 0.00946378708 0.0385277793 -0.00883859303
v 0.00976008084 0.0385277793 -0.00851035118
v 0.0100449296 0.0385277793 -0.00817215443
v 0.0103181005 0.0385277793 -0.00782442
v 0.0105791604 0.0385277793 -0.00746756699
v 0.0108279502 0.0385277793 -0.00710207177
v 0.0110641103 0.0385277793 -0.00672823098
v 0.0112873903 0.0385277793 -0.0063465829
v 0.0114974901 0.0385277793 -0.00595748378
v 0.0116941901 0.0385277793 -0.00556147005
v 0.0118772304 0.0385277793 -0.00515901996
v 0.0120464498 0.0385277793 -0.00475049019
v 0.0122015998 0.0385277793 -0.00433641579
v 0.0123425703 0.0385277793 -0.003917336
v 0.0124691101 0.0385277793 -0.00349366595
v 0.01258111 0.0385277793 -0.00306588411
v 0.0126784397 0.0385277793 -0.00263458397
v 0.0127609903 0.0385277793 -0.00220018602
v 0.0128287002 0.0385277793 -0.00176322402
v 0.0128813898 0.0385277793 -0.00132423604
v 0.0129191196 0.0385277793 -0.000883696019
v 0.0129417703 0.0385277793 -0.000442102988
v 0.0129492804 0.0385277793 0
v 0.0129417703 0.0385277793 0.000442104996
v 0.0129191196 0.0385277793 0.000883693981
v 0.0128813898 0.0385277793 0.00132423604
v 0.0128287002 0.0385277793 0.00176322402
v 0.0127609903 0.0385277793 0.00220018602
v 0.0126784397 0.0385277793 0.00263458397
v 0.01258111 0.0385277793 0.00306588411
v 0.0124691101 0.0385277793 0.00349366595
v 0.0123425703 0.0385277793 0.003917336
v 0.0122015998 0.0385277793 0.00433641579
v 0.0120464498 0.0385277793 0.00475049019
v 0.0118772304 0.0385277793 0.00515901996
v 0.0116941901 0.0385277793 0.00556147005
v 0.0114974901 0.0385277793 0.00595748378
v 0.0112873903 0.0385277793 0.0063465829
v 0.0110641103 0.0385277793 0.00672823098
v 0.0108279502 0.0385277793 0.00710207177
v 0.0105791604 0.0385277793 0.00746756699
v 0.0103181005 0.0385277793 0.00782442
v 0.0100449296 0.0385277793 0.00817215443
v 0.00976008084 0.0385277793 0.00851035118
v 0.00946378708 0.0385277793 0.00883859303
v 0.00915652514 0.0385277793 0.00915652514
v 0.00883859303 0.0385277793 0.00946378708
v 0.00851035118 0.0385277793 0.00976008084
v 0.00817215443 0.0385277793 0.0100449296
v 0.00782442 0.0385277793 0.0103181005
v 0.00746762706 0.0385277793 0.0105791604
v 0.00710207177 0.0385277793 0.0108279502
v 0.00672823098 0.0385277793 0.0110641103
v 0.0063465829 0.0385277793 0.0112873903
v 0.00595748378 0.0385277793 0.0114974901
v 0.00556147005 0.0385277793 0.0116941901
v 0.00515901996 0.0385277793 0.0118772304
v 0.00475049019 0.0385277793 0.0120464498
v 0.00433641579 0.0385277793 0.0122015998
v 0.003917336 0.0385277793 0.0123425703
v 0.00349366595 0.0385277793 0.0124691101
v 0.00306588411 0.0385277793 0.01258111
v 0.00263458397 0.0385277793 0.0126784397
v 0.00220018602 0.0385277793 0.0127609903
v 0.00176322402 0.0385277793 0.0128287002
v 0.00132423604 0.0385277793 0.0128813898
v 0.000883693981 0.0385277793 0.0129191196
v 0.000442105986 0.0385277793 0.0129417703
v 0 0.0385277793 0.0129492804
v -0.000442107004 0.0385277793 0.0129417703
v -0.000883694971 0.0385277793 0.0129191196
v -0.00132423604 0.0385277793 0.0128813898
v -0.00176322402 0.0385277793 0.0128287002
v -0.00220018602 0.0385277793 0.0127609903
v -0.00263458397 0.0385277793 0.0126784397
v -0.00306588411 0.0385277793 0.01258111
v -0.00349366595 0.0385277793 0.0124691101
v -0.003917336 0.0385277793 0.0123425703
v -0.00433641579 0.0385277793 0.0122015998
v -0.00475049019 0.0385277793 0.0120464498
v -0.00515901996 0.0385277793 0.0118772304
v -0.00556147005 0.0385277793 0.0116941901
v -0.00595748378 0.0385277793 0.0114974901
v -0.0063465829 0.0385277793 0.0112873903
v -0.00672823098 0.0385277793 0.0110641103
v -0.00710207177 0.0385277793 0.0108279502
v -0.00746756699 0.0385277793 0.0105791604
v -0.00782442 0.0385277793 0.0103181005
v -0.00817215443 0.0385277793 0.0100449296
v -0.00851029065 0.0385277793 0.00976008084
v -0.00883859303 0.0385277793 0.00946378708
v -0.00915652514 0.0385277793 0.00915652514
v -0.00946378708 0.0385277793 0.00883859303
v -0.00976008084 0.0385277793 0.00851035118
v -0.0100449296 0.0385277793 0.00817215443
v -0.0103181005 0.0385277793 0.00782442
v -0.0105791604 0.0385277793 0.00746756699
v -0.0108279502 0.0385277793 0.00710207177
v -0.0110641103 0.0385277793 0.00672823098
v -0.0112873903 0.0385277793 0.0063465829
v -0.0114974901 0.0385277793 0.00595748378
v -0.0116941901 0.0385277793 0.00556147005
v -0.0118772304 0.0385277793 0.00515901996
v -0.0120464498 0.0385277793 0.00475049019
v -0.0122015998 0.0385277793 0.00433641579
v -0.0123425703 0.0385277793 0.003917336
v -0.0124691101 0.0385277793 0.00349366595
v -0.01258111 0.0385277793 0.00306588411
v -0.0126784397 0.0385277793 0.00263458397
v -0.0127609903 0.0385277793 0.00220018602
v -0.0128287002 0.0385277793 0.00176322402
v -0.0128813898 0.0385277793 0.00132423604
v -0.0129191196 0.0385277793 0.000883693981
v -0.0129417703 0.0385277793 0.000442104996
v -0.0129492804 0.0385277793 0
v -0.0129417703 0.0385277793 -0.000442102988
v -0.0129191196 0.0385277793 -0.000883696019
v -0.0128813898 0.0385277793 -0.00132423604
v -0.0128287002 0.0385277793 -0.00176322402
v -0.0127609903 0.0385277793 -0.00220018602
v -0.0126784397 0.0385277793 -0.00263458397
v -0.01258111 0.0385277793 -0.00306588411
v -0.0124691101 0.0385277793 -0.00349366595
v -0.0123425703 0.0385277793 -0.003917336
v -0.0122015998 0.0385277793 -0.00433641579
v -0.0120464498 0.0385277793 -0.00475049019
v -0.0118772304 0.0385277793 -0.00515901996
v -0.0116941901 0.0385277793 -0.00556147005
v -0.0114974901 0.0385277793 -0.00595748378
v -0.0112873903 0.0385277793 -0.0063465829
v -0.0110641103 0.0385277793 -0.00672823098
v -0.0108279502 0.0385277793 -0.00710207177
v -0.0105791604 0.0385277793 -0.00746756699
v -0.0103181005 0.0385277793 -0.00782442
v -0.0100449296 0.0385277793 -0.00817215443
v -0.00976008084 0.0385277793 -0.00851035118
v -0.00946378708 0.0385277793 -0.00883859303
v -0.00915652514 0.0385277793 -0.00915652514
v -0.00883859303 0.0385277793 -0.00946378708
v -0.00851029065 0.0385277793 -0.00976008084
v -0.00817215443 0.0385277793 -0.0100449296
v -0.00782442 0.0385277793 -0.0103181005
v -0.00746756699 0.0385277793 -0.0105791604
v -0.00710207177 0.0385277793 -0.0108279502
v -0.00672823098 0.0385277793 -0.0110641103
v -0.0063465829 0.0385277793 -0.0112873903
v -0.00595748378 0.0385277793 -0.0114974901
v -0.00556147005 0.0385277793 -0.0116941901
v -0.00515901996 0.0385277793 -0.0118772304
v -0.00475049019 0.0385277793 -0.0120464498
v -0.003685534 0.0387896188 -0.0103701903
v -0.00332933594 0.0387896188 -0.0104899397
v -0.00296926405 0.0387896188 -0.0105975196
v -0.00260573602 0.0387896188 -0.0106927101
v -0.00223916699 0.0387896188 -0.0107754404
v -0.00186997605 0.0387896188 -0.0108455997
v -0.00149857905 0.0387896188 -0.01090312
v -0.00112545397 0.0387896188 -0.0109479399
v -0.000751052983 0.0387896188 -0.01098001
v -0.000375745003 0.0387896188 -0.0109991999
v 0 0.0387896188 -0.01100564
v 0.000375742995 0.0387896188 -0.0109991999
v 0.000751051004 0.0387896188 -0.01098001
v 0.00112545397 0.0387896188 -0.0109479399
v 0.00149857905 0.0387896188 -0.01090312
v 0.00186997605 0.0387896188 -0.0108455997
v 0.00223916699 0.0387896188 -0.0107754404
v 0.00260573602 0.0387896188 -0.0106927101
v 0.00296926405 0.0387896188 -0.0105975196
v 0.00332933594 0.0387896188 -0.0104899397
v 0.003685534 0.0387896188 -0.0103701903
v 0.00403743889 0.0387896188 -0.0102382796
v 0.00438463595 0.0387896188 -0.0100945197
v 0.004726707 0.0387896188 -0.00993889477
v 0.0050632949 0.0387896188 -0.00977176428
v 0.005393981 0.0387896188 -0.00959318783
v 0.00571834994 0.0387896188 -0.00940340664
v 0.00603604317 0.0387896188 -0.0092027178
v 0.00634670211 0.0387896188 -0.00899124146
v 0.00664997101 0.0387896188 -0.00876933336
v 0.00694548991 0.0387896188 -0.00853717327
v 0.00723296404 0.0387896188 -0.0082950592
v 0.00751191285 0.0387896188 -0.00804328918
v 0.00778216077 0.0387896188 -0.00778216077
v 0.00804328918 0.0387896188 -0.00751191285
v 0.0082950592 0.0387896188 -0.00723296404
v 0.00853717327 0.0387896188 -0.00694548991
v 0.00876933336 0.0387896188 -0.00664997101
v 0.00899124146 0.0387896188 -0.00634670211
v 0.0092027178 0.0387896188 -0.00603604317
v 0.00940340664 0.0387896188 -0.00571834994
v 0.00959318783 0.0387896188 -0.005393981
v 0.00977176428 0.0387896188 -0.0050632949
v 0.00993889477 0.0387896188 -0.004726707
v 0.0100945197 0.0387896188 -0.00438463595
v 0.0102382796 0.0387896188 -0.00403743889
v 0.0103701903 0.0387896188 -0.003685534
v 0.0104900002 0.0387896188 -0.00332933594
v 0.0105975196 0.0387896188 -0.00296926405
v 0.0106927101 0.0387896188 -0.00260573602
v 0.0107754404 0.0387896188 -0.00223916699
v 0.0108455997 0.0387896188 -0.00186997605
v 0.01090312 0.0387896188 -0.00149857905
v 0.0109479399 0.0387896188 -0.00112545397
v 0.01098001 0.0387896188 -0.000751052983
v 0.0109991999 0.0387896188 -0.000375745003
v 0.01100564 0.0387896188 0
v 0.0109991999 0.0387896188 0.000375747011
v 0.01098001 0.0387896188 0.00075105502
v 0.0109479399 0.0387896188 0.00112545397
v 0.01090312 0.0387896188 0.00149857905
v 0.0108455997 0.0387896188 0.00186991598
v 0.0107754404 0.0387896188 0.00223916699
v 0.0106927101 0.0387896188 0.00260573602
v 0.0105975196 0.0387896188 0.00296926405
v 0.0104900002 0.0387896188 0.00332933594
v 0.0103701903 0.0387896188 0.003685534
v 0.0102382796 0.0387896188 0.00403743889
v 0.0100945197 0.0387896188 0.00438463595
v 0.00993889477 0.0387896188 0.004726707
v 0.00977176428 0.0387896188 0.0050632949
v 0.00959318783 0.0387896188 0.005393981
v 0.00940340664 0.0387896188 0.00571834994
v 0.0092027178 0.0387896188 0.00603604317
v 0.00899124146 0.0387896188 0.00634670211
v 0.00876933336 0.0387896188 0.00664997101
v 0.00853717327 0.0387896188 0.00694548991
v 0.0082950592 0.0387896188 0.00723290397
v 0.00804328918 0.0387896188 0.00751191285
v 0.00778216077 0.0387896188 0.00778216077
v 0.00751191285 0.0387896188 0.00804328918
v 0.00723296404 0.0387896188 0.0082950592
v 0.00694548991 0.0387896188 0.00853717327
v 0.00664997101 0.0387896188 0.00876933336
v 0.00634670211 0.0387896188 0.00899130106
v 0.00603604317 0.0387896188 0.0092027178
v 0.00571834994 0.0387896188 0.00940340664
v 0.005393981 0.0387896188 0.00959318783
v 0.0050632949 0.0387896188 0.00977176428
v 0.004726707 0.0387896188 0.00993889477
v 0.00438463595 0.0387896188 0.0100945197
v 0.00403743889 0.0387896188 0.0102382796
v 0.003685534 0.0387896188 0.0103701903
v 0.00332933594 0.0387896188 0.0104900002
v 0.00296926405 0.0387896188 0.0105975196
v 0.00260573602 0.0387896188 0.0106927101
v 0.00223916699 0.0387896188 0.0107754404
v 0.00186997605 0.0387896188 0.0108455997
v 0.00149857905 0.0387896188 0.01090312
v 0.00112545397 0.0387896188 0.0109479399
v 0.000751051004 0.0387896188 0.01098001
v 0.000375742995 0.0387896188 0.0109991999
v 0 0.0387896188 0.01100564
v -0.000375745003 0.0387896188 0.0109991999
v -0.000751052983 0.0387896188 0.01098001
v -0.00112545397 0.0387896188 0.0109479399
v -0.00149857905 0.0387896188 0.01090312
v -0.00186997605 0.0387896188 0.0108455997
v -0.00223916699 0.0387896188 0.0107754404
v -0.00260573602 0.0387896188 0.0106927101
v -0.00296926405 0.0387896188 0.0105975196
v -0.00332933594 0.0387896188 0.0104900002
v -0.003685534 0.0387896188 0.0103701903
v -0.00403743889 0.0387896188 0.0102382796
v -0.00438463595 0.0387896188 0.0100945197
v -0.004726707 0.0387896188 0.00993889477
v -0.0050632949 0.0387896188 0.00977176428
v -0.005393981 0.0387896188 0.00959318783
v -0.00571834994 0.0387896188 0.00940340664
v -0.00603604317 0.0387896188 0.0092027178
v -0.00634670211 0.0387896188 0.00899130106
v -0.00664997101 0.0387896188 0.00876933336
v -0.00694548991 0.0387896188 0.00853717327
v -0.00723296404 0.0387896188 0.0082950592
v -0.00751191285 0.0387896188 0.00804328918
v -0.00778216077 0.0387896188 0.00778216077
v -0.00804328918 0.0387896188 0.00751191285
v -0.0082950592 0.0387896188 0.00723290397
v -0.00853717327 0.0387896188 0.00694548991
v -0.00876933336 0.0387896188 0.00664997101
v -0.00899124146 0.0387896188 0.00634670211
v -0.0092027178 0.0387896188 0.00603604317
v -0.00940340664 0.0387896188 0.00571834994
v -0.00959318783 0.0387896188 0.005393981
v -0.00977176428 0.0387896188 0.0050632949
v -0.00993889477 0.0387896188 0.004726707
v -0.0100945197 0.0387896188 0.00438463595
v -0.0102382796 0.0387896188 0.00403743889
v -0.0103701903 0.0387896188 0.003685534
v -0.0104900002 0.0387896188 0.00332933594
v -0.0105975196 0.0387896188 0.00296926405
v -0.0106927101 0.0387896188 0.00260573602
v -0.0107754404 0.0387896188 0.00223916699
v -0.0108455997 0.0387896188 0.00186991598
v -0.01090312 0.0387896188 0.00149857905
v -0.0109479399 0.0387896188 0.00112545397
v -0.01098001 0.0387896188 0.00075105502
v -0.0109991999 0.0387896188 0.000375747011
v -0.01100564 0.0387896188 0
v -0.0109991999 0.0387896188 -0.000375745003
v -0.01098001 0.0387896188 -0.000751052983
v -0.0109479399 0.0387896188 -0.00112545397
v -0.01090312 0.0387896188 -0.00149857905
v -0.0108455997 0.0387896188 -0.00186997605
v -0.0107754404 0.0387896188 -0.00223916699
v -0.0106927101 0.0387896188 -0.00260573602
v -0.0105975196 0.0387896188 -0.00296926405
v -0.0104900002 0.0387896188 -0.00332933594
v -0.0103701903 0.0387896188 -0.003685534
v -0.0102382796 0.0387896188 -0.00403743889
v -0.0100945197 0.0387896188 -0.00438463595
v -0.00993889477 0.0387896188 -0.004726707
v -0.00977176428 0.0387896188 -0.0050632949
v -0.00959318783 0.0387896188 -0.005393981
v -0.00940340664 0.0387896188 -0.00571834994
v -0.0092027178 0.0387896188 -0.00603604317
v -0.00899124146 0.0387896188 -0.00634670211
v -0.00876933336 0.0387896188 -0.00664997101
v -0.00853717327 0.0387896188 -0.00694548991
v -0.0082950592 0.0387896188 -0.00723296404
v -0.00804328918 0.0387896188 -0.00751191285
v -0.00778216077 0.0387896188 -0.00778216077
v -0.00751191285 0.0387896188 -0.00804328918
v -0.00723296404 0.0387896188 -0.0082950592
v -0.00694548991 0.0387896188 -0.00853717327
v -0.00664997101 0.0387896188 -0.00876933336
v -0.00634670211 0.0387896188 -0.00899124146
v -0.00603604317 0.0387896188 -0.0092027178
v -0.00571834994 0.0387896188 -0.00940340664
v -0.005393981 0.0387896188 -0.00959318783
v -0.0050632949 0.0387896188 -0.00977176428
v -0.004726707 0.0387896188 -0.00993889477
v -0.00438463595 0.0387896188 -0.0100945197
v -0.00403743889 0.0387896188 -0.0102382796
v -0.003045141 0.0390093885 -0.00856822729
v -0.00275081303 0.0390093885 -0.00866722967
v -0.00245332695 0.0390093885 -0.00875610113
v -0.00215291907 0.0390093885 -0.00883471873
v -0.00185006799 0.0390093885 -0.00890308619
v -0.00154501095 0.0390093885 -0.00896108057
v -0.00123816705 0.0390093885 -0.00900858641
v -0.000929919013 0.0390093885 -0.00904559996
v -0.000620547973 0.0390093885 -0.00907212403
v -0.000310455012 0.0390093885 -0.00908797886
v 0 0.0390093885 -0.00909328368
v 0.000310453994 0.0390093885 -0.00908797886
v 0.000620546984 0.0390093885 -0.00907212403
v 0.000929918024 0.0390093885 -0.00904559996
v 0.00123816705 0.0390093885 -0.00900858641
v 0.00154501095 0.0390093885 -0.00896108057
v 0.00185006799 0.0390093885 -0.00890308619
v 0.00215291907 0.0390093885 -0.00883471873
v 0.00245332695 0.0390093885 -0.00875610113
v 0.00275081303 0.0390093885 -0.00866722967
v 0.003045141 0.0390093885 -0.00856822729
v 0.00333589292 0.0390093885 -0.00845927
v 0.00362277008 0.0390093885 -0.00834047701
v 0.00390541507 0.0390093885 -0.00821190979
v 0.0041834712 0.0390093885 -0.00807380583
v 0.00445669796 0.0390093885 -0.00792628527
v 0.00472474005 0.0390093885 -0.00776946498
v 0.00498723891 0.0390093885 -0.00760364486
v 0.00524389697 0.0390093885 -0.00742894411
v 0.0054944749 0.0390093885 -0.00724560022
v 0.00573867513 0.0390093885 -0.00705379201
v 0.00597614003 0.0390093885 -0.00685369922
v 0.00620663119 0.0390093885 -0.00664567901
v 0.00642991019 0.0390093885 -0.00642991019
v 0.00664567901 0.0390093885 -0.00620663119
v 0.00685369922 0.0390093885 -0.00597614003
v 0.00705379201 0.0390093885 -0.00573867513
v 0.00724560022 0.0390093885 -0.0054944749
v 0.00742894411 0.0390093885 -0.00524389697
v 0.00760364486 0.0390093885 -0.00498723891
v 0.00776946498 0.0390093885 -0.00472474005
v 0.00792628527 0.0390093885 -0.00445669796
v 0.00807380583 0.0390093885 -0.0041834712
v 0.00821190979 0.0390093885 -0.00390541507
v 0.00834047701 0.0390093885 -0.00362277008
v 0.00845927 0.0390093885 -0.00333589292
v 0.00856822729 0.0390093885 -0.003045141
v 0.00866722967 0.0390093885 -0.00275081303
v 0.00875610113 0.0390093885 -0.00245332695
v 0.00883471873 0.0390093885 -0.00215291907
v 0.00890308619 0.0390093885 -0.00185006799
v 0.00896108057 0.0390093885 -0.00154501095
v 0.00900858641 0.0390093885 -0.00123816705
v 0.00904559996 0.0390093885 -0.000929922971
v 0.00907212403 0.0390093885 -0.000620549021
v 0.00908797886 0.0390093885 -0.000310455012
v 0.00909328368 0.0390093885 0
v 0.00908797886 0.0390093885 0.000310456991
v 0.00907212403 0.0390093885 0.000620551
v 0.00904559996 0.0390093885 0.000929920992
v 0.00900858641 0.0390093885 0.00123816705
v 0.00896108057 0.0390093885 0.00154501095
v 0.00890308619 0.0390093885 0.00185006799
v 0.00883471873 0.0390093885 0.00215291907
v 0.00875610113 0.0390093885 0.00245332695
v 0.00866722967 0.0390093885 0.00275081303
v 0.00856822729 0.0390093885 0.003045141
v 0.00845927 0.0390093885 0.00333589292
v 0.00834047701 0.0390093885 0.00362277008
v 0.00821190979 0.0390093885 0.00390541507
v 0.00807380583 0.0390093885 0.0041834712
v 0.00792628527 0.0390093885 0.00445669796
v 0.00776946498 0.0390093885 0.00472474005
v 0.00760364486 0.0390093885 0.00498723891
v 0.00742894411 0.0390093885 0.00524389697
v 0.00724560022 0.0390093885 0.0054944749
v 0.00705379201 0.0390093885 0.00573867513
v 0.00685369922 0.0390093885 0.00597614003
v 0.00664567901 0.0390093885 0.00620663119
v 0.00642991019 0.0390093885 0.00642991019
v 0.00620663119 0.0390093885 0.00664567901
v 0.00597614003 0.0390093885 0.00685369922
v 0.00573867513 0.0390093885 0.00705379201
v 0.0054944749 0.0390093885 0.00724560022
v 0.00524389697 0.0390093885 0.00742894411
v 0.00498723891 0.0390093885 0.00760364486
v 0.00472474005 0.0390093885 0.00776946498
v 0.00445669796 0.0390093885 0.00792628527
v 0.0041834712 0.0390093885 0.00807380583
v 0.00390541507 0.0390093885 0.00821190979
v 0.00362277008 0.0390093885 0.00834047701
v 0.00333589292 0.0390093885 0.00845927
v 0.003045141 0.0390093885 0.00856822729
v 0.00275081303 0.0390093885 0.00866722967
v 0.00245332695 0.0390093885 0.00875610113
v 0.00215291907 0.0390093885 0.00883471873
v 0.00185006799 0.0390093885 0.00890308619
v 0.00154501095 0.0390093885 0.00896108057
v 0.00123816705 0.0390093885 0.00900858641
v 0.000929918024 0.0390093885 0.00904559996
v 0.000620546984 0.0390093885 0.00907212403
v 0.000310453994 0.0390093885 0.00908797886
v 0 0.0390093885 0.00909328368
v -0.000310455012 0.0390093885 0.00908797886
v -0.000620547973 0.0390093885 0.00907212403
v -0.000929919013 0.0390093885 0.00904559996
v -0.00123816705 0.0390093885 0.00900858641
v -0.00154501095 0.0390093885 0.00896108057
v -0.00185006799 0.0390093885 0.00890308619
v -0.00215291907 0.0390093885 0.00883471873
v -0.00245332695 0.0390093885 0.00875610113
v -0.00275081303 0.0390093885 0.00866722967
v -0.003045141 0.0390093885 0.00856822729
v -0.00333589292 0.0390093885 0.00845927
v -0.00362277008 0.0390093885 0.00834047701
v -0.00390541507 0.0390093885 0.00821190979
v -0.0041834712 0.0390093885 0.00807380583
v -0.00445669796 0.0390093885 0.00792628527
v -0.00472474005 0.0390093885 0.00776946498
v -0.00498723891 0.0390093885 0.00760364486
v -0.00524389697 0.0390093885 0.00742894411
v -0.0054944749 0.0390093885 0.00724560022
v -0.00573867513 0.0390093885 0.00705379201
v -0.00597614003 0.0390093885 0.00685369922
v -0.00620663119 0.0390093885 0.00664567901
v -0.00642991019 0.0390093885 0.00642991019
v -0.00664567901 0.0390093885 0.00620663119
v -0.00685369922 0.0390093885 0.00597614003
v -0.00705379201 0.0390093885 0.00573867513
v -0.00724560022 0.0390093885 0.0054944749
v -0.00742894411 0.0390093885 0.00524389697
v -0.00760364486 0.0390093885 0.00498723891
v -0.00776946498 0.0390093885 0.00472474005
v -0.00792628527 0.0390093885 0.00445669796
v -0.00807380583 0.0390093885 0.0041834712
v -0.00821190979 0.0390093885 0.00390541507
v -0.00834047701 0.0390093885 0.00362277008
v -0.00845927 0.0390093885 0.00333589292
v -0.00856822729 0.0390093885 0.003045141
v -0.00866722967 0.0390093885 0.00275081303
v -0.00875610113 0.0390093885 0.00245332695
v -0.00883471873 0.0390093885 0.00215291907
v -0.00890308619 0.0390093885 0.00185006799
v -0.00896108057 0.0390093885 0.00154501095
v -0.00900858641 0.0390093885 0.00123816705
v -0.00904559996 0.0390093885 0.000929920992
v -0.00907206535 0.0390093885 0.000620551
v -0.00908797886 0.0390093885 0.000310456991
v -0.00909328368 0.0390093885 0
v -0.00908797886 0.0390093885 -0.000310455012
v -0.00907206535 0.0390093885 -0.000620549021
v -0.00904559996 0.0390093885 -0.000929922971
v -0.00900858641 0.0390093885 -0.00123816705
v -0.00896108057 0.0390093885 -0.00154501095
v -0.00890308619 0.0390093885 -0.00185006799
v -0.00883471873 0.0390093885 -0.00215291907
v -0.00875610113 0.0390093885 -0.00245332695
v -0.00866722967 0.0390093885 -0.00275081303
v -0.00856822729 0.0390093885 -0.003045141
v -0.00845927 0.0390093885 -0.00333589292
v -0.00834047701 0.0390093885 -0.00362277008
v -0.00821190979 0.0390093885 -0.00390541507
v -0.00807380583 0.0390093885 -0.0041834712
v -0.00792628527 0.0390093885 -0.00445669796
v -0.00776946498 0.0390093885 -0.00472474005
v -0.00760364486 0.0390093885 -0.00498723891
v -0.00742894411 0.0390093885 -0.00524389697
v -0.00724560022 0.0390093885 -0.0054944749
v -0.00705379201 0.0390093885 -0.00573867513
v -0.00685369922 0.0390093885 -0.00597614003
v -0.00664567901 0.0390093885 -0.00620663119
v -0.00642991019 0.0390093885 -0.00642991019
v -0.00620663119 0.0390093885 -0.00664567901
v -0.00597614003 0.0390093885 -0.00685369922
v -0.00573867513 0.0390093885 -0.00705379201
v -0.0054944749 0.0390093885 -0.00724560022
v -0.00524389697 0.0390093885 -0.00742894411
v -0.00498723891 0.0390093885 -0.00760364486
v -0.00472474005 0.0390093885 -0.00776946498
v -0.00445669796 0.0390093885 -0.00792628527
v -0.0041834712 0.0390093885 -0.00807380583
v -0.00390541507 0.0390093885 -0.00821190979
v -0.00362277008 0.0390093885 -0.00834047701
v -0.00333589292 0.0390093885 -0.00845927
v -0.00241535902 0.0391876101 -0.00679629995
v -0.002181947 0.0391876101 -0.0068747988
v -0.00194597198 0.0391876101 -0.00694525195
v -0.00170767296 0.0391876101 -0.00700765802
v -0.00146746601 0.0391876101 -0.00706189778
v -0.00122547103 0.0391876101 -0.00710785296
v -0.000982139958 0.0391876101 -0.00714558316
v -0.000737612019 0.0391876101 -0.00717490911
v -0.000492219988 0.0391876101 -0.00719594909
v -0.000246254 0.0391876101 -0.00720852613
v 0 0.0391876101 -0.00721275806
v 0.000246251991 0.0391876101 -0.00720852613
v 0.000492218009 0.0391876101 -0.00719594909
v 0.000737610972 0.0391876101 -0.00717490911
v 0.000982139027 0.0391876101 -0.00714558316
v 0.00122547103 0.0391876101 -0.00710785296
v 0.00146746601 0.0391876101 -0.00706189778
v 0.00170767296 0.0391876101 -0.00700765802
v 0.00194597198 0.0391876101 -0.00694525195
v 0.002181947 0.0391876101 -0.0068747988
v 0.00241535902 0.0391876101 -0.00679629995
v 0.00264602806 0.0391876101 -0.00670987321
v 0.00287353899 0.0391876101 -0.0066156378
v 0.00309771206 0.0391876101 -0.00651365519
v 0.00331830909 0.0391876101 -0.00640410092
v 0.00353503204 0.0391876101 -0.00628703786
v 0.00374764204 0.0391876101 -0.00616270304
v 0.00395584106 0.0391876101 -0.00603115512
v 0.00415945007 0.0391876101 -0.00589257386
v 0.00435817195 0.0391876101 -0.00574713899
v 0.00455188705 0.0391876101 -0.00559502793
v 0.00474023819 0.0391876101 -0.0054363599
v 0.00492310477 0.0391876101 -0.00527131511
v 0.00510019017 0.0391876101 -0.00510019017
v 0.00527131511 0.0391876101 -0.00492310477
v 0.0054363599 0.0391876101 -0.00474023819
v 0.00559502793 0.0391876101 -0.00455188705
v 0.00574713899 0.0391876101 -0.00435817195
v 0.00589257386 0.0391876101 -0.00415945007
v 0.00603115512 0.0391876101 -0.00395584106
v 0.00616270304 0.0391876101 -0.00374764204
v 0.00628703786 0.0391876101 -0.00353503204
v 0.00640410092 0.0391876101 -0.00331830909
v 0.00651365519 0.0391876101 -0.00309771206
v 0.0066156378 0.0391876101 -0.00287353899
v 0.00670987321 0.0391876101 -0.00264602806
v 0.00679629995 0.0391876101 -0.00241535902
v 0.0068747988 0.0391876101 -0.002181947
v 0.00694525195 0.0391876101 -0.00194597198
v 0.00700765802 0.0391876101 -0.00170767296
v 0.00706189778 0.0391876101 -0.00146746601
v 0.00710785296 0.0391876101 -0.00122547103
v 0.00714558316 0.0391876101 -0.000982139958
v 0.00717490911 0.0391876101 -0.000737608003
v 0.00719594909 0.0391876101 -0.000492215971
v 0.00720852613 0.0391876101 -0.000246254
v 0.00721275806 0.0391876101 0
v 0.00720852613 0.0391876101 0.000246251991
v 0.00719594909 0.0391876101 0.000492218009
v 0.00717490911 0.0391876101 0.000737609982
v 0.00714558316 0.0391876101 0.000982137979
v 0.00710785296 0.0391876101 0.00122547103
v 0.00706189778 0.0391876101 0.00146746601
v 0.00700765802 0.0391876101 0.00170767296
v 0.00694525195 0.0391876101 0.00194597198
v 0.0068747988 0.0391876101 0.002181947
v 0.00679629995 0.0391876101 0.00241535902
v 0.00670987321 0.0391876101 0.00264602806
v 0.0066156378 0.0391876101 0.00287353899
v 0.00651365519 0.0391876101 0.00309771206
v 0.00640410092 0.0391876101 0.00331830909
v 0.00628703786 0.0391876101 0.00353503204
v 0.00616270304 0.0391876101 0.00374764204
v 0.00603115512 0.0391876101 0.00395584106
v 0.00589257386 0.0391876101 0.00415945007
v 0.00574713899 0.0391876101 0.00435817195
v 0.00559502793 0.0391876101 0.00455188705
v 0.0054363599 0.0391876101 0.00474023819
v 0.00527131511 0.0391876101 0.00492304517
v 0.00510019017 0.0391876101 0.00510019017
v 0.00492310477 0.0391876101 0.00527131511
v 0.00474023819 0.0391876101 0.0054363599
v 0.00455188705 0.0391876101 0.00559502793
v 0.00435817195 0.0391876101 0.00574713899
v 0.00415945007 0.0391876101 0.00589257386
v 0.00395584106 0.0391876101 0.00603115512
v 0.00374764204 0.0391876101 0.00616270304
v 0.00353503204 0.0391876101 0.00628703786
v 0.00331830909 0.0391876101 0.00640410092
v 0.00309771206 0.0391876101 0.00651365519
v 0.00287353899 0.0391876101 0.0066156378
v 0.00264602806 0.0391876101 0.00670987321
v 0.00241535902 0.0391876101 0.00679629995
v 0.002181947 0.0391876101 0.0068747988
v 0.00194597198 0.0391876101 0.00694525195
v 0.00170767296 0.0391876101 0.00700765802
v 0.00146746601 0.0391876101 0.00706189778
v 0.00122547103 0.0391876101 0.00710785296
v 0.000982139027 0.0391876101 0.00714558316
v 0.000737610972 0.0391876101 0.00717490911
v 0.000492218009 0.0391876101 0.00719594909
v 0.000246251991 0.0391876101 0.00720852613
v 0 0.0391876101 0.00721275806
v -0.000246254 0.0391876101 0.00720852613
v -0.000492219988 0.0391876101 0.00719594909
v -0.000737612019 0.0391876101 0.00717490911
v -0.000982139958 0.0391876101 0.00714558316
v -0.00122547103 0.0391876101 0.00710785296
v -0.00146746601 0.0391876101 0.00706189778
v -0.00170767296 0.0391876101 0.00700765802
v -0.00194597198 0.0391876101 0.00694525195
v -0.002181947 0.0391876101 0.0068747988
v -0.00241535902 0.0391876101 0.00679629995
v -0.00264602806 0.0391876101 0.00670987321
v -0.00287353899 0.0391876101 0.0066156378
v -0.00309771206 0.0391876101 0.00651365519
v -0.00331830909 0.0391876101 0.00640410092
v -0.00353503204 0.0391876101 0.00628703786
v -0.00374764204 0.0391876101 0.00616270304
v -0.00395584106 0.0391876101 0.00603115512
v -0.00415945007 0.0391876101 0.00589257386
v -0.00435817195 0.0391876101 0.00574713899
v -0.00455188705 0.0391876101 0.00559502793
v -0.00474023819 0.0391876101 0.0054363599
v -0.00492304517 0.0391876101 0.00527131511
v -0.00510019017 0.0391876101 0.00510019017
v -0.00527131511 0.0391876101 0.00492304517
v -0.0054363599 0.0391876101 0.00474023819
v -0.00559502793 0.0391876101 0.00455188705
v -0.00574713899 0.0391876101 0.00435817195
v -0.00589257386 0.0391876101 0.00415945007
v -0.00603115512 0.0391876101 0.00395584106
v -0.00616270304 0.0391876101 0.00374764204
v -0.00628703786 0.0391876101 0.00353503204
v -0.00640410092 0.0391876101 0.00331830909
v -0.00651365519 0.0391876101 0.00309771206
v -0.0066156378 0.0391876101 0.00287353899
v -0.00670987321 0.0391876101 0.00264602806
v -0.00679629995 0.0391876101 0.00241535902
v -0.0068747988 0.0391876101 0.002181947
v -0.00694525195 0.0391876101 0.00194597198
v -0.00700765802 0.0391876101 0.00170767296
v -0.00706189778 0.0391876101 0.00146746601
v -0.00710785296 0.0391876101 0.00122547103
v -0.00714558316 0.0391876101 0.000982137979
v -0.00717490911 0.0391876101 0.000737609982
v -0.00719594909 0.0391876101 0.000492218009
v -0.00720852613 0.0391876101 0.000246251991
v -0.00721275806 0.0391876101 0
v -0.00720852613 0.0391876101 -0.000246254
v -0.00719594909 0.0391876101 -0.000492215971
v -0.00717490911 0.0391876101 -0.000737608003
v -0.00714558316 0.0391876101 -0.000982139958
v -0.00710785296 0.0391876101 -0.00122547103
v -0.00706189778 0.0391876101 -0.00146746601
v -0.00700765802 0.0391876101 -0.00170767296
v -0.00694525195 0.0391876101 -0.00194597198
v -0.0068747988 0.0391876101 -0.002181947
v -0.00679629995 0.0391876101 -0.00241535902
v -0.00670987321 0.0391876101 -0.00264602806
v -0.0066156378 0.0391876101 -0.00287353899
v -0.00651365519 0.0391876101 -0.00309771206
v -0.00640410092 0.0391876101 -0.00331830909
v -0.00628703786 0.0391876101 -0.00353503204
v -0.00616270304 0.0391876101 -0.00374764204
v -0.00603115512 0.0391876101 -0.00395584106
v -0.00589257386 0.0391876101 -0.00415945007
v -0.00574713899 0.0391876101 -0.00435817195
v -0.00559502793 0.0391876101 -0.00455188705
v -0.0054363599 0.0391876101 -0.00474023819
v -0.00527131511 0.0391876101 -0.00492310477
v -0.00510019017 0.0391876101 -0.00510019017
v -0.00492304517 0.0391876101 -0.00527131511
v -0.00474023819 0.0391876101 -0.0054363599
v -0.00455188705 0.0391876101 -0.00559502793
v -0.00435817195 0.0391876101 -0.00574713899
v -0.00415945007 0.0391876101 -0.00589257386
v -0.00395584106 0.0391876101 -0.00603115512
v -0.00374764204 0.0391876101 -0.00616270304
v -0.00353503204 0.0391876101 -0.00628703786
v -0.00331830909 0.0391876101 -0.00640410092
v -0.00309771206 0.0391876101 -0.00651365519
v -0.00287353899 0.0391876101 -0.0066156378
v -0.00264602806 0.0391876101 -0.00670987321
v -0.00179642404 0.0393251106 -0.00505465223
v -0.00162279594 0.0393251106 -0.00511306478
v -0.00144726003 0.0393251106 -0.00516545679
v -0.00127005496 0.0393251106 -0.00521188881
v -0.00109141995 0.0393251106 -0.00525218202
v -0.000911471026 0.0393251106 -0.00528639508
v -0.000730452011 0.0393251106 -0.0053144088
v -0.000548591022 0.0393251106 -0.00533628417
v -0.000366080989 0.0393251106 -0.00535190105
v -0.000183147 0.0393251106 -0.00536125805
v 0 0.0393251106 -0.00536441803
v 0.000183145996 0.0393251106 -0.00536125805
v 0.000366079999 0.0393251106 -0.00535190105
v 0.000548588985 0.0393251106 -0.00533628417
v 0.000730458007 0.0393251106 -0.0053144088
v 0.000911469979 0.0393251106 -0.00528639508
v 0.00109141995 0.0393251106 -0.00525218202
v 0.00127005496 0.0393251106 -0.00521188881
v 0.00144726003 0.0393251106 -0.00516545679
v 0.00162279594 0.0393251106 -0.00511306478
v 0.00179642404 0.0393251106 -0.00505465223
v 0.00196790602 0.0393251106 -0.00499039795
v 0.00213718391 0.0393251106 -0.00492030289
v 0.0023038981 0.0393251106 -0.00484442711
v 0.00246793008 0.0393251106 -0.00476294709
v 0.00262910104 0.0393251106 -0.00467592385
v 0.00278723193 0.0393251106 -0.0045834179
v 0.00294208503 0.0393251106 -0.00448560715
v 0.00309353997 0.0393251106 -0.00438254979
v 0.00324135995 0.0393251106 -0.00427436782
v 0.00338536501 0.0393251106 -0.0041612382
v 0.00352549506 0.0393251106 -0.00404322101
v 0.00366145303 0.0393251106 -0.00392049504
v 0.00379317906 0.0393251106 -0.00379317906
v 0.00392049504 0.0393251106 -0.00366145303
v 0.00404322101 0.0393251106 -0.00352549506
v 0.0041612382 0.0393251106 -0.00338536501
v 0.00427436782 0.0393251106 -0.00324135995
v 0.00438254979 0.0393251106 -0.00309353997
v 0.00448560715 0.0393251106 -0.00294208503
v 0.0045834179 0.0393251106 -0.00278723193
v 0.00467592385 0.0393251106 -0.00262910104
v 0.00476294709 0.0393251106 -0.00246793008
v 0.00484442711 0.0393251106 -0.0023038981
v 0.00492030289 0.0393251106 -0.00213718391
v 0.00499039795 0.0393251106 -0.00196790602
v 0.00505465223 0.0393251106 -0.00179642404
v 0.00511306478 0.0393251106 -0.00162279594
v 0.00516545679 0.0393251106 -0.00144726003
v 0.00521188881 0.0393251106 -0.00127005496
v 0.00525218202 0.0393251106 -0.00109141995
v 0.00528639508 0.0393251106 -0.000911471026
v 0.0053144088 0.0393251106 -0.000730456028
v 0.00533628417 0.0393251106 -0.000548587006
v 0.00535190105 0.0393251106 -0.000366080989
v 0.00536125805 0.0393251106 -0.000183147
v 0.00536441803 0.0393251106 0
v 0.00536125805 0.0393251106 0.000183145996
v 0.00535190105 0.0393251106 0.000366079999
v 0.00533628417 0.0393251106 0.000548588985
v 0.0053144088 0.0393251106 0.00073045399
v 0.00528639508 0.0393251106 0.000911469979
v 0.00525218202 0.0393251106 0.00109141995
v 0.00521188881 0.0393251106 0.00127005496
v 0.00516545679 0.0393251106 0.00144726003
v 0.00511306478 0.0393251106 0.00162279594
v 0.00505465223 0.0393251106 0.00179642404
v 0.00499039795 0.0393251106 0.00196790602
v 0.00492030289 0.0393251106 0.00213718391
v 0.00484442711 0.0393251106 0.0023038981
v 0.00476294709 0.0393251106 0.00246793008
v 0.00467592385 0.0393251106 0.00262910104
v 0.0045834179 0.0393251106 0.00278723193
v 0.00448560715 0.0393251106 0.00294208503
v 0.00438254979 0.0393251106 0.00309353997
v 0.00427436782 0.0393251106 0.00324135995
v 0.0041612382 0.0393251106 0.00338536501
v 0.00404322101 0.0393251106 0.00352549506
v 0.00392049504 0.0393251106 0.00366145303
v 0.00379317906 0.0393251106 0.00379317906
v 0.00366145303 0.0393251106 0.00392049504
v 0.00352549506 0.0393251106 0.00404322101
v 0.00338536501 0.0393251106 0.0041612382
v 0.00324135995 0.0393251106 0.00427436782
v 0.00309353997 0.0393251106 0.00438254979
v 0.00294208503 0.0393251106 0.00448560715
v 0.00278723193 0.0393251106 0.0045834179
v 0.00262910104 0.0393251106 0.00467592385
v 0.00246793008 0.0393251106 0.00476294709
v 0.0023038981 0.0393251106 0.00484442711
v 0.00213718391 0.0393251106 0.00492030289
v 0.00196790602 0.0393251106 0.00499039795
v 0.00179642404 0.0393251106 0.00505465223
v 0.00162279594 0.0393251106 0.00511306478
v 0.00144726003 0.0393251106 0.00516545679
v 0.00127005496 0.0393251106 0.00521188881
v 0.00109141995 0.0393251106 0.00525218202
v 0.000911469979 0.0393251106 0.00528639508
v 0.000730458007 0.0393251106 0.0053144088
v 0.000548588985 0.0393251106 0.00533628417
v 0.000366079999 0.0393251106 0.00535190105
v 0.000183145996 0.0393251106 0.00536125805
v 0 0.0393251106 0.00536441803
v -0.000183147 0.0393251106 0.00536125805
v -0.000366080989 0.0393251106 0.00535190105
v -0.000548591022 0.0393251106 0.00533628417
v -0.000730452011 0.0393251106 0.0053144088
v -0.000911471026 0.0393251106 0.00528639508
v -0.00109141995 0.0393251106 0.00525218202
v -0.00127005496 0.0393251106 0.00521188881
v -0.00144726003 0.0393251106 0.00516545679
v -0.00162279594 0.0393251106 0.00511306478
v -0.00179642404 0.0393251106 0.00505465223
v -0.00196790602 0.0393251106 0.00499039795
v -0.00213718391 0.0393251106 0.00492030289
v -0.0023038981 0.0393251106 0.00484442711
v -0.00246793008 0.0393251106 0.00476294709
v -0.00262910104 0.0393251106 0.00467592385
v -0.00278723193 0.0393251106 0.0045834179
v -0.00294208503 0.0393251106 0.00448560715
v -0.00309353997 0.0393251106 0.00438254979
v -0.00324135995 0.0393251106 0.00427436782
v -0.00338536501 0.0393251106 0.0041612382
v -0.00352549506 0.0393251106 0.00404322101
v -0.00366145303 0.0393251106 0.00392049504
v -0.00379317906 0.0393251106 0.00379317906
v -0.00392049504 0.0393251106 0.00366145303
v -0.00404322101 0.0393251106 0.00352549506
v -0.0041612382 0.0393251106 0.00338536501
v -0.00427436782 0.0393251106 0.00324135995
v -0.00438254979 0.0393251106 0.00309353997
v -0.00448560715 0.0393251106 0.00294208503
v -0.0045834179 0.0393251106 0.00278723193
v -0.00467592385 0.0393251106 0.00262910104
v -0.00476294709 0.0393251106 0.00246793008
v -0.00484442711 0.0393251106 0.0023038981
v -0.00492030289 0.0393251106 0.00213718391
v -0.00499039795 0.0393251106 0.00196790602
v -0.00505465223 0.0393251106 0.00179642404
v -0.00511306478 0.0393251106 0.00162279594
v -0.00516545679 0.0393251106 0.00144726003
v -0.00521188881 0.0393251106 0.00127005496
v -0.00525218202 0.0393251106 0.00109141995
v -0.00528639508 0.0393251106 0.000911469979
v -0.0053144088 0.0393251106 0.00073045399
v -0.00533628417 0.0393251106 0.000548588985
v -0.00535190105 0.0393251106 0.000366079999
v -0.00536125805 0.0393251106 0.000183145996
v -0.00536441803 0.0393251106 0
v -0.00536125805 0.0393251106 -0.000183147
v -0.00535190105 0.0393251106 -0.000366080989
v -0.00533628417 0.0393251106 -0.000548587006
v -0.0053144088 0.0393251106 -0.000730456028
v -0.00528639508 0.0393251106 -0.000911471026
v -0.00525218202 0.0393251106 -0.00109141995
v -0.00521188881 0.0393251106 -0.00127005496
v -0.00516545679 0.0393251106 -0.00144726003
v -0.00511306478 0.0393251106 -0.00162279594
v -0.00505465223 0.0393251106 -0.00179642404
v -0.00499039795 0.0393251106 -0.00196790602
v -0.00492030289 0.0393251106 -0.00213718391
v -0.00484442711 0.0393251106 -0.0023038981
v -0.00476294709 0.0393251106 -0.00246793008
v -0.00467592385 0.0393251106 -0.00262910104
v -0.0045834179 0.0393251106 -0.00278723193
v -0.00448560715 0.0393251106 -0.00294208503
v -0.00438254979 0.0393251106 -0.00309353997
v -0.00427436782 0.0393251106 -0.00324135995
v -0.0041612382 0.0393251106 -0.00338536501
v -0.00404322101 0.0393251106 -0.00352549506
v -0.00392049504 0.0393251106 -0.00366145303
v -0.00379317906 0.0393251106 -0.00379317906
v -0.00366145303 0.0393251106 -0.00392049504
v -0.00352549506 0.0393251106 -0.00404322101
v -0.00338536501 0.0393251106 -0.0041612382
v -0.00324135995 0.0393251106 -0.00427436782
v -0.00309353997 0.0393251106 -0.00438254979
v -0.00294208503 0.0393251106 -0.00448560715
v -0.00278723193 0.0393251106 -0.0045834179
v -0.00262910104 0.0393251106 -0.00467592385
v -0.00246793008 0.0393251106 -0.00476294709
v -0.0023038981 0.0393251106 -0.00484442711
v -0.00213718391 0.0393251106 -0.00492030289
v -0.00196790602 0.0393251106 -0.00499039795
v -0.00118827797 0.0394225083 -0.00334364106
v -0.00107347895 0.0394225083 -0.0033822651
v -0.000957389013 0.0394225083 -0.00341695501
v -0.000840169028 0.0394225083 -0.00344765093
v -0.000721973018 0.0394225083 -0.00347429491
v -0.000602934975 0.0394225083 -0.00349694397
v -0.000483197015 0.0394225083 -0.00351548102
v -0.000362891995 0.0394225083 -0.00352990604
v -0.000242163005 0.0394225083 -0.00354021695
v -0.000121151003 0.0394225083 -0.0035464759
v 0 0.0394225083 -0.00354850199
v 0.000121149998 0.0394225083 -0.0035464759
v 0.000242162001 0.0394225083 -0.00354021695
v 0.000362891005 0.0394225083 -0.00352990604
v 0.000483195996 0.0394225083 -0.00351548102
v 0.000602933986 0.0394225083 -0.00349694397
v 0.000721972028 0.0394225083 -0.00347429491
v 0.000840167981 0.0394225083 -0.00344765093
v 0.000957388023 0.0394225083 -0.00341695501
v 0.00107347895 0.0394225083 -0.0033822651
v 0.00118827797 0.0394225083 -0.00334364106
v 0.00130176498 0.0394225083 -0.00330108404
v 0.00141370203 0.0394225083 -0.00325471093
v 0.00152403105 0.0394225083 -0.00320458389
v 0.00163251103 0.0394225083 -0.00315070106
v 0.00173914398 0.0394225083 -0.00309312297
v 0.00184375001 0.0394225083 -0.003031909
v 0.00194615102 0.0394225083 -0.00296717789
v 0.00204634597 0.0394225083 -0.00289905001
v 0.00214415696 0.0394225083 -0.00282746507
v 0.00223940611 0.0394225083 -0.0027526021
v 0.0023320911 0.0394225083 -0.00267457892
v 0.00242203404 0.0394225083 -0.00259339809
v 0.00250917603 0.0394225083 -0.00250917603
v 0.00259339809 0.0394225083 -0.00242203404
v 0.00267457892 0.0394225083 -0.0023320911
v 0.0027526021 0.0394225083 -0.00223940611
v 0.00282746507 0.0394225083 -0.00214415696
v 0.00289905001 0.0394225083 -0.00204634597
v 0.00296717789 0.0394225083 -0.00194615102
v 0.003031909 0.0394225083 -0.00184375001
v 0.00309312297 0.0394225083 -0.00173914398
v 0.00315070106 0.0394225083 -0.00163251103
v 0.00320458389 0.0394225083 -0.00152403105
v 0.00325471093 0.0394225083 -0.00141370203
v 0.00330108404 0.0394225083 -0.00130176498
v 0.00334364106 0.0394225083 -0.00118827797
v 0.0033822651 0.0394225083 -0.00107347895
v 0.00341695501 0.0394225083 -0.000957385986
v 0.00344765093 0.0394225083 -0.000840169028
v 0.00347429491 0.0394225083 -0.000721973018
v 0.00349694397 0.0394225083 -0.000602934975
v 0.00351548102 0.0394225083 -0.000483192998
v 0.00352990604 0.0394225083 -0.000362888997
v 0.00354021695 0.0394225083 -0.000242163005
v 0.0035464759 0.0394225083 -0.000121151003
v 0.00354850199 0.0394225083 0
v 0.0035464759 0.0394225083 0.000121153003
v 0.00354021695 0.0394225083 0.000242162001
v 0.00352990604 0.0394225083 0.000362891005
v 0.00351548102 0.0394225083 0.000483195006
v 0.00349694397 0.0394225083 0.000602933986
v 0.00347429491 0.0394225083 0.000721974997
v 0.00344765093 0.0394225083 0.000840171007
v 0.00341695501 0.0394225083 0.000957388023
v 0.0033822651 0.0394225083 0.00107347895
v 0.00334364106 0.0394225083 0.00118827797
v 0.00330108404 0.0394225083 0.00130176498
v 0.00325471093 0.0394225083 0.00141370203
v 0.00320458389 0.0394225083 0.00152403105
v 0.00315070106 0.0394225083 0.00163251103
v 0.00309312297 0.0394225083 0.00173914398
v 0.003031909 0.0394225083 0.00184375001
v 0.00296717789 0.0394225083 0.00194615102
v 0.00289905001 0.0394225083 0.00204634597
v 0.00282746507 0.0394225083 0.00214415696
v 0.0027526021 0.0394225083 0.00223940611
v 0.00267457892 0.0394225083 0.0023320911
v 0.00259339809 0.0394225083 0.00242203404
v 0.00250917603 0.0394225083 0.00250917603
v 0.00242203404 0.0394225083 0.00259339809
v 0.0023320911 0.0394225083 0.00267457892
v 0.00223940611 0.0394225083 0.0027526021
v 0.00214415696 0.0394225083 0.00282746507
v 0.00204634597 0.0394225083 0.00289905001
v 0.00194615102 0.0394225083 0.00296717789
v 0.00184375001 0.0394225083 0.003031909
v 0.00173914398 0.0394225083 0.00309312297
v 0.00163251103 0.0394225083 0.00315070106
v 0.00152403105 0.0394225083 0.00320458389
v 0.00141370203 0.0394225083 0.00325471093
v 0.00130176498 0.0394225083 0.00330108404
v 0.00118827797 0.0394225083 0.00334364106
v 0.00107347895 0.0394225083 0.0033822651
v 0.000957388023 0.0394225083 0.00341695501
v 0.000840167981 0.0394225083 0.00344765093
v 0.000721972028 0.0394225083 0.00347429491
v 0.000602933986 0.0394225083 0.00349694397
v 0.000483195996 0.0394225083 0.00351548102
v 0.000362891005 0.0394225083 0.00352990604
v 0.000242162001 0.0394225083 0.00354021695
v 0.000121149998 0.0394225083 0.0035464759
v 0 0.0394225083 0.00354850199
v -0.000121151003 0.0394225083 0.0035464759
v -0.000242163005 0.0394225083 0.00354021695
v -0.000362891995 0.0394225083 0.00352990604
v -0.000483197015 0.0394225083 0.00351548102
v -0.000602934975 0.0394225083 0.00349694397
v -0.000721973018 0.0394225083 0.00347429491
v -0.000840169028 0.0394225083 0.00344765093
v -0.000957389013 0.0394225083 0.00341695501
v -0.00107347895 0.0394225083 0.0033822651
v -0.00118827797 0.0394225083 0.00334364106
v -0.00130176498 0.0394225083 0.00330108404
v -0.00141370203 0.0394225083 0.00325471093
v -0.00152403105 0.0394225083 0.00320458389
v -0.00163251103 0.0394225083 0.00315070106
v -0.00173914398 0.0394225083 0.00309312297
v -0.00184375001 0.0394225083 0.003031909
v -0.00194615102 0.0394225083 0.00296717789
v -0.00204634597 0.0394225083 0.00289905001
v -0.00214415696 0.0394225083 0.00282746507
v -0.00223940611 0.0394225083 0.0027526021
v -0.0023320911 0.0394225083 0.00267457892
v -0.00242203404 0.0394225083 0.00259339809
v -0.00250917603 0.0394225083 0.00250917603
v -0.00259339809 0.0394225083 0.00242203404
v -0.00267457892 0.0394225083 0.0023320911
v -0.0027526021 0.0394225083 0.00223940611
v -0.00282746507 0.0394225083 0.00214415696
v -0.00289905001 0.0394225083 0.00204634597
v -0.00296717789 0.0394225083 0.00194615102
v -0.003031909 0.0394225083 0.00184375001
v -0.00309312297 0.0394225083 0.00173914398
v -0.00315070106 0.0394225083 0.00163251103
v -0.00320458389 0.0394225083 0.00152403105
v -0.00325471093 0.0394225083 0.00141370203
v -0.00330108404 0.0394225083 0.00130176498
v -0.00334364106 0.0394225083 0.00118827797
v -0.0033822651 0.0394225083 0.00107347895
v -0.00341695501 0.0394225083 0.000957388023
v -0.00344765093 0.0394225083 0.000840171007
v -0.00347429491 0.0394225083 0.000721974997
v -0.00349694397 0.0394225083 0.000602933986
v -0.00351548102 0.0394225083 0.000483195006
v -0.00352990604 0.0394225083 0.000362891005
v -0.00354021695 0.0394225083 0.000242162001
v -0.0035464759 0.0394225083 0.000121153003
v -0.00354850199 0.0394225083 0
v -0.0035464759 0.0394225083 -0.000121151003
v -0.00354021695 0.0394225083 -0.000242163005
v -0.00352990604 0.0394225083 -0.000362888997
v -0.00351548102 0.0394225083 -0.000483192998
v -0.00349694397 0.0394225083 -0.000602934975
v -0.00347429491 0.0394225083 -0.000721973018
v -0.00344765093 0.0394225083 -0.000840169028
v -0.00341695501 0.0394225083 -0.000957385986
v -0.0033822651 0.0394225083 -0.00107347895
v -0.00334364106 0.0394225083 -0.00118827797
v -0.00330108404 0.0394225083 -0.00130176498
v -0.00325471093 0.0394225083 -0.00141370203
v -0.00320458389 0.0394225083 -0.00152403105
v -0.00315070106 0.0394225083 -0.00163251103
v -0.00309312297 0.0394225083 -0.00173914398
v -0.003031909 0.0394225083 -0.00184375001
v -0.00296717789 0.0394225083 -0.00194615102
v -0.00289905001 0.0394225083 -0.00204634597
v -0.00282746507 0.0394225083 -0.00214415696
v -0.0027526021 0.0394225083 -0.00223940611
v -0.00267457892 0.0394225083 -0.0023320911
v -0.00259339809 0.0394225083 -0.00242203404
v -0.00250917603 0.0394225083 -0.00250917603
v -0.00242203404 0.0394225083 -0.00259339809
v -0.0023320911 0.0394225083 -0.00267457892
v -0.00223940611 0.0394225083 -0.0027526021
v -0.00214415696 0.0394225083 -0.00282746507
v -0.00204634597 0.0394225083 -0.00289905001
v -0.00194615102 0.0394225083 -0.00296717789
v -0.00184375001 0.0394225083 -0.003031909
v -0.00173914398 0.0394225083 -0.00309312297
v -0.00163251103 0.0394225083 -0.00315070106
v -0.00152403105 0.0394225083 -0.00320458389
v -0.00141370203 0.0394225083 -0.00325471093
v -0.00130176498 0.0394225083 -0.00330108404
v 0.052093979 -0.0256904308 -0.0297274496
v 0.0530548617 -0.0264034793 -0.0297274496
v 0.0530531406 -0.0264058094 0.0227999594
v 0.0515221283 -0.0252370201 0.0227999594
v 0.0500630103 -0.0239795409 0.0227999594
v 0.0486809611 -0.0226379 0.0227999594
v 0.0473808609 -0.0212166905 0.0227999594
v 0.0461671911 -0.0197209697 0.0227999594
v 0.0450442992 -0.0181559902 0.0227999594
v 0.0440160595 -0.0165272299 0.0227999594
v 0.0430861115 -0.0148404203 0.0227999594
v 0.0422577187 -0.0131014502 0.0227999594
v 0.0415338203 -0.0113165304 0.0227999594
v 0.0409169085 -0.00949180126 0.0227999594
v 0.0404091999 -0.0076337452 0.0227999594
v 0.0400124714 -0.00574892713 0.0227999594
v 0.0397281013 -0.00384384301 0.0227999594
v 0.0395570286 -0.00192528905 0.0227999594
v 0.0394999906 0 0.0227999594
v 0.0395570286 0.00192528905 0.0227999594
v 0.0397281013 0.00384384301 0.0227999594
v 0.0400124714 0.00574892713 0.0227999594
v 0.0404091999 0.0076337452 0.0227999594
v 0.0409169085 0.00949180126 0.0227999594
v 0.0415338203 0.0113165304 0.0227999594
v 0.0422577187 0.0131014502 0.0227999594
v 0.0430861115 0.0148404203 0.0227999594
v 0.0440160595 0.0165272299 0.0227999594
v 0.0450442992 0.0181559902 0.0227999594
v 0.0461671911 0.0197209697 0.0227999594
v 0.0473808609 0.0212166905 0.0227999594
v 0.0486809611 0.0226379 0.0227999594
v 0.0500630103 0.0239795409 0.0227999594
v 0.0515221283 0.0252370201 0.0227999594
v 0.0530531406 0.0264058094 0.0227999594
v 0.0546507202 0.0274818502 0.0227999594
v 0.0563092194 0.0284613296 0.0227999594
v 0.0579704009 0.02931582 -0.0297274496
v 0.056762211 0.0287064295 -0.0297274496
v 0.0569432899 0.0288017895 -0.0285830405
v 0.0580233298 0.0293398406 -0.0297274496
v 0.0571690202 0.0289187394 -0.0270998403
v 0.0573590286 0.0290153604 -0.0257957503
v 0.05755293 0.0291123893 -0.0244035106
v 0.0577370487 0.0292030498 -0.02301329
v 0.0579112098 0.02928745 -0.0216250997
v 0.0580228493 0.0293409191 0.0227999594
v 0.104499899 0 0.0227999594
v 0.1044944 0.000600835017 -0.0297274496
v 0.104442902 0.00192528905 0.0227999594
v 0.104442298 0.00192528905 -0.0297274496
v 0.104271799 0.00384384301 0.0227999594
v 0.104441203 0.00195294595 -0.0297274496
v 0.104331799 0.00330168009 -0.0297274496
v 0.104265101 0.00384300901 -0.0297274496
v 0.104166299 0.00464469101 -0.0297274496
v 0.1039875 0.00574892713 0.0227999594
v 0.103983499 0.00574827101 -0.0297274496
v 0.103590697 0.0076337452 0.0227999594
v 0.103945099 0.0059795971 -0.0297274496
v 0.103668503 0.00730419112 -0.0297274496
v 0.103077099 0.0094900718 -0.0297274496
v 0.103083 0.00949180126 0.0227999594
v 0.103337102 0.00861614943 -0.0297274496
v 0.103585601 0.00763249304 -0.0297274496
v 0.102951199 0.00991314556 -0.0297274496
v 0.102511697 0.0111929104 -0.0297274496
v 0.102466099 0.0113165304 0.0227999594
v 0.102463797 0.0113156401 -0.0297274496
v 0.102019399 0.0124533698 -0.0297274496
v 0.101742201 0.0131014502 0.0227999594
v 0.101735801 0.0130986497 -0.0297274496
v 0.101475 0.0136921396 -0.0297274496
v 0.1009138 0.0148404203 0.0227999594
v 0.100912496 0.01483976 -0.0297274496
v 0.099983871 0.0165272299 0.0227999594
v 0.100879401 0.0149072399 -0.0297274496
v 0.100233898 0.0160964709 -0.0297274496
v 0.0989517495 0.0181534197 -0.0297274496
v 0.0989556909 0.0181559902 0.0227999594
v 0.0995393321 0.0172578003 -0.0297274496
v 0.0999782607 0.0165238902 -0.0297274496
v 0.0987970829 0.0183892194 -0.0297274496
v 0.0980083868 0.01948875 -0.0297274496
v 0.0978327319 0.0197209697 0.0227999594
v 0.0966141224 0.0212124493 -0.0297274496
v 0.0966190621 0.0212166905 0.0227999594
v 0.0971745774 0.0205545407 -0.0297274496
v 0.0978289768 0.0197180491 -0.0297274496
v 0.0962971374 0.02158463 -0.0297274496
v 0.095377557 0.0225773398 -0.0297274496
v 0.0953189731 0.0226379 0.0227999594
v 0.095317781 0.0226367097 -0.0297274496
v 0.0944175124 0.0235309005 -0.0297274496
v 0.0939369202 0.0239795409 0.0227999594
v 0.0939321518 0.0239743497 -0.0297274496
v 0.0934185311 0.0244436804 -0.0297274496
v 0.0924778506 0.0252370201 0.0227999594
v 0.0924763605 0.0252352301 -0.0297274496
v 0.0909467936 0.0264058094 0.0227999594
v 0.0923824906 0.0253140908 -0.0297274496
v 0.0913110301 0.0261405706 -0.0297274496
v 0.0893464014 0.0274774991 -0.0297274496
v 0.0893492624 0.0274818502 0.0227999594
v 0.0902061388 0.0269217994 -0.0297274496
v 0.0909432098 0.0264006797 -0.0297274496
v 0.0890697166 0.0276563093 -0.0297274496
v 0.087903671 0.0283429008 -0.0297274496
v 0.087690711 0.0284613296 0.0227999594
v 0.0859741494 0.0293348394 -0.0297274496
v 0.08597707 0.0293409191 0.0227999594
v 0.086710088 0.0289803706 -0.0297274496
v 0.0876887366 0.0284576993 -0.0297274496
v 0.085490942 0.02956759 -0.0297274496
v 0.0842484832 0.0301035605 -0.0297274496
v 0.0842143819 0.0301173907 0.0227999594
v 0.0842140913 0.0301166698 -0.0297274496
v 0.0829847381 0.03058731 -0.0297274496
v 0.0824087188 0.0307880603 0.0227999594
v 0.0824065208 0.0307814404 -0.0297274496
v 0.0817019269 0.0310180709 -0.0297274496
v 0.0805665776 0.0313506089 0.0227999594
v 0.080565691 0.0313476287 -0.0297274496
v 0.0786942765 0.0318030715 0.0227999594
v 0.0804023668 0.0313950107 -0.0297274496
v 0.0790882111 0.031717591 -0.0297274496
v 0.0767975971 0.0321381614 -0.0297274496
v 0.0767984912 0.0321437716 0.0227999594
v 0.0777617618 0.03198516 -0.0297274496
v 0.0786930919 0.0317972787 -0.0297274496
v 0.0764253065 0.0321972892 -0.0297274496
v 0.0750812218 0.0323535688 -0.0297274496
v 0.0748858377 0.0323715806 0.0227999594
v 0.0748855993 0.0323681198 -0.0297274496
v 0.0737317801 0.0324537717 -0.0297274496
v 0.0729630515 0.0324857198 0.0227999594
v 0.0729628205 0.0324787982 -0.0297274496
v 0.0723793507 0.0324977599 -0.0297274496
v 0.0710368678 0.0324857198 0.0227999594
v 0.0710368678 0.0324854814 -0.0297274496
v 0.0691140816 0.0323715806 0.0227999594
v 0.0710261986 0.0324853584 -0.0297274496
v 0.0696747825 0.0324167013 -0.0297274496
v 0.0691147372 0.0323647782 -0.0297274496
v 0.0683274195 0.0322918184 -0.0297274496
v 0.0672014877 0.0321437716 0.0227999594
v 0.067201972 0.0321400091 -0.0297274496
v 0.0653056502 0.0318030715 0.0227999594
v 0.066986382 0.0321109183 -0.0297274496
v 0.0656540915 0.0318744108 -0.0297274496
v 0.063434951 0.0313447714 -0.0297274496
v 0.0634334013 0.0313506089 0.0227999594
v 0.0643327236 0.0315825902 -0.0297274496
v 0.0653068423 0.0317976996 -0.0297274496
v 0.0630246922 0.0312361103 -0.0297274496
v 0.0617322288 0.0308353901 -0.0297274496
v 0.0615912005 0.0307880603 0.0227999594
v 0.0615920983 0.0307854991 -0.0297274496
v 0.0604575202 0.0303812604 -0.0297274496
v 0.0597856008 0.0301173907 0.0227999594
v 0.0592028387 0.0298744403 -0.0297274496
v 0.0597882196 0.03011089 -0.0297274496
v 0.0546507202 -0.0274818502 0.0227999594
v 0.0531806313 -0.0264968202 -0.0297274496
v 0.054299891 -0.0272572003 -0.0297274496
v 0.0563119613 -0.0284565594 -0.0297274496
v 0.0563092194 -0.0284613296 0.0227999594
v 0.0554498993 -0.0279703699 -0.0297274496
v 0.0546538793 -0.0274767205 -0.0297274496
v 0.0566285215 -0.0286350809 -0.0297274496
v 0.0578338504 -0.0292501394 -0.0297274496
v 0.0580228493 -0.0293409191 0.0227999594
v 0.05978816 -0.0301110093 -0.0297274496
v 0.0597856008 -0.0301173907 0.0227999594
v 0.0590637289 -0.0298144799 -0.0297274496
v 0.058024399 -0.0293375198 -0.0297274496
v 0.0603160188 -0.0303271394 -0.0297274496
v 0.0615885817 -0.0307871606 -0.0297274496
v 0.0615912005 -0.0307880603 0.0227999594
v 0.0615912005 -0.0307880007 -0.0297274496
v 0.0628791377 -0.0311939102 -0.0297274496
v 0.0634334013 -0.0313506089 0.0227999594
v 0.0634351894 -0.0313439891 -0.0297274496
v 0.0641855523 -0.0315465294 -0.0297274496
v 0.0653056502 -0.0318030715 0.0227999594
v 0.0653064772 -0.0317995511 -0.0297274496
v 0.0672014877 -0.0321437716 0.0227999594
v 0.0655055568 -0.0318444893 -0.0297274496
v 0.0668367669 -0.0320871994 -0.0297274496
v 0.0691146776 -0.0323656686 -0.0297274496
v 0.0691140816 -0.0323715806 0.0227999594
v 0.0681769177 -0.0322742984 -0.0297274496
v 0.06720227 -0.032138221 -0.0297274496
v 0.0695236921 -0.0324054882 -0.0297274496
v 0.0708748102 -0.0324804708 -0.0297274496
v 0.0710368678 -0.0324857198 0.0227999594
v 0.0710369274 -0.0324827395 -0.0297274496
v 0.0722278282 -0.0324991904 -0.0297274496
v 0.0729630515 -0.0324857198 0.0227999594
v 0.0729628801 -0.0324786901 -0.0297274496
v 0.0735804364 -0.0324615203 -0.0297274496
v 0.0748858377 -0.0323715806 0.0227999594
v 0.0748857781 -0.0323706791 -0.0297274496
v 0.0767984912 -0.0321437716 0.0227999594
v 0.0749303624 -0.0323675796 -0.0297274496
v 0.0762751624 -0.0322175585 -0.0297274496
v 0.0767974779 -0.0321371518 -0.0297274496
v 0.0776125714 -0.0320116803 -0.0297274496
v 0.0786942765 -0.0318030715 0.0227999594
v 0.078693442 -0.0317988917 -0.0297274496
v 0.0805665776 -0.0313506089 0.0227999594
v 0.0789402723 -0.0317502618 -0.0297274496
v 0.0802559182 -0.0314338803 -0.0297274496
v 0.0824067518 -0.0307820998 -0.0297274496
v 0.0824087188 -0.0307880603 0.0227999594
v 0.0815572664 -0.0310629606 -0.0297274496
v 0.0805651471 -0.0313457213 -0.0297274496
v 0.0828419924 -0.0306382105 -0.0297274496
v 0.0841079876 -0.0301603004 -0.0297274496
v 0.0842143819 -0.0301173907 0.0227999594
v 0.0842134878 -0.0301153604 -0.0297274496
v 0.0853529498 -0.0296301804 -0.0297274496
v 0.08597707 -0.0293409191 0.0227999594
v 0.0859740898 -0.0293345395 -0.0297274496
v 0.0865747929 -0.0290486198 -0.0297274496
v 0.087690711 -0.0284613296 0.0227999594
v 0.0876898691 -0.0284597799 -0.0297274496
v 0.0893492624 -0.0274818502 0.0227999594
v 0.0877713487 -0.0284167491 -0.0297274496
v 0.0889406204 -0.0277355891 -0.0297274496
v 0.0909440517 -0.0264018103 -0.0297274496
v 0.0909467936 -0.0264058094 0.0227999594
v 0.09008044 -0.0270063803 -0.0297274496
v 0.0893457532 -0.0274764206 -0.0297274496
v 0.0911889598 -0.0262303296 -0.0297274496
v 0.0922642276 -0.0254088603 -0.0297274496
v 0.0924778506 -0.0252370201 0.0227999594
v 0.093932502 -0.0239746496 -0.0297274496
v 0.0939369202 -0.0239795409 0.0227999594
v 0.0933043286 -0.0245432798 -0.0297274496
v 0.09247493 -0.0252334997 -0.0297274496
v 0.0943075418 -0.0236351397 -0.0297274496
v 0.0952720568 -0.0226861201 -0.0297274496
v 0.0953189731 -0.0226379 0.0227999594
v 0.0953180119 -0.02263695 -0.0297274496
v 0.0961962268 -0.0216977 -0.0297274496
v 0.0966190621 -0.0212166905 0.0227999594
v 0.0966137573 -0.0212120991 -0.0297274496
v 0.0970785022 -0.0206716601 -0.0297274496
v 0.0978327319 -0.0197209697 0.0227999594
v 0.0978307128 -0.0197193604 -0.0297274496
v 0.0989556909 -0.0181559902 0.0227999594
v 0.0979172513 -0.0196097996 -0.0297274496
v 0.0987110734 -0.0185139701 -0.0297274496
v 0.0999792814 -0.0165244304 -0.0297274496
v 0.099983871 -0.0165272299 0.0227999594
v 0.0994585678 -0.0173860099 -0.0297274496
v 0.0989505574 -0.0181525908 -0.0297274496
v 0.100158498 -0.0162279606 -0.0297274496
v 0.100809596 -0.0150416996 -0.0297274496
v 0.1009138 -0.0148404203 0.0227999594
v 0.101736002 -0.0130987102 -0.0297274496
v 0.101742201 -0.0131014502 0.0227999594
v 0.101410799 -0.0138294101 -0.0297274496
v 0.100910299 -0.0148386899 -0.0297274496
v 0.101961002 -0.0125931501 -0.0297274496
v 0.1024592 -0.0113350702 -0.0297274496
v 0.102466099 -0.0113165304 0.0227999594
v 0.102465801 -0.0113164103 -0.0297274496
v 0.1029047 -0.0100573301 -0.0297274496
v 0.103083 -0.00949180126 0.0227999594
v 0.103076302 -0.00948983431 -0.0297274496
v 0.103296503 -0.0087621212 -0.0297274496
v 0.103590697 -0.0076337452 0.0227999594
v 0.103587501 -0.00763291121 -0.0297274496
v 0.1039875 -0.00574892713 0.0227999594
v 0.103634097 -0.00745177222 -0.0297274496
v 0.103916898 -0.00612848904 -0.0297274496
v 0.1042661 -0.00384312798 -0.0297274496
v 0.104271799 -0.00384384301 0.0227999594
v 0.104144298 -0.00479459716 -0.0297274496
v 0.1039818 -0.00574791385 -0.0297274496
v 0.1043161 -0.00345235993 -0.0297274496
v 0.104431801 -0.00210416294 -0.0297274496
v 0.104442902 -0.00192528905 0.0227999594
v 0.104439698 -0.00192516996 -0.0297274496
v 0.104491197 -0.000752324006 -0.0297274496
v 0.104493 0 -0.0297274496
v 0.0281017404 -0.0214999896 -0.0237360504
v 0.0303276703 -0.0214999896 -0.0245319009
v 0.0398440883 -0.0214999896 0.0124999797
v 0.0398440883 -0.0214999896 -0.0274229608
v 0.032685101 -0.0214999896 -0.0253244005
v 0.0350576006 -0.0214999896 -0.0260705892
v 0.0374442302 -0.0214999896 -0.0267702304
v 0.0356931016 -0.0214999896 0.0124999797
v 0.0344832502 -0.0214999896 0.0125281196
v 0.0332760811 -0.0214999896 0.0126125803
v 0.0335119292 0.0227999594 0.0185938999
v 0.0338148996 0.0227999594 0.0185883604
v 0.0327138901 0.0227999594 0.0187231302
v 0.0332115814 0.0227999594 0.0185535494
v 0.0276633501 0.0227999594 -0.0288990699
v 0.0283505898 0.0227999594 -0.0291253291
v 0.0281507298 0.0227999594 -0.0290430691
v 0.0274088308 0.0227999594 -0.0256529395
v 0.02772367 0.0227999594 -0.0246545598
v 0.0102777397 0.0227999594 -0.0183129907
v 0.0273165703 0.0227999594 -0.0283000991
v 0.0272524301 0.0227999594 -0.0281851795
v 0.0261094496 0.0227999594 -0.0284836795
v 0.0267802402 0.0227999594 -0.0286470596
v 0.0269923806 0.0227999594 -0.0287037399
v 0.0274131801 0.0227999594 -0.0284348708
v 0.0269999504 0.0227999594 -0.0287057701
v 0.0316510685 0.0227999594 0.0162881594
v 0.0316271111 0.0227999594 0.0165902302
v 0.00305759907 0.0227999594 0.0207762104
v 0.0316489898 0.0227999594 0.0168924909
v 0.0317162797 0.0227999594 0.0171879493
v 0.0276010595 0.0227999594 -0.0286554005
v 0.0275753103 0.0227999594 -0.0286268499
v 0.0274560992 0.0227999594 -0.0284947697
v 0.0272096302 0.0227999594 -0.0281084701
v 0.0271272603 0.0227999594 -0.0279148798
v 0.0255919602 0.0227999594 -0.0283758603
v 0.0271242801 0.0227999594 -0.0279079005
v 0.0254346095 0.0227999594 -0.0283430796
v 0.0270606205 0.0227999594 -0.0276991092
v 0 0.0227999594 0.0209999606
v 0.00153285195 0.0227999594 0.0209439304
v 0.0319799706 0.0227999594 0.0177317206
v 0.0321702883 0.0227999594 0.0179675799
v 0.0312451106 0.0227999594 0.0190008804
v -0.0151179396 0.0227999594 -0.0145755401
v -0.0161415897 0.0227999594 -0.0134330904
v 0.0317204483 0.0227999594 0.0159931108
v 0.00456601288 0.0227999594 0.0204975605
v 0.0323941112 0.0227999594 0.0181719009
v 0.0326461717 0.0227999594 0.0183401108
v 0.0329207703 0.0227999594 0.0184683204
v 0.0280819498 0.0227999594 -0.0290056393
v 0.0279622599 0.0227999594 -0.0289403703
v 0.0278319102 0.0227999594 -0.0288498905
v 0.0277855303 0.0227999594 -0.0288177095
v 0.0277634803 0.0227999594 -0.0288003609
v 0.0276059508 0.0227999594 -0.0286597591
v 0.0213216506 0.0227999594 -0.0279756095
v 0.0220059697 0.0227999594 -0.0279797893
v 0.0226982795 0.0227999594 -0.0280069709
v 0.0240734201 0.0227999594 -0.0281297509
v 0.0241755191 0.0227999594 -0.0281440001
v 0.0137328496 0.0227999594 -0.0294775907
v 0.0143845603 0.0227999594 -0.0292294007
v 0.0151179396 0.0227999594 -0.0145755401
v 0.0140136397 0.0227999594 -0.0156401899
v 0.0270199105 0.0227999594 0.02047842
v 0.0318274982 0.0227999594 0.0174698792
v 0.0283901598 0.0227999594 0.0198810101
v 0.0298011806 0.0227999594 0.0193875395
v 0.0242097899 0.0227999594 -0.0281488206
v 0.0247558299 0.0227999594 -0.0282251202
v 0.0115870796 0.0227999594 0.0175139308
v 0.0128346002 0.0227999594 0.0166214108
v 0.0140136397 0.0227999594 0.0156401899
v 0.0151179396 0.0227999594 0.0145755401
v 0.0128346002 0.0227999594 -0.0166214108
v 0.0115870796 0.0227999594 -0.0175139308
v 0.0256981198 0.0227999594 0.0211765692
v 0.0227497201 0.0227999594 -0.0280107204
v 0.0233874898 0.0227999594 -0.0280570295
v 0.0143898102 0.0227999594 -0.02922743
v 0.0150521901 0.0227999594 -0.0290002208
v 0.0157197099 0.0227999594 -0.0287957694
v -0.0115870796 0.0227999594 -0.0175139308
v -0.0128346002 0.0227999594 -0.0166214108
v -0.0140136397 0.0227999594 -0.0156401899
v -0.00153285195 0.0227999594 0.0209439304
v -0.00305759907 0.0227999594 0.0207762104
v -0.00456601288 0.0227999594 0.0204975605
v 0.00605004979 0.0227999594 0.0201095901
v 0.00750184013 0.0227999594 0.0196143296
v 0.00891357567 0.0227999594 0.0190144107
v 0.0102777397 0.0227999594 0.0183129907
v 0.0161415897 0.0227999594 0.0134330904
v 0.0170790497 0.0227999594 0.0122190099
v 0.0179254394 0.0227999594 0.0109397098
v 0.0186761599 0.0227999594 0.00960206892
v 0.0193272196 0.0227999594 0.00821316242
v 0.0198752191 0.0227999594 0.00678044511
v 0.0203171298 0.0227999594 0.00531154778
v 0.0203171298 0.0227999594 -0.00531154778
v 0.0206506792 0.0227999594 -0.00381433894
v 0.0208740197 0.0227999594 -0.00229674508
v 0.0209859591 0.0227999594 -0.000766963989
v 0.0209859591 0.0227999594 0.00076696201
v 0.0161415897 0.0227999594 -0.0134330904
v 0.0170790497 0.0227999594 -0.0122190099
v -0.0151179396 0.0227999594 0.0145755401
v -0.0161415897 0.0227999594 0.0134330904
v -0.0170790497 0.0227999594 0.0122190099
v -0.0179254394 0.0227999594 0.0109397098
v -0.0186761599 0.0227999594 0.00960206892
v -0.00605004979 0.0227999594 0.0201095901
v -0.00750184013 0.0227999594 0.0196143296
v -0.00891357567 0.0227999594 0.0190144107
v -0.0102777397 0.0227999594 0.0183129907
v 0.0208740197 0.0227999594 0.00229674508
v 0.0206506792 0.0227999594 0.00381433894
v 0.0179254394 0.0227999594 -0.0109397098
v 0.0186761599 0.0227999594 -0.00960206892
v 0.0244321804 0.0227999594 0.0219714604
v 0.0232291203 0.0227999594 0.02285867
v 0.0184371993 0.0227999594 -0.0282042008
v 0.0184866693 0.0227999594 -0.0281976406
v 0.0191274192 0.0227999594 -0.0281128194
v 0.0198215209 0.0227999594 -0.0280443393
v 0.0198983494 0.0227999594 -0.0280382
v 0.0199122392 0.0227999594 -0.0280371308
v 0.0206127707 0.0227999594 -0.0279945694
v 0.00750184013 0.0227999594 -0.0196143296
v 0.00605004979 0.0227999594 -0.0201095901
v 0.0271822792 0.0227999594 -0.0266749803
v -0.00456601288 0.0227999594 -0.0204975605
v -0.00605004979 0.0227999594 -0.0201095901
v -0.00750184013 0.0227999594 -0.0196143296
v -0.0115870796 0.0227999594 0.0175139308
v -0.0128346002 0.0227999594 0.0166214108
v -0.0140136397 0.0227999594 0.0156401899
v 0.0193272196 0.0227999594 -0.00821316242
v 0.0198752191 0.0227999594 -0.00678044511
v 0.00153285195 0.0227999594 -0.0209439304
v 0 0.0227999594 -0.0209999606
v -0.00153285195 0.0227999594 -0.0209439304
v -0.00305759907 0.0227999594 -0.0207762104
v 0.0213107392 0.0227999594 -0.0279755499
v 0.0270506702 0.0227999594 -0.0276570302
v -0.00891357567 0.0227999594 -0.0190144107
v -0.0102777397 0.0227999594 -0.0183129907
v -0.0170790497 0.0227999594 -0.0122190099
v -0.0179254394 0.0227999594 -0.0109397098
v -0.0186761599 0.0227999594 -0.00960206892
v 0.00891357567 0.0227999594 -0.0190144107
v 0.00456601288 0.0227999594 -0.0204975605
v 0.00305759907 0.0227999594 -0.0207762104
v 0.0163922291 0.0227999594 -0.0286139809
v 0.0170694496 0.0227999594 -0.0284547806
v 0.0170929991 0.0227999594 -0.0284500699
v -0.0193272196 0.0227999594 0.00821316242
v -0.0198752191 0.0227999594 0.00678044511
v -0.0203171298 0.0227999594 0.00531154778
v -0.0206506792 0.0227999594 0.00381433894
v -0.0208740197 0.0227999594 0.00229674508
v 0.0175158307 0.0227999594 -0.0283653699
v 0.0177512094 0.0227999594 -0.0283181593
v -0.0206506792 0.0227999594 -0.00381433894
v -0.0203171298 0.0227999594 -0.00531154778
v -0.0198752191 0.0227999594 -0.00678044511
v -0.0193272196 0.0227999594 -0.00821316242
v -0.0209859591 0.0227999594 0.00076696201
v -0.0209859591 0.0227999594 -0.000766963989
v -0.0208740197 0.0227999594 -0.00229674508
v 0.02746558 0.0249160491 -0.0284694396
v 0.0144774299 0.0235080104 -0.0291839801
v 0.0147101199 0.0295294505 -0.0290049892
v 0.0150004001 0.0295438692 -0.0288823191
v 0.0153517704 0.0294377804 -0.0287393909
v 0.0237017199 0.0285829902 -0.0273355804
v 0.0238985997 0.0285294 -0.0273513701
v 0.0236127302 0.0271989703 -0.0275189802
v 0.0279918909 0.0271044299 -0.0282018092
v 0.0282412693 0.0269967299 -0.0282890201
v 0.0286844894 0.0267964602 -0.0284591299
v 0.0291225296 0.0265895706 -0.02864247
v 0.0264078304 0.0265432503 -0.0279436093
v 0.0266657993 0.0276384894 -0.02780395
v 0.0269747302 0.0275216103 -0.0278838798
v 0.0277799293 0.0262405202 -0.0283098798
v 0.0277929306 0.0271903798 -0.0281322002
v 0.0273393895 0.0273774806 -0.0279886704
v 0.0252982304 0.0281148497 -0.0275197607
v 0.0255915504 0.0280197207 -0.0275688097
v 0.0250163004 0.0268632695 -0.0276795607
v 0.0260558706 0.0278608706 -0.0276604202
v 0.0265169702 0.0276948195 -0.0277654491
v 0.0241790991 0.0284530502 -0.0273739006
v 0.0246531293 0.0283158403 -0.0274255797
v 0.0251240097 0.0281714201 -0.0274905507
v 0.0232210699 0.0287055895 -0.0273105502
v 0.0222044494 0.0275484901 -0.0274628904
v 0.0227370802 0.0288208108 -0.0272989199
v 0.0207989793 0.02791005 -0.02751147
v 0.0213661697 0.0291026197 -0.0273384396
v 0.0217589699 0.0290285908 -0.02731633
v 0.0222496893 0.0289285108 -0.0273008309
v 0.0224765502 0.0288783908 -0.0272999406
v 0.0203964692 0.0292626005 -0.0274297502
v 0.0199113395 0.0293303691 -0.0274948403
v 0.0194036309 0.0282817408 -0.0276644807
v 0.0208814107 0.0291866604 -0.0273775999
v 0.0210420992 0.0291588306 -0.0273646098
v 0.0180258695 0.0286615994 -0.0279211402
v 0.0184554402 0.02948457 -0.0277673006
v 0.0189408008 0.0294414703 -0.0276635792
v 0.0194261 0.0293900296 -0.0275728106
v 0.0196050406 0.0293680392 -0.0275440197
v 0.0166728403 0.0290476605 -0.0282800701
v 0.0169994198 0.0295636002 -0.0281555597
v 0.0174846593 0.0295457803 -0.0280132201
v 0.01797002 0.0295193698 -0.0278838202
v 0.0181750003 0.0295047108 -0.0278345905
v 0.0161478501 0.0295740906 -0.0284369495
v 0.0166318994 0.0295714103 -0.0282720309
v 0.0167609397 0.0295686703 -0.0282311402
v 0.0151868397 0.0295531098 -0.0288034603
v 0.0153718498 0.02955883 -0.0287303906
v 0.0156661198 0.0295679495 -0.0286141001
v 0.0146310898 0.0295246802 -0.0290396791
v 0.0151168099 0.0279512405 -0.0288621094
v 0.0141530596 0.0294904094 -0.0292574093
v 0.0157781802 0.0231987797 -0.0287661497
v 0.0171061698 0.0228925291 -0.0284424406
v 0.0186744295 0.02401012 -0.0280908309
v 0.0173189007 0.0243311506 -0.0283252001
v 0.0200448595 0.0236955807 -0.0279548094
v 0.0214233901 0.0233891606 -0.0279179793
v 0.0228030607 0.0230923202 -0.0279804394
v 0.0241770092 0.0228066407 -0.0281419102
v 0.0258141104 0.0238677803 -0.0282590892
v 0.0244432595 0.0241566803 -0.0279980302
v 0.0271656495 0.0235939007 -0.0286187492
v 0.0159850102 0.0246571302 -0.0286568906
v 0.0146794301 0.0249863807 -0.0290842
v 0.0230599605 0.0244590603 -0.0278367903
v 0.02167123 0.0247734096 -0.0277763009
v 0.0202841703 0.0250982009 -0.0278167706
v 0.0189058706 0.0254316907 -0.0279580299
v 0.0175432507 0.0257722102 -0.0281994306
v 0.0162032191 0.0261180401 -0.0285395905
v 0.0148926303 0.0264674406 -0.0289769694
v 0.0164325796 0.0275815707 -0.0284140706
v 0.0177789908 0.0272157099 -0.0280647799
v 0.0191489998 0.0268555805 -0.0278159901
v 0.0205356404 0.0265030209 -0.0276690703
v 0.0219317004 0.0261598807 -0.0276246592
v 0.0233299099 0.0258279406 -0.0276830699
v 0.0247231107 0.0255088806 -0.0278440099
v 0.0261040293 0.0252044201 -0.0281065702
v 0.0341993496 0.0263915006 0.0185565297
v 0.0341371186 0.0264186803 0.0185605809
v 0.0336153507 0.0266401693 0.0186082106
v 0.0338148996 -0.0154999401 0.0185883604
v 0.0338338614 -0.0154999401 0.0185865704
v 0.0330955908 0.0268545095 0.0186693594
v 0.0327140614 0.0270070992 0.0187244397
v 0.0325778089 0.0270615797 0.0187441092
v 0.0320621692 0.0272613708 0.0188323203
v 0.031548731 0.0274537206 0.0189340692
v 0.03124547 0.0275633894 0.0190024897
v 0.0310375597 0.0276386105 0.0190494005
v 0.0305287205 0.0278158691 0.0191782694
v 0.0300223194 0.0279853903 0.0193207804
v 0.0298015997 0.0280563794 0.0193888508
v 0.0295726601 0.0281299893 0.0194594804
v 0.0290894508 0.0282790009 0.0196216702
v 0.0286117103 0.0284195505 0.0197955891
v 0.0283907 0.0284813605 0.0198825002
v 0.0281395297 0.0285516307 0.0199812595
v 0.0276728198 0.0286752507 0.0201785509
v 0.0272116009 0.0287903491 0.0203874093
v 0.0270205699 0.0288350508 0.0204798505
v 0.0267559793 0.0288969204 0.0206078794
v 0.0263059102 0.0289949104 0.0208398607
v 0.0258613806 0.0290841404 0.0210834108
v 0.0256989002 0.0291139409 0.0211778805
v 0.0254225098 0.02916467 0.0213385802
v 0.0249891803 0.0292363092 0.0216054302
v 0.0245615803 0.0292990208 0.02188408
v 0.0244327094 0.0293156505 0.0219722893
v 0.0242246892 0.0293425303 0.02211475
v 0.0238207504 0.0293874703 0.0224050209
v 0.0234243199 0.0294234697 0.0227051303
v 0.0226539299 0.0294685904 0.0233349204
v 0.02303534 0.0294504706 0.02301508
v 0.0232301299 0.0294369403 0.0228599291
v 0.0225763898 0.0294711497 0.0234019104
v 0.0222058799 0.0294783693 0.0237319395
v 0.0341997109 -0.0154999401 0.018561
v 0.0346606895 0.0261900406 0.01852661
v 0.0347625017 -0.0154999401 0.0185216591
v 0.0351860486 0.0259543601 0.0185064003
v 0.0415017605 0.0273625199 -0.0271490198
v 0.0431051813 0.0283096991 -0.0198740307
v 0.0435393415 0.0285496097 -0.0174714904
v 0.0437368713 0.0286565404 -0.0162735507
v 0.0442494117 0.0289274398 -0.0126908403
v 0.0521834418 0.02795499 -0.0137207499
v 0.0520501696 0.0278757792 -0.0150082102
v 0.0507090613 0.0278087202 -0.0148029299
v 0.0443931818 0.0290017091 -0.0114997597
v 0.0445231684 0.0290682893 -0.0103098704
v 0.0448027812 0.0292094294 -0.00712788105
v 0.0448817611 0.0292488299 -0.0059346552
v 0.0449965 0.0293056909 -0.00355535699
v 0.0450323187 0.0293233301 -0.00236850907
v 0.0450537801 0.0293338802 -0.00118285394
v 0.0450322591 0.0293232705 0.00237154891
v 0.0449964404 0.0293056294 0.0035571449
v 0.0449463688 0.0292808991 0.00474393321
v 0.0448031388 0.0292096101 0.00712293293
v 0.0447100401 0.0291629396 0.00831609871
v 0.0446025692 0.0291086398 0.00951230526
v 0.0560419485 0.0283402801 -0.0297865793
v 0.0558897816 0.0282685701 -0.0297962409
v 0.0554587804 0.0280708 -0.0296558104
v 0.041382961 0.0272536203 -0.0277754609
v 0.0413483307 0.0272670295 -0.0277624708
v 0.0527830087 0.0281102601 0.0115338499
v 0.0528587587 0.0281617008 0.0103276903
v 0.0524827801 0.0281299893 0.0102870399
v 0.0528964885 0.0281873904 0.00972688105
v 0.0529330894 0.0282120705 0.00902819633
v 0.0525739715 0.0281824991 0.00899416208
v 0.0529911518 0.0282511692 0.00791954901
v 0.0529990084 0.0282564107 0.00773239089
v 0.0526530109 0.0282276794 0.00770425703
v 0.053123109 0.0283393804 0.00430291798
v 0.0531321093 0.0283453409 0.00386088993
v 0.0528171584 0.0283207204 0.00384801603
v 0.0531599484 0.0283638798 0.00249320199
v 0.0531714484 0.0283714496 0.00128793705
v 0.0528657995 0.0283481404 0.00128376402
v 0.0531772301 0.0283753201 0.000682290003
v 0.0531763397 0.0283746701 2.21196001e-06
v 0.0528719388 0.0283515397 2.20078005e-06
v 0.05317479 0.0283736493 -0.00112992502
v 0.0531736016 0.0283728801 -0.00128382398
v 0.0528658591 0.0283481404 -0.001279652
v 0.0531449914 0.0283539202 -0.00334828999
v 0.0531319305 0.0283452198 -0.00385892298
v 0.0528172217 0.02832078 -0.00384610798
v 0.0530977808 0.0283225104 -0.00519460393
v 0.0530521795 0.0282920506 -0.00644194987
v 0.0527197085 0.0282656495 -0.00641936017
v 0.0530301891 0.0282773897 -0.00704383804
v 0.0529972911 0.0282552801 -0.0077376361
v 0.0526526496 0.0282275006 -0.00770962192
v 0.0528342687 0.0281451307 -0.0107543999
v 0.0528039895 0.0281244498 -0.01119434
v 0.0524154305 0.0280909501 -0.0111488597
v 0.0527061187 0.0280575696 -0.0126172304
v 0.0526137315 0.0279938504 -0.0137824398
v 0.0564938113 0.0286500994 -0.0226979796
v 0.0552138016 0.0281875096 -0.0223842803
v 0.0539033413 0.0278175399 -0.0220736209
v 0.0525687896 0.0275419299 -0.0217674896
v 0.0512165986 0.0273621008 -0.0214674994
v 0.0515828691 0.0275917593 -0.0188788697
v 0.0521218702 0.0276471302 -0.0189839005
v 0.0519959889 0.0275565293 -0.0201355796
v 0.0519055687 0.0277889892 -0.0162969809
v 0.0523884185 0.0278367903 -0.0163786393
v 0.0522589013 0.0277450606 -0.0176798701
v 0.0525048897 0.0279182103 -0.0150793102
v 0.0523900911 0.0278379899 -0.0163616501
v 0.0525580011 0.0279553495 -0.0144861303
v 0.0528838001 0.02817869 -0.00990259554
v 0.0531563088 0.0283614304 -0.00257062889
v 0.0530967712 0.0283218008 0.00514918519
v 0.0526956283 0.0280503593 0.0127581302
v 0.0527760312 0.0281054899 0.01163154
v 0.0523481295 0.0280150697 0.01277309
v 0.0523794815 0.0280700307 0.0115833804
v 0.0522739217 0.0280091707 0.0127763096
v 0.05165755 0.0279639307 0.01280283
v 0.0518018603 0.0279715601 0.0127965799
v 0.0510470197 0.02800899 0.0114246598
v 0.0507047102 0.0279281698 0.01284396
v 0.0509160087 0.0279337093 0.0128348405
v 0.0509285294 0.0279393699 0.0127072297
v 0.0512540303 0.0279425904 0.0128202401
v 0.0492797382 0.0279591009 0.01290577
v 0.0495545194 0.0279457495 0.01289385
v 0.0495912395 0.0279670302 0.0125358095
v 0.0496019088 0.0279434901 0.0128917601
v 0.0501539707 0.0279284101 0.0128678596
v 0.0482581183 0.0280852895 0.0123702204
v 0.0481919609 0.0280494001 0.0129530402
v 0.0487347804 0.0279970709 0.0129294302
v 0.0465773903 0.0282920003 0.0130231902
v 0.0468449518 0.0282444898 0.0130115701
v 0.0469353087 0.0282937195 0.0122111998
v 0.0471131206 0.0281969309 0.01299995
v 0.0476513505 0.0281160399 0.0129765198
v 0.0449859388 0.0286626797 0.0130920997
v 0.0455086194 0.0285261795 0.0130695701
v 0.0456287786 0.0285912696 0.0120594501
v 0.0455136187 0.0285248701 0.0130693298
v 0.0460441709 0.0284013096 0.0130463801
v 0.0444611311 0.0288148504 0.0131146898
v 0.0443444811 0.0289766099 0.01191568
v 0.0442082807 0.0288955495 0.0131255304
v 0.0441944487 0.0289003197 0.0131234499
v 0.0441940986 0.0289000794 0.0131261898
v 0.0439394116 0.0289813802 0.0131371003
v 0.0434208512 0.0291624591 0.0131592099
v 0.0404983684 0.0276117306 -0.0274345204
v 0.0409383103 0.0274259392 -0.0276082102
v 0.0427446291 0.0268171392 -0.0282391291
v 0.0426840708 0.0268345997 -0.0282195807
v 0.0428670608 0.0269532707 -0.0274593197
v 0.0422862098 0.0269492809 -0.0280908905
v 0.0418322608 0.0270947795 -0.0279363301
v 0.0441465899 0.0265004002 -0.0286465809
v 0.0440616608 0.0265170299 -0.0286232196
v 0.0442540012 0.0266461298 -0.0277905408
v 0.0436749384 0.0265927296 -0.0285170004
v 0.0432075784 0.0266982894 -0.0283811595
v 0.0455762707 0.0263047796 -0.0289956909
v 0.0454713702 0.0263161007 -0.0289716106
v 0.0456553102 0.0264426395 -0.0281409007
v 0.0451027714 0.0263559204 -0.0288871508
v 0.0446225405 0.0264214799 -0.0287699606
v 0.0470634103 0.0263438802 -0.0285085998
v 0.0465693399 0.0262401104 -0.0292013809
v 0.0460723005 0.0262653809 -0.0291020796
v 0.0484709106 0.0263503697 -0.0288916193
v 0.048066549 0.0262478497 -0.0294576194
v 0.0475664698 0.0262314603 -0.0293791201
v 0.0470674001 0.0262288395 -0.0292937104
v 0.0469034314 0.0262325406 -0.0292633101
v 0.0498702489 0.0264621302 -0.0292879306
v 0.0495722815 0.0263792202 -0.0296524093
v 0.0490694605 0.0263217594 -0.0295942407
v 0.0485675298 0.02627795 -0.0295293294
v 0.0483477712 0.0262647793 -0.02949786
v 0.0512540303 0.0266785007 -0.0296955109
v 0.0510855317 0.0266337302 -0.0297862794
v 0.050580319 0.0265352093 -0.0297484305
v 0.0500758812 0.02645039 -0.0297037903
v 0.0497947894 0.0264106896 -0.0296751205
v 0.0516681597 0.0267658792 -0.0298206806
v 0.0514988303 0.0267244503 -0.0298121497
v 0.0512351282 0.0266665798 -0.0297957007
v 0.0526598617 0.0270298701 -0.0298595391
v 0.0525277816 0.0269902293 -0.0298565608
v 0.0513005815 0.0267105605 -0.0294449907
v 0.0520146415 0.0268505793 -0.02983802
v 0.0545533188 0.0276825391 -0.0298592392
v 0.0540611707 0.0274934694 -0.0298690703
v 0.0541675016 0.0275600497 -0.0292459093
v 0.0540511608 0.0274896007 -0.0298692491
v 0.0528402291 0.0271476507 -0.0288403593
v 0.0535461307 0.0273098294 -0.0298721697
v 0.0530382916 0.0271433499 -0.0298679397
v 0.0526654683 0.0270315409 -0.0298596602
v 0.0555488393 0.0281079393 -0.0298179295
v 0.0554304682 0.0280556008 -0.0298236609
v 0.055052571 0.0278886501 -0.0298421308
v 0.0565318391 0.0285858493 -0.0297481399
v 0.0556957684 0.0282078292 -0.0281913802
v 0.044480741 0.0290466491 0.0107120201
v 0.0457613394 0.0286625605 0.0108415997
v 0.0458799601 0.0287257396 0.00962757971
v 0.0470641814 0.0283656102 0.0109782796
v 0.0459844992 0.0287810508 0.00841706898
v 0.0471795201 0.0284293797 0.00974917412
v 0.048383411 0.0281571709 0.01112145
v 0.0448819287 0.0292488895 0.00593239022
v 0.0460751615 0.0288286805 0.00720959902
v 0.0472811982 0.0284852292 0.00852352288
v 0.0484954715 0.0282208901 0.00987648871
v 0.0497130118 0.0280380808 0.0112704597
v 0.0461518094 0.0288687292 0.00600463105
v 0.0473693609 0.0285332706 0.00730091287
v 0.0485943519 0.02827668 0.00863498356
v 0.0498219691 0.0281012002 0.0100089898
v 0.0462145209 0.0289013293 0.00480180886
v 0.0474439189 0.02857369 0.00608074619
v 0.0486800596 0.0283247195 0.00739645911
v 0.049918171 0.02815645 0.0087509146
v 0.05115306 0.0280708596 0.01014602
v 0.0462633297 0.0289265495 0.00360059692
v 0.0475049615 0.0286066495 0.0048627248
v 0.0487525985 0.0283651892 0.00616043806
v 0.0500014983 0.0282040201 0.00749582006
v 0.0512466393 0.0281249806 0.00887077954
v 0.0450537205 0.0293338206 0.00118666806
v 0.0462981388 0.0289445501 0.002400517
v 0.0475523993 0.0286321603 0.00364631391
v 0.0488119088 0.0283980891 0.0049264431
v 0.0500720106 0.0282440707 0.00624322798
v 0.0513277613 0.0281715896 0.007598578
v 0.0450609289 0.0293373391 2.03313994e-06
v 0.04631906 0.0289553404 0.00120115199
v 0.0475863218 0.0286502801 0.00243103504
v 0.0488580391 0.0284235999 0.00369411707
v 0.0501297116 0.0282766204 0.004992723
v 0.0513963588 0.0282108709 0.00632887986
v 0.0463261008 0.0289589707 2.05921992e-06
v 0.0476066396 0.0286611896 0.00121641101
v 0.0488910004 0.0284417793 0.00246292306
v 0.0501745902 0.0283018891 0.00374382711
v 0.0514525101 0.0282428209 0.0050612092
v 0.0527198315 0.0282657705 0.00641691592
v 0.053053081 0.0282926504 0.00643950701
v 0.0463191196 0.0289553907 -0.00119733799
v 0.0476134382 0.0286648199 2.08529991e-06
v 0.0489107892 0.0284526907 0.00123238505
v 0.0502066612 0.0283198897 0.00249606301
v 0.0514962003 0.0282675605 0.00379520608
v 0.0527745411 0.0282967594 0.00513166096
v 0.0530667901 0.0283018295 0.00611162093
v 0.0462982617 0.0289446097 -0.00239741802
v 0.0476066992 0.0286612492 -0.00121253706
v 0.048917409 0.0284563303 2.1113799e-06
v 0.0502259098 0.02833068 0.00124901498
v 0.0515274405 0.0282851998 0.00253033591
v 0.0449463688 0.0292808991 -0.00474393321
v 0.0462633893 0.0289266091 -0.00359874894
v 0.0475863814 0.0286503397 -0.00242787506
v 0.0489108488 0.0284526907 -0.00122845103
v 0.0502323508 0.0283343103 2.14117995e-06
v 0.051546149 0.0282958094 0.00126612105
v 0.0528475605 0.0283378903 0.00256556203
v 0.0531583391 0.0283627491 0.00257402589
v 0.0462145209 0.0289013293 -0.00480180886
v 0.0475524589 0.0286321603 -0.00364446593
v 0.0488910601 0.0284418408 -0.00245976401
v 0.0502259098 0.0283307396 -0.00124496198
v 0.0515524112 0.0282993298 2.17098e-06
v 0.0461516902 0.0288686696 -0.0060069561
v 0.0475049615 0.0286066495 -0.0048627248
v 0.0488580987 0.0284236595 -0.00369226909
v 0.0502067208 0.0283199493 -0.00249284506
v 0.0515462086 0.0282958094 -0.00126206805
v 0.0447415113 0.0291787293 -0.00793301966
v 0.0460748002 0.0288284998 -0.00721460488
v 0.0474437997 0.0285736304 -0.00608312991
v 0.0488119088 0.0283980891 -0.0049264431
v 0.0501746498 0.0283019505 -0.0037419789
v 0.0515275002 0.0282852594 -0.00252705789
v 0.0446392782 0.0291272402 -0.00912099984
v 0.0460151397 0.0287971403 -0.0080294013
v 0.0473689996 0.0285330992 -0.0073059788
v 0.0487524197 0.0283651296 -0.00616282178
v 0.0501297116 0.0282766204 -0.004992723
v 0.0514962599 0.0282676201 -0.00379329897
v 0.0528476201 0.0283378903 -0.002562284
v 0.0531718098 0.0283717494 -0.00150424195
v 0.0459156595 0.0287446901 -0.00923162606
v 0.0473109409 0.0285014492 -0.00813102722
v 0.0486797616 0.0283245407 -0.00740158511
v 0.0500718914 0.0282439496 -0.00624567177
v 0.0514525101 0.0282428209 -0.0050612092
v 0.0458026491 0.0286846105 -0.0104346797
v 0.04721421 0.0284485202 -0.00934827328
v 0.0486233197 0.0282929502 -0.00823736098
v 0.0500011407 0.0282038394 -0.0075010648
v 0.0513962507 0.0282108095 -0.00633132411
v 0.0527745411 0.0282967594 -0.00513166096
v 0.0530989096 0.0283232909 -0.0051492448
v 0.0456761084 0.0286167804 -0.0116386404
v 0.0471042916 0.0283878408 -0.0105662895
v 0.0485292599 0.0282399599 -0.00947040319
v 0.0499463007 0.0281725507 -0.00834798813
v 0.0513273999 0.0281714201 -0.00760388281
v 0.0440920517 0.0288452506 -0.01388341
v 0.0455362685 0.0285411403 -0.0128437197
v 0.046981331 0.0283194706 -0.0117851403
v 0.0484223887 0.0281793997 -0.0107041504
v 0.0498548113 0.0281201005 -0.0095974803
v 0.0512740016 0.0281407796 -0.00846236944
v 0.0492131114 0.0277422592 -0.0158579294
v 0.0505606495 0.0277191903 -0.0160741806
v 0.0529558584 0.0282273795 -0.00861215498
v 0.0526006185 0.0281977598 -0.00858002901
v 0.0511850081 0.0280894004 -0.00972896814
v 0.0497509204 0.0280601308 -0.0108476197
v 0.0483028218 0.0281110406 -0.0119387498
v 0.046845369 0.0282431804 -0.01300513
v 0.0453832112 0.0284575205 -0.0140501801
v 0.0439211689 0.0287549999 -0.01507759
v 0.0476999208 0.0277574006 -0.0168888494
v 0.0490486585 0.0276426002 -0.0171137992
v 0.0504007302 0.0276215598 -0.0173469093
v 0.0517497584 0.0276943408 -0.0175871197
v 0.0522027016 0.0277052503 -0.0182446204
v 0.0452169701 0.0283657294 -0.0152581297
v 0.04669654 0.0281588398 -0.01422631
v 0.0481706783 0.0280348007 -0.0131742898
v 0.0496346913 0.0279924795 -0.0120986104
v 0.0510839187 0.0280305706 -0.0109960996
v 0.0525139496 0.0281479303 -0.00986415055
v 0.0529423282 0.0282183196 -0.00889682677
v 0.0461742803 0.0278559308 -0.01789915
v 0.0475186706 0.0276481509 -0.0181301795
v 0.0488725305 0.0275346003 -0.0183712207
v 0.0502294302 0.0275157597 -0.0186212007
v 0.045037739 0.0282655898 -0.0164677501
v 0.0465350114 0.0280662701 -0.0154489204
v 0.0480260812 0.0279505793 -0.0144110899
v 0.0495062396 0.02791702 -0.0133504802
v 0.0509708486 0.0279642902 -0.0122640701
v 0.0446409509 0.0280395094 -0.0188926999
v 0.0459753796 0.0277377293 -0.0191270094
v 0.0473255515 0.0275302492 -0.0193732902
v 0.0486848913 0.0274180099 -0.0196304303
v 0.0500469804 0.0274016205 -0.0198972207
v 0.0514051318 0.0274810698 -0.0201722905
v 0.0519777499 0.0275432393 -0.0202910304
v 0.0433286987 0.0284340903 -0.01867163
v 0.0448457003 0.0281568691 -0.0176792108
v 0.0463608503 0.0279653594 -0.0166731402
v 0.0478690788 0.0278581306 -0.0156491902
v 0.0493656285 0.0278337002 -0.0146035496
v 0.0508458614 0.0278903805 -0.0135329301
v 0.0523052216 0.0280266404 -0.0124343596
v 0.0527149998 0.0280636493 -0.0124877002
v 0.0444236882 0.0279131494 -0.0201083999
v 0.0457643792 0.0276105907 -0.0203568898
v 0.0471206307 0.0274034105 -0.0206183698
v 0.0484858714 0.0272926595 -0.0208915398
v 0.0498534404 0.0272788405 -0.0211750194
v 0.0428688489 0.0281761792 -0.0210788809
v 0.0441940986 0.02777767 -0.0213262998
v 0.0455414616 0.0274742804 -0.0215889793
v 0.0469042584 0.0272674505 -0.0218655393
v 0.0482757017 0.0271583106 -0.0221546199
v 0.0496490486 0.0271473508 -0.0224548504
v 0.0510175191 0.0272346102 -0.0227646809
v 0.0523744188 0.0274196193 -0.0230826102
v 0.0537129007 0.0277015492 -0.0234070998
v 0.0550264716 0.0280790292 -0.0237364694
v 0.0563085601 0.0285500195 -0.0240691304
v 0.0426199995 0.0280333105 -0.0222862307
v 0.0439524017 0.0276327692 -0.0225466397
v 0.0453068018 0.0273285508 -0.0228232704
v 0.0466764495 0.0271222498 -0.0231148005
v 0.0480545089 0.0270148497 -0.02341979
v 0.0494340584 0.0270068608 -0.0237366501
v 0.0508081317 0.0270984098 -0.02406382
v 0.0521699116 0.0272890292 -0.0243996903
v 0.0535125695 0.0275776908 -0.02474254
v 0.0548292883 0.0279630404 -0.0250906907
v 0.0561136603 0.0284430292 -0.0254423004
v 0.0423760414 0.0278910305 -0.0234178305
v 0.0437154695 0.0274885204 -0.0236901604
v 0.0450768992 0.0271835905 -0.0239797793
v 0.0464534089 0.02697777 -0.0242852494
v 0.0478379093 0.0268721506 -0.0246049706
v 0.0492235385 0.0268672109 -0.0249373894
v 0.0506030917 0.0269630495 -0.0252807699
v 0.0519696996 0.0271591507 -0.0256333295
v 0.053316351 0.0274545494 -0.0259933993
v 0.05463624 0.0278476402 -0.0263590794
v 0.05592262 0.0283365194 -0.0267285109
v 0.0420861207 0.0277190208 -0.0247057602
v 0.0544070005 0.0277083497 -0.0278017502
v 0.0530834682 0.0273058396 -0.02741611
v 0.0517320596 0.0270024501 -0.0270364806
v 0.0503597818 0.0267997291 -0.0266648494
v 0.0489736088 0.0266986992 -0.0263031106
v 0.0475808308 0.0266999006 -0.0259531699
v 0.0461885296 0.0268033706 -0.0256167594
v 0.04480391 0.0270084701 -0.0252956096
v 0.0434340797 0.0273142401 -0.0249914508
v 0.0417830311 0.0275357291 -0.0259960797
v 0.0514839217 0.0268357899 -0.0284411907
v 0.050105691 0.0266259909 -0.0280505996
v 0.0487127304 0.0265194699 -0.0276705604
v 0.0473123118 0.02651673 -0.02730304
v 0.0459117815 0.0266177598 -0.0269500595
v 0.0445185788 0.0268220901 -0.0266134106
v 0.0431399308 0.0271286294 -0.02629482
v 0.0499179289 0.0264955107 -0.0290408097
v 0.0485198386 0.0263848305 -0.0286477208
v 0.0471137688 0.0263790991 -0.0282678008
v 0.0457072183 0.0264783502 -0.0279030204
v 0.0443075784 0.0266820099 -0.0275553409
v 0.0429223105 0.0269890409 -0.0272266809
v 0.0415587388 0.0273978692 -0.0269186404
v 0.0481313989 -0.0232977197 -0.0294352695
v 0.0483526513 -0.02340197 -0.0294643007
v 0.0470043384 -0.0228305999 0.0124999797
v 0.047454711 -0.0230045896 0.0124999797
v 0.0477542207 -0.0231307093 0.0124999797
v 0.0485955998 -0.0235163495 -0.0294961296
v 0.0490539595 -0.0237467196 -0.0295500103
v 0.0495064817 -0.0239888392 -0.0295967404
v 0.0496543609 -0.0240729395 -0.0296099093
v 0.0499529801 -0.0242428109 -0.0296364408
v 0.0503935218 -0.0245085303 -0.0296690408
v 0.05082798 -0.0247860495 -0.0296944901
v 0.0509036109 -0.0248371903 -0.0296977106
v 0.0516782887 -0.0253769103 -0.0297237597
v 0.0512562282 -0.0250754897 -0.0297127292
v 0.0466455817 -0.0226920191 0.0124999797
v 0.0467038713 -0.0227131806 -0.02920991
v 0.0470054708 -0.0228277408 -0.0292614102
v 0.0471854806 -0.0228961091 -0.0292921606
v 0.0476613604 -0.0230909493 -0.0293672606
v 0.0449904688 -0.0221734606 0.0124999797
v 0.0455575511 -0.0223334394 -0.02898979
v 0.0456193015 -0.0223555509 0.0124999797
v 0.0456200801 -0.0223529302 -0.0290022995
v 0.0458236299 -0.0224147402 0.0124999797
v 0.0460597202 -0.0224903207 -0.0290903393
v 0.0465596318 -0.0226611402 -0.0291840397
v 0.0442032814 -0.0219820105 0.0124999797
v 0.0445464216 -0.0220606308 -0.0287683606
v 0.0450530611 -0.0221902095 -0.0288824402
v 0.0441476107 -0.0219684802 0.0124999797
v 0.0427632295 -0.0217158701 -0.0283174496
v 0.0430139787 -0.0217527691 -0.0283859894
v 0.0435268208 -0.0218419395 -0.0285200998
v 0.0440376401 -0.0219445806 -0.0286475401
v 0.0442032218 -0.0219823103 -0.0286868792
v 0.043296691 -0.02180022 0.0124999797
v 0.0427628085 -0.0217185598 0.0124999797
v 0.0424992405 -0.0216770098 -0.0282452703
v 0.0424392186 -0.0216690302 0.0124999797
v 0.0419826508 -0.0216146708 -0.0280979201
v 0.0415769182 -0.0215752106 0.0124999797
v 0.0414642617 -0.0215657298 -0.0279438403
v 0.0413076207 -0.0215550009 -0.0278954506
v 0.0413074382 -0.0215576198 0.0124999797
v 0.0409440883 -0.0215302706 -0.0277831499
v 0.0407113396 -0.0215187594 0.0124999797
v 0.0404223204 -0.0215083305 -0.02761578
v 0.0481240116 -0.0231388193 0.0137881003
v 0.0479764305 -0.0231707599 0.0132896304
v 0.0477581583 -0.0231323801 0.0125148799
v 0.0478268191 -0.0231524091 0.0127654597
v 0.0478676483 -0.0231643301 0.01291453
v 0.0479751192 -0.0231709406 0.0132851005
v 0.0479078814 -0.0231668297 0.0130532896
v 0.0479007885 -0.0231663492 0.0130288601
v 0.0480827019 -0.0231540706 0.0136479698
v 0.0480691716 -0.0231562201 0.0136022503
v 0.0480512902 -0.0231590196 0.0135420496
v 0.0482257009 -0.0230868403 0.0141413799
v 0.0481925011 -0.0231072307 0.0140242502
v 0.0481672212 -0.02312278 0.0139349103
v 0.0482571088 -0.0230675898 0.0142522398
v 0.0483118184 -0.0230151396 0.0144629404
v 0.0483351313 -0.0229927301 0.0145528903
v 0.0483591482 -0.0229565501 0.0146620199
v 0.0483602211 -0.0229550004 0.0146667296
v 0.0483967587 -0.0228999797 0.0148329102
v 0.0484449789 -0.0227491204 0.0151742101
v 0.0484273992 -0.0228222609 0.0150201302
v 0.0484240018 -0.0228365008 0.01499015
v 0.0483997986 -0.0228927694 0.0148507897
v 0.0484473705 -0.0227392297 0.0151950102
v 0.0484495088 -0.0226730704 0.0153114097
v 0.0484507009 -0.0226359908 0.0153767401
v 0.0484492704 -0.0226195995 0.0154027296
v 0.0484312102 -0.0225288197 0.0155347502
v 0.0484449193 -0.0225977805 0.0154344998
v 0.0483883582 -0.0224276707 0.01565855
v 0.04840165 -0.0224530604 0.0156298205
v 0.0484030209 -0.0224556308 0.0156268999
v 0.0484292507 -0.0225236993 0.0155412499
v 0.0483860299 -0.0224232599 0.0156635605
v 0.0483627282 -0.0223879796 0.0156997405
v 0.0483505093 -0.0223695599 0.0157186296
v 0.0528795682 0.0280057099 0.0134030497
v 0.0528834984 0.0280102994 0.0133578097
v 0.0528663285 0.0280105993 0.0133565599
v 0.05300688 0.0279348996 0.0138593903
v 0.0530505106 0.0278968792 0.0140245501
v 0.0531036183 0.0279341303 0.0133703901
v 0.0531623289 0.0277767107 0.0144693796
v 0.0531919487 0.0277291499 0.0146046802
v 0.0532927513 0.0277976897 0.0133774197
v 0.0532259308 0.0276746694 0.0147598302
v 0.0532470308 0.0276269298 0.0148745095
v 0.0533704683 0.0277103093 0.0133786201
v 0.0533311293 0.0273237191 0.01549959
v 0.0533335209 0.0272706095 0.0155870896
v 0.0533705913 0.0272950493 0.0151839796
v 0.0533264205 0.0270631295 0.0159071591
v 0.0533171184 0.0270146094 0.0159730297
v 0.0533885285 0.02706277 0.0151713397
v 0.0533064008 0.02695846 0.0160493199
v 0.0532850586 0.0268886592 0.0161370002
v 0.0533720218 0.0269472506 0.0151628796
v 0.0532172285 0.0267197397 0.0163376294
v 0.0531774685 0.0266528707 0.0164096896
v 0.0532897711 0.0267298799 0.0151426103
v 0.0531546399 0.0266145393 0.0164509993
v 0.0531032607 0.0265477207 0.0165183507
v 0.0532257482 0.0266326591 0.0151311699
v 0.0530010983 0.0264372192 0.0166246798
v 0.0526416786 0.0273491703 -0.0201899409
v 0.0525503717 0.0274221804 -0.0201858804
v 0.0523412786 0.0275248792 -0.0201711599
v 0.0522279702 0.0275523607 -0.0201609097
v 0.0521120988 0.0275629703 -0.0201489292
v 0.0524495207 0.0274811909 -0.0201795604
v 0.05272156 0.0272636395 -0.0201917794
v 0.0527881905 0.0271674301 -0.0201912504
v 0.0528402291 0.0270626508 -0.0201883893
v 0.0528764687 0.0269515496 -0.0201832596
v 0.0528962612 0.0268364493 -0.0201759897
v 0.0528991185 0.0267197993 -0.0201666895
v 0.0528849885 0.02660417 -0.0201555993
v 0.0528541803 0.0264919903 -0.0201429706
v 0.0528073311 0.0263857208 -0.0201290194
v 0.0526698194 0.0261995699 -0.0200985
v 0.0530815683 0.0265194699 0.0165468398
v 0.0531482585 0.0265458804 0.0151192499
v 0.0530767404 0.0265145302 0.0165515505
v 0.0530172512 0.0264537297 0.0166090094
v 0.0532382689 0.0267673098 0.0162824895
v 0.0532697402 0.0268385392 0.0161998793
v 0.0533388816 0.0268354993 0.0151532199
v 0.0532456599 0.0267841201 0.0162630007
v 0.053332679 0.0271428805 0.0157889109
v 0.0533347689 0.0272418801 0.0156345293
v 0.0533880517 0.0271794703 0.0151784401
v 0.0533368513 0.0271964595 0.0157093406
v 0.0533191487 0.0273955408 0.0153670898
v 0.0533365607 0.0274068695 0.0151879098
v 0.0533110984 0.0274438802 0.0152779799
v 0.0532985888 0.0274863206 0.0151895201
v 0.0532625318 0.0275919996 0.0149585595
v 0.0534347184 0.0276126191 0.0133782597
v 0.0532776117 0.0275579002 0.0150404498
v 0.0532901213 0.0275152307 0.0151293799
v 0.0531258509 0.0278197508 0.0143207898
v 0.0530887209 0.0278636198 0.0141692096
v 0.0532031618 0.0278728604 0.0133746797
v 0.0531076118 0.0278413203 0.0142462803
v 0.0529675409 0.0279588103 0.01371771
v 0.0529016182 0.0279974304 0.0134806
v 0.05299633 0.0279802606 0.0133647304
v 0.0529081188 0.0279950406 0.0135033103
v 0.0529097281 0.0279940292 0.0135092102
v 0.0528048798 0.0280335508 0.01314067
v 0.0530155785 0.0280997697 0.0115486896
v 0.0527881905 0.0280362293 0.01308244
v 0.0528996512 0.0281135403 0.0115416599
v 0.0526999198 0.0280501805 0.0127732698
v 0.0523189306 0.0277108494 -0.0182567798
v 0.052506499 0.02784287 -0.0163726807
v 0.0526744686 0.02795952 -0.0144958999
v 0.0528226383 0.0280612092 -0.0126258098
v 0.0529509112 0.0281482302 -0.0107617304
v 0.0530590415 0.0282210093 -0.00890290737
v 0.0531470105 0.0282797199 -0.00704866601
v 0.0532145984 0.0283245407 -0.00519812107
v 0.0532618687 0.0283557698 -0.00335061504
v 0.0532886907 0.0283734705 -0.001505255
v 0.053291671 0.0283754393 -0.00113075902
v 0.0532941185 0.0283770505 0.000682758982
v 0.0532768294 0.0283656698 0.00249493099
v 0.0532399416 0.0283413492 0.00430589914
v 0.0531836115 0.0283040404 0.00611579418
v 0.0531079099 0.0282536708 0.00792497303
v 0.0530132018 0.02819019 0.0097334981
v 0.0531291291 0.0281760003 0.00973939802
v 0.0532238409 0.0282390695 0.00792980101
v 0.0532994792 0.02828913 0.00611954881
v 0.0533558689 0.0283262096 0.00430852082
v 0.0533927009 0.0283504091 0.00249648001
v 0.0534099899 0.0283617303 0.000683175982
v 0.0534075387 0.0283601191 -0.00113141502
v 0.0534046218 0.0283582192 -0.00150620902
v 0.0533777401 0.0283405706 -0.00335270097
v 0.0533304811 0.0283095799 -0.00520133879
v 0.0532628782 0.0282649305 -0.00705295801
v 0.0531749688 0.0282065794 -0.00890833139
v 0.0530668385 0.0281342808 -0.0107682897
v 0.0529385805 0.0280477405 -0.0126334401
v 0.0527903996 0.0279466491 -0.0145046096
v 0.0526223704 0.0278306603 -0.0163824502
v 0.0524348617 0.0276993494 -0.0182676893
v 0.0531282984 0.0280692503 0.0115547096
v 0.0532417186 0.0281450097 0.00974452402
v 0.0533363782 0.0282077696 0.00793397427
v 0.0534120202 0.0282575395 0.00612276699
v 0.0534682795 0.0282943808 0.00431078579
v 0.0535051785 0.0283184592 0.00249779201
v 0.0535224006 0.0283296704 0.000683537975
v 0.0535199605 0.0283281207 -0.00113201095
v 0.0535170399 0.02832615 -0.001506984
v 0.0534902215 0.0283086803 -0.00335442997
v 0.0534429513 0.0282778107 -0.00520408107
v 0.0533754192 0.0282334592 -0.00705665303
v 0.0532875583 0.0281754695 -0.00891304016
v 0.0531794988 0.0281035304 -0.0107738897
v 0.0530513488 0.0280175209 -0.0126399901
v 0.0529032908 0.0279169604 -0.0145121198
v 0.0527353808 0.0278016292 -0.0163909104
v 0.0525479913 0.0276710894 -0.0182770398
v 0.0532354116 0.0280226395 0.0115596
v 0.0533487201 0.0280979797 0.00974869728
v 0.0534432493 0.0281603895 0.00793731213
v 0.0535187088 0.0282098595 0.00612539006
v 0.0535749085 0.0282465201 0.004312634
v 0.0536117516 0.0282704197 0.00249886489
v 0.0536289811 0.0282816198 0.000683831982
v 0.0536265299 0.0282800104 -0.00113248802
v 0.0536235496 0.0282781105 -0.00150763895
v 0.0535967909 0.0282607004 -0.00335586001
v 0.0535496399 0.0282300692 -0.00520628598
v 0.0534821711 0.0281859599 -0.00705969287
v 0.0533944294 0.0281282607 -0.00891685393
v 0.0532865487 0.0280567408 -0.0107784802
v 0.0531585813 0.0279711392 -0.0126453601
v 0.0530106984 0.0278711896 -0.01451826
v 0.0528430901 0.0277564507 -0.0163978301
v 0.0526559316 0.0276266299 -0.0182846691
v 0.0533346497 0.0279608909 0.0115633002
v 0.0534477197 0.0280358698 0.00975179579
v 0.0535420105 0.0280979201 0.00793987513
v 0.0536173508 0.0281471591 0.00612735702
v 0.0536734387 0.0281836297 0.00431400491
v 0.0537101589 0.0282074194 0.00249963906
v 0.0537273809 0.0282185003 0.000684052007
v 0.0537249409 0.0282169506 -0.00113284495
v 0.0537220202 0.0282150507 -0.00150811602
v 0.0536952615 0.0281977598 -0.0033569329
v 0.0536482297 0.0281672403 -0.00520795491
v 0.0535808802 0.0281233694 -0.00706195785
v 0.0534933805 0.0280659106 -0.00891965628
v 0.0533856712 0.0279948097 -0.0107819401
v 0.0532580018 0.0279096309 -0.0126494104
v 0.0531104207 0.0278102104 -0.0145228496
v 0.0529431701 0.0276960693 -0.0164029505
v 0.0527563617 0.0275669005 -0.0182904601
v 0.0534238815 0.0278853104 0.0115656797
v 0.0535365902 0.0279599391 0.00975382328
v 0.0536306985 0.0280216895 0.00794154406
v 0.0537058115 0.0280706808 0.00612866785
v 0.0537617803 0.0281070396 0.00431495905
v 0.0537983701 0.0281307101 0.00250017596
v 0.0538155399 0.0281417891 0.000684192986
v 0.0538130887 0.0281401798 -0.00113308395
v 0.0538101718 0.0281383302 -0.001508474
v 0.0537835285 0.0281211101 -0.00335764792
v 0.05373656 0.0280907098 -0.00520902779
v 0.0536694489 0.0280470196 -0.00706344796
v 0.0535821319 0.0279899202 -0.00892156269
v 0.0534747802 0.0279191099 -0.0107841399
v 0.0533474013 0.0278343502 -0.0126520302
v 0.0532002412 0.0277353507 -0.0145258298
v 0.0530334115 0.0276217405 -0.0164063498
v 0.0528471395 0.0274931695 -0.01829415
v 0.0535011813 0.0277975705 0.0115667498
v 0.0536135398 0.0278718993 0.00975471735
v 0.0537073016 0.0279334094 0.00794225931
v 0.0537822209 0.0279822294 0.00612920523
v 0.0538379513 0.0280184094 0.00431531621
v 0.0538744889 0.0280419495 0.00250041392
v 0.0538915917 0.0280529801 0.000684257015
v 0.0538891517 0.0280514304 -0.00113320304
v 0.053886231 0.0280495193 -0.00150859298
v 0.0538596511 0.0280324202 -0.00335794594
v 0.0538128614 0.0280021392 -0.00520950509
v 0.0537459813 0.0279586297 -0.00706404401
v 0.0536589585 0.0279017594 -0.00892233755
v 0.0535519086 0.0278312508 -0.0107851597
v 0.0534250103 0.0277468506 -0.0126531702
v 0.0532782599 0.0276482701 -0.0145271402
v 0.0531119704 0.0275351405 -0.01640784
v 0.0529262982 0.0274070501 -0.0182958208
v 0.0535648987 0.0276995804 0.0115663996
v 0.0536768995 0.0277736094 0.00975441933
v 0.0537703 0.0278348904 0.00794201996
v 0.0538448617 0.0278835203 0.00612902595
v 0.0539004803 0.0279195905 0.004315197
v 0.0539368317 0.0279430691 0.00250035501
v 0.0539538786 0.0279540401 0.000684237981
v 0.0539514385 0.0279524904 -0.00113320304
v 0.0539485216 0.0279506408 -0.00150853302
v 0.0539220497 0.0279335305 -0.00335788704
v 0.0538754389 0.0279033706 -0.00520938588
v 0.0538088009 0.0278600398 -0.0070638652
v 0.0537220798 0.0278033596 -0.00892210007
v 0.0536154509 0.0277330801 -0.0107848002
v 0.0534890182 0.0276489798 -0.0126528097
v 0.0533428714 0.0275506899 -0.0145267798
v 0.0531771705 0.0274379794 -0.0164073706
v 0.052992221 0.0273103695 -0.0182952806
v 0.0534840785 0.0275065806 0.01337629
v 0.0536137186 0.0275933109 0.0115647297
v 0.0537252389 0.0276671592 0.00975298788
v 0.0538182817 0.0277283099 0.0079408884
v 0.0538925491 0.0277767703 0.00612813188
v 0.0539478585 0.02781271 0.00431454089
v 0.0539841019 0.0278361998 0.00249993801
v 0.0540010296 0.0278471094 0.000684134022
v 0.0539986417 0.0278455596 -0.00113302399
v 0.0539957806 0.02784371 -0.00150829495
v 0.0539693795 0.0278266594 -0.00335734989
v 0.0539230108 0.0277965609 -0.00520861102
v 0.0538566113 0.0277533494 -0.00706279185
v 0.0537702404 0.0276968405 -0.00892078783
v 0.0536640808 0.0276267491 -0.0107832504
v 0.0535381399 0.0275428798 -0.0126509601
v 0.0533925816 0.0274448898 -0.0145246303
v 0.0532275997 0.0273324791 -0.0164049808
v 0.0530434214 0.0272051599 -0.0182927195
v 0.0535174608 0.0273945909 0.0133728301
v 0.0536465608 0.0274811294 0.0115617504
v 0.0537576005 0.0275548603 0.00975042488
v 0.0538501702 0.0276158396 0.00793880224
v 0.0539241396 0.0276642404 0.00612652302
v 0.0539792702 0.0277001206 0.00431340886
v 0.0540152714 0.0277235508 0.00249928189
v 0.0540321991 0.0277344491 0.000683954975
v 0.0540298186 0.0277328994 -0.00113272597
v 0.0540269017 0.0277310591 -0.00150793698
v 0.0540006682 0.0277140103 -0.00335645606
v 0.0539544784 0.0276840292 -0.00520724012
v 0.0538883805 0.0276408698 -0.00706094503
v 0.0538024306 0.0275844298 -0.00891846418
v 0.0536966883 0.0275145099 -0.01078045
v 0.0535713397 0.0274307709 -0.01264768
v 0.0534264408 0.0273329597 -0.0145208798
v 0.0532621704 0.02722078 -0.0164008103
v 0.0530787706 0.0270937607 -0.0182880107
v 0.0535342582 0.0272789504 0.0133678904
v 0.0536627695 0.0273653809 0.0115574496
v 0.0537732206 0.0274390504 0.009746789
v 0.053865429 0.02749997 0.00793582201
v 0.0539390408 0.0275483094 0.00612419797
v 0.0539938807 0.0275841299 0.0043118
v 0.054029759 0.0276075602 0.00249838806
v 0.0540465713 0.0276184604 0.000683697988
v 0.0540441796 0.0276169106 -0.00113230897
v 0.054041259 0.0276150107 -0.00150734105
v 0.0540151484 0.0275980197 -0.00335520506
v 0.0539692007 0.0275680404 -0.00520527316
v 0.0539034009 0.0275249407 -0.00705832196
v 0.0538178608 0.0274685603 -0.00891512632
v 0.0537126586 0.0273986999 -0.0107764602
v 0.0535878502 0.0273150802 -0.0126430299
v 0.0534436107 0.0272174403 -0.0145155704
v 0.053280171 0.0271053296 -0.0163947903
v 0.0530975983 0.0269784909 -0.0182814002
v 0.0535340309 0.0271621309 0.01336163
v 0.0536618792 0.0272485595 0.0115519697
v 0.0537718497 0.0273222309 0.00974220037
v 0.0538635813 0.0273831394 0.00793206599
v 0.0539368317 0.0274314806 0.00612133695
v 0.0539914295 0.0274673104 0.00430977298
v 0.0540271401 0.0274906699 0.00249719596
v 0.0540438183 0.0275015794 0.000683369988
v 0.0540415011 0.0275000297 -0.00113177195
v 0.0540386401 0.02749818 -0.00150662602
v 0.0540125892 0.0274811909 -0.00335365511
v 0.0539668687 0.0274512097 -0.00520282891
v 0.0539013706 0.0274081193 -0.0070549841
v 0.0538162515 0.0273517296 -0.00891089439
v 0.0537115298 0.0272818804 -0.0107713304
v 0.0535873696 0.0271983091 -0.0126370704
v 0.0534438416 0.0271006804 -0.0145087801
v 0.053281121 0.0269886199 -0.0163871609
v 0.0530995093 0.0268618409 -0.0182729308
v 0.0535168014 0.0270467401 0.0133541198
v 0.0536440611 0.0271332208 0.01154547
v 0.0537534915 0.0272068307 0.00973671582
v 0.0538447388 0.02726781 0.00792753603
v 0.053917639 0.0273162108 0.00611781981
v 0.0539719984 0.0273520295 0.00430732919
v 0.0540075302 0.0273754504 0.00249576499
v 0.0540241487 0.0273863599 0.000682983024
v 0.0540218316 0.0273848101 -0.00113111699
v 0.0540189706 0.0273829605 -0.00150579202
v 0.0539930984 0.0273659192 -0.00335168792
v 0.0539475605 0.0273359399 -0.00519984914
v 0.0538824201 0.0272928402 -0.00705099106
v 0.0537976585 0.0272364598 -0.00890588667
v 0.0536934696 0.0271665398 -0.0107652498
v 0.0535698496 0.0270829201 -0.0126299802
v 0.0534270406 0.0269851591 -0.0145006701
v 0.0532651506 0.0268731099 -0.0163780395
v 0.0530843697 0.0267462693 -0.0182628594
v 0.0534829386 0.0269351006 0.0133455899
v 0.0536095984 0.0270217005 0.0115380799
v 0.0537184998 0.0270954892 0.00973039772
v 0.053809341 0.0271565299 0.00792241003
v 0.0538818799 0.0272049904 0.0061138859
v 0.0539359413 0.0272408705 0.00430452777
v 0.0539713502 0.0272642896 0.00249415589
v 0.0539878607 0.0272752605 0.000682539016
v 0.0539855286 0.0272737108 -0.00113034202
v 0.053982731 0.0272717997 -0.00150477805
v 0.0539569817 0.0272548106 -0.00334954192
v 0.0539116189 0.0272247698 -0.00519645214
v 0.053846769 0.0271815602 -0.00704640104
v 0.0537624918 0.0271250606 -0.00890010502
v 0.0536587797 0.0270550791 -0.0107583404
v 0.0535357483 0.0269713402 -0.0126218703
v 0.0533935986 0.0268735196 -0.0144914296
v 0.053232491 0.0267612897 -0.0163676701
v 0.0530526005 0.0266342107 -0.0182512905
v 0.0534331687 0.0268297102 0.0133361798
v 0.05355924 0.0269165002 0.0115299197
v 0.0536676608 0.0269904099 0.00972348358
v 0.053758081 0.0270516202 0.00791680813
v 0.0538303182 0.0271001402 0.00610947609
v 0.0538840815 0.0271361396 0.00430142786
v 0.0539193116 0.0271596294 0.00249236799
v 0.0539358184 0.0271705892 0.000682047976
v 0.0539335012 0.0271690395 -0.00112956704
v 0.0539306402 0.0271671396 -0.00150370505
v 0.0539050102 0.0271500908 -0.00334715797
v 0.0538598783 0.0271199904 -0.00519275619
v 0.0537953302 0.0270767193 -0.00704139378
v 0.0537114106 0.0270200893 -0.00889378693
v 0.0536081716 0.0269499402 -0.01075071
v 0.0534857512 0.0268660095 -0.0126129296
v 0.0533442385 0.0267679598 -0.01448124
v 0.0531838499 0.0266554896 -0.0163562205
v 0.0530048013 0.0265281703 -0.0182386003
v 0.053368561 0.0267327409 0.0133261001
v 0.0534940884 0.02681976 0.0115211597
v 0.0536020286 0.02689391 0.00971609261
v 0.0536920391 0.0269552991 0.00791072845
v 0.0537639782 0.0270039998 0.006104826
v 0.0538175702 0.0270401202 0.00429815007
v 0.0538526103 0.0270636603 0.00249040104
v 0.0538690016 0.0270746294 0.000681522011
v 0.0538667403 0.0270730797 -0.00112867297
v 0.0538638793 0.0270712301 -0.00150257302
v 0.0538383685 0.0270540696 -0.00334459497
v 0.0537934303 0.0270239096 -0.00518876314
v 0.0537291691 0.0269804504 -0.00703597022
v 0.0536456108 0.0269237105 -0.008886992
v 0.0535427891 0.0268533193 -0.0107425395
v 0.0534209013 0.0267691594 -0.0126034003
v 0.0532799885 0.0266708098 -0.0144702699
v 0.0531203113 0.0265580397 -0.0163439494
v 0.0529420301 0.0264304206 -0.0182250105
v 0.0527454019 0.0262874905 -0.0201141201
v 0.0532904789 0.0266463105 0.0133155501
v 0.0534154698 0.0267336294 0.0115119796
v 0.0535230003 0.0268080793 0.00970834401
v 0.0536127016 0.0268696509 0.00790441036
v 0.0536843501 0.0269185901 0.00609993888
v 0.0537376888 0.0269547701 0.004294693
v 0.0537726209 0.0269784294 0.00248843408
v 0.0537890084 0.0269894507 0.000680974976
v 0.0537866913 0.0269879103 -0.00112777902
v 0.0537838899 0.0269859992 -0.00150138105
v 0.0537584387 0.0269688293 -0.00334185292
v 0.0537137315 0.0269384906 -0.00518458989
v 0.0536496602 0.0268949196 -0.00703036692
v 0.0535664484 0.0268379394 -0.00887989905
v 0.0534640513 0.0267673098 -0.0107339602
v 0.0533426404 0.02668285 -0.0125933802
v 0.0532022715 0.0265841391 -0.0144588901
v 0.0530432388 0.0264710095 -0.0163311306
v 0.0528656803 0.0263429191 -0.0182107594
v 0.033807449 -0.01551353 0.0185890701
v 0.0336057507 -0.0158800408 0.0185970608
v 0.0335121118 -0.0160492603 0.0185910407
v 0.0335098505 -0.0160532501 0.0185909197
v 0.033391349 -0.0162674095 0.0185832307
v 0.0329709612 -0.0170276705 0.0184864905
v 0.0331792198 -0.0166503098 0.0185464006
v 0.0332058594 -0.0166022107 0.0185510498
v 0.0332118198 -0.0165914204 0.0185520593
v 0.0327682383 -0.0173984692 0.0184034109
v 0.0328741595 -0.0172047 0.0184468608
v 0.032908909 -0.0171411596 0.0184611008
v 0.0329215489 -0.0171179697 0.0184662901
v 0.0323950015 -0.0181018692 0.0181708299
v 0.0324196182 -0.0180535298 0.0181915704
v 0.0325933583 -0.0177234393 0.0183093492
v 0.0326237604 -0.0176669303 0.0183256809
v 0.0326471888 -0.0176234804 0.0183382593
v 0.0323586389 -0.0181732699 0.0181401297
v 0.0322582088 -0.0183703806 0.0180553701
v 0.0321180187 -0.0186583307 0.0179089308
v 0.0321723185 -0.0185468104 0.0179656092
v 0.0319779515 -0.0189639293 0.0177286807
v 0.0319801494 -0.0189590398 0.0177315995
v 0.0321104489 -0.0186738297 0.0179009996
v 0.0317792185 -0.0194652006 0.0173622891
v 0.0318297707 -0.0193290096 0.0174688101
v 0.0318660103 -0.0192313101 0.0175452195
v 0.0319149382 -0.0191143695 0.0176254492
v 0.0316612683 -0.0198887493 0.0169654395
v 0.0317105018 -0.0196841303 0.0171688702
v 0.0317171812 -0.0196629092 0.0171876494
v 0.0317554399 -0.0195410196 0.0172952991
v 0.0316273496 -0.0202295706 0.0165656209
v 0.0316281915 -0.0202097204 0.0165901706
v 0.0316340886 -0.0200690608 0.0167646408
v 0.0316513702 -0.0199545603 0.0168921296
v 0.0316545889 -0.0199331604 0.0169159696
v 0.0316511914 -0.0204274599 0.0162881594
v 0.0316408202 -0.0203766208 0.0163632594
v 0.0316325985 -0.0202870909 0.0164864603
v 0.0317188501 -0.0206004903 0.0160065796
v 0.0316921398 -0.0205519702 0.0160912201
v 0.0316516086 -0.0204297304 0.0162847005
v 0.0317228995 -0.0206077602 0.0159938894
v 0.0317525193 -0.0206615906 0.0159000102
v 0.0474644303 -0.0229809191 0.0130535904
v 0.0458313189 -0.02239036 0.0130535904
v 0.044997029 -0.0221487209 0.0130535904
v 0.0433011018 -0.0217749998 0.0130535904
v 0.0415791199 -0.0215496998 0.0130535904
v 0.0477966592 -0.0221735202 0.01565855
v 0.0476940796 -0.0224229004 0.0151743796
v 0.0484467112 -0.0226853397 0.0152897798
v 0.0476089083 -0.0226299092 0.0146674505
v 0.0475418493 -0.0227928106 0.0141419703
v 0.0474935696 -0.0229101107 0.0136024896
v 0.0431459509 -0.0162687302 0.0184744
v 0.0430747196 -0.0168129802 0.0183978006
v 0.0441421196 -0.0169762298 0.0183978006
v 0.0440489613 -0.0175076108 0.0182709005
v 0.0439582989 -0.0180252101 0.0180948302
v 0.0449723005 -0.0182256605 0.0180948302
v 0.0448632203 -0.0187208001 0.0178709608
v 0.0447590314 -0.01919364 0.0176012497
v 0.0457216501 -0.0194277093 0.0176012497
v 0.0456039906 -0.0198695008 0.0172880795
v 0.045494251 -0.0202815495 0.0169340298
v 0.0464090109 -0.0205464903 0.0169340298
v 0.0462918207 -0.0209204499 0.0165421292
v 0.0471780784 -0.0212193709 0.0165421292
v 0.0470576808 -0.0215523206 0.0161157809
v 0.046951171 -0.0218468904 0.01565855
v 0.0398440883 -0.0214743596 0.0130535904
v 0.0407124087 -0.0214931909 0.0130535904
v 0.0398440883 -0.0214424692 0.0132822897
v 0.0407157503 -0.02141672 0.0136024896
v 0.0407212302 -0.0212899409 0.0141419703
v 0.0398440883 -0.0212920904 0.0140520902
v 0.0398440883 -0.0213978197 0.0136024896
v 0.0407385789 -0.0208903495 0.0151743796
v 0.0398440883 -0.0210388806 0.0147941103
v 0.0407288596 -0.0211139899 0.0146674505
v 0.0398440883 -0.0210947897 0.0146674505
v 0.0398440883 -0.0212709308 0.0141419703
v 0.0407502614 -0.0206209403 0.01565855
v 0.0398440883 -0.0206911508 0.0154972002
v 0.0398440883 -0.0208709799 0.0151743796
v 0.0466542803 -0.0226679407 0.0130535904
v 0.0466803312 -0.0225959402 0.0136024896
v 0.0467234813 -0.0224766098 0.0141419703
v 0.0467833802 -0.0223109704 0.0146674505
v 0.0468594991 -0.0221004393 0.0151743796
v 0.0407792293 -0.01995432 0.0165421292
v 0.0398440883 -0.0202585999 0.0161512997
v 0.0407638513 -0.0203080103 0.0161157809
v 0.0398440883 -0.0202881005 0.0161157809
v 0.0398440883 -0.0206012707 0.01565855
v 0.0458542109 -0.0223172903 0.0136024896
v 0.0458921082 -0.0221961699 0.0141419703
v 0.0459447987 -0.0220281407 0.0146674505
v 0.0460116789 -0.0218145195 0.0151743796
v 0.0460923314 -0.0215571504 0.01565855
v 0.0461859703 -0.0212582909 0.0161157809
v 0.0407962203 -0.0195627809 0.0169340298
v 0.0398440883 -0.0197380707 0.0167381093
v 0.0398440883 -0.0199340507 0.0165421292
v 0.0450167581 -0.0220746901 0.0136024896
v 0.0450494215 -0.0219520908 0.0141419703
v 0.045094721 -0.0217819195 0.0146674505
v 0.0451522991 -0.0215656105 0.0151743796
v 0.0452217385 -0.0213050209 0.01565855
v 0.0453023314 -0.0210023504 0.0161157809
v 0.0453933999 -0.0206602197 0.0165421292
v 0.0408146903 -0.0191368405 0.0172880795
v 0.0398440883 -0.0191512704 0.0172585808
v 0.0398440883 -0.0195421502 0.0169340298
v 0.0441531502 -0.0219434407 0.0130535904
v 0.0441696011 -0.0218687002 0.0136024896
v 0.0441969 -0.0217447802 0.0141419703
v 0.0442348085 -0.0215727594 0.0146674505
v 0.0442829691 -0.0213541891 0.0151743796
v 0.0443410203 -0.0210907999 0.01565855
v 0.044408381 -0.0207849704 0.0161157809
v 0.0444845483 -0.0204392001 0.0165421292
v 0.0445688888 -0.0200564805 0.0169340298
v 0.0446606204 -0.0196401402 0.0172880795
v 0.0408555195 -0.0181963407 0.0178709608
v 0.0398440883 -0.0184972193 0.0176911298
v 0.0408345386 -0.0186800305 0.0176012497
v 0.0398440883 -0.0186585691 0.0176012497
v 0.0398440883 -0.0191158 0.0172880795
v 0.040877521 -0.0176898204 0.0180948302
v 0.0398440883 -0.0177941304 0.0180388596
v 0.0398440883 -0.0181744006 0.0178709608
v 0.0433143303 -0.0216995999 0.0136024896
v 0.0433362089 -0.0215746108 0.0141419703
v 0.043366611 -0.0214011595 0.0146674505
v 0.0434052311 -0.02118068 0.0151743796
v 0.0434517786 -0.0209150296 0.01565855
v 0.0435058996 -0.0206065103 0.0161157809
v 0.0435670018 -0.0202577692 0.0165421292
v 0.0436346494 -0.0198718291 0.0169340298
v 0.0437082611 -0.0194518492 0.0172880795
v 0.0437871814 -0.0190014802 0.0176012497
v 0.0438707396 -0.0185245797 0.0178709608
v 0.0409236513 -0.0166258793 0.0183978006
v 0.0398440883 -0.0170520507 0.0182920601
v 0.04090029 -0.0171648804 0.0182709005
v 0.0398440883 -0.0171419308 0.0182709005
v 0.0398440883 -0.0176674109 0.0180948302
v 0.0424425602 -0.0216436908 0.0130535904
v 0.0424525104 -0.02156776 0.0136024896
v 0.0424689613 -0.0214419309 0.0141419703
v 0.0424917899 -0.0212672893 0.0146674505
v 0.0425208211 -0.0210453197 0.0151743796
v 0.0425558612 -0.0207779408 0.01565855
v 0.0425964482 -0.0204674006 0.0161157809
v 0.0426424108 -0.0201163199 0.0165421292
v 0.0426932499 -0.0197277609 0.0169340298
v 0.0427485704 -0.0193050504 0.0172880795
v 0.0428079292 -0.01885169 0.0176012497
v 0.0428707488 -0.0183715802 0.0178709608
v 0.0429365002 -0.0178689305 0.0180948302
v 0.0430046916 -0.0173478704 0.0182709005
v 0.0409474894 -0.0160775091 0.0184744
v 0.0398440883 -0.0162822604 0.0184424501
v 0.0398440883 -0.0166024491 0.0183978006
v 0.0398440883 -0.0160535499 0.0184744
v 0.0415857397 -0.0214734003 0.0136024896
v 0.0415967703 -0.0213469807 0.0141419703
v 0.0416120216 -0.0211715102 0.0146674505
v 0.0416314006 -0.0209485199 0.0151743796
v 0.0416547582 -0.0206798892 0.01565855
v 0.0416818783 -0.0203678608 0.0161157809
v 0.0417125784 -0.0200151205 0.0165421292
v 0.0417465493 -0.0196247101 0.0169340298
v 0.0417834483 -0.0191999599 0.0172880795
v 0.0418230817 -0.0187444594 0.0176012497
v 0.0418650508 -0.0182621405 0.0178709608
v 0.0419089682 -0.0177570507 0.0180948302
v 0.0419544503 -0.0172335505 0.0182709005
v 0.04200124 -0.0166960899 0.0183978006
v 0.0420487486 -0.0161492806 0.0184744
v 0.0356931016 -0.0214743596 0.0130535904
v 0.0356931016 -0.0214424692 0.0132822897
v 0.0356931016 -0.0213978197 0.0136024896
v 0.0356931016 -0.0212920904 0.0140520902
v 0.0356931016 -0.0212709308 0.0141419703
v 0.0356931016 -0.0210947897 0.0146674505
v 0.0356931016 -0.0210388806 0.0147941103
v 0.0356931016 -0.0208709799 0.0151743796
v 0.0356931016 -0.0206911508 0.0154972002
v 0.0356931016 -0.0206012707 0.01565855
v 0.0356931016 -0.0202881005 0.0161157809
v 0.0356931016 -0.0202585999 0.0161512997
v 0.0356931016 -0.0199340507 0.0165421292
v 0.0356931016 -0.0197380707 0.0167381093
v 0.0356931016 -0.0195421502 0.0169340298
v 0.0356931016 -0.0191512704 0.0172585808
v 0.0356931016 -0.0191158 0.0172880795
v 0.0356931016 -0.0186585691 0.0176012497
v 0.0356931016 -0.0184972193 0.0176911298
v 0.0356931016 -0.0181744006 0.0178709608
v 0.0356931016 -0.0177941304 0.0180388596
v 0.0356931016 -0.0176674109 0.0180948302
v 0.0356931016 -0.0171419308 0.0182709005
v 0.0356931016 -0.0170520507 0.0182920601
v 0.0356931016 -0.0166024491 0.0183978006
v 0.0356931016 -0.0162822604 0.0184424501
v 0.0356931016 -0.0160535499 0.0184744
v 0.0338243209 -0.0166024491 0.0184848905
v 0.0333275087 -0.0214743596 0.0131638004
v 0.0333785415 -0.0213978197 0.0137103098
v 0.0334287211 -0.0212709308 0.01424741
v 0.0334775411 -0.0210947897 0.0147706196
v 0.0324463807 -0.0208709799 0.0154014798
v 0.0323758088 -0.0210947897 0.0148994299
v 0.0325137302 -0.0206012707 0.0158809405
v 0.0325773917 -0.0202881005 0.0163336899
v 0.0326367617 -0.0199340507 0.0167558696
v 0.0326912887 -0.0195421502 0.0171439592
v 0.0327405892 -0.0191158 0.01749455
v 0.0327841602 -0.0186585691 0.01780474
v 0.0328217112 -0.0181744006 0.0180717707
v 0.0328528211 -0.0176674109 0.0182934403
v 0.0338125788 -0.0171419308 0.0183585193
v 0.0338314697 -0.0160535499 0.0185611192
v 0.0347612984 -0.0160535499 0.0184960905
v 0.0347577296 -0.0166024491 0.01841956
v 0.0347518288 -0.0171419308 0.0182928406
v 0.0347331688 -0.0181744006 0.0178933106
v 0.0347435996 -0.0176674109 0.0181168895
v 0.0347206518 -0.0186585691 0.0176238995
v 0.0346896015 -0.0195421502 0.0169574004
v 0.0347060487 -0.0191158 0.0173110291
v 0.0346713588 -0.0199340507 0.0165659096
v 0.0346515104 -0.0202881005 0.01614004
v 0.034607701 -0.0208709799 0.0151996603
v 0.0346302316 -0.0206012707 0.0156832896
v 0.0345841609 -0.0210947897 0.0146932602
v 0.0337961912 -0.0176674109 0.0181831699
v 0.0337753817 -0.0181744006 0.0179603007
v 0.0337502882 -0.0186585691 0.0176917892
v 0.0337212011 -0.0191158 0.0173799302
v 0.0336882398 -0.0195421502 0.0170274302
v 0.0336518213 -0.0199340507 0.0166372601
v 0.0336121917 -0.0202881005 0.0162126999
v 0.0335696898 -0.0206012707 0.0157574993
v 0.0335246883 -0.0208709799 0.0152754104
v 0.0345345698 -0.0213978197 0.01362943
v 0.0345596597 -0.0212709308 0.0141683202
v 0.034509059 -0.0214743596 0.0130811296
v 0.0409829617 0.02455955 0.0184438191
v 0.0409587584 0.0244991705 0.0184557997
v 0.0416067205 0.0242516901 0.0184555594
v 0.0412720405 0.0252810102 0.0182843804
v 0.0412250683 0.02516382 0.0183239505
v 0.0418554507 0.0249249898 0.0183230601
v 0.0415507518 0.0259766504 0.0180244409
v 0.0414834619 0.0258088093 0.0181062799
v 0.0420967303 0.0255782008 0.0181043092
v 0.0418142602 0.0266344491 0.0176685993
v 0.0417301618 0.0264245197 0.0178061109
v 0.0423270389 0.0262016598 0.0178027097
v 0.0420581587 0.0272431299 0.0172228795
v 0.0419615507 0.0270019695 0.0174278002
v 0.0425429903 0.0267862007 0.0174225494
v 0.0433778092 0.0290459897 0.01387846
v 0.0439002514 0.0288659297 0.0138586098
v 0.0444257818 0.0287005305 0.0138385203
v 0.0449542888 0.0285497308 0.0138181997
v 0.0494064614 0.0234502498 0.0183120891
v 0.0500916801 0.0241510198 0.0180777907
v 0.0513450988 0.0254986193 0.0173401795
v 0.0524689518 0.0266882107 0.0162776709
v 0.0519207083 0.0261191707 0.0168462303
v 0.052515801 0.0261738803 0.0168381296
v 0.050730221 0.0254759099 0.0173460208
v 0.0507369004 0.0248383209 0.0177525207
v 0.0501029417 0.0248332601 0.0177564006
v 0.0494375788 0.0241650902 0.0180799905
v 0.0490133688 0.0234681908 0.0183126908
v 0.0483483002 0.0235127192 0.0183136407
v 0.0482851192 0.0227794591 0.0184532404
v 0.0476032384 0.02284538 0.0184534695
v 0.0523556396 0.0279324595 0.0135306697
v 0.0529020987 0.02799326 0.0135095101
v 0.0529227816 0.0278181992 0.0142530203
v 0.0529543683 0.0275507495 0.0149680302
v 0.05299633 0.0271952096 0.0156430006
v 0.0530480705 0.0267574098 0.0162670594
v 0.0518073402 0.0278861504 0.0135519505
v 0.0512573086 0.0278544407 0.0135732796
v 0.0507056117 0.0278373305 0.0135947401
v 0.050152421 0.02783495 0.0136162601
v 0.0495977402 0.0278474595 0.0136378398
v 0.0492739603 0.0278616492 0.0136504704
v 0.0487262011 0.0278972909 0.0136718098
v 0.0481804013 0.0279473606 0.0136930896
v 0.0476367399 0.0280118492 0.0137142502
v 0.0470953509 0.0280907098 0.0137352897
v 0.0465562902 0.02818387 0.0137562696
v 0.0460196696 0.0282914601 0.0137770697
v 0.0454856716 0.0284133498 0.0137977004
v 0.0523718484 0.0277548395 0.0142716104
v 0.0523964092 0.0274851304 0.0149840098
v 0.0518188998 0.0277061407 0.0142903896
v 0.0518363118 0.0274343397 0.0150000397
v 0.0512640998 0.0276720505 0.0143091604
v 0.0512742884 0.0273984 0.0150161898
v 0.0507075712 0.0276528001 0.0143280597
v 0.0507104285 0.0273774806 0.0150323501
v 0.0501493216 0.02764838 0.0143470103
v 0.0501447916 0.0273715798 0.0150486203
v 0.0495895706 0.0276589897 0.0143660298
v 0.0495774709 0.0273809396 0.0150648896
v 0.0492627583 0.0276721101 0.0143771097
v 0.0492461883 0.0273934603 0.0150743704
v 0.0487096906 0.0277061407 0.0143958898
v 0.0486856103 0.0274265409 0.01509046
v 0.0481585786 0.0277547203 0.0144146001
v 0.0481269285 0.0274745207 0.0151064303
v 0.0476095602 0.0278178994 0.0144331995
v 0.0475702211 0.0275372192 0.0151223503
v 0.0470626913 0.0278956201 0.0144517403
v 0.0470155999 0.0276147705 0.0151381996
v 0.0465180799 0.0279878899 0.0144701004
v 0.0464632511 0.0277070403 0.0151539398
v 0.0459758006 0.0280946996 0.0144883897
v 0.0459132083 0.0278140903 0.0151695004
v 0.0454360805 0.0282160603 0.0145065105
v 0.0453656912 0.0279359203 0.0151849901
v 0.0448989794 0.0283520203 0.0145245101
v 0.0448207818 0.0280726496 0.01520037
v 0.0443646312 0.0285027009 0.0145422798
v 0.0442785583 0.0282242801 0.0152155701
v 0.0438331887 0.0286681 0.0145599199
v 0.0437392518 0.0283909403 0.0152305895
v 0.043304801 0.0288484599 0.0145773198
v 0.0432029888 0.0285727307 0.0152454302
v 0.0524289608 0.0271276794 0.0156562906
v 0.0518593714 0.0270751696 0.0156696402
v 0.0518876314 0.0266344491 0.0162883401
v 0.0512877703 0.0270378496 0.0156830493
v 0.0513042212 0.0265961196 0.016299
v 0.050714191 0.0270157401 0.0156964604
v 0.0507187806 0.0265733507 0.0163097307
v 0.0501388311 0.0270090103 0.0157099292
v 0.0501314886 0.0265662596 0.0163205191
v 0.0495616682 0.0270177107 0.0157233998
v 0.0495424196 0.0265750196 0.0163313095
v 0.049224671 0.0270299893 0.0157313291
v 0.0491983816 0.0265874807 0.0163375698
v 0.0486542508 0.0270629507 0.0157446191
v 0.0486161709 0.0266209207 0.0163482409
v 0.0480858013 0.0271109901 0.0157578494
v 0.0480358601 0.0266698506 0.0163587909
v 0.0475192592 0.0271741096 0.0157710891
v 0.0474575683 0.0267341696 0.0163693391
v 0.0469549187 0.0272523109 0.0157842003
v 0.0468814299 0.0268138591 0.0163797699
v 0.0463927314 0.0273455307 0.0157971904
v 0.0463075601 0.0269089304 0.0163901392
v 0.0458329283 0.0274537802 0.0158101302
v 0.0457360707 0.0270193797 0.0164004508
v 0.0452755615 0.0275771599 0.0158229396
v 0.0451670811 0.0271451995 0.0164106991
v 0.0447208211 0.0277156793 0.0158356391
v 0.0446007214 0.0272865798 0.0164207797
v 0.0441688783 0.0278693996 0.0158482101
v 0.0440372191 0.0274434593 0.0164308492
v 0.0436198115 0.0280384999 0.0158606693
v 0.0434766412 0.0276160203 0.0164407399
v 0.0430737697 0.0282230303 0.0158729497
v 0.0429191515 0.0278043691 0.0164505206
v 0.042858541 0.0292408392 0.01389807
v 0.042851381 0.0292229597 0.0139613701
v 0.0427796207 0.02904379 0.0145945502
v 0.0427596495 0.0289940201 0.0147154899
v 0.042669829 0.0287698507 0.0152601004
v 0.04263198 0.0286753103 0.01543051
v 0.0425309502 0.0284231305 0.0158850495
v 0.0424705707 0.0282724407 0.0160941407
v 0.0423648916 0.0280086901 0.0164601803
v 0.0422781706 0.0277922694 0.0166950803
v 0.0513234697 0.0260803103 0.0168543998
v 0.0507242009 0.0260573607 0.0168625694
v 0.0501229689 0.0260505006 0.0168707296
v 0.0495200083 0.0260598008 0.0168789607
v 0.0491678715 0.0260728002 0.0168837309
v 0.0485719405 0.0261074305 0.0168918297
v 0.0479779802 0.02615791 0.01689988
v 0.0473860987 0.0262241308 0.0169078708
v 0.0467963815 0.0263061505 0.0169158503
v 0.0462090299 0.0264039002 0.01692372
v 0.0456241295 0.0265173297 0.0169315897
v 0.0450417884 0.0266466103 0.0169393402
v 0.0444622003 0.0267917495 0.0169470292
v 0.0438855216 0.0269527994 0.0169546604
v 0.0433118306 0.0271298196 0.0169621706
v 0.0427412912 0.0273230597 0.0169696193
v 0.0421741605 0.0275326297 0.0169769507
v 0.0501134284 0.0254697707 0.0173519198
v 0.0494947992 0.0254802108 0.0173577592
v 0.0491335317 0.0254940297 0.01736122
v 0.0485222302 0.02553045 0.0173669998
v 0.0479129516 0.0255831406 0.0173727199
v 0.0473058783 0.0256519895 0.0173784401
v 0.0467010699 0.0257369801 0.0173841696
v 0.0460986383 0.0258381292 0.0173898302
v 0.0454988405 0.0259554293 0.0173954293
v 0.0449017212 0.0260888897 0.0174009707
v 0.0443074107 0.0262386203 0.0174064599
v 0.0437160693 0.0264046695 0.0174118802
v 0.0431278907 0.0265871193 0.0174172502
v 0.0494671389 0.0248453002 0.0177602097
v 0.0490959212 0.0248603206 0.0177624803
v 0.0484678112 0.0248990003 0.0177662894
v 0.0478418395 0.0249544308 0.0177700501
v 0.0472181402 0.0250264406 0.0177737996
v 0.046596881 0.0251150709 0.0177775603
v 0.0459781215 0.0252202693 0.0177812502
v 0.0453621112 0.0253420398 0.0177848898
v 0.044748839 0.0254804399 0.0177885201
v 0.0441386104 0.0256355405 0.0177921597
v 0.0435314104 0.0258073192 0.0177956801
v 0.0429275595 0.0259960201 0.0177991893
v 0.0490556918 0.02418142 0.0180813
v 0.0484095216 0.0242229104 0.0180835109
v 0.0477656685 0.0242814999 0.0180856492
v 0.0471243188 0.02435725 0.0180878006
v 0.0464854203 0.0244500004 0.0180899501
v 0.0458493195 0.0245597903 0.0180920307
v 0.0452159606 0.0246865693 0.0180941802
v 0.0445855781 0.0248304605 0.0180961993
v 0.0439582989 0.0249915104 0.0180982891
v 0.0433343016 0.0251697302 0.0181003194
v 0.0427137613 0.0253652297 0.0181023404
v 0.0476857387 0.0235748794 0.0183146503
v 0.0470257886 0.0236546304 0.0183156095
v 0.0463684686 0.0237519108 0.0183165595
v 0.0457140803 0.0238667093 0.0183175206
v 0.0450626612 0.0239989702 0.0183184706
v 0.0444143414 0.02414882 0.0183194205
v 0.0437692888 0.0243162494 0.0183203202
v 0.0431277119 0.0245013796 0.0183212701
v 0.0424897 0.0247042105 0.0183221605
v 0.0469241105 0.0229294803 0.0184537098
v 0.0462478288 0.0230315309 0.0184539501
v 0.0455746017 0.0231516305 0.0184541903
v 0.04490453 0.0232896805 0.0184544306
v 0.0442377292 0.0234457795 0.0184546709
v 0.0435743891 0.0236199405 0.0184549
v 0.0429146811 0.0238122307 0.0184551403
v 0.0422587283 0.0240227506 0.0184553191
v 0.0378639102 0.0311189797 0.0139820501
v 0.0404453799 0.0301647708 0.0139716798
v 0.0420120917 0.0295593105 0.0139656002
v 0.0419224985 0.0293318592 0.0147208497
v 0.0417971611 0.0290136896 0.0154372398
v 0.041638311 0.0286102798 0.0161022507
v 0.041448649 0.0281287394 0.0167041998
v 0.0412315093 0.0275774505 0.0172325298
v 0.0409907103 0.0269661509 0.0176780205
v 0.0407304689 0.0263054296 0.0180328395
v 0.0404553413 0.0256069303 0.0182908103
v 0.0401701294 0.0248827897 0.0184474494
v 0.0386554487 0.0254691206 0.0184475109
v 0.0389324389 0.0261957608 0.0182911698
v 0.0391996987 0.0268967692 0.0180335604
v 0.0394524895 0.0275599305 0.0176792704
v 0.0396863818 0.0281736199 0.0172344409
v 0.0398973785 0.0287271105 0.0167068802
v 0.0400817282 0.0292106792 0.0161057692
v 0.0402362309 0.0296159908 0.0154416496
v 0.0403581783 0.0299358908 0.0147260996
v 0.0369667411 0.0261001494 0.0184476301
v 0.0372344218 0.0268295407 0.0182915293
v 0.0374926887 0.0275332294 0.0180343892
v 0.0377370715 0.0281990096 0.0176807009
v 0.0379632115 0.0288152006 0.0172366407
v 0.0381671712 0.0293711405 0.01670992
v 0.0383455083 0.0298569705 0.0161097609
v 0.0384950005 0.0302643701 0.0154466601
v 0.0386131406 0.0305861197 0.0147321196
v 0.0386977084 0.0308166705 0.0139786601
v 0.036161419 0.0263925698 0.0184476897
v 0.0364246294 0.0271232706 0.0182917099
v 0.0366785489 0.0278282091 0.0180348102
v 0.0369188115 0.0284952503 0.0176814105
v 0.0371412002 0.0291126296 0.0172377191
v 0.0373418294 0.0296696406 0.0167114101
v 0.0375172384 0.0301565509 0.0161117297
v 0.0376643501 0.0305649005 0.0154491002
v 0.0377805792 0.0308876 0.0147350403
v 0.0359598286 0.0264649298 0.0184476897
v 0.0362218618 0.0271959305 0.0182917695
v 0.0364747606 0.0279012304 0.0180349294
v 0.0367139503 0.0285685007 0.0176815894
v 0.0369353816 0.0291861799 0.0172380209
v 0.0371351801 0.0297434907 0.0167118292
v 0.0373098217 0.0302306991 0.0161122605
v 0.0374563299 0.0306392908 0.0154496999
v 0.0375720784 0.0309622195 0.0147358105
v 0.0376551114 0.0311937295 0.0139828902
v 0.0218165498 0.0316462517 0.0235321503
v 0.0218439605 0.0315539204 0.0235617701
v 0.0219625793 0.031553559 0.0234526899
v 0.0207609497 0.0339140818 0.0223935805
v 0.0207874104 0.0338820815 0.0224221293
v 0.0209217593 0.0338817202 0.0222985093
v 0.0246179607 0.0346172415 0.0174313709
v 0.0252110306 0.0345261618 0.0171045605
v 0.0369865187 0.0314309001 0.0139898602
v 0.0369229317 0.0311946198 0.0147380196
v 0.0368267186 0.0308681708 0.0154477898
v 0.0363623388 0.0294110104 0.0172292497
v 0.036157839 0.0287939291 0.01767301
v 0.0359339714 0.0281278994 0.0180278998
v 0.0356945917 0.0274245106 0.0182877705
v 0.0354438387 0.0266958401 0.0184482299
v 0.0349089988 0.0269290209 0.0184627697
v 0.0362934992 0.0316703916 0.0140153104
v 0.0356023312 0.0319027901 0.01405924
v 0.0349131785 0.0321280286 0.01412147
v 0.0342261083 0.0323460102 0.0142020499
v 0.0343756601 0.0271551609 0.0184914991
v 0.0338439308 0.0273743197 0.0185343008
v 0.0333139785 0.0275864005 0.0185912196
v 0.0335413814 0.0325566493 0.01430088
v 0.0327858888 0.0277913194 0.0186621491
v 0.032259699 0.0279889703 0.0187470894
v 0.0317355916 0.0281793401 0.0188460294
v 0.0328590199 0.0327599607 0.0144179398
v 0.0321791098 0.0329557583 0.0145532396
v 0.0315018184 0.0331439301 0.0147068501
v 0.0308272205 0.0333244801 0.0148787396
v 0.0301552992 0.033497151 0.01506906
v 0.0312135797 0.0283622704 0.0189589802
v 0.0306938197 0.0285376906 0.0190861207
v 0.0301763397 0.0287054703 0.0192273203
v 0.0295583606 0.0336444303 0.0152545497
v 0.0289164707 0.0337962508 0.0154714501
v 0.0282815006 0.0339395404 0.0157043897
v 0.0297166705 0.0288485792 0.0193654206
v 0.0292226598 0.0289960504 0.0195273105
v 0.0287340805 0.0291351601 0.0197014809
v 0.0276534501 0.0340741798 0.0159531198
v 0.0270323697 0.0342001915 0.0162175205
v 0.02825105 0.0292658806 0.0198879205
v 0.0277736094 0.0293882396 0.0200864598
v 0.0273017194 0.0295021497 0.0202971101
v 0.0264181998 0.0343175493 0.0164976101
v 0.0258111302 0.0344262682 0.0167933106
v 0.0268354397 0.0296076499 0.0205197893
v 0.0263748094 0.0297045708 0.0207545105
v 0.0259198509 0.0297928993 0.0210013296
v 0.0240321103 0.0346993804 0.0177738592
v 0.0234534107 0.0347725116 0.0181320291
v 0.0254706703 0.0298725907 0.0212602597
v 0.0250272099 0.0299435202 0.0215313397
v 0.0245895293 0.0300055705 0.0218147002
v 0.0228819195 0.0348364711 0.0185060501
v 0.0224314891 0.0348808691 0.0188156292
v 0.0218911693 0.0349267088 0.0192052107
v 0.0213606302 0.0349634811 0.0196078997
v 0.0242447797 0.0300485995 0.0220494792
v 0.0238314793 0.0300930701 0.0223451797
v 0.0234258696 0.03012871 0.0226511303
v 0.0208399203 0.0349910818 0.0200236998
v 0.0203289893 0.0350095592 0.0204526093
v 0.0202251598 0.0350121818 0.0205425005
v 0.036249809 0.0314293988 0.01475811
v 0.0361738801 0.0310993101 0.0154631101
v 0.0355784819 0.0316571482 0.0147962496
v 0.0355225801 0.0313236117 0.0154960696
v 0.0349089988 0.0318779312 0.0148523403
v 0.0348730609 0.0315409787 0.0155464998
v 0.0342414901 0.0320915505 0.0149263097
v 0.0342253409 0.0317513309 0.0156143904
v 0.0335761905 0.032298021 0.0150180999
v 0.0335796401 0.0319546387 0.0156996809
v 0.0329130813 0.0324972197 0.0151277697
v 0.0329360291 0.0321508013 0.0158024393
v 0.0322523117 0.0326891504 0.01525521
v 0.0322946906 0.0323397517 0.0159225408
v 0.0315940306 0.0328735709 0.0154005801
v 0.0316556618 0.0325213 0.0160601102
v 0.0309383199 0.0330504701 0.01556384
v 0.0310191493 0.0326954685 0.0162152592
v 0.0302852299 0.0332196318 0.0157451592
v 0.0303851292 0.0328620598 0.0163879301
v 0.0297049806 0.0333639905 0.0159222409
v 0.0298217498 0.033004161 0.0165569708
v 0.0290810391 0.0335127711 0.0161297899
v 0.0292159896 0.0331506096 0.0167554598
v 0.0284638405 0.0336530805 0.0163529497
v 0.0286167208 0.0332887694 0.0169692598
v 0.0278533604 0.0337850414 0.0165916607
v 0.0280240104 0.0334186517 0.0171982609
v 0.0272496305 0.0339084789 0.0168457609
v 0.0274378601 0.0335401818 0.01744234
v 0.0266527496 0.03402346 0.0171152297
v 0.0268583801 0.0336533114 0.0177014396
v 0.0260626599 0.0341299102 0.0173999593
v 0.0262855198 0.0337581001 0.0179754999
v 0.0254794899 0.034227781 0.0177000109
v 0.0257194601 0.0338544212 0.0182645302
v 0.0249032304 0.0343169495 0.0180153195
v 0.0251601301 0.0339422189 0.0185685698
v 0.0243339501 0.0343974195 0.0183459502
v 0.0246075895 0.0340213701 0.0188875701
v 0.0237717591 0.0344690606 0.0186920092
v 0.02406203 0.0340918787 0.0192216597
v 0.0232166592 0.0345317088 0.0190536305
v 0.0235233903 0.0341535211 0.0195710007
v 0.0227792207 0.0345751606 0.0193530899
v 0.0230989996 0.0341963097 0.0198604409
v 0.0222545192 0.0346200392 0.0197301507
v 0.0225900393 0.0342404805 0.0202250406
v 0.0217394195 0.0346560404 0.0201200806
v 0.0220905505 0.0342758782 0.0206022803
v 0.0212340299 0.0346830413 0.0205228291
v 0.0216004197 0.0343024693 0.0209921002
v 0.0207382403 0.0347011611 0.0209385101
v 0.0211198293 0.0343202315 0.0213945508
v 0.0206374507 0.0347037315 0.0210255906
v 0.0210221391 0.0343227908 0.0214788895
v 0.02015578 0.03471094 0.02145469
v 0.0205553696 0.0343298912 0.0218945108
v 0.0357679687 0.0296380501 0.0172361098
v 0.035580989 0.0290214997 0.0176795702
v 0.0351748392 0.0298582893 0.0172591191
v 0.035005331 0.0292423293 0.0177017394
v 0.0345830917 0.0300717894 0.0172982197
v 0.0344310887 0.02945631 0.0177395307
v 0.0339929387 0.0302783791 0.0173533503
v 0.0338583514 0.0296633802 0.0177928805
v 0.0334043987 0.0304780006 0.0174245201
v 0.0332872793 0.0298635308 0.0178617798
v 0.0328177214 0.0306706391 0.0175117198
v 0.0327179395 0.0300565902 0.0179461204
v 0.0322329886 0.0308561306 0.0176148992
v 0.0321504995 0.0302425604 0.0180460792
v 0.0316503011 0.0310344603 0.0177342203
v 0.0315850899 0.0304212496 0.0181615893
v 0.03106975 0.0312054101 0.0178696495
v 0.0310217701 0.0305926707 0.0182927195
v 0.0304914694 0.0313689709 0.0180212799
v 0.0304607097 0.0307565909 0.0184396505
v 0.0299776103 0.0315085016 0.0181703493
v 0.0299621802 0.0308964197 0.0185840093
v 0.0294250809 0.0316522717 0.0183460694
v 0.0294260904 0.0310404804 0.0187541805
v 0.0288785007 0.0317878686 0.0185359102
v 0.0288957302 0.0311764404 0.0189381205
v 0.0283378307 0.0319152996 0.0187398102
v 0.0283712707 0.0313041806 0.0191356502
v 0.0278032999 0.0320345685 0.0189577304
v 0.0278526507 0.0314237401 0.0193467699
v 0.02727478 0.0321456715 0.0191895291
v 0.0273399893 0.0315350182 0.0195713602
v 0.0267524105 0.0322484896 0.0194351599
v 0.0268332902 0.0316380784 0.0198093597
v 0.0262362901 0.0323430188 0.0196946803
v 0.0263326708 0.0317327902 0.0200608298
v 0.0257264301 0.0324291512 0.0199680906
v 0.0258381292 0.031819161 0.0203257203
v 0.0252228901 0.0325068198 0.0202553794
v 0.0253497306 0.031897001 0.0206041299
v 0.0247257892 0.0325760208 0.0205566809
v 0.0248676501 0.0319663212 0.0208961293
v 0.0242351796 0.0326365195 0.0208720509
v 0.0243918207 0.0320269391 0.0212017205
v 0.0238487702 0.0326784812 0.0211336594
v 0.02401709 0.03206902 0.0214552805
v 0.0233854596 0.03272181 0.02146345
v 0.0235678498 0.0321124084 0.0217749402
v 0.0229309201 0.0327564999 0.0218049195
v 0.0231270697 0.0321472213 0.0221059304
v 0.0224851295 0.0327826105 0.0221581999
v 0.0226948801 0.0321733914 0.0224483609
v 0.0220481697 0.0328000709 0.0225232206
v 0.0222712103 0.0321909115 0.0228021704
v 0.0219594203 0.0328025818 0.0225997493
v 0.0221851394 0.0321934186 0.02287638
v 0.0215352699 0.0328095518 0.0229769908
v 0.0217739306 0.0322003886 0.0232421104
v 0.0351477787 0.0276553594 0.0182981398
v 0.0346023999 0.0278792903 0.0183231793
v 0.0340584517 0.0280963108 0.0183627605
v 0.0335161015 0.0283062998 0.0184169393
v 0.0329754911 0.0285091903 0.0184856001
v 0.0324366614 0.0287049394 0.0185688101
v 0.0318998583 0.0288934708 0.0186665598
v 0.0313650295 0.0290746596 0.0187787991
v 0.0308323503 0.0292484108 0.0189056899
v 0.0303019192 0.0294145904 0.0190473106
v 0.0298306905 0.0295563303 0.0191860702
v 0.0293240491 0.0297023598 0.0193492696
v 0.0288230106 0.0298401099 0.0195252802
v 0.0283275805 0.0299696308 0.0197139904
v 0.0278377496 0.0300907996 0.0199152809
v 0.0273535792 0.0302036405 0.0201292001
v 0.0268751308 0.0303080603 0.02035564
v 0.0264024101 0.0304040909 0.0205945894
v 0.0259355307 0.0304915905 0.0208460595
v 0.0254744794 0.0305704996 0.0211101696
v 0.0250193998 0.0306407809 0.0213869195
v 0.0245702807 0.0307022296 0.0216764193
v 0.0242165308 0.0307448506 0.0219164398
v 0.0237923805 0.0307888296 0.0222188793
v 0.0233762804 0.0308241192 0.0225319806
v 0.0229682308 0.0308506396 0.0228557494
v 0.0230280701 0.0301554706 0.0229672696
v 0.0225681607 0.0308684092 0.0231901407
v 0.0226380192 0.0301733594 0.0232937299
v 0.0224869195 0.0308709107 0.0232602302
v 0.0225588009 0.0301759206 0.0233621504
v 0.0220985394 0.030878 0.0236057602
v 0.0221800208 0.0301830694 0.0236993395
v 0.0194839202 0.0350696407 0.0210161209
v 0.0195810106 0.0350199305 0.0211208407
v 0.0197285991 0.0350195095 0.0209849998
v 0.0198276602 0.0348435603 0.0213869195
v 0.0200126097 0.0347113609 0.0215864107
v 0.0201569106 0.0345752798 0.0217419807
v 0.0204166099 0.034330301 0.0220221803
v 0.0204695407 0.0342662893 0.0220792796
v 0.0366997086 0.0304571297 0.0161069594
v 0.0360669382 0.0306858402 0.0161183998
v 0.0354356691 0.0309077501 0.0161468908
v 0.0348059498 0.0311228 0.0161924902
v 0.0341779515 0.0313309394 0.0162551403
v 0.0335518084 0.0315321013 0.0163346492
v 0.0329276882 0.0317261815 0.0164312106
v 0.0323056504 0.0319131017 0.0165446904
v 0.0316858217 0.0320927501 0.0166751705
v 0.0310683809 0.0322650596 0.0168227497
v 0.0304533802 0.0324298702 0.0169875603
v 0.0299069192 0.0325704217 0.0171490908
v 0.0293192808 0.0327153206 0.0173391104
v 0.0287379008 0.0328519307 0.0175440907
v 0.0281629506 0.0329804383 0.0177639108
v 0.0275943205 0.0331006013 0.0179984495
v 0.0270321891 0.0332125984 0.0182477199
v 0.0264765602 0.0333161913 0.0185115896
v 0.0259274803 0.0334114395 0.0187900607
v 0.0253849607 0.0334982798 0.0190832
v 0.0248491708 0.0335766003 0.0193910003
v 0.02432012 0.0336462818 0.0197135191
v 0.0237978604 0.0337073207 0.0200508796
v 0.0233864691 0.0337495804 0.0203306004
v 0.0228931308 0.0337932706 0.0206830502
v 0.02240902 0.0338282511 0.0210478306
v 0.0219340902 0.0338546 0.0214249995
v 0.0214684606 0.0338721797 0.0218144599
v 0.0213738605 0.0338746905 0.0218961202
v 0.0212498903 0.033372581 0.0226610303
v 0.0216877405 0.0333655998 0.0222714506
v 0.0217793491 0.0333631001 0.0221924707
v 0.0222303793 0.0333456285 0.0218154695
v 0.0226904098 0.0333194695 0.0214505699
v 0.0231595002 0.0332846604 0.02109777
v 0.0236375909 0.0332412682 0.0207570102
v 0.0240362808 0.0331992507 0.0204865895
v 0.0245424509 0.033138629 0.0201606099
v 0.0250552204 0.0330693685 0.0198490601
v 0.0255746804 0.0329915211 0.0195519291
v 0.0261005703 0.032905221 0.0192690995
v 0.0266329609 0.0328105614 0.0190004706
v 0.0271716695 0.0327075683 0.0187461302
v 0.0277167503 0.0325962901 0.0185061004
v 0.0282680895 0.0324768387 0.0182803199
v 0.0288255792 0.0323491618 0.0180689003
v 0.0293893199 0.0322133303 0.0178719703
v 0.0299591403 0.0320693217 0.0176896397
v 0.03048902 0.0319296084 0.0175347906
v 0.0310853701 0.0317657515 0.0173770692
v 0.031684041 0.0315945111 0.0172361694
v 0.0322849713 0.0314159282 0.0171117708
v 0.0328879915 0.0312301498 0.0170040093
v 0.0334931016 0.0310372096 0.0169127509
v 0.0341000482 0.03083729 0.0168379508
v 0.0347087309 0.0306303501 0.0167796593
v 0.0353190787 0.0304166004 0.0167378709
v 0.0359308682 0.0301960092 0.0167127196
v 0.0365440212 0.02996861 0.0167041998
v 0.0210248809 0.0335183702 0.0226782504
v 0.0211198293 0.0333729312 0.0227806494
v 0.0212645493 0.0330914184 0.0229367595
v 0.0214092694 0.0328099094 0.02309292
v 0.02147853 0.0326359197 0.0231676102
v 0.0216518007 0.03220075 0.0233544707
v 0.0216655098 0.0321546085 0.0233692508
v 0.0353730917 0.0283568501 0.0180355906
v 0.03481346 0.0285789296 0.0180584099
v 0.0342551991 0.0287941601 0.0180963799
v 0.0336985514 0.0290024206 0.0181493703
v 0.0331435204 0.0292037092 0.0182173792
v 0.03259027 0.0293978397 0.0183004104
v 0.03203886 0.0295848809 0.01839846
v 0.0314894915 0.0297645908 0.0185115896
v 0.0309422594 0.0299369004 0.0186398607
v 0.0303971693 0.0301017705 0.0187833905
v 0.0299129393 0.0302423798 0.0189242903
v 0.0293922406 0.0303872805 0.0190902893
v 0.0288771894 0.0305239502 0.01926958
v 0.02836781 0.0306524001 0.0194619801
v 0.0278642103 0.0307726208 0.0196675006
v 0.0273663905 0.0308845602 0.0198860709
v 0.0268744193 0.0309881493 0.0201176405
v 0.0263882801 0.0310833994 0.0203621909
v 0.0259081703 0.0311702397 0.0206198003
v 0.0254340097 0.0312485006 0.0208904091
v 0.0249659996 0.0313181803 0.0211741291
v 0.0245040599 0.0313791595 0.0214711409
v 0.0241402909 0.0314214788 0.0217174198
v 0.0237041097 0.0314651094 0.0220279004
v 0.0232762005 0.0315001011 0.0223494098
v 0.0228566509 0.0315264389 0.0226819497
v 0.0224453192 0.0315440185 0.0230255704
v 0.0223618094 0.0315465294 0.0230975691
v 0.0219334904 0.0311195794 0.0236583296
v 0.0219832007 0.0308783595 0.0237119105
v 0.0220193192 0.0305805802 0.0237508994
v 0.0220674798 0.0301834904 0.0238028709
v 0.0220735595 0.0300325099 0.0238093697
v 0.0127705904 0.0300329309 -0.0298578702
v 0.01024001 0.0300329309 -0.0308175609
v 0.00631636288 0.0300329309 -0.0318540893
v 0.00498348381 0.0300329309 -0.0320896506
v 0.00364196301 0.0300329309 -0.0322694704
v 0.000942292972 0.0300329309 -0.0324606188
v -0.00311362697 0.0300329309 -0.0323247313
v -0.00579446508 0.0300329309 -0.0319531485
v -0.00843506958 0.0300329309 -0.0313597284
v -0.0122805201 0.0300329309 -0.0300627891
v -0.0147411805 0.0300329309 -0.0289357901
v -0.0170994401 0.0300329309 -0.0276077893
v -0.0182350203 0.0300329309 -0.0268712603
v -0.0204092804 0.0300329309 -0.0252594892
v -0.0234003607 0.0300329309 -0.0225167796
v -0.02431833 0.0300329309 -0.0215220992
v -0.0251940396 0.0300329309 -0.0204900503
v -0.0268127304 0.0300329309 -0.0183209702
v -0.0288884006 0.0300329309 -0.01483374
v -0.0300232694 0.0300329309 -0.0123767201
v -0.0309496503 0.0300329309 -0.00983369257
v -0.0313325487 0.0300329309 -0.00853544381
v -0.0319344401 0.0300329309 -0.00589674711
v -0.0324205682 0.0300329309 -0.00186777103
v -0.0324702188 0.0300329309 -0.000515170977
v -0.032463491 0.0300329309 0.00083833799
v -0.0322809815 0.0300329309 0.00353860809
v -0.0315875411 0.0300329309 0.00753718615
v -0.0308502298 0.0300329309 0.0101412497
v -0.0298986398 0.0300329309 0.0126749203
v -0.0280842707 0.0300329309 0.0163050201
v -0.0249888301 0.0300329309 0.0207397901
v -0.0241028592 0.0300329309 0.0217630807
v -0.0222069602 0.0300329309 0.0236945096
v -0.0190783106 0.0300329309 0.0262792706
v -0.0179666802 0.0300329309 0.0270514395
v -0.0168238208 0.0300329309 0.0277766492
v -0.01445245 0.0300329309 0.0290810391
v -0.0107124997 0.0300329309 0.0306565706
v -0.00812250283 0.0300329309 0.0314420983
v -0.00547617581 0.0300329309 0.0320092998
v -0.00413751602 0.0300329309 0.0322096907
v -0.00144106103 0.0300329309 0.0324423313
v 0.00261640502 0.0300329309 0.0323687717
v 0.00396299316 0.0300329309 0.0322316214
v 0.00530266715 0.0300329309 0.0320384502
v 0.00795209408 0.0300329309 0.0314856693
v 0.0118169701 0.0300329309 0.0302479807
v 0.0142946802 0.0300329309 0.0291589405
v 0.0166730806 0.0300329309 0.0278673694
v 0.0200185701 0.0300329309 0.0255702697
v 0.0123577099 0.0350665413 -0.0258558299
v 0.0101629999 0.0350762606 -0.0267982408
v 0.00903743505 0.0350762606 -0.0271984898
v 0.00674128486 0.0350762606 -0.0278565809
v 0.00557458401 0.0350762606 -0.0281133
v 0.00439822581 0.0350762606 -0.0283211395
v 0.000831628975 0.0350762606 -0.0286486093
v -0.000362907012 0.0350762606 -0.02865839
v -0.001556754 0.0350762606 -0.0286183301
v -0.00393438293 0.0350762606 -0.0283893291
v -0.00511401799 0.0350762606 -0.02820074
v -0.00628471281 0.0350762606 -0.0279631
v -0.00972330477 0.0350762606 -0.0269609001
v -0.0108383195 0.0350762606 -0.0265322905
v -0.0119345104 0.0350762606 -0.0260575991
v -0.0140628796 0.0350762606 -0.0249733292
v -0.0150913503 0.0350762606 -0.0243656598
v -0.0160935502 0.0350762606 -0.0237156097
v -0.0189257804 0.0350762606 -0.0215231702
v -0.0198062602 0.0350762606 -0.0207158308
v -0.0206522904 0.0350762606 -0.0198724791
v -0.0229695998 0.0350762606 -0.0171414595
v -0.0236639306 0.0350762606 -0.0161694195
v -0.0254958794 0.0350762606 -0.0130917402
v -0.0260192696 0.0350762606 -0.0120179001
v -0.0264974795 0.0350762606 -0.0109232599
v -0.0276529696 0.0350762606 -0.00753307296
v -0.0279428307 0.0350762606 -0.00637423899
v -0.02851969 0.0350762606 -0.00283932593
v -0.0286132004 0.0350762606 -0.00164842606
v -0.0286570694 0.0350762606 -0.000454672991
v -0.0284899995 0.0350762606 0.00312304404
v -0.0283350907 0.0350762606 0.00430756807
v -0.0275766198 0.0350762606 0.00780797005
v -0.0272272807 0.0350762606 0.00895029306
v -0.0268306695 0.0350762606 0.0100771096
v -0.0253642704 0.0350762606 0.0133448802
v -0.0247861706 0.0350762606 0.0143902302
v -0.0227978192 0.0350762606 0.0173692703
v -0.0220542494 0.0350762606 0.0183041599
v -0.0212723594 0.0350762606 0.0192072894
v -0.0187106095 0.0350762606 0.0217105094
v -0.01778966 0.0350762606 0.0224712994
v -0.0148480497 0.0350762606 0.0245146099
v -0.0138136102 0.0350762606 0.0251120906
v -0.0127552096 0.0350762606 0.0256658699
v -0.00945442915 0.0350762606 0.0270563308
v -0.00831878092 0.0350762606 0.0274268296
v -0.00716865016 0.0350762606 0.0277496502
v -0.00483304216 0.0350762606 0.02825021
v -0.00365161803 0.0350762606 0.0284270607
v -0.00246387697 0.0350762606 0.0285545494
v 0.00111669302 0.0350762606 0.02863889
v 0.00230914308 0.0350762606 0.0285674892
v 0.00349760009 0.0350762606 0.0284464303
v 0.00585412886 0.0350762606 0.0280564409
v 0.00701820804 0.0350762606 0.0277881008
v 0.00817006826 0.0350762606 0.0274714809
v 0.0115326 0.0350762606 0.0262379609
v 0.0126159703 0.0350762606 0.0257345997
v 0.0136773502 0.0350762606 0.0251865294
v 0.0157271605 0.0350762606 0.0239601694
v 0.0167119503 0.0350762606 0.0232840106
v 0.0176677108 0.0350762606 0.0225673895
v 0.0185927097 0.0350762606 0.0218115393
v 0.0147150699 0.0350762606 0.0245947205
v 0.0104291998 0.0350762606 0.0266957805
v 0.00930774212 0.0350762606 0.0271071699
v 0.00467991782 0.0350762606 0.0282759592
v -7.76318993e-05 0.0350762606 0.0286605302
v -0.00127184298 0.0350762606 0.0286324006
v -0.00600606203 0.0350762606 0.0280243102
v -0.0105736796 0.0350762606 0.0266388599
v -0.0116745802 0.0350762606 0.0261751395
v -0.0158567391 0.0350762606 0.0238746405
v -0.0168378297 0.0350762606 0.0231931191
v -0.0195990801 0.0350762606 0.0209119301
v -0.0204534493 0.0350762606 0.0200770404
v -0.0235018097 0.0350762606 0.0164041501
v -0.0241649691 0.0350762606 0.0154106002
v -0.0258983299 0.0350762606 0.01227629
v -0.0263874494 0.0350762606 0.01118642
v -0.0278780404 0.0350762606 0.00665205717
v -0.0281310007 0.0350762606 0.00548452092
v -0.0285953805 0.0350762606 0.00193315698
v -0.0286511108 0.0350762606 0.000739886018
v -0.02837657 0.0350762606 -0.00402528001
v -0.0281841699 0.0350762606 -0.00520425988
v -0.0273150206 0.0350762606 -0.00867885258
v -0.0269296095 0.0350762606 -0.00980955269
v -0.0249282103 0.0350762606 -0.0141428104
v -0.0243171994 0.0350762606 -0.0151693197
v -0.0214624405 0.0350762606 -0.0189946201
v -0.0180124603 0.0350762606 -0.0222931504
v -0.0170678403 0.0350762606 -0.0230243802
v -0.0130100204 0.0350762606 -0.0255376603
v -0.00859135296 0.0350762606 -0.0273426697
v -0.00744449999 0.0350762606 -0.0276769307
v -0.00274795201 0.0350762606 -0.0285286307
v 0.00202470995 0.0350762606 -0.0285890605
v 0.00321424007 0.0350762606 -0.0284798704
v 0.00789624359 0.0350762606 -0.0275514703
v 0.0112708798 0.0350762606 -0.02635145
v 0.0189221501 0.0348527394 0.0221979599
v 0.0124478303 0.034992449 -0.0260443594
v 0.0114705497 0.0348527394 -0.0268183295
v 0.0192367397 0.0345833302 0.0225669704
v 0.01257574 0.0348417684 -0.0263119899
v 0.0127462698 0.0346407816 -0.0266689006
v 0.0116612297 0.0345833302 -0.0272641703
v 0.01278573 0.03457826 -0.0267514493
v 0.0118413502 0.0342702195 -0.0276852809
v 0.0195338093 0.0342702195 0.0229155403
v 0.0129832597 0.0342651606 -0.0271646306
v 0.0130227199 0.0342026316 -0.0272471905
v 0.0120093198 0.0339162312 -0.02807796
v 0.0200655404 0.0335242711 0.0235393606
v 0.0198109094 0.0339162312 0.0232405607
v 0.0202956703 0.0330976807 0.0238092504
v 0.0131654097 0.0339070484 -0.0275457501
v 0.0132724 0.0336853787 -0.0277696196
v 0.0121636903 0.0335242711 -0.0284389202
v 0.0133348703 0.0335175283 -0.0279003307
v 0.0123031698 0.0330976807 -0.0287650209
v 0.01349115 0.0330976807 -0.0282273795
v 0.0124266101 0.0326402113 -0.0290535595
v 0.0204992201 0.0326402113 0.0240480807
v 0.0206745192 0.0321556889 0.0242537204
v 0.0136228204 0.0326345488 -0.0285027605
v 0.0136753898 0.0324494205 -0.0286128502
v 0.0125328302 0.0321556889 -0.0293019991
v 0.0137382103 0.0321503207 -0.0287442803
v 0.0138220098 0.0317513905 -0.0289195701
v 0.0126210405 0.0316483304 -0.0295081697
v 0.0138372099 0.0316463709 -0.0289513394
v 0.0126904203 0.0311223809 -0.0296704695
v 0.0209345203 0.0311223809 0.0245587192
v 0.0208200198 0.0316483304 0.0244243704
v 0.0210169498 0.0305823609 0.0246554594
v 0.0139132701 0.0311204102 -0.0291106105
v 0.0139285298 0.0310153309 -0.0291423704
v 0.0127404304 0.0305823609 -0.0297873598
v 0.0210667197 0.0300329309 0.0247138105
v 0.0179806892 0.0348527394 0.0229671504
v 0.0182796102 0.0345833302 0.0233489797
v 0.01856195 0.0342702195 0.0237095896
v 0.0188252293 0.0339162312 0.0240459405
v 0.0190672204 0.0335242711 0.0243550502
v 0.0192858502 0.0330976807 0.0246343594
v 0.0194793306 0.0326402113 0.0248814207
v 0.0196458604 0.0321556889 0.0250941496
v 0.0197841506 0.0316483304 0.0252707601
v 0.0198929291 0.0311223809 0.0254096892
v 0.0199713092 0.0305823609 0.0255098306
v 0.0160057507 0.0348527394 0.02438467
v 0.0149757201 0.0348527394 0.0250304304
v 0.0162718799 0.0345833302 0.0247900393
v 0.0152246896 0.0345833302 0.02544659
v 0.0165231805 0.0342702195 0.0251729395
v 0.0154598299 0.0342702195 0.0258395597
v 0.0167575404 0.0339162312 0.0255299807
v 0.0156791192 0.0339162312 0.0262061302
v 0.0169729497 0.0335242711 0.0258581601
v 0.0158807002 0.0335242711 0.0265430193
v 0.0171676204 0.0330976807 0.0261546895
v 0.0160627905 0.0330976807 0.0268473607
v 0.01733982 0.0326402113 0.0264170095
v 0.0162239 0.0326402113 0.0271166507
v 0.0174880605 0.0321556889 0.0266429093
v 0.0163626596 0.0321556889 0.0273485109
v 0.0176111404 0.0316483304 0.0268304292
v 0.0164778195 0.0316483304 0.0275409799
v 0.0177079998 0.0311223809 0.0269779507
v 0.0165684205 0.0311223809 0.0276924297
v 0.0177777391 0.0305823609 0.0270842295
v 0.0166336801 0.0305823609 0.0278015099
v 0.01781982 0.0300329309 0.0271483604
v 0.0117369201 0.0348527394 0.0267028194
v 0.0106139705 0.0348527394 0.0271686893
v 0.0119320704 0.0345833302 0.0271467492
v 0.0107904598 0.0345833302 0.0276204292
v 0.0121163102 0.0342702195 0.0275660101
v 0.01095712 0.0342702195 0.02804696
v 0.01228821 0.0339162312 0.0279570203
v 0.0111125102 0.0339162312 0.0284448192
v 0.0124461604 0.0335242711 0.0283164307
v 0.0112553798 0.0335242711 0.0288104992
v 0.0125889098 0.0330976807 0.0286411606
v 0.0113844797 0.0330976807 0.0291408803
v 0.0127151599 0.0326402113 0.0289283898
v 0.01149863 0.0326402113 0.0294331294
v 0.0128238704 0.0321556889 0.0291757509
v 0.0115969703 0.0321556889 0.0296848398
v 0.0129141202 0.0316483304 0.0293810908
v 0.01167857 0.0316483304 0.0298937503
v 0.0129851596 0.0311223809 0.0295426808
v 0.0117427697 0.0311223809 0.0300580803
v 0.0130363097 0.0305823609 0.0296590291
v 0.0117890798 0.0305823609 0.0301765203
v 0.0130671803 0.0300329309 0.0297292992
v 0.00831478834 0.0348527394 0.0279581491
v 0.00714254286 0.0348527394 0.0282803699
v 0.00845307112 0.0345833302 0.0284230094
v 0.00726127578 0.0345833302 0.0287505295
v 0.00858360529 0.0342702195 0.0288619902
v 0.00737345219 0.0342702195 0.0291945897
v 0.00870537665 0.0339162312 0.0292713605
v 0.0074779978 0.0339162312 0.0296087209
v 0.00881725457 0.0335242711 0.0296476409
v 0.00757414103 0.0335242711 0.0299893599
v 0.00891834404 0.0330976807 0.0299876295
v 0.00766098406 0.0330976807 0.0303332191
v 0.00900781062 0.0326402113 0.0302883908
v 0.00773787405 0.0326402113 0.0306375008
v 0.00908481982 0.0321556889 0.0305473804
v 0.00780403614 0.0321556889 0.0308994595
v 0.0091487756 0.0316483304 0.0307623707
v 0.00785893202 0.0316483304 0.0311168991
v 0.00919908192 0.0311223809 0.0309315305
v 0.00790214539 0.0311223809 0.0312880203
v 0.00923532154 0.0305823609 0.0310534202
v 0.00793325901 0.0305823609 0.0314112902
v 0.00925719738 0.0300329309 0.0311269108
v -7.90103004e-05 0.0348527394 0.0291683003
v -0.001294374 0.0348527394 0.0291396901
v -8.03216026e-05 0.0345833302 0.0296532493
v -0.00131589104 0.0345833302 0.0296241604
v -8.15659005e-05 0.0342702195 0.0301112495
v -0.001336216 0.0342702195 0.03008168
v -8.27206968e-05 0.0339162312 0.0305383205
v -0.00135517097 0.0339162312 0.0305083301
v -8.37861007e-05 0.0335242711 0.0309309307
v -0.00137257494 0.0335242711 0.0309005305
v -8.47472984e-05 0.0330976807 0.0312855802
v -0.00138836994 0.0330976807 0.0312548801
v -8.55965991e-05 0.0326402113 0.0315993987
v -0.00140225806 0.0326402113 0.0315684006
v -8.63267996e-05 0.0321556889 0.0318695903
v -0.00141423906 0.0321556889 0.0318382904
v -8.69377036e-05 0.0316483304 0.0320938788
v -0.00142419303 0.0316483304 0.0320624113
v -8.7414599e-05 0.0311223809 0.0322703682
v -0.00143206096 0.0311223809 0.0322386585
v -8.77572966e-05 0.0305823609 0.0323975012
v -0.00143766403 0.0305823609 0.0323656686
v -8.79658983e-05 0.0300329309 0.0324742086
v -0.0084661236 0.0348527394 0.0279127304
v -0.0096219182 0.0348527394 0.0275356695
v -0.00860690977 0.0345833302 0.0283768103
v -0.00978189707 0.0345833302 0.0279935002
v -0.00873982906 0.0342702195 0.0288150292
v -0.00993299391 0.0342702195 0.0284258109
v -0.00886380579 0.0339162312 0.0292237904
v -0.0100739002 0.0339162312 0.0288290307
v -0.00897776987 0.0335242711 0.0295994207
v -0.0102034202 0.0335242711 0.0291996505
v -0.00908070803 0.0330976807 0.0299388692
v -0.0103204204 0.0330976807 0.0295344498
v -0.00917178299 0.0326402113 0.0302391592
v -0.0104238903 0.0326402113 0.0298306905
v -0.00925022271 0.0321556889 0.0304977205
v -0.0105130598 0.0321556889 0.0300858002
v -0.00931531098 0.0316483304 0.0307123605
v -0.0105870301 0.0316483304 0.0302975103
v -0.0093665123 0.0311223809 0.0308812205
v -0.0106452703 0.0311223809 0.0304641109
v -0.00940340664 0.0305823609 0.0310028698
v -0.0106871696 0.0305823609 0.0305841509
v -0.00942569878 0.0300329309 0.0310763102
v -0.0118814101 0.0348527394 0.0266388599
v -0.0129811699 0.0348527394 0.0261205994
v -0.0120789399 0.0345833302 0.0270817205
v -0.0131970001 0.0345833302 0.0265548807
v -0.0122654997 0.0342702195 0.02749997
v -0.0134007903 0.0342702195 0.0269649606
v -0.0124394801 0.0339162312 0.0278900191
v -0.0135908704 0.0339162312 0.0273474399
v -0.0125994002 0.0335242711 0.0282486007
v -0.0137655698 0.0335242711 0.0276990496
v -0.0127438903 0.0330976807 0.02857255
v -0.0139234597 0.0330976807 0.0280166809
v -0.0128716798 0.0326402113 0.0288591292
v -0.0140631096 0.0326402113 0.0282976609
v -0.0129817696 0.0321556889 0.0291058999
v -0.0141833397 0.0321556889 0.0285396501
v -0.0130731398 0.0316483304 0.0293106996
v -0.0142831802 0.0316483304 0.0287404601
v -0.0131450202 0.0311223809 0.0294718705
v -0.0143616702 0.0311223809 0.0288985297
v -0.0131967599 0.0305823609 0.0295879804
v -0.0144183002 0.0305823609 0.0290123802
v -0.0132280504 0.0300329309 0.0296580698
v -0.0190421306 0.0348527394 0.0220950805
v -0.0199462697 0.0348527394 0.0212824307
v -0.0193586908 0.0345833302 0.0224624202
v -0.0202779099 0.0345833302 0.0216362402
v -0.0196576696 0.0342702195 0.0228093807
v -0.0205910802 0.0342702195 0.0219703894
v -0.0199365001 0.0339162312 0.0231329203
v -0.0208831392 0.0339162312 0.0222820602
v -0.0201928001 0.0335242711 0.0234302804
v -0.0211516004 0.0335242711 0.0225684606
v -0.0204243604 0.0330976807 0.02369898
v -0.0213941894 0.0330976807 0.0228272602
v -0.0206292197 0.0326402113 0.0239366796
v -0.0216087606 0.0326402113 0.0230562594
v -0.0208055899 0.0321556889 0.0241413694
v -0.0217935406 0.0321556889 0.0232533794
v -0.0209520403 0.0316483304 0.0243112408
v -0.0219468996 0.0316483304 0.02341705
v -0.0210672598 0.0311223809 0.0244449303
v -0.0220676009 0.0311223809 0.0235457998
v -0.0211502295 0.0305823609 0.0245412495
v -0.02215451 0.0305823609 0.0236385409
v -0.0212002899 0.0300329309 0.0245993696
v -0.0245931093 0.0348527394 0.0156835895
v -0.0252252799 0.0348527394 0.0146451499
v -0.0250020009 0.0345833302 0.0159443598
v -0.0256446507 0.0345833302 0.0148886396
v -0.0253881197 0.0342702195 0.0161905792
v -0.0260407291 0.0342702195 0.0151185896
v -0.0257482491 0.0339162312 0.0164202396
v -0.0264100991 0.0339162312 0.0153330499
v -0.02607923 0.0335242711 0.0166313592
v -0.0267496109 0.0335242711 0.0155301597
v -0.0263782702 0.0330976807 0.0168220401
v -0.0270563904 0.0330976807 0.0157082006
v -0.0266428497 0.0326402113 0.0169907808
v -0.0273277704 0.0326402113 0.0158658009
v -0.0268706605 0.0321556889 0.0171360299
v -0.0275614206 0.0321556889 0.0160014592
v -0.0270597897 0.0316483304 0.0172566697
v -0.0277553704 0.0316483304 0.0161140505
v -0.0272085592 0.0311223809 0.0173515603
v -0.0279080197 0.0311223809 0.0162026808
v -0.0273157898 0.0305823609 0.0174199305
v -0.0280179307 0.0305823609 0.0162665192
v -0.0273804609 0.0300329309 0.0174611807
v -0.0263571702 0.0348527394 0.0124937799
v -0.0268549304 0.0348527394 0.0113845998
v -0.0267953798 0.0345833302 0.0127015105
v -0.0273013692 0.0345833302 0.0115739098
v -0.0272092205 0.0342702195 0.0128976703
v -0.0277230702 0.0342702195 0.0117526604
v -0.0275951605 0.0339162312 0.0130805904
v -0.0281162802 0.0339162312 0.0119193103
v -0.0279499199 0.0335242711 0.0132488003
v -0.0284777209 0.0335242711 0.0120725604
v -0.0282704197 0.0330976807 0.0134007297
v -0.0288043004 0.0330976807 0.0122110201
v -0.0285539608 0.0326402113 0.0135351401
v -0.0290932003 0.0326402113 0.0123335104
v -0.0287980996 0.0321556889 0.0136508299
v -0.0293419305 0.0321556889 0.0124389501
v -0.0290008094 0.0316483304 0.0137469098
v -0.0295484606 0.0316483304 0.0125265103
v -0.0291602593 0.0311223809 0.0138224903
v -0.0297109392 0.0311223809 0.0125953499
v -0.02927511 0.0305823609 0.0138769699
v -0.0298280101 0.0305823609 0.0126449997
v -0.0293444898 0.0300329309 0.0139098102
v -0.0280651394 0.0348527394 0.00794631243
v -0.0283719301 0.0348527394 0.00676989509
v -0.0285317302 0.0345833302 0.00807839632
v -0.0288435798 0.0345833302 0.00688242912
v -0.0289723799 0.0342702195 0.00820314791
v -0.0292890593 0.0342702195 0.0069887042
v -0.0293833595 0.0339162312 0.00831949711
v -0.0297045093 0.0339162312 0.00708788587
v -0.0297610704 0.0335242711 0.00842648745
v -0.0300863907 0.0335242711 0.00717896223
v -0.0301023703 0.0330976807 0.00852310564
v -0.0304313805 0.0330976807 0.00726127578
v -0.0304042604 0.0326402113 0.0086085787
v -0.0307366196 0.0326402113 0.00733411312
v -0.0306642596 0.0321556889 0.00868219137
v -0.0309994202 0.0321556889 0.00739681721
v -0.0308800898 0.0316483304 0.00874328613
v -0.0312175695 0.0316483304 0.0074489112
v -0.0310498402 0.0311223809 0.00879138708
v -0.031389229 0.0311223809 0.00748986006
v -0.0311722104 0.0305823609 0.00882601738
v -0.0315129086 0.0305823609 0.00751936389
v -0.0312460009 0.0300329309 0.00884693768
v -0.0288370792 0.0348527394 0.00438386202
v -0.0289947297 0.0348527394 0.00317835808
v -0.0293165408 0.0345833302 0.00445675803
v -0.02947676 0.0345833302 0.00323122693
v -0.0297692996 0.0342702195 0.00452554179
v -0.0299320202 0.0342702195 0.00328111602
v -0.0301915407 0.0339162312 0.004589736
v -0.0303565804 0.0339162312 0.00332766701
v -0.0305796806 0.0335242711 0.00464874506
v -0.0307468101 0.0335242711 0.00337046292
v -0.0309303403 0.0330976807 0.00470209122
v -0.0310994294 0.0330976807 0.00340908696
v -0.0312405806 0.0326402113 0.00474923803
v -0.0314113386 0.0326402113 0.00344330003
v -0.0315077305 0.0321556889 0.00478982879
v -0.0316799209 0.0321556889 0.00347274495
v -0.0317294486 0.0316483304 0.00482356502
v -0.0319029018 0.0316483304 0.00349718309
v -0.0319039188 0.0311223809 0.00485008908
v -0.0320783183 0.0311223809 0.00351637602
v -0.0320296213 0.0305823609 0.00486916304
v -0.0322046801 0.0305823609 0.00353026297
v -0.0321054384 0.0300329309 0.00488072587
v -0.0288792793 0.0348527394 -0.00409662677
v -0.0286834799 0.0348527394 -0.0052964678
v -0.0293594506 0.0345833302 -0.00416469481
v -0.0291603804 0.0345833302 -0.00538450386
v -0.0298128705 0.0342702195 -0.00422900915
v -0.0296107493 0.0342702195 -0.00546771195
v -0.0302357599 0.0339162312 -0.00428903103
v -0.0300307199 0.0339162312 -0.00554525806
v -0.0306244399 0.0335242711 -0.00434416486
v -0.0304167792 0.0335242711 -0.00561654521
v -0.0309756305 0.0330976807 -0.00439399388
v -0.0307655893 0.0330976807 -0.00568091823
v -0.0312862918 0.0326402113 -0.00443804218
v -0.0310741607 0.0326402113 -0.0057378998
v -0.0315538011 0.0321556889 -0.00447600987
v -0.0313398801 0.0321556889 -0.00578701403
v -0.0317758918 0.0316483304 -0.00450748205
v -0.0315604806 0.0316483304 -0.005827724
v -0.0319505893 0.0311223809 -0.00453227712
v -0.0317339785 0.0311223809 -0.00585973216
v -0.0320764706 0.0305823609 -0.00455015805
v -0.0318590403 0.0305823609 -0.00588285923
v -0.0321524702 0.0300329309 -0.00456088688
v -0.0264802501 0.0348527394 -0.0122308098
v -0.0259475708 0.0348527394 -0.01332366
v -0.02692049 0.0345833302 -0.0124341799
v -0.0263789203 0.0345833302 -0.0135451499
v -0.0273362305 0.0342702195 -0.0126262298
v -0.0267863795 0.0342702195 -0.0137543604
v -0.0277239606 0.0339162312 -0.0128052803
v -0.0271662995 0.0339162312 -0.0139494501
v -0.0280804001 0.0335242711 -0.0129699102
v -0.0275155306 0.0335242711 -0.0141287996
v -0.0284023806 0.0330976807 -0.0131186796
v -0.0278310701 0.0330976807 -0.0142908003
v -0.0286872908 0.0326402113 -0.0132502299
v -0.0281102005 0.0326402113 -0.0144341504
v -0.0289325695 0.0321556889 -0.0133635402
v -0.0283505898 0.0321556889 -0.0145576
v -0.0291361809 0.0316483304 -0.0134575898
v -0.0285500791 0.0316483304 -0.0146599999
v -0.0292963907 0.0311223809 -0.0135315601
v -0.0287070796 0.0311223809 -0.0147406403
v -0.0294118505 0.0305823609 -0.01358491
v -0.0288201496 0.0305823609 -0.0147986999
v -0.0294814706 0.0300329309 -0.0136170303
v -0.0247479603 0.0348527394 -0.0154380202
v -0.0240831897 0.0348527394 -0.0164558794
v -0.0251594093 0.0345833302 -0.0156946704
v -0.0244835597 0.0345833302 -0.0167294703
v -0.0255480409 0.0342702195 -0.0159370806
v -0.0248616897 0.0342702195 -0.0169878602
v -0.0259103701 0.0339162312 -0.0161631703
v -0.0252143703 0.0339162312 -0.0172288399
v -0.0262435004 0.0335242711 -0.0163709503
v -0.0255385004 0.0335242711 -0.0174502693
v -0.0265444499 0.0330976807 -0.0165586397
v -0.0258313399 0.0330976807 -0.0176504198
v -0.0268106405 0.0326402113 -0.0167247597
v -0.0260904394 0.0326402113 -0.0178274494
v -0.0270398799 0.0321556889 -0.0168677494
v -0.0263135396 0.0321556889 -0.0179798603
v -0.0272301994 0.0316483304 -0.01698648
v -0.0264987294 0.0316483304 -0.0181063991
v -0.02737993 0.0311223809 -0.0170798805
v -0.0266443994 0.0311223809 -0.0182060003
v -0.0274878107 0.0305823609 -0.0171471797
v -0.0267493706 0.0305823609 -0.0182776991
v -0.0275529008 0.0300329309 -0.0171877705
v -0.0192610603 0.0348527394 -0.0219044592
v -0.0183315799 0.0348527394 -0.0226880908
v -0.0195813105 0.0345833302 -0.0222686492
v -0.0186363403 0.0345833302 -0.0230652597
v -0.01988375 0.0342702195 -0.0226125699
v -0.0189241692 0.0342702195 -0.0234215204
v -0.0201657992 0.0339162312 -0.0229333006
v -0.0191925708 0.0339162312 -0.0237537008
v -0.0204250198 0.0335242711 -0.0232281592
v -0.0194393303 0.0335242711 -0.0240591094
v -0.0206592008 0.0330976807 -0.0234944802
v -0.0196622591 0.0330976807 -0.0243349597
v -0.0208664499 0.0326402113 -0.0237301495
v -0.0198594909 0.0326402113 -0.0245790407
v -0.0210448503 0.0321556889 -0.0239330493
v -0.0200292394 0.0321556889 -0.0247892104
v -0.0211929604 0.0316483304 -0.0241014902
v -0.0201702099 0.0316483304 -0.0249636695
v -0.0213094894 0.0311223809 -0.0242339894
v -0.0202811304 0.0311223809 -0.0251009408
v -0.0213934705 0.0305823609 -0.0243294798
v -0.0203610603 0.0305823609 -0.0251998305
v -0.02144414 0.0300329309 -0.0243871193
v -0.0121459896 0.0348527394 -0.0265192296
v -0.0110303098 0.0348527394 -0.0270023309
v -0.0123479301 0.0345833302 -0.0269601308
v -0.0112137096 0.0345833302 -0.0274512693
v -0.01253861 0.0342702195 -0.0273765307
v -0.01138693 0.0342702195 -0.0278752409
v -0.0127164703 0.0339162312 -0.0277648494
v -0.0115484502 0.0339162312 -0.02827066
v -0.0128799602 0.0335242711 -0.0281217601
v -0.0116968704 0.0335242711 -0.0286340695
v -0.0130276596 0.0330976807 -0.0284442902
v -0.0118310396 0.0330976807 -0.0289624296
v -0.0131583204 0.0326402113 -0.0287295505
v -0.0119497096 0.0326402113 -0.0292529408
v -0.0132707898 0.0321556889 -0.0289752409
v -0.0120518804 0.0321556889 -0.02950304
v -0.0133641902 0.0316483304 -0.0291791502
v -0.0121366903 0.0316483304 -0.02971071
v -0.01343768 0.0311223809 -0.0293396097
v -0.0122033898 0.0311223809 -0.0298740808
v -0.0134906098 0.0305823609 -0.0294551793
v -0.0122514898 0.0305823609 -0.0299917404
v -0.0135225598 0.0300329309 -0.0295249205
v -0.00874358416 0.0348527394 -0.0278270803
v -0.007576406 0.0348527394 -0.0281672403
v -0.00888890028 0.0345833302 -0.0282897297
v -0.00770235015 0.0345833302 -0.0286355596
v -0.00902622938 0.0342702195 -0.0287266299
v -0.00782132056 0.0342702195 -0.0290778205
v -0.00915426016 0.0339162312 -0.0291340891
v -0.0079322448 0.0339162312 -0.0294902306
v -0.0092719188 0.0335242711 -0.0295086503
v -0.00803422928 0.0335242711 -0.0298693702
v -0.00937825441 0.0330976807 -0.0298470203
v -0.00812631845 0.0330976807 -0.0302119199
v -0.00947230961 0.0326402113 -0.0301463604
v -0.00820785668 0.0326402113 -0.0305148903
v -0.00955331326 0.0321556889 -0.0304041505
v -0.00827801228 0.0321556889 -0.0307758395
v -0.00962054729 0.0316483304 -0.0306181293
v -0.00833630469 0.0316483304 -0.0309924409
v -0.00967341568 0.0311223809 -0.0307864491
v -0.00838214066 0.0311223809 -0.0311628506
v -0.00971156266 0.0305823609 -0.0309077501
v -0.00841516163 0.0305823609 -0.0312856399
v -0.00973457005 0.0300329309 -0.0309809409
v -0.0040041199 0.0348527394 -0.0288922694
v -0.002796649 0.0348527394 -0.0290340092
v -0.00407069921 0.0345833302 -0.0293726306
v -0.00284314109 0.0345833302 -0.0295167491
v -0.00413352204 0.0342702195 -0.0298262797
v -0.00288706995 0.0342702195 -0.0299726091
v -0.00419217302 0.0339162312 -0.0302492902
v -0.0029280181 0.0339162312 -0.0303977709
v -0.00424605608 0.0335242711 -0.0306382105
v -0.00296568801 0.0335242711 -0.0307885408
v -0.00429475307 0.0330976807 -0.0309895203
v -0.00299966289 0.0330976807 -0.0311415698
v -0.00433784723 0.0326402113 -0.0313003585
v -0.003029763 0.0326402113 -0.0314539
v -0.00437492086 0.0321556889 -0.0315679908
v -0.00305569102 0.0321556889 -0.0317228995
v -0.00440573599 0.0316483304 -0.0317901298
v -0.00307714893 0.0316483304 -0.0319461189
v -0.00442993594 0.0311223809 -0.0319649503
v -0.00309407711 0.0311223809 -0.0321217701
v -0.0044474001 0.0305823609 -0.0320908986
v -0.00310629606 0.0305823609 -0.0322483107
v -0.00445795013 0.0300329309 -0.0321668908
v -0.000369337009 0.0348527394 -0.0291661005
v 0.00084636698 0.0348527394 -0.0291561391
v -0.000375475996 0.0345833302 -0.0296509806
v 0.000860432978 0.0345833302 -0.0296408497
v -0.000381273014 0.0342702195 -0.0301089194
v 0.000873724988 0.0342702195 -0.0300986692
v -0.00038668199 0.0339162312 -0.0305359904
v 0.000886116002 0.0339162312 -0.0305255596
v -0.000391651993 0.0335242711 -0.0309285503
v 0.000897507009 0.0335242711 -0.0309180003
v -0.000396143994 0.0330976807 -0.0312831886
v 0.000907804002 0.0330976807 -0.0312725306
v -0.000400115008 0.0326402113 -0.0315969512
v 0.000916909019 0.0326402113 -0.0315862186
v -0.000403534999 0.0321556889 -0.031867139
v 0.000924746972 0.0321556889 -0.031856291
v -0.000406381005 0.0316483304 -0.0320914313
v 0.000931250979 0.0316483304 -0.0320804715
v -0.00040860899 0.0311223809 -0.0322678611
v 0.000936376979 0.0311223809 -0.0322569013
v -0.000410225999 0.0305823609 -0.0323950015
v 0.000940065016 0.0305823609 -0.0323839709
v -0.000411193992 0.0300329309 -0.032471709
v 0.0080361357 0.0348527394 -0.0280395709
v 0.0091975918 0.0348527394 -0.02768033
v 0.0081697097 0.0345833302 -0.0285057407
v 0.00935047772 0.0345833302 -0.0281405393
v 0.00829589274 0.0342702195 -0.0289459806
v 0.00949489977 0.0342702195 -0.0285751205
v 0.00841355324 0.0339162312 -0.0293565299
v 0.00962954666 0.0339162312 -0.0289804302
v 0.00852173474 0.0335242711 -0.0297339503
v 0.00975334644 0.0335242711 -0.0293530207
v 0.00861942675 0.0330976807 -0.0300749503
v 0.00986522436 0.0330976807 -0.02968961
v 0.00870591402 0.0326402113 -0.0303765498
v 0.00996416807 0.0326402113 -0.0299873892
v 0.00878036022 0.0321556889 -0.0306363106
v 0.0100493403 0.0321556889 -0.0302438103
v 0.0088421097 0.0316483304 -0.0308519006
v 0.0101200901 0.0316483304 -0.0304566603
v 0.00889074802 0.0311223809 -0.0310215298
v 0.0101757003 0.0311223809 -0.0306241494
v 0.00892579462 0.0305823609 -0.0311437808
v 0.0102158096 0.0305823609 -0.0307447892
v 0.00894689467 0.0300329309 -0.0312175099
v 0.0189356804 0.0300329309 0.0263822004
v 0.0188909099 0.0305823609 0.0263199192
v 0.0188168194 0.0311223809 0.0262166206
v 0.0187138896 0.0316483304 0.0260732695
v 0.0185831096 0.0321556889 0.0258910004
v 0.0184255801 0.0326402113 0.0256715398
v 0.0182425901 0.0330976807 0.0254166108
v 0.0180357601 0.0335242711 0.0251284204
v 0.0178068802 0.0339162312 0.0248094704
v 0.0175577905 0.0342702195 0.0244625192
v 0.0172907691 0.0345833302 0.0240904596
v 0.0170079991 0.0348527394 0.0236964803
v 0.0154973203 0.0300329309 0.0285379197
v 0.0154607203 0.0305823609 0.0284705106
v 0.0154000502 0.0311223809 0.0283588096
v 0.0153158298 0.0316483304 0.0282037202
v 0.0152087798 0.0321556889 0.0280066095
v 0.0150798503 0.0326402113 0.0277691409
v 0.0149301197 0.0330976807 0.0274934098
v 0.01476085 0.0335242711 0.0271816794
v 0.0145735098 0.0339162312 0.0268366896
v 0.0143696601 0.0342702195 0.0264613591
v 0.0141510898 0.0345833302 0.0260589104
v 0.0139197102 0.0348527394 0.0256327298
v 0.01283943 0.0348527394 0.02619051
v 0.0130529404 0.0345833302 0.0266259909
v 0.0132545196 0.0342702195 0.0270371996
v 0.0134425098 0.0339162312 0.0274206903
v 0.0136153102 0.0335242711 0.0277731996
v 0.0137714697 0.0330976807 0.0280916598
v 0.0139095699 0.0326402113 0.0283734202
v 0.0140285399 0.0321556889 0.0286160707
v 0.0141272498 0.0316483304 0.0288174693
v 0.01420491 0.0311223809 0.0289759003
v 0.0142608797 0.0305823609 0.0290900394
v 0.0105462596 0.0300329309 0.0307141505
v 0.0105213504 0.0305823609 0.0306415502
v 0.0104800398 0.0311223809 0.0305213295
v 0.0104227597 0.0316483304 0.0303544402
v 0.0103498604 0.0321556889 0.0301422998
v 0.0102621298 0.0326402113 0.0298867207
v 0.0101602599 0.0330976807 0.0295899492
v 0.0100450497 0.0335242711 0.0292544905
v 0.00991755724 0.0339162312 0.0288831498
v 0.00977885723 0.0342702195 0.0284792092
v 0.00963014271 0.0345833302 0.0280460697
v 0.00947260763 0.0348527394 0.0275874101
v 0.00663310196 0.0300329309 0.0317896605
v 0.00661742594 0.0305823609 0.0317145512
v 0.00659149792 0.0311223809 0.0315901004
v 0.00655543804 0.0316483304 0.0314173587
v 0.00650960207 0.0321556889 0.0311977807
v 0.00645446684 0.0326402113 0.0309333205
v 0.00639033318 0.0330976807 0.0306261107
v 0.00631791307 0.0335242711 0.0302789193
v 0.00623768521 0.0339162312 0.0298945904
v 0.00615048409 0.0342702195 0.0294765197
v 0.00605690386 0.0345833302 0.0290281698
v 0.00595784094 0.0348527394 0.0285534803
v 0.00476282788 0.0348527394 0.02877694
v 0.00484204199 0.0345833302 0.0292553306
v 0.00491678715 0.0342702195 0.0297071896
v 0.00498652412 0.0339162312 0.0301285293
v 0.00505065918 0.0335242711 0.0305158999
v 0.00510859396 0.0330976807 0.0308658406
v 0.00515979482 0.0326402113 0.0311753694
v 0.00520396186 0.0321556889 0.0314419791
v 0.00524055911 0.0316483304 0.0316632316
v 0.00526934816 0.0311223809 0.0318373404
v 0.00529015018 0.0305823609 0.0319628082
v 0.00395363523 0.0305823609 0.0321554504
v 0.00393807795 0.0311223809 0.0320292711
v 0.00391656114 0.0316483304 0.031854149
v 0.00388920307 0.0321556889 0.0316315182
v 0.003856241 0.0326402113 0.031363301
v 0.00381791499 0.0330976807 0.0310518704
v 0.00377464201 0.0335242711 0.0306998398
v 0.00372672011 0.0339162312 0.0303102098
v 0.00367462588 0.0342702195 0.0298862401
v 0.00361871696 0.0345833302 0.0294317007
v 0.00355952908 0.0348527394 0.0289503895
v 0.00261026598 0.0305823609 0.032292299
v 0.00260001398 0.0311223809 0.0321655795
v 0.002585768 0.0316483304 0.0319896899
v 0.00256770803 0.0321556889 0.0317661092
v 0.0025459521 0.0326402113 0.0314967595
v 0.00252067996 0.0330976807 0.0311840102
v 0.00249206997 0.0335242711 0.0308304392
v 0.0024604199 0.0339162312 0.0304391291
v 0.00242602802 0.0342702195 0.0300134402
v 0.00238913205 0.0345833302 0.0295569301
v 0.002350091 0.0348527394 0.0290735904
v 0.00126528705 0.0300329309 0.032449659
v 0.00126230705 0.0305823609 0.0323730111
v 0.00125735905 0.0311223809 0.0322459899
v 0.00125050498 0.0316483304 0.0320696197
v 0.00124174298 0.0321556889 0.03184551
v 0.00123125303 0.0326402113 0.031575501
v 0.00121897401 0.0330976807 0.0312619805
v 0.00120520499 0.0335242711 0.0309075098
v 0.00118988706 0.0339162312 0.0305152498
v 0.00117325701 0.0342702195 0.0300884806
v 0.00115537597 0.0345833302 0.0296308305
v 0.00113648095 0.0348527394 0.0291462503
v -0.00279176189 0.0300329309 0.032354109
v -0.002785146 0.0305823609 0.03227764
v -0.00277423789 0.0311223809 0.0321509801
v -0.00275903894 0.0316483304 0.0319751985
v -0.0027397871 0.0321556889 0.0317517482
v -0.00271654106 0.0326402113 0.0314825103
v -0.00268953992 0.0330976807 0.0311698895
v -0.00265908195 0.0335242711 0.0308164898
v -0.00262528611 0.0339162312 0.0304253604
v -0.00258856989 0.0342702195 0.0299998503
v -0.00254923105 0.0345833302 0.0295435693
v -0.0025075071 0.0348527394 0.0290604196
v -0.0037163489 0.0348527394 0.0289307199
v -0.00377810001 0.0345833302 0.0294116698
v -0.00383645203 0.0342702195 0.0298659205
v -0.003890872 0.0339162312 0.0302895308
v -0.00394087983 0.0335242711 0.0306789204
v -0.00398612022 0.0330976807 0.0310307704
v -0.00402605487 0.0326402113 0.0313419588
v -0.00406050589 0.0321556889 0.0316099487
v -0.00408905698 0.0316483304 0.0318324491
v -0.004111588 0.0311223809 0.0320074484
v -0.00412773993 0.0305823609 0.0321335718
v -0.00546324207 0.0305823609 0.0319336616
v -0.00544178393 0.0311223809 0.0318083093
v -0.00541204214 0.0316483304 0.0316343904
v -0.00537419319 0.0321556889 0.0314133093
v -0.00532865478 0.0326402113 0.0311469994
v -0.00527572585 0.0330976807 0.0308377091
v -0.00521588279 0.0335242711 0.0304880701
v -0.0051497221 0.0339162312 0.0301011205
v -0.00507766008 0.0342702195 0.0296801291
v -0.00500047207 0.0345833302 0.0292286798
v -0.00491869403 0.0348527394 0.0287507102
v -0.00680524111 0.0300329309 0.0317533016
v -0.00678914692 0.0305823609 0.0316782482
v -0.00676250411 0.0311223809 0.0315539204
v -0.00672554923 0.0316483304 0.0313813612
v -0.00667852117 0.0321556889 0.0311620794
v -0.00662189722 0.0326402113 0.0308978502
v -0.00655615283 0.0330976807 0.0305910707
v -0.00648182584 0.0335242711 0.0302442294
v -0.00639957096 0.0339162312 0.0298603699
v -0.00631004479 0.0342702195 0.0294427201
v -0.00621408178 0.0345833302 0.0289949104
v -0.00611245586 0.0348527394 0.0285207592
v -0.00729566813 0.0348527394 0.0282412693
v -0.00741696311 0.0345833302 0.0287107807
v -0.0075314641 0.0342702195 0.0291542392
v -0.00763833523 0.0339162312 0.0295677707
v -0.00773650408 0.0335242711 0.0299478695
v -0.00782525539 0.0330976807 0.03029125
v -0.00790369511 0.0326402113 0.03059512
v -0.00797128584 0.0321556889 0.0308567192
v -0.00802737381 0.0316483304 0.0310738608
v -0.00807154085 0.0311223809 0.0312447492
v -0.00810331106 0.0305823609 0.0313678309
v -0.01198065 0.0300329309 0.03018355
v -0.0119523397 0.0305823609 0.0301121995
v -0.0119054904 0.0311223809 0.0299940705
v -0.0118403398 0.0316483304 0.0298300292
v -0.0117576104 0.0321556889 0.0296215396
v -0.0116579495 0.0326402113 0.0293704197
v -0.0115421396 0.0330976807 0.0290787797
v -0.0114112999 0.0335242711 0.0287491009
v -0.0112664597 0.0339162312 0.0283841994
v -0.0111088697 0.0342702195 0.0279872399
v -0.0109399501 0.0345833302 0.0275615398
v -0.0107610198 0.0348527394 0.0271108095
v -0.0156516992 0.0300329309 0.0284535792
v -0.0156147396 0.0305823609 0.0283863507
v -0.0155534698 0.0311223809 0.0282749496
v -0.0154684102 0.0316483304 0.0281203296
v -0.0153602902 0.0321556889 0.0279238205
v -0.0152300503 0.0326402113 0.0276870709
v -0.0150788398 0.0330976807 0.0274121091
v -0.01490789 0.0335242711 0.0271013305
v -0.0147186499 0.0339162312 0.0267573502
v -0.0145128304 0.0342702195 0.0263831597
v -0.0142920604 0.0345833302 0.0259818397
v -0.0140583497 0.0348527394 0.0255569797
v -0.01511114 0.0348527394 0.0249489509
v -0.0153623801 0.0345833302 0.0253637396
v -0.0155996 0.0342702195 0.0257554594
v -0.0158208609 0.0339162312 0.02612078
v -0.0160242897 0.0335242711 0.0264565907
v -0.0162080508 0.0330976807 0.0267599802
v -0.0163705908 0.0326402113 0.02702838
v -0.0165105406 0.0321556889 0.0272594597
v -0.0166267697 0.0316483304 0.0274513308
v -0.0167181995 0.0311223809 0.0276022498
v -0.0167840701 0.0305823609 0.0277110301
v -0.0179242399 0.0305823609 0.0269875508
v -0.0178538505 0.0311223809 0.0268816296
v -0.01775622 0.0316483304 0.0267346501
v -0.0176321808 0.0321556889 0.0265477803
v -0.0174826905 0.0326402113 0.0263227206
v -0.0173090603 0.0330976807 0.0260612909
v -0.0171127897 0.0335242711 0.0257658307
v -0.0168955904 0.0339162312 0.0254388396
v -0.0166593101 0.0342702195 0.0250830594
v -0.0164059401 0.0345833302 0.0247015301
v -0.0161376502 0.0348527394 0.0242975894
v -0.0190332495 0.0305823609 0.0262171607
v -0.0189585593 0.0311223809 0.0261142794
v -0.0188548509 0.0316483304 0.0259714704
v -0.0187231302 0.0321556889 0.0257899705
v -0.0185643993 0.0326402113 0.0255713407
v -0.0183800403 0.0330976807 0.0253173709
v -0.0181716606 0.0335242711 0.0250303708
v -0.0179409906 0.0339162312 0.0247126799
v -0.0176900607 0.0342702195 0.0243670307
v -0.0174209997 0.0345833302 0.0239964109
v -0.0171361491 0.0348527394 0.0236039702
v -0.0201568007 0.0300329309 0.0254614297
v -0.0201092307 0.0305823609 0.0254012905
v -0.0200303104 0.0311223809 0.0253015701
v -0.0199207608 0.0316483304 0.0251632296
v -0.0197815206 0.0321556889 0.0249873307
v -0.0196138602 0.0326402113 0.0247754995
v -0.0194190703 0.0330976807 0.0245295092
v -0.0191988908 0.0335242711 0.0242513996
v -0.0189552307 0.0339162312 0.0239435993
v -0.0186900999 0.0342702195 0.0236086808
v -0.0184058491 0.0345833302 0.0232496206
v -0.0181048494 0.0348527394 0.0228694007
v -0.0231750607 0.0300329309 0.0227485802
v -0.02312034 0.0305823609 0.0226948205
v -0.0230295602 0.0311223809 0.0226057693
v -0.0229036808 0.0316483304 0.0224821493
v -0.0227435809 0.0321556889 0.0223250296
v -0.0225507598 0.0326402113 0.0221357308
v -0.0223268196 0.0330976807 0.0219159704
v -0.0220736805 0.0335242711 0.0216674805
v -0.0217935406 0.0339162312 0.0213924609
v -0.0214887206 0.0342702195 0.02109324
v -0.0211619101 0.0345833302 0.0207724497
v -0.02081584 0.0348527394 0.0204327703
v -0.02164918 0.0348527394 0.0195475798
v -0.0220091306 0.0345833302 0.0198725406
v -0.0223490503 0.0342702195 0.0201795101
v -0.0226660296 0.0339162312 0.0204657298
v -0.0229574405 0.0335242711 0.0207288191
v -0.0232207105 0.0330976807 0.0209665205
v -0.0234535895 0.0326402113 0.0211768094
v -0.0236541592 0.0321556889 0.0213578902
v -0.0238206293 0.0316483304 0.0215082094
v -0.0239515901 0.0311223809 0.0216264706
v -0.0240459405 0.0305823609 0.0217116401
v -0.0249298196 0.0305823609 0.0206907894
v -0.0248319507 0.0311223809 0.0206096098
v -0.0246961694 0.0316483304 0.0204968993
v -0.0245236102 0.0321556889 0.0203536693
v -0.0243156496 0.0326402113 0.0201811101
v -0.0240741894 0.0330976807 0.0199806597
v -0.0238012597 0.0335242711 0.0197541695
v -0.0234991908 0.0339162312 0.0195034109
v -0.0231705308 0.0342702195 0.0192306601
v -0.0228180792 0.0345833302 0.0189381801
v -0.0224449597 0.0348527394 0.0186284706
v -0.0258313995 0.0300329309 0.0196805
v -0.0257703606 0.0305823609 0.0196339395
v -0.0256692097 0.0311223809 0.0195569303
v -0.0255288407 0.0316483304 0.0194499996
v -0.0253504496 0.0321556889 0.0193140507
v -0.0251355097 0.0326402113 0.0191503093
v -0.0248858891 0.0330976807 0.0189601108
v -0.0246037804 0.0335242711 0.0187451802
v -0.0242915098 0.0339162312 0.0185072403
v -0.0239517596 0.0342702195 0.0182484295
v -0.0235874597 0.0345833302 0.01797086
v -0.0232017003 0.0348527394 0.0176769998
v -0.0239182096 0.0348527394 0.0166947804
v -0.0243158303 0.0345833302 0.0169723593
v -0.0246913992 0.0342702195 0.0172345005
v -0.0250416305 0.0339162312 0.0174789391
v -0.0253635608 0.0335242711 0.0177036505
v -0.02565437 0.0330976807 0.0179066602
v -0.0259116795 0.0326402113 0.0180862509
v -0.02613323 0.0321556889 0.0182409193
v -0.0263171699 0.0316483304 0.01836925
v -0.02646189 0.0311223809 0.0184702799
v -0.0265661404 0.0305823609 0.0185430609
v -0.0266290307 0.0300329309 0.0185869299
v -0.0287393294 0.0300329309 0.0151205603
v -0.0286714397 0.0305823609 0.0150848599
v -0.0285589006 0.0311223809 0.0150256101
v -0.0284027401 0.0316483304 0.0149434796
v -0.0282042604 0.0321556889 0.0148390504
v -0.0279651191 0.0326402113 0.0147132203
v -0.0276874304 0.0330976807 0.0145671302
v -0.0273735505 0.0335242711 0.0144019704
v -0.0270261094 0.0339162312 0.0142191602
v -0.0266481005 0.0342702195 0.01402032
v -0.0262427907 0.0345833302 0.01380705
v -0.0258136299 0.0348527394 0.0135812704
v -0.0304008108 0.0300329309 0.0114180399
v -0.0303289797 0.0305823609 0.0113910399
v -0.0302099492 0.0311223809 0.0113463402
v -0.0300447904 0.0316483304 0.0112842899
v -0.0298347995 0.0321556889 0.0112054301
v -0.0295818392 0.0326402113 0.0111104203
v -0.0292881094 0.0330976807 0.0110000903
v -0.0289560501 0.0335242711 0.0108754002
v -0.0285885297 0.0339162312 0.0107373502
v -0.0281886999 0.0342702195 0.0105872098
v -0.0277599599 0.0345833302 0.0104261599
v -0.0273060203 0.0348527394 0.0102556301
v -0.0277096592 0.0348527394 0.00910890102
v -0.0281703398 0.0345833302 0.00926029589
v -0.0286053997 0.0342702195 0.00940334704
v -0.0290111303 0.0339162312 0.00953674316
v -0.0293840691 0.0335242711 0.00965934899
v -0.0297210794 0.0330976807 0.00977009535
v -0.0300191604 0.0326402113 0.00986808538
v -0.0302758198 0.0321556889 0.00995248463
v -0.0304889008 0.0316483304 0.0100225201
v -0.0306565706 0.0311223809 0.0100775901
v -0.0307773296 0.0305823609 0.0101172896
v -0.0318741687 0.0300329309 0.00621432019
v -0.0317988917 0.0305823609 0.00619965699
v -0.0316740796 0.0311223809 0.00617533922
v -0.0315008685 0.0316483304 0.00614154292
v -0.0312807485 0.0321556889 0.00609862804
v -0.0310155097 0.0326402113 0.00604694989
v -0.0307075307 0.0330976807 0.00598686887
v -0.0303593799 0.0335242711 0.00591903878
v -0.0299740396 0.0339162312 0.00584387686
v -0.0295548402 0.0342702195 0.00576215889
v -0.0291053597 0.0345833302 0.00567454007
v -0.0286293607 0.0348527394 0.0055817361
v -0.0324003585 0.0300329309 0.00219035102
v -0.0323238298 0.0305823609 0.00218516495
v -0.0321969911 0.0311223809 0.00217664195
v -0.032020919 0.0316483304 0.00216472102
v -0.031797111 0.0321556889 0.00214958098
v -0.0315275714 0.0326402113 0.00213134196
v -0.03121447 0.0330976807 0.00211018301
v -0.0308605991 0.0335242711 0.00208628108
v -0.0304688793 0.0339162312 0.00205981708
v -0.0300427601 0.0342702195 0.00203096797
v -0.0295858309 0.0345833302 0.00200009299
v -0.0291019604 0.0348527394 0.00196737004
v -0.0291587096 0.0348527394 0.000752996013
v -0.0296434704 0.0345833302 0.000765516015
v -0.03010129 0.0342702195 0.000777337002
v -0.0305282399 0.0339162312 0.000788363977
v -0.0309207402 0.0335242711 0.000798500027
v -0.0312752686 0.0330976807 0.000807657023
v -0.0315889716 0.0326402113 0.000815755979
v -0.0318590887 0.0321556889 0.000822729024
v -0.0320833288 0.0316483304 0.000828522025
v -0.032259699 0.0311223809 0.000833077997
v -0.0323868282 0.0305823609 0.000836359977
v -0.0323935114 0.0305823609 -0.000513956998
v -0.0322664306 0.0311223809 -0.000511938008
v -0.0320899412 0.0316483304 -0.000509140023
v -0.0318657085 0.0321556889 -0.000505582022
v -0.0315955207 0.0326402113 -0.000501295028
v -0.0312817618 0.0330976807 -0.000496317982
v -0.0309271198 0.0335242711 -0.00049068901
v -0.0305346195 0.0339162312 -0.000484460004
v -0.0301075503 0.0342702195 -0.00047768699
v -0.0296496097 0.0345833302 -0.000470419007
v -0.0291647296 0.0348527394 -0.00046272701
v -0.0323439799 0.0305823609 -0.00186336006
v -0.0322170183 0.0311223809 -0.00185602903
v -0.0320408903 0.0316483304 -0.00184589601
v -0.0318169482 0.0321556889 -0.00183296204
v -0.0315471813 0.0326402113 -0.00181746401
v -0.0312338993 0.0330976807 -0.00179940404
v -0.03087979 0.0335242711 -0.00177901902
v -0.0304878894 0.0339162312 -0.00175642897
v -0.0300614797 0.0342702195 -0.00173187198
v -0.0296042506 0.0345833302 -0.00170552696
v -0.0291201398 0.0348527394 -0.00167763198
v -0.0323145911 0.0300329309 -0.00321716
v -0.0322382413 0.0305823609 -0.00320953107
v -0.0321117006 0.0311223809 -0.00319695403
v -0.0319361016 0.0316483304 -0.00317943003
v -0.0317129418 0.0321556889 -0.00315725803
v -0.031444069 0.0326402113 -0.00313049508
v -0.0311318003 0.0330976807 -0.00309938099
v -0.0307788793 0.0335242711 -0.00306421495
v -0.0303882305 0.0339162312 -0.00302535202
v -0.0299631897 0.0342702195 -0.00298303296
v -0.0295074508 0.0345833302 -0.00293767406
v -0.0290248897 0.0348527394 -0.00288963295
v -0.0316609703 0.0300329309 -0.00722241402
v -0.0315861702 0.0305823609 -0.00720530702
v -0.0314622484 0.0311223809 -0.00717705395
v -0.0312901698 0.0316483304 -0.00713783503
v -0.03107154 0.0321556889 -0.00708794501
v -0.0308080893 0.0326402113 -0.00702780392
v -0.0305021405 0.0330976807 -0.00695806695
v -0.0301563106 0.0335242711 -0.00687914994
v -0.0297735892 0.0339162312 -0.00679183006
v -0.0293571893 0.0342702195 -0.00669687893
v -0.0289106909 0.0345833302 -0.00659501506
v -0.0284378491 0.0348527394 -0.00648713112
v -0.0281428602 0.0348527394 -0.00766652822
v -0.0286107603 0.0345833302 -0.00779402209
v -0.0290526096 0.0342702195 -0.00791436434
v -0.0294647198 0.0339162312 -0.00802665856
v -0.0298434999 0.0335242711 -0.00812983513
v -0.0301856901 0.0330976807 -0.00822305586
v -0.0304884892 0.0326402113 -0.00830554869
v -0.0307491999 0.0321556889 -0.00837653782
v -0.0309655592 0.0316483304 -0.00843548682
v -0.0311358497 0.0311223809 -0.00848186016
v -0.0312585197 0.0305823609 -0.00851529837
v -0.0308765098 0.0305823609 -0.00981044676
v -0.0307553392 0.0311223809 -0.00977200177
v -0.0305871293 0.0316483304 -0.00971853733
v -0.0303733908 0.0321556889 -0.00965058804
v -0.0301159006 0.0326402113 -0.00956881046
v -0.0298168603 0.0330976807 -0.00947379973
v -0.0294787809 0.0335242711 -0.00936639309
v -0.02910465 0.0339162312 -0.00924748089
v -0.0286976006 0.0342702195 -0.00911813881
v -0.0282611195 0.0345833302 -0.0089794388
v -0.0277989507 0.0348527394 -0.00883263256
v -0.0305129793 0.0300329309 -0.0111148898
v -0.0304408595 0.0305823609 -0.0110886004
v -0.0303214099 0.0311223809 -0.0110450899
v -0.0301555898 0.0316483304 -0.0109847104
v -0.0299448892 0.0321556889 -0.0109079396
v -0.0296909809 0.0326402113 -0.0108154397
v -0.0293961708 0.0330976807 -0.0107080303
v -0.0290628597 0.0335242711 -0.0105866101
v -0.0286939703 0.0339162312 -0.0104522696
v -0.02829271 0.0342702195 -0.0103061097
v -0.02786237 0.0345833302 -0.0101493504
v -0.0274067502 0.0348527394 -0.00998335984
v -0.0269669201 0.0348527394 -0.0111167403
v -0.0274152104 0.0345833302 -0.0113015696
v -0.0278386399 0.0342702195 -0.0114760902
v -0.0282335207 0.0339162312 -0.0116388705
v -0.0285964608 0.0335242711 -0.0117885396
v -0.0289244 0.0330976807 -0.0119237304
v -0.0292144995 0.0326402113 -0.0120432898
v -0.0294643007 0.0321556889 -0.0121462904
v -0.0296716597 0.0316483304 -0.0122317597
v -0.0298347995 0.0311223809 -0.0122990003
v -0.0299523398 0.0305823609 -0.0123474495
v -0.0282452106 0.0300329309 -0.0160246398
v -0.0281784497 0.0305823609 -0.0159868002
v -0.0280678794 0.0311223809 -0.0159240905
v -0.0279143993 0.0316483304 -0.01583701
v -0.0277193096 0.0321556889 -0.0157263204
v -0.0274842903 0.0326402113 -0.0155929904
v -0.0272113606 0.0330976807 -0.0154381301
v -0.0269028507 0.0335242711 -0.0152631402
v -0.0265614297 0.0339162312 -0.0150694204
v -0.0261899196 0.0342702195 -0.0148586603
v -0.0257915799 0.0345833302 -0.0146326404
v -0.0253698193 0.0348527394 -0.0143933203
v -0.0260260105 0.0300329309 -0.0194224101
v -0.0259644892 0.0305823609 -0.0193765108
v -0.0258626305 0.0311223809 -0.0193004608
v -0.0257211905 0.0316483304 -0.0191948991
v -0.0255414192 0.0321556889 -0.0190607905
v -0.0253248792 0.0326402113 -0.0188992005
v -0.0250733998 0.0330976807 -0.0187114999
v -0.0247891508 0.0335242711 -0.0184993707
v -0.0244744997 0.0339162312 -0.0182645302
v -0.0241321903 0.0342702195 -0.0180091206
v -0.0237651393 0.0345833302 -0.0177351795
v -0.0233765207 0.0348527394 -0.0174451396
v -0.0222353302 0.0350762606 -0.0180837493
v -0.0226292592 0.0348527394 -0.0184041206
v -0.0230054799 0.0345833302 -0.0187101308
v -0.0233607795 0.0342702195 -0.0189990904
v -0.0236921292 0.0339162312 -0.0192685705
v -0.0239967108 0.0335242711 -0.0195162799
v -0.0242718998 0.0330976807 -0.0197400991
v -0.0245153308 0.0326402113 -0.0199380498
v -0.0247249603 0.0321556889 -0.0201085806
v -0.0248990003 0.0316483304 -0.0202500802
v -0.0250358507 0.0311223809 -0.0203614198
v -0.0251345001 0.0305823609 -0.0204416495
v -0.0242608692 0.0305823609 -0.0214712601
v -0.0241656303 0.0311223809 -0.0213869791
v -0.0240334794 0.0316483304 -0.0212700292
v -0.0238655806 0.0321556889 -0.0211213809
v -0.0236632209 0.0326402113 -0.0209423304
v -0.0234282594 0.0330976807 -0.0207343604
v -0.0231625997 0.0335242711 -0.0204992797
v -0.0228686295 0.0339162312 -0.0202391092
v -0.0225487892 0.0342702195 -0.0199560504
v -0.0222058203 0.0345833302 -0.0196525399
v -0.0218427107 0.0348527394 -0.0193311498
v -0.0233450495 0.0305823609 -0.0224635601
v -0.0232534409 0.0311223809 -0.0223753992
v -0.0231263004 0.0316483304 -0.0222530905
v -0.0229646508 0.0321556889 -0.0220975205
v -0.0227699801 0.0326402113 -0.0219101906
v -0.0225438401 0.0330976807 -0.0216926299
v -0.0222882591 0.0335242711 -0.0214466993
v -0.0220053699 0.0339162312 -0.0211744905
v -0.0216976404 0.0342702195 -0.0208783094
v -0.0213676002 0.0345833302 -0.0205607992
v -0.02101814 0.0348527394 -0.0202245694
v -0.0224417392 0.0300329309 -0.0234722998
v -0.0223886892 0.0305823609 -0.0234168693
v -0.0223008301 0.0311223809 -0.0233249608
v -0.0221788809 0.0316483304 -0.0231974106
v -0.0220239107 0.0321556889 -0.0230352804
v -0.0218371693 0.0326402113 -0.0228400193
v -0.0216203295 0.0330976807 -0.0226132199
v -0.0213752296 0.0335242711 -0.0223568007
v -0.0211039092 0.0339162312 -0.0220730901
v -0.0208087508 0.0342702195 -0.0217643306
v -0.0204922501 0.0345833302 -0.0214333497
v -0.0201571509 0.0348527394 -0.0210828092
v -0.0193389598 0.0300329309 -0.0260880496
v -0.0192932393 0.0305823609 -0.0260264203
v -0.0192175508 0.0311223809 -0.0259242598
v -0.0191124603 0.0316483304 -0.02578252
v -0.01897889 0.0321556889 -0.0256023407
v -0.0188179594 0.0326402113 -0.0253852606
v -0.0186311007 0.0330976807 -0.0251331907
v -0.0184198599 0.0335242711 -0.0248482209
v -0.0181860905 0.0339162312 -0.0245328508
v -0.01793175 0.0342702195 -0.0241897702
v -0.0176589992 0.0345833302 -0.0238218307
v -0.0173702203 0.0348527394 -0.0234322492
v -0.0163787007 0.0348527394 -0.0241357591
v -0.0166509692 0.0345833302 -0.0245370194
v -0.0169081595 0.0342702195 -0.0249159895
v -0.0171480104 0.0339162312 -0.0252693798
v -0.0173684303 0.0335242711 -0.0255942307
v -0.0175676309 0.0330976807 -0.0258877203
v -0.0177438203 0.0326402113 -0.02614736
v -0.0178955104 0.0321556889 -0.0263709407
v -0.0180214606 0.0316483304 -0.0265565496
v -0.0181205794 0.0311223809 -0.0267025791
v -0.0181919299 0.0305823609 -0.0268077794
v -0.0170590207 0.0305823609 -0.0275425892
v -0.0169920903 0.0311223809 -0.0274344608
v -0.0168991592 0.0316483304 -0.0272844397
v -0.0167810898 0.0321556889 -0.0270937607
v -0.0166388098 0.0326402113 -0.0268641096
v -0.0164735895 0.0330976807 -0.0265973192
v -0.0162867904 0.0335242711 -0.0262957793
v -0.0160800796 0.0339162312 -0.0259619895
v -0.0158551894 0.0342702195 -0.0255989395
v -0.01561403 0.0345833302 -0.0252095405
v -0.0153586799 0.0348527394 -0.0247973204
v -0.01593416 0.0300329309 -0.0282963496
v -0.0158964898 0.0305823609 -0.0282295309
v -0.0158341508 0.0311223809 -0.0281187203
v -0.0157475397 0.0316483304 -0.0279649403
v -0.0156374499 0.0321556889 -0.02776956
v -0.0155048901 0.0326402113 -0.0275341198
v -0.0153509304 0.0330976807 -0.0272606593
v -0.0151768904 0.0335242711 -0.0269516092
v -0.0149842501 0.0339162312 -0.0266095307
v -0.0147746801 0.0342702195 -0.0262373593
v -0.0145499697 0.0345833302 -0.0258383099
v -0.0143120196 0.0348527394 -0.0254157707
v -0.0132405097 0.0348527394 -0.0259900596
v -0.0134606296 0.0345833302 -0.0264222007
v -0.0136685297 0.0342702195 -0.0268302504
v -0.0138624301 0.0339162312 -0.0272108298
v -0.01404058 0.0335242711 -0.0275606494
v -0.0142016402 0.0330976807 -0.0278766695
v -0.0143440897 0.0326402113 -0.0281562805
v -0.0144667001 0.0321556889 -0.02839702
v -0.0145685002 0.0316483304 -0.0285968706
v -0.0146486098 0.0311223809 -0.0287541095
v -0.0147063704 0.0305823609 -0.0288674198
v -0.0110170804 0.0300329309 -0.03054839
v -0.01099109 0.0305823609 -0.0304762106
v -0.0109479399 0.0311223809 -0.03035664
v -0.0108880904 0.0316483304 -0.0301906392
v -0.0108119799 0.0321556889 -0.0299796406
v -0.0107203098 0.0326402113 -0.0297254901
v -0.0106138503 0.0330976807 -0.0294302702
v -0.0104935104 0.0335242711 -0.0290965997
v -0.0103603601 0.0339162312 -0.0287273508
v -0.0102154603 0.0342702195 -0.0283255503
v -0.0100600701 0.0345833302 -0.0278947297
v -0.00989556313 0.0348527394 -0.0274385791
v -0.00712096598 0.0300329309 -0.0316839814
v -0.00710415794 0.0305823609 -0.0316091105
v -0.00707626296 0.0311223809 -0.0314850807
v -0.00703758001 0.0316483304 -0.0313128792
v -0.00698840618 0.0321556889 -0.0310940705
v -0.00692915916 0.0326402113 -0.0308304392
v -0.00686031487 0.0330976807 -0.0305243097
v -0.00678253081 0.0335242711 -0.03017818
v -0.00669646217 0.0339162312 -0.0297951605
v -0.0066028228 0.0342702195 -0.02937847
v -0.00650238898 0.0345833302 -0.0289316103
v -0.00639605522 0.0348527394 -0.0284585301
v -0.00520461705 0.0348527394 -0.0287002902
v -0.00529110385 0.0345833302 -0.0291774794
v -0.00537282182 0.0342702195 -0.0296280906
v -0.00544905616 0.0339162312 -0.0300483704
v -0.00551909208 0.0335242711 -0.0304346606
v -0.00558239222 0.0330976807 -0.0307836495
v -0.00563836005 0.0326402113 -0.0310923997
v -0.00568658113 0.0321556889 -0.0313582383
v -0.00572663499 0.0316483304 -0.0315789506
v -0.00575810578 0.0311223809 -0.0317525789
v -0.00578081608 0.0305823609 -0.0318776891
v -0.00176393904 0.0300329309 -0.0324263498
v -0.00175976695 0.0305823609 -0.0323497616
v -0.00175285304 0.0311223809 -0.0322228
v -0.00174325705 0.0316483304 -0.0320466086
v -0.001731097 0.0321556889 -0.0318226814
v -0.00171643402 0.0326402113 -0.0315528512
v -0.00169938803 0.0330976807 -0.0312395003
v -0.00168007601 0.0335242711 -0.0308853295
v -0.00165879703 0.0339162312 -0.0304933693
v -0.00163555099 0.0342702195 -0.0300668404
v -0.00161069597 0.0345833302 -0.0296095591
v -0.00158435095 0.0348527394 -0.0291253291
v 0.00229412294 0.0300329309 -0.0323932096
v 0.00228869892 0.0305823609 -0.032316681
v 0.00227969792 0.0311223809 -0.0321898386
v 0.00226724101 0.0316483304 -0.0320138298
v 0.00225138594 0.0321556889 -0.0317900702
v 0.00223231292 0.0326402113 -0.0315205418
v 0.00221014 0.0330976807 -0.0312075596
v 0.00218510604 0.0335242711 -0.0308537409
v 0.00215733005 0.0339162312 -0.0304621402
v 0.0021271701 0.0342702195 -0.0300360899
v 0.00209480501 0.0345833302 -0.0295792799
v 0.0020605321 0.0348527394 -0.0290955305
v 0.00327122211 0.0348527394 -0.02898442
v 0.00332558108 0.0345833302 -0.0294662695
v 0.00337696006 0.0342702195 -0.0299213491
v 0.00342488196 0.0339162312 -0.0303457901
v 0.00346887088 0.0335242711 -0.0307359006
v 0.00350868702 0.0330976807 -0.0310883503
v 0.00354385306 0.0326402113 -0.0314001404
v 0.00357413199 0.0321556889 -0.0316686593
v 0.00359928608 0.0316483304 -0.0318915211
v 0.00361913396 0.0311223809 -0.0320668817
v 0.003633379 0.0305823609 -0.0321932398
v 0.00497174216 0.0305823609 -0.0320138298
v 0.00495219184 0.0311223809 -0.0318882391
v 0.00492513087 0.0316483304 -0.0317138396
v 0.00489073899 0.0321556889 -0.0314922296
v 0.00484925508 0.0326402113 -0.0312252007
v 0.00480109407 0.0330976807 -0.0309151392
v 0.00474667503 0.0335242711 -0.0305646602
v 0.0046864152 0.0339162312 -0.0301766898
v 0.00462085009 0.0342702195 -0.0297546294
v 0.00455057621 0.0345833302 -0.0293021202
v 0.00447618915 0.0348527394 -0.0288228896
v 0.00630146218 0.0305823609 -0.0317788683
v 0.00627672579 0.0311223809 -0.0316541716
v 0.00624239398 0.0316483304 -0.0314810798
v 0.00619876292 0.0321556889 -0.0312610194
v 0.00614625216 0.0326402113 -0.0309960209
v 0.00608521607 0.0330976807 -0.0306882206
v 0.00601619389 0.0335242711 -0.0303403102
v 0.0059398408 0.0339162312 -0.0299552009
v 0.00585675193 0.0342702195 -0.0295362398
v 0.00576770306 0.0345833302 -0.0290869996
v 0.00567334797 0.0348527394 -0.0286113601
v 0.00763827516 0.0300329309 -0.0315632187
v 0.00762021495 0.0305823609 -0.0314886495
v 0.00759035302 0.0311223809 -0.0313650891
v 0.00754880905 0.0316483304 -0.0311936103
v 0.00749605801 0.0321556889 -0.0309755802
v 0.00743251992 0.0326402113 -0.0307129603
v 0.00735872891 0.0330976807 -0.0304079596
v 0.00727528287 0.0335242711 -0.0300632101
v 0.00718295481 0.0339162312 -0.0296816807
v 0.00708246185 0.0342702195 -0.0292665306
v 0.00697475579 0.0345833302 -0.0288213994
v 0.00686067296 0.0348527394 -0.0283500496
v 0.01151531 0.0300329309 -0.0303640906
v 0.0114881303 0.0305823609 -0.0302923899
v 0.0114430096 0.0311223809 -0.0301734805
v 0.0113804303 0.0316483304 -0.0300084893
v 0.0113009196 0.0321556889 -0.0297988001
v 0.0112051303 0.0326402113 -0.0295461398
v 0.0110938502 0.0330976807 -0.0292527601
v 0.0109680798 0.0335242711 -0.0289210603
v 0.0108288499 0.0339162312 -0.0285540204
v 0.0106773898 0.0342702195 -0.0281546693
v 0.0105150295 0.0345833302 -0.02772641
v 0.0103430701 0.0348527394 -0.02727299
v 0.0139992796 0.0300322697 -0.0292905495
v 0.0139931403 0.0302535202 -0.0292776208
v 0.0139654204 0.0305799805 -0.0292196795
v 0.0129209096 0.0346416198 -0.0265838504
v 0.01397001 0.0317588411 -0.0288459603
v 0.0295902994 0.0272061191 -0.0286184493
v 0.0299376193 0.0278634392 -0.0284408908
v 0.0294408202 0.0272772294 -0.0285513904
v 0.0303050801 0.0284796897 -0.0281773806
v 0.0297840796 0.0279347301 -0.0283714496
v 0.0310765505 0.0295496508 -0.0274110399
v 0.0306867901 0.0290447995 -0.0278322604
v 0.0305233002 0.0291171595 -0.0277583003
v 0.0314679705 0.0299860798 -0.0269206092
v 0.03090721 0.0296229701 -0.0273349807
v 0.0318548009 0.03034693 -0.0263689701
v 0.0312924907 0.0300606396 -0.0268424693
v 0.0322306715 0.0306264106 -0.0257649999
v 0.0316727683 0.0304230992 -0.0262888595
v 0.0325894915 0.0308200102 -0.0251184702
v 0.0323941708 0.0309001207 -0.0250348393
v 0.031219 0.031363301 -0.0245789196
v 0.0318097994 0.0311344191 -0.0247982107
v 0.0289931204 0.0274841096 -0.0283613801
v 0.0285400096 0.0276846197 -0.0281851795
v 0.0280814692 0.0278787594 -0.0280227009
v 0.0306218192 0.0315866992 -0.0243769791
v 0.02761757 0.0280665103 -0.0278740507
v 0.0272445008 0.0282113496 -0.0277655702
v 0.0267760698 0.0283857491 -0.0276429001
v 0.0283123199 0.0323796198 -0.0237723496
v 0.0289246999 0.0321801305 -0.0239063501
v 0.0295332 0.0319742486 -0.0240580402
v 0.0300181508 0.0318047404 -0.0241924506
v 0.0263042394 0.0285531208 -0.0275342409
v 0.0258289501 0.0287134591 -0.0274395291
v 0.0253503304 0.0288668796 -0.0273586493
v 0.0276960097 0.0325729214 -0.0236558896
v 0.0270758197 0.0327598415 -0.0235568807
v 0.0264516994 0.0329403803 -0.0234753396
v 0.0248683002 0.0290132109 -0.02729165
v 0.02438288 0.0291525703 -0.0272384193
v 0.0238941908 0.0292848293 -0.0271990802
v 0.0258237105 0.0331144892 -0.0234112702
v 0.0251917206 0.0332821012 -0.0233646594
v 0.0245558005 0.0334430896 -0.0233356301
v 0.0234020296 0.0294098798 -0.0271735694
v 0.02290654 0.0295277201 -0.0271620695
v 0.0224075895 0.0296382308 -0.0271645691
v 0.0239158794 0.0335973985 -0.0233241301
v 0.0232718494 0.0337449312 -0.0233303905
v 0.0226237103 0.0338854715 -0.0233545303
v 0.0219052397 0.0297413394 -0.0271813199
v 0.0215031505 0.0298178699 -0.0272048097
v 0.0210070591 0.0299051404 -0.0272460505
v 0.0221052095 0.0339921713 -0.0233865902
v 0.0214657094 0.0341166817 -0.0234417301
v 0.0208262801 0.0342334509 -0.0235139094
v 0.0201869607 0.0343422815 -0.0236030202
v 0.0205107294 0.0299843494 -0.0273008905
v 0.0200143997 0.0300556403 -0.0273691993
v 0.0195180103 0.0301188193 -0.0274509098
v 0.0195478704 0.03444314 -0.0237090494
v 0.0189090297 0.0345358811 -0.0238319598
v 0.0182704907 0.0346205197 -0.0239716694
v 0.0190216303 0.0301738903 -0.0275459792
v 0.0185253602 0.0302207991 -0.0276544597
v 0.0180291496 0.03025949 -0.0277762394
v 0.0176323 0.0346968696 -0.0241282508
v 0.0169945303 0.0347648188 -0.0243017003
v 0.0163573604 0.0348242484 -0.0244920794
v 0.0175331794 0.0302898195 -0.0279114805
v 0.0170374494 0.0303117596 -0.0280601308
v 0.0166621208 0.0303226691 -0.0281817894
v 0.01587498 0.0348634683 -0.0246475898
v 0.0152400704 0.0349074602 -0.0248674694
v 0.0146086803 0.0349423811 -0.0251033306
v 0.0161679294 0.0303295199 -0.0283538606
v 0.0156764295 0.0303276703 -0.0285387002
v 0.0151875 0.0303170606 -0.02873623
v 0.0147015397 0.0302978102 -0.0289463401
v 0.0139808599 0.0349681899 -0.0253551602
v 0.0133569799 0.0349848196 -0.0256227795
v 0.0132536199 0.0349866711 -0.0256687906
v 0.0293244701 0.0281422101 -0.0281748697
v 0.0288591906 0.0283436105 -0.0279926006
v 0.0283882599 0.0285388194 -0.0278245192
v 0.0279117804 0.0287279394 -0.0276707392
v 0.0275285803 0.0288740303 -0.0275585596
v 0.0270473305 0.0290501099 -0.0274318401
v 0.0265625697 0.0292193796 -0.0273195505
v 0.0260742903 0.0293818694 -0.02722173
v 0.0255824905 0.0295375492 -0.0271382909
v 0.0250872299 0.0296864491 -0.0270692091
v 0.0245885793 0.0298284199 -0.0270144902
v 0.0240864102 0.0299635492 -0.0269741397
v 0.0235808399 0.0300916396 -0.0269482099
v 0.0230717603 0.0302127004 -0.0269367602
v 0.02255922 0.0303265993 -0.0269399192
v 0.0220431592 0.0304331705 -0.0269578006
v 0.0216302201 0.0305126291 -0.0269825999
v 0.0211207196 0.0306036398 -0.0270259902
v 0.0206110999 0.0306867305 -0.0270834509
v 0.0201014802 0.0307618901 -0.0271549206
v 0.0195918605 0.0308291893 -0.0272402707
v 0.0190824196 0.0308884308 -0.0273395106
v 0.0185730997 0.0309396293 -0.0274526402
v 0.0180640202 0.0309826694 -0.0275797192
v 0.0175552908 0.0310174804 -0.0277206302
v 0.0170469191 0.0310439393 -0.0278754793
v 0.0166621208 0.0310583692 -0.0280021392
v 0.0161556005 0.0310698692 -0.0281813107
v 0.0156519394 0.0310727302 -0.0283737108
v 0.0151511403 0.0310669504 -0.0285792891
v 0.0146535002 0.0310524702 -0.0287978593
v 0.0146210101 0.0302937608 -0.0289824605
v 0.0145710697 0.0310491901 -0.0288354699
v 0.0141339302 0.0302639008 -0.0292093698
v 0.0140725896 0.0310242698 -0.0290714502
v 0.0307670794 0.0302785002 -0.0266212802
v 0.0311280992 0.0306455996 -0.0260621905
v 0.0302355196 0.0304908697 -0.0264162999
v 0.0305771194 0.0308627393 -0.02585214
v 0.0296978299 0.0306978207 -0.0262274109
v 0.03001987 0.0310744606 -0.0256586596
v 0.0291539393 0.0308992192 -0.0260547306
v 0.0294563696 0.0312807485 -0.0254818201
v 0.0287167393 0.0310555603 -0.0259289108
v 0.0290035605 0.0314410292 -0.0253529493
v 0.0281678997 0.0312449895 -0.0257868692
v 0.0284351707 0.0316353403 -0.0252074506
v 0.0276152994 0.0314280912 -0.0256612301
v 0.0278629009 0.0318234488 -0.0250788908
v 0.0270588305 0.0316050015 -0.0255520307
v 0.0272868201 0.0320053585 -0.0249671303
v 0.0264986698 0.0317756496 -0.0254590493
v 0.0267069899 0.0321810208 -0.0248720609
v 0.0259347502 0.03193992 -0.0253823902
v 0.0261232797 0.0323503613 -0.0247936808
v 0.0253670793 0.0320978686 -0.0253220201
v 0.0255358797 0.0325133801 -0.0247320496
v 0.0247957092 0.0322493911 -0.0252779704
v 0.0249445997 0.0326700211 -0.0246871095
v 0.0242206398 0.0323943384 -0.0252502505
v 0.0243495703 0.0328201018 -0.0246589109
v 0.0236417595 0.0325327516 -0.0252389293
v 0.0237506591 0.0329636298 -0.0246475898
v 0.0230591204 0.0326643512 -0.0252441708
v 0.0231478792 0.0331004784 -0.0246532504
v 0.02247262 0.0327891707 -0.0252661705
v 0.0225412194 0.0332304202 -0.0246760193
v 0.02200347 0.0328833982 -0.0252956692
v 0.0220559202 0.0333288312 -0.0247064792
v 0.0214247108 0.0329928286 -0.0253465101
v 0.0214572493 0.0334433317 -0.0247589294
v 0.0208460595 0.0330946408 -0.0254133902
v 0.0208586995 0.0335501991 -0.0248277094
v 0.0202674791 0.0331888087 -0.02549606
v 0.0202602707 0.0336493216 -0.0249127708
v 0.0196892004 0.0332752392 -0.0255945306
v 0.0196620803 0.0337407514 -0.0250139795
v 0.0191110894 0.0333538614 -0.0257087294
v 0.0190641191 0.0338243209 -0.0251313392
v 0.0185333993 0.0334246717 -0.0258386694
v 0.0184665304 0.0338999592 -0.0252648499
v 0.0179560706 0.0334874317 -0.0259844009
v 0.0178693496 0.0339676104 -0.0254145209
v 0.0173792802 0.0335420892 -0.0261458699
v 0.0172726493 0.0340270884 -0.0255803391
v 0.0168031398 0.0335885808 -0.0263231304
v 0.0166765992 0.0340782888 -0.0257623699
v 0.0163670704 0.0336182714 -0.0264679696
v 0.0162253901 0.0341114886 -0.0259110909
v 0.0157932602 0.033649981 -0.0266727805
v 0.0156317297 0.0341477916 -0.0261213705
v 0.01522284 0.033672981 -0.0268926006
v 0.0150414696 0.0341753289 -0.0263469797
v 0.0146558797 0.033687409 -0.0271272603
v 0.0144547196 0.0341941714 -0.0265878998
v 0.0140926205 0.0336930119 -0.0273766499
v 0.0138717797 0.0342041217 -0.0268438999
v 0.0139993401 0.0336931311 -0.0274195597
v 0.0137752201 0.0342049003 -0.02688789
v 0.01343536 0.0336884186 -0.0276886802
v 0.0131914001 0.0342044793 -0.0271641593
v 0.0301468894 0.0285513401 -0.0281056706
v 0.0296732094 0.0287601892 -0.0279025994
v 0.02919369 0.0289631393 -0.0277143102
v 0.0287083909 0.0291601997 -0.0275407992
v 0.0282173101 0.0293512903 -0.0273820106
v 0.0278224293 0.0294991098 -0.0272662602
v 0.0273265205 0.0296775606 -0.0271354299
v 0.0268269107 0.0298493505 -0.0270196702
v 0.0263237301 0.0300145708 -0.0269188192
v 0.0258170292 0.0301731806 -0.0268328693
v 0.0253066998 0.0303251091 -0.0267618205
v 0.0247929003 0.0304703694 -0.0267055593
v 0.0242755394 0.0306088291 -0.0266642496
v 0.0237546507 0.0307404902 -0.0266379099
v 0.0232302509 0.0308652502 -0.0266265199
v 0.0227022693 0.0309830308 -0.0266302805
v 0.0221707802 0.03109359 -0.0266492292
v 0.0217454396 0.0311763808 -0.0266753398
v 0.0212207399 0.0312715098 -0.0267207604
v 0.0206959806 0.0313588902 -0.0267807804
v 0.0201712195 0.0314384587 -0.0268552303
v 0.0196466409 0.0315101705 -0.0269441605
v 0.0191221796 0.0315740108 -0.0270474497
v 0.0185980201 0.0316298008 -0.0271651093
v 0.0180741493 0.0316776 -0.0272971895
v 0.0175506994 0.0317171812 -0.0274436399
v 0.0170277301 0.0317485295 -0.0276045203
v 0.0166318994 0.0317667089 -0.0277361199
v 0.0161110107 0.0317832194 -0.0279221497
v 0.0155931097 0.031791091 -0.0281218793
v 0.0150783602 0.0317903683 -0.0283352695
v 0.01456689 0.0317810103 -0.0285621192
v 0.0144822001 0.0317785703 -0.0286011007
v 0.0138279097 0.0324553214 -0.0285366699
v 0.0143557703 0.0324698612 -0.0282832906
v 0.0144430902 0.0324713513 -0.0282429401
v 0.0149702402 0.0324755907 -0.0280081593
v 0.0155009599 0.0324711688 -0.0277872607
v 0.0160348397 0.0324580595 -0.0275804903
v 0.0165719297 0.0324364901 -0.0273877904
v 0.0169801097 0.0324144289 -0.0272515398
v 0.0175194107 0.0323780105 -0.0270848796
v 0.0180593096 0.0323333703 -0.0269331299
v 0.0185996797 0.0322806798 -0.0267962199
v 0.0191403609 0.0322199389 -0.0266742092
v 0.0196813904 0.0321512818 -0.02656704
v 0.0202226602 0.0320748016 -0.0264747702
v 0.0207640491 0.0319905207 -0.0263973996
v 0.0213055592 0.0318985507 -0.0263349991
v 0.02184706 0.0317989513 -0.0262876097
v 0.0222859904 0.0317125283 -0.0262603108
v 0.0228345897 0.031597551 -0.0262402799
v 0.0233795606 0.0314754806 -0.0262359902
v 0.0239208899 0.0313465483 -0.0262472592
v 0.0244586393 0.03121089 -0.0262741409
v 0.0249927603 0.0310685001 -0.0263164006
v 0.0255232994 0.0309194904 -0.0263740402
v 0.0260502603 0.03076398 -0.0264470503
v 0.0265735891 0.0306019094 -0.0265354495
v 0.0270932298 0.0304333493 -0.0266391598
v 0.0276092794 0.0302584097 -0.0267583709
v 0.0281215291 0.0300769806 -0.0268931296
v 0.0285295192 0.0299268905 -0.0270124003
v 0.0290368702 0.0297330599 -0.0271760207
v 0.0295382701 0.0295334402 -0.0273548309
v 0.0300337598 0.02932816 -0.0275489595
v 0.0304003898 0.0298370104 -0.0271195695
v 0.0298874304 0.0300454404 -0.0269198399
v 0.0293684006 0.0302482806 -0.0267359
v 0.0288433395 0.0304455701 -0.0265676305
v 0.0284212194 0.0305985194 -0.0264449697
v 0.0278912093 0.0307835899 -0.0263065007
v 0.0273573902 0.0309623405 -0.0261840206
v 0.0268198792 0.0311347805 -0.02607744
v 0.0262786094 0.031300839 -0.0259867907
v 0.0257337 0.0314605199 -0.0259118602
v 0.0251851603 0.0316137597 -0.0258528497
v 0.0246329308 0.0317605101 -0.0258096401
v 0.0240769908 0.0319007002 -0.0257824007
v 0.0235174205 0.0320341513 -0.0257710796
v 0.0229541603 0.0321608707 -0.0257759001
v 0.0223871395 0.0322806202 -0.0257969406
v 0.0219334904 0.0323708616 -0.0258253794
v 0.0213739201 0.032475289 -0.0258745495
v 0.0208143499 0.0325720906 -0.0259392802
v 0.0202549007 0.0326612517 -0.0260193907
v 0.0196956303 0.0327426717 -0.0261148792
v 0.0191366598 0.0328163505 -0.0262256805
v 0.0185779892 0.0328820907 -0.0263518002
v 0.0180197302 0.0329398513 -0.0264932495
v 0.0174620096 0.0329895616 -0.0266500097
v 0.0169048291 0.0330310389 -0.0268221404
v 0.0164831802 0.0330569111 -0.0269628707
v 0.0159283802 0.0330836698 -0.0271617696
v 0.0153768603 0.0331018493 -0.0273752809
v 0.0148286801 0.0331113897 -0.0276032593
v 0.0142841302 0.0331122801 -0.0278456192
v 0.0141939502 0.0331115685 -0.0278872792
v 0.0136486804 0.0331020914 -0.0281487703
v 0.0320420191 0.0307044294 -0.0256830398
v 0.0314775109 0.0309324209 -0.0254512392
v 0.0309066698 0.0311551001 -0.0252364203
v 0.0303295199 0.0313723609 -0.0250385907
v 0.0297459904 0.0315841995 -0.0248577502
v 0.0292771403 0.0317488909 -0.0247260295
v 0.0286887195 0.0319486782 -0.0245773699
v 0.02809643 0.0321422815 -0.0244460106
v 0.0275003295 0.0323296711 -0.0243318006
v 0.0269003492 0.03251075 -0.0242347699
v 0.0262964908 0.0326855704 -0.0241547804
v 0.0256888196 0.0328540206 -0.0240918901
v 0.0250772797 0.0330160186 -0.0240460597
v 0.0244618598 0.0331714712 -0.0240174495
v 0.0238425098 0.0333203599 -0.0240060594
v 0.0232191607 0.0334624611 -0.0240120795
v 0.02259182 0.0335977003 -0.0240355693
v 0.0220900103 0.0337002799 -0.0240669195
v 0.0214709602 0.0338198505 -0.0241207406
v 0.0208520796 0.0339317285 -0.0241913106
v 0.0202332698 0.0340357982 -0.0242785197
v 0.0196146909 0.0341320597 -0.0243822299
v 0.0189964101 0.03422039 -0.0245025102
v 0.0183784291 0.0343006812 -0.0246392991
v 0.0177608691 0.0343728587 -0.0247925501
v 0.0171437208 0.0344368182 -0.0249624196
v 0.0165272299 0.0344923697 -0.0251487996
v 0.0160605293 0.0345287882 -0.0253010895
v 0.0154463602 0.0345692001 -0.0255163293
v 0.0148356501 0.0346007906 -0.0257473495
v 0.01422852 0.0346234404 -0.0259939395
v 0.0136251999 0.0346370898 -0.0262560192
v 0.0135252997 0.0346385203 -0.0263010804
v 0.0126284901 0.0349925682 -0.0259575807
v 0.0305583403 0.0268045608 -0.0290319901
v 0.0336601697 0.0254727602 -0.0302981697
v 0.0367892906 0.0240619704 -0.0314846598
v 0.0364927612 0.0241984706 -0.0313761793
v 0.0371535383 0.0247145202 -0.0313122794
v 0.0368563496 0.0248512607 -0.0312035605
v 0.0375322588 0.0253282096 -0.0310510304
v 0.0372346006 0.0254650097 -0.0309423208
v 0.03791916 0.0258929692 -0.0307052694
v 0.0376213714 0.0260298196 -0.0305965506
v 0.0383080207 0.0263996106 -0.0302805305
v 0.0380102918 0.0265363399 -0.0301719904
v 0.0386924706 0.0268397909 -0.0297838394
v 0.0383950397 0.0269763395 -0.0296755396
v 0.0390661918 0.0272064209 -0.0292232595
v 0.0387693606 0.0273426697 -0.0291153695
v 0.0394231007 0.0274933502 -0.0286080204
v 0.0391270518 0.0276293103 -0.0285005495
v 0.0397573113 0.0276960097 -0.0279481392
v 0.0394623801 0.0278315507 -0.0278412104
v 0.0350751802 0.0248430297 -0.03084605
v 0.0354355499 0.0254967194 -0.0306726005
v 0.0340172611 0.0261273906 -0.0301237702
v 0.0358117782 0.0261109397 -0.0304109398
v 0.0343913399 0.0267421007 -0.0298617408
v 0.036197599 0.0266757607 -0.0300654098
v 0.0347762704 0.0273069702 -0.0295163896
v 0.0365868807 0.0271818601 -0.0296415593
v 0.0351657197 0.0278126504 -0.0290933196
v 0.0369731113 0.0276210308 -0.0291464292
v 0.0355534516 0.0282511096 -0.0285993796
v 0.0373501107 0.0279860999 -0.0285879895
v 0.0359330699 0.0286149904 -0.0280426703
v 0.0377116688 0.0282711294 -0.0279753804
v 0.0362984501 0.0288985297 -0.0274322592
v 0.0380519591 0.0284714606 -0.0273185298
v 0.036643561 0.0290970206 -0.0267780405
v 0.0333725214 0.0255991202 -0.0301845595
v 0.0319636986 0.0262095891 -0.0296167694
v 0.0337290093 0.0262538698 -0.0300099198
v 0.0323168002 0.0268652998 -0.0294411108
v 0.0341026112 0.0268687606 -0.02974784
v 0.0326882005 0.0274806004 -0.0291785505
v 0.0344872996 0.0274335705 -0.0294024907
v 0.0330718718 0.0280455295 -0.0288333204
v 0.0348768197 0.02793926 -0.0289795306
v 0.0334615707 0.0285508595 -0.0284110904
v 0.0352648385 0.0283774696 -0.0284858905
v 0.0338509008 0.0289884191 -0.0279186293
v 0.0356450006 0.0287411809 -0.0279295407
v 0.0342335701 0.0293509904 -0.02736401
v 0.0360110886 0.0290243607 -0.0273195505
v 0.0346034095 0.0296327397 -0.0267562792
v 0.0363572203 0.0292224791 -0.0266659204
v 0.0349542983 0.0298291408 -0.0261052195
v 0.0297838394 0.02712637 -0.02870184
v 0.0309080407 0.0274612308 -0.0288552009
v 0.0301316306 0.0277835708 -0.0285244491
v 0.0312771201 0.0280770604 -0.0285921004
v 0.0304994509 0.0283997003 -0.0282610003
v 0.031659659 0.0286421105 -0.0282469299
v 0.0308813397 0.0289648101 -0.0279158894
v 0.03204941 0.0291471407 -0.0278253499
v 0.0312710404 0.0294697192 -0.0274946
v 0.0324399993 0.0295839906 -0.0273340903
v 0.0316623412 0.0299062096 -0.0270039998
v 0.0328251682 0.0299455505 -0.0267812591
v 0.0320488214 0.0302672293 -0.0264521204
v 0.0331985913 0.0302259307 -0.0261757299
v 0.0324242115 0.0305468999 -0.0258477908
v 0.0335542485 0.0304205995 -0.0255273506
v 0.0327824317 0.0307406709 -0.0252009593
v 0.0411063991 0.0271207597 -0.0284717008
v 0.0379562899 0.0235584304 -0.0318971202
v 0.0385482311 0.0233330708 -0.0320954286
v 0.0424990617 0.0266709905 -0.0289401393
v 0.0409687087 0.0226054695 -0.032836251
v 0.0439328514 0.0263456106 -0.0293543302
v 0.04158663 0.0224668309 -0.0330084488
v 0.0453946516 0.0261459891 -0.0297119599
v 0.0469185114 0.0260707103 -0.0300202891
v 0.0484505184 0.0261251908 -0.0302675292
v 0.047357969 0.02200686 -0.0343166515
v 0.0486677215 0.0221008603 -0.0345419608
v 0.0499895811 0.0263074599 -0.0304547492
v 0.0499792583 0.0222661998 -0.0347416885
v 0.0514399409 0.0265948698 -0.0305758696
v 0.0512922406 0.0225030705 -0.034915559
v 0.0519652888 0.0267266594 -0.0306064393
v 0.0530072413 0.0270322505 -0.0306460205
v 0.0587298796 0.02499949 -0.0354381688
v 0.0584744215 0.0254808608 -0.0352340899
v 0.0586246811 0.0251976792 -0.0353744589
v 0.0583287999 0.0250405595 -0.0353743397
v 0.0579472706 0.0264738705 -0.0346205197
v 0.0579938814 0.0263860803 -0.0346813686
v 0.0576711819 0.0263234898 -0.0346234404
v 0.0582273006 0.0259463098 -0.0349859484
v 0.0575762913 0.0271727405 -0.0339328609
v 0.0576508008 0.0270324294 -0.0341036282
v 0.0573840104 0.0268857405 -0.0341086909
v 0.0577778183 0.0267931204 -0.0343251191
v 0.0570943318 0.0280807596 -0.0325266086
v 0.0571696684 0.0279388409 -0.0328375585
v 0.0569193289 0.0278003793 -0.0328477584
v 0.0572325513 0.0278203394 -0.0330283605
v 0.0568659902 0.0285109207 -0.0313420817
v 0.0568842217 0.0284765307 -0.0314519405
v 0.0566281602 0.0283812806 -0.0313578211
v 0.056975659 0.0283043291 -0.0320020318
v 0.0567808114 0.0286713801 -0.0303096101
v 0.0567882583 0.0286573097 -0.0305423103
v 0.0565548502 0.0285321996 -0.0305606704
v 0.056821581 0.0285946093 -0.0308850408
v 0.0576989613 0.0247207191 -0.0353684388
v 0.055611901 0.0278668404 -0.0314067006
v 0.0560582206 0.0282773301 -0.0305941701
v 0.0561220013 0.0281171203 -0.0313858315
v 0.0570644103 0.0244181696 -0.0353549086
v 0.0551830493 0.0273588803 -0.0321700498
v 0.0557095408 0.0276034996 -0.0321621187
v 0.0562320314 0.0278624799 -0.0321470983
v 0.0567504093 0.0281358305 -0.0321249291
v 0.0569939017 0.0282699391 -0.032111939
v 0.0547620617 0.0267605092 -0.0328701697
v 0.0553076193 0.02699822 -0.0328752287
v 0.0558490716 0.0272507593 -0.0328732096
v 0.0563864112 0.0275181495 -0.0328640901
v 0.0550981089 0.0276304409 -0.0314204618
v 0.0550543591 0.0278081205 -0.0306398198
v 0.0555580184 0.0280359909 -0.0306205694
v 0.0564252101 0.0241327807 -0.0353338718
v 0.0557814203 0.0238646194 -0.0353053808
v 0.0543401204 0.0260807797 -0.0334946513
v 0.054906901 0.0263101999 -0.0335125886
v 0.0554696284 0.0265549403 -0.0335233808
v 0.0560280606 0.0268150494 -0.0335271284
v 0.0565822087 0.0270904303 -0.0335237309
v 0.0571318194 0.0273811202 -0.0335131213
v 0.0573899709 0.02752381 -0.0335056111
v 0.0545473583 0.0275937896 -0.0306520406
v 0.054580681 0.0274080001 -0.0314271413
v 0.0546526909 0.0271286294 -0.0321709514
v 0.0551332794 0.0236137491 -0.0352694318
v 0.0539092384 0.0253305398 -0.0340329409
v 0.0544990301 0.0255501196 -0.0340633318
v 0.0550847016 0.0257856194 -0.0340867005
v 0.0556661412 0.0260369107 -0.0341029689
v 0.0562433004 0.0263041202 -0.0341120884
v 0.0568159185 0.0265870597 -0.0341139995
v 0.05403715 0.0273929797 -0.0306571107
v 0.0540597402 0.0271995608 -0.0314267799
v 0.0541185699 0.0269127991 -0.0321647488
v 0.0542125702 0.0265377108 -0.03285807
v 0.0544807911 0.0233801007 -0.0352260992
v 0.0534622595 0.0245220009 -0.034476161
v 0.0540764295 0.0247301999 -0.0345187709
v 0.0546864197 0.0249549095 -0.0345541798
v 0.0552922413 0.0251960102 -0.0345824882
v 0.0558937117 0.0254534408 -0.0346035883
v 0.0564907715 0.0257272106 -0.0346175395
v 0.0570833012 0.0260171797 -0.0346241482
v 0.0535237119 0.0272057597 -0.0306551401
v 0.0535353385 0.0270051304 -0.0314193293
v 0.053580761 0.0267114602 -0.0321515203
v 0.0536592007 0.0263298098 -0.0328389406
v 0.0537693501 0.0258668605 -0.0334697291
v 0.0529934689 0.0236684605 -0.0348175094
v 0.0536327884 0.0238638502 -0.0348717496
v 0.0542680584 0.0240762793 -0.0349187814
v 0.054899089 0.0243056994 -0.034958601
v 0.0555258282 0.0245519206 -0.0349911414
v 0.056148231 0.0248149596 -0.0350163504
v 0.0567661487 0.0250947401 -0.0350342914
v 0.0573794805 0.0253912807 -0.0350448415
v 0.0579880401 0.0257046204 -0.0350479409
v 0.0582739115 0.0258585196 -0.0350468084
v 0.053007599 0.0268248897 -0.0314047895
v 0.0530394316 0.0265247207 -0.0321311913
v 0.0531021282 0.0261370502 -0.0328127705
v 0.0531946383 0.0256684404 -0.0334377214
v 0.0533154011 0.0251269899 -0.0339953788
v 0.0538240001 0.0231638495 -0.035175439
v 0.0531631112 0.0229651295 -0.0351173207
v 0.0524980389 0.0227839891 -0.0350518785
v 0.052487731 0.0268725101 -0.0306298099
v 0.0524765812 0.0266587697 -0.0313832089
v 0.0524945818 0.0263526998 -0.0321038291
v 0.0525413118 0.0259594303 -0.0327795111
v 0.0526161082 0.0254856907 -0.0333986804
v 0.0527176186 0.0249395296 -0.0339507386
v 0.0528440997 0.0243303701 -0.0344263911
v 0.0519424006 0.0265070703 -0.0313544199
v 0.0519462787 0.0261954609 -0.0320693813
v 0.0519769117 0.0257970598 -0.0327392183
v 0.0520337783 0.0253186803 -0.0333525501
v 0.0521159098 0.0247683506 -0.0338990614
v 0.0522219501 0.0241554305 -0.0343695208
v 0.0523500405 0.0234901905 -0.0347559415
v 0.0514050089 0.0263698101 -0.0313185416
v 0.0513945818 0.0260531902 -0.0320278406
v 0.0514089391 0.0256501995 -0.0326917693
v 0.0514477417 0.0251676403 -0.0332993194
v 0.0515103899 0.0246136095 -0.0338402316
v 0.0515957996 0.0239973608 -0.0343054496
v 0.0517025515 0.0233293101 -0.0346871614
v 0.0518288612 0.0226205494 -0.0349789783
v 0.0510188304 0.02649986 -0.0305461809
v 0.0509741306 0.0262708608 -0.0312846787
v 0.0509521887 0.0259505492 -0.0319895111
v 0.0509533808 0.0255442206 -0.0326488018
v 0.0509776995 0.0250586793 -0.0332516991
v 0.0510246716 0.0245020296 -0.0337881409
v 0.0510935709 0.0238835793 -0.0342491195
v 0.0511832796 0.0232135002 -0.0346270204
v 0.0505038984 0.0263965707 -0.0305038001
v 0.0504470989 0.0261631608 -0.0312372409
v 0.0504109785 0.0258387905 -0.0319366418
v 0.0503960215 0.0254288297 -0.0325903818
v 0.0504025184 0.0249401294 -0.0331876203
v 0.05043035 0.0243807398 -0.0337185785
v 0.0504790507 0.0237598401 -0.034174379
v 0.0505478308 0.0230877902 -0.0345475599
v 0.0506355688 0.0223756991 -0.0348318815
v 0.0499205515 0.0260701105 -0.0311832391
v 0.0498700701 0.0257422291 -0.0318772718
v 0.0498389006 0.0253291707 -0.0325254686
v 0.0498275086 0.0248377305 -0.0331171714
v 0.0498362109 0.0242760107 -0.0336426385
v 0.0498647615 0.0236531999 -0.0340933204
v 0.0499126911 0.0229796097 -0.0344616696
v 0.0494758412 0.0262326002 -0.0303990208
v 0.0493944809 0.02599179 -0.0311226193
v 0.0493295714 0.0256608706 -0.0318114087
v 0.0492820702 0.0252451301 -0.0324541293
v 0.0492528602 0.0247514807 -0.033040341
v 0.0492423102 0.0241879206 -0.0335603915
v 0.0492507182 0.0235636197 -0.0340058804
v 0.0492778383 0.0228888895 -0.0343694016
v 0.0493233204 0.0221746508 -0.0346450806
v 0.0489628315 0.0261717997 -0.0303366091
v 0.0488689505 0.0259280801 -0.0310554504
v 0.0487895012 0.0255945902 -0.0317391083
v 0.0487256609 0.0251767598 -0.0323765203
v 0.0486785099 0.0246813204 -0.0329572484
v 0.0486488305 0.0241163298 -0.0334718786
v 0.0486370288 0.0234910809 -0.0339121185
v 0.0486434102 0.0228155795 -0.0342707597
v 0.0483440682 0.0258790795 -0.0309817698
v 0.0482499488 0.0255435109 -0.0316603705
v 0.0481697284 0.0251240097 -0.0322924815
v 0.0481045805 0.0246272609 -0.0328678414
v 0.0480556414 0.02406138 -0.0333771706
v 0.0480237603 0.0234354697 -0.0338121615
v 0.0480093285 0.02275973 -0.0341658518
v 0.0480126105 0.0220449492 -0.0344325304
v 0.0479389988 0.0260927603 -0.0301918294
v 0.0478198491 0.0258446895 -0.0309014898
v 0.047711011 0.0255076196 -0.0315751992
v 0.047614269 0.0250868704 -0.0322021209
v 0.0475311205 0.0245893504 -0.0327721797
v 0.0474629886 0.0240230504 -0.0332761407
v 0.0474109016 0.0233969595 -0.0337059386
v 0.0473756716 0.0227212906 -0.0340546295
v 0.0474282987 0.0260745808 -0.0301093999
v 0.0472963415 0.0258250795 -0.0308146998
v 0.0471727215 0.0254869405 -0.0314835906
v 0.0470594093 0.0250655394 -0.0321054384
v 0.0469582006 0.0245676599 -0.0326701887
v 0.0468708202 0.0240013003 -0.0331689082
v 0.0467985198 0.0233755708 -0.0335934684
v 0.046742551 0.0227004196 -0.0339371487
v 0.0467038117 0.0219866596 -0.0341943987
v 0.0467736088 0.0258202497 -0.0307212994
v 0.0466350913 0.0254815798 -0.031385541
v 0.0465052091 0.0250599906 -0.0320023783
v 0.0463858806 0.0245622899 -0.0325619504
v 0.0462791882 0.0239963494 -0.033055421
v 0.0461867414 0.0233713295 -0.0334747396
v 0.0461099707 0.0226970892 -0.0338133499
v 0.0460502505 0.0219844505 -0.0340657793
v 0.0464095995 0.0260812007 -0.0299243908
v 0.0462517105 0.0258303806 -0.0306212902
v 0.0460982285 0.0254916493 -0.0312809311
v 0.0459516607 0.0250703599 -0.0318928882
v 0.0458142087 0.0245732609 -0.0324473903
v 0.0456881486 0.0240082704 -0.0329356082
v 0.0455754884 0.0233843904 -0.0333497487
v 0.0454779789 0.0227115098 -0.0336832404
v 0.0453972183 0.0220003705 -0.0339307114
v 0.0459015891 0.0261062309 -0.0298216306
v 0.04573071 0.0258556008 -0.0305145308
v 0.0455622002 0.0255172793 -0.0311697703
v 0.0453988314 0.02509683 -0.0317770205
v 0.0452431999 0.0246008597 -0.0323265083
v 0.0450977609 0.0240371805 -0.0328095518
v 0.0449648388 0.0234148502 -0.0332184397
v 0.044846531 0.0227437597 -0.0335468017
v 0.0447447784 0.0220345203 -0.0337892696
v 0.0440929495 0.0220870897 -0.0336412713
v 0.0452105403 0.0258959495 -0.0304010492
v 0.0450269505 0.0255587101 -0.0310519896
v 0.044846829 0.0251395106 -0.0316545889
v 0.0446728989 0.0246451404 -0.0321991406
v 0.0445080884 0.0240833107 -0.0326770507
v 0.0443548486 0.0234630108 -0.0330808088
v 0.0442157313 0.0227940604 -0.0334038697
v 0.0449105501 0.0261979103 -0.0296004396
v 0.0447138511 0.0259489994 -0.0302860104
v 0.0445157811 0.0256131794 -0.0309330206
v 0.0443194509 0.02519577 -0.0315312706
v 0.0441280603 0.0247033201 -0.0320712291
v 0.0439445898 0.0241436902 -0.0325443111
v 0.0437719785 0.0235257708 -0.0329430588
v 0.0436128899 0.0228592698 -0.0332611203
v 0.0434698984 0.0221548602 -0.0334935114
v 0.0444195196 0.0262648407 -0.0294803306
v 0.0442099497 0.0260176007 -0.0301625691
v 0.0439971015 0.0256837606 -0.0308056995
v 0.0437843204 0.0252685491 -0.0313996598
v 0.0435751006 0.0247786008 -0.0319350287
v 0.0433726311 0.0242216494 -0.0324032307
v 0.0431801602 0.0236065295 -0.0327969082
v 0.0430007502 0.0229429603 -0.0331098996
v 0.0428372584 0.0222414695 -0.0333371088
v 0.0437104106 0.0261005703 -0.0300332904
v 0.0434828401 0.0257691704 -0.0306727793
v 0.0432536602 0.0253567006 -0.0312626287
v 0.0430266187 0.0248696804 -0.0317934714
v 0.0428052507 0.0243158303 -0.0322569013
v 0.0425930582 0.0237039309 -0.032645639
v 0.0423934385 0.0230436306 -0.0329533815
v 0.0422095582 0.0223454796 -0.0331754014
v 0.043450471 0.0264402591 -0.0292222407
v 0.0432152711 0.0261979103 -0.0298982207
v 0.0429729782 0.0258694794 -0.0305342004
v 0.0427274704 0.0254601799 -0.0311201196
v 0.0424826704 0.0249765497 -0.0316466019
v 0.04224246 0.02442622 -0.0321053192
v 0.0420106612 0.0238179509 -0.032489121
v 0.0417908989 0.0231613498 -0.03279173
v 0.0429725014 0.0265487395 -0.0290842
v 0.0427245386 0.0263095405 -0.0297573805
v 0.04246765 0.0259845797 -0.0303900205
v 0.0422059186 0.0255789701 -0.0309721194
v 0.0419434309 0.0250991508 -0.0314944312
v 0.0416844413 0.0245528203 -0.031948559
v 0.0414330289 0.0239485502 -0.0323274098
v 0.0411931798 0.0232959297 -0.0326248407
v 0.0422384702 0.0264354907 -0.0296107493
v 0.0419670306 0.0261144601 -0.0302402899
v 0.0416890308 0.0257130191 -0.0308187604
v 0.0414089486 0.0252375007 -0.0313369595
v 0.0411312506 0.02469551 -0.0317866206
v 0.0408602916 0.0240956508 -0.0321605802
v 0.0406004116 0.0234475099 -0.0324528813
v 0.0403558016 0.0227614008 -0.0326588713
v 0.0420301482 0.0268070605 -0.0287900493
v 0.0417569801 0.0265758 -0.0294582807
v 0.0414710604 0.0262591802 -0.0300849006
v 0.041176971 0.0258623306 -0.0306599699
v 0.0408793613 0.0253915694 -0.0311741792
v 0.0405829512 0.0248544198 -0.0316194184
v 0.0402925611 0.0242593791 -0.0319885612
v 0.0400127694 0.0236160103 -0.0322756693
v 0.0397480689 0.02293461 -0.0324762389
v 0.041565951 0.0269569699 -0.0286339503
v 0.0412803218 0.0267304108 -0.0293000303
v 0.0409799814 0.0264187399 -0.0299239699
v 0.0406697914 0.0260270201 -0.0304956995
v 0.0403546616 0.02556145 -0.0310061499
v 0.0400397107 0.0250294805 -0.0314470492
v 0.0397298895 0.0244396906 -0.0318114087
v 0.0394302011 0.0238015 -0.0320933983
v 0.0391454585 0.0231251698 -0.0322884284
v 0.0408084318 0.0268993899 -0.0291358791
v 0.0404938385 0.0265931394 -0.0297573209
v 0.0401676185 0.0262069702 -0.0303259995
v 0.0398350917 0.0257470608 -0.03083276
v 0.0395015404 0.0252208095 -0.0312694907
v 0.039172411 0.0246366803 -0.0316291414
v 0.0388528705 0.0240040403 -0.0319058783
v 0.0406517312 0.0272984505 -0.0283033792
v 0.040341489 0.0270828605 -0.0289658904
v 0.0400127098 0.0267825704 -0.0295850001
v 0.0396705791 0.0264024101 -0.0301507693
v 0.0393206403 0.0259485804 -0.0306540709
v 0.038968619 0.0254284702 -0.0310866795
v 0.0386201702 0.0248503592 -0.0314416215
v 0.0382809006 0.0242236201 -0.0317132398
v 0.0402019583 0.0274901893 -0.0281288605
v 0.0398796201 0.0272808 -0.02878993
v 0.0395367108 0.0269869491 -0.0294070207
v 0.0391787216 0.0266133491 -0.0299700405
v 0.0388115607 0.0261661392 -0.0304699503
v 0.0384410582 0.0256525204 -0.0308985692
v 0.0380733609 0.0250808503 -0.0312489197
v 0.0377143584 0.0244604293 -0.0315153487
v 0.0373698995 0.0238013808 -0.0316935107
v 0.0565838814 -0.0237400495 -0.0354490802
v 0.0575854704 -0.0243611895 -0.0354490802
v 0.0596617982 -0.0254758 -0.0354490802
v 0.0618236586 -0.0264137909 -0.0354490802
v 0.064056091 -0.0271687508 -0.0354490802
v 0.0663435385 -0.0277353507 -0.0354490802
v 0.0686702132 -0.0281097796 -0.0354490802
v 0.0710199401 -0.0282893106 -0.0354490802
v 0.0733765289 -0.0282728001 -0.0354490802
v 0.0745522305 -0.0281909704 -0.0354490802
v 0.0780447125 -0.0276533291 -0.0354490802
v 0.0846941397 -0.0253003202 -0.0354490802
v 0.0857362673 -0.0247499291 -0.0354490802
v 0.0887128711 -0.0228456799 -0.0354490802
v 0.0896493718 -0.0221301895 -0.0354490802
v 0.0914290473 -0.0205853507 -0.0354490802
v 0.0922691226 -0.0197587609 -0.0354490802
v 0.0930740237 -0.0188978892 -0.0354490802
v 0.0945729613 -0.0170794092 -0.0354490802
v 0.0959154293 -0.01514256 -0.0354490802
v 0.0970921516 -0.0131008001 -0.0354490802
v 0.0980949402 -0.0109681999 -0.0354490802
v 0.0989168212 -0.0087595582 -0.0354490802
v 0.0992581174 -0.00763148023 -0.0354490802
v 0.0999965593 -0.00417590095 -0.0354490802
v 0.1001461 -0.00300687505 -0.0354490802
v 0.100298703 -0.000655247015 -0.0354490802
v 0.100255102 0.00170093705 -0.0354490802
v 0.1000157 0.00404530717 -0.0354490802
v 0.0995821282 0.00636172201 -0.0354490802
v 0.0989573523 0.00863397121 -0.0354490802
v 0.0981457829 0.0108464304 -0.0354490802
v 0.0971529409 0.0129836705 -0.0354490802
v 0.0959857702 0.0150309196 -0.0354490802
v 0.0953392908 0.0160163604 -0.0354490802
v 0.0931619406 0.0187994204 -0.0354490802
v 0.092361033 0.0196640398 -0.0354490802
v 0.0906547904 0.02128952 -0.0354490802
v 0.0888191983 0.0227674805 -0.0354490802
v 0.0868670866 0.02408766 -0.0354490802
v 0.0848119184 0.0252408292 -0.0354490802
v 0.0826679394 0.0262190606 -0.0354490802
v 0.0804500505 0.0270155594 -0.0354490802
v 0.0793181583 0.0273439195 -0.0354490802
v 0.0758543015 0.0280426703 -0.0354490802
v 0.0746835992 0.0281788092 -0.0354490802
v 0.0711518526 0.0282936003 -0.0354490802
v 0.0699748322 0.0282337591 -0.0354490802
v 0.0664729401 0.02776145 -0.0354490802
v 0.0653221011 0.0275072996 -0.0354490802
v 0.0630571172 0.0268564802 -0.0354490802
v 0.0608541295 0.0260195695 -0.0354490802
v 0.0521160886 -0.0256618802 -0.03030991
v 0.0543153808 -0.0272334199 -0.0303103905
v 0.0578462407 -0.0292245708 -0.0303103905
v 0.0590750501 -0.0297884308 -0.0303103905
v 0.0615976416 -0.0307602808 -0.0303103905
v 0.0628871322 -0.0311666708 -0.0303103905
v 0.0668412372 -0.0320591889 -0.0303103905
v 0.0708757564 -0.032452099 -0.0303103905
v 0.0722275898 -0.0324708186 -0.0303103905
v 0.073579073 -0.0324331485 -0.0303103905
v 0.0762714073 -0.0321894214 -0.0303103905
v 0.0802487135 -0.0314063989 -0.0303103905
v 0.0815488622 -0.0310358405 -0.0303103905
v 0.084097378 -0.0301339608 -0.0303103905
v 0.0853413269 -0.0296042506 -0.0303103905
v 0.0865620896 -0.0290232804 -0.0303103905
v 0.0889257714 -0.0277113896 -0.0303103905
v 0.0922465324 -0.0253866296 -0.0303103905
v 0.093285732 -0.0245218202 -0.0303103905
v 0.0952517316 -0.0226662699 -0.0303103905
v 0.0961751267 -0.0216787402 -0.0303103905
v 0.0986877605 -0.0184978191 -0.0303103905
v 0.100784503 -0.0150285903 -0.0303103905
v 0.101385102 -0.0138173597 -0.0303103905
v 0.102432601 -0.0113251796 -0.0303103905
v 0.102877699 -0.0100485599 -0.0303103905
v 0.1038891 -0.00612312509 -0.0303103905
v 0.104403399 -0.00210231496 -0.0303103905
v 0.104462899 -0.000751667016 -0.0303103905
v 0.104465999 0.000600309984 -0.0303103905
v 0.104303598 0.00329875899 -0.0303103905
v 0.103640899 0.00729781296 -0.0303103905
v 0.102485098 0.0111831399 -0.0303103905
v 0.101993203 0.0124424603 -0.0303103905
v 0.101449199 0.0136802103 -0.0303103905
v 0.100209199 0.0160824005 -0.0303103905
v 0.0979856774 0.0194717608 -0.0303103905
v 0.0971525908 0.0205365997 -0.0303103905
v 0.0953571722 0.0225576106 -0.0303103905
v 0.0943979025 0.0235103294 -0.0303103905
v 0.091294162 0.0261177402 -0.0303103905
v 0.0878897905 0.0283181593 -0.0303103905
v 0.0866972208 0.0289550405 -0.0303103905
v 0.0842377469 0.0300772693 -0.0303103905
v 0.0829751417 0.0305606108 -0.0303103905
v 0.0790820122 0.0316898786 -0.0303103905
v 0.0750785396 0.0323253199 -0.0303103905
v 0.0737302825 0.0324254595 -0.0303103905
v 0.072378993 0.0324693918 -0.0303103905
v 0.069676809 0.0323883817 -0.0303103905
v 0.0656596422 0.0318465792 -0.0303103905
v 0.0617411695 0.0308084395 -0.0303103905
v 0.0604676008 0.0303547308 -0.0303103905
v 0.0592140518 0.0298483297 -0.0303103905
v 0.0531970784 -0.0264736395 -0.0303103905
v 0.0579826199 0.0292902496 -0.0303103905
v 0.0580192804 0.0292136595 -0.0308877807
v 0.0521221086 -0.0256541297 -0.0304686408
v 0.0532462001 -0.0264044404 -0.0308877807
v 0.0580799505 0.0290868804 -0.0314542018
v 0.0521700904 -0.0255921409 -0.0308856908
v 0.0522060916 -0.0255457107 -0.0311984401
v 0.05332762 -0.0262898207 -0.0314542018
v 0.0522556305 -0.0254818201 -0.0314509794
v 0.0523446687 -0.0253668409 -0.0319057703
v 0.0534405112 -0.0261309091 -0.0320042893
v 0.0523719713 -0.0253316704 -0.0320019685
v 0.0535838008 -0.0259291492 -0.0325328708
v 0.0581641085 0.0289110504 -0.0320042893
v 0.0582709312 0.0286878292 -0.0325328708
v 0.0583994314 0.0284193102 -0.0330348611
v 0.0525221191 -0.0251378994 -0.0325316116
v 0.052535709 -0.0251203105 -0.0325796604
v 0.05375617 -0.0256865006 -0.0330348611
v 0.0527076088 -0.0248984601 -0.0330299102
v 0.0527763292 -0.0248098299 -0.0332099088
v 0.0539559089 -0.0254052207 -0.0335056111
v 0.0529194996 -0.0246249996 -0.0334983394
v 0.0530627295 -0.02444016 -0.0337868296
v 0.0541812703 -0.0250879508 -0.0339405499
v 0.0585483909 0.0281081107 -0.0335056111
v 0.0587163493 0.0277571008 -0.0339405499
v 0.0589017794 0.0273696706 -0.0343356691
v 0.0531563684 -0.0243193507 -0.0339338109
v 0.0533905588 -0.0240170304 -0.0343015082
v 0.0544300005 -0.0247377697 -0.0343356691
v 0.0534165502 -0.0239834692 -0.0343332216
v 0.0546997711 -0.0243579093 -0.0346871614
v 0.0591028892 0.0269494001 -0.0346871614
v 0.0669907928 0.0320829116 -0.0303103905
v 0.0683306381 0.0322635695 -0.0303103905
v 0.0670038387 0.0319990516 -0.0308877807
v 0.0683402419 0.032179229 -0.0308877807
v 0.0670255423 0.0318601094 -0.0314542018
v 0.0683560893 0.032039579 -0.0314542018
v 0.0670556426 0.0316675305 -0.0320042893
v 0.0683781505 0.0318458602 -0.0320042893
v 0.0670937821 0.0314230286 -0.0325328708
v 0.0684060976 0.031599991 -0.0325328708
v 0.0671397373 0.0311289392 -0.0330348611
v 0.0684397221 0.0313042402 -0.0330348611
v 0.0671929717 0.0307880603 -0.0335056111
v 0.0684787035 0.0309614502 -0.0335056111
v 0.0672529936 0.0304036103 -0.0339405499
v 0.0685226917 0.0305748507 -0.0339405499
v 0.0673192069 0.0299792197 -0.0343356691
v 0.0685712025 0.0301480796 -0.0343356691
v 0.0673910901 0.0295189004 -0.0346871614
v 0.0686239004 0.0296851303 -0.0346871614
v 0.0674679205 0.0290270392 -0.0349918008
v 0.0686801001 0.0291905403 -0.0349918008
v 0.0675489306 0.0285082404 -0.035246551
v 0.0970868394 0.0204828903 -0.0308877807
v 0.0979177281 0.0194208603 -0.0308877807
v 0.0969779417 0.0203939602 -0.0314542018
v 0.0978052616 0.0193365198 -0.0314542018
v 0.0968269706 0.0202706996 -0.0320042893
v 0.0976492092 0.0192196295 -0.0320042893
v 0.096635282 0.0201141797 -0.0325328708
v 0.09745121 0.0190712791 -0.0325328708
v 0.0964046717 0.0199259501 -0.0330348611
v 0.0972129703 0.0188927595 -0.0330348611
v 0.0961374566 0.01970773 -0.0335056111
v 0.0969368815 0.0186858699 -0.0335056111
v 0.0958360434 0.0194616299 -0.0339405499
v 0.0966254994 0.0184525196 -0.0339405499
v 0.0955033302 0.0191899501 -0.0343356691
v 0.0962817594 0.0181949697 -0.0343356691
v 0.0951424167 0.0188953206 -0.0346871614
v 0.0959089324 0.0179156009 -0.0346871614
v 0.0947568417 0.0185804907 -0.0349918008
v 0.0955105424 0.0176171008 -0.0349918008
v 0.0943500921 0.0182483699 -0.035246551
v 0.1036065 -0.00744527485 -0.0303103905
v 0.103805698 -0.00610715104 -0.0308877807
v 0.103523903 -0.00742578506 -0.0308877807
v 0.103667602 -0.00608062698 -0.0314542018
v 0.103387102 -0.00739359809 -0.0314542018
v 0.103476197 -0.00604385091 -0.0320042893
v 0.103197299 -0.00734889507 -0.0320042893
v 0.103233203 -0.00599718001 -0.0325328708
v 0.102956399 -0.00729215099 -0.0325328708
v 0.102940902 -0.00594109204 -0.0330348611
v 0.102666698 -0.00722390413 -0.0330348611
v 0.102601998 -0.00587600423 -0.0335056111
v 0.102330901 -0.00714480784 -0.0335056111
v 0.102219902 -0.00580263091 -0.0339405499
v 0.101952098 -0.00705558015 -0.0339405499
v 0.101798102 -0.0057216282 -0.0343356691
v 0.101534098 -0.00695705414 -0.0343356691
v 0.101340503 -0.00563377095 -0.0346871614
v 0.101080596 -0.00685024215 -0.0346871614
v 0.100851603 -0.0055398941 -0.0349918008
v 0.100596003 -0.00673609879 -0.0349918008
v 0.100336 -0.00544088986 -0.035246551
v 0.0537028909 -0.02361398 -0.0346826911
v 0.0537548587 -0.0235468708 -0.03474617
v 0.0549880192 -0.0239520594 -0.0349918008
v 0.0593177602 0.0265003406 -0.0349918008
v 0.0595444404 0.0260267202 -0.035246551
v 0.0656762123 0.0317633115 -0.0308877807
v 0.0657036304 0.0316254385 -0.0314542018
v 0.0657417104 0.0314342305 -0.0320042893
v 0.0657899901 0.0311915204 -0.0325328708
v 0.0658481121 0.0308996402 -0.0330348611
v 0.0659155175 0.0305612609 -0.0335056111
v 0.0659914613 0.0301796105 -0.0339405499
v 0.0660753176 0.02975839 -0.0343356691
v 0.0661663413 0.0293014608 -0.0346871614
v 0.066263549 0.0288131796 -0.0349918008
v 0.066366069 0.0282982495 -0.035246551
v 0.0962759182 0.0215657894 -0.0303103905
v 0.0962124392 0.0215093996 -0.0308877807
v 0.0961073637 0.0214160606 -0.0314542018
v 0.0959616303 0.0212865993 -0.0320042893
v 0.0957766101 0.0211222097 -0.0325328708
v 0.0955541134 0.0209245607 -0.0330348611
v 0.095296137 0.0206953809 -0.0335056111
v 0.0950052664 0.0204370003 -0.0339405499
v 0.0946841165 0.0201517306 -0.0343356691
v 0.0943358466 0.0198423192 -0.0346871614
v 0.0939636827 0.0195116401 -0.0349918008
v 0.093571119 0.0191629492 -0.035246551
v 0.104116298 -0.00479036523 -0.0303103905
v 0.1040323 -0.00477784779 -0.0308877807
v 0.103893302 -0.00475710584 -0.0314542018
v 0.103700504 -0.00472837593 -0.0320042893
v 0.1034557 -0.00469183922 -0.0325328708
v 0.103161298 -0.0046479702 -0.0330348611
v 0.102820098 -0.0045970669 -0.0335056111
v 0.102435201 -0.00453966809 -0.0339405499
v 0.102010399 -0.00447630789 -0.0343356691
v 0.101549603 -0.00440752506 -0.0346871614
v 0.101057202 -0.00433409214 -0.0349918008
v 0.100537904 -0.00425666478 -0.035246551
v 0.0540089011 -0.0232190397 -0.0349826217
v 0.0541500412 -0.0230369493 -0.0351139307
v 0.0552920587 -0.0235239808 -0.035246551
v 0.0604977608 0.0302753393 -0.0308877807
v 0.0617679916 0.0307279192 -0.0308877807
v 0.0605476983 0.0301439706 -0.0314542018
v 0.0618124008 0.0305945203 -0.0314542018
v 0.0606169105 0.0299616996 -0.0320042893
v 0.0618740283 0.0304095708 -0.0320042893
v 0.0607048199 0.0297303703 -0.0325328708
v 0.06195217 0.03017479 -0.0325328708
v 0.0608104989 0.0294521395 -0.0330348611
v 0.0620462187 0.0298923794 -0.0330348611
v 0.0609330498 0.0291296206 -0.0335056111
v 0.0621552393 0.0295650307 -0.0335056111
v 0.0610712692 0.0287658498 -0.0339405499
v 0.0622781515 0.0291958395 -0.0339405499
v 0.0612238012 0.0283643603 -0.0343356691
v 0.0624138713 0.0287883207 -0.0343356691
v 0.06138926 0.0279288199 -0.0346871614
v 0.0625610277 0.0283463001 -0.0346871614
v 0.0615660511 0.0274634305 -0.0349918008
v 0.0627183318 0.0278739892 -0.0349918008
v 0.0617525503 0.02697259 -0.035246551
v 0.0628842115 0.0273758098 -0.035246551
v 0.0619469211 0.02646094 -0.0354490802
v 0.0687394664 0.0286688209 -0.035246551
v 0.0688013434 0.0281249806 -0.0354490802
v 0.0676333308 0.0279674493 -0.0354490802
v 0.0723780319 0.0323845111 -0.0308877807
v 0.0737257525 0.0323407017 -0.0308877807
v 0.0723763704 0.0322439 -0.0314542018
v 0.0737182423 0.032200329 -0.0314542018
v 0.072374098 0.0320490003 -0.0320042893
v 0.0737078711 0.0320056602 -0.0320042893
v 0.0723711774 0.0318015218 -0.0325328708
v 0.0736946985 0.0317585394 -0.0325328708
v 0.0723677203 0.0315039083 -0.0330348611
v 0.0736788511 0.031461291 -0.0330348611
v 0.0723637268 0.0311589204 -0.0335056111
v 0.0736604333 0.0311167799 -0.0335056111
v 0.0723591372 0.0307698194 -0.0339405499
v 0.0736396909 0.0307282191 -0.0339405499
v 0.0723541304 0.0303403698 -0.0343356691
v 0.0736168027 0.0302993003 -0.0343356691
v 0.0723487064 0.0298744999 -0.0346871614
v 0.0735919997 0.0298340898 -0.0346871614
v 0.0723428726 0.02937668 -0.0349918008
v 0.0735654831 0.02933692 -0.0349918008
v 0.0723367929 0.0288516805 -0.035246551
v 0.0735374615 0.0288126394 -0.035246551
v 0.0723303482 0.0283043291 -0.0354490802
v 0.0735083222 0.0282660704 -0.0354490802
v 0.0777567625 0.0319572017 -0.0303103905
v 0.0777416825 0.0318736993 -0.0308877807
v 0.0790635273 0.0316070318 -0.0308877807
v 0.0777167603 0.031735301 -0.0314542018
v 0.0790328309 0.0314698815 -0.0314542018
v 0.0776821896 0.0315434895 -0.0320042893
v 0.0789903402 0.0312796198 -0.0320042893
v 0.0776383206 0.0312999412 -0.0325328708
v 0.078936331 0.0310380999 -0.0325328708
v 0.0775855705 0.03100699 -0.0330348611
v 0.0788714215 0.0307475906 -0.0330348611
v 0.0775244236 0.0306674205 -0.0335056111
v 0.0787962005 0.0304108802 -0.0335056111
v 0.0774554014 0.0302845202 -0.0339405499
v 0.0787113309 0.0300311409 -0.0339405499
v 0.0773792788 0.0298617408 -0.0343356691
v 0.0786176324 0.0296119396 -0.0343356691
v 0.0772966668 0.02940326 -0.0346871614
v 0.0785160586 0.0291572809 -0.0346871614
v 0.0772083923 0.0289133098 -0.0349918008
v 0.078407459 0.0286714397 -0.0349918008
v 0.0771152899 0.0283965394 -0.035246551
v 0.0782929584 0.0281590205 -0.035246551
v 0.077018261 0.0278578904 -0.0354490802
v 0.0781735703 0.0276248399 -0.0354490802
v 0.0829464719 0.0304806791 -0.0308877807
v 0.0842057988 0.0299986005 -0.0308877807
v 0.0828989074 0.0303484201 -0.0314542018
v 0.0841528103 0.0298684202 -0.0314542018
v 0.0828330517 0.0301649496 -0.0320042893
v 0.0840793177 0.02968782 -0.0320042893
v 0.0827494189 0.0299320202 -0.0325328708
v 0.0839860365 0.0294586401 -0.0325328708
v 0.0826488137 0.0296518803 -0.0330348611
v 0.0838738605 0.0291829109 -0.0330348611
v 0.08253216 0.02932721 -0.0335056111
v 0.0837438703 0.0288633704 -0.0335056111
v 0.0824006721 0.0289609991 -0.0339405499
v 0.0835971832 0.0285029393 -0.0339405499
v 0.0822554827 0.0285567008 -0.0343356691
v 0.0834353492 0.0281050801 -0.0343356691
v 0.0820979998 0.0281182509 -0.0346871614
v 0.0832597613 0.0276735406 -0.0346871614
v 0.0819297433 0.0276497006 -0.0349918008
v 0.0830721185 0.0272123795 -0.0349918008
v 0.0817523003 0.0271555707 -0.035246551
v 0.082874231 0.0267260596 -0.035246551
v 0.08156728 0.0266404096 -0.0354490802
v 0.0890548229 0.0276321694 -0.0303103905
v 0.0878482386 0.0282441303 -0.0308877807
v 0.0890102312 0.0275599305 -0.0308877807
v 0.0877794623 0.0281215291 -0.0314542018
v 0.088936381 0.0274403002 -0.0314542018
v 0.0876840875 0.0279515292 -0.0320042893
v 0.0888339803 0.0272744205 -0.0320042893
v 0.0875629708 0.0277357101 -0.0325328708
v 0.0887040421 0.0270638391 -0.0325328708
v 0.0874172971 0.0274761301 -0.0330348611
v 0.0885476992 0.0268105194 -0.0330348611
v 0.0872484967 0.0271752402 -0.0335056111
v 0.088366501 0.0265169702 -0.0335056111
v 0.0870580599 0.0268359091 -0.0339405499
v 0.0881621167 0.0261858106 -0.0339405499
v 0.0868479013 0.0264612995 -0.0343356691
v 0.0879365206 0.0258203093 -0.0343356691
v 0.0866199136 0.0260550305 -0.0346871614
v 0.0876918435 0.0254238807 -0.0346871614
v 0.0863763019 0.0256208703 -0.0349918008
v 0.0874303505 0.0250002109 -0.0349918008
v 0.0861193463 0.0251629893 -0.035246551
v 0.0871545598 0.0245534107 -0.035246551
v 0.0858515501 0.0246856194 -0.0354490802
v 0.0923646614 0.02529197 -0.0303103905
v 0.0933998227 0.0244223401 -0.0303103905
v 0.0923114419 0.0252258703 -0.0308877807
v 0.0933439136 0.0243585091 -0.0308877807
v 0.0922232792 0.0251163803 -0.0314542018
v 0.0932512209 0.0242527705 -0.0314542018
v 0.0921010301 0.0249645095 -0.0320042893
v 0.0931227803 0.0241061393 -0.0320042893
v 0.0919458196 0.0247717407 -0.0325328708
v 0.092959702 0.0239199903 -0.0325328708
v 0.0917591378 0.0245399401 -0.0330348611
v 0.0927635431 0.0236961208 -0.0330348611
v 0.0915427804 0.0242711902 -0.0335056111
v 0.0925361514 0.0234366599 -0.0335056111
v 0.0912987515 0.0239681005 -0.0339405499
v 0.0922797322 0.0231439993 -0.0339405499
v 0.0910293385 0.0236335304 -0.0343356691
v 0.0919966623 0.0228209402 -0.0343356691
v 0.0907371566 0.0232706591 -0.0346871614
v 0.0916895792 0.0224705301 -0.0346871614
v 0.0904249474 0.0228829291 -0.0349918008
v 0.0913615227 0.02209609 -0.0349918008
v 0.0900956318 0.0224739294 -0.035246551
v 0.0910154507 0.0217012092 -0.035246551
v 0.0897523686 0.0220476296 -0.0354490802
v 0.0950903222 0.0173022095 -0.035246551
v 0.0946523473 0.0169740301 -0.0354490802
v 0.0939261317 0.0179022495 -0.0354490802
v 0.100854203 0.0148942396 -0.0303103905
v 0.100135498 0.0160403792 -0.0308877807
v 0.100778803 0.01485526 -0.0308877807
v 0.100013301 0.0159707591 -0.0314542018
v 0.100653902 0.0147908302 -0.0314542018
v 0.0998439714 0.0158741996 -0.0320042893
v 0.100480601 0.0147013599 -0.0320042893
v 0.0996289775 0.0157516506 -0.0325328708
v 0.100260697 0.0145878699 -0.0325328708
v 0.0993704125 0.0156041896 -0.0330348611
v 0.0999962613 0.0144513203 -0.0330348611
v 0.0990707204 0.0154333701 -0.0335056111
v 0.0996896625 0.01429307 -0.0335056111
v 0.0987326503 0.0152406003 -0.0339405499
v 0.0993438885 0.0141146099 -0.0339405499
v 0.0983595178 0.0150278797 -0.0343356691
v 0.0989622399 0.0139176203 -0.0343356691
v 0.0979548022 0.0147971502 -0.0346871614
v 0.0985482335 0.0137038799 -0.0346871614
v 0.0975223109 0.0145505602 -0.0349918008
v 0.0981058404 0.0134755298 -0.0349918008
v 0.0970661566 0.0142905097 -0.035246551
v 0.0976393223 0.0132347299 -0.035246551
v 0.0965906307 0.0140194204 -0.0354490802
v 0.102924198 0.00990450289 -0.0303103905
v 0.102405399 0.0111539299 -0.0308877807
v 0.102843396 0.00987857487 -0.0308877807
v 0.102273397 0.01110553 -0.0314542018
v 0.102709502 0.00983572006 -0.0314542018
v 0.102090403 0.0110383602 -0.0320042893
v 0.102523804 0.0097762337 -0.0320042893
v 0.101858102 0.01095312 -0.0325328708
v 0.102288097 0.00970077515 -0.0325328708
v 0.101578601 0.0108506596 -0.0330348611
v 0.102004699 0.00960999727 -0.0330348611
v 0.101254702 0.0107318098 -0.0335056111
v 0.101676099 0.00950473454 -0.0335056111
v 0.1008894 0.0105978204 -0.0339405499
v 0.101305597 0.00938606169 -0.0339405499
v 0.100486197 0.0104498798 -0.0343356691
v 0.1008965 0.00925505068 -0.0343356691
v 0.100048803 0.0102894297 -0.0346871614
v 0.100452803 0.00911295414 -0.0346871614
v 0.0995814204 0.0101180002 -0.0349918008
v 0.0999786779 0.00896108057 -0.0349918008
v 0.09908849 0.00993716717 -0.035246551
v 0.099478662 0.00880092289 -0.035246551
v 0.0985745713 0.00974863674 -0.0354490802
v 0.103917301 0.00597441103 -0.0303103905
v 0.1041383 0.00464057922 -0.0303103905
v 0.103833802 0.00595879508 -0.0308877807
v 0.104054302 0.00462847902 -0.0308877807
v 0.103695601 0.00593292713 -0.0314542018
v 0.103915103 0.00460839178 -0.0314542018
v 0.103504002 0.00589704514 -0.0320042893
v 0.1037222 0.00458049681 -0.0320042893
v 0.1032608 0.00585150719 -0.0325328708
v 0.103477202 0.00454515219 -0.0325328708
v 0.102968201 0.00579673005 -0.0330348611
v 0.103182703 0.00450259401 -0.0330348611
v 0.102629103 0.00573325111 -0.0335056111
v 0.102841198 0.00445330096 -0.0335056111
v 0.102246597 0.00566166593 -0.0339405499
v 0.102456003 0.00439768983 -0.0339405499
v 0.101824403 0.00558263017 -0.0343356691
v 0.102030903 0.00433629705 -0.0343356691
v 0.101366498 0.00549691916 -0.0346871614
v 0.101569802 0.00426971912 -0.0346871614
v 0.100877203 0.00540536596 -0.0349918008
v 0.101077102 0.00419860985 -0.0349918008
v 0.100361101 0.00530874683 -0.035246551
v 0.100557499 0.00412356807 -0.035246551
v 0.0998230502 0.00520801498 -0.0354490802
v 0.104381204 0.000598740997 -0.0308877807
v 0.104378097 -0.000749701983 -0.0308877807
v 0.104240596 0.000596142025 -0.0314542018
v 0.104237497 -0.000746448 -0.0314542018
v 0.104045697 0.000592537981 -0.0320042893
v 0.104042597 -0.000741934986 -0.0320042893
v 0.1037983 0.000587962975 -0.0325328708
v 0.103795201 -0.000736207003 -0.0325328708
v 0.103500701 0.000582460023 -0.0330348611
v 0.103497602 -0.00072931702 -0.0330348611
v 0.103155702 0.000576081977 -0.0335056111
v 0.1031527 -0.000721329998 -0.0335056111
v 0.1027667 0.000568887976 -0.0339405499
v 0.102763698 -0.000712323003 -0.0339405499
v 0.102337301 0.000560947985 -0.0343356691
v 0.102334298 -0.000702380028 -0.0343356691
v 0.101871401 0.000552334997 -0.0346871614
v 0.101868503 -0.000691595022 -0.0346871614
v 0.101373702 0.000543131027 -0.0349918008
v 0.101370797 -0.000680071011 -0.0349918008
v 0.100848697 0.000533424027 -0.035246551
v 0.100845903 -0.000667917018 -0.035246551
v 0.100301497 0.000523304974 -0.0354490802
v 0.100084901 -0.00661569787 -0.035246551
v 0.0995522067 -0.00649023009 -0.0354490802
v 0.0997985005 -0.00533771515 -0.0354490802
v 0.101934798 -0.0125821801 -0.0303103905
v 0.102352999 -0.0112955496 -0.0308877807
v 0.1018565 -0.0125492802 -0.0308877807
v 0.102221303 -0.0112465601 -0.0314542018
v 0.101727001 -0.0124947997 -0.0314542018
v 0.1020386 -0.0111785503 -0.0320042893
v 0.101547301 -0.0124192797 -0.0320042893
v 0.1018067 -0.01109224 -0.0325328708
v 0.101319097 -0.0123233702 -0.0325328708
v 0.101527698 -0.0109884096 -0.0330348611
v 0.1010447 -0.0122080399 -0.0330348611
v 0.101204298 -0.0108680697 -0.0335056111
v 0.100726701 -0.0120743504 -0.0335056111
v 0.100839697 -0.0107324095 -0.0339405499
v 0.100367904 -0.0119236102 -0.0339405499
v 0.100437097 -0.0105825597 -0.0343356691
v 0.0999719501 -0.0117571298 -0.0343356691
v 0.100000501 -0.0104200803 -0.0346871614
v 0.0995424911 -0.0115766497 -0.0346871614
v 0.0995339081 -0.0102464501 -0.0349918008
v 0.0990835428 -0.0113837104 -0.0349918008
v 0.0990418121 -0.0100633502 -0.035246551
v 0.0985994935 -0.0111802798 -0.035246551
v 0.098528862 -0.00987243559 -0.0354490802
v 0.100133903 -0.0162137691 -0.0303103905
v 0.0994346067 -0.01737082 -0.0303103905
v 0.100060403 -0.0161713902 -0.0308877807
v 0.0993629023 -0.0173253994 -0.0308877807
v 0.0999385715 -0.0161011796 -0.0314542018
v 0.0992441103 -0.0172502305 -0.0314542018
v 0.0997696519 -0.0160038397 -0.0320042893
v 0.0990794301 -0.0171459299 -0.0320042893
v 0.0995552465 -0.0158802792 -0.0325328708
v 0.0988703296 -0.0170135405 -0.0325328708
v 0.0992973968 -0.0157316308 -0.0330348611
v 0.0986188576 -0.0168543402 -0.0330348611
v 0.0989984199 -0.0155593697 -0.0335056111
v 0.0983273312 -0.0166697502 -0.0335056111
v 0.0986613035 -0.01536512 -0.0339405499
v 0.0979986116 -0.0164616108 -0.0339405499
v 0.0982891917 -0.0151506001 -0.0343356691
v 0.0976356789 -0.0162318293 -0.0343356691
v 0.097885482 -0.0149179604 -0.0346871614
v 0.0972421095 -0.0159825608 -0.0346871614
v 0.0974541903 -0.01466941 -0.0349918008
v 0.0968214795 -0.0157162491 -0.0349918008
v 0.0969992802 -0.0144072101 -0.035246551
v 0.0963778421 -0.0154353902 -0.035246551
v 0.0965250134 -0.0141339302 -0.0354490802
v 0.0970565602 -0.0206535999 -0.0303103905
v 0.0969910622 -0.0205995999 -0.0308877807
v 0.0961118937 -0.0216220599 -0.0308877807
v 0.0968825817 -0.0205101892 -0.0314542018
v 0.0960072204 -0.0215282403 -0.0314542018
v 0.0967321917 -0.0203862097 -0.0320042893
v 0.0958620906 -0.02139806 -0.0320042893
v 0.0965412185 -0.0202287994 -0.0325328708
v 0.0956778526 -0.0212328397 -0.0325328708
v 0.0963115022 -0.0200394895 -0.0330348611
v 0.0954563022 -0.0210341197 -0.0330348611
v 0.0960453078 -0.0198200308 -0.0335056111
v 0.0951993987 -0.0208037999 -0.0335056111
v 0.0957450196 -0.0195725504 -0.0339405499
v 0.0949097201 -0.0205439907 -0.0339405499
v 0.0954136178 -0.0192993209 -0.0343356691
v 0.0945899412 -0.0202572308 -0.0343356691
v 0.09505409 -0.0190030299 -0.0346871614
v 0.0942431018 -0.0199462101 -0.0346871614
v 0.0946699306 -0.0186863504 -0.0349918008
v 0.0938724205 -0.0196138602 -0.0349918008
v 0.0942647979 -0.01835238 -0.035246551
v 0.0934815407 -0.0192633197 -0.035246551
v 0.0938424394 -0.0180042293 -0.0354490802
v 0.0932301208 -0.0244577508 -0.0308877807
v 0.0921936035 -0.0253202897 -0.0308877807
v 0.0931379721 -0.0243515894 -0.0314542018
v 0.0921059176 -0.0252103806 -0.0314542018
v 0.0930101797 -0.0242043696 -0.0320042893
v 0.0919843912 -0.0250579696 -0.0320042893
v 0.0928479433 -0.0240174495 -0.0325328708
v 0.0918300673 -0.0248644892 -0.0325328708
v 0.0926528499 -0.0237926804 -0.0330348611
v 0.0916445181 -0.0246317908 -0.0330348611
v 0.0924266502 -0.0235321503 -0.0335056111
v 0.0914294124 -0.0243620202 -0.0335056111
v 0.092171602 -0.0232382994 -0.0339405499
v 0.0911867619 -0.0240578596 -0.0339405499
v 0.0918900296 -0.0229139291 -0.0343356691
v 0.0909189507 -0.0237220507 -0.0343356691
v 0.0915846229 -0.0225620791 -0.0346871614
v 0.0906284377 -0.0233577993 -0.0346871614
v 0.09125828 -0.0221861601 -0.0349918008
v 0.0903180763 -0.0229685903 -0.0349918008
v 0.0909141302 -0.0217896104 -0.035246551
v 0.089990668 -0.0225580893 -0.035246551
v 0.0905553102 -0.0213763099 -0.0354490802
v 0.08775758 -0.0283919498 -0.0303103905
v 0.0888815522 -0.0276389699 -0.0308877807
v 0.0877164006 -0.0283176806 -0.0308877807
v 0.0888082907 -0.0275189802 -0.0314542018
v 0.0876482129 -0.0281947795 -0.0314542018
v 0.0887066722 -0.0273526292 -0.0320042893
v 0.0875535607 -0.0280243699 -0.0320042893
v 0.0885776803 -0.0271413904 -0.0325328708
v 0.0874335095 -0.0278079491 -0.0325328708
v 0.0884225294 -0.0268874094 -0.0330348611
v 0.0872890279 -0.0275477096 -0.0330348611
v 0.0882427022 -0.0265929606 -0.0335056111
v 0.0871215984 -0.0272460505 -0.0335056111
v 0.0880398676 -0.0262609106 -0.0339405499
v 0.0869327709 -0.0269058291 -0.0339405499
v 0.0878159404 -0.0258943401 -0.0343356691
v 0.0867243409 -0.0265302602 -0.0343356691
v 0.0875731111 -0.0254967194 -0.0346871614
v 0.0864982605 -0.0261229202 -0.0346871614
v 0.087313652 -0.0250719097 -0.0349918008
v 0.0862566829 -0.0256876294 -0.0349918008
v 0.0870399401 -0.0246238094 -0.035246551
v 0.086001873 -0.0252285004 -0.035246551
v 0.0867546201 -0.0241566803 -0.0354490802
v 0.0828325078 -0.0306114499 -0.0303103905
v 0.0840657875 -0.0300552193 -0.0308877807
v 0.082804203 -0.0305314008 -0.0308877807
v 0.0840134025 -0.0299247503 -0.0314542018
v 0.0827573463 -0.0303988997 -0.0314542018
v 0.0839407966 -0.0297438502 -0.0320042893
v 0.0826922581 -0.0302150808 -0.0320042893
v 0.0838485882 -0.0295141898 -0.0325328708
v 0.0826097131 -0.0299817901 -0.0325328708
v 0.0837376714 -0.02923798 -0.0330348611
v 0.0825104713 -0.0297012292 -0.0330348611
v 0.0836091563 -0.0289177801 -0.0335056111
v 0.0823953673 -0.0293759704 -0.0335056111
v 0.0834641978 -0.0285567008 -0.0339405499
v 0.0822655484 -0.0290091597 -0.0339405499
v 0.0833041593 -0.0281580593 -0.0343356691
v 0.0821222588 -0.0286042001 -0.0343356691
v 0.0831305906 -0.0277257506 -0.0346871614
v 0.0819668099 -0.0281650405 -0.0346871614
v 0.0829451606 -0.0272637606 -0.0349918008
v 0.0818007514 -0.0276957098 -0.0349918008
v 0.0827495381 -0.0267764907 -0.035246551
v 0.0816255808 -0.0272006895 -0.035246551
v 0.0825456306 -0.02626854 -0.0354490802
v 0.0814430118 -0.0266847592 -0.0354490802
v 0.0776076913 -0.0319837295 -0.0303103905
v 0.0775930211 -0.0319001004 -0.0308877807
v 0.0762602612 -0.0321052596 -0.0308877807
v 0.077568762 -0.0317616388 -0.0314542018
v 0.0762417912 -0.0319659114 -0.0314542018
v 0.0775350928 -0.0315696001 -0.0320042893
v 0.0762161613 -0.0317726694 -0.0320042893
v 0.0774923488 -0.0313258693 -0.0325328708
v 0.0761835501 -0.0315273404 -0.0325328708
v 0.07744091 -0.0310326796 -0.0330348611
v 0.0761444494 -0.03123229 -0.0330348611
v 0.0773813725 -0.0306928698 -0.0335056111
v 0.0760990307 -0.0308902804 -0.0335056111
v 0.077314131 -0.0303096101 -0.0339405499
v 0.0760478303 -0.0305045191 -0.0339405499
v 0.0772399902 -0.02988654 -0.0343356691
v 0.0759913325 -0.0300787594 -0.0343356691
v 0.0771595165 -0.0294276401 -0.0346871614
v 0.0759300515 -0.0296168905 -0.0346871614
v 0.0770735666 -0.0289372802 -0.0349918008
v 0.0758646131 -0.0291234199 -0.0349918008
v 0.0769828483 -0.0284200907 -0.035246551
v 0.0757955313 -0.0286028907 -0.035246551
v 0.0768883824 -0.0278809592 -0.0354490802
v 0.0757235214 -0.0280603096 -0.0354490802
v 0.0722270012 -0.0323858783 -0.0308877807
v 0.0708786771 -0.0323672816 -0.0308877807
v 0.0722260401 -0.0322453305 -0.0314542018
v 0.0708835721 -0.0322268009 -0.0314542018
v 0.0722246692 -0.0320503712 -0.0320042893
v 0.0708903 -0.0320319496 -0.0320042893
v 0.0722229406 -0.0318029486 -0.0325328708
v 0.0708988905 -0.0317846499 -0.0325328708
v 0.0722208619 -0.0315052792 -0.0330348611
v 0.0709092021 -0.0314871594 -0.0330348611
v 0.0722184107 -0.0311602894 -0.0335056111
v 0.070921123 -0.0311423503 -0.0335056111
v 0.0722156689 -0.0307711903 -0.0339405499
v 0.0709345937 -0.0307534896 -0.0339405499
v 0.0722126886 -0.0303416792 -0.0343356691
v 0.0709494874 -0.0303242207 -0.0343356691
v 0.0722094104 -0.0298758093 -0.0346871614
v 0.0709655806 -0.0298585799 -0.0346871614
v 0.0722059608 -0.0293779895 -0.0349918008
v 0.0709828734 -0.0293610599 -0.0349918008
v 0.0722022578 -0.0288529303 -0.035246551
v 0.0710010529 -0.0288363006 -0.035246551
v 0.072198391 -0.0283055902 -0.0354490802
v 0.0655112192 -0.0318166614 -0.0303103905
v 0.0668547079 -0.0319753811 -0.0308877807
v 0.0655281469 -0.0317335092 -0.0308877807
v 0.0668770596 -0.0318365619 -0.0314542018
v 0.0655562803 -0.0315957591 -0.0314542018
v 0.0669080615 -0.0316440985 -0.0320042893
v 0.0655952021 -0.0314047299 -0.0320042893
v 0.066947341 -0.031399779 -0.0325328708
v 0.0656446815 -0.0311622601 -0.0325328708
v 0.0669946596 -0.03110593 -0.0330348611
v 0.0657041594 -0.0308706108 -0.0330348611
v 0.0670494437 -0.0307652894 -0.0335056111
v 0.0657730624 -0.0305325296 -0.0335056111
v 0.0671112463 -0.0303811394 -0.0339405499
v 0.0658508465 -0.0301513001 -0.0339405499
v 0.0671795011 -0.0299570505 -0.0343356691
v 0.0659366772 -0.0297304299 -0.0343356691
v 0.06725353 -0.0294970796 -0.0346871614
v 0.0660297796 -0.0292739198 -0.0346871614
v 0.0673326179 -0.0290055797 -0.0349918008
v 0.0661292598 -0.0287861191 -0.0349918008
v 0.0674160123 -0.0284871999 -0.035246551
v 0.0662341714 -0.0282716695 -0.035246551
v 0.067502968 -0.0279467702 -0.0354490802
v 0.0603262112 -0.0303006098 -0.0303103905
v 0.0616248809 -0.0306798797 -0.0308877807
v 0.0603567287 -0.0302214008 -0.0308877807
v 0.0616698787 -0.0305467192 -0.0314542018
v 0.0604072809 -0.0300902091 -0.0314542018
v 0.0617323518 -0.0303620603 -0.0320042893
v 0.0604773685 -0.0299082901 -0.0320042893
v 0.0618116185 -0.0301276408 -0.0325328708
v 0.0605662987 -0.0296773892 -0.0325328708
v 0.0619069897 -0.0298456494 -0.0330348611
v 0.0606733486 -0.0293996297 -0.0330348611
v 0.0620175004 -0.0295188408 -0.0335056111
v 0.0607973896 -0.0290776994 -0.0335056111
v 0.06214213 -0.0291502401 -0.0339405499
v 0.0609372817 -0.0287145898 -0.0339405499
v 0.0622797608 -0.0287433192 -0.0343356691
v 0.0610916615 -0.02831381 -0.0343356691
v 0.0624290109 -0.0283020101 -0.0346871614
v 0.0612591505 -0.02787905 -0.0346871614
v 0.0625884533 -0.0278304201 -0.0349918008
v 0.0614381395 -0.0274145007 -0.0349918008
v 0.0627567098 -0.0273330193 -0.035246551
v 0.0616269112 -0.0269245505 -0.035246551
v 0.062932007 -0.0268145204 -0.0354490802
v 0.0566419885 -0.0286100507 -0.0303103905
v 0.0554643199 -0.0279459897 -0.0303103905
v 0.0566820987 -0.0285353009 -0.0308877807
v 0.0555075407 -0.02787292 -0.0308877807
v 0.0567486212 -0.0284114406 -0.0314542018
v 0.0555791184 -0.0277519207 -0.0314542018
v 0.0568408296 -0.02823966 -0.0320042893
v 0.0556784198 -0.0275841299 -0.0320042893
v 0.0569578409 -0.0280216299 -0.0325328708
v 0.0558044314 -0.0273711607 -0.0325328708
v 0.0570986196 -0.0277593695 -0.0330348611
v 0.0559559986 -0.0271149799 -0.0330348611
v 0.0572618209 -0.0274553802 -0.0335056111
v 0.0561317205 -0.0268180892 -0.0335056111
v 0.05744588 -0.0271125399 -0.0339405499
v 0.0563298389 -0.0264831707 -0.0339405499
v 0.0576490089 -0.02673411 -0.0343356691
v 0.0565485917 -0.0261135101 -0.0343356691
v 0.057869371 -0.0263236109 -0.0346871614
v 0.0567858182 -0.0257126 -0.0346871614
v 0.0581048094 -0.0258849803 -0.0349918008
v 0.0570393205 -0.0252841096 -0.0349918008
v 0.0583531186 -0.0254223291 -0.035246551
v 0.0573066995 -0.0248322394 -0.035246551
v 0.0586120412 -0.0249401294 -0.0354490802
v 0.0597807094 0.0255330205 -0.0354490802
v 0.0606386587 0.0265226904 -0.035246551
v 0.0604318902 0.0270053092 -0.0349918008
v 0.0602358505 0.02746295 -0.0346871614
v 0.0600524507 0.0278911497 -0.0343356691
v 0.059883289 0.0282860305 -0.0339405499
v 0.0597300492 0.0286436602 -0.0335056111
v 0.0595942102 0.0289608203 -0.0330348611
v 0.0594770312 0.0292344 -0.0325328708
v 0.0593795702 0.0294619203 -0.0320042893
v 0.0593027994 0.02964109 -0.0314542018
v 0.05924749 0.0297703091 -0.0308877807
v 0.0630325601 0.0312088095 -0.0303103905
v 0.0630559921 0.0311272107 -0.0308877807
v 0.0630947873 0.0309920907 -0.0314542018
v 0.0631486103 0.0308047496 -0.0320042893
v 0.0632169768 0.0305668693 -0.0325328708
v 0.0632991716 0.0302808192 -0.0330348611
v 0.0633944795 0.0299492404 -0.0335056111
v 0.063501887 0.0295752194 -0.0339405499
v 0.0636205599 0.0291623995 -0.0343356691
v 0.0637491867 0.0287146494 -0.0346871614
v 0.0638867021 0.0282362103 -0.0349918008
v 0.0640316606 0.0277315304 -0.035246551
v 0.0641828105 0.0272054598 -0.0354490802
v 0.06519299 0.0280392095 -0.035246551
v 0.0650690719 0.0285494309 -0.0349918008
v 0.0649516508 0.0290332399 -0.0346871614
v 0.0648417398 0.0294859391 -0.0343356691
v 0.0647404119 0.0299033504 -0.0339405499
v 0.0646486208 0.0302814804 -0.0335056111
v 0.0645672008 0.0306167603 -0.0330348611
v 0.0644969866 0.0309060197 -0.0325328708
v 0.0644386411 0.0311464593 -0.0320042893
v 0.0643926188 0.0313359387 -0.0314542018
v 0.0643594787 0.03147256 -0.0308877807
v 0.0643394515 0.0315550491 -0.0303103905
v 0.069935672 0.0287796799 -0.035246551
v 0.0698981211 0.0293034296 -0.0349918008
v 0.0698624775 0.0297999308 -0.0346871614
v 0.0698291585 0.03026467 -0.0343356691
v 0.0697984025 0.0306931101 -0.0339405499
v 0.0697705671 0.0310811903 -0.0335056111
v 0.0697458908 0.0314253494 -0.0330348611
v 0.0697246119 0.0317221805 -0.0325328708
v 0.0697069094 0.0319690704 -0.0320042893
v 0.0696929619 0.0321635008 -0.0314542018
v 0.0696828887 0.0323036909 -0.0308877807
v 0.0711354613 0.0288406592 -0.035246551
v 0.0711197183 0.0293654706 -0.0349918008
v 0.0711048171 0.0298631098 -0.0346871614
v 0.0710908696 0.0303288102 -0.0343356691
v 0.0710780025 0.0307581406 -0.0339405499
v 0.0710663125 0.0311470609 -0.0335056111
v 0.0710560009 0.0314919315 -0.0330348611
v 0.0710470602 0.0317894183 -0.0325328708
v 0.0710396692 0.0320367813 -0.0320042893
v 0.071033828 0.0322316214 -0.0314542018
v 0.0710296035 0.0323721692 -0.0308877807
v 0.0710271001 0.0324569903 -0.0303103905
v 0.0747355223 0.0287236497 -0.035246551
v 0.0747852921 0.0292463806 -0.0349918008
v 0.0748324916 0.0297419392 -0.0346871614
v 0.0748766586 0.0302057192 -0.0343356691
v 0.0749173686 0.0306333303 -0.0339405499
v 0.0749542713 0.0310206991 -0.0335056111
v 0.0749869868 0.0313641392 -0.0330348611
v 0.0750152394 0.0316604301 -0.0325328708
v 0.0750386715 0.0319067799 -0.0320042893
v 0.0750571415 0.0321008489 -0.0314542018
v 0.0750705004 0.0322408006 -0.0308877807
v 0.0759287998 0.0285848901 -0.035246551
v 0.0760003328 0.0291050598 -0.0349918008
v 0.0760681033 0.0295982305 -0.0346871614
v 0.0761315227 0.0300598107 -0.0343356691
v 0.076190047 0.0304853301 -0.0339405499
v 0.0762430429 0.0308708493 -0.0335056111
v 0.0762900114 0.0312126204 -0.0330348611
v 0.0763305426 0.0315074883 -0.0325328708
v 0.0763642117 0.0317526385 -0.0320042893
v 0.0763907433 0.0319457613 -0.0314542018
v 0.0764099285 0.0320850611 -0.0308877807
v 0.0764214918 0.0321691595 -0.0303103905
v 0.0794596598 0.0278726798 -0.035246551
v 0.0795953795 0.0283798501 -0.0349918008
v 0.079724133 0.0288608 -0.0346871614
v 0.0798445866 0.0293108206 -0.0343356691
v 0.07995563 0.0297257304 -0.0339405499
v 0.0800561905 0.0301016495 -0.0335056111
v 0.0801454112 0.0304349009 -0.0330348611
v 0.0802223608 0.03072243 -0.0325328708
v 0.0802863166 0.0309615098 -0.0320042893
v 0.0803367421 0.0311498009 -0.0314542018
v 0.0803731009 0.0312856399 -0.0308877807
v 0.0803950429 0.0313675888 -0.0303103905
v 0.0806134269 0.0275379997 -0.035246551
v 0.0807701871 0.0280390903 -0.0349918008
v 0.0809187815 0.0285142008 -0.0346871614
v 0.0810578987 0.0289588496 -0.0343356691
v 0.0811861083 0.0293688104 -0.0339405499
v 0.0813022777 0.0297402106 -0.0335056111
v 0.081405282 0.0300694704 -0.0330348611
v 0.0814940929 0.0303535406 -0.0325328708
v 0.0815680027 0.03058975 -0.0320042893
v 0.0816261694 0.0307757799 -0.0314542018
v 0.0816681311 0.0309099499 -0.0308877807
v 0.0816934705 0.0309909508 -0.0303103905
v 0.0854791924 0.0295417309 -0.0303103905
v 0.0854439735 0.0294645391 -0.0308877807
v 0.0853856206 0.0293366294 -0.0314542018
v 0.08530467 0.0291593 -0.0320042893
v 0.0852019116 0.0289341193 -0.0325328708
v 0.0850783512 0.0286633298 -0.0330348611
v 0.0849351808 0.0283494499 -0.0335056111
v 0.0847736523 0.0279954597 -0.0339405499
v 0.0845953226 0.0276046898 -0.0343356691
v 0.0844019577 0.0271808505 -0.0346871614
v 0.0841953084 0.0267279092 -0.0349918008
v 0.0839773417 0.0262502395 -0.035246551
v 0.0837501213 0.0257523004 -0.0354490802
v 0.0850596428 0.0257288795 -0.035246551
v 0.0852973387 0.0261971299 -0.0349918008
v 0.0855226517 0.0266410094 -0.0346871614
v 0.0857335329 0.02705645 -0.0343356691
v 0.0859279633 0.0274394695 -0.0339405499
v 0.0861040279 0.02778643 -0.0335056111
v 0.0862601921 0.0280941091 -0.0330348611
v 0.0863948986 0.0283595305 -0.0325328708
v 0.0865069628 0.0285801794 -0.0320042893
v 0.0865951702 0.0287539903 -0.0314542018
v 0.086658828 0.0288793407 -0.0308877807
v 0.0901902914 0.0268982593 -0.0303103905
v 0.0901427194 0.0268279891 -0.0308877807
v 0.0900639817 0.0267115198 -0.0314542018
v 0.0899547264 0.0265500508 -0.0320042893
v 0.089816153 0.0263450108 -0.0325328708
v 0.0896493718 0.0260984804 -0.0330348611
v 0.089456141 0.0258126799 -0.0335056111
v 0.0892381594 0.0254903398 -0.0339405499
v 0.0889975429 0.0251345597 -0.0343356691
v 0.0887365267 0.0247486196 -0.0346871614
v 0.0884576365 0.0243362095 -0.0349918008
v 0.0881634876 0.02390128 -0.035246551
v 0.0878568813 0.0234478693 -0.0354490802
v 0.0891444609 0.0232077204 -0.035246551
v 0.0894564316 0.0236300807 -0.0349918008
v 0.0897522494 0.0240304992 -0.0346871614
v 0.0900290608 0.0244052391 -0.0343356691
v 0.0902842805 0.0247507002 -0.0339405499
v 0.0905154869 0.0250636898 -0.0335056111
v 0.0907204673 0.0253411494 -0.0330348611
v 0.0908973813 0.0255805794 -0.0325328708
v 0.0910443589 0.0257795993 -0.0320042893
v 0.0911602303 0.0259364191 -0.0314542018
v 0.0912437364 0.0260494892 -0.0308877807
v 0.0943393707 0.0234488808 -0.0308877807
v 0.0942423865 0.02334713 -0.0314542018
v 0.0941079184 0.02320599 -0.0320042893
v 0.0939372107 0.0230268203 -0.0325328708
v 0.0937319323 0.0228112899 -0.0330348611
v 0.093493931 0.0225614905 -0.0335056111
v 0.0932255313 0.0222797301 -0.0339405499
v 0.0929293036 0.0219687801 -0.0343356691
v 0.092607908 0.02163147 -0.0346871614
v 0.092264533 0.0212709904 -0.0349918008
v 0.0919023678 0.0208908301 -0.035246551
v 0.091524832 0.0204945803 -0.0354490802
v 0.0927547216 0.0200442597 -0.035246551
v 0.0931324288 0.0204090402 -0.0349918008
v 0.0934904814 0.02075487 -0.0346871614
v 0.0938256308 0.0210785195 -0.0343356691
v 0.0941345617 0.0213769004 -0.0339405499
v 0.0944144726 0.0216472093 -0.0335056111
v 0.0946626589 0.0218868796 -0.0330348611
v 0.0948767588 0.02209365 -0.0325328708
v 0.0950547382 0.0222655497 -0.0320042893
v 0.095194988 0.0224009696 -0.0314542018
v 0.0952960774 0.0224986598 -0.0308877807
v 0.0957905576 0.0163260605 -0.035246551
v 0.0962235332 0.0166231301 -0.0349918008
v 0.0966339707 0.0169048291 -0.0346871614
v 0.0970181227 0.0171684604 -0.0343356691
v 0.0973722935 0.0174114704 -0.0339405499
v 0.0976931378 0.0176316407 -0.0335056111
v 0.0979775712 0.0178268496 -0.0330348611
v 0.0982230306 0.0179952905 -0.0325328708
v 0.0984270498 0.0181352999 -0.0320042893
v 0.098587811 0.0182455704 -0.0314542018
v 0.0987036824 0.01832515 -0.0308877807
v 0.0987737104 0.0183731895 -0.0303103905
v 0.0964495465 0.01532155 -0.035246551
v 0.0968945026 0.0156003796 -0.0349918008
v 0.0973163173 0.0158647206 -0.0346871614
v 0.0977110788 0.0161121394 -0.0343356691
v 0.0980750918 0.0163401905 -0.0339405499
v 0.0984048173 0.0165468398 -0.0335056111
v 0.0986971185 0.0167300701 -0.0330348611
v 0.0989493728 0.0168880802 -0.0325328708
v 0.0991590619 0.0170195103 -0.0320042893
v 0.0993242189 0.0171230398 -0.0314542018
v 0.0994433686 0.0171976592 -0.0308877807
v 0.0995153114 0.0172427204 -0.0303103905
v 0.0976716205 0.01192539 -0.0354490802
v 0.098168008 0.0121559501 -0.035246551
v 0.0986441895 0.0123771997 -0.0349918008
v 0.0990957022 0.0125868898 -0.0346871614
v 0.0995181724 0.0127831604 -0.0343356691
v 0.0999077484 0.0129641201 -0.0339405499
v 0.1002606 0.0131281 -0.0335056111
v 0.100573502 0.0132734096 -0.0330348611
v 0.100843497 0.0133988196 -0.0325328708
v 0.101067901 0.01350307 -0.0320042893
v 0.1012448 0.0135851996 -0.0314542018
v 0.101372302 0.0136444503 -0.0308877807
v 0.0986513421 0.0110561196 -0.035246551
v 0.0991362929 0.0112573504 -0.0349918008
v 0.0995961428 0.0114480797 -0.0346871614
v 0.100026503 0.0116266003 -0.0343356691
v 0.100423202 0.0117912199 -0.0339405499
v 0.100782603 0.0119403005 -0.0335056111
v 0.101101302 0.0120724998 -0.0330348611
v 0.101376198 0.0121865198 -0.0325328708
v 0.101604797 0.0122813499 -0.0320042893
v 0.1017849 0.0123560997 -0.0314542018
v 0.101914696 0.0124099199 -0.0308877807
v 0.0992934108 0.00750434306 -0.0354490802
v 0.0998211503 0.00764942123 -0.035246551
v 0.100327402 0.00778865814 -0.0349918008
v 0.100807399 0.00792062189 -0.0346871614
v 0.101256698 0.00804412272 -0.0343356691
v 0.101670802 0.00815802813 -0.0339405499
v 0.102045998 0.00826120283 -0.0335056111
v 0.102378704 0.00835263729 -0.0330348611
v 0.1026657 0.00843155291 -0.0325328708
v 0.102904297 0.00849717762 -0.0320042893
v 0.103092298 0.00854885485 -0.0314542018
v 0.103227802 0.00858610775 -0.0308877807
v 0.103309698 0.00860863924 -0.0303103905
v 0.1001155 0.00648468686 -0.035246551
v 0.100627102 0.00660270406 -0.0349918008
v 0.101112202 0.00671458198 -0.0346871614
v 0.101566099 0.00681930687 -0.0343356691
v 0.101984702 0.00691586686 -0.0339405499
v 0.102363899 0.00700330688 -0.0335056111
v 0.102700099 0.00708085205 -0.0330348611
v 0.102990098 0.00714772893 -0.0325328708
v 0.103231199 0.00720334006 -0.0320042893
v 0.103421196 0.00724714901 -0.0314542018
v 0.103558198 0.00727873994 -0.0308877807
v 0.104219101 0.00329017593 -0.0308877807
v 0.104079299 0.00327587104 -0.0314542018
v 0.103885397 0.00325608207 -0.0320042893
v 0.1036392 0.00323092891 -0.0325328708
v 0.103343099 0.00320070889 -0.0330348611
v 0.102999799 0.00316566206 -0.0335056111
v 0.102612697 0.00312608411 -0.0339405499
v 0.102185398 0.00308245397 -0.0343356691
v 0.101722002 0.00303512788 -0.0346871614
v 0.101226702 0.00298458291 -0.0349918008
v 0.100704297 0.00293123699 -0.035246551
v 0.100159802 0.00287562609 -0.0354490802
v 0.100801498 0.00173383905 -0.035246551
v 0.101325601 0.00176537002 -0.0349918008
v 0.1018226 0.00179529097 -0.0346871614
v 0.102287598 0.00182324601 -0.0343356691
v 0.102716297 0.00184905506 -0.0339405499
v 0.103104703 0.00187247898 -0.0335056111
v 0.103449099 0.00189322198 -0.0330348611
v 0.103746198 0.00191110303 -0.0325328708
v 0.1039932 0.00192594505 -0.0320042893
v 0.104187898 0.00193768705 -0.0314542018
v 0.1043282 0.00194609095 -0.0308877807
v 0.104412898 0.00195121695 -0.0303103905
v 0.104318701 -0.0020968311 -0.0308877807
v 0.104178503 -0.00208771206 -0.0314542018
v 0.103983901 -0.0020750761 -0.0320042893
v 0.103736997 -0.00205904199 -0.0325328708
v 0.103439897 -0.00203978992 -0.0330348611
v 0.103095703 -0.00201743795 -0.0335056111
v 0.102707401 -0.00199228502 -0.0339405499
v 0.102278799 -0.00196444895 -0.0343356691
v 0.101813897 -0.001934289 -0.0346871614
v 0.1013171 -0.001902043 -0.0349918008
v 0.100793101 -0.00186806906 -0.035246551
v 0.100246899 -0.00183260394 -0.0354490802
v 0.100690402 -0.00306499004 -0.035246551
v 0.101212502 -0.00312077906 -0.0349918008
v 0.101707503 -0.00317364908 -0.0346871614
v 0.102170698 -0.00322318007 -0.0343356691
v 0.102597803 -0.00326877809 -0.0339405499
v 0.102984697 -0.00331014302 -0.0335056111
v 0.103327803 -0.00334680011 -0.0330348611
v 0.1036238 -0.00337839103 -0.0325328708
v 0.103869803 -0.00340467598 -0.0320042893
v 0.104063697 -0.0034254191 -0.0314542018
v 0.1042035 -0.00344032003 -0.0308877807
v 0.1042879 -0.00344932009 -0.0303103905
v 0.0997852013 -0.00777906086 -0.035246551
v 0.100290798 -0.00792062189 -0.0349918008
v 0.100770198 -0.00805485155 -0.0346871614
v 0.101218797 -0.00818043854 -0.0343356691
v 0.101632498 -0.0082962513 -0.0339405499
v 0.102007203 -0.00840115454 -0.0335056111
v 0.102339402 -0.00849419832 -0.0330348611
v 0.102626003 -0.00857442617 -0.0325328708
v 0.102864303 -0.00864112284 -0.0320042893
v 0.103052102 -0.00869369507 -0.0314542018
v 0.103187501 -0.00873160269 -0.0308877807
v 0.103269197 -0.00875449087 -0.0303103905
v 0.0994372889 -0.00892895367 -0.035246551
v 0.099936597 -0.00909143593 -0.0349918008
v 0.100409999 -0.00924545527 -0.0346871614
v 0.100853004 -0.00938963797 -0.0343356691
v 0.1012614 -0.00952255726 -0.0339405499
v 0.1016315 -0.00964301825 -0.0335056111
v 0.101959497 -0.00974977016 -0.0330348611
v 0.102242596 -0.00984185934 -0.0325328708
v 0.102477901 -0.00991845131 -0.0320042893
v 0.102663301 -0.00997877121 -0.0314542018
v 0.102797002 -0.0100222798 -0.0308877807
v 0.0976157114 -0.0120449001 -0.0354490802
v 0.0981110334 -0.0122778397 -0.035246551
v 0.0985862017 -0.0125012305 -0.0349918008
v 0.0990366936 -0.01271307 -0.0346871614
v 0.0994583294 -0.0129113104 -0.0343356691
v 0.0998470113 -0.0130941197 -0.0339405499
v 0.100199103 -0.0132596996 -0.0335056111
v 0.100511402 -0.0134065105 -0.0330348611
v 0.100780703 -0.0135331703 -0.0325328708
v 0.101004697 -0.0136384303 -0.0320042893
v 0.101181097 -0.0137213999 -0.0314542018
v 0.101308301 -0.0137812402 -0.0308877807
v 0.0975773335 -0.0133541198 -0.035246551
v 0.0980427787 -0.0135971298 -0.0349918008
v 0.0984840319 -0.0138274999 -0.0346871614
v 0.0988970324 -0.0140431495 -0.0343356691
v 0.0992777869 -0.0142419301 -0.0339405499
v 0.099622719 -0.0144220497 -0.0335056111
v 0.0999285504 -0.0145817297 -0.0330348611
v 0.100192398 -0.0147194797 -0.0325328708
v 0.100411803 -0.0148339802 -0.0320042893
v 0.100584596 -0.0149242198 -0.0314542018
v 0.1007092 -0.0149893099 -0.0308877807
v 0.0952643678 -0.01612496 -0.0354490802
v 0.0957142115 -0.0164367501 -0.035246551
v 0.0961457416 -0.0167359095 -0.0349918008
v 0.0965549275 -0.0170195103 -0.0346871614
v 0.0969378278 -0.0172848701 -0.0343356691
v 0.0972908065 -0.0175295398 -0.0339405499
v 0.0976106524 -0.0177512094 -0.0335056111
v 0.0978941917 -0.0179477893 -0.0330348611
v 0.0981388018 -0.0181172993 -0.0325328708
v 0.0983422324 -0.0182583295 -0.0320042893
v 0.0985024497 -0.0183693692 -0.0314542018
v 0.0986179709 -0.0184494201 -0.0308877807
v 0.0950094387 -0.0174096804 -0.035246551
v 0.0954281613 -0.0177264791 -0.0349918008
v 0.0958251283 -0.0180268809 -0.0346871614
v 0.0961966515 -0.0183079801 -0.0343356691
v 0.0965391919 -0.0185671393 -0.0339405499
v 0.0968495011 -0.0188019201 -0.0335056111
v 0.0971246287 -0.0190101191 -0.0330348611
v 0.0973619819 -0.0191897098 -0.0325328708
v 0.0975593328 -0.0193390194 -0.0320042893
v 0.0977147818 -0.0194566194 -0.0314542018
v 0.0978268906 -0.0195415001 -0.0308877807
v 0.0978946015 -0.0195927005 -0.0303103905
v 0.0926610231 -0.0201408193 -0.035246551
v 0.0930370018 -0.0205073301 -0.0349918008
v 0.0933934972 -0.0208548307 -0.0346871614
v 0.0937271118 -0.02118003 -0.0343356691
v 0.0940346718 -0.0214798395 -0.0339405499
v 0.0943133235 -0.0217514597 -0.0335056111
v 0.0945603773 -0.0219923202 -0.0330348611
v 0.0947734714 -0.0222001001 -0.0325328708
v 0.0949506685 -0.02237284 -0.0320042893
v 0.09509027 -0.0225089099 -0.0314542018
v 0.0951909423 -0.0226070192 -0.0308877807
v 0.0918047428 -0.0209833905 -0.035246551
v 0.0921651125 -0.0213652793 -0.0349918008
v 0.0925068185 -0.0217273198 -0.0346871614
v 0.0928265974 -0.0220661107 -0.0343356691
v 0.0931214616 -0.0223785006 -0.0339405499
v 0.09338855 -0.0226614401 -0.0335056111
v 0.0936253592 -0.0229123794 -0.0330348611
v 0.0938296318 -0.0231288001 -0.0325328708
v 0.0939994976 -0.0233088098 -0.0320042893
v 0.09413331 -0.0234505497 -0.0314542018
v 0.0942298099 -0.0235527698 -0.0308877807
v 0.0942880511 -0.0236145202 -0.0303103905
v 0.08903604 -0.0232874099 -0.035246551
v 0.0893460512 -0.0237112008 -0.0349918008
v 0.0896400213 -0.0241129901 -0.0346871614
v 0.0899150893 -0.02448898 -0.0343356691
v 0.0901687071 -0.0248356406 -0.0339405499
v 0.0903984308 -0.0251496993 -0.0335056111
v 0.090602152 -0.0254281703 -0.0330348611
v 0.0907778665 -0.0256683808 -0.0325328708
v 0.0909240171 -0.0258681104 -0.0320042893
v 0.0910391212 -0.0260254703 -0.0314542018
v 0.0911220908 -0.0261389595 -0.0308877807
v 0.0911722109 -0.0262074396 -0.0303103905
v 0.0877473876 -0.0235216003 -0.0354490802
v 0.0880519077 -0.02397638 -0.035246551
v 0.0883440301 -0.0244126897 -0.0349918008
v 0.0886209607 -0.0248264 -0.0346871614
v 0.0888801813 -0.0252135303 -0.0343356691
v 0.0891191289 -0.0255704504 -0.0339405499
v 0.0893355608 -0.0258938 -0.0335056111
v 0.0895275399 -0.0261805002 -0.0330348611
v 0.0896931216 -0.0264277998 -0.0325328708
v 0.0898308083 -0.0266334396 -0.0320042893
v 0.0899392292 -0.0267954394 -0.0314542018
v 0.0900174305 -0.0269122701 -0.0308877807
v 0.0900646374 -0.0269827805 -0.0303103905
v 0.0849395916 -0.02578949 -0.035246551
v 0.0851750299 -0.0262588207 -0.0349918008
v 0.0853983089 -0.0267037693 -0.0346871614
v 0.0856072307 -0.0271201693 -0.0343356691
v 0.0857998729 -0.0275040809 -0.0339405499
v 0.0859743282 -0.0278518703 -0.0335056111
v 0.0861290619 -0.0281602703 -0.0330348611
v 0.0862625763 -0.0284262802 -0.0325328708
v 0.0863735601 -0.0286474805 -0.0320042893
v 0.0864609405 -0.0288217608 -0.0314542018
v 0.0865240023 -0.0289474092 -0.0308877807
v 0.0836299583 -0.0258067809 -0.0354490802
v 0.0838547871 -0.0263057891 -0.035246551
v 0.0840705633 -0.0267844703 -0.0349918008
v 0.0842750594 -0.0272383597 -0.0346871614
v 0.0844665095 -0.0276631098 -0.0343356691
v 0.0846429989 -0.0280547105 -0.0339405499
v 0.0848028585 -0.0284094792 -0.0335056111
v 0.0849445984 -0.0287240092 -0.0330348611
v 0.0850669071 -0.0289953891 -0.0325328708
v 0.0851686001 -0.0292209908 -0.0320042893
v 0.0852486417 -0.02939873 -0.0314542018
v 0.0853063986 -0.02952688 -0.0308877807
v 0.0803239867 -0.02705466 -0.0354490802
v 0.0804849789 -0.02757781 -0.035246551
v 0.0806393623 -0.0280796792 -0.0349918008
v 0.0807857513 -0.0285555106 -0.0346871614
v 0.0809227824 -0.0290008094 -0.0343356691
v 0.0810490772 -0.0294113103 -0.0339405499
v 0.0811635181 -0.0297832396 -0.0335056111
v 0.0812649727 -0.0301129799 -0.0330348611
v 0.0813524723 -0.0303974692 -0.0325328708
v 0.0814252421 -0.0306339804 -0.0320042893
v 0.0814825818 -0.0308203101 -0.0314542018
v 0.0815239474 -0.0309547093 -0.0308877807
v 0.0791906118 -0.0273777209 -0.0354490802
v 0.0793296024 -0.0279071294 -0.035246551
v 0.0794629976 -0.0284149591 -0.0349918008
v 0.0795894787 -0.0288964491 -0.0346871614
v 0.0797078013 -0.0293470602 -0.0343356691
v 0.07981693 -0.0297625009 -0.0339405499
v 0.0799157619 -0.0301388502 -0.0335056111
v 0.0800034404 -0.0304725692 -0.0330348611
v 0.0800790116 -0.0307604596 -0.0325328708
v 0.080141902 -0.0309997704 -0.0320042893
v 0.0801914334 -0.0311883595 -0.0314542018
v 0.0802271292 -0.0313243195 -0.0308877807
v 0.0781615898 -0.0281880405 -0.035246551
v 0.0782737136 -0.0287009999 -0.0349918008
v 0.0783800408 -0.0291873794 -0.0346871614
v 0.078479521 -0.0296425205 -0.0343356691
v 0.0785712525 -0.0300621297 -0.0339405499
v 0.0786543414 -0.0304422304 -0.0335056111
v 0.0787280202 -0.0307793003 -0.0330348611
v 0.0787915513 -0.0310701095 -0.0325328708
v 0.0788444206 -0.0313118584 -0.0320042893
v 0.0788860321 -0.031502299 -0.0314542018
v 0.0789160728 -0.0316396318 -0.0308877807
v 0.0789341927 -0.0317225382 -0.0303103905
v 0.0746015906 -0.0287361108 -0.035246551
v 0.0746489093 -0.0292590205 -0.0349918008
v 0.0746937916 -0.02975481 -0.0346871614
v 0.0747358203 -0.0302188303 -0.0343356691
v 0.0747745633 -0.0306466203 -0.0339405499
v 0.0748096108 -0.0310341101 -0.0335056111
v 0.074840717 -0.031377729 -0.0330348611
v 0.0748675987 -0.0316741392 -0.0325328708
v 0.0748898908 -0.0319206119 -0.0320042893
v 0.0749074817 -0.0321148001 -0.0314542018
v 0.0749201104 -0.0322548114 -0.0308877807
v 0.0749277994 -0.0323393308 -0.0303103905
v 0.07340312 -0.0288194995 -0.035246551
v 0.0734286904 -0.0293439608 -0.0349918008
v 0.0734528825 -0.0298411809 -0.0346871614
v 0.0734755322 -0.0303065106 -0.0343356691
v 0.0734964013 -0.0307355504 -0.0339405499
v 0.0735153481 -0.0311241709 -0.0335056111
v 0.073532097 -0.0314688012 -0.0330348611
v 0.073546581 -0.0317660496 -0.0325328708
v 0.0735586211 -0.03201323 -0.0320042893
v 0.0735680982 -0.0322079584 -0.0314542018
v 0.0735749602 -0.0323483907 -0.0308877807
v 0.0698432326 -0.0282239895 -0.0354490802
v 0.0698015019 -0.0287697297 -0.035246551
v 0.0697615072 -0.0292932894 -0.0349918008
v 0.0697235987 -0.0297896806 -0.0346871614
v 0.0696880817 -0.0302541796 -0.0343356691
v 0.0696553513 -0.0306825005 -0.0339405499
v 0.0696257278 -0.0310704708 -0.0335056111
v 0.0695994422 -0.0314145014 -0.0330348611
v 0.0695767403 -0.0317112803 -0.0325328708
v 0.0695578977 -0.0319579802 -0.0320042893
v 0.0695430636 -0.0321524106 -0.0314542018
v 0.0695323274 -0.0322925411 -0.0308877807
v 0.0695258304 -0.0323771797 -0.0303103905
v 0.0686058402 -0.0286533199 -0.035246551
v 0.0685440823 -0.0291747395 -0.0349918008
v 0.068485491 -0.0296691004 -0.0346871614
v 0.0684307218 -0.0301317498 -0.0343356691
v 0.0683801696 -0.0305582806 -0.0339405499
v 0.0683344007 -0.0309446994 -0.0335056111
v 0.0682938024 -0.0312873088 -0.0330348611
v 0.068258822 -0.0315828882 -0.0325328708
v 0.0682296678 -0.0318286382 -0.0320042893
v 0.0682067797 -0.0320222303 -0.0314542018
v 0.0681902096 -0.0321618319 -0.0308877807
v 0.068180263 -0.0322461687 -0.0303103905
v 0.0641924068 -0.0315189883 -0.0303103905
v 0.0642127916 -0.0314365588 -0.0308877807
v 0.0642465875 -0.0313001201 -0.0314542018
v 0.0642934963 -0.0311108809 -0.0320042893
v 0.0643529817 -0.0308706705 -0.0325328708
v 0.0644245669 -0.0305817705 -0.0330348611
v 0.0645075366 -0.0302469097 -0.0335056111
v 0.0646010563 -0.0298691895 -0.0339405499
v 0.0647043511 -0.0294522606 -0.0343356691
v 0.0648163483 -0.0290000401 -0.0346871614
v 0.0649360418 -0.0285168197 -0.0349918008
v 0.0650623366 -0.0280071404 -0.035246551
v 0.0651939511 -0.0274758898 -0.0354490802
v 0.0639024898 -0.0276941005 -0.035246551
v 0.0637551472 -0.0281980596 -0.0349918008
v 0.0636154413 -0.0286758505 -0.0346871614
v 0.0634846613 -0.0291230604 -0.0343356691
v 0.0633641407 -0.0295352899 -0.0339405499
v 0.0632549524 -0.0299087707 -0.0335056111
v 0.0631580874 -0.0302399304 -0.0330348611
v 0.0630745813 -0.0305256192 -0.0325328708
v 0.0630051419 -0.0307631399 -0.0320042893
v 0.0629504323 -0.0309502408 -0.0314542018
v 0.0629109666 -0.0310851894 -0.0308877807
v 0.05910879 -0.0297105294 -0.0308877807
v 0.0591647588 -0.0295816008 -0.0314542018
v 0.0592423603 -0.0294027291 -0.0320042893
v 0.0593408905 -0.0291757509 -0.0325328708
v 0.0594593212 -0.0289027002 -0.0330348611
v 0.0595966503 -0.0285861399 -0.0335056111
v 0.0597515702 -0.0282292292 -0.0339405499
v 0.0599225089 -0.0278351903 -0.0343356691
v 0.0601079389 -0.0274077598 -0.0346871614
v 0.0603061318 -0.0269510709 -0.0349918008
v 0.0605150983 -0.0264694002 -0.035246551
v 0.0607329607 -0.0259672906 -0.0354490802
v 0.0594232008 -0.0259683691 -0.035246551
v 0.0591943786 -0.0264409706 -0.0349918008
v 0.0589773618 -0.0268890206 -0.0346871614
v 0.0587742887 -0.0273082796 -0.0343356691
v 0.0585870706 -0.0276948791 -0.0339405499
v 0.0584174916 -0.0280451104 -0.0335056111
v 0.0582671091 -0.0283555891 -0.0330348611
v 0.0581373498 -0.0286234599 -0.0325328708
v 0.0580294691 -0.0288462006 -0.0320042893
v 0.0579445288 -0.0290216804 -0.0314542018
v 0.0578832589 -0.0291481595 -0.0308877807
v 0.0562857911 -0.0241990592 -0.035246551
v 0.0559998117 -0.0246394798 -0.0349918008
v 0.0557286702 -0.0250569507 -0.0346871614
v 0.0554749295 -0.0254477207 -0.0343356691
v 0.0552410409 -0.0258079693 -0.0339405499
v 0.0550290905 -0.0261343103 -0.0335056111
v 0.0548412204 -0.0264236294 -0.0330348611
v 0.0546790883 -0.0266732499 -0.0325328708
v 0.0545443185 -0.0268808603 -0.0320042893
v 0.05443817 -0.0270443503 -0.0314542018
v 0.0543615818 -0.0271622501 -0.0308877807
v 0.0556089804 -0.0230777208 -0.0354490802
v 0.0546638295 -0.0223737899 -0.0354416296
v 0.0545699485 -0.0224949699 -0.0353991315
v 0.0543299913 -0.02280467 -0.0352361202
v 0.0439189598 -0.0175661407 -0.0342946611
v 0.0432434604 -0.0174330398 -0.0341643617
v 0.0391387306 -0.0170098506 -0.0332397819
v 0.0383743607 -0.0170025807 -0.0330427811
v 0.03836447 -0.0167956892 -0.0330806896
v 0.0385183617 -0.0184165202 -0.03249228
v 0.0384544693 -0.0178948604 -0.0327365287
v 0.0391783714 -0.01775622 -0.0329961702
v 0.038437061 -0.0177527592 -0.0328030512
v 0.0384036303 -0.0173526406 -0.0329309106
v 0.0392423198 -0.0184640195 -0.0326602384
v 0.0385241508 -0.01846385 -0.0324700996
v 0.039329581 -0.01912117 -0.0322377011
v 0.0386341214 -0.0191236101 -0.0320495889
v 0.0385974608 -0.0189037304 -0.0321897194
v 0.0388947688 -0.02017444 -0.03105288
v 0.0387849808 -0.0197902303 -0.0314726196
v 0.0394384786 -0.0197163206 -0.0317357704
v 0.0387650691 -0.0197204892 -0.0315488502
v 0.0386865102 -0.0193623304 -0.031849321
v 0.0390142202 -0.0205091201 -0.0305963103
v 0.0389147401 -0.0202442408 -0.0309766494
v 0.0395673513 -0.0202392898 -0.0311631504
v 0.0391401611 -0.0208028499 -0.0301147103
v 0.0390805006 -0.0206856709 -0.0303428099
v 0.0397137888 -0.0206810795 -0.0305296108
v 0.0398753807 -0.0210341197 -0.0298460703
v 0.0392594896 -0.0210372806 -0.0296583101
v 0.0395531617 -0.0213755891 -0.0285353605
v 0.039448671 -0.0212928001 -0.0289350692
v 0.0400493704 -0.0212923195 -0.0291242506
v 0.0394108184 -0.0212417208 -0.0290796105
v 0.0392721184 -0.0210542604 -0.0296101496
v 0.0396978185 -0.0214618407 -0.0279823504
v 0.0396446511 -0.0214479491 -0.02818566
v 0.0402327105 -0.0214513503 -0.0283765104
v 0.0407636091 -0.0214691702 -0.0285423305
v 0.0398285314 -0.0170355402 -0.0334108993
v 0.0405161902 -0.0170792304 -0.0335751697
v 0.0412015915 -0.0171408597 -0.0337326489
v 0.0412928984 -0.0215009991 -0.0287014805
v 0.0418205783 -0.0215467196 -0.0288540702
v 0.0423465297 -0.0216062609 -0.0290000401
v 0.0418846607 -0.0172204301 -0.0338833295
v 0.0425653383 -0.0173178297 -0.0340272114
v 0.0428707488 -0.0216796901 -0.0291394498
v 0.0433930717 -0.0217669606 -0.0292722508
v 0.0439134203 -0.0218680501 -0.0293985605
v 0.0445917808 -0.0177171808 -0.0344181582
v 0.0452618003 -0.0178862792 -0.0345348716
v 0.0459289514 -0.0180734303 -0.0346446596
v 0.0444317982 -0.02198302 -0.0295181796
v 0.0449480414 -0.02211201 -0.0296312496
v 0.0454620682 -0.0222549997 -0.0297375899
v 0.04659307 -0.0182788298 -0.0347474813
v 0.0472541414 -0.01850277 -0.0348433182
v 0.0459738895 -0.0224121809 -0.0298372507
v 0.04648339 -0.0225836597 -0.0299301092
v 0.0466303788 -0.0226359908 -0.0299556796
v 0.0474448204 -0.0185710099 -0.0348697305
v 0.0480817482 -0.0188111607 -0.0349538885
v 0.0487109981 -0.01906728 -0.0350307189
v 0.0493324883 -0.0193392001 -0.0351002216
v 0.0471212789 -0.0228201095 -0.0300372206
v 0.0476062782 -0.0230166893 -0.0301116705
v 0.0480853915 -0.0232254807 -0.03017902
v 0.0499463007 -0.0196269099 -0.0351625606
v 0.0505523011 -0.0199302994 -0.0352176391
v 0.0511505008 -0.0202493593 -0.0352654383
v 0.0485584699 -0.0234465003 -0.0302393995
v 0.0490256511 -0.0236797296 -0.0302927401
v 0.0494867489 -0.02392512 -0.03033912
v 0.0517407618 -0.0205841009 -0.035306029
v 0.0523230396 -0.0209345799 -0.0353394113
v 0.0528972112 -0.0213007908 -0.035365399
v 0.0499417111 -0.0241826698 -0.0303784609
v 0.0503904782 -0.0244523808 -0.0304106995
v 0.050833039 -0.0247343108 -0.0304359701
v 0.053463161 -0.0216828492 -0.0353841111
v 0.0398474298 -0.0177780297 -0.033163961
v 0.0398906395 -0.0184823796 -0.0328254104
v 0.0405145213 -0.0178174302 -0.033325009
v 0.0405370519 -0.0185179692 -0.0329840109
v 0.0411794707 -0.0178743601 -0.0334793888
v 0.041181501 -0.0185706001 -0.0331360586
v 0.0418421589 -0.0179488007 -0.0336271487
v 0.0418238007 -0.0186402705 -0.033281561
v 0.0425025783 -0.0180406496 -0.0337682292
v 0.0424639508 -0.0187270008 -0.0334204994
v 0.0431606099 -0.0181499701 -0.033902701
v 0.0431017801 -0.0188307706 -0.0335529409
v 0.0438160785 -0.0182767492 -0.0340304896
v 0.043737229 -0.0189515296 -0.0336788185
v 0.0444689915 -0.0184209906 -0.03415161
v 0.0443702303 -0.0190894008 -0.0337981507
v 0.0451191589 -0.0185828805 -0.0342660509
v 0.0450005494 -0.0192444306 -0.0339108706
v 0.0457665883 -0.01876246 -0.0343737602
v 0.0456282385 -0.0194166806 -0.0340168998
v 0.0464110896 -0.0189598706 -0.0344746113
v 0.0462530814 -0.0196064096 -0.0341163203
v 0.0470526218 -0.0191753507 -0.0345686004
v 0.0468751714 -0.0198137108 -0.0342089497
v 0.0472376905 -0.0192410909 -0.0345945284
v 0.0470545813 -0.0198770091 -0.0342344604
v 0.0478557907 -0.0194725301 -0.0346770808
v 0.0476538502 -0.0200999901 -0.0343157612
v 0.0484663807 -0.0197195392 -0.0347524211
v 0.0482458398 -0.0203381702 -0.034389969
v 0.0490695201 -0.0199820306 -0.0348206684
v 0.0488306209 -0.0205914304 -0.0344571993
v 0.0496650897 -0.0202599708 -0.0348817706
v 0.0494080111 -0.0208598301 -0.0345174
v 0.0502530895 -0.0205532294 -0.0349357687
v 0.04997807 -0.0211431291 -0.0345706306
v 0.0508334599 -0.0208618008 -0.0349827409
v 0.0505406782 -0.0214414503 -0.0346168801
v 0.0514061414 -0.0211857501 -0.0350225493
v 0.05109578 -0.0217546802 -0.0346561596
v 0.0519709513 -0.0215250198 -0.0350552686
v 0.0516433083 -0.0220829193 -0.0346883498
v 0.0525279008 -0.0218796693 -0.0350807905
v 0.0521830283 -0.0224261805 -0.0347135589
v 0.0530768 -0.0222498104 -0.0350991413
v 0.0527149998 -0.0227845293 -0.0347316191
v 0.0536175296 -0.0226355102 -0.0351102315
v 0.0532389805 -0.0231580697 -0.0347424708
v 0.040046569 -0.0197297893 -0.0318981409
v 0.0401565991 -0.0202515703 -0.0313251615
v 0.0406529307 -0.0197595302 -0.0320540592
v 0.0407443009 -0.0202796999 -0.0314807184
v 0.0412575603 -0.0198055506 -0.0322034918
v 0.0413303301 -0.0203235094 -0.03162992
v 0.0418603383 -0.0198676493 -0.0323465392
v 0.0419146419 -0.0203830507 -0.0317726098
v 0.0424611494 -0.0199459102 -0.0324831605
v 0.0424970314 -0.0204582792 -0.0319089815
v 0.0430598818 -0.0200402699 -0.0326133296
v 0.0430774018 -0.0205491707 -0.0320389196
v 0.0436564013 -0.0201507807 -0.0327371284
v 0.0436557494 -0.0206557494 -0.0321624205
v 0.0442507192 -0.0202775002 -0.0328544304
v 0.0442319512 -0.0207780506 -0.0322794914
v 0.0448426008 -0.0204204898 -0.0329652987
v 0.044805821 -0.0209161602 -0.0323901102
v 0.0454320312 -0.0205798708 -0.0330696106
v 0.0453773104 -0.0210701805 -0.0324941799
v 0.0460188314 -0.0207557008 -0.0331672989
v 0.0459463 -0.0212402306 -0.0325917602
v 0.0466030203 -0.0209482294 -0.0332584307
v 0.0465127192 -0.0214264896 -0.0326826498
v 0.0467715189 -0.0210071206 -0.0332835317
v 0.0466760918 -0.0214834195 -0.0327076912
v 0.0473343693 -0.0212146007 -0.0333634615
v 0.0472218283 -0.0216842201 -0.0327875018
v 0.0478903614 -0.0214365106 -0.0334364697
v 0.0477610193 -0.0218991004 -0.0328603312
v 0.0484395586 -0.0216728393 -0.0335026309
v 0.0482935309 -0.0221279208 -0.032926321
v 0.0489819013 -0.0219233595 -0.0335618183
v 0.0488193594 -0.0223705694 -0.0329853818
v 0.0495172106 -0.0221881792 -0.0336142108
v 0.0493385084 -0.0226271097 -0.0330376588
v 0.0500455387 -0.0224671308 -0.0336596891
v 0.0498508215 -0.0228973608 -0.0330830216
v 0.0505667888 -0.0227603298 -0.0336982608
v 0.0503562018 -0.0231814291 -0.0331215784
v 0.0510808192 -0.0230676495 -0.0337299705
v 0.0508546792 -0.0234793406 -0.0331531689
v 0.0515875183 -0.0233892705 -0.0337546989
v 0.0513460003 -0.0237910096 -0.0331779085
v 0.0520868786 -0.0237251502 -0.0337724611
v 0.0518301688 -0.0241166297 -0.0331956111
v 0.0525786206 -0.0240753796 -0.03378319
v 0.0523069501 -0.0244561993 -0.0332063399
v 0.0402856395 -0.0206931792 -0.0306919198
v 0.0404315516 -0.0210470501 -0.0300092101
v 0.040856 -0.0207205992 -0.0308477804
v 0.0409861803 -0.0210748296 -0.0301657896
v 0.0414248109 -0.0207632706 -0.0309971496
v 0.0415393114 -0.0211174395 -0.03031593
v 0.0419918187 -0.02082121 -0.0311401393
v 0.0420907103 -0.0211747792 -0.0304595791
v 0.0425571203 -0.0208943393 -0.0312766992
v 0.0426403806 -0.0212469101 -0.0305967908
v 0.0431204401 -0.0209826808 -0.0314068682
v 0.0431882106 -0.0213337503 -0.0307275597
v 0.0436818004 -0.02108627 -0.0315305516
v 0.0437340103 -0.0214353707 -0.0308518391
v 0.0442410111 -0.0212051198 -0.031647861
v 0.0442778394 -0.0215517804 -0.03096967
v 0.0447980687 -0.0213392898 -0.031758599
v 0.0448194705 -0.0216830894 -0.0310809594
v 0.0453527495 -0.0214888994 -0.0318629108
v 0.0453588888 -0.0218293592 -0.0311857406
v 0.0459051095 -0.0216540601 -0.0319605395
v 0.0458959304 -0.0219907109 -0.0312838517
v 0.0464549586 -0.0218350198 -0.0320516191
v 0.0464306399 -0.0221673194 -0.0313752815
v 0.0466135703 -0.0218902808 -0.032076709
v 0.0465848409 -0.0222212598 -0.0314005017
v 0.0471433401 -0.0220853593 -0.0321565792
v 0.0471000001 -0.0224115793 -0.0314807817
v 0.047666721 -0.0222939793 -0.0322295986
v 0.0476089716 -0.0226150099 -0.0315540992
v 0.0481836684 -0.0225161891 -0.0322956406
v 0.0481117293 -0.0228316095 -0.0316204391
v 0.0486941896 -0.0227518603 -0.0323548317
v 0.0486081801 -0.0230612699 -0.0316799209
v 0.0491981506 -0.02300095 -0.0324071608
v 0.0490982495 -0.0233039204 -0.0317324884
v 0.0496954918 -0.0232633892 -0.0324526392
v 0.0495820008 -0.0235595703 -0.0317781493
v 0.0501861498 -0.0235392395 -0.0324911997
v 0.0500591882 -0.0238281395 -0.0318168886
v 0.0506700799 -0.0238284394 -0.0325228497
v 0.0505298302 -0.0241097193 -0.0318487212
v 0.0511470996 -0.0241311099 -0.032547649
v 0.0509938486 -0.0244042799 -0.0318735801
v 0.0516171418 -0.0244472604 -0.0325653516
v 0.0514510795 -0.0247119609 -0.0318914019
v 0.0520800911 -0.02477693 -0.0325760804
v 0.0519014001 -0.0250327494 -0.0319021307
v 0.0405917689 -0.0213071704 -0.0292885806
v 0.0411326811 -0.0213364307 -0.0294463001
v 0.0416719913 -0.0213799998 -0.0295975208
v 0.0422096215 -0.0214379393 -0.0297422409
v 0.0427455306 -0.0215101205 -0.0298804604
v 0.0432795212 -0.0215966105 -0.0300121307
v 0.0438116714 -0.0216974001 -0.0301373005
v 0.0443417393 -0.0218124893 -0.0302559696
v 0.0448697209 -0.0219420698 -0.0303680301
v 0.0453954898 -0.0220860802 -0.0304735303
v 0.0459190011 -0.0222447496 -0.0305722896
v 0.0464401804 -0.0224181991 -0.0306643806
v 0.0465904996 -0.0224711802 -0.0306897704
v 0.0470926091 -0.0226577502 -0.0307705905
v 0.0475887582 -0.0228571799 -0.0308443904
v 0.0480787717 -0.0230692606 -0.0309112594
v 0.0485627018 -0.0232940298 -0.0309711006
v 0.0490404889 -0.0235313699 -0.0310240295
v 0.0495120212 -0.0237812307 -0.0310699902
v 0.0499772988 -0.0240437295 -0.0311089698
v 0.0504361913 -0.0243187491 -0.0311410408
v 0.0508885905 -0.0246063992 -0.0311660692
v 0.0513345003 -0.0249066893 -0.0311840102
v 0.0512692295 -0.0250285193 -0.0304540303
v 0.0517737195 -0.0252197906 -0.0311948601
v 0.051698979 -0.0253350697 -0.0304649994
v 0.0540208183 -0.0220808294 -0.0353953801
v 0.0528908893 -0.0236405097 -0.0342978798
v 0.0523832999 -0.0232788306 -0.0342870913
v 0.0518680215 -0.0229319893 -0.03426921
v 0.0513450503 -0.0225998107 -0.0342442915
v 0.0508145615 -0.0222822409 -0.0342124104
v 0.0502766892 -0.0219793301 -0.0341736004
v 0.0497315489 -0.0216909591 -0.0341278315
v 0.0491791293 -0.0214172006 -0.034075141
v 0.0486195013 -0.0211579707 -0.0340155885
v 0.0480528399 -0.0209134798 -0.0339490697
v 0.047479149 -0.0206837002 -0.0338755809
v 0.0468983613 -0.0204687696 -0.0337951109
v 0.0467244908 -0.0204077903 -0.0337698385
v 0.0461216494 -0.0202081706 -0.0336782299
v 0.0455161296 -0.0200257301 -0.0335798785
v 0.0449078605 -0.0198602602 -0.0334749185
v 0.0442970283 -0.0197115503 -0.0333633982
v 0.0436837003 -0.0195796397 -0.0332453214
v 0.0430680513 -0.0194643103 -0.033120811
v 0.0424500704 -0.0193655994 -0.0329897888
v 0.0418298803 -0.0192834698 -0.0328522883
v 0.0412076712 -0.0192178991 -0.0327083394
v 0.0405834913 -0.0191689692 -0.0325579606
v 0.0399574004 -0.0191367194 -0.0324010812
v 0.0308729392 -0.0167976003 -0.0308950506
v 0.0333548114 -0.0167976003 -0.0316756293
v 0.0284068491 -0.0167976003 -0.0300660692
v 0.0280475002 -0.0167973004 -0.02993959
v 0.0280679408 -0.0167568307 -0.0299572907
v 0.0280958395 -0.0167036597 -0.0299773198
v 0.0282586794 -0.0163935404 -0.0300940201
v 0.0283413492 -0.01623982 -0.0301451609
v 0.0278874002 -0.0171145201 -0.0298004709
v 0.0284568593 -0.01735669 -0.0299219396
v 0.0278599206 -0.0171717405 -0.0297717992
v 0.0285243299 -0.0178984907 -0.0297275707
v 0.0275262501 -0.0178976003 -0.0293745305
v 0.0275626108 -0.0178107601 -0.0294293705
v 0.0276462995 -0.0176256802 -0.0295339804
v 0.0277184807 -0.0174660608 -0.0296242796
v 0.02777135 -0.0173559692 -0.0296794102
v 0.0274570491 -0.0180627704 -0.0292702895
v 0.0286086202 -0.0184178893 -0.0294847395
v 0.0274212901 -0.0181481205 -0.0292163994
v 0.0287089292 -0.0189101007 -0.0291956607
v 0.0271706507 -0.0188683793 -0.0286781695
v 0.0272104107 -0.0187319499 -0.0287912991
v 0.0272969007 -0.0184785705 -0.0289837103
v 0.02731275 -0.0184320807 -0.0290189907
v 0.0273182299 -0.0184177104 -0.0290289503
v 0.0270632505 -0.0192921702 -0.0283068996
v 0.0270771291 -0.0192323904 -0.0283608399
v 0.0288243797 -0.0193704907 -0.0288631301
v 0.0271268394 -0.0190187003 -0.0285535995
v 0.0271588508 -0.0189087894 -0.0286447406
v 0.0289538503 -0.0197947603 -0.0284901205
v 0.0270208102 -0.0195522904 -0.0280522704
v 0.0270506702 -0.0193691794 -0.0282315593
v 0.0290961191 -0.0201789699 -0.0280802194
v 0.0270456597 -0.0198830292 -0.0277129393
v 0.0270388108 -0.0197922494 -0.0278060399
v 0.0271475296 -0.0205182396 -0.0268863998
v 0.0271374509 -0.0204797294 -0.0269473698
v 0.0292498991 -0.0205194894 -0.0276371799
v 0.0270839296 -0.0201949999 -0.0273420196
v 0.0270818397 -0.0201781895 -0.0273619201
v 0.0271822792 -0.0206516292 -0.0266749803
v 0.0294137001 -0.0208132192 -0.0271652304
v 0.0272288304 -0.0207925402 -0.0264264904
v 0.0273532197 -0.0210564099 -0.0258703195
v 0.0273417197 -0.0210384093 -0.0259154402
v 0.0295860693 -0.0210573599 -0.0266686603
v 0.0272818208 -0.0209215209 -0.0261732303
v 0.0272369906 -0.0208123904 -0.0263875108
v 0.0274088308 -0.0211431291 -0.0256529395
v 0.0297653005 -0.02124965 -0.0261521898
v 0.02749997 -0.0212441608 -0.0253402498
v 0.0275542103 -0.0213043001 -0.0251540504
v 0.0299498402 -0.0213882904 -0.0256205704
v 0.0276726391 -0.0213832799 -0.0248048902
v 0.02772367 -0.0214173105 -0.0246545598
v 0.0301378891 -0.0214719698 -0.0250787698
v 0.0278732702 -0.0214692298 -0.0242684409
v 0.0279018208 -0.0214791205 -0.0241946504
v 0.0372868106 -0.0214719698 -0.0273272302
v 0.0371308886 -0.0213882904 -0.0278791096
v 0.0369778797 -0.02124965 -0.0284206197
v 0.0366863608 -0.0208132192 -0.0294525605
v 0.0368292294 -0.0210573599 -0.0289467499
v 0.0365505219 -0.0205194894 -0.0299333893
v 0.0364229605 -0.0201789699 -0.0303846505
v 0.0361976586 -0.0193704907 -0.0311821606
v 0.0363050103 -0.0197947603 -0.0308021903
v 0.0361019298 -0.0189101007 -0.0315208994
v 0.0360187218 -0.0184178893 -0.0318153501
v 0.0348893404 -0.0214719698 -0.0266244393
v 0.0325060412 -0.0214719698 -0.0258748494
v 0.0347226188 -0.0213882904 -0.0271731596
v 0.0323286615 -0.0213882904 -0.02642023
v 0.0345590711 -0.02124965 -0.0277115703
v 0.0321545601 -0.02124965 -0.0269552991
v 0.0344001614 -0.0210573599 -0.0282347202
v 0.0319854617 -0.0210573599 -0.0274752304
v 0.0342473313 -0.0208132192 -0.0287376009
v 0.0318228602 -0.0208132192 -0.0279750805
v 0.0341021419 -0.0205194894 -0.0292156301
v 0.0316683017 -0.0205194894 -0.0284501892
v 0.0339658186 -0.0201789699 -0.0296643302
v 0.0315232202 -0.0201789699 -0.0288960896
v 0.0338396989 -0.0197947603 -0.0300795399
v 0.0313889906 -0.0197947603 -0.0293087307
v 0.0337249599 -0.0193704907 -0.0304572508
v 0.0312668607 -0.0193704907 -0.0296841804
v 0.0336226188 -0.0189101007 -0.03079414
v 0.0311579704 -0.0189101007 -0.0300189201
v 0.0335336886 -0.0184178893 -0.0310868602
v 0.0310633108 -0.0184178893 -0.03030991
v 0.0334589407 -0.0178984907 -0.0313328505
v 0.0359488688 -0.0178984907 -0.0320626982
v 0.0358929001 -0.01735669 -0.0322607085
v 0.0358514115 -0.0167976003 -0.0324075185
v 0.0333991013 -0.01735669 -0.0315297209
v 0.0309838001 -0.0178984907 -0.0305543505
v 0.0309201404 -0.01735669 -0.0307500307
v 0.02704864 0.0226265695 -0.0276795607
v 0.0270465594 0.0224510394 -0.0277023893
v 0.0270457193 0.0223657396 -0.0277129393
v 0.0270277206 0.0205033403 -0.0279429499
v 0.0270231906 0.0198133495 -0.0280200802
v 0.0270193797 0.0192310195 -0.0280852299
v 0.0270144306 0.0184782092 -0.0281693898
v 0.0270091202 0.0171746593 -0.0282997992
v 0.0270063207 0.0164850298 -0.0283688307
v 0.0270019695 0.0145349996 -0.0285414401
v 0.0270001199 0.0124757802 -0.0287005305
v 0.02700001 0.0118943397 -0.0287408791
v 0.02700001 -0.0118847396 -0.0287413504
v 0.02700001 0.0118433796 -0.0287443902
v 0.02700001 -0.0118433796 -0.0287443902
v 0.0270010792 -0.0138495499 -0.0285972897
v 0.0270018503 0.0144835701 -0.0285459701
v 0.0270089507 -0.0171651207 -0.0283015892
v 0.0270038806 -0.0155721297 -0.02845251
v 0.0270021502 -0.0145252896 -0.0285404902
v 0.0270101391 -0.0175543409 -0.0282646995
v 0.0270191394 -0.0192430597 -0.0280851703
v 0.0280952398 0.0120635601 -0.0305092894
v 0.0280952398 0.00134670699 -0.0310781505
v 0.0270799305 0.0224712994 -0.0278137904
v 0.0276443902 -0.0173416696 -0.0295759402
v 0.0274553802 -0.0173142496 -0.0293778703
v 0.0270188991 -0.0119102001 -0.0290078502
v 0.0270188991 -0.00926798489 -0.0292323194
v 0.0270188991 -0.0145471003 -0.02872747
v 0.0270188991 -0.0171774607 -0.0283912402
v 0.0270752907 -0.01721441 -0.0286579691
v 0.0271681491 -0.0172499996 -0.0289145093
v 0.0272956397 -0.0172834899 -0.0291560199
v 0.0280952398 -0.0147225801 -0.0302264001
v 0.0278590303 -0.0147061897 -0.0300863292
v 0.0270752907 0.0198522191 -0.0282636806
v 0.0270188991 0.01718699 -0.0283899307
v 0.0270188991 0.0145566398 -0.02872633
v 0.0270188991 0.0119197899 -0.0290069506
v 0.0270188991 0.00927758217 -0.0292316005
v 0.0270188991 0.00663119508 -0.0294002201
v 0.0270188991 0.00398182822 -0.0295126997
v 0.0270188991 0.001330673 -0.0295690205
v 0.0270188991 -0.00132101704 -0.0295691397
v 0.0270188991 -0.00397217181 -0.0295129996
v 0.0270188991 -0.0066215992 -0.0294007603
v 0.0271261297 0.0224994402 -0.0279679801
v 0.0271681491 0.0198932197 -0.0285193902
v 0.0271728002 0.0225176197 -0.0280678198
v 0.0272487402 0.0225472394 -0.0282306001
v 0.0272956397 0.0199318491 -0.0287601296
v 0.0272995792 0.0225612503 -0.0283072498
v 0.0274091307 0.0225913506 -0.0284726601
v 0.0274553802 0.0199673101 -0.0289813206
v 0.0270752907 -0.0145784002 -0.0289949104
v 0.0271681491 -0.0146085601 -0.0292521697
v 0.0272956397 -0.0146368695 -0.02949428
v 0.0274553802 -0.0146629196 -0.0297167804
v 0.0276443902 -0.0146861598 -0.0299153905
v 0.0274584796 0.0226013605 -0.0285274908
v 0.0276037995 0.0226307493 -0.0286890194
v 0.0276443902 0.0199989602 -0.0291787293
v 0.0276465397 0.0226371791 -0.0287243705
v 0.0278286301 0.0226646606 -0.0288749896
v 0.0278590303 0.0200261995 -0.0293487292
v 0.0270752907 -0.0119358301 -0.02927595
v 0.0270752907 -0.00928795338 -0.0295008998
v 0.0271681491 -0.0119604999 -0.0295337401
v 0.0271681491 -0.00930708554 -0.0297591593
v 0.0272956397 -0.0119837504 -0.0297764502
v 0.0272956397 -0.00932514574 -0.0300022904
v 0.0274553802 -0.0120050302 -0.0299994294
v 0.0274553802 -0.00934177637 -0.0302256905
v 0.0276443902 -0.0120240999 -0.0301984493
v 0.0276443902 -0.00935655832 -0.0304250699
v 0.0278590303 -0.0120404903 -0.0303698108
v 0.0278590303 -0.00936931279 -0.0305967294
v 0.0280952398 -0.0120539004 -0.0305102393
v 0.0280952398 -0.00937980413 -0.0307374001
v 0.0270752907 0.0119454795 -0.0292750001
v 0.0270752907 0.01458799 -0.0289937798
v 0.0271681491 0.0119701596 -0.0295328405
v 0.0271681491 0.01461815 -0.0292510297
v 0.0272956397 0.0119933402 -0.0297755506
v 0.0272956397 0.0146465302 -0.0294932108
v 0.0274553802 0.0120146796 -0.0299984794
v 0.0274553802 0.0146725699 -0.0297156498
v 0.0276443902 0.0120337596 -0.0301975608
v 0.0276443902 0.0146958204 -0.0299142506
v 0.0278590303 0.01205015 -0.0303689204
v 0.0278590303 0.0147158504 -0.0300852004
v 0.0280952398 0.0147322398 -0.0302252695
v 0.0270752907 -0.00663584378 -0.0296696406
v 0.0271681491 -0.00664955284 -0.0299282596
v 0.0272956397 -0.00666242791 -0.0301717501
v 0.0274553802 -0.00667428877 -0.0303954408
v 0.0276443902 -0.00668489886 -0.03059512
v 0.0278590303 -0.00669401791 -0.0307669602
v 0.0280952398 -0.00670146896 -0.0309078004
v 0.0270752907 -0.00398075487 -0.0297821704
v 0.0271681491 -0.00398898078 -0.0300410297
v 0.0272956397 -0.00399672892 -0.0302847009
v 0.0274553802 -0.00400382187 -0.0305085704
v 0.0276443902 -0.00401020003 -0.0307084303
v 0.0278590303 -0.00401562406 -0.0308805108
v 0.0280952398 -0.00402009394 -0.0310214702
v 0.0270752907 -0.00132387795 -0.0298383795
v 0.0271681491 -0.00132662 -0.0300973598
v 0.0272956397 -0.001329183 -0.0303411409
v 0.0274553802 -0.00133156695 -0.0305651408
v 0.0276443902 -0.001333653 -0.0307651106
v 0.0278590303 -0.00133550097 -0.0309371892
v 0.0280952398 -0.00133699097 -0.0310782101
v 0.0278590303 0.001345217 -0.03093707
v 0.0276443902 0.00134336902 -0.0307649896
v 0.0274553802 0.00134128297 -0.0305650197
v 0.0272956397 0.00133889902 -0.0303410199
v 0.0271681491 0.00133627595 -0.0300972406
v 0.0270752907 0.00133353402 -0.0298382603
v 0.0280952398 0.00402987003 -0.0310211107
v 0.0270752907 0.00399041083 -0.0297818705
v 0.0271681491 0.0039986372 -0.0300407391
v 0.0272956397 0.00400638487 -0.0302843992
v 0.0274553802 0.00401353789 -0.0305082705
v 0.0276443902 0.00401985599 -0.0307081304
v 0.0278590303 0.00402534008 -0.0308801495
v 0.0280952398 0.00671118405 -0.0309073292
v 0.0270752907 0.00664544106 -0.02966916
v 0.0271681491 0.0066592088 -0.0299277902
v 0.0272956397 0.00667208387 -0.0301712099
v 0.0274553802 0.00668400479 -0.0303949099
v 0.0276443902 0.00669455482 -0.0305945799
v 0.0278590303 0.00670367386 -0.0307664797
v 0.0270752907 0.00929754879 -0.0295001809
v 0.0271681491 0.00931674242 -0.0297584496
v 0.0272956397 0.0093348017 -0.0300015807
v 0.0274553802 0.00935143232 -0.0302249696
v 0.0276443902 0.00936627295 -0.0304243509
v 0.0278590303 0.00937902927 -0.0305960104
v 0.0280952398 0.00938951876 -0.0307366792
v 0.0270752907 0.0172240101 -0.0286566596
v 0.0271681491 0.0172595903 -0.0289131906
v 0.0272956397 0.0172930304 -0.0291546509
v 0.0274553802 0.0173238497 -0.0293765608
v 0.0276443902 0.01735132 -0.0295746308
v 0.0278590303 0.0173749309 -0.0297451001
v 0.0280952398 0.0173943006 -0.0298848096
v 0.0280952398 0.0200485494 -0.02948796
v 0.0278602801 0.0226681791 -0.0288941804
v 0.0280786697 0.0226922594 -0.0290265605
v 0.0280957799 0.0226935707 -0.0290337801
v 0.0274104998 0.0227662306 -0.0284425002
v 0.0271266103 0.0226737205 -0.0279372893
v 0.0272495691 0.0227218792 -0.0282001998
v 0.0719999596 0 0.0227999594
v -0.00153285195 0.0224999692 -0.0209439304
v -0.00305759907 0.0224999692 -0.0207762104
v -0.00456601288 0.0224999692 -0.0204975605
v -0.00605004979 0.0224999692 -0.0201095901
v -0.00750184013 0.0224999692 -0.0196143296
v -0.00891357567 0.0224999692 -0.0190144107
v -0.0102777397 0.0224999692 -0.0183129907
v -0.0115870796 0.0224999692 -0.0175139308
v -0.0128346002 0.0224999692 -0.0166214108
v -0.0140136397 0.0224999692 -0.0156401899
v -0.0151179396 0.0224999692 -0.0145755401
v -0.0161415897 0.0224999692 -0.0134330904
v -0.0170790497 0.0224999692 -0.0122190099
v -0.0179254394 0.0224999692 -0.0109397098
v -0.0186761599 0.0224999692 -0.00960206892
v -0.0193272196 0.0224999692 -0.00821316242
v -0.0198752191 0.0224999692 -0.00678044511
v -0.0203171298 0.0224999692 -0.00531154778
v -0.0206506792 0.0224999692 -0.00381433894
v -0.0208740197 0.0224999692 -0.00229674508
v -0.0209859591 0.0224999692 -0.000766963989
v -0.0209859591 0.0224999692 0.00076696201
v -0.0208740197 0.0224999692 0.00229674508
v -0.0206506792 0.0224999692 0.00381433894
v -0.0203171298 0.0224999692 0.00531154778
v -0.0198752191 0.0224999692 0.00678044511
v -0.0193272196 0.0224999692 0.00821316242
v -0.0186761599 0.0224999692 0.00960206892
v -0.0179254394 0.0224999692 0.0109397098
v -0.0170790497 0.0224999692 0.0122190099
v -0.0161415897 0.0224999692 0.0134330904
v -0.0151179396 0.0224999692 0.0145755401
v -0.0140136397 0.0224999692 0.0156401899
v -0.0128346002 0.0224999692 0.0166214108
v -0.0115870796 0.0224999692 0.0175139308
v -0.0102777397 0.0224999692 0.0183129907
v -0.00891357567 0.0224999692 0.0190144107
v -0.00750184013 0.0224999692 0.0196143296
v -0.00605004979 0.0224999692 0.0201095901
v -0.00456601288 0.0224999692 0.0204975605
v -0.00305759907 0.0224999692 0.0207762104
v -0.00153285195 0.0224999692 0.0209439304
v 0 0.0224999692 0.0209999606
v 0.00153285195 0.0224999692 0.0209439304
v 0.00305759907 0.0224999692 0.0207762104
v 0.00456601288 0.0224999692 0.0204975605
v 0.00605004979 0.0224999692 0.0201095901
v 0.00750184013 0.0224999692 0.0196143296
v 0.00891357567 0.0224999692 0.0190144107
v 0.0102777397 0.0224999692 0.0183129907
v 0.0115870796 0.0224999692 0.0175139308
v 0.0128346002 0.0224999692 0.0166214108
v 0.0140136397 0.0224999692 0.0156401899
v 0.0151179396 0.0224999692 0.0145755401
v 0.0161415897 0.0224999692 0.0134330904
v 0.0170790497 0.0224999692 0.0122190099
v 0.0179254394 0.0224999692 0.0109397098
v 0.0186761599 0.0224999692 0.00960206892
v 0.0193272196 0.0224999692 0.00821316242
v 0.0198752191 0.0224999692 0.00678044511
v 0.0203171298 0.0224999692 0.00531154778
v 0.0206506792 0.0224999692 0.00381433894
v 0.0208740197 0.0224999692 0.00229674508
v 0.0209859591 0.0224999692 0.00076696201
v 0.0209859591 0.0224999692 -0.000766963989
v 0.0208740197 0.0224999692 -0.00229674508
v 0.0206506792 0.0224999692 -0.00381433894
v 0.0203171298 0.0224999692 -0.00531154778
v 0.0198752191 0.0224999692 -0.00678044511
v 0.0193272196 0.0224999692 -0.00821316242
v 0.0186761599 0.0224999692 -0.00960206892
v 0.0179254394 0.0224999692 -0.0109397098
v 0.0170790497 0.0224999692 -0.0122190099
v 0.0161415897 0.0224999692 -0.0134330904
v 0.0151179396 0.0224999692 -0.0145755401
v 0.0140136397 0.0224999692 -0.0156401899
v 0.0128346002 0.0224999692 -0.0166214108
v 0.0115870796 0.0224999692 -0.0175139308
v 0.0102777397 0.0224999692 -0.0183129907
v 0.00891357567 0.0224999692 -0.0190144107
v 0.00750184013 0.0224999692 -0.0196143296
v 0.00605004979 0.0224999692 -0.0201095901
v 0.00456601288 0.0224999692 -0.0204975605
v 0.00305759907 0.0224999692 -0.0207762104
v 0.00153285195 0.0224999692 -0.0209439304
v 0 0.0224999692 -0.0209999606
v 0 0.0224999692 0
f 1 2 3
f 4 5 6
f 6 5 7
f 6 7 8
f 8 1 6
f 6 1 3
f 6 3 9
f 9 3 10
f 9 10 11
f 12 13 10
f 10 13 14
f 10 14 11
f 15 16 17
f 17 16 18
f 17 18 12
f 12 18 19
f 12 19 13
f 15 17 20
f 20 17 21
f 20 21 22
f 22 21 23
f 23 21 24
f 23 24 25
f 25 24 26
f 26 24 27
f 26 27 28
f 29 30 27
f 27 30 31
f 27 31 28
f 32 33 34
f 34 33 35
f 34 35 29
f 29 35 36
f 29 36 30
f 32 34 37
f 37 34 38
f 37 38 39
f 39 38 40
f 40 38 41
f 40 41 42
f 42 41 43
f 43 41 44
f 43 44 45
f 46 47 44
f 44 47 48
f 44 48 45
f 49 50 51
f 51 50 52
f 51 52 46
f 46 52 53
f 46 53 47
f 49 51 54
f 54 51 55
f 54 55 56
f 56 55 57
f 57 55 58
f 57 58 59
f 59 58 60
f 60 58 61
f 60 61 62
f 63 64 61
f 61 64 65
f 61 65 62
f 66 67 68
f 68 67 69
f 68 69 63
f 63 69 70
f 63 70 64
f 66 68 71
f 71 68 72
f 71 72 73
f 73 72 74
f 74 72 75
f 74 75 76
f 77 78 75
f 75 78 79
f 75 79 76
f 80 81 77
f 77 81 82
f 77 82 78
f 83 84 85
f 85 84 86
f 85 86 80
f 80 86 87
f 80 87 81
f 83 85 88
f 88 85 89
f 88 89 90
f 90 89 91
f 91 89 92
f 91 92 93
f 94 95 92
f 92 95 96
f 92 96 93
f 97 98 94
f 94 98 99
f 94 99 95
f 100 101 102
f 102 101 103
f 102 103 97
f 97 103 104
f 97 104 98
f 100 102 105
f 105 102 106
f 105 106 107
f 107 106 108
f 108 106 109
f 108 109 110
f 111 112 109
f 109 112 113
f 109 113 110
f 114 115 116
f 116 115 117
f 116 117 111
f 111 117 118
f 111 118 112
f 114 116 119
f 119 116 120
f 119 120 121
f 121 120 122
f 122 120 123
f 122 123 124
f 124 123 125
f 125 123 126
f 125 126 127
f 128 129 126
f 126 129 130
f 126 130 127
f 131 132 133
f 133 132 134
f 133 134 128
f 128 134 135
f 128 135 129
f 131 133 136
f 136 133 137
f 136 137 138
f 138 137 139
f 139 137 140
f 139 140 141
f 141 140 142
f 142 140 143
f 142 143 144
f 145 146 143
f 143 146 147
f 143 147 144
f 148 149 150
f 150 149 151
f 150 151 145
f 145 151 152
f 145 152 146
f 148 150 153
f 153 150 154
f 153 154 155
f 155 154 156
f 156 154 157
f 156 157 158
f 158 157 159
f 158 159 160
f 161 162 159
f 159 162 163
f 159 163 160
f 164 165 166
f 166 165 167
f 166 167 161
f 161 167 168
f 161 168 162
f 164 166 169
f 169 166 170
f 169 170 171
f 171 170 172
f 172 170 173
f 172 173 174
f 175 176 173
f 173 176 177
f 173 177 174
f 178 179 175
f 175 179 180
f 175 180 176
f 181 182 183
f 183 182 184
f 183 184 178
f 178 184 185
f 178 185 179
f 181 183 186
f 186 183 187
f 186 187 188
f 188 187 189
f 189 187 190
f 189 190 191
f 192 193 190
f 190 193 194
f 190 194 191
f 195 196 192
f 192 196 197
f 192 197 193
f 198 199 200
f 200 199 201
f 200 201 195
f 195 201 202
f 195 202 196
f 198 200 203
f 203 200 204
f 203 204 205
f 205 204 206
f 206 204 207
f 206 207 208
f 209 210 207
f 207 210 211
f 207 211 208
f 212 213 214
f 214 213 215
f 214 215 209
f 209 215 216
f 209 216 210
f 212 214 217
f 217 214 218
f 217 218 219
f 219 218 220
f 220 218 221
f 220 221 222
f 222 221 223
f 223 221 224
f 223 224 225
f 226 227 224
f 224 227 228
f 224 228 225
f 229 230 231
f 231 230 232
f 231 232 226
f 226 232 233
f 226 233 227
f 229 231 234
f 234 231 235
f 234 235 236
f 236 235 237
f 237 235 238
f 237 238 239
f 239 238 240
f 240 238 241
f 240 241 242
f 243 244 241
f 241 244 245
f 241 245 242
f 246 247 248
f 248 247 249
f 248 249 243
f 243 249 250
f 243 250 244
f 246 248 251
f 251 248 252
f 251 252 253
f 253 252 254
f 254 252 255
f 254 255 256
f 257 258 259
f 259 258 260
f 261 262 263
f 264 265 261
f 261 265 266
f 260 267 259
f 259 267 268
f 259 268 269
f 263 270 261
f 261 270 271
f 261 271 264
f 266 272 261
f 261 272 273
f 261 273 259
f 259 273 274
f 259 274 257
f 275 276 277
f 276 278 277
f 277 278 279
f 277 279 280
f 277 281 282
f 283 284 285
f 285 284 286
f 285 286 287
f 287 288 285
f 285 288 289
f 285 289 277
f 277 289 290
f 277 290 275
f 280 291 277
f 277 291 292
f 277 292 281
f 293 294 295
f 296 261 297
f 297 261 298
f 297 298 299
f 299 298 300
f 301 302 303
f 303 302 304
f 294 305 295
f 295 305 306
f 295 306 304
f 304 306 307
f 304 307 303
f 308 309 310
f 310 309 311
f 310 311 312
f 313 314 315
f 315 314 316
f 316 317 315
f 315 317 318
f 315 318 319
f 319 320 315
f 315 320 321
f 315 321 295
f 295 321 322
f 295 322 293
f 301 323 302
f 302 323 324
f 302 324 325
f 325 324 326
f 325 326 327
f 327 326 328
f 327 328 329
f 330 331 310
f 310 331 332
f 310 332 308
f 283 285 333
f 333 285 310
f 333 310 334
f 334 310 312
f 334 312 328
f 328 312 335
f 328 335 329
f 336 337 338
f 338 337 339
f 338 339 340
f 340 339 341
f 340 341 342
f 342 341 343
f 342 343 344
f 344 343 345
f 344 345 346
f 346 345 347
f 346 347 348
f 348 347 349
f 348 349 350
f 350 349 351
f 350 351 296
f 296 351 352
f 296 352 261
f 261 352 353
f 261 353 262
f 277 282 354
f 277 354 355
f 355 354 356
f 355 356 357
f 357 356 358
f 357 358 359
f 359 358 360
f 359 360 361
f 361 360 362
f 361 362 363
f 363 362 364
f 363 364 365
f 365 364 366
f 365 366 367
f 367 366 368
f 367 368 369
f 369 368 370
f 369 370 371
f 371 370 372
f 371 372 373
f 373 372 374
f 373 374 375
f 375 374 376
f 375 376 377
f 377 376 378
f 377 378 379
f 379 378 380
f 379 380 381
f 381 380 382
f 381 382 383
f 383 382 384
f 383 384 385
f 385 384 386
f 385 386 387
f 387 386 388
f 387 388 389
f 389 388 390
f 389 390 391
f 391 390 392
f 391 392 393
f 393 392 394
f 393 394 336
f 336 394 395
f 336 395 337
f 396 397 398
f 396 398 399
f 400 399 398
f 401 400 398
f 402 401 398
f 403 402 398
f 404 403 398
f 405 404 398
f 406 405 398
f 407 406 398
f 408 407 398
f 409 408 398
f 410 409 398
f 411 410 398
f 412 411 398
f 413 412 398
f 414 413 398
f 415 414 398
f 416 415 398
f 417 416 398
f 418 417 398
f 419 418 398
f 420 419 398
f 421 420 398
f 422 421 398
f 423 422 398
f 424 423 398
f 425 424 398
f 426 425 398
f 427 426 398
f 428 427 398
f 429 428 398
f 430 429 398
f 431 430 398
f 432 431 398
f 433 432 398
f 434 433 398
f 435 434 398
f 436 435 398
f 437 436 398
f 438 437 398
f 439 438 398
f 440 439 398
f 441 440 398
f 442 441 398
f 443 442 398
f 444 443 398
f 445 444 398
f 446 445 398
f 447 446 398
f 448 447 398
f 449 448 398
f 450 449 398
f 451 450 398
f 452 451 398
f 453 452 398
f 454 453 398
f 455 454 398
f 456 455 398
f 457 456 398
f 458 457 398
f 459 458 398
f 460 459 398
f 461 460 398
f 462 461 398
f 463 462 398
f 464 463 398
f 465 464 398
f 466 465 398
f 467 466 398
f 468 467 398
f 469 468 398
f 470 469 398
f 471 470 398
f 472 471 398
f 473 472 398
f 474 473 398
f 475 474 398
f 476 475 398
f 477 476 398
f 478 477 398
f 479 478 398
f 480 479 398
f 481 480 398
f 482 481 398
f 483 482 398
f 484 483 398
f 485 484 398
f 486 485 398
f 487 486 398
f 488 487 398
f 489 488 398
f 490 489 398
f 491 490 398
f 492 491 398
f 493 492 398
f 494 493 398
f 495 494 398
f 496 495 398
f 497 496 398
f 498 497 398
f 499 498 398
f 500 499 398
f 501 500 398
f 502 501 398
f 503 502 398
f 504 503 398
f 505 504 398
f 506 505 398
f 507 506 398
f 508 507 398
f 509 508 398
f 510 509 398
f 511 510 398
f 512 511 398
f 513 512 398
f 514 513 398
f 515 514 398
f 516 515 398
f 517 516 398
f 518 517 398
f 519 518 398
f 520 519 398
f 521 520 398
f 522 521 398
f 523 522 398
f 524 523 398
f 525 524 398
f 526 525 398
f 527 526 398
f 528 527 398
f 529 528 398
f 530 529 398
f 531 530 398
f 532 531 398
f 533 532 398
f 534 533 398
f 535 534 398
f 536 535 398
f 537 536 398
f 538 537 398
f 539 538 398
f 540 539 398
f 541 540 398
f 542 541 398
f 543 542 398
f 544 543 398
f 545 544 398
f 546 545 398
f 547 546 398
f 548 547 398
f 549 548 398
f 550 549 398
f 551 550 398
f 552 551 398
f 553 552 398
f 554 553 398
f 555 554 398
f 556 555 398
f 557 556 398
f 558 557 398
f 559 558 398
f 560 559 398
f 561 560 398
f 562 561 398
f 563 562 398
f 564 563 398
f 565 564 398
f 566 565 398
f 567 566 398
f 568 567 398
f 569 568 398
f 570 569 398
f 571 570 398
f 572 571 398
f 573 572 398
f 574 573 398
f 575 574 398
f 576 575 398
f 577 576 398
f 578 577 398
f 579 578 398
f 580 579 398
f 581 580 398
f 582 581 398
f 583 582 398
f 397 583 398
f 584 585 586
f 587 588 589
f 590 591 592
f 593 594 595
f 596 597 598
f 599 600 601
f 602 603 604
f 604 603 605
f 602 606 607
f 607 608 602
f 602 608 609
f 602 609 603
f 610 611 612
f 612 611 613
f 612 613 614
f 615 616 617
f 617 618 615
f 615 618 619
f 615 619 612
f 612 619 620
f 612 620 610
f 601 600 621
f 598 597 601
f 601 597 622
f 601 622 599
f 623 624 625
f 625 624 626
f 625 626 598
f 598 626 627
f 598 627 596
f 594 593 625
f 625 593 628
f 625 628 623
f 629 630 631
f 631 630 632
f 633 634 635
f 635 634 631
f 635 631 636
f 636 631 632
f 637 638 639
f 637 639 640
f 639 641 640
f 640 641 642
f 640 642 629
f 629 642 643
f 629 643 630
f 644 645 637
f 637 645 646
f 637 646 638
f 647 648 649
f 649 650 647
f 647 650 651
f 647 651 644
f 644 651 652
f 644 652 645
f 653 654 648
f 648 654 655
f 648 655 649
f 656 657 658
f 658 657 659
f 658 659 653
f 653 659 660
f 653 660 654
f 661 662 656
f 656 662 663
f 656 663 657
f 664 665 661
f 661 665 666
f 661 666 662
f 667 668 664
f 664 668 669
f 664 669 665
f 670 671 672
f 672 671 673
f 672 673 667
f 667 673 674
f 667 674 668
f 675 676 670
f 670 676 677
f 670 677 671
f 678 679 675
f 675 679 680
f 675 680 676
f 681 682 678
f 678 682 683
f 678 683 679
f 684 685 686
f 686 685 687
f 686 687 681
f 681 687 688
f 681 688 682
f 689 690 684
f 684 690 691
f 684 691 685
f 692 693 689
f 689 693 694
f 689 694 690
f 695 696 692
f 692 696 697
f 692 697 693
f 698 699 695
f 695 699 700
f 695 700 696
f 701 702 703
f 703 702 704
f 703 704 698
f 698 704 705
f 698 705 699
f 706 707 708
f 708 707 709
f 708 709 701
f 701 709 710
f 701 710 702
f 706 708 711
f 711 708 712
f 711 712 713
f 713 712 714
f 713 714 715
f 715 714 716
f 716 714 717
f 716 717 718
f 718 717 719
f 718 719 720
f 720 719 721
f 721 719 722
f 721 722 723
f 723 722 724
f 724 722 725
f 724 725 726
f 726 725 727
f 727 725 728
f 727 728 729
f 729 728 730
f 730 728 731
f 730 731 732
f 732 731 733
f 732 733 734
f 734 733 735
f 735 733 736
f 735 736 737
f 737 736 738
f 738 736 739
f 738 739 740
f 740 739 741
f 741 739 742
f 741 742 743
f 743 742 744
f 744 742 745
f 744 745 746
f 746 745 747
f 746 747 748
f 748 747 749
f 749 747 750
f 749 750 751
f 751 750 752
f 752 750 753
f 752 753 754
f 754 753 755
f 755 753 756
f 755 756 757
f 757 756 758
f 758 756 759
f 758 759 760
f 760 759 761
f 760 761 762
f 762 761 763
f 763 761 764
f 763 764 765
f 765 764 766
f 766 764 767
f 766 767 768
f 768 767 769
f 769 767 770
f 769 770 771
f 771 770 772
f 772 770 773
f 772 773 774
f 774 773 775
f 774 775 776
f 776 775 777
f 776 777 778
f 778 777 779
f 779 777 780
f 779 780 781
f 782 783 784
f 784 783 785
f 784 785 780
f 780 785 786
f 780 786 781
f 787 788 789
f 789 788 790
f 789 790 782
f 782 790 791
f 782 791 783
f 792 793 794
f 794 793 795
f 794 795 787
f 787 795 796
f 787 796 788
f 792 794 797
f 797 794 798
f 797 798 799
f 799 798 800
f 799 800 801
f 801 800 802
f 802 800 803
f 802 803 804
f 804 803 805
f 804 805 806
f 806 805 807
f 807 805 808
f 807 808 809
f 809 808 810
f 810 808 811
f 810 811 812
f 812 811 813
f 813 811 814
f 813 814 815
f 815 814 816
f 816 814 817
f 816 817 818
f 818 817 819
f 818 819 820
f 820 819 821
f 821 819 822
f 821 822 823
f 823 822 824
f 824 822 825
f 824 825 826
f 826 825 827
f 827 825 828
f 827 828 829
f 829 828 830
f 830 828 831
f 830 831 832
f 832 831 833
f 832 833 834
f 834 833 835
f 835 833 836
f 835 836 837
f 837 836 838
f 838 836 839
f 838 839 840
f 840 839 841
f 841 839 842
f 841 842 843
f 843 842 844
f 844 842 845
f 844 845 846
f 846 845 847
f 846 847 848
f 848 847 849
f 849 847 850
f 849 850 851
f 851 850 852
f 852 850 853
f 852 853 854
f 854 853 855
f 855 853 856
f 855 856 857
f 857 856 858
f 858 856 859
f 858 859 860
f 860 859 861
f 861 859 862
f 861 862 863
f 863 862 864
f 863 864 865
f 865 864 866
f 866 864 867
f 866 867 868
f 869 870 871
f 871 870 872
f 871 872 867
f 867 872 873
f 867 873 868
f 874 875 876
f 876 875 877
f 876 877 869
f 869 877 878
f 869 878 870
f 879 880 874
f 874 880 881
f 874 881 875
f 882 883 879
f 879 883 884
f 879 884 880
f 885 886 882
f 882 886 887
f 882 887 883
f 888 889 890
f 890 889 891
f 890 891 885
f 885 891 892
f 885 892 886
f 893 894 888
f 888 894 895
f 888 895 889
f 896 897 893
f 893 897 898
f 893 898 894
f 899 900 896
f 896 900 901
f 896 901 897
f 902 903 904
f 904 903 905
f 904 905 899
f 899 905 906
f 899 906 900
f 907 908 902
f 902 908 909
f 902 909 903
f 910 911 907
f 907 911 912
f 907 912 908
f 913 914 910
f 910 914 915
f 910 915 911
f 916 917 918
f 918 917 919
f 918 919 913
f 913 919 920
f 913 920 914
f 921 922 916
f 916 922 923
f 916 923 917
f 924 925 921
f 921 925 926
f 921 926 922
f 927 928 924
f 924 928 929
f 924 929 925
f 930 931 932
f 932 931 933
f 932 933 927
f 927 933 934
f 927 934 928
f 935 936 930
f 930 936 937
f 930 937 931
f 938 939 940
f 940 939 941
f 940 941 935
f 935 941 942
f 935 942 936
f 938 940 943
f 943 940 944
f 943 944 945
f 945 944 946
f 945 946 947
f 947 946 948
f 948 946 949
f 948 949 950
f 950 949 951
f 950 951 952
f 952 951 953
f 953 951 954
f 953 954 955
f 956 957 958
f 958 957 959
f 958 959 954
f 954 959 960
f 954 960 955
f 961 962 963
f 963 962 964
f 963 964 956
f 956 964 965
f 956 965 957
f 966 967 961
f 961 967 968
f 961 968 962
f 969 970 966
f 966 970 971
f 966 971 967
f 972 973 969
f 969 973 974
f 969 974 970
f 975 976 977
f 977 976 978
f 977 978 972
f 972 978 979
f 972 979 973
f 980 981 975
f 975 981 982
f 975 982 976
f 983 984 980
f 980 984 985
f 980 985 981
f 986 987 983
f 983 987 988
f 983 988 984
f 989 990 991
f 991 990 992
f 991 992 986
f 986 992 993
f 986 993 987
f 994 995 989
f 989 995 996
f 989 996 990
f 997 998 994
f 994 998 999
f 994 999 995
f 1000 1001 997
f 997 1001 1002
f 997 1002 998
f 1003 1004 1005
f 1005 1004 1006
f 1005 1006 1000
f 1000 1006 1007
f 1000 1007 1001
f 1008 1009 1003
f 1003 1009 1010
f 1003 1010 1004
f 1011 1012 1013
f 1013 1012 1014
f 1013 1014 1008
f 1008 1014 1015
f 1008 1015 1009
f 1011 1013 1016
f 1016 1013 1017
f 1016 1017 1018
f 1019 1020 1021
f 1019 1021 1017
f 1017 1021 1022
f 1017 1022 1018
f 1020 1019 1023
f 1023 1019 1024
f 1023 1024 1025
f 1025 1024 1026
f 1026 1024 1027
f 1026 1027 1028
f 1028 1027 1029
f 1029 1027 1030
f 1029 1030 1031
f 1032 1033 1030
f 1030 1033 1034
f 1030 1034 1031
f 590 1035 1036
f 1036 1035 1037
f 1036 1037 1032
f 1032 1037 1038
f 1032 1038 1033
f 592 591 1039
f 1039 591 1040
f 1039 1040 1041
f 1042 1043 1044
f 1044 1043 1045
f 1044 1045 1040
f 1040 1045 1046
f 1040 1046 1041
f 1042 1044 1047
f 1047 1044 1048
f 1047 1048 1049
f 1050 1051 1052
f 1052 1051 1053
f 1052 1053 1054
f 1055 1056 1057
f 1057 1056 1058
f 1057 1058 1052
f 1052 1058 1059
f 1052 1059 1050
f 1060 1061 1062
f 1063 1064 1060
f 1064 1065 1060
f 1060 1065 1066
f 1060 1066 1061
f 1067 1068 1069
f 1069 1068 1070
f 1069 1070 1071
f 1072 1073 1069
f 1069 1073 1074
f 1069 1074 1067
f 1075 1076 1072
f 1077 1078 1079
f 1080 1077 1081
f 1078 1082 1079
f 1079 1082 1083
f 1079 1083 1075
f 1075 1083 1084
f 1075 1084 1076
f 1085 1086 1081
f 1081 1086 1087
f 1081 1087 1080
f 1088 1089 1090
f 1090 1089 1091
f 1090 1091 1085
f 1092 1093 1094
f 1094 1093 1095
f 1094 1095 1088
f 1096 1092 1097
f 1097 1092 1094
f 1097 1094 1098
f 1098 1094 1099
f 1098 1099 1100
f 1100 1099 1101
f 1101 1099 1102
f 1101 1102 1103
f 1104 1105 1106
f 1106 1105 1107
f 1106 1107 1102
f 1102 1107 1108
f 1102 1108 1103
f 1109 1110 1111
f 1109 1111 1112
f 1112 1111 1113
f 1112 1113 1114
f 1115 1116 1117
f 1117 1116 1118
f 1117 1118 1113
f 1113 1118 1119
f 1113 1119 1114
f 1117 1120 1115
f 1115 1120 1121
f 1115 1121 1122
f 1123 1124 1125
f 1125 1124 1126
f 1127 1128 1129
f 1129 1128 1123
f 1129 1123 1130
f 1130 1123 1125
f 1127 1129 1131
f 1131 1129 1132
f 1131 1132 1133
f 1133 1132 1134
f 1133 1134 1135
f 1135 1134 1136
f 1135 1136 1137
f 1137 1136 1138
f 1138 1136 1139
f 1138 1139 1140
f 1140 1139 1141
f 1140 1141 1142
f 1142 1141 1143
f 1143 1141 1144
f 1143 1144 1145
f 1145 1144 1146
f 1145 1146 1147
f 588 587 1146
f 1146 587 1148
f 1146 1148 1147
f 1149 1150 589
f 589 1150 1151
f 589 1151 587
f 1152 1153 1154
f 1154 1153 1149
f 1154 1149 1155
f 1155 1149 589
f 1152 1154 1156
f 1156 1154 1157
f 1156 1157 1158
f 1158 1157 1159
f 1158 1159 1160
f 1160 1159 1161
f 1160 1161 1162
f 1162 1161 1163
f 1163 1161 1164
f 1163 1164 1165
f 1165 1166 1167
f 1167 1166 1168
f 1167 1168 1169
f 1169 1168 1170
f 1170 1168 1171
f 1170 1171 586
f 586 1171 1172
f 586 1172 584
f 1173 1174 1175
f 1175 1174 1176
f 1175 1176 1177
f 1178 1179 1180
f 1181 1182 1183
f 1183 1182 1184
f 1183 1184 1185
f 1088 1090 1094
f 1094 1090 1186
f 1094 1186 1099
f 1099 1186 1187
f 1099 1187 1102
f 1102 1187 1110
f 1102 1110 1106
f 1106 1110 1109
f 1106 1109 1104
f 1165 1164 1166
f 1166 1164 1188
f 1166 1188 1168
f 1168 1188 1174
f 1168 1174 1171
f 1171 1174 1173
f 1171 1173 1172
f 1085 1081 1090
f 1090 1081 1189
f 1090 1189 1186
f 1186 1189 1190
f 1186 1190 1187
f 1187 1190 1191
f 1187 1191 1110
f 1110 1191 1192
f 1110 1192 1111
f 1111 1192 1193
f 1111 1193 1113
f 1113 1193 1194
f 1113 1194 1117
f 1117 1194 1195
f 1117 1195 1120
f 1120 1195 1125
f 1120 1125 1121
f 1121 1125 1126
f 1121 1126 1122
f 1077 1079 1081
f 1081 1079 1196
f 1081 1196 1189
f 1189 1196 1197
f 1189 1197 1190
f 1190 1197 1198
f 1190 1198 1191
f 1191 1198 1199
f 1191 1199 1192
f 1192 1199 1200
f 1192 1200 1193
f 1193 1200 1201
f 1193 1201 1194
f 1194 1201 1202
f 1194 1202 1195
f 1195 1202 1203
f 1195 1203 1125
f 1125 1203 1204
f 1125 1204 1130
f 1130 1204 1205
f 1130 1205 1129
f 1129 1205 1206
f 1129 1206 1132
f 1132 1206 1207
f 1132 1207 1134
f 1134 1207 1208
f 1134 1208 1136
f 1136 1208 1209
f 1136 1209 1139
f 1139 1209 1210
f 1139 1210 1141
f 1141 1210 1211
f 1141 1211 1144
f 1144 1211 1212
f 1144 1212 1146
f 1146 1212 1213
f 1146 1213 588
f 588 1213 1214
f 588 1214 589
f 589 1214 1215
f 589 1215 1155
f 1155 1215 1216
f 1155 1216 1154
f 1154 1216 1217
f 1154 1217 1157
f 1157 1217 1218
f 1157 1218 1159
f 1159 1218 1219
f 1159 1219 1161
f 1161 1219 1220
f 1161 1220 1164
f 1164 1220 1221
f 1164 1221 1188
f 1188 1221 1222
f 1188 1222 1174
f 1174 1222 1178
f 1174 1178 1176
f 1176 1178 1180
f 1176 1180 1177
f 1072 1069 1075
f 1075 1069 1223
f 1075 1223 1079
f 1079 1223 1224
f 1079 1224 1196
f 1196 1224 1225
f 1196 1225 1197
f 1197 1225 1226
f 1197 1226 1198
f 1198 1226 1227
f 1198 1227 1199
f 1199 1227 1228
f 1199 1228 1200
f 1200 1228 1229
f 1200 1229 1201
f 1201 1229 1230
f 1201 1230 1202
f 1202 1230 1231
f 1202 1231 1203
f 1203 1231 1232
f 1203 1232 1204
f 1204 1232 1233
f 1204 1233 1205
f 1205 1233 1234
f 1205 1234 1206
f 1206 1234 1235
f 1206 1235 1207
f 1207 1235 1236
f 1207 1236 1208
f 1208 1236 1237
f 1208 1237 1209
f 1209 1237 1238
f 1209 1238 1210
f 1210 1238 1239
f 1210 1239 1211
f 1211 1239 1240
f 1211 1240 1212
f 1212 1240 1241
f 1212 1241 1213
f 1213 1241 1242
f 1213 1242 1214
f 1214 1242 1243
f 1214 1243 1215
f 1215 1243 1244
f 1215 1244 1216
f 1216 1244 1245
f 1216 1245 1217
f 1217 1245 1246
f 1217 1246 1218
f 1218 1246 1247
f 1218 1247 1219
f 1219 1247 1248
f 1219 1248 1220
f 1220 1248 1249
f 1220 1249 1221
f 1221 1249 1250
f 1221 1250 1222
f 1222 1250 1185
f 1222 1185 1178
f 1178 1185 1184
f 1178 1184 1179
f 1063 1060 1071
f 1071 1060 1251
f 1071 1251 1069
f 1069 1251 1252
f 1069 1252 1223
f 1223 1252 1253
f 1223 1253 1224
f 1224 1253 1254
f 1224 1254 1225
f 1225 1254 1255
f 1225 1255 1226
f 1226 1255 1256
f 1226 1256 1227
f 1227 1256 1257
f 1227 1257 1228
f 1228 1257 1258
f 1228 1258 1229
f 1229 1258 1259
f 1229 1259 1230
f 1230 1259 1260
f 1230 1260 1231
f 1231 1260 1261
f 1231 1261 1232
f 1232 1261 1262
f 1232 1262 1233
f 1233 1262 1263
f 1233 1263 1234
f 1234 1263 1264
f 1234 1264 1235
f 1235 1264 1265
f 1235 1265 1236
f 1236 1265 1266
f 1236 1266 1237
f 1237 1266 1267
f 1237 1267 1238
f 1238 1267 1268
f 1238 1268 1239
f 1239 1268 1269
f 1239 1269 1240
f 1240 1269 1270
f 1240 1270 1241
f 1241 1270 1271
f 1241 1271 1242
f 1242 1271 1272
f 1242 1272 1243
f 1243 1272 1273
f 1243 1273 1244
f 1244 1273 1274
f 1244 1274 1245
f 1245 1274 1275
f 1245 1275 1246
f 1246 1275 1276
f 1246 1276 1247
f 1247 1276 1277
f 1247 1277 1248
f 1248 1277 1278
f 1248 1278 1249
f 1249 1278 1279
f 1249 1279 1250
f 1250 1279 1280
f 1250 1280 1185
f 1185 1280 604
f 1185 604 1183
f 1183 604 605
f 1183 605 1181
f 1055 1057 1062
f 1062 1057 1281
f 1062 1281 1060
f 1060 1281 1282
f 1060 1282 1251
f 1251 1282 1283
f 1251 1283 1252
f 1252 1283 1284
f 1252 1284 1253
f 1253 1284 1285
f 1253 1285 1254
f 1254 1285 1286
f 1254 1286 1255
f 1255 1286 1287
f 1255 1287 1256
f 1256 1287 1288
f 1256 1288 1257
f 1257 1288 1289
f 1257 1289 1258
f 1258 1289 1290
f 1258 1290 1259
f 1259 1290 1291
f 1259 1291 1260
f 1260 1291 1292
f 1260 1292 1261
f 1261 1292 1293
f 1261 1293 1262
f 1262 1293 1294
f 1262 1294 1263
f 1263 1294 1295
f 1263 1295 1264
f 1264 1295 1296
f 1264 1296 1265
f 1265 1296 1297
f 1265 1297 1266
f 1266 1297 1298
f 1266 1298 1267
f 1267 1298 1299
f 1267 1299 1268
f 1268 1299 1300
f 1268 1300 1269
f 1269 1300 1301
f 1269 1301 1270
f 1270 1301 1302
f 1270 1302 1271
f 1271 1302 1303
f 1271 1303 1272
f 1272 1303 1304
f 1272 1304 1273
f 1273 1304 1305
f 1273 1305 1274
f 1274 1305 1306
f 1274 1306 1275
f 1275 1306 1307
f 1275 1307 1276
f 1276 1307 1308
f 1276 1308 1277
f 1277 1308 1309
f 1277 1309 1278
f 1278 1309 1310
f 1278 1310 1279
f 1279 1310 1311
f 1279 1311 1280
f 1280 1311 1312
f 1280 1312 604
f 604 1312 614
f 604 614 602
f 602 614 613
f 602 613 606
f 1049 1048 1054
f 1054 1048 1313
f 1054 1313 1052
f 1052 1313 1314
f 1052 1314 1057
f 1057 1314 1315
f 1057 1315 1281
f 1281 1315 1316
f 1281 1316 1282
f 1282 1316 1317
f 1282 1317 1283
f 1283 1317 1318
f 1283 1318 1284
f 1284 1318 1319
f 1284 1319 1285
f 1285 1319 1320
f 1285 1320 1286
f 1286 1320 1321
f 1286 1321 1287
f 1287 1321 1322
f 1287 1322 1288
f 1288 1322 1323
f 1288 1323 1289
f 1289 1323 1324
f 1289 1324 1290
f 1290 1324 1325
f 1290 1325 1291
f 1291 1325 1326
f 1291 1326 1292
f 1292 1326 1327
f 1292 1327 1293
f 1293 1327 1328
f 1293 1328 1294
f 1294 1328 1329
f 1294 1329 1295
f 1295 1329 1330
f 1295 1330 1296
f 1296 1330 1331
f 1296 1331 1297
f 1297 1331 1332
f 1297 1332 1298
f 1298 1332 1333
f 1298 1333 1299
f 1299 1333 1334
f 1299 1334 1300
f 1300 1334 1335
f 1300 1335 1301
f 1301 1335 1336
f 1301 1336 1302
f 1302 1336 1337
f 1302 1337 1303
f 1303 1337 1338
f 1303 1338 1304
f 1304 1338 1339
f 1304 1339 1305
f 1305 1339 1340
f 1305 1340 1306
f 1306 1340 1341
f 1306 1341 1307
f 1307 1341 1342
f 1307 1342 1308
f 1308 1342 1343
f 1308 1343 1309
f 1309 1343 1344
f 1309 1344 1310
f 1310 1344 1345
f 1310 1345 1311
f 1311 1345 1346
f 1311 1346 1312
f 1312 1346 1347
f 1312 1347 614
f 614 1347 1348
f 614 1348 612
f 612 1348 621
f 612 621 615
f 615 621 600
f 615 600 616
f 590 1036 591
f 591 1036 1349
f 591 1349 1040
f 1040 1349 1350
f 1040 1350 1044
f 1044 1350 1351
f 1044 1351 1048
f 1048 1351 1352
f 1048 1352 1313
f 1313 1352 1353
f 1313 1353 1314
f 1314 1353 1354
f 1314 1354 1315
f 1315 1354 1355
f 1315 1355 1316
f 1316 1355 1356
f 1316 1356 1317
f 1317 1356 1357
f 1317 1357 1318
f 1318 1357 1358
f 1318 1358 1319
f 1319 1358 1359
f 1319 1359 1320
f 1320 1359 1360
f 1320 1360 1321
f 1321 1360 1361
f 1321 1361 1322
f 1322 1361 1362
f 1322 1362 1323
f 1323 1362 1363
f 1323 1363 1324
f 1324 1363 1364
f 1324 1364 1325
f 1325 1364 1365
f 1325 1365 1326
f 1326 1365 1366
f 1326 1366 1327
f 1327 1366 1367
f 1327 1367 1328
f 1328 1367 1368
f 1328 1368 1329
f 1329 1368 1369
f 1329 1369 1330
f 1330 1369 1370
f 1330 1370 1331
f 1331 1370 1371
f 1331 1371 1332
f 1332 1371 1372
f 1332 1372 1333
f 1333 1372 1373
f 1333 1373 1334
f 1334 1373 1374
f 1334 1374 1335
f 1335 1374 1375
f 1335 1375 1336
f 1336 1375 1376
f 1336 1376 1337
f 1337 1376 1377
f 1337 1377 1338
f 1338 1377 1378
f 1338 1378 1339
f 1339 1378 1379
f 1339 1379 1340
f 1340 1379 1380
f 1340 1380 1341
f 1341 1380 1381
f 1341 1381 1342
f 1342 1381 1382
f 1342 1382 1343
f 1343 1382 1383
f 1343 1383 1344
f 1344 1383 1384
f 1344 1384 1345
f 1345 1384 1385
f 1345 1385 1346
f 1346 1385 1386
f 1346 1386 1347
f 1347 1386 1387
f 1347 1387 1348
f 1348 1387 1388
f 1348 1388 621
f 621 1388 1389
f 621 1389 601
f 601 1389 1390
f 601 1390 598
f 598 1390 1391
f 598 1391 625
f 625 1391 634
f 625 634 594
f 594 634 633
f 594 633 595
f 670 1392 675
f 675 1392 1393
f 675 1393 678
f 678 1393 1394
f 678 1394 681
f 681 1394 1395
f 681 1395 686
f 686 1395 1396
f 686 1396 684
f 684 1396 1397
f 684 1397 689
f 689 1397 1398
f 689 1398 692
f 692 1398 1399
f 692 1399 695
f 695 1399 1400
f 695 1400 698
f 698 1400 1401
f 698 1401 703
f 703 1401 1402
f 703 1402 701
f 701 1402 1403
f 701 1403 708
f 708 1403 1404
f 708 1404 712
f 712 1404 1405
f 712 1405 714
f 714 1405 1406
f 714 1406 717
f 717 1406 1407
f 717 1407 719
f 719 1407 1408
f 719 1408 722
f 722 1408 1409
f 722 1409 725
f 725 1409 1410
f 725 1410 728
f 728 1410 1411
f 728 1411 731
f 731 1411 1412
f 731 1412 733
f 733 1412 1413
f 733 1413 736
f 736 1413 1414
f 736 1414 739
f 739 1414 1415
f 739 1415 742
f 742 1415 1416
f 742 1416 745
f 745 1416 1417
f 745 1417 747
f 747 1417 1418
f 747 1418 750
f 750 1418 1419
f 750 1419 753
f 753 1419 1420
f 753 1420 756
f 756 1420 1421
f 756 1421 759
f 759 1421 1422
f 759 1422 761
f 761 1422 1423
f 761 1423 764
f 764 1423 1424
f 764 1424 767
f 767 1424 1425
f 767 1425 770
f 770 1425 1426
f 770 1426 773
f 773 1426 1427
f 773 1427 775
f 775 1427 1428
f 775 1428 777
f 777 1428 1429
f 777 1429 780
f 780 1429 1430
f 780 1430 784
f 784 1430 1431
f 784 1431 782
f 782 1431 1432
f 782 1432 789
f 789 1432 1433
f 789 1433 787
f 787 1433 1434
f 787 1434 794
f 794 1434 1435
f 794 1435 798
f 798 1435 1436
f 798 1436 800
f 800 1436 1437
f 800 1437 803
f 803 1437 1438
f 803 1438 805
f 805 1438 1439
f 805 1439 808
f 808 1439 1440
f 808 1440 811
f 811 1440 1441
f 811 1441 814
f 814 1441 1442
f 814 1442 817
f 817 1442 1443
f 817 1443 819
f 819 1443 1444
f 819 1444 822
f 822 1444 1445
f 822 1445 825
f 825 1445 1446
f 825 1446 828
f 828 1446 1447
f 828 1447 831
f 831 1447 1448
f 831 1448 833
f 833 1448 1449
f 833 1449 836
f 836 1449 1450
f 836 1450 839
f 839 1450 1451
f 839 1451 842
f 842 1451 1452
f 842 1452 845
f 845 1452 1453
f 845 1453 847
f 847 1453 1454
f 847 1454 850
f 850 1454 1455
f 850 1455 853
f 853 1455 1456
f 853 1456 856
f 856 1456 1457
f 856 1457 859
f 859 1457 1458
f 859 1458 862
f 862 1458 1459
f 862 1459 864
f 864 1459 1460
f 864 1460 867
f 867 1460 1461
f 867 1461 871
f 871 1461 1462
f 871 1462 869
f 869 1462 1463
f 869 1463 876
f 876 1463 1464
f 876 1464 874
f 874 1464 1465
f 874 1465 879
f 879 1465 1466
f 879 1466 882
f 882 1466 1467
f 882 1467 885
f 885 1467 1468
f 885 1468 890
f 890 1468 1469
f 890 1469 888
f 888 1469 1470
f 888 1470 893
f 893 1470 1471
f 893 1471 896
f 896 1471 1472
f 896 1472 899
f 899 1472 1473
f 899 1473 904
f 904 1473 1474
f 904 1474 902
f 902 1474 1475
f 902 1475 907
f 907 1475 1476
f 907 1476 910
f 910 1476 1477
f 910 1477 913
f 913 1477 1478
f 913 1478 918
f 918 1478 1479
f 918 1479 916
f 916 1479 1480
f 916 1480 921
f 921 1480 1481
f 921 1481 924
f 924 1481 1482
f 924 1482 927
f 927 1482 1483
f 927 1483 932
f 932 1483 1484
f 932 1484 930
f 930 1484 1485
f 930 1485 935
f 935 1485 1486
f 935 1486 940
f 940 1486 1487
f 940 1487 944
f 944 1487 1488
f 944 1488 946
f 946 1488 1489
f 946 1489 949
f 949 1489 1490
f 949 1490 951
f 951 1490 1491
f 951 1491 954
f 954 1491 1492
f 954 1492 958
f 958 1492 1493
f 958 1493 956
f 956 1493 1494
f 956 1494 963
f 963 1494 1495
f 963 1495 961
f 961 1495 1496
f 961 1496 966
f 966 1496 1497
f 966 1497 969
f 969 1497 1498
f 969 1498 972
f 972 1498 1499
f 972 1499 977
f 977 1499 1500
f 977 1500 975
f 975 1500 1501
f 975 1501 980
f 980 1501 1502
f 980 1502 983
f 983 1502 1503
f 983 1503 986
f 986 1503 1504
f 986 1504 991
f 991 1504 1505
f 991 1505 989
f 989 1505 1506
f 989 1506 994
f 994 1506 1507
f 994 1507 997
f 997 1507 1508
f 997 1508 1000
f 1000 1508 1509
f 1000 1509 1005
f 1005 1509 1510
f 1005 1510 1003
f 1003 1510 1511
f 1003 1511 1008
f 1008 1511 1512
f 1008 1512 1013
f 1013 1512 1513
f 1013 1513 1017
f 1017 1513 1514
f 1017 1514 1019
f 1019 1514 1515
f 1019 1515 1024
f 1024 1515 1516
f 1024 1516 1027
f 1027 1516 1517
f 1027 1517 1030
f 1030 1517 1518
f 1030 1518 1032
f 1032 1518 1519
f 1032 1519 1036
f 1036 1519 1520
f 1036 1520 1349
f 1349 1520 1521
f 1349 1521 1350
f 1350 1521 1522
f 1350 1522 1351
f 1351 1522 1523
f 1351 1523 1352
f 1352 1523 1524
f 1352 1524 1353
f 1353 1524 1525
f 1353 1525 1354
f 1354 1525 1526
f 1354 1526 1355
f 1355 1526 1527
f 1355 1527 1356
f 1356 1527 1528
f 1356 1528 1357
f 1357 1528 1529
f 1357 1529 1358
f 1358 1529 1530
f 1358 1530 1359
f 1359 1530 1531
f 1359 1531 1360
f 1360 1531 1532
f 1360 1532 1361
f 1361 1532 1533
f 1361 1533 1362
f 1362 1533 1534
f 1362 1534 1363
f 1363 1534 1535
f 1363 1535 1364
f 1364 1535 1536
f 1364 1536 1365
f 1365 1536 1537
f 1365 1537 1366
f 1366 1537 1538
f 1366 1538 1367
f 1367 1538 1539
f 1367 1539 1368
f 1368 1539 1540
f 1368 1540 1369
f 1369 1540 1541
f 1369 1541 1370
f 1370 1541 1542
f 1370 1542 1371
f 1371 1542 1543
f 1371 1543 1372
f 1372 1543 1544
f 1372 1544 1373
f 1373 1544 1545
f 1373 1545 1374
f 1374 1545 1546
f 1374 1546 1375
f 1375 1546 1547
f 1375 1547 1376
f 1376 1547 1548
f 1376 1548 1377
f 1377 1548 1549
f 1377 1549 1378
f 1378 1549 1550
f 1378 1550 1379
f 1379 1550 1551
f 1379 1551 1380
f 1380 1551 1552
f 1380 1552 1381
f 1381 1552 1553
f 1381 1553 1382
f 1382 1553 1554
f 1382 1554 1383
f 1383 1554 1555
f 1383 1555 1384
f 1384 1555 1556
f 1384 1556 1385
f 1385 1556 1557
f 1385 1557 1386
f 1386 1557 1558
f 1386 1558 1387
f 1387 1558 1559
f 1387 1559 1388
f 1388 1559 1560
f 1388 1560 1389
f 1389 1560 1561
f 1389 1561 1390
f 1390 1561 1562
f 1390 1562 1391
f 1391 1562 1563
f 1391 1563 634
f 634 1563 1564
f 634 1564 631
f 631 1564 1565
f 631 1565 629
f 629 1565 1566
f 629 1566 640
f 640 1566 1567
f 640 1567 637
f 637 1567 1568
f 637 1568 644
f 644 1568 1569
f 644 1569 647
f 647 1569 1570
f 647 1570 648
f 648 1570 1571
f 648 1571 653
f 653 1571 1572
f 653 1572 658
f 658 1572 1573
f 658 1573 656
f 656 1573 1574
f 656 1574 661
f 661 1574 1575
f 661 1575 664
f 664 1575 1576
f 664 1576 667
f 667 1576 1577
f 667 1577 672
f 672 1577 1578
f 672 1578 670
f 670 1578 1392
f 1578 1579 1392
f 1392 1579 1580
f 1392 1580 1393
f 1393 1580 1581
f 1393 1581 1394
f 1394 1581 1582
f 1394 1582 1395
f 1395 1582 1583
f 1395 1583 1396
f 1396 1583 1584
f 1396 1584 1397
f 1397 1584 1585
f 1397 1585 1398
f 1398 1585 1586
f 1398 1586 1399
f 1399 1586 1587
f 1399 1587 1400
f 1400 1587 1588
f 1400 1588 1401
f 1401 1588 1589
f 1401 1589 1402
f 1402 1589 1590
f 1402 1590 1403
f 1403 1590 1591
f 1403 1591 1404
f 1404 1591 1592
f 1404 1592 1405
f 1405 1592 1593
f 1405 1593 1406
f 1406 1593 1594
f 1406 1594 1407
f 1407 1594 1595
f 1407 1595 1408
f 1408 1595 1596
f 1408 1596 1409
f 1409 1596 1597
f 1409 1597 1410
f 1410 1597 1598
f 1410 1598 1411
f 1411 1598 1599
f 1411 1599 1412
f 1412 1599 1600
f 1412 1600 1413
f 1413 1600 1601
f 1413 1601 1414
f 1414 1601 1602
f 1414 1602 1415
f 1415 1602 1603
f 1415 1603 1416
f 1416 1603 1604
f 1416 1604 1417
f 1417 1604 1605
f 1417 1605 1418
f 1418 1605 1606
f 1418 1606 1419
f 1419 1606 1607
f 1419 1607 1420
f 1420 1607 1608
f 1420 1608 1421
f 1421 1608 1609
f 1421 1609 1422
f 1422 1609 1610
f 1422 1610 1423
f 1423 1610 1611
f 1423 1611 1424
f 1424 1611 1612
f 1424 1612 1425
f 1425 1612 1613
f 1425 1613 1426
f 1426 1613 1614
f 1426 1614 1427
f 1427 1614 1615
f 1427 1615 1428
f 1428 1615 1616
f 1428 1616 1429
f 1429 1616 1617
f 1429 1617 1430
f 1430 1617 1618
f 1430 1618 1431
f 1431 1618 1619
f 1431 1619 1432
f 1432 1619 1620
f 1432 1620 1433
f 1433 1620 1621
f 1433 1621 1434
f 1434 1621 1622
f 1434 1622 1435
f 1435 1622 1623
f 1435 1623 1436
f 1436 1623 1624
f 1436 1624 1437
f 1437 1624 1625
f 1437 1625 1438
f 1438 1625 1626
f 1438 1626 1439
f 1439 1626 1627
f 1439 1627 1440
f 1440 1627 1628
f 1440 1628 1441
f 1441 1628 1629
f 1441 1629 1442
f 1442 1629 1630
f 1442 1630 1443
f 1443 1630 1631
f 1443 1631 1444
f 1444 1631 1632
f 1444 1632 1445
f 1445 1632 1633
f 1445 1633 1446
f 1446 1633 1634
f 1446 1634 1447
f 1447 1634 1635
f 1447 1635 1448
f 1448 1635 1636
f 1448 1636 1449
f 1449 1636 1637
f 1449 1637 1450
f 1450 1637 1638
f 1450 1638 1451
f 1451 1638 1639
f 1451 1639 1452
f 1452 1639 1640
f 1452 1640 1453
f 1453 1640 1641
f 1453 1641 1454
f 1454 1641 1642
f 1454 1642 1455
f 1455 1642 1643
f 1455 1643 1456
f 1456 1643 1644
f 1456 1644 1457
f 1457 1644 1645
f 1457 1645 1458
f 1458 1645 1646
f 1458 1646 1459
f 1459 1646 1647
f 1459 1647 1460
f 1460 1647 1648
f 1460 1648 1461
f 1461 1648 1649
f 1461 1649 1462
f 1462 1649 1650
f 1462 1650 1463
f 1463 1650 1651
f 1463 1651 1464
f 1464 1651 1652
f 1464 1652 1465
f 1465 1652 1653
f 1465 1653 1466
f 1466 1653 1654
f 1466 1654 1467
f 1467 1654 1655
f 1467 1655 1468
f 1468 1655 1656
f 1468 1656 1469
f 1469 1656 1657
f 1469 1657 1470
f 1470 1657 1658
f 1470 1658 1471
f 1471 1658 1659
f 1471 1659 1472
f 1472 1659 1660
f 1472 1660 1473
f 1473 1660 1661
f 1473 1661 1474
f 1474 1661 1662
f 1474 1662 1475
f 1475 1662 1663
f 1475 1663 1476
f 1476 1663 1664
f 1476 1664 1477
f 1477 1664 1665
f 1477 1665 1478
f 1478 1665 1666
f 1478 1666 1479
f 1479 1666 1667
f 1479 1667 1480
f 1480 1667 1668
f 1480 1668 1481
f 1481 1668 1669
f 1481 1669 1482
f 1482 1669 1670
f 1482 1670 1483
f 1483 1670 1671
f 1483 1671 1484
f 1484 1671 1672
f 1484 1672 1485
f 1485 1672 1673
f 1485 1673 1486
f 1486 1673 1674
f 1486 1674 1487
f 1487 1674 1675
f 1487 1675 1488
f 1488 1675 1676
f 1488 1676 1489
f 1489 1676 1677
f 1489 1677 1490
f 1490 1677 1678
f 1490 1678 1491
f 1491 1678 1679
f 1491 1679 1492
f 1492 1679 1680
f 1492 1680 1493
f 1493 1680 1681
f 1493 1681 1494
f 1494 1681 1682
f 1494 1682 1495
f 1495 1682 1683
f 1495 1683 1496
f 1496 1683 1684
f 1496 1684 1497
f 1497 1684 1685
f 1497 1685 1498
f 1498 1685 1686
f 1498 1686 1499
f 1499 1686 1687
f 1499 1687 1500
f 1500 1687 1688
f 1500 1688 1501
f 1501 1688 1689
f 1501 1689 1502
f 1502 1689 1690
f 1502 1690 1503
f 1503 1690 1691
f 1503 1691 1504
f 1504 1691 1692
f 1504 1692 1505
f 1505 1692 1693
f 1505 1693 1506
f 1506 1693 1694
f 1506 1694 1507
f 1507 1694 1695
f 1507 1695 1508
f 1508 1695 1696
f 1508 1696 1509
f 1509 1696 1697
f 1509 1697 1510
f 1510 1697 1698
f 1510 1698 1511
f 1511 1698 1699
f 1511 1699 1512
f 1512 1699 1700
f 1512 1700 1513
f 1513 1700 1701
f 1513 1701 1514
f 1514 1701 1702
f 1514 1702 1515
f 1515 1702 1703
f 1515 1703 1516
f 1516 1703 1704
f 1516 1704 1517
f 1517 1704 1705
f 1517 1705 1518
f 1518 1705 1706
f 1518 1706 1519
f 1519 1706 1707
f 1519 1707 1520
f 1520 1707 1708
f 1520 1708 1521
f 1521 1708 1709
f 1521 1709 1522
f 1522 1709 1710
f 1522 1710 1523
f 1523 1710 1711
f 1523 1711 1524
f 1524 1711 1712
f 1524 1712 1525
f 1525 1712 1713
f 1525 1713 1526
f 1526 1713 1714
f 1526 1714 1527
f 1527 1714 1715
f 1527 1715 1528
f 1528 1715 1716
f 1528 1716 1529
f 1529 1716 1717
f 1529 1717 1530
f 1530 1717 1718
f 1530 1718 1531
f 1531 1718 1719
f 1531 1719 1532
f 1532 1719 1720
f 1532 1720 1533
f 1533 1720 1721
f 1533 1721 1534
f 1534 1721 1722
f 1534 1722 1535
f 1535 1722 1723
f 1535 1723 1536
f 1536 1723 1724
f 1536 1724 1537
f 1537 1724 1725
f 1537 1725 1538
f 1538 1725 1726
f 1538 1726 1539
f 1539 1726 1727
f 1539 1727 1540
f 1540 1727 1728
f 1540 1728 1541
f 1541 1728 1729
f 1541 1729 1542
f 1542 1729 1730
f 1542 1730 1543
f 1543 1730 1731
f 1543 1731 1544
f 1544 1731 1732
f 1544 1732 1545
f 1545 1732 1733
f 1545 1733 1546
f 1546 1733 1734
f 1546 1734 1547
f 1547 1734 1735
f 1547 1735 1548
f 1548 1735 1736
f 1548 1736 1549
f 1549 1736 1737
f 1549 1737 1550
f 1550 1737 1738
f 1550 1738 1551
f 1551 1738 1739
f 1551 1739 1552
f 1552 1739 1740
f 1552 1740 1553
f 1553 1740 1741
f 1553 1741 1554
f 1554 1741 1742
f 1554 1742 1555
f 1555 1742 1743
f 1555 1743 1556
f 1556 1743 1744
f 1556 1744 1557
f 1557 1744 1745
f 1557 1745 1558
f 1558 1745 1746
f 1558 1746 1559
f 1559 1746 1747
f 1559 1747 1560
f 1560 1747 1748
f 1560 1748 1561
f 1561 1748 1749
f 1561 1749 1562
f 1562 1749 1750
f 1562 1750 1563
f 1563 1750 1751
f 1563 1751 1564
f 1564 1751 1752
f 1564 1752 1565
f 1565 1752 1753
f 1565 1753 1566
f 1566 1753 1754
f 1566 1754 1567
f 1567 1754 1755
f 1567 1755 1568
f 1568 1755 1756
f 1568 1756 1569
f 1569 1756 1757
f 1569 1757 1570
f 1570 1757 1758
f 1570 1758 1571
f 1571 1758 1759
f 1571 1759 1572
f 1572 1759 1760
f 1572 1760 1573
f 1573 1760 1761
f 1573 1761 1574
f 1574 1761 1762
f 1574 1762 1575
f 1575 1762 1763
f 1575 1763 1576
f 1576 1763 1764
f 1576 1764 1577
f 1577 1764 1765
f 1577 1765 1578
f 1578 1765 1579
f 1765 1766 1579
f 1579 1766 1767
f 1579 1767 1580
f 1580 1767 1768
f 1580 1768 1581
f 1581 1768 1769
f 1581 1769 1582
f 1582 1769 1770
f 1582 1770 1583
f 1583 1770 1771
f 1583 1771 1584
f 1584 1771 1772
f 1584 1772 1585
f 1585 1772 1773
f 1585 1773 1586
f 1586 1773 1774
f 1586 1774 1587
f 1587 1774 1775
f 1587 1775 1588
f 1588 1775 1776
f 1588 1776 1589
f 1589 1776 1777
f 1589 1777 1590
f 1590 1777 1778
f 1590 1778 1591
f 1591 1778 1779
f 1591 1779 1592
f 1592 1779 1780
f 1592 1780 1593
f 1593 1780 1781
f 1593 1781 1594
f 1594 1781 1782
f 1594 1782 1595
f 1595 1782 1783
f 1595 1783 1596
f 1596 1783 1784
f 1596 1784 1597
f 1597 1784 1785
f 1597 1785 1598
f 1598 1785 1786
f 1598 1786 1599
f 1599 1786 1787
f 1599 1787 1600
f 1600 1787 1788
f 1600 1788 1601
f 1601 1788 1789
f 1601 1789 1602
f 1602 1789 1790
f 1602 1790 1603
f 1603 1790 1791
f 1603 1791 1604
f 1604 1791 1792
f 1604 1792 1605
f 1605 1792 1793
f 1605 1793 1606
f 1606 1793 1794
f 1606 1794 1607
f 1607 1794 1795
f 1607 1795 1608
f 1608 1795 1796
f 1608 1796 1609
f 1609 1796 1797
f 1609 1797 1610
f 1610 1797 1798
f 1610 1798 1611
f 1611 1798 1799
f 1611 1799 1612
f 1612 1799 1800
f 1612 1800 1613
f 1613 1800 1801
f 1613 1801 1614
f 1614 1801 1802
f 1614 1802 1615
f 1615 1802 1803
f 1615 1803 1616
f 1616 1803 1804
f 1616 1804 1617
f 1617 1804 1805
f 1617 1805 1618
f 1618 1805 1806
f 1618 1806 1619
f 1619 1806 1807
f 1619 1807 1620
f 1620 1807 1808
f 1620 1808 1621
f 1621 1808 1809
f 1621 1809 1622
f 1622 1809 1810
f 1622 1810 1623
f 1623 1810 1811
f 1623 1811 1624
f 1624 1811 1812
f 1624 1812 1625
f 1625 1812 1813
f 1625 1813 1626
f 1626 1813 1814
f 1626 1814 1627
f 1627 1814 1815
f 1627 1815 1628
f 1628 1815 1816
f 1628 1816 1629
f 1629 1816 1817
f 1629 1817 1630
f 1630 1817 1818
f 1630 1818 1631
f 1631 1818 1819
f 1631 1819 1632
f 1632 1819 1820
f 1632 1820 1633
f 1633 1820 1821
f 1633 1821 1634
f 1634 1821 1822
f 1634 1822 1635
f 1635 1822 1823
f 1635 1823 1636
f 1636 1823 1824
f 1636 1824 1637
f 1637 1824 1825
f 1637 1825 1638
f 1638 1825 1826
f 1638 1826 1639
f 1639 1826 1827
f 1639 1827 1640
f 1640 1827 1828
f 1640 1828 1641
f 1641 1828 1829
f 1641 1829 1642
f 1642 1829 1830
f 1642 1830 1643
f 1643 1830 1831
f 1643 1831 1644
f 1644 1831 1832
f 1644 1832 1645
f 1645 1832 1833
f 1645 1833 1646
f 1646 1833 1834
f 1646 1834 1647
f 1647 1834 1835
f 1647 1835 1648
f 1648 1835 1836
f 1648 1836 1649
f 1649 1836 1837
f 1649 1837 1650
f 1650 1837 1838
f 1650 1838 1651
f 1651 1838 1839
f 1651 1839 1652
f 1652 1839 1840
f 1652 1840 1653
f 1653 1840 1841
f 1653 1841 1654
f 1654 1841 1842
f 1654 1842 1655
f 1655 1842 1843
f 1655 1843 1656
f 1656 1843 1844
f 1656 1844 1657
f 1657 1844 1845
f 1657 1845 1658
f 1658 1845 1846
f 1658 1846 1659
f 1659 1846 1847
f 1659 1847 1660
f 1660 1847 1848
f 1660 1848 1661
f 1661 1848 1849
f 1661 1849 1662
f 1662 1849 1850
f 1662 1850 1663
f 1663 1850 1851
f 1663 1851 1664
f 1664 1851 1852
f 1664 1852 1665
f 1665 1852 1853
f 1665 1853 1666
f 1666 1853 1854
f 1666 1854 1667
f 1667 1854 1855
f 1667 1855 1668
f 1668 1855 1856
f 1668 1856 1669
f 1669 1856 1857
f 1669 1857 1670
f 1670 1857 1858
f 1670 1858 1671
f 1671 1858 1859
f 1671 1859 1672
f 1672 1859 1860
f 1672 1860 1673
f 1673 1860 1861
f 1673 1861 1674
f 1674 1861 1862
f 1674 1862 1675
f 1675 1862 1863
f 1675 1863 1676
f 1676 1863 1864
f 1676 1864 1677
f 1677 1864 1865
f 1677 1865 1678
f 1678 1865 1866
f 1678 1866 1679
f 1679 1866 1867
f 1679 1867 1680
f 1680 1867 1868
f 1680 1868 1681
f 1681 1868 1869
f 1681 1869 1682
f 1682 1869 1870
f 1682 1870 1683
f 1683 1870 1871
f 1683 1871 1684
f 1684 1871 1872
f 1684 1872 1685
f 1685 1872 1873
f 1685 1873 1686
f 1686 1873 1874
f 1686 1874 1687
f 1687 1874 1875
f 1687 1875 1688
f 1688 1875 1876
f 1688 1876 1689
f 1689 1876 1877
f 1689 1877 1690
f 1690 1877 1878
f 1690 1878 1691
f 1691 1878 1879
f 1691 1879 1692
f 1692 1879 1880
f 1692 1880 1693
f 1693 1880 1881
f 1693 1881 1694
f 1694 1881 1882
f 1694 1882 1695
f 1695 1882 1883
f 1695 1883 1696
f 1696 1883 1884
f 1696 1884 1697
f 1697 1884 1885
f 1697 1885 1698
f 1698 1885 1886
f 1698 1886 1699
f 1699 1886 1887
f 1699 1887 1700
f 1700 1887 1888
f 1700 1888 1701
f 1701 1888 1889
f 1701 1889 1702
f 1702 1889 1890
f 1702 1890 1703
f 1703 1890 1891
f 1703 1891 1704
f 1704 1891 1892
f 1704 1892 1705
f 1705 1892 1893
f 1705 1893 1706
f 1706 1893 1894
f 1706 1894 1707
f 1707 1894 1895
f 1707 1895 1708
f 1708 1895 1896
f 1708 1896 1709
f 1709 1896 1897
f 1709 1897 1710
f 1710 1897 1898
f 1710 1898 1711
f 1711 1898 1899
f 1711 1899 1712
f 1712 1899 1900
f 1712 1900 1713
f 1713 1900 1901
f 1713 1901 1714
f 1714 1901 1902
f 1714 1902 1715
f 1715 1902 1903
f 1715 1903 1716
f 1716 1903 1904
f 1716 1904 1717
f 1717 1904 1905
f 1717 1905 1718
f 1718 1905 1906
f 1718 1906 1719
f 1719 1906 1907
f 1719 1907 1720
f 1720 1907 1908
f 1720 1908 1721
f 1721 1908 1909
f 1721 1909 1722
f 1722 1909 1910
f 1722 1910 1723
f 1723 1910 1911
f 1723 1911 1724
f 1724 1911 1912
f 1724 1912 1725
f 1725 1912 1913
f 1725 1913 1726
f 1726 1913 1914
f 1726 1914 1727
f 1727 1914 1915
f 1727 1915 1728
f 1728 1915 1916
f 1728 1916 1729
f 1729 1916 1917
f 1729 1917 1730
f 1730 1917 1918
f 1730 1918 1731
f 1731 1918 1919
f 1731 1919 1732
f 1732 1919 1920
f 1732 1920 1733
f 1733 1920 1921
f 1733 1921 1734
f 1734 1921 1922
f 1734 1922 1735
f 1735 1922 1923
f 1735 1923 1736
f 1736 1923 1924
f 1736 1924 1737
f 1737 1924 1925
f 1737 1925 1738
f 1738 1925 1926
f 1738 1926 1739
f 1739 1926 1927
f 1739 1927 1740
f 1740 1927 1928
f 1740 1928 1741
f 1741 1928 1929
f 1741 1929 1742
f 1742 1929 1930
f 1742 1930 1743
f 1743 1930 1931
f 1743 1931 1744
f 1744 1931 1932
f 1744 1932 1745
f 1745 1932 1933
f 1745 1933 1746
f 1746 1933 1934
f 1746 1934 1747
f 1747 1934 1935
f 1747 1935 1748
f 1748 1935 1936
f 1748 1936 1749
f 1749 1936 1937
f 1749 1937 1750
f 1750 1937 1938
f 1750 1938 1751
f 1751 1938 1939
f 1751 1939 1752
f 1752 1939 1940
f 1752 1940 1753
f 1753 1940 1941
f 1753 1941 1754
f 1754 1941 1942
f 1754 1942 1755
f 1755 1942 1943
f 1755 1943 1756
f 1756 1943 1944
f 1756 1944 1757
f 1757 1944 1945
f 1757 1945 1758
f 1758 1945 1946
f 1758 1946 1759
f 1759 1946 1947
f 1759 1947 1760
f 1760 1947 1948
f 1760 1948 1761
f 1761 1948 1949
f 1761 1949 1762
f 1762 1949 1950
f 1762 1950 1763
f 1763 1950 1951
f 1763 1951 1764
f 1764 1951 1952
f 1764 1952 1765
f 1765 1952 1766
f 1952 1953 1766
f 1766 1953 1954
f 1766 1954 1767
f 1767 1954 1955
f 1767 1955 1768
f 1768 1955 1956
f 1768 1956 1769
f 1769 1956 1957
f 1769 1957 1770
f 1770 1957 1958
f 1770 1958 1771
f 1771 1958 1959
f 1771 1959 1772
f 1772 1959 1960
f 1772 1960 1773
f 1773 1960 1961
f 1773 1961 1774
f 1774 1961 1962
f 1774 1962 1775
f 1775 1962 1963
f 1775 1963 1776
f 1776 1963 1964
f 1776 1964 1777
f 1777 1964 1965
f 1777 1965 1778
f 1778 1965 1966
f 1778 1966 1779
f 1779 1966 1967
f 1779 1967 1780
f 1780 1967 1968
f 1780 1968 1781
f 1781 1968 1969
f 1781 1969 1782
f 1782 1969 1970
f 1782 1970 1783
f 1783 1970 1971
f 1783 1971 1784
f 1784 1971 1972
f 1784 1972 1785
f 1785 1972 1973
f 1785 1973 1786
f 1786 1973 1974
f 1786 1974 1787
f 1787 1974 1975
f 1787 1975 1788
f 1788 1975 1976
f 1788 1976 1789
f 1789 1976 1977
f 1789 1977 1790
f 1790 1977 1978
f 1790 1978 1791
f 1791 1978 1979
f 1791 1979 1792
f 1792 1979 1980
f 1792 1980 1793
f 1793 1980 1981
f 1793 1981 1794
f 1794 1981 1982
f 1794 1982 1795
f 1795 1982 1983
f 1795 1983 1796
f 1796 1983 1984
f 1796 1984 1797
f 1797 1984 1985
f 1797 1985 1798
f 1798 1985 1986
f 1798 1986 1799
f 1799 1986 1987
f 1799 1987 1800
f 1800 1987 1988
f 1800 1988 1801
f 1801 1988 1989
f 1801 1989 1802
f 1802 1989 1990
f 1802 1990 1803
f 1803 1990 1991
f 1803 1991 1804
f 1804 1991 1992
f 1804 1992 1805
f 1805 1992 1993
f 1805 1993 1806
f 1806 1993 1994
f 1806 1994 1807
f 1807 1994 1995
f 1807 1995 1808
f 1808 1995 1996
f 1808 1996 1809
f 1809 1996 1997
f 1809 1997 1810
f 1810 1997 1998
f 1810 1998 1811
f 1811 1998 1999
f 1811 1999 1812
f 1812 1999 2000
f 1812 2000 1813
f 1813 2000 2001
f 1813 2001 1814
f 1814 2001 2002
f 1814 2002 1815
f 1815 2002 2003
f 1815 2003 1816
f 1816 2003 2004
f 1816 2004 1817
f 1817 2004 2005
f 1817 2005 1818
f 1818 2005 2006
f 1818 2006 1819
f 1819 2006 2007
f 1819 2007 1820
f 1820 2007 2008
f 1820 2008 1821
f 1821 2008 2009
f 1821 2009 1822
f 1822 2009 2010
f 1822 2010 1823
f 1823 2010 2011
f 1823 2011 1824
f 1824 2011 2012
f 1824 2012 1825
f 1825 2012 2013
f 1825 2013 1826
f 1826 2013 2014
f 1826 2014 1827
f 1827 2014 2015
f 1827 2015 1828
f 1828 2015 2016
f 1828 2016 1829
f 1829 2016 2017
f 1829 2017 1830
f 1830 2017 2018
f 1830 2018 1831
f 1831 2018 2019
f 1831 2019 1832
f 1832 2019 2020
f 1832 2020 1833
f 1833 2020 2021
f 1833 2021 1834
f 1834 2021 2022
f 1834 2022 1835
f 1835 2022 2023
f 1835 2023 1836
f 1836 2023 2024
f 1836 2024 1837
f 1837 2024 2025
f 1837 2025 1838
f 1838 2025 2026
f 1838 2026 1839
f 1839 2026 2027
f 1839 2027 1840
f 1840 2027 2028
f 1840 2028 1841
f 1841 2028 2029
f 1841 2029 1842
f 1842 2029 2030
f 1842 2030 1843
f 1843 2030 2031
f 1843 2031 1844
f 1844 2031 2032
f 1844 2032 1845
f 1845 2032 2033
f 1845 2033 1846
f 1846 2033 2034
f 1846 2034 1847
f 1847 2034 2035
f 1847 2035 1848
f 1848 2035 2036
f 1848 2036 1849
f 1849 2036 2037
f 1849 2037 1850
f 1850 2037 2038
f 1850 2038 1851
f 1851 2038 2039
f 1851 2039 1852
f 1852 2039 2040
f 1852 2040 1853
f 1853 2040 2041
f 1853 2041 1854
f 1854 2041 2042
f 1854 2042 1855
f 1855 2042 2043
f 1855 2043 1856
f 1856 2043 2044
f 1856 2044 1857
f 1857 2044 2045
f 1857 2045 1858
f 1858 2045 2046
f 1858 2046 1859
f 1859 2046 2047
f 1859 2047 1860
f 1860 2047 2048
f 1860 2048 1861
f 1861 2048 2049
f 1861 2049 1862
f 1862 2049 2050
f 1862 2050 1863
f 1863 2050 2051
f 1863 2051 1864
f 1864 2051 2052
f 1864 2052 1865
f 1865 2052 2053
f 1865 2053 1866
f 1866 2053 2054
f 1866 2054 1867
f 1867 2054 2055
f 1867 2055 1868
f 1868 2055 2056
f 1868 2056 1869
f 1869 2056 2057
f 1869 2057 1870
f 1870 2057 2058
f 1870 2058 1871
f 1871 2058 2059
f 1871 2059 1872
f 1872 2059 2060
f 1872 2060 1873
f 1873 2060 2061
f 1873 2061 1874
f 1874 2061 2062
f 1874 2062 1875
f 1875 2062 2063
f 1875 2063 1876
f 1876 2063 2064
f 1876 2064 1877
f 1877 2064 2065
f 1877 2065 1878
f 1878 2065 2066
f 1878 2066 1879
f 1879 2066 2067
f 1879 2067 1880
f 1880 2067 2068
f 1880 2068 1881
f 1881 2068 2069
f 1881 2069 1882
f 1882 2069 2070
f 1882 2070 1883
f 1883 2070 2071
f 1883 2071 1884
f 1884 2071 2072
f 1884 2072 1885
f 1885 2072 2073
f 1885 2073 1886
f 1886 2073 2074
f 1886 2074 1887
f 1887 2074 2075
f 1887 2075 1888
f 1888 2075 2076
f 1888 2076 1889
f 1889 2076 2077
f 1889 2077 1890
f 1890 2077 2078
f 1890 2078 1891
f 1891 2078 2079
f 1891 2079 1892
f 1892 2079 2080
f 1892 2080 1893
f 1893 2080 2081
f 1893 2081 1894
f 1894 2081 2082
f 1894 2082 1895
f 1895 2082 2083
f 1895 2083 1896
f 1896 2083 2084
f 1896 2084 1897
f 1897 2084 2085
f 1897 2085 1898
f 1898 2085 2086
f 1898 2086 1899
f 1899 2086 2087
f 1899 2087 1900
f 1900 2087 2088
f 1900 2088 1901
f 1901 2088 2089
f 1901 2089 1902
f 1902 2089 2090
f 1902 2090 1903
f 1903 2090 2091
f 1903 2091 1904
f 1904 2091 2092
f 1904 2092 1905
f 1905 2092 2093
f 1905 2093 1906
f 1906 2093 2094
f 1906 2094 1907
f 1907 2094 2095
f 1907 2095 1908
f 1908 2095 2096
f 1908 2096 1909
f 1909 2096 2097
f 1909 2097 1910
f 1910 2097 2098
f 1910 2098 1911
f 1911 2098 2099
f 1911 2099 1912
f 1912 2099 2100
f 1912 2100 1913
f 1913 2100 2101
f 1913 2101 1914
f 1914 2101 2102
f 1914 2102 1915
f 1915 2102 2103
f 1915 2103 1916
f 1916 2103 2104
f 1916 2104 1917
f 1917 2104 2105
f 1917 2105 1918
f 1918 2105 2106
f 1918 2106 1919
f 1919 2106 2107
f 1919 2107 1920
f 1920 2107 2108
f 1920 2108 1921
f 1921 2108 2109
f 1921 2109 1922
f 1922 2109 2110
f 1922 2110 1923
f 1923 2110 2111
f 1923 2111 1924
f 1924 2111 2112
f 1924 2112 1925
f 1925 2112 2113
f 1925 2113 1926
f 1926 2113 2114
f 1926 2114 1927
f 1927 2114 2115
f 1927 2115 1928
f 1928 2115 2116
f 1928 2116 1929
f 1929 2116 2117
f 1929 2117 1930
f 1930 2117 2118
f 1930 2118 1931
f 1931 2118 2119
f 1931 2119 1932
f 1932 2119 2120
f 1932 2120 1933
f 1933 2120 2121
f 1933 2121 1934
f 1934 2121 2122
f 1934 2122 1935
f 1935 2122 2123
f 1935 2123 1936
f 1936 2123 2124
f 1936 2124 1937
f 1937 2124 2125
f 1937 2125 1938
f 1938 2125 2126
f 1938 2126 1939
f 1939 2126 2127
f 1939 2127 1940
f 1940 2127 2128
f 1940 2128 1941
f 1941 2128 2129
f 1941 2129 1942
f 1942 2129 2130
f 1942 2130 1943
f 1943 2130 2131
f 1943 2131 1944
f 1944 2131 2132
f 1944 2132 1945
f 1945 2132 2133
f 1945 2133 1946
f 1946 2133 2134
f 1946 2134 1947
f 1947 2134 2135
f 1947 2135 1948
f 1948 2135 2136
f 1948 2136 1949
f 1949 2136 2137
f 1949 2137 1950
f 1950 2137 2138
f 1950 2138 1951
f 1951 2138 2139
f 1951 2139 1952
f 1952 2139 1953
f 2139 2140 1953
f 1953 2140 2141
f 1953 2141 1954
f 1954 2141 2142
f 1954 2142 1955
f 1955 2142 2143
f 1955 2143 1956
f 1956 2143 2144
f 1956 2144 1957
f 1957 2144 2145
f 1957 2145 1958
f 1958 2145 2146
f 1958 2146 1959
f 1959 2146 2147
f 1959 2147 1960
f 1960 2147 2148
f 1960 2148 1961
f 1961 2148 2149
f 1961 2149 1962
f 1962 2149 2150
f 1962 2150 1963
f 1963 2150 2151
f 1963 2151 1964
f 1964 2151 2152
f 1964 2152 1965
f 1965 2152 2153
f 1965 2153 1966
f 1966 2153 2154
f 1966 2154 1967
f 1967 2154 2155
f 1967 2155 1968
f 1968 2155 2156
f 1968 2156 1969
f 1969 2156 2157
f 1969 2157 1970
f 1970 2157 2158
f 1970 2158 1971
f 1971 2158 2159
f 1971 2159 1972
f 1972 2159 2160
f 1972 2160 1973
f 1973 2160 2161
f 1973 2161 1974
f 1974 2161 2162
f 1974 2162 1975
f 1975 2162 2163
f 1975 2163 1976
f 1976 2163 2164
f 1976 2164 1977
f 1977 2164 2165
f 1977 2165 1978
f 1978 2165 2166
f 1978 2166 1979
f 1979 2166 2167
f 1979 2167 1980
f 1980 2167 2168
f 1980 2168 1981
f 1981 2168 2169
f 1981 2169 1982
f 1982 2169 2170
f 1982 2170 1983
f 1983 2170 2171
f 1983 2171 1984
f 1984 2171 2172
f 1984 2172 1985
f 1985 2172 2173
f 1985 2173 1986
f 1986 2173 2174
f 1986 2174 1987
f 1987 2174 2175
f 1987 2175 1988
f 1988 2175 2176
f 1988 2176 1989
f 1989 2176 2177
f 1989 2177 1990
f 1990 2177 2178
f 1990 2178 1991
f 1991 2178 2179
f 1991 2179 1992
f 1992 2179 2180
f 1992 2180 1993
f 1993 2180 2181
f 1993 2181 1994
f 1994 2181 2182
f 1994 2182 1995
f 1995 2182 2183
f 1995 2183 1996
f 1996 2183 2184
f 1996 2184 1997
f 1997 2184 2185
f 1997 2185 1998
f 1998 2185 2186
f 1998 2186 1999
f 1999 2186 2187
f 1999 2187 2000
f 2000 2187 2188
f 2000 2188 2001
f 2001 2188 2189
f 2001 2189 2002
f 2002 2189 2190
f 2002 2190 2003
f 2003 2190 2191
f 2003 2191 2004
f 2004 2191 2192
f 2004 2192 2005
f 2005 2192 2193
f 2005 2193 2006
f 2006 2193 2194
f 2006 2194 2007
f 2007 2194 2195
f 2007 2195 2008
f 2008 2195 2196
f 2008 2196 2009
f 2009 2196 2197
f 2009 2197 2010
f 2010 2197 2198
f 2010 2198 2011
f 2011 2198 2199
f 2011 2199 2012
f 2012 2199 2200
f 2012 2200 2013
f 2013 2200 2201
f 2013 2201 2014
f 2014 2201 2202
f 2014 2202 2015
f 2015 2202 2203
f 2015 2203 2016
f 2016 2203 2204
f 2016 2204 2017
f 2017 2204 2205
f 2017 2205 2018
f 2018 2205 2206
f 2018 2206 2019
f 2019 2206 2207
f 2019 2207 2020
f 2020 2207 2208
f 2020 2208 2021
f 2021 2208 2209
f 2021 2209 2022
f 2022 2209 2210
f 2022 2210 2023
f 2023 2210 2211
f 2023 2211 2024
f 2024 2211 2212
f 2024 2212 2025
f 2025 2212 2213
f 2025 2213 2026
f 2026 2213 2214
f 2026 2214 2027
f 2027 2214 2215
f 2027 2215 2028
f 2028 2215 2216
f 2028 2216 2029
f 2029 2216 2217
f 2029 2217 2030
f 2030 2217 2218
f 2030 2218 2031
f 2031 2218 2219
f 2031 2219 2032
f 2032 2219 2220
f 2032 2220 2033
f 2033 2220 2221
f 2033 2221 2034
f 2034 2221 2222
f 2034 2222 2035
f 2035 2222 2223
f 2035 2223 2036
f 2036 2223 2224
f 2036 2224 2037
f 2037 2224 2225
f 2037 2225 2038
f 2038 2225 2226
f 2038 2226 2039
f 2039 2226 2227
f 2039 2227 2040
f 2040 2227 2228
f 2040 2228 2041
f 2041 2228 2229
f 2041 2229 2042
f 2042 2229 2230
f 2042 2230 2043
f 2043 2230 2231
f 2043 2231 2044
f 2044 2231 2232
f 2044 2232 2045
f 2045 2232 2233
f 2045 2233 2046
f 2046 2233 2234
f 2046 2234 2047
f 2047 2234 2235
f 2047 2235 2048
f 2048 2235 2236
f 2048 2236 2049
f 2049 2236 2237
f 2049 2237 2050
f 2050 2237 2238
f 2050 2238 2051
f 2051 2238 2239
f 2051 2239 2052
f 2052 2239 2240
f 2052 2240 2053
f 2053 2240 2241
f 2053 2241 2054
f 2054 2241 2242
f 2054 2242 2055
f 2055 2242 2243
f 2055 2243 2056
f 2056 2243 2244
f 2056 2244 2057
f 2057 2244 2245
f 2057 2245 2058
f 2058 2245 2246
f 2058 2246 2059
f 2059 2246 2247
f 2059 2247 2060
f 2060 2247 2248
f 2060 2248 2061
f 2061 2248 2249
f 2061 2249 2062
f 2062 2249 2250
f 2062 2250 2063
f 2063 2250 2251
f 2063 2251 2064
f 2064 2251 2252
f 2064 2252 2065
f 2065 2252 2253
f 2065 2253 2066
f 2066 2253 2254
f 2066 2254 2067
f 2067 2254 2255
f 2067 2255 2068
f 2068 2255 2256
f 2068 2256 2069
f 2069 2256 2257
f 2069 2257 2070
f 2070 2257 2258
f 2070 2258 2071
f 2071 2258 2259
f 2071 2259 2072
f 2072 2259 2260
f 2072 2260 2073
f 2073 2260 2261
f 2073 2261 2074
f 2074 2261 2262
f 2074 2262 2075
f 2075 2262 2263
f 2075 2263 2076
f 2076 2263 2264
f 2076 2264 2077
f 2077 2264 2265
f 2077 2265 2078
f 2078 2265 2266
f 2078 2266 2079
f 2079 2266 2267
f 2079 2267 2080
f 2080 2267 2268
f 2080 2268 2081
f 2081 2268 2269
f 2081 2269 2082
f 2082 2269 2270
f 2082 2270 2083
f 2083 2270 2271
f 2083 2271 2084
f 2084 2271 2272
f 2084 2272 2085
f 2085 2272 2273
f 2085 2273 2086
f 2086 2273 2274
f 2086 2274 2087
f 2087 2274 2275
f 2087 2275 2088
f 2088 2275 2276
f 2088 2276 2089
f 2089 2276 2277
f 2089 2277 2090
f 2090 2277 2278
f 2090 2278 2091
f 2091 2278 2279
f 2091 2279 2092
f 2092 2279 2280
f 2092 2280 2093
f 2093 2280 2281
f 2093 2281 2094
f 2094 2281 2282
f 2094 2282 2095
f 2095 2282 2283
f 2095 2283 2096
f 2096 2283 2284
f 2096 2284 2097
f 2097 2284 2285
f 2097 2285 2098
f 2098 2285 2286
f 2098 2286 2099
f 2099 2286 2287
f 2099 2287 2100
f 2100 2287 2288
f 2100 2288 2101
f 2101 2288 2289
f 2101 2289 2102
f 2102 2289 2290
f 2102 2290 2103
f 2103 2290 2291
f 2103 2291 2104
f 2104 2291 2292
f 2104 2292 2105
f 2105 2292 2293
f 2105 2293 2106
f 2106 2293 2294
f 2106 2294 2107
f 2107 2294 2295
f 2107 2295 2108
f 2108 2295 2296
f 2108 2296 2109
f 2109 2296 2297
f 2109 2297 2110
f 2110 2297 2298
f 2110 2298 2111
f 2111 2298 2299
f 2111 2299 2112
f 2112 2299 2300
f 2112 2300 2113
f 2113 2300 2301
f 2113 2301 2114
f 2114 2301 2302
f 2114 2302 2115
f 2115 2302 2303
f 2115 2303 2116
f 2116 2303 2304
f 2116 2304 2117
f 2117 2304 2305
f 2117 2305 2118
f 2118 2305 2306
f 2118 2306 2119
f 2119 2306 2307
f 2119 2307 2120
f 2120 2307 2308
f 2120 2308 2121
f 2121 2308 2309
f 2121 2309 2122
f 2122 2309 2310
f 2122 2310 2123
f 2123 2310 2311
f 2123 2311 2124
f 2124 2311 2312
f 2124 2312 2125
f 2125 2312 2313
f 2125 2313 2126
f 2126 2313 2314
f 2126 2314 2127
f 2127 2314 2315
f 2127 2315 2128
f 2128 2315 2316
f 2128 2316 2129
f 2129 2316 2317
f 2129 2317 2130
f 2130 2317 2318
f 2130 2318 2131
f 2131 2318 2319
f 2131 2319 2132
f 2132 2319 2320
f 2132 2320 2133
f 2133 2320 2321
f 2133 2321 2134
f 2134 2321 2322
f 2134 2322 2135
f 2135 2322 2323
f 2135 2323 2136
f 2136 2323 2324
f 2136 2324 2137
f 2137 2324 2325
f 2137 2325 2138
f 2138 2325 2326
f 2138 2326 2139
f 2139 2326 2140
f 2326 2327 2140
f 2140 2327 2328
f 2140 2328 2141
f 2141 2328 2329
f 2141 2329 2142
f 2142 2329 2330
f 2142 2330 2143
f 2143 2330 2331
f 2143 2331 2144
f 2144 2331 2332
f 2144 2332 2145
f 2145 2332 2333
f 2145 2333 2146
f 2146 2333 2334
f 2146 2334 2147
f 2147 2334 2335
f 2147 2335 2148
f 2148 2335 2336
f 2148 2336 2149
f 2149 2336 2337
f 2149 2337 2150
f 2150 2337 2338
f 2150 2338 2151
f 2151 2338 2339
f 2151 2339 2152
f 2152 2339 2340
f 2152 2340 2153
f 2153 2340 2341
f 2153 2341 2154
f 2154 2341 2342
f 2154 2342 2155
f 2155 2342 2343
f 2155 2343 2156
f 2156 2343 2344
f 2156 2344 2157
f 2157 2344 2345
f 2157 2345 2158
f 2158 2345 2346
f 2158 2346 2159
f 2159 2346 2347
f 2159 2347 2160
f 2160 2347 2348
f 2160 2348 2161
f 2161 2348 2349
f 2161 2349 2162
f 2162 2349 2350
f 2162 2350 2163
f 2163 2350 2351
f 2163 2351 2164
f 2164 2351 2352
f 2164 2352 2165
f 2165 2352 2353
f 2165 2353 2166
f 2166 2353 2354
f 2166 2354 2167
f 2167 2354 2355
f 2167 2355 2168
f 2168 2355 2356
f 2168 2356 2169
f 2169 2356 2357
f 2169 2357 2170
f 2170 2357 2358
f 2170 2358 2171
f 2171 2358 2359
f 2171 2359 2172
f 2172 2359 2360
f 2172 2360 2173
f 2173 2360 2361
f 2173 2361 2174
f 2174 2361 2362
f 2174 2362 2175
f 2175 2362 2363
f 2175 2363 2176
f 2176 2363 2364
f 2176 2364 2177
f 2177 2364 2365
f 2177 2365 2178
f 2178 2365 2366
f 2178 2366 2179
f 2179 2366 2367
f 2179 2367 2180
f 2180 2367 2368
f 2180 2368 2181
f 2181 2368 2369
f 2181 2369 2182
f 2182 2369 2370
f 2182 2370 2183
f 2183 2370 2371
f 2183 2371 2184
f 2184 2371 2372
f 2184 2372 2185
f 2185 2372 2373
f 2185 2373 2186
f 2186 2373 2374
f 2186 2374 2187
f 2187 2374 2375
f 2187 2375 2188
f 2188 2375 2376
f 2188 2376 2189
f 2189 2376 2377
f 2189 2377 2190
f 2190 2377 2378
f 2190 2378 2191
f 2191 2378 2379
f 2191 2379 2192
f 2192 2379 2380
f 2192 2380 2193
f 2193 2380 2381
f 2193 2381 2194
f 2194 2381 2382
f 2194 2382 2195
f 2195 2382 2383
f 2195 2383 2196
f 2196 2383 2384
f 2196 2384 2197
f 2197 2384 2385
f 2197 2385 2198
f 2198 2385 2386
f 2198 2386 2199
f 2199 2386 2387
f 2199 2387 2200
f 2200 2387 2388
f 2200 2388 2201
f 2201 2388 2389
f 2201 2389 2202
f 2202 2389 2390
f 2202 2390 2203
f 2203 2390 2391
f 2203 2391 2204
f 2204 2391 2392
f 2204 2392 2205
f 2205 2392 2393
f 2205 2393 2206
f 2206 2393 2394
f 2206 2394 2207
f 2207 2394 2395
f 2207 2395 2208
f 2208 2395 2396
f 2208 2396 2209
f 2209 2396 2397
f 2209 2397 2210
f 2210 2397 2398
f 2210 2398 2211
f 2211 2398 2399
f 2211 2399 2212
f 2212 2399 2400
f 2212 2400 2213
f 2213 2400 2401
f 2213 2401 2214
f 2214 2401 2402
f 2214 2402 2215
f 2215 2402 2403
f 2215 2403 2216
f 2216 2403 2404
f 2216 2404 2217
f 2217 2404 2405
f 2217 2405 2218
f 2218 2405 2406
f 2218 2406 2219
f 2219 2406 2407
f 2219 2407 2220
f 2220 2407 2408
f 2220 2408 2221
f 2221 2408 2409
f 2221 2409 2222
f 2222 2409 2410
f 2222 2410 2223
f 2223 2410 2411
f 2223 2411 2224
f 2224 2411 2412
f 2224 2412 2225
f 2225 2412 2413
f 2225 2413 2226
f 2226 2413 2414
f 2226 2414 2227
f 2227 2414 2415
f 2227 2415 2228
f 2228 2415 2416
f 2228 2416 2229
f 2229 2416 2417
f 2229 2417 2230
f 2230 2417 2418
f 2230 2418 2231
f 2231 2418 2419
f 2231 2419 2232
f 2232 2419 2420
f 2232 2420 2233
f 2233 2420 2421
f 2233 2421 2234
f 2234 2421 2422
f 2234 2422 2235
f 2235 2422 2423
f 2235 2423 2236
f 2236 2423 2424
f 2236 2424 2237
f 2237 2424 2425
f 2237 2425 2238
f 2238 2425 2426
f 2238 2426 2239
f 2239 2426 2427
f 2239 2427 2240
f 2240 2427 2428
f 2240 2428 2241
f 2241 2428 2429
f 2241 2429 2242
f 2242 2429 2430
f 2242 2430 2243
f 2243 2430 2431
f 2243 2431 2244
f 2244 2431 2432
f 2244 2432 2245
f 2245 2432 2433
f 2245 2433 2246
f 2246 2433 2434
f 2246 2434 2247
f 2247 2434 2435
f 2247 2435 2248
f 2248 2435 2436
f 2248 2436 2249
f 2249 2436 2437
f 2249 2437 2250
f 2250 2437 2438
f 2250 2438 2251
f 2251 2438 2439
f 2251 2439 2252
f 2252 2439 2440
f 2252 2440 2253
f 2253 2440 2441
f 2253 2441 2254
f 2254 2441 2442
f 2254 2442 2255
f 2255 2442 2443
f 2255 2443 2256
f 2256 2443 2444
f 2256 2444 2257
f 2257 2444 2445
f 2257 2445 2258
f 2258 2445 2446
f 2258 2446 2259
f 2259 2446 2447
f 2259 2447 2260
f 2260 2447 2448
f 2260 2448 2261
f 2261 2448 2449
f 2261 2449 2262
f 2262 2449 2450
f 2262 2450 2263
f 2263 2450 2451
f 2263 2451 2264
f 2264 2451 2452
f 2264 2452 2265
f 2265 2452 2453
f 2265 2453 2266
f 2266 2453 2454
f 2266 2454 2267
f 2267 2454 2455
f 2267 2455 2268
f 2268 2455 2456
f 2268 2456 2269
f 2269 2456 2457
f 2269 2457 2270
f 2270 2457 2458
f 2270 2458 2271
f 2271 2458 2459
f 2271 2459 2272
f 2272 2459 2460
f 2272 2460 2273
f 2273 2460 2461
f 2273 2461 2274
f 2274 2461 2462
f 2274 2462 2275
f 2275 2462 2463
f 2275 2463 2276
f 2276 2463 2464
f 2276 2464 2277
f 2277 2464 2465
f 2277 2465 2278
f 2278 2465 2466
f 2278 2466 2279
f 2279 2466 2467
f 2279 2467 2280
f 2280 2467 2468
f 2280 2468 2281
f 2281 2468 2469
f 2281 2469 2282
f 2282 2469 2470
f 2282 2470 2283
f 2283 2470 2471
f 2283 2471 2284
f 2284 2471 2472
f 2284 2472 2285
f 2285 2472 2473
f 2285 2473 2286
f 2286 2473 2474
f 2286 2474 2287
f 2287 2474 2475
f 2287 2475 2288
f 2288 2475 2476
f 2288 2476 2289
f 2289 2476 2477
f 2289 2477 2290
f 2290 2477 2478
f 2290 2478 2291
f 2291 2478 2479
f 2291 2479 2292
f 2292 2479 2480
f 2292 2480 2293
f 2293 2480 2481
f 2293 2481 2294
f 2294 2481 2482
f 2294 2482 2295
f 2295 2482 2483
f 2295 2483 2296
f 2296 2483 2484
f 2296 2484 2297
f 2297 2484 2485
f 2297 2485 2298
f 2298 2485 2486
f 2298 2486 2299
f 2299 2486 2487
f 2299 2487 2300
f 2300 2487 2488
f 2300 2488 2301
f 2301 2488 2489
f 2301 2489 2302
f 2302 2489 2490
f 2302 2490 2303
f 2303 2490 2491
f 2303 2491 2304
f 2304 2491 2492
f 2304 2492 2305
f 2305 2492 2493
f 2305 2493 2306
f 2306 2493 2494
f 2306 2494 2307
f 2307 2494 2495
f 2307 2495 2308
f 2308 2495 2496
f 2308 2496 2309
f 2309 2496 2497
f 2309 2497 2310
f 2310 2497 2498
f 2310 2498 2311
f 2311 2498 2499
f 2311 2499 2312
f 2312 2499 2500
f 2312 2500 2313
f 2313 2500 2501
f 2313 2501 2314
f 2314 2501 2502
f 2314 2502 2315
f 2315 2502 2503
f 2315 2503 2316
f 2316 2503 2504
f 2316 2504 2317
f 2317 2504 2505
f 2317 2505 2318
f 2318 2505 2506
f 2318 2506 2319
f 2319 2506 2507
f 2319 2507 2320
f 2320 2507 2508
f 2320 2508 2321
f 2321 2508 2509
f 2321 2509 2322
f 2322 2509 2510
f 2322 2510 2323
f 2323 2510 2511
f 2323 2511 2324
f 2324 2511 2512
f 2324 2512 2325
f 2325 2512 2513
f 2325 2513 2326
f 2326 2513 2327
f 2513 2514 2327
f 2327 2514 2515
f 2327 2515 2328
f 2328 2515 2516
f 2328 2516 2329
f 2329 2516 2517
f 2329 2517 2330
f 2330 2517 2518
f 2330 2518 2331
f 2331 2518 2519
f 2331 2519 2332
f 2332 2519 2520
f 2332 2520 2333
f 2333 2520 2521
f 2333 2521 2334
f 2334 2521 2522
f 2334 2522 2335
f 2335 2522 2523
f 2335 2523 2336
f 2336 2523 2524
f 2336 2524 2337
f 2337 2524 2525
f 2337 2525 2338
f 2338 2525 2526
f 2338 2526 2339
f 2339 2526 2527
f 2339 2527 2340
f 2340 2527 2528
f 2340 2528 2341
f 2341 2528 2529
f 2341 2529 2342
f 2342 2529 2530
f 2342 2530 2343
f 2343 2530 2531
f 2343 2531 2344
f 2344 2531 2532
f 2344 2532 2345
f 2345 2532 2533
f 2345 2533 2346
f 2346 2533 2534
f 2346 2534 2347
f 2347 2534 2535
f 2347 2535 2348
f 2348 2535 2536
f 2348 2536 2349
f 2349 2536 2537
f 2349 2537 2350
f 2350 2537 2538
f 2350 2538 2351
f 2351 2538 2539
f 2351 2539 2352
f 2352 2539 2540
f 2352 2540 2353
f 2353 2540 2541
f 2353 2541 2354
f 2354 2541 2542
f 2354 2542 2355
f 2355 2542 2543
f 2355 2543 2356
f 2356 2543 2544
f 2356 2544 2357
f 2357 2544 2545
f 2357 2545 2358
f 2358 2545 2546
f 2358 2546 2359
f 2359 2546 2547
f 2359 2547 2360
f 2360 2547 2548
f 2360 2548 2361
f 2361 2548 2549
f 2361 2549 2362
f 2362 2549 2550
f 2362 2550 2363
f 2363 2550 2551
f 2363 2551 2364
f 2364 2551 2552
f 2364 2552 2365
f 2365 2552 2553
f 2365 2553 2366
f 2366 2553 2554
f 2366 2554 2367
f 2367 2554 2555
f 2367 2555 2368
f 2368 2555 2556
f 2368 2556 2369
f 2369 2556 2557
f 2369 2557 2370
f 2370 2557 2558
f 2370 2558 2371
f 2371 2558 2559
f 2371 2559 2372
f 2372 2559 2560
f 2372 2560 2373
f 2373 2560 2561
f 2373 2561 2374
f 2374 2561 2562
f 2374 2562 2375
f 2375 2562 2563
f 2375 2563 2376
f 2376 2563 2564
f 2376 2564 2377
f 2377 2564 2565
f 2377 2565 2378
f 2378 2565 2566
f 2378 2566 2379
f 2379 2566 2567
f 2379 2567 2380
f 2380 2567 2568
f 2380 2568 2381
f 2381 2568 2569
f 2381 2569 2382
f 2382 2569 2570
f 2382 2570 2383
f 2383 2570 2571
f 2383 2571 2384
f 2384 2571 2572
f 2384 2572 2385
f 2385 2572 2573
f 2385 2573 2386
f 2386 2573 2574
f 2386 2574 2387
f 2387 2574 2575
f 2387 2575 2388
f 2388 2575 2576
f 2388 2576 2389
f 2389 2576 2577
f 2389 2577 2390
f 2390 2577 2578
f 2390 2578 2391
f 2391 2578 2579
f 2391 2579 2392
f 2392 2579 2580
f 2392 2580 2393
f 2393 2580 2581
f 2393 2581 2394
f 2394 2581 2582
f 2394 2582 2395
f 2395 2582 2583
f 2395 2583 2396
f 2396 2583 2584
f 2396 2584 2397
f 2397 2584 2585
f 2397 2585 2398
f 2398 2585 2586
f 2398 2586 2399
f 2399 2586 2587
f 2399 2587 2400
f 2400 2587 2588
f 2400 2588 2401
f 2401 2588 2589
f 2401 2589 2402
f 2402 2589 2590
f 2402 2590 2403
f 2403 2590 2591
f 2403 2591 2404
f 2404 2591 2592
f 2404 2592 2405
f 2405 2592 2593
f 2405 2593 2406
f 2406 2593 2594
f 2406 2594 2407
f 2407 2594 2595
f 2407 2595 2408
f 2408 2595 2596
f 2408 2596 2409
f 2409 2596 2597
f 2409 2597 2410
f 2410 2597 2598
f 2410 2598 2411
f 2411 2598 2599
f 2411 2599 2412
f 2412 2599 2600
f 2412 2600 2413
f 2413 2600 2601
f 2413 2601 2414
f 2414 2601 2602
f 2414 2602 2415
f 2415 2602 2603
f 2415 2603 2416
f 2416 2603 2604
f 2416 2604 2417
f 2417 2604 2605
f 2417 2605 2418
f 2418 2605 2606
f 2418 2606 2419
f 2419 2606 2607
f 2419 2607 2420
f 2420 2607 2608
f 2420 2608 2421
f 2421 2608 2609
f 2421 2609 2422
f 2422 2609 2610
f 2422 2610 2423
f 2423 2610 2611
f 2423 2611 2424
f 2424 2611 2612
f 2424 2612 2425
f 2425 2612 2613
f 2425 2613 2426
f 2426 2613 2614
f 2426 2614 2427
f 2427 2614 2615
f 2427 2615 2428
f 2428 2615 2616
f 2428 2616 2429
f 2429 2616 2617
f 2429 2617 2430
f 2430 2617 2618
f 2430 2618 2431
f 2431 2618 2619
f 2431 2619 2432
f 2432 2619 2620
f 2432 2620 2433
f 2433 2620 2621
f 2433 2621 2434
f 2434 2621 2622
f 2434 2622 2435
f 2435 2622 2623
f 2435 2623 2436
f 2436 2623 2624
f 2436 2624 2437
f 2437 2624 2625
f 2437 2625 2438
f 2438 2625 2626
f 2438 2626 2439
f 2439 2626 2627
f 2439 2627 2440
f 2440 2627 2628
f 2440 2628 2441
f 2441 2628 2629
f 2441 2629 2442
f 2442 2629 2630
f 2442 2630 2443
f 2443 2630 2631
f 2443 2631 2444
f 2444 2631 2632
f 2444 2632 2445
f 2445 2632 2633
f 2445 2633 2446
f 2446 2633 2634
f 2446 2634 2447
f 2447 2634 2635
f 2447 2635 2448
f 2448 2635 2636
f 2448 2636 2449
f 2449 2636 2637
f 2449 2637 2450
f 2450 2637 2638
f 2450 2638 2451
f 2451 2638 2639
f 2451 2639 2452
f 2452 2639 2640
f 2452 2640 2453
f 2453 2640 2641
f 2453 2641 2454
f 2454 2641 2642
f 2454 2642 2455
f 2455 2642 2643
f 2455 2643 2456
f 2456 2643 2644
f 2456 2644 2457
f 2457 2644 2645
f 2457 2645 2458
f 2458 2645 2646
f 2458 2646 2459
f 2459 2646 2647
f 2459 2647 2460
f 2460 2647 2648
f 2460 2648 2461
f 2461 2648 2649
f 2461 2649 2462
f 2462 2649 2650
f 2462 2650 2463
f 2463 2650 2651
f 2463 2651 2464
f 2464 2651 2652
f 2464 2652 2465
f 2465 2652 2653
f 2465 2653 2466
f 2466 2653 2654
f 2466 2654 2467
f 2467 2654 2655
f 2467 2655 2468
f 2468 2655 2656
f 2468 2656 2469
f 2469 2656 2657
f 2469 2657 2470
f 2470 2657 2658
f 2470 2658 2471
f 2471 2658 2659
f 2471 2659 2472
f 2472 2659 2660
f 2472 2660 2473
f 2473 2660 2661
f 2473 2661 2474
f 2474 2661 2662
f 2474 2662 2475
f 2475 2662 2663
f 2475 2663 2476
f 2476 2663 2664
f 2476 2664 2477
f 2477 2664 2665
f 2477 2665 2478
f 2478 2665 2666
f 2478 2666 2479
f 2479 2666 2667
f 2479 2667 2480
f 2480 2667 2668
f 2480 2668 2481
f 2481 2668 2669
f 2481 2669 2482
f 2482 2669 2670
f 2482 2670 2483
f 2483 2670 2671
f 2483 2671 2484
f 2484 2671 2672
f 2484 2672 2485
f 2485 2672 2673
f 2485 2673 2486
f 2486 2673 2674
f 2486 2674 2487
f 2487 2674 2675
f 2487 2675 2488
f 2488 2675 2676
f 2488 2676 2489
f 2489 2676 2677
f 2489 2677 2490
f 2490 2677 2678
f 2490 2678 2491
f 2491 2678 2679
f 2491 2679 2492
f 2492 2679 2680
f 2492 2680 2493
f 2493 2680 2681
f 2493 2681 2494
f 2494 2681 2682
f 2494 2682 2495
f 2495 2682 2683
f 2495 2683 2496
f 2496 2683 2684
f 2496 2684 2497
f 2497 2684 2685
f 2497 2685 2498
f 2498 2685 2686
f 2498 2686 2499
f 2499 2686 2687
f 2499 2687 2500
f 2500 2687 2688
f 2500 2688 2501
f 2501 2688 2689
f 2501 2689 2502
f 2502 2689 2690
f 2502 2690 2503
f 2503 2690 2691
f 2503 2691 2504
f 2504 2691 2692
f 2504 2692 2505
f 2505 2692 2693
f 2505 2693 2506
f 2506 2693 2694
f 2506 2694 2507
f 2507 2694 2695
f 2507 2695 2508
f 2508 2695 2696
f 2508 2696 2509
f 2509 2696 2697
f 2509 2697 2510
f 2510 2697 2698
f 2510 2698 2511
f 2511 2698 2699
f 2511 2699 2512
f 2512 2699 2700
f 2512 2700 2513
f 2513 2700 2514
f 2700 2701 2514
f 2514 2701 2702
f 2514 2702 2515
f 2515 2702 2703
f 2515 2703 2516
f 2516 2703 2704
f 2516 2704 2517
f 2517 2704 2705
f 2517 2705 2518
f 2518 2705 2706
f 2518 2706 2519
f 2519 2706 2707
f 2519 2707 2520
f 2520 2707 2708
f 2520 2708 2521
f 2521 2708 2709
f 2521 2709 2522
f 2522 2709 2710
f 2522 2710 2523
f 2523 2710 2711
f 2523 2711 2524
f 2524 2711 2712
f 2524 2712 2525
f 2525 2712 2713
f 2525 2713 2526
f 2526 2713 2714
f 2526 2714 2527
f 2527 2714 2715
f 2527 2715 2528
f 2528 2715 2716
f 2528 2716 2529
f 2529 2716 2717
f 2529 2717 2530
f 2530 2717 2718
f 2530 2718 2531
f 2531 2718 2719
f 2531 2719 2532
f 2532 2719 2720
f 2532 2720 2533
f 2533 2720 2721
f 2533 2721 2534
f 2534 2721 2722
f 2534 2722 2535
f 2535 2722 2723
f 2535 2723 2536
f 2536 2723 2724
f 2536 2724 2537
f 2537 2724 2725
f 2537 2725 2538
f 2538 2725 2726
f 2538 2726 2539
f 2539 2726 2727
f 2539 2727 2540
f 2540 2727 2728
f 2540 2728 2541
f 2541 2728 2729
f 2541 2729 2542
f 2542 2729 2730
f 2542 2730 2543
f 2543 2730 2731
f 2543 2731 2544
f 2544 2731 2732
f 2544 2732 2545
f 2545 2732 2733
f 2545 2733 2546
f 2546 2733 2734
f 2546 2734 2547
f 2547 2734 2735
f 2547 2735 2548
f 2548 2735 2736
f 2548 2736 2549
f 2549 2736 2737
f 2549 2737 2550
f 2550 2737 2738
f 2550 2738 2551
f 2551 2738 2739
f 2551 2739 2552
f 2552 2739 2740
f 2552 2740 2553
f 2553 2740 2741
f 2553 2741 2554
f 2554 2741 2742
f 2554 2742 2555
f 2555 2742 2743
f 2555 2743 2556
f 2556 2743 2744
f 2556 2744 2557
f 2557 2744 2745
f 2557 2745 2558
f 2558 2745 2746
f 2558 2746 2559
f 2559 2746 2747
f 2559 2747 2560
f 2560 2747 2748
f 2560 2748 2561
f 2561 2748 2749
f 2561 2749 2562
f 2562 2749 2750
f 2562 2750 2563
f 2563 2750 2751
f 2563 2751 2564
f 2564 2751 2752
f 2564 2752 2565
f 2565 2752 2753
f 2565 2753 2566
f 2566 2753 2754
f 2566 2754 2567
f 2567 2754 2755
f 2567 2755 2568
f 2568 2755 2756
f 2568 2756 2569
f 2569 2756 2757
f 2569 2757 2570
f 2570 2757 2758
f 2570 2758 2571
f 2571 2758 2759
f 2571 2759 2572
f 2572 2759 2760
f 2572 2760 2573
f 2573 2760 2761
f 2573 2761 2574
f 2574 2761 2762
f 2574 2762 2575
f 2575 2762 2763
f 2575 2763 2576
f 2576 2763 2764
f 2576 2764 2577
f 2577 2764 2765
f 2577 2765 2578
f 2578 2765 2766
f 2578 2766 2579
f 2579 2766 2767
f 2579 2767 2580
f 2580 2767 2768
f 2580 2768 2581
f 2581 2768 2769
f 2581 2769 2582
f 2582 2769 2770
f 2582 2770 2583
f 2583 2770 2771
f 2583 2771 2584
f 2584 2771 2772
f 2584 2772 2585
f 2585 2772 2773
f 2585 2773 2586
f 2586 2773 2774
f 2586 2774 2587
f 2587 2774 2775
f 2587 2775 2588
f 2588 2775 2776
f 2588 2776 2589
f 2589 2776 2777
f 2589 2777 2590
f 2590 2777 2778
f 2590 2778 2591
f 2591 2778 2779
f 2591 2779 2592
f 2592 2779 2780
f 2592 2780 2593
f 2593 2780 2781
f 2593 2781 2594
f 2594 2781 2782
f 2594 2782 2595
f 2595 2782 2783
f 2595 2783 2596
f 2596 2783 2784
f 2596 2784 2597
f 2597 2784 2785
f 2597 2785 2598
f 2598 2785 2786
f 2598 2786 2599
f 2599 2786 2787
f 2599 2787 2600
f 2600 2787 2788
f 2600 2788 2601
f 2601 2788 2789
f 2601 2789 2602
f 2602 2789 2790
f 2602 2790 2603
f 2603 2790 2791
f 2603 2791 2604
f 2604 2791 2792
f 2604 2792 2605
f 2605 2792 2793
f 2605 2793 2606
f 2606 2793 2794
f 2606 2794 2607
f 2607 2794 2795
f 2607 2795 2608
f 2608 2795 2796
f 2608 2796 2609
f 2609 2796 2797
f 2609 2797 2610
f 2610 2797 2798
f 2610 2798 2611
f 2611 2798 2799
f 2611 2799 2612
f 2612 2799 2800
f 2612 2800 2613
f 2613 2800 2801
f 2613 2801 2614
f 2614 2801 2802
f 2614 2802 2615
f 2615 2802 2803
f 2615 2803 2616
f 2616 2803 2804
f 2616 2804 2617
f 2617 2804 2805
f 2617 2805 2618
f 2618 2805 2806
f 2618 2806 2619
f 2619 2806 2807
f 2619 2807 2620
f 2620 2807 2808
f 2620 2808 2621
f 2621 2808 2809
f 2621 2809 2622
f 2622 2809 2810
f 2622 2810 2623
f 2623 2810 2811
f 2623 2811 2624
f 2624 2811 2812
f 2624 2812 2625
f 2625 2812 2813
f 2625 2813 2626
f 2626 2813 2814
f 2626 2814 2627
f 2627 2814 2815
f 2627 2815 2628
f 2628 2815 2816
f 2628 2816 2629
f 2629 2816 2817
f 2629 2817 2630
f 2630 2817 2818
f 2630 2818 2631
f 2631 2818 2819
f 2631 2819 2632
f 2632 2819 2820
f 2632 2820 2633
f 2633 2820 2821
f 2633 2821 2634
f 2634 2821 2822
f 2634 2822 2635
f 2635 2822 2823
f 2635 2823 2636
f 2636 2823 2824
f 2636 2824 2637
f 2637 2824 2825
f 2637 2825 2638
f 2638 2825 2826
f 2638 2826 2639
f 2639 2826 2827
f 2639 2827 2640
f 2640 2827 2828
f 2640 2828 2641
f 2641 2828 2829
f 2641 2829 2642
f 2642 2829 2830
f 2642 2830 2643
f 2643 2830 2831
f 2643 2831 2644
f 2644 2831 2832
f 2644 2832 2645
f 2645 2832 2833
f 2645 2833 2646
f 2646 2833 2834
f 2646 2834 2647
f 2647 2834 2835
f 2647 2835 2648
f 2648 2835 2836
f 2648 2836 2649
f 2649 2836 2837
f 2649 2837 2650
f 2650 2837 2838
f 2650 2838 2651
f 2651 2838 2839
f 2651 2839 2652
f 2652 2839 2840
f 2652 2840 2653
f 2653 2840 2841
f 2653 2841 2654
f 2654 2841 2842
f 2654 2842 2655
f 2655 2842 2843
f 2655 2843 2656
f 2656 2843 2844
f 2656 2844 2657
f 2657 2844 2845
f 2657 2845 2658
f 2658 2845 2846
f 2658 2846 2659
f 2659 2846 2847
f 2659 2847 2660
f 2660 2847 2848
f 2660 2848 2661
f 2661 2848 2849
f 2661 2849 2662
f 2662 2849 2850
f 2662 2850 2663
f 2663 2850 2851
f 2663 2851 2664
f 2664 2851 2852
f 2664 2852 2665
f 2665 2852 2853
f 2665 2853 2666
f 2666 2853 2854
f 2666 2854 2667
f 2667 2854 2855
f 2667 2855 2668
f 2668 2855 2856
f 2668 2856 2669
f 2669 2856 2857
f 2669 2857 2670
f 2670 2857 2858
f 2670 2858 2671
f 2671 2858 2859
f 2671 2859 2672
f 2672 2859 2860
f 2672 2860 2673
f 2673 2860 2861
f 2673 2861 2674
f 2674 2861 2862
f 2674 2862 2675
f 2675 2862 2863
f 2675 2863 2676
f 2676 2863 2864
f 2676 2864 2677
f 2677 2864 2865
f 2677 2865 2678
f 2678 2865 2866
f 2678 2866 2679
f 2679 2866 2867
f 2679 2867 2680
f 2680 2867 2868
f 2680 2868 2681
f 2681 2868 2869
f 2681 2869 2682
f 2682 2869 2870
f 2682 2870 2683
f 2683 2870 2871
f 2683 2871 2684
f 2684 2871 2872
f 2684 2872 2685
f 2685 2872 2873
f 2685 2873 2686
f 2686 2873 2874
f 2686 2874 2687
f 2687 2874 2875
f 2687 2875 2688
f 2688 2875 2876
f 2688 2876 2689
f 2689 2876 2877
f 2689 2877 2690
f 2690 2877 2878
f 2690 2878 2691
f 2691 2878 2879
f 2691 2879 2692
f 2692 2879 2880
f 2692 2880 2693
f 2693 2880 2881
f 2693 2881 2694
f 2694 2881 2882
f 2694 2882 2695
f 2695 2882 2883
f 2695 2883 2696
f 2696 2883 2884
f 2696 2884 2697
f 2697 2884 2885
f 2697 2885 2698
f 2698 2885 2886
f 2698 2886 2699
f 2699 2886 2887
f 2699 2887 2700
f 2700 2887 2701
f 2887 525 2701
f 2701 525 526
f 2701 526 2702
f 2702 526 527
f 2702 527 2703
f 2703 527 528
f 2703 528 2704
f 2704 528 529
f 2704 529 2705
f 2705 529 530
f 2705 530 2706
f 2706 530 531
f 2706 531 2707
f 2707 531 532
f 2707 532 2708
f 2708 532 533
f 2708 533 2709
f 2709 533 534
f 2709 534 2710
f 2710 534 535
f 2710 535 2711
f 2711 535 536
f 2711 536 2712
f 2712 536 537
f 2712 537 2713
f 2713 537 538
f 2713 538 2714
f 2714 538 539
f 2714 539 2715
f 2715 539 540
f 2715 540 2716
f 2716 540 541
f 2716 541 2717
f 2717 541 542
f 2717 542 2718
f 2718 542 543
f 2718 543 2719
f 2719 543 544
f 2719 544 2720
f 2720 544 545
f 2720 545 2721
f 2721 545 546
f 2721 546 2722
f 2722 546 547
f 2722 547 2723
f 2723 547 548
f 2723 548 2724
f 2724 548 549
f 2724 549 2725
f 2725 549 550
f 2725 550 2726
f 2726 550 551
f 2726 551 2727
f 2727 551 552
f 2727 552 2728
f 2728 552 553
f 2728 553 2729
f 2729 553 554
f 2729 554 2730
f 2730 554 555
f 2730 555 2731
f 2731 555 556
f 2731 556 2732
f 2732 556 557
f 2732 557 2733
f 2733 557 558
f 2733 558 2734
f 2734 558 559
f 2734 559 2735
f 2735 559 560
f 2735 560 2736
f 2736 560 561
f 2736 561 2737
f 2737 561 562
f 2737 562 2738
f 2738 562 563
f 2738 563 2739
f 2739 563 564
f 2739 564 2740
f 2740 564 565
f 2740 565 2741
f 2741 565 566
f 2741 566 2742
f 2742 566 567
f 2742 567 2743
f 2743 567 568
f 2743 568 2744
f 2744 568 569
f 2744 569 2745
f 2745 569 570
f 2745 570 2746
f 2746 570 571
f 2746 571 2747
f 2747 571 572
f 2747 572 2748
f 2748 572 573
f 2748 573 2749
f 2749 573 574
f 2749 574 2750
f 2750 574 575
f 2750 575 2751
f 2751 575 576
f 2751 576 2752
f 2752 576 577
f 2752 577 2753
f 2753 577 578
f 2753 578 2754
f 2754 578 579
f 2754 579 2755
f 2755 579 580
f 2755 580 2756
f 2756 580 581
f 2756 581 2757
f 2757 581 582
f 2757 582 2758
f 2758 582 583
f 2758 583 2759
f 2759 583 397
f 2759 397 2760
f 2760 397 396
f 2760 396 2761
f 2761 396 399
f 2761 399 2762
f 2762 399 400
f 2762 400 2763
f 2763 400 401
f 2763 401 2764
f 2764 401 402
f 2764 402 2765
f 2765 402 403
f 2765 403 2766
f 2766 403 404
f 2766 404 2767
f 2767 404 405
f 2767 405 2768
f 2768 405 406
f 2768 406 2769
f 2769 406 407
f 2769 407 2770
f 2770 407 408
f 2770 408 2771
f 2771 408 409
f 2771 409 2772
f 2772 409 410
f 2772 410 2773
f 2773 410 411
f 2773 411 2774
f 2774 411 412
f 2774 412 2775
f 2775 412 413
f 2775 413 2776
f 2776 413 414
f 2776 414 2777
f 2777 414 415
f 2777 415 2778
f 2778 415 416
f 2778 416 2779
f 2779 416 417
f 2779 417 2780
f 2780 417 418
f 2780 418 2781
f 2781 418 419
f 2781 419 2782
f 2782 419 420
f 2782 420 2783
f 2783 420 421
f 2783 421 2784
f 2784 421 422
f 2784 422 2785
f 2785 422 423
f 2785 423 2786
f 2786 423 424
f 2786 424 2787
f 2787 424 425
f 2787 425 2788
f 2788 425 426
f 2788 426 2789
f 2789 426 427
f 2789 427 2790
f 2790 427 428
f 2790 428 2791
f 2791 428 429
f 2791 429 2792
f 2792 429 430
f 2792 430 2793
f 2793 430 431
f 2793 431 2794
f 2794 431 432
f 2794 432 2795
f 2795 432 433
f 2795 433 2796
f 2796 433 434
f 2796 434 2797
f 2797 434 435
f 2797 435 2798
f 2798 435 436
f 2798 436 2799
f 2799 436 437
f 2799 437 2800
f 2800 437 438
f 2800 438 2801
f 2801 438 439
f 2801 439 2802
f 2802 439 440
f 2802 440 2803
f 2803 440 441
f 2803 441 2804
f 2804 441 442
f 2804 442 2805
f 2805 442 443
f 2805 443 2806
f 2806 443 444
f 2806 444 2807
f 2807 444 445
f 2807 445 2808
f 2808 445 446
f 2808 446 2809
f 2809 446 447
f 2809 447 2810
f 2810 447 448
f 2810 448 2811
f 2811 448 449
f 2811 449 2812
f 2812 449 450
f 2812 450 2813
f 2813 450 451
f 2813 451 2814
f 2814 451 452
f 2814 452 2815
f 2815 452 453
f 2815 453 2816
f 2816 453 454
f 2816 454 2817
f 2817 454 455
f 2817 455 2818
f 2818 455 456
f 2818 456 2819
f 2819 456 457
f 2819 457 2820
f 2820 457 458
f 2820 458 2821
f 2821 458 459
f 2821 459 2822
f 2822 459 460
f 2822 460 2823
f 2823 460 461
f 2823 461 2824
f 2824 461 462
f 2824 462 2825
f 2825 462 463
f 2825 463 2826
f 2826 463 464
f 2826 464 2827
f 2827 464 465
f 2827 465 2828
f 2828 465 466
f 2828 466 2829
f 2829 466 467
f 2829 467 2830
f 2830 467 468
f 2830 468 2831
f 2831 468 469
f 2831 469 2832
f 2832 469 470
f 2832 470 2833
f 2833 470 471
f 2833 471 2834
f 2834 471 472
f 2834 472 2835
f 2835 472 473
f 2835 473 2836
f 2836 473 474
f 2836 474 2837
f 2837 474 475
f 2837 475 2838
f 2838 475 476
f 2838 476 2839
f 2839 476 477
f 2839 477 2840
f 2840 477 478
f 2840 478 2841
f 2841 478 479
f 2841 479 2842
f 2842 479 480
f 2842 480 2843
f 2843 480 481
f 2843 481 2844
f 2844 481 482
f 2844 482 2845
f 2845 482 483
f 2845 483 2846
f 2846 483 484
f 2846 484 2847
f 2847 484 485
f 2847 485 2848
f 2848 485 486
f 2848 486 2849
f 2849 486 487
f 2849 487 2850
f 2850 487 488
f 2850 488 2851
f 2851 488 489
f 2851 489 2852
f 2852 489 490
f 2852 490 2853
f 2853 490 491
f 2853 491 2854
f 2854 491 492
f 2854 492 2855
f 2855 492 493
f 2855 493 2856
f 2856 493 494
f 2856 494 2857
f 2857 494 495
f 2857 495 2858
f 2858 495 496
f 2858 496 2859
f 2859 496 497
f 2859 497 2860
f 2860 497 498
f 2860 498 2861
f 2861 498 499
f 2861 499 2862
f 2862 499 500
f 2862 500 2863
f 2863 500 501
f 2863 501 2864
f 2864 501 502
f 2864 502 2865
f 2865 502 503
f 2865 503 2866
f 2866 503 504
f 2866 504 2867
f 2867 504 505
f 2867 505 2868
f 2868 505 506
f 2868 506 2869
f 2869 506 507
f 2869 507 2870
f 2870 507 508
f 2870 508 2871
f 2871 508 509
f 2871 509 2872
f 2872 509 510
f 2872 510 2873
f 2873 510 511
f 2873 511 2874
f 2874 511 512
f 2874 512 2875
f 2875 512 513
f 2875 513 2876
f 2876 513 514
f 2876 514 2877
f 2877 514 515
f 2877 515 2878
f 2878 515 516
f 2878 516 2879
f 2879 516 517
f 2879 517 2880
f 2880 517 518
f 2880 518 2881
f 2881 518 519
f 2881 519 2882
f 2882 519 520
f 2882 520 2883
f 2883 520 521
f 2883 521 2884
f 2884 521 522
f 2884 522 2885
f 2885 522 523
f 2885 523 2886
f 2886 523 524
f 2886 524 2887
f 2887 524 525
f 2888 2889 2890
f 2890 2889 2891
f 2892 2893 2890
f 2890 2893 2894
f 2890 2894 2888
f 2895 2896 2890
f 2890 2896 2897
f 2890 2897 2892
f 2898 2899 2900
f 2899 2901 2900
f 2900 2901 2902
f 2900 2902 2903
f 2904 2905 2906
f 2903 2907 2900
f 2900 2907 2908
f 2900 2908 2904
f 2904 2908 2909
f 2904 2909 2910
f 2904 2906 2911
f 2912 2913 2914
f 2914 2913 2915
f 2914 2915 2916
f 2912 2914 2917
f 2917 2914 2918
f 2917 2918 2900
f 2900 2918 2919
f 2900 2919 2898
f 2910 2920 2904
f 2904 2920 2921
f 2904 2921 2922
f 2922 2923 2904
f 2904 2923 2924
f 2904 2924 2905
f 2925 2926 2927
f 2928 2929 2925
f 2925 2929 2930
f 2925 2930 2926
f 2927 2931 2925
f 2925 2931 2932
f 2925 2932 2906
f 2906 2932 2933
f 2906 2933 2911
f 2934 2935 2936
f 2936 2935 2937
f 2936 2937 2938
f 2938 2939 2936
f 2936 2939 2940
f 2936 2940 2925
f 2925 2940 2941
f 2925 2941 2928
f 2942 2943 2944
f 2944 2945 2942
f 2942 2945 2946
f 2942 2946 2947
f 2948 2949 2950
f 2950 2949 2942
f 2950 2942 2951
f 2951 2942 2947
f 2952 2953 2954
f 2954 2953 2955
f 2954 2955 2956
f 2956 2957 2954
f 2954 2957 2958
f 2954 2958 2942
f 2942 2958 2959
f 2942 2959 2943
f 2960 2961 2962
f 2962 2961 2963
f 2962 2963 2964
f 2964 2963 2965
f 2964 2965 2966
f 2966 2965 2967
f 2966 2967 2968
f 2968 2967 2969
f 2968 2969 2970
f 2970 2969 2971
f 2970 2971 2972
f 2972 2971 2973
f 2972 2973 2974
f 2974 2973 2975
f 2974 2975 2976
f 2976 2975 2977
f 2976 2977 2978
f 2978 2977 2979
f 2978 2979 2980
f 2980 2979 2981
f 2980 2981 2982
f 2982 2981 2983
f 2982 2983 2984
f 2984 2983 2985
f 2984 2985 2986
f 2986 2985 2987
f 2986 2987 2954
f 2954 2987 2988
f 2954 2988 2952
f 2989 2961 2990
f 2990 2961 2960
f 2991 360 358
f 2991 2992 360
f 360 2992 2993
f 360 2993 2994
f 2994 2995 360
f 360 2995 2996
f 360 2996 2997
f 2997 2998 360
f 360 2998 2999
f 360 2999 362
f 362 2999 3000
f 362 3000 3001
f 3002 3003 358
f 358 3003 3004
f 3004 3005 358
f 358 3005 3006
f 358 3006 3007
f 3007 3008 358
f 358 3008 3009
f 358 3009 2991
f 356 354 3010
f 3011 356 3012
f 3012 356 3010
f 3012 3010 3013
f 3011 3014 356
f 356 3014 3015
f 356 3015 3016
f 3016 3017 356
f 356 3017 3018
f 356 3018 358
f 358 3018 3019
f 358 3019 3002
f 3020 3021 3022
f 3023 3024 3022
f 3022 3024 3025
f 3025 3026 3022
f 3022 3026 3027
f 3022 3027 3028
f 3028 3029 3022
f 3022 3029 3030
f 3022 3030 3031
f 3031 3032 3022
f 3022 3032 3033
f 3022 3033 3034
f 3035 3036 3022
f 3022 3036 3037
f 3022 3037 3020
f 3038 3039 3022
f 3022 3039 3040
f 3022 3040 3035
f 3034 3041 3022
f 3022 3041 3042
f 3022 3042 3038
f 3023 3022 3010
f 3010 3022 3043
f 3010 3043 3013
f 349 3044 3045
f 3046 351 3047
f 3047 351 349
f 3047 349 3048
f 3048 349 3045
f 3049 3050 347
f 3051 3052 349
f 349 3052 3053
f 349 3053 3044
f 3050 3054 347
f 347 3054 3055
f 347 3055 349
f 349 3055 3056
f 349 3056 3051
f 345 3057 3058
f 3058 3059 345
f 345 3059 3060
f 345 3060 3061
f 3061 3062 345
f 345 3062 3063
f 345 3063 347
f 347 3063 3064
f 347 3064 3049
f 3065 3066 345
f 345 3066 3067
f 345 3067 3068
f 3068 3069 345
f 345 3069 3070
f 345 3070 3057
f 341 2916 343
f 343 2916 3071
f 343 3071 345
f 345 3071 3072
f 345 3072 3065
f 3001 2934 362
f 362 2934 2936
f 362 2936 364
f 364 2936 2925
f 364 2925 366
f 366 2925 2906
f 366 2906 368
f 368 2906 2905
f 368 2905 370
f 370 2905 2924
f 370 2924 372
f 372 2924 2923
f 372 2923 374
f 374 2923 2922
f 374 2922 376
f 376 2922 2921
f 376 2921 378
f 378 2921 2920
f 378 2920 380
f 380 2920 2910
f 380 2910 382
f 382 2910 2909
f 382 2909 384
f 384 2909 2908
f 384 2908 386
f 386 2908 2907
f 386 2907 388
f 388 2907 2903
f 388 2903 390
f 390 2903 2902
f 390 2902 392
f 392 2902 2901
f 392 2901 394
f 394 2901 2899
f 394 2899 395
f 395 2899 2898
f 395 2898 337
f 337 2898 2919
f 337 2919 339
f 339 2919 2918
f 339 2918 341
f 341 2918 2914
f 341 2914 2916
f 3073 3074 3075
f 3076 3074 3073
f 3077 3076 3073
f 3073 3078 3079
f 3080 3078 3073
f 3075 3080 3073
f 3073 3081 3082
f 3083 3081 3073
f 3079 3083 3073
f 3073 3084 3085
f 3086 3084 3073
f 3082 3086 3073
f 3073 3087 3088
f 3089 3087 3073
f 3085 3089 3073
f 3073 3090 3091
f 3092 3090 3073
f 3088 3092 3073
f 3073 3093 3094
f 3095 3093 3073
f 3091 3095 3073
f 3073 3096 3097
f 3098 3096 3073
f 3094 3098 3073
f 3073 3099 3100
f 3101 3099 3073
f 3097 3101 3073
f 3073 3102 3103
f 3104 3102 3073
f 3100 3104 3073
f 3073 3105 3106
f 3107 3105 3073
f 3103 3107 3073
f 3073 3108 3109
f 3110 3108 3073
f 3106 3110 3073
f 3073 3111 3112
f 3113 3111 3073
f 3109 3113 3073
f 3073 3114 3115
f 3116 3114 3073
f 3112 3116 3073
f 3073 3117 3118
f 3119 3117 3073
f 3115 3119 3073
f 3073 3120 3121
f 3122 3120 3073
f 3118 3122 3073
f 3073 3123 3124
f 3125 3123 3073
f 3121 3125 3073
f 3073 3126 3127
f 3128 3126 3073
f 3124 3128 3073
f 3073 3129 3130
f 3131 3129 3073
f 3127 3131 3073
f 3073 3132 3133
f 3134 3132 3073
f 3130 3134 3073
f 3073 3135 3136
f 3137 3135 3073
f 3133 3137 3073
f 3073 3138 3139
f 3140 3138 3073
f 3136 3140 3073
f 3073 3141 3142
f 3143 3141 3073
f 3139 3143 3073
f 3073 3144 3145
f 3146 3144 3073
f 3142 3146 3073
f 3073 3147 3148
f 3149 3147 3073
f 3145 3149 3073
f 3073 3150 3151
f 3152 3150 3073
f 3148 3152 3073
f 3073 3153 3154
f 3155 3153 3073
f 3151 3155 3073
f 3073 3156 3157
f 3158 3156 3073
f 3154 3158 3073
f 3073 3159 3160
f 3161 3159 3073
f 3157 3161 3073
f 3073 3162 3163
f 3164 3162 3073
f 3160 3164 3073
f 3073 3165 3166
f 3167 3165 3073
f 3163 3167 3073
f 3073 3168 3169
f 3170 3168 3073
f 3166 3170 3073
f 3073 3171 3172
f 3173 3171 3073
f 3169 3173 3073
f 3073 3174 3175
f 3176 3174 3073
f 3172 3176 3073
f 3073 3177 3178
f 3179 3177 3073
f 3175 3179 3073
f 3073 3180 3181
f 3182 3180 3073
f 3178 3182 3073
f 3073 3183 3184
f 3185 3183 3073
f 3181 3185 3073
f 3073 3186 3187
f 3188 3186 3073
f 3184 3188 3073
f 3073 3189 3190
f 3191 3189 3073
f 3187 3191 3073
f 3073 3192 3193
f 3194 3192 3073
f 3190 3194 3073
f 3073 3195 3196
f 3197 3195 3073
f 3193 3197 3073
f 3073 3198 3199
f 3200 3198 3073
f 3196 3200 3073
f 3073 3201 3202
f 3203 3201 3073
f 3199 3203 3073
f 3073 3204 3205
f 3206 3204 3073
f 3202 3206 3073
f 3073 3207 3208
f 3209 3207 3073
f 3205 3209 3073
f 3073 3210 3211
f 3212 3210 3073
f 3208 3212 3073
f 3073 3213 3214
f 3215 3213 3073
f 3211 3215 3073
f 3073 3216 3217
f 3218 3216 3073
f 3214 3218 3073
f 3073 3219 3220
f 3221 3219 3073
f 3217 3221 3073
f 3073 3222 3223
f 3224 3222 3073
f 3220 3224 3073
f 3073 3225 3226
f 3227 3225 3073
f 3223 3227 3073
f 3073 3228 3229
f 3230 3228 3073
f 3226 3230 3073
f 3073 3231 3232
f 3233 3231 3073
f 3229 3233 3073
f 3073 3234 3235
f 3236 3234 3073
f 3232 3236 3073
f 3073 3237 3238
f 3239 3237 3073
f 3235 3239 3073
f 3073 3240 3241
f 3242 3240 3073
f 3238 3242 3073
f 3073 3243 3244
f 3245 3243 3073
f 3241 3245 3073
f 3073 3246 3247
f 3248 3246 3073
f 3244 3248 3073
f 3073 3249 3250
f 3251 3249 3073
f 3247 3251 3073
f 3073 3252 3253
f 3254 3252 3073
f 3250 3254 3073
f 3073 3255 3256
f 3257 3255 3073
f 3253 3257 3073
f 3256 3077 3073
f 3258 3259 3260
f 3261 3262 3263
f 3264 3265 3266
f 3267 3268 3269
f 3270 3271 3272
f 3273 3274 3275
f 3276 3277 3278
f 3279 3280 3281
f 3282 3283 3284
f 3284 3283 3285
f 3282 3284 3286
f 3286 3284 3287
f 3286 3287 3288
f 3288 3287 3289
f 3289 3287 3290
f 3289 3290 3291
f 3291 3290 3292
f 3292 3290 3293
f 3292 3293 3294
f 3294 3293 3295
f 3295 3293 3296
f 3295 3296 3297
f 3297 3296 3298
f 3297 3298 3299
f 3299 3298 3300
f 3300 3298 3301
f 3300 3301 3302
f 3302 3301 3303
f 3303 3301 3304
f 3303 3304 3305
f 3305 3304 3306
f 3306 3304 3307
f 3306 3307 3308
f 3308 3307 3309
f 3309 3307 3310
f 3309 3310 3311
f 3311 3310 3312
f 3311 3312 3313
f 3313 3312 3314
f 3314 3312 3315
f 3314 3315 3316
f 3316 3315 3317
f 3317 3315 3318
f 3317 3318 3319
f 3319 3318 3320
f 3320 3318 3321
f 3320 3321 3322
f 3322 3321 3323
f 3323 3321 3324
f 3323 3324 3325
f 3325 3324 3326
f 3326 3324 3327
f 3326 3327 3328
f 3328 3327 3329
f 3328 3329 3330
f 3330 3329 3331
f 3331 3329 3332
f 3331 3332 3333
f 3333 3332 3334
f 3334 3332 3335
f 3334 3335 3336
f 3336 3335 3337
f 3337 3335 3338
f 3337 3338 3339
f 3339 3338 3340
f 3340 3338 3341
f 3340 3341 3342
f 3342 3341 3343
f 3342 3343 3344
f 3344 3343 3345
f 3345 3343 3346
f 3345 3346 3347
f 3347 3346 3348
f 3348 3346 3349
f 3348 3349 3350
f 3350 3349 3351
f 3351 3349 3352
f 3351 3352 3353
f 3353 3352 3354
f 3354 3352 3355
f 3354 3355 3356
f 3356 3355 3357
f 3357 3355 3358
f 3357 3358 3359
f 3359 3358 3360
f 3359 3360 3361
f 3361 3360 3362
f 3362 3360 3363
f 3362 3363 3364
f 3364 3363 3365
f 3365 3363 3366
f 3365 3366 3367
f 3367 3366 3368
f 3368 3366 3369
f 3368 3369 3370
f 3370 3369 3371
f 3371 3369 3372
f 3371 3372 3373
f 3373 3372 3374
f 3373 3374 3375
f 3375 3374 3376
f 3376 3374 3377
f 3376 3377 3378
f 3378 3377 3379
f 3379 3377 3380
f 3379 3380 3381
f 3381 3380 3382
f 3382 3380 3383
f 3382 3383 3384
f 3384 3383 3385
f 3385 3383 3386
f 3385 3386 3387
f 3387 3386 3388
f 3388 3386 3389
f 3388 3389 3390
f 3390 3389 3391
f 3390 3391 3392
f 3392 3391 3393
f 3393 3391 3394
f 3393 3394 3395
f 3395 3394 3396
f 3396 3394 3397
f 3396 3397 3398
f 3398 3397 3399
f 3399 3397 3400
f 3399 3400 3401
f 3401 3400 3402
f 3402 3400 3403
f 3402 3403 3404
f 3404 3403 3405
f 3404 3405 3406
f 3406 3405 3407
f 3407 3405 3408
f 3407 3408 3409
f 3409 3408 3410
f 3410 3408 3411
f 3410 3411 3412
f 3413 3414 3415
f 3415 3414 3416
f 3415 3416 3411
f 3411 3416 3417
f 3411 3417 3412
f 3418 3419 3420
f 3420 3419 3421
f 3420 3421 3413
f 3413 3421 3422
f 3413 3422 3414
f 3423 3424 3418
f 3418 3424 3425
f 3418 3425 3419
f 3426 3427 3423
f 3423 3427 3428
f 3423 3428 3424
f 3429 3430 3426
f 3426 3430 3431
f 3426 3431 3427
f 3432 3433 3434
f 3434 3433 3435
f 3434 3435 3429
f 3429 3435 3436
f 3429 3436 3430
f 3437 3438 3432
f 3432 3438 3439
f 3432 3439 3433
f 3440 3441 3437
f 3437 3441 3442
f 3437 3442 3438
f 3443 3444 3440
f 3440 3444 3445
f 3440 3445 3441
f 3446 3447 3443
f 3443 3447 3448
f 3443 3448 3444
f 3449 3450 3451
f 3451 3450 3452
f 3451 3452 3446
f 3446 3452 3453
f 3446 3453 3447
f 3454 3455 3449
f 3449 3455 3456
f 3449 3456 3450
f 3457 3458 3454
f 3454 3458 3459
f 3454 3459 3455
f 3460 3461 3457
f 3457 3461 3462
f 3457 3462 3458
f 3463 3464 3465
f 3465 3464 3466
f 3465 3466 3460
f 3460 3466 3467
f 3460 3467 3461
f 3468 3469 3463
f 3463 3469 3470
f 3463 3470 3464
f 3471 3472 3468
f 3468 3472 3473
f 3468 3473 3469
f 3474 3475 3471
f 3471 3475 3476
f 3471 3476 3472
f 3477 3478 3474
f 3474 3478 3479
f 3474 3479 3475
f 3480 3481 3482
f 3482 3481 3483
f 3482 3483 3477
f 3477 3483 3484
f 3477 3484 3478
f 3485 3486 3480
f 3480 3486 3487
f 3480 3487 3481
f 3488 3489 3485
f 3485 3489 3490
f 3485 3490 3486
f 3491 3492 3488
f 3488 3492 3493
f 3488 3493 3489
f 3494 3495 3496
f 3496 3495 3497
f 3496 3497 3491
f 3491 3497 3498
f 3491 3498 3492
f 3499 3500 3494
f 3494 3500 3501
f 3494 3501 3495
f 3502 3503 3499
f 3499 3503 3504
f 3499 3504 3500
f 3505 3506 3502
f 3502 3506 3507
f 3502 3507 3503
f 3508 3509 3505
f 3505 3509 3510
f 3505 3510 3506
f 3511 3512 3513
f 3513 3512 3514
f 3513 3514 3508
f 3508 3514 3515
f 3508 3515 3509
f 3516 3517 3511
f 3511 3517 3518
f 3511 3518 3512
f 3519 3520 3516
f 3516 3520 3521
f 3516 3521 3517
f 3522 3523 3519
f 3519 3523 3524
f 3519 3524 3520
f 3525 3526 3527
f 3527 3526 3528
f 3527 3528 3529
f 3529 3528 3530
f 3529 3530 3522
f 3522 3530 3531
f 3522 3531 3523
f 3532 3533 3525
f 3525 3533 3534
f 3525 3534 3526
f 3535 3536 3532
f 3532 3536 3537
f 3532 3537 3533
f 3538 3539 3535
f 3535 3539 3540
f 3535 3540 3536
f 3541 3542 3543
f 3543 3542 3544
f 3543 3544 3538
f 3538 3544 3545
f 3538 3545 3539
f 3546 3547 3541
f 3541 3547 3548
f 3541 3548 3542
f 3549 3550 3546
f 3546 3550 3551
f 3546 3551 3547
f 3552 3553 3549
f 3549 3553 3554
f 3549 3554 3550
f 3555 3556 3552
f 3552 3556 3557
f 3552 3557 3553
f 3558 3559 3560
f 3560 3559 3561
f 3560 3561 3555
f 3555 3561 3562
f 3555 3562 3556
f 3563 3564 3558
f 3558 3564 3565
f 3558 3565 3559
f 3566 3567 3563
f 3563 3567 3568
f 3563 3568 3564
f 3569 3570 3566
f 3566 3570 3571
f 3566 3571 3567
f 3572 3573 3574
f 3574 3573 3575
f 3574 3575 3569
f 3569 3575 3576
f 3569 3576 3570
f 3577 3578 3572
f 3572 3578 3579
f 3572 3579 3573
f 3580 3581 3577
f 3577 3581 3582
f 3577 3582 3578
f 3583 3584 3580
f 3580 3584 3585
f 3580 3585 3581
f 3586 3587 3583
f 3583 3587 3588
f 3583 3588 3584
f 3589 3590 3591
f 3591 3590 3592
f 3591 3592 3586
f 3586 3592 3593
f 3586 3593 3587
f 3594 3595 3589
f 3589 3595 3596
f 3589 3596 3590
f 3597 3598 3594
f 3594 3598 3599
f 3594 3599 3595
f 3600 3601 3597
f 3597 3601 3602
f 3597 3602 3598
f 3603 3604 3605
f 3605 3604 3606
f 3605 3606 3600
f 3600 3606 3607
f 3600 3607 3601
f 3608 3609 3603
f 3603 3609 3610
f 3603 3610 3604
f 3611 3612 3608
f 3608 3612 3613
f 3608 3613 3609
f 3614 3615 3611
f 3611 3615 3616
f 3611 3616 3612
f 3617 3618 3614
f 3614 3618 3619
f 3614 3619 3615
f 3620 3621 3622
f 3622 3621 3623
f 3622 3623 3617
f 3617 3623 3624
f 3617 3624 3618
f 3625 3626 3620
f 3620 3626 3627
f 3620 3627 3621
f 3628 3629 3625
f 3625 3629 3630
f 3625 3630 3626
f 3631 3632 3628
f 3628 3632 3633
f 3628 3633 3629
f 3634 3635 3636
f 3636 3635 3637
f 3636 3637 3638
f 3638 3637 3639
f 3638 3639 3631
f 3631 3639 3640
f 3631 3640 3632
f 3281 3280 3636
f 3636 3280 3641
f 3636 3641 3634
f 3642 3643 3644
f 3642 3644 3281
f 3281 3644 3645
f 3281 3645 3279
f 3643 3642 3646
f 3646 3642 3647
f 3646 3647 3648
f 3648 3647 3649
f 3649 3647 3650
f 3649 3650 3651
f 3652 3653 3650
f 3650 3653 3654
f 3650 3654 3651
f 3655 3656 3657
f 3657 3656 3658
f 3657 3658 3652
f 3652 3658 3659
f 3652 3659 3653
f 3655 3657 3660
f 3660 3657 3661
f 3660 3661 3662
f 3663 3664 3665
f 3664 3663 3666
f 3666 3663 3667
f 3666 3667 3668
f 3668 3667 3669
f 3669 3667 3670
f 3669 3670 3671
f 3672 3673 3674
f 3674 3673 3675
f 3674 3675 3670
f 3670 3675 3676
f 3670 3676 3671
f 3677 3678 3679
f 3679 3678 3680
f 3679 3680 3681
f 3681 3680 3682
f 3681 3682 3683
f 3677 3679 3684
f 3684 3679 3685
f 3684 3685 3686
f 3687 3688 3689
f 3690 3691 3692
f 3692 3691 3693
f 3692 3693 3689
f 3689 3693 3694
f 3689 3694 3687
f 3695 3696 3697
f 3696 3698 3697
f 3697 3698 3699
f 3697 3699 3700
f 3700 3699 3701
f 3700 3701 3702
f 3703 3704 3705
f 3705 3704 3706
f 3705 3706 3707
f 3707 3706 3708
f 3707 3708 3709
f 3276 3278 3710
f 3711 3712 3278
f 3278 3712 3713
f 3278 3713 3710
f 3714 3715 3716
f 3717 3718 3719
f 3718 3720 3719
f 3719 3720 3721
f 3721 3720 3722
f 3723 3724 3725
f 3717 3726 3727
f 3727 3726 3728
f 3274 3729 3275
f 3275 3729 3730
f 3275 3730 3723
f 3723 3730 3731
f 3723 3731 3724
f 3732 3733 3734
f 3734 3733 3735
f 3734 3735 3736
f 3737 3738 3739
f 3739 3738 3740
f 3739 3740 3732
f 3732 3740 3741
f 3732 3741 3733
f 3737 3739 3742
f 3742 3739 3743
f 3742 3743 3744
f 3271 3270 3745
f 3270 3746 3745
f 3745 3746 3747
f 3745 3747 3743
f 3743 3747 3748
f 3743 3748 3744
f 3749 3750 3751
f 3751 3750 3752
f 3751 3752 3753
f 3753 3752 3754
f 3754 3752 3755
f 3754 3755 3756
f 3756 3755 3757
f 3757 3755 3758
f 3757 3758 3759
f 3759 3758 3760
f 3760 3758 3761
f 3760 3761 3762
f 3762 3761 3763
f 3763 3761 3764
f 3763 3764 3765
f 3765 3764 3766
f 3766 3764 3767
f 3766 3767 3768
f 3769 3770 3767
f 3767 3770 3771
f 3767 3771 3768
f 3772 3773 3774
f 3774 3773 3775
f 3774 3775 3769
f 3769 3775 3776
f 3769 3776 3770
f 3772 3774 3777
f 3777 3774 3778
f 3777 3778 3779
f 3779 3778 3780
f 3779 3780 3781
f 3781 3780 3782
f 3782 3780 3783
f 3782 3783 3784
f 3784 3783 3785
f 3785 3783 3786
f 3785 3786 3787
f 3787 3786 3788
f 3788 3786 3789
f 3788 3789 3790
f 3790 3789 3791
f 3791 3789 3792
f 3791 3792 3793
f 3794 3795 3792
f 3792 3795 3796
f 3792 3796 3793
f 3797 3798 3794
f 3794 3798 3799
f 3794 3799 3795
f 3800 3801 3797
f 3797 3801 3802
f 3797 3802 3798
f 3268 3803 3269
f 3269 3803 3804
f 3269 3804 3800
f 3800 3804 3805
f 3800 3805 3801
f 3806 3267 3807
f 3807 3267 3269
f 3807 3269 3808
f 3808 3269 3809
f 3808 3809 3810
f 3810 3809 3811
f 3812 3813 3814
f 3814 3813 3815
f 3816 3817 3818
f 3818 3817 3819
f 3820 3821 3822
f 3822 3821 3818
f 3822 3818 3823
f 3823 3818 3819
f 3824 3825 3826
f 3826 3825 3827
f 3826 3827 3828
f 3829 3830 3824
f 3824 3830 3831
f 3824 3831 3825
f 3832 3833 3834
f 3834 3833 3266
f 3834 3266 3835
f 3835 3266 3265
f 3836 3837 3838
f 3838 3837 3839
f 3838 3839 3840
f 3262 3841 3263
f 3263 3841 3842
f 3263 3842 3838
f 3838 3842 3843
f 3838 3843 3836
f 3844 3845 3846
f 3846 3845 3847
f 3847 3848 3846
f 3846 3848 3849
f 3846 3849 3850
f 3851 3852 3853
f 3853 3854 3851
f 3851 3854 3855
f 3851 3855 3844
f 3844 3855 3856
f 3844 3856 3845
f 3857 3858 3859
f 3859 3858 3860
f 3859 3860 3861
f 3862 3863 3864
f 3862 3864 3865
f 3864 3866 3865
f 3865 3866 3867
f 3865 3867 3860
f 3860 3867 3868
f 3860 3868 3861
f 3260 3259 3869
f 3259 3870 3869
f 3869 3870 3871
f 3869 3871 3862
f 3862 3871 3872
f 3862 3872 3863
f 3283 3873 3285
f 3285 3873 3874
f 3285 3874 3260
f 3260 3874 3875
f 3260 3875 3258
f 3735 3273 3736
f 3736 3273 3275
f 3736 3275 3719
f 3719 3275 3723
f 3719 3723 3717
f 3717 3723 3725
f 3717 3725 3726
f 3722 3715 3721
f 3721 3715 3714
f 3721 3714 3719
f 3719 3714 3876
f 3719 3876 3736
f 3736 3876 3877
f 3736 3877 3734
f 3734 3877 3878
f 3734 3878 3732
f 3732 3878 3879
f 3732 3879 3739
f 3739 3879 3880
f 3739 3880 3743
f 3743 3880 3881
f 3743 3881 3745
f 3745 3881 3882
f 3745 3882 3271
f 3271 3882 3750
f 3271 3750 3272
f 3272 3750 3749
f 3716 3711 3714
f 3714 3711 3278
f 3714 3278 3876
f 3876 3278 3883
f 3876 3883 3877
f 3877 3883 3884
f 3877 3884 3878
f 3878 3884 3885
f 3878 3885 3879
f 3879 3885 3886
f 3879 3886 3880
f 3880 3886 3887
f 3880 3887 3881
f 3881 3887 3888
f 3881 3888 3882
f 3882 3888 3889
f 3882 3889 3750
f 3750 3889 3890
f 3750 3890 3752
f 3752 3890 3891
f 3752 3891 3755
f 3755 3891 3892
f 3755 3892 3758
f 3758 3892 3893
f 3758 3893 3761
f 3761 3893 3894
f 3761 3894 3764
f 3764 3894 3895
f 3764 3895 3767
f 3767 3895 3896
f 3767 3896 3769
f 3769 3896 3897
f 3769 3897 3774
f 3774 3897 3898
f 3774 3898 3778
f 3778 3898 3899
f 3778 3899 3780
f 3780 3899 3900
f 3780 3900 3783
f 3783 3900 3901
f 3783 3901 3786
f 3786 3901 3902
f 3786 3902 3789
f 3789 3902 3903
f 3789 3903 3792
f 3792 3903 3904
f 3792 3904 3794
f 3794 3904 3905
f 3794 3905 3797
f 3797 3905 3906
f 3797 3906 3800
f 3800 3906 3907
f 3800 3907 3269
f 3269 3907 3908
f 3269 3908 3809
f 3809 3908 3814
f 3809 3814 3811
f 3811 3814 3815
f 3277 3703 3278
f 3278 3703 3705
f 3278 3705 3883
f 3883 3705 3909
f 3883 3909 3884
f 3884 3909 3910
f 3884 3910 3885
f 3885 3910 3911
f 3885 3911 3886
f 3886 3911 3912
f 3886 3912 3887
f 3887 3912 3913
f 3887 3913 3888
f 3888 3913 3914
f 3888 3914 3889
f 3889 3914 3915
f 3889 3915 3890
f 3890 3915 3916
f 3890 3916 3891
f 3891 3916 3917
f 3891 3917 3892
f 3892 3917 3918
f 3892 3918 3893
f 3893 3918 3919
f 3893 3919 3894
f 3894 3919 3920
f 3894 3920 3895
f 3895 3920 3921
f 3895 3921 3896
f 3896 3921 3922
f 3896 3922 3897
f 3897 3922 3923
f 3897 3923 3898
f 3898 3923 3924
f 3898 3924 3899
f 3899 3924 3925
f 3899 3925 3900
f 3900 3925 3926
f 3900 3926 3901
f 3901 3926 3927
f 3901 3927 3902
f 3902 3927 3928
f 3902 3928 3903
f 3903 3928 3929
f 3903 3929 3904
f 3904 3929 3930
f 3904 3930 3905
f 3905 3930 3931
f 3905 3931 3906
f 3906 3931 3932
f 3906 3932 3907
f 3907 3932 3933
f 3907 3933 3908
f 3908 3933 3934
f 3908 3934 3814
f 3814 3934 3821
f 3814 3821 3812
f 3812 3821 3820
f 3709 3695 3707
f 3707 3695 3697
f 3707 3697 3705
f 3705 3697 3935
f 3705 3935 3909
f 3909 3935 3936
f 3909 3936 3910
f 3910 3936 3937
f 3910 3937 3911
f 3911 3937 3938
f 3911 3938 3912
f 3912 3938 3939
f 3912 3939 3913
f 3913 3939 3940
f 3913 3940 3914
f 3914 3940 3941
f 3914 3941 3915
f 3915 3941 3942
f 3915 3942 3916
f 3916 3942 3943
f 3916 3943 3917
f 3917 3943 3944
f 3917 3944 3918
f 3918 3944 3945
f 3918 3945 3919
f 3919 3945 3946
f 3919 3946 3920
f 3920 3946 3947
f 3920 3947 3921
f 3921 3947 3948
f 3921 3948 3922
f 3922 3948 3949
f 3922 3949 3923
f 3923 3949 3950
f 3923 3950 3924
f 3924 3950 3951
f 3924 3951 3925
f 3925 3951 3952
f 3925 3952 3926
f 3926 3952 3953
f 3926 3953 3927
f 3927 3953 3954
f 3927 3954 3928
f 3928 3954 3955
f 3928 3955 3929
f 3929 3955 3956
f 3929 3956 3930
f 3930 3956 3957
f 3930 3957 3931
f 3931 3957 3958
f 3931 3958 3932
f 3932 3958 3959
f 3932 3959 3933
f 3933 3959 3960
f 3933 3960 3934
f 3934 3960 3961
f 3934 3961 3821
f 3821 3961 3962
f 3821 3962 3818
f 3818 3962 3826
f 3818 3826 3816
f 3816 3826 3828
f 3702 3690 3700
f 3700 3690 3692
f 3700 3692 3697
f 3697 3692 3963
f 3697 3963 3935
f 3935 3963 3964
f 3935 3964 3936
f 3936 3964 3965
f 3936 3965 3937
f 3937 3965 3966
f 3937 3966 3938
f 3938 3966 3967
f 3938 3967 3939
f 3939 3967 3968
f 3939 3968 3940
f 3940 3968 3969
f 3940 3969 3941
f 3941 3969 3970
f 3941 3970 3942
f 3942 3970 3971
f 3942 3971 3943
f 3943 3971 3972
f 3943 3972 3944
f 3944 3972 3973
f 3944 3973 3945
f 3945 3973 3974
f 3945 3974 3946
f 3946 3974 3975
f 3946 3975 3947
f 3947 3975 3976
f 3947 3976 3948
f 3948 3976 3977
f 3948 3977 3949
f 3949 3977 3978
f 3949 3978 3950
f 3950 3978 3979
f 3950 3979 3951
f 3951 3979 3980
f 3951 3980 3952
f 3952 3980 3981
f 3952 3981 3953
f 3953 3981 3982
f 3953 3982 3954
f 3954 3982 3983
f 3954 3983 3955
f 3955 3983 3984
f 3955 3984 3956
f 3956 3984 3985
f 3956 3985 3957
f 3957 3985 3986
f 3957 3986 3958
f 3958 3986 3987
f 3958 3987 3959
f 3959 3987 3988
f 3959 3988 3960
f 3960 3988 3989
f 3960 3989 3961
f 3961 3989 3990
f 3961 3990 3962
f 3962 3990 3991
f 3962 3991 3826
f 3826 3991 3992
f 3826 3992 3824
f 3824 3992 3833
f 3824 3833 3829
f 3829 3833 3832
f 3688 3686 3689
f 3689 3686 3685
f 3689 3685 3692
f 3692 3685 3993
f 3692 3993 3963
f 3963 3993 3994
f 3963 3994 3964
f 3964 3994 3995
f 3964 3995 3965
f 3965 3995 3996
f 3965 3996 3966
f 3966 3996 3997
f 3966 3997 3967
f 3967 3997 3998
f 3967 3998 3968
f 3968 3998 3999
f 3968 3999 3969
f 3969 3999 4000
f 3969 4000 3970
f 3970 4000 4001
f 3970 4001 3971
f 3971 4001 4002
f 3971 4002 3972
f 3972 4002 4003
f 3972 4003 3973
f 3973 4003 4004
f 3973 4004 3974
f 3974 4004 4005
f 3974 4005 3975
f 3975 4005 4006
f 3975 4006 3976
f 3976 4006 4007
f 3976 4007 3977
f 3977 4007 4008
f 3977 4008 3978
f 3978 4008 4009
f 3978 4009 3979
f 3979 4009 4010
f 3979 4010 3980
f 3980 4010 4011
f 3980 4011 3981
f 3981 4011 4012
f 3981 4012 3982
f 3982 4012 4013
f 3982 4013 3983
f 3983 4013 4014
f 3983 4014 3984
f 3984 4014 4015
f 3984 4015 3985
f 3985 4015 4016
f 3985 4016 3986
f 3986 4016 4017
f 3986 4017 3987
f 3987 4017 4018
f 3987 4018 3988
f 3988 4018 4019
f 3988 4019 3989
f 3989 4019 4020
f 3989 4020 3990
f 3990 4020 4021
f 3990 4021 3991
f 3991 4021 4022
f 3991 4022 3992
f 3992 4022 4023
f 3992 4023 3833
f 3833 4023 4024
f 3833 4024 3266
f 3266 4024 3840
f 3266 3840 3264
f 3264 3840 3839
f 3683 3672 3681
f 3681 3672 3674
f 3681 3674 3679
f 3679 3674 4025
f 3679 4025 3685
f 3685 4025 4026
f 3685 4026 3993
f 3993 4026 4027
f 3993 4027 3994
f 3994 4027 4028
f 3994 4028 3995
f 3995 4028 4029
f 3995 4029 3996
f 3996 4029 4030
f 3996 4030 3997
f 3997 4030 4031
f 3997 4031 3998
f 3998 4031 4032
f 3998 4032 3999
f 3999 4032 4033
f 3999 4033 4000
f 4000 4033 4034
f 4000 4034 4001
f 4001 4034 4035
f 4001 4035 4002
f 4002 4035 4036
f 4002 4036 4003
f 4003 4036 4037
f 4003 4037 4004
f 4004 4037 4038
f 4004 4038 4005
f 4005 4038 4039
f 4005 4039 4006
f 4006 4039 4040
f 4006 4040 4007
f 4007 4040 4041
f 4007 4041 4008
f 4008 4041 4042
f 4008 4042 4009
f 4009 4042 4043
f 4009 4043 4010
f 4010 4043 4044
f 4010 4044 4011
f 4011 4044 4045
f 4011 4045 4012
f 4012 4045 4046
f 4012 4046 4013
f 4013 4046 4047
f 4013 4047 4014
f 4014 4047 4048
f 4014 4048 4015
f 4015 4048 4049
f 4015 4049 4016
f 4016 4049 4050
f 4016 4050 4017
f 4017 4050 4051
f 4017 4051 4018
f 4018 4051 4052
f 4018 4052 4019
f 4019 4052 4053
f 4019 4053 4020
f 4020 4053 4054
f 4020 4054 4021
f 4021 4054 4055
f 4021 4055 4022
f 4022 4055 4056
f 4022 4056 4023
f 4023 4056 4057
f 4023 4057 4024
f 4024 4057 4058
f 4024 4058 3840
f 3840 4058 4059
f 3840 4059 3838
f 3838 4059 4060
f 3838 4060 3263
f 3263 4060 3850
f 3263 3850 3261
f 3261 3850 3849
f 3665 3662 3663
f 3663 3662 3661
f 3663 3661 3667
f 3667 3661 4061
f 3667 4061 3670
f 3670 4061 4062
f 3670 4062 3674
f 3674 4062 4063
f 3674 4063 4025
f 4025 4063 4064
f 4025 4064 4026
f 4026 4064 4065
f 4026 4065 4027
f 4027 4065 4066
f 4027 4066 4028
f 4028 4066 4067
f 4028 4067 4029
f 4029 4067 4068
f 4029 4068 4030
f 4030 4068 4069
f 4030 4069 4031
f 4031 4069 4070
f 4031 4070 4032
f 4032 4070 4071
f 4032 4071 4033
f 4033 4071 4072
f 4033 4072 4034
f 4034 4072 4073
f 4034 4073 4035
f 4035 4073 4074
f 4035 4074 4036
f 4036 4074 4075
f 4036 4075 4037
f 4037 4075 4076
f 4037 4076 4038
f 4038 4076 4077
f 4038 4077 4039
f 4039 4077 4078
f 4039 4078 4040
f 4040 4078 4079
f 4040 4079 4041
f 4041 4079 4080
f 4041 4080 4042
f 4042 4080 4081
f 4042 4081 4043
f 4043 4081 4082
f 4043 4082 4044
f 4044 4082 4083
f 4044 4083 4045
f 4045 4083 4084
f 4045 4084 4046
f 4046 4084 4085
f 4046 4085 4047
f 4047 4085 4086
f 4047 4086 4048
f 4048 4086 4087
f 4048 4087 4049
f 4049 4087 4088
f 4049 4088 4050
f 4050 4088 4089
f 4050 4089 4051
f 4051 4089 4090
f 4051 4090 4052
f 4052 4090 4091
f 4052 4091 4053
f 4053 4091 4092
f 4053 4092 4054
f 4054 4092 4093
f 4054 4093 4055
f 4055 4093 4094
f 4055 4094 4056
f 4056 4094 4095
f 4056 4095 4057
f 4057 4095 4096
f 4057 4096 4058
f 4058 4096 4097
f 4058 4097 4059
f 4059 4097 4098
f 4059 4098 4060
f 4060 4098 4099
f 4060 4099 3850
f 3850 4099 4100
f 3850 4100 3846
f 3846 4100 4101
f 3846 4101 3844
f 3844 4101 4102
f 3844 4102 3851
f 3851 4102 4103
f 3851 4103 3852
f 3852 4103 3858
f 3852 3858 4104
f 4104 3858 3857
f 3574 4105 3572
f 3572 4105 4106
f 3572 4106 3577
f 3577 4106 4107
f 3577 4107 3580
f 3580 4107 4108
f 3580 4108 3583
f 3583 4108 4109
f 3583 4109 3586
f 3586 4109 4110
f 3586 4110 3591
f 3591 4110 4111
f 3591 4111 3589
f 3589 4111 4112
f 3589 4112 3594
f 3594 4112 4113
f 3594 4113 3597
f 3597 4113 4114
f 3597 4114 3600
f 3600 4114 4115
f 3600 4115 3605
f 3605 4115 4116
f 3605 4116 3603
f 3603 4116 4117
f 3603 4117 3608
f 3608 4117 4118
f 3608 4118 3611
f 3611 4118 4119
f 3611 4119 3614
f 3614 4119 4120
f 3614 4120 3617
f 3617 4120 4121
f 3617 4121 3622
f 3622 4121 4122
f 3622 4122 3620
f 3620 4122 4123
f 3620 4123 3625
f 3625 4123 4124
f 3625 4124 3628
f 3628 4124 4125
f 3628 4125 3631
f 3631 4125 4126
f 3631 4126 3638
f 3638 4126 4127
f 3638 4127 3636
f 3636 4127 4128
f 3636 4128 3281
f 3281 4128 4129
f 3281 4129 3642
f 3642 4129 4130
f 3642 4130 3647
f 3647 4130 4131
f 3647 4131 3650
f 3650 4131 4132
f 3650 4132 3652
f 3652 4132 4133
f 3652 4133 3657
f 3657 4133 4134
f 3657 4134 3661
f 3661 4134 4135
f 3661 4135 4061
f 4061 4135 4136
f 4061 4136 4062
f 4062 4136 4137
f 4062 4137 4063
f 4063 4137 4138
f 4063 4138 4064
f 4064 4138 4139
f 4064 4139 4065
f 4065 4139 4140
f 4065 4140 4066
f 4066 4140 4141
f 4066 4141 4067
f 4067 4141 4142
f 4067 4142 4068
f 4068 4142 4143
f 4068 4143 4069
f 4069 4143 4144
f 4069 4144 4070
f 4070 4144 4145
f 4070 4145 4071
f 4071 4145 4146
f 4071 4146 4072
f 4072 4146 4147
f 4072 4147 4073
f 4073 4147 4148
f 4073 4148 4074
f 4074 4148 4149
f 4074 4149 4075
f 4075 4149 4150
f 4075 4150 4076
f 4076 4150 4151
f 4076 4151 4077
f 4077 4151 4152
f 4077 4152 4078
f 4078 4152 4153
f 4078 4153 4079
f 4079 4153 4154
f 4079 4154 4080
f 4080 4154 4155
f 4080 4155 4081
f 4081 4155 4156
f 4081 4156 4082
f 4082 4156 4157
f 4082 4157 4083
f 4083 4157 4158
f 4083 4158 4084
f 4084 4158 4159
f 4084 4159 4085
f 4085 4159 4160
f 4085 4160 4086
f 4086 4160 4161
f 4086 4161 4087
f 4087 4161 4162
f 4087 4162 4088
f 4088 4162 4163
f 4088 4163 4089
f 4089 4163 4164
f 4089 4164 4090
f 4090 4164 4165
f 4090 4165 4091
f 4091 4165 4166
f 4091 4166 4092
f 4092 4166 4167
f 4092 4167 4093
f 4093 4167 4168
f 4093 4168 4094
f 4094 4168 4169
f 4094 4169 4095
f 4095 4169 4170
f 4095 4170 4096
f 4096 4170 4171
f 4096 4171 4097
f 4097 4171 4172
f 4097 4172 4098
f 4098 4172 4173
f 4098 4173 4099
f 4099 4173 4174
f 4099 4174 4100
f 4100 4174 4175
f 4100 4175 4101
f 4101 4175 4176
f 4101 4176 4102
f 4102 4176 4177
f 4102 4177 4103
f 4103 4177 4178
f 4103 4178 3858
f 3858 4178 4179
f 3858 4179 3860
f 3860 4179 4180
f 3860 4180 3865
f 3865 4180 4181
f 3865 4181 3862
f 3862 4181 4182
f 3862 4182 3869
f 3869 4182 4183
f 3869 4183 3260
f 3260 4183 4184
f 3260 4184 3285
f 3285 4184 4185
f 3285 4185 3284
f 3284 4185 4186
f 3284 4186 3287
f 3287 4186 4187
f 3287 4187 3290
f 3290 4187 4188
f 3290 4188 3293
f 3293 4188 4189
f 3293 4189 3296
f 3296 4189 4190
f 3296 4190 3298
f 3298 4190 4191
f 3298 4191 3301
f 3301 4191 4192
f 3301 4192 3304
f 3304 4192 4193
f 3304 4193 3307
f 3307 4193 4194
f 3307 4194 3310
f 3310 4194 4195
f 3310 4195 3312
f 3312 4195 4196
f 3312 4196 3315
f 3315 4196 4197
f 3315 4197 3318
f 3318 4197 4198
f 3318 4198 3321
f 3321 4198 4199
f 3321 4199 3324
f 3324 4199 4200
f 3324 4200 3327
f 3327 4200 4201
f 3327 4201 3329
f 3329 4201 4202
f 3329 4202 3332
f 3332 4202 4203
f 3332 4203 3335
f 3335 4203 4204
f 3335 4204 3338
f 3338 4204 4205
f 3338 4205 3341
f 3341 4205 4206
f 3341 4206 3343
f 3343 4206 4207
f 3343 4207 3346
f 3346 4207 4208
f 3346 4208 3349
f 3349 4208 4209
f 3349 4209 3352
f 3352 4209 4210
f 3352 4210 3355
f 3355 4210 4211
f 3355 4211 3358
f 3358 4211 4212
f 3358 4212 3360
f 3360 4212 4213
f 3360 4213 3363
f 3363 4213 4214
f 3363 4214 3366
f 3366 4214 4215
f 3366 4215 3369
f 3369 4215 4216
f 3369 4216 3372
f 3372 4216 4217
f 3372 4217 3374
f 3374 4217 4218
f 3374 4218 3377
f 3377 4218 4219
f 3377 4219 3380
f 3380 4219 4220
f 3380 4220 3383
f 3383 4220 4221
f 3383 4221 3386
f 3386 4221 4222
f 3386 4222 3389
f 3389 4222 4223
f 3389 4223 3391
f 3391 4223 4224
f 3391 4224 3394
f 3394 4224 4225
f 3394 4225 3397
f 3397 4225 4226
f 3397 4226 3400
f 3400 4226 4227
f 3400 4227 3403
f 3403 4227 4228
f 3403 4228 3405
f 3405 4228 4229
f 3405 4229 3408
f 3408 4229 4230
f 3408 4230 3411
f 3411 4230 4231
f 3411 4231 3415
f 3415 4231 4232
f 3415 4232 3413
f 3413 4232 4233
f 3413 4233 3420
f 3420 4233 4234
f 3420 4234 3418
f 3418 4234 4235
f 3418 4235 3423
f 3423 4235 4236
f 3423 4236 3426
f 3426 4236 4237
f 3426 4237 3429
f 3429 4237 4238
f 3429 4238 3434
f 3434 4238 4239
f 3434 4239 3432
f 3432 4239 4240
f 3432 4240 3437
f 3437 4240 4241
f 3437 4241 3440
f 3440 4241 4242
f 3440 4242 3443
f 3443 4242 4243
f 3443 4243 3446
f 3446 4243 4244
f 3446 4244 3451
f 3451 4244 4245
f 3451 4245 3449
f 3449 4245 4246
f 3449 4246 3454
f 3454 4246 4247
f 3454 4247 3457
f 3457 4247 4248
f 3457 4248 3460
f 3460 4248 4249
f 3460 4249 3465
f 3465 4249 4250
f 3465 4250 3463
f 3463 4250 4251
f 3463 4251 3468
f 3468 4251 4252
f 3468 4252 3471
f 3471 4252 4253
f 3471 4253 3474
f 3474 4253 4254
f 3474 4254 3477
f 3477 4254 4255
f 3477 4255 3482
f 3482 4255 4256
f 3482 4256 3480
f 3480 4256 4257
f 3480 4257 3485
f 3485 4257 4258
f 3485 4258 3488
f 3488 4258 4259
f 3488 4259 3491
f 3491 4259 4260
f 3491 4260 3496
f 3496 4260 4261
f 3496 4261 3494
f 3494 4261 4262
f 3494 4262 3499
f 3499 4262 4263
f 3499 4263 3502
f 3502 4263 4264
f 3502 4264 3505
f 3505 4264 4265
f 3505 4265 3508
f 3508 4265 4266
f 3508 4266 3513
f 3513 4266 4267
f 3513 4267 3511
f 3511 4267 4268
f 3511 4268 3516
f 3516 4268 4269
f 3516 4269 3519
f 3519 4269 4270
f 3519 4270 3522
f 3522 4270 4271
f 3522 4271 3529
f 3529 4271 4272
f 3529 4272 3527
f 3527 4272 4273
f 3527 4273 3525
f 3525 4273 4274
f 3525 4274 3532
f 3532 4274 4275
f 3532 4275 3535
f 3535 4275 4276
f 3535 4276 3538
f 3538 4276 4277
f 3538 4277 3543
f 3543 4277 4278
f 3543 4278 3541
f 3541 4278 4279
f 3541 4279 3546
f 3546 4279 4280
f 3546 4280 3549
f 3549 4280 4281
f 3549 4281 3552
f 3552 4281 4282
f 3552 4282 3555
f 3555 4282 4283
f 3555 4283 3560
f 3560 4283 4284
f 3560 4284 3558
f 3558 4284 4285
f 3558 4285 3563
f 3563 4285 4286
f 3563 4286 3566
f 3566 4286 4287
f 3566 4287 3569
f 3569 4287 4288
f 3569 4288 3574
f 3574 4288 4105
f 4105 4289 4106
f 4106 4289 4290
f 4106 4290 4107
f 4107 4290 4291
f 4107 4291 4108
f 4108 4291 4292
f 4108 4292 4109
f 4109 4292 4293
f 4109 4293 4110
f 4110 4293 4294
f 4110 4294 4111
f 4111 4294 4295
f 4111 4295 4112
f 4112 4295 4296
f 4112 4296 4113
f 4113 4296 4297
f 4113 4297 4114
f 4114 4297 4298
f 4114 4298 4115
f 4115 4298 4299
f 4115 4299 4116
f 4116 4299 4300
f 4116 4300 4117
f 4117 4300 4301
f 4117 4301 4118
f 4118 4301 4302
f 4118 4302 4119
f 4119 4302 4303
f 4119 4303 4120
f 4120 4303 4304
f 4120 4304 4121
f 4121 4304 4305
f 4121 4305 4122
f 4122 4305 4306
f 4122 4306 4123
f 4123 4306 4307
f 4123 4307 4124
f 4124 4307 4308
f 4124 4308 4125
f 4125 4308 4309
f 4125 4309 4126
f 4126 4309 4310
f 4126 4310 4127
f 4127 4310 4311
f 4127 4311 4128
f 4128 4311 4312
f 4128 4312 4129
f 4129 4312 4313
f 4129 4313 4130
f 4130 4313 4314
f 4130 4314 4131
f 4131 4314 4315
f 4131 4315 4132
f 4132 4315 4316
f 4132 4316 4133
f 4133 4316 4317
f 4133 4317 4134
f 4134 4317 4318
f 4134 4318 4135
f 4135 4318 4319
f 4135 4319 4136
f 4136 4319 4320
f 4136 4320 4137
f 4137 4320 4321
f 4137 4321 4138
f 4138 4321 4322
f 4138 4322 4139
f 4139 4322 4323
f 4139 4323 4140
f 4140 4323 4324
f 4140 4324 4141
f 4141 4324 4325
f 4141 4325 4142
f 4142 4325 4326
f 4142 4326 4143
f 4143 4326 4327
f 4143 4327 4144
f 4144 4327 4328
f 4144 4328 4145
f 4145 4328 4329
f 4145 4329 4146
f 4146 4329 4330
f 4146 4330 4147
f 4147 4330 4331
f 4147 4331 4148
f 4148 4331 4332
f 4148 4332 4149
f 4149 4332 4333
f 4149 4333 4150
f 4150 4333 4334
f 4150 4334 4151
f 4151 4334 4335
f 4151 4335 4152
f 4152 4335 4336
f 4152 4336 4153
f 4153 4336 4337
f 4153 4337 4154
f 4154 4337 4338
f 4154 4338 4155
f 4155 4338 4339
f 4155 4339 4156
f 4156 4339 4340
f 4156 4340 4157
f 4157 4340 4341
f 4157 4341 4158
f 4158 4341 4342
f 4158 4342 4159
f 4159 4342 4343
f 4159 4343 4160
f 4160 4343 4344
f 4160 4344 4161
f 4161 4344 4345
f 4161 4345 4162
f 4162 4345 4346
f 4162 4346 4163
f 4163 4346 4347
f 4163 4347 4164
f 4164 4347 4348
f 4164 4348 4165
f 4165 4348 4349
f 4165 4349 4166
f 4166 4349 4350
f 4166 4350 4167
f 4167 4350 4351
f 4167 4351 4168
f 4168 4351 4352
f 4168 4352 4169
f 4169 4352 4353
f 4169 4353 4170
f 4170 4353 4354
f 4170 4354 4171
f 4171 4354 4355
f 4171 4355 4172
f 4172 4355 4356
f 4172 4356 4173
f 4173 4356 4357
f 4173 4357 4174
f 4174 4357 4358
f 4174 4358 4175
f 4175 4358 4359
f 4175 4359 4176
f 4176 4359 4360
f 4176 4360 4177
f 4177 4360 4361
f 4177 4361 4178
f 4178 4361 4362
f 4178 4362 4179
f 4179 4362 4363
f 4179 4363 4180
f 4180 4363 4364
f 4180 4364 4181
f 4181 4364 4365
f 4181 4365 4182
f 4182 4365 4366
f 4182 4366 4183
f 4183 4366 4367
f 4183 4367 4184
f 4184 4367 4368
f 4184 4368 4185
f 4185 4368 4369
f 4185 4369 4186
f 4186 4369 4370
f 4186 4370 4187
f 4187 4370 4371
f 4187 4371 4188
f 4188 4371 4372
f 4188 4372 4189
f 4189 4372 4373
f 4189 4373 4190
f 4190 4373 4374
f 4190 4374 4191
f 4191 4374 4375
f 4191 4375 4192
f 4192 4375 4376
f 4192 4376 4193
f 4193 4376 4377
f 4193 4377 4194
f 4194 4377 4378
f 4194 4378 4195
f 4195 4378 4379
f 4195 4379 4196
f 4196 4379 4380
f 4196 4380 4197
f 4197 4380 4381
f 4197 4381 4198
f 4198 4381 4382
f 4198 4382 4199
f 4199 4382 4383
f 4199 4383 4200
f 4200 4383 4384
f 4200 4384 4201
f 4201 4384 4385
f 4201 4385 4202
f 4202 4385 4386
f 4202 4386 4203
f 4203 4386 4387
f 4203 4387 4204
f 4204 4387 4388
f 4204 4388 4205
f 4205 4388 4389
f 4205 4389 4206
f 4206 4389 4390
f 4206 4390 4207
f 4207 4390 4391
f 4207 4391 4208
f 4208 4391 4392
f 4208 4392 4209
f 4209 4392 4393
f 4209 4393 4210
f 4210 4393 4394
f 4210 4394 4211
f 4211 4394 4395
f 4211 4395 4212
f 4212 4395 4396
f 4212 4396 4213
f 4213 4396 4397
f 4213 4397 4214
f 4214 4397 4398
f 4214 4398 4215
f 4215 4398 4399
f 4215 4399 4216
f 4216 4399 4400
f 4216 4400 4217
f 4217 4400 4401
f 4217 4401 4218
f 4218 4401 4402
f 4218 4402 4219
f 4219 4402 4403
f 4219 4403 4220
f 4220 4403 4404
f 4220 4404 4221
f 4221 4404 4405
f 4221 4405 4222
f 4222 4405 4406
f 4222 4406 4223
f 4223 4406 4407
f 4223 4407 4224
f 4224 4407 4408
f 4224 4408 4225
f 4225 4408 4409
f 4225 4409 4226
f 4226 4409 4410
f 4226 4410 4227
f 4227 4410 4411
f 4227 4411 4228
f 4228 4411 4412
f 4228 4412 4229
f 4229 4412 4413
f 4229 4413 4230
f 4230 4413 4414
f 4230 4414 4231
f 4231 4414 4415
f 4231 4415 4232
f 4232 4415 4416
f 4232 4416 4233
f 4233 4416 4417
f 4233 4417 4234
f 4234 4417 4418
f 4234 4418 4235
f 4235 4418 4419
f 4235 4419 4236
f 4236 4419 4420
f 4236 4420 4237
f 4237 4420 4421
f 4237 4421 4238
f 4238 4421 4422
f 4238 4422 4239
f 4239 4422 4423
f 4239 4423 4240
f 4240 4423 4424
f 4240 4424 4241
f 4241 4424 4425
f 4241 4425 4242
f 4242 4425 4426
f 4242 4426 4243
f 4243 4426 4427
f 4243 4427 4244
f 4244 4427 4428
f 4244 4428 4245
f 4245 4428 4429
f 4245 4429 4246
f 4246 4429 4430
f 4246 4430 4247
f 4247 4430 4431
f 4247 4431 4248
f 4248 4431 4432
f 4248 4432 4249
f 4249 4432 4433
f 4249 4433 4250
f 4250 4433 4434
f 4250 4434 4251
f 4251 4434 4435
f 4251 4435 4252
f 4252 4435 4436
f 4252 4436 4253
f 4253 4436 4437
f 4253 4437 4254
f 4254 4437 4438
f 4254 4438 4255
f 4255 4438 4439
f 4255 4439 4256
f 4256 4439 4440
f 4256 4440 4257
f 4257 4440 4441
f 4257 4441 4258
f 4258 4441 4442
f 4258 4442 4259
f 4259 4442 4443
f 4259 4443 4260
f 4260 4443 4444
f 4260 4444 4261
f 4261 4444 4445
f 4261 4445 4262
f 4262 4445 4446
f 4262 4446 4263
f 4263 4446 4447
f 4263 4447 4264
f 4264 4447 4448
f 4264 4448 4265
f 4265 4448 4449
f 4265 4449 4266
f 4266 4449 4450
f 4266 4450 4267
f 4267 4450 4451
f 4267 4451 4268
f 4268 4451 4452
f 4268 4452 4269
f 4269 4452 4453
f 4269 4453 4270
f 4270 4453 4454
f 4270 4454 4271
f 4271 4454 4455
f 4271 4455 4272
f 4272 4455 4456
f 4272 4456 4273
f 4273 4456 4457
f 4273 4457 4274
f 4274 4457 4458
f 4274 4458 4275
f 4275 4458 4459
f 4275 4459 4276
f 4276 4459 4460
f 4276 4460 4277
f 4277 4460 4461
f 4277 4461 4278
f 4278 4461 4462
f 4278 4462 4279
f 4279 4462 4463
f 4279 4463 4280
f 4280 4463 4464
f 4280 4464 4281
f 4281 4464 4465
f 4281 4465 4282
f 4282 4465 4466
f 4282 4466 4283
f 4283 4466 4467
f 4283 4467 4284
f 4284 4467 4468
f 4284 4468 4285
f 4285 4468 4469
f 4285 4469 4286
f 4286 4469 4470
f 4286 4470 4287
f 4287 4470 4471
f 4287 4471 4288
f 4288 4471 4472
f 4288 4472 4105
f 4105 4472 4289
f 4289 4473 4290
f 4290 4473 4474
f 4290 4474 4291
f 4291 4474 4475
f 4291 4475 4292
f 4292 4475 4476
f 4292 4476 4293
f 4293 4476 4477
f 4293 4477 4294
f 4294 4477 4478
f 4294 4478 4295
f 4295 4478 4479
f 4295 4479 4296
f 4296 4479 4480
f 4296 4480 4297
f 4297 4480 4481
f 4297 4481 4298
f 4298 4481 4482
f 4298 4482 4299
f 4299 4482 4483
f 4299 4483 4300
f 4300 4483 4484
f 4300 4484 4301
f 4301 4484 4485
f 4301 4485 4302
f 4302 4485 4486
f 4302 4486 4303
f 4303 4486 4487
f 4303 4487 4304
f 4304 4487 4488
f 4304 4488 4305
f 4305 4488 4489
f 4305 4489 4306
f 4306 4489 4490
f 4306 4490 4307
f 4307 4490 4491
f 4307 4491 4308
f 4308 4491 4492
f 4308 4492 4309
f 4309 4492 4493
f 4309 4493 4310
f 4310 4493 4494
f 4310 4494 4311
f 4311 4494 4495
f 4311 4495 4312
f 4312 4495 4496
f 4312 4496 4313
f 4313 4496 4497
f 4313 4497 4314
f 4314 4497 4498
f 4314 4498 4315
f 4315 4498 4499
f 4315 4499 4316
f 4316 4499 4500
f 4316 4500 4317
f 4317 4500 4501
f 4317 4501 4318
f 4318 4501 4502
f 4318 4502 4319
f 4319 4502 4503
f 4319 4503 4320
f 4320 4503 4504
f 4320 4504 4321
f 4321 4504 4505
f 4321 4505 4322
f 4322 4505 4506
f 4322 4506 4323
f 4323 4506 4507
f 4323 4507 4324
f 4324 4507 4508
f 4324 4508 4325
f 4325 4508 4509
f 4325 4509 4326
f 4326 4509 4510
f 4326 4510 4327
f 4327 4510 4511
f 4327 4511 4328
f 4328 4511 4512
f 4328 4512 4329
f 4329 4512 4513
f 4329 4513 4330
f 4330 4513 4514
f 4330 4514 4331
f 4331 4514 4515
f 4331 4515 4332
f 4332 4515 4516
f 4332 4516 4333
f 4333 4516 4517
f 4333 4517 4334
f 4334 4517 4518
f 4334 4518 4335
f 4335 4518 4519
f 4335 4519 4336
f 4336 4519 4520
f 4336 4520 4337
f 4337 4520 4521
f 4337 4521 4338
f 4338 4521 4522
f 4338 4522 4339
f 4339 4522 4523
f 4339 4523 4340
f 4340 4523 4524
f 4340 4524 4341
f 4341 4524 4525
f 4341 4525 4342
f 4342 4525 4526
f 4342 4526 4343
f 4343 4526 4527
f 4343 4527 4344
f 4344 4527 4528
f 4344 4528 4345
f 4345 4528 4529
f 4345 4529 4346
f 4346 4529 4530
f 4346 4530 4347
f 4347 4530 4531
f 4347 4531 4348
f 4348 4531 4532
f 4348 4532 4349
f 4349 4532 4533
f 4349 4533 4350
f 4350 4533 4534
f 4350 4534 4351
f 4351 4534 4535
f 4351 4535 4352
f 4352 4535 4536
f 4352 4536 4353
f 4353 4536 4537
f 4353 4537 4354
f 4354 4537 4538
f 4354 4538 4355
f 4355 4538 4539
f 4355 4539 4356
f 4356 4539 4540
f 4356 4540 4357
f 4357 4540 4541
f 4357 4541 4358
f 4358 4541 4542
f 4358 4542 4359
f 4359 4542 4543
f 4359 4543 4360
f 4360 4543 4544
f 4360 4544 4361
f 4361 4544 4545
f 4361 4545 4362
f 4362 4545 4546
f 4362 4546 4363
f 4363 4546 4547
f 4363 4547 4364
f 4364 4547 4548
f 4364 4548 4365
f 4365 4548 4549
f 4365 4549 4366
f 4366 4549 4550
f 4366 4550 4367
f 4367 4550 4551
f 4367 4551 4368
f 4368 4551 4552
f 4368 4552 4369
f 4369 4552 4553
f 4369 4553 4370
f 4370 4553 4554
f 4370 4554 4371
f 4371 4554 4555
f 4371 4555 4372
f 4372 4555 4556
f 4372 4556 4373
f 4373 4556 4557
f 4373 4557 4374
f 4374 4557 4558
f 4374 4558 4375
f 4375 4558 4559
f 4375 4559 4376
f 4376 4559 4560
f 4376 4560 4377
f 4377 4560 4561
f 4377 4561 4378
f 4378 4561 4562
f 4378 4562 4379
f 4379 4562 4563
f 4379 4563 4380
f 4380 4563 4564
f 4380 4564 4381
f 4381 4564 4565
f 4381 4565 4382
f 4382 4565 4566
f 4382 4566 4383
f 4383 4566 4567
f 4383 4567 4384
f 4384 4567 4568
f 4384 4568 4385
f 4385 4568 4569
f 4385 4569 4386
f 4386 4569 4570
f 4386 4570 4387
f 4387 4570 4571
f 4387 4571 4388
f 4388 4571 4572
f 4388 4572 4389
f 4389 4572 4573
f 4389 4573 4390
f 4390 4573 4574
f 4390 4574 4391
f 4391 4574 4575
f 4391 4575 4392
f 4392 4575 4576
f 4392 4576 4393
f 4393 4576 4577
f 4393 4577 4394
f 4394 4577 4578
f 4394 4578 4395
f 4395 4578 4579
f 4395 4579 4396
f 4396 4579 4580
f 4396 4580 4397
f 4397 4580 4581
f 4397 4581 4398
f 4398 4581 4582
f 4398 4582 4399
f 4399 4582 4583
f 4399 4583 4400
f 4400 4583 4584
f 4400 4584 4401
f 4401 4584 4585
f 4401 4585 4402
f 4402 4585 4586
f 4402 4586 4403
f 4403 4586 4587
f 4403 4587 4404
f 4404 4587 4588
f 4404 4588 4405
f 4405 4588 4589
f 4405 4589 4406
f 4406 4589 4590
f 4406 4590 4407
f 4407 4590 4591
f 4407 4591 4408
f 4408 4591 4592
f 4408 4592 4409
f 4409 4592 4593
f 4409 4593 4410
f 4410 4593 4594
f 4410 4594 4411
f 4411 4594 4595
f 4411 4595 4412
f 4412 4595 4596
f 4412 4596 4413
f 4413 4596 4597
f 4413 4597 4414
f 4414 4597 4598
f 4414 4598 4415
f 4415 4598 4599
f 4415 4599 4416
f 4416 4599 4600
f 4416 4600 4417
f 4417 4600 4601
f 4417 4601 4418
f 4418 4601 4602
f 4418 4602 4419
f 4419 4602 4603
f 4419 4603 4420
f 4420 4603 4604
f 4420 4604 4421
f 4421 4604 4605
f 4421 4605 4422
f 4422 4605 4606
f 4422 4606 4423
f 4423 4606 4607
f 4423 4607 4424
f 4424 4607 4608
f 4424 4608 4425
f 4425 4608 4609
f 4425 4609 4426
f 4426 4609 4610
f 4426 4610 4427
f 4427 4610 4611
f 4427 4611 4428
f 4428 4611 4612
f 4428 4612 4429
f 4429 4612 4613
f 4429 4613 4430
f 4430 4613 4614
f 4430 4614 4431
f 4431 4614 4615
f 4431 4615 4432
f 4432 4615 4616
f 4432 4616 4433
f 4433 4616 4617
f 4433 4617 4434
f 4434 4617 4618
f 4434 4618 4435
f 4435 4618 4619
f 4435 4619 4436
f 4436 4619 4620
f 4436 4620 4437
f 4437 4620 4621
f 4437 4621 4438
f 4438 4621 4622
f 4438 4622 4439
f 4439 4622 4623
f 4439 4623 4440
f 4440 4623 4624
f 4440 4624 4441
f 4441 4624 4625
f 4441 4625 4442
f 4442 4625 4626
f 4442 4626 4443
f 4443 4626 4627
f 4443 4627 4444
f 4444 4627 4628
f 4444 4628 4445
f 4445 4628 4629
f 4445 4629 4446
f 4446 4629 4630
f 4446 4630 4447
f 4447 4630 4631
f 4447 4631 4448
f 4448 4631 4632
f 4448 4632 4449
f 4449 4632 4633
f 4449 4633 4450
f 4450 4633 4634
f 4450 4634 4451
f 4451 4634 4635
f 4451 4635 4452
f 4452 4635 4636
f 4452 4636 4453
f 4453 4636 4637
f 4453 4637 4454
f 4454 4637 4638
f 4454 4638 4455
f 4455 4638 4639
f 4455 4639 4456
f 4456 4639 4640
f 4456 4640 4457
f 4457 4640 4641
f 4457 4641 4458
f 4458 4641 4642
f 4458 4642 4459
f 4459 4642 4643
f 4459 4643 4460
f 4460 4643 4644
f 4460 4644 4461
f 4461 4644 4645
f 4461 4645 4462
f 4462 4645 4646
f 4462 4646 4463
f 4463 4646 4647
f 4463 4647 4464
f 4464 4647 4648
f 4464 4648 4465
f 4465 4648 4649
f 4465 4649 4466
f 4466 4649 4650
f 4466 4650 4467
f 4467 4650 4651
f 4467 4651 4468
f 4468 4651 4652
f 4468 4652 4469
f 4469 4652 4653
f 4469 4653 4470
f 4470 4653 4654
f 4470 4654 4471
f 4471 4654 4655
f 4471 4655 4472
f 4472 4655 4656
f 4472 4656 4289
f 4289 4656 4473
f 4473 4657 4474
f 4474 4657 4658
f 4474 4658 4475
f 4475 4658 4659
f 4475 4659 4476
f 4476 4659 4660
f 4476 4660 4477
f 4477 4660 4661
f 4477 4661 4478
f 4478 4661 4662
f 4478 4662 4479
f 4479 4662 4663
f 4479 4663 4480
f 4480 4663 4664
f 4480 4664 4481
f 4481 4664 4665
f 4481 4665 4482
f 4482 4665 4666
f 4482 4666 4483
f 4483 4666 4667
f 4483 4667 4484
f 4484 4667 4668
f 4484 4668 4485
f 4485 4668 4669
f 4485 4669 4486
f 4486 4669 4670
f 4486 4670 4487
f 4487 4670 4671
f 4487 4671 4488
f 4488 4671 4672
f 4488 4672 4489
f 4489 4672 4673
f 4489 4673 4490
f 4490 4673 4674
f 4490 4674 4491
f 4491 4674 4675
f 4491 4675 4492
f 4492 4675 4676
f 4492 4676 4493
f 4493 4676 4677
f 4493 4677 4494
f 4494 4677 4678
f 4494 4678 4495
f 4495 4678 4679
f 4495 4679 4496
f 4496 4679 4680
f 4496 4680 4497
f 4497 4680 4681
f 4497 4681 4498
f 4498 4681 4682
f 4498 4682 4499
f 4499 4682 4683
f 4499 4683 4500
f 4500 4683 4684
f 4500 4684 4501
f 4501 4684 4685
f 4501 4685 4502
f 4502 4685 4686
f 4502 4686 4503
f 4503 4686 4687
f 4503 4687 4504
f 4504 4687 4688
f 4504 4688 4505
f 4505 4688 4689
f 4505 4689 4506
f 4506 4689 4690
f 4506 4690 4507
f 4507 4690 4691
f 4507 4691 4508
f 4508 4691 4692
f 4508 4692 4509
f 4509 4692 4693
f 4509 4693 4510
f 4510 4693 4694
f 4510 4694 4511
f 4511 4694 4695
f 4511 4695 4512
f 4512 4695 4696
f 4512 4696 4513
f 4513 4696 4697
f 4513 4697 4514
f 4514 4697 4698
f 4514 4698 4515
f 4515 4698 4699
f 4515 4699 4516
f 4516 4699 4700
f 4516 4700 4517
f 4517 4700 4701
f 4517 4701 4518
f 4518 4701 4702
f 4518 4702 4519
f 4519 4702 4703
f 4519 4703 4520
f 4520 4703 4704
f 4520 4704 4521
f 4521 4704 4705
f 4521 4705 4522
f 4522 4705 4706
f 4522 4706 4523
f 4523 4706 4707
f 4523 4707 4524
f 4524 4707 4708
f 4524 4708 4525
f 4525 4708 4709
f 4525 4709 4526
f 4526 4709 4710
f 4526 4710 4527
f 4527 4710 4711
f 4527 4711 4528
f 4528 4711 4712
f 4528 4712 4529
f 4529 4712 4713
f 4529 4713 4530
f 4530 4713 4714
f 4530 4714 4531
f 4531 4714 4715
f 4531 4715 4532
f 4532 4715 4716
f 4532 4716 4533
f 4533 4716 4717
f 4533 4717 4534
f 4534 4717 4718
f 4534 4718 4535
f 4535 4718 4719
f 4535 4719 4536
f 4536 4719 4720
f 4536 4720 4537
f 4537 4720 4721
f 4537 4721 4538
f 4538 4721 4722
f 4538 4722 4539
f 4539 4722 4723
f 4539 4723 4540
f 4540 4723 4724
f 4540 4724 4541
f 4541 4724 4725
f 4541 4725 4542
f 4542 4725 4726
f 4542 4726 4543
f 4543 4726 4727
f 4543 4727 4544
f 4544 4727 4728
f 4544 4728 4545
f 4545 4728 4729
f 4545 4729 4546
f 4546 4729 4730
f 4546 4730 4547
f 4547 4730 4731
f 4547 4731 4548
f 4548 4731 4732
f 4548 4732 4549
f 4549 4732 4733
f 4549 4733 4550
f 4550 4733 4734
f 4550 4734 4551
f 4551 4734 4735
f 4551 4735 4552
f 4552 4735 4736
f 4552 4736 4553
f 4553 4736 4737
f 4553 4737 4554
f 4554 4737 4738
f 4554 4738 4555
f 4555 4738 4739
f 4555 4739 4556
f 4556 4739 4740
f 4556 4740 4557
f 4557 4740 4741
f 4557 4741 4558
f 4558 4741 4742
f 4558 4742 4559
f 4559 4742 4743
f 4559 4743 4560
f 4560 4743 4744
f 4560 4744 4561
f 4561 4744 4745
f 4561 4745 4562
f 4562 4745 4746
f 4562 4746 4563
f 4563 4746 4747
f 4563 4747 4564
f 4564 4747 4748
f 4564 4748 4565
f 4565 4748 4749
f 4565 4749 4566
f 4566 4749 4750
f 4566 4750 4567
f 4567 4750 4751
f 4567 4751 4568
f 4568 4751 4752
f 4568 4752 4569
f 4569 4752 4753
f 4569 4753 4570
f 4570 4753 4754
f 4570 4754 4571
f 4571 4754 4755
f 4571 4755 4572
f 4572 4755 4756
f 4572 4756 4573
f 4573 4756 4757
f 4573 4757 4574
f 4574 4757 4758
f 4574 4758 4575
f 4575 4758 4759
f 4575 4759 4576
f 4576 4759 4760
f 4576 4760 4577
f 4577 4760 4761
f 4577 4761 4578
f 4578 4761 4762
f 4578 4762 4579
f 4579 4762 4763
f 4579 4763 4580
f 4580 4763 4764
f 4580 4764 4581
f 4581 4764 4765
f 4581 4765 4582
f 4582 4765 4766
f 4582 4766 4583
f 4583 4766 4767
f 4583 4767 4584
f 4584 4767 4768
f 4584 4768 4585
f 4585 4768 4769
f 4585 4769 4586
f 4586 4769 4770
f 4586 4770 4587
f 4587 4770 4771
f 4587 4771 4588
f 4588 4771 4772
f 4588 4772 4589
f 4589 4772 4773
f 4589 4773 4590
f 4590 4773 4774
f 4590 4774 4591
f 4591 4774 4775
f 4591 4775 4592
f 4592 4775 4776
f 4592 4776 4593
f 4593 4776 4777
f 4593 4777 4594
f 4594 4777 4778
f 4594 4778 4595
f 4595 4778 4779
f 4595 4779 4596
f 4596 4779 4780
f 4596 4780 4597
f 4597 4780 4781
f 4597 4781 4598
f 4598 4781 4782
f 4598 4782 4599
f 4599 4782 4783
f 4599 4783 4600
f 4600 4783 4784
f 4600 4784 4601
f 4601 4784 4785
f 4601 4785 4602
f 4602 4785 4786
f 4602 4786 4603
f 4603 4786 4787
f 4603 4787 4604
f 4604 4787 4788
f 4604 4788 4605
f 4605 4788 4789
f 4605 4789 4606
f 4606 4789 4790
f 4606 4790 4607
f 4607 4790 4791
f 4607 4791 4608
f 4608 4791 4792
f 4608 4792 4609
f 4609 4792 4793
f 4609 4793 4610
f 4610 4793 4794
f 4610 4794 4611
f 4611 4794 4795
f 4611 4795 4612
f 4612 4795 4796
f 4612 4796 4613
f 4613 4796 4797
f 4613 4797 4614
f 4614 4797 4798
f 4614 4798 4615
f 4615 4798 4799
f 4615 4799 4616
f 4616 4799 4800
f 4616 4800 4617
f 4617 4800 4801
f 4617 4801 4618
f 4618 4801 4802
f 4618 4802 4619
f 4619 4802 4803
f 4619 4803 4620
f 4620 4803 4804
f 4620 4804 4621
f 4621 4804 4805
f 4621 4805 4622
f 4622 4805 4806
f 4622 4806 4623
f 4623 4806 4807
f 4623 4807 4624
f 4624 4807 4808
f 4624 4808 4625
f 4625 4808 4809
f 4625 4809 4626
f 4626 4809 4810
f 4626 4810 4627
f 4627 4810 4811
f 4627 4811 4628
f 4628 4811 4812
f 4628 4812 4629
f 4629 4812 4813
f 4629 4813 4630
f 4630 4813 4814
f 4630 4814 4631
f 4631 4814 4815
f 4631 4815 4632
f 4632 4815 4816
f 4632 4816 4633
f 4633 4816 4817
f 4633 4817 4634
f 4634 4817 4818
f 4634 4818 4635
f 4635 4818 4819
f 4635 4819 4636
f 4636 4819 4820
f 4636 4820 4637
f 4637 4820 4821
f 4637 4821 4638
f 4638 4821 4822
f 4638 4822 4639
f 4639 4822 4823
f 4639 4823 4640
f 4640 4823 4824
f 4640 4824 4641
f 4641 4824 4825
f 4641 4825 4642
f 4642 4825 4826
f 4642 4826 4643
f 4643 4826 4827
f 4643 4827 4644
f 4644 4827 4828
f 4644 4828 4645
f 4645 4828 4829
f 4645 4829 4646
f 4646 4829 4830
f 4646 4830 4647
f 4647 4830 4831
f 4647 4831 4648
f 4648 4831 4832
f 4648 4832 4649
f 4649 4832 4833
f 4649 4833 4650
f 4650 4833 4834
f 4650 4834 4651
f 4651 4834 4835
f 4651 4835 4652
f 4652 4835 4836
f 4652 4836 4653
f 4653 4836 4837
f 4653 4837 4654
f 4654 4837 4838
f 4654 4838 4655
f 4655 4838 4839
f 4655 4839 4656
f 4656 4839 4840
f 4656 4840 4473
f 4473 4840 4657
f 4657 4841 4658
f 4658 4841 4842
f 4658 4842 4659
f 4659 4842 4843
f 4659 4843 4660
f 4660 4843 4844
f 4660 4844 4661
f 4661 4844 4845
f 4661 4845 4662
f 4662 4845 4846
f 4662 4846 4663
f 4663 4846 4847
f 4663 4847 4664
f 4664 4847 4848
f 4664 4848 4665
f 4665 4848 4849
f 4665 4849 4666
f 4666 4849 4850
f 4666 4850 4667
f 4667 4850 4851
f 4667 4851 4668
f 4668 4851 4852
f 4668 4852 4669
f 4669 4852 4853
f 4669 4853 4670
f 4670 4853 4854
f 4670 4854 4671
f 4671 4854 4855
f 4671 4855 4672
f 4672 4855 4856
f 4672 4856 4673
f 4673 4856 4857
f 4673 4857 4674
f 4674 4857 4858
f 4674 4858 4675
f 4675 4858 4859
f 4675 4859 4676
f 4676 4859 4860
f 4676 4860 4677
f 4677 4860 4861
f 4677 4861 4678
f 4678 4861 4862
f 4678 4862 4679
f 4679 4862 4863
f 4679 4863 4680
f 4680 4863 4864
f 4680 4864 4681
f 4681 4864 4865
f 4681 4865 4682
f 4682 4865 4866
f 4682 4866 4683
f 4683 4866 4867
f 4683 4867 4684
f 4684 4867 4868
f 4684 4868 4685
f 4685 4868 4869
f 4685 4869 4686
f 4686 4869 4870
f 4686 4870 4687
f 4687 4870 4871
f 4687 4871 4688
f 4688 4871 4872
f 4688 4872 4689
f 4689 4872 4873
f 4689 4873 4690
f 4690 4873 4874
f 4690 4874 4691
f 4691 4874 4875
f 4691 4875 4692
f 4692 4875 4876
f 4692 4876 4693
f 4693 4876 4877
f 4693 4877 4694
f 4694 4877 4878
f 4694 4878 4695
f 4695 4878 4879
f 4695 4879 4696
f 4696 4879 4880
f 4696 4880 4697
f 4697 4880 4881
f 4697 4881 4698
f 4698 4881 4882
f 4698 4882 4699
f 4699 4882 4883
f 4699 4883 4700
f 4700 4883 4884
f 4700 4884 4701
f 4701 4884 4885
f 4701 4885 4702
f 4702 4885 4886
f 4702 4886 4703
f 4703 4886 4887
f 4703 4887 4704
f 4704 4887 4888
f 4704 4888 4705
f 4705 4888 4889
f 4705 4889 4706
f 4706 4889 4890
f 4706 4890 4707
f 4707 4890 4891
f 4707 4891 4708
f 4708 4891 4892
f 4708 4892 4709
f 4709 4892 4893
f 4709 4893 4710
f 4710 4893 4894
f 4710 4894 4711
f 4711 4894 4895
f 4711 4895 4712
f 4712 4895 4896
f 4712 4896 4713
f 4713 4896 4897
f 4713 4897 4714
f 4714 4897 4898
f 4714 4898 4715
f 4715 4898 4899
f 4715 4899 4716
f 4716 4899 4900
f 4716 4900 4717
f 4717 4900 4901
f 4717 4901 4718
f 4718 4901 4902
f 4718 4902 4719
f 4719 4902 4903
f 4719 4903 4720
f 4720 4903 4904
f 4720 4904 4721
f 4721 4904 4905
f 4721 4905 4722
f 4722 4905 4906
f 4722 4906 4723
f 4723 4906 4907
f 4723 4907 4724
f 4724 4907 4908
f 4724 4908 4725
f 4725 4908 4909
f 4725 4909 4726
f 4726 4909 4910
f 4726 4910 4727
f 4727 4910 4911
f 4727 4911 4728
f 4728 4911 4912
f 4728 4912 4729
f 4729 4912 4913
f 4729 4913 4730
f 4730 4913 4914
f 4730 4914 4731
f 4731 4914 4915
f 4731 4915 4732
f 4732 4915 4916
f 4732 4916 4733
f 4733 4916 4917
f 4733 4917 4734
f 4734 4917 4918
f 4734 4918 4735
f 4735 4918 4919
f 4735 4919 4736
f 4736 4919 4920
f 4736 4920 4737
f 4737 4920 4921
f 4737 4921 4738
f 4738 4921 4922
f 4738 4922 4739
f 4739 4922 4923
f 4739 4923 4740
f 4740 4923 4924
f 4740 4924 4741
f 4741 4924 4925
f 4741 4925 4742
f 4742 4925 4926
f 4742 4926 4743
f 4743 4926 4927
f 4743 4927 4744
f 4744 4927 4928
f 4744 4928 4745
f 4745 4928 4929
f 4745 4929 4746
f 4746 4929 4930
f 4746 4930 4747
f 4747 4930 4931
f 4747 4931 4748
f 4748 4931 4932
f 4748 4932 4749
f 4749 4932 4933
f 4749 4933 4750
f 4750 4933 4934
f 4750 4934 4751
f 4751 4934 4935
f 4751 4935 4752
f 4752 4935 4936
f 4752 4936 4753
f 4753 4936 4937
f 4753 4937 4754
f 4754 4937 4938
f 4754 4938 4755
f 4755 4938 4939
f 4755 4939 4756
f 4756 4939 4940
f 4756 4940 4757
f 4757 4940 4941
f 4757 4941 4758
f 4758 4941 4942
f 4758 4942 4759
f 4759 4942 4943
f 4759 4943 4760
f 4760 4943 4944
f 4760 4944 4761
f 4761 4944 4945
f 4761 4945 4762
f 4762 4945 4946
f 4762 4946 4763
f 4763 4946 4947
f 4763 4947 4764
f 4764 4947 4948
f 4764 4948 4765
f 4765 4948 4949
f 4765 4949 4766
f 4766 4949 4950
f 4766 4950 4767
f 4767 4950 4951
f 4767 4951 4768
f 4768 4951 4952
f 4768 4952 4769
f 4769 4952 4953
f 4769 4953 4770
f 4770 4953 4954
f 4770 4954 4771
f 4771 4954 4955
f 4771 4955 4772
f 4772 4955 4956
f 4772 4956 4773
f 4773 4956 4957
f 4773 4957 4774
f 4774 4957 4958
f 4774 4958 4775
f 4775 4958 4959
f 4775 4959 4776
f 4776 4959 4960
f 4776 4960 4777
f 4777 4960 4961
f 4777 4961 4778
f 4778 4961 4962
f 4778 4962 4779
f 4779 4962 4963
f 4779 4963 4780
f 4780 4963 4964
f 4780 4964 4781
f 4781 4964 4965
f 4781 4965 4782
f 4782 4965 4966
f 4782 4966 4783
f 4783 4966 4967
f 4783 4967 4784
f 4784 4967 4968
f 4784 4968 4785
f 4785 4968 4969
f 4785 4969 4786
f 4786 4969 4970
f 4786 4970 4787
f 4787 4970 4971
f 4787 4971 4788
f 4788 4971 4972
f 4788 4972 4789
f 4789 4972 4973
f 4789 4973 4790
f 4790 4973 4974
f 4790 4974 4791
f 4791 4974 4975
f 4791 4975 4792
f 4792 4975 4976
f 4792 4976 4793
f 4793 4976 4977
f 4793 4977 4794
f 4794 4977 4978
f 4794 4978 4795
f 4795 4978 4979
f 4795 4979 4796
f 4796 4979 4980
f 4796 4980 4797
f 4797 4980 4981
f 4797 4981 4798
f 4798 4981 4982
f 4798 4982 4799
f 4799 4982 4983
f 4799 4983 4800
f 4800 4983 4984
f 4800 4984 4801
f 4801 4984 4985
f 4801 4985 4802
f 4802 4985 4986
f 4802 4986 4803
f 4803 4986 4987
f 4803 4987 4804
f 4804 4987 4988
f 4804 4988 4805
f 4805 4988 4989
f 4805 4989 4806
f 4806 4989 4990
f 4806 4990 4807
f 4807 4990 4991
f 4807 4991 4808
f 4808 4991 4992
f 4808 4992 4809
f 4809 4992 4993
f 4809 4993 4810
f 4810 4993 4994
f 4810 4994 4811
f 4811 4994 4995
f 4811 4995 4812
f 4812 4995 4996
f 4812 4996 4813
f 4813 4996 4997
f 4813 4997 4814
f 4814 4997 4998
f 4814 4998 4815
f 4815 4998 4999
f 4815 4999 4816
f 4816 4999 5000
f 4816 5000 4817
f 4817 5000 5001
f 4817 5001 4818
f 4818 5001 5002
f 4818 5002 4819
f 4819 5002 5003
f 4819 5003 4820
f 4820 5003 5004
f 4820 5004 4821
f 4821 5004 5005
f 4821 5005 4822
f 4822 5005 5006
f 4822 5006 4823
f 4823 5006 5007
f 4823 5007 4824
f 4824 5007 5008
f 4824 5008 4825
f 4825 5008 5009
f 4825 5009 4826
f 4826 5009 5010
f 4826 5010 4827
f 4827 5010 5011
f 4827 5011 4828
f 4828 5011 5012
f 4828 5012 4829
f 4829 5012 5013
f 4829 5013 4830
f 4830 5013 5014
f 4830 5014 4831
f 4831 5014 5015
f 4831 5015 4832
f 4832 5015 5016
f 4832 5016 4833
f 4833 5016 5017
f 4833 5017 4834
f 4834 5017 5018
f 4834 5018 4835
f 4835 5018 5019
f 4835 5019 4836
f 4836 5019 5020
f 4836 5020 4837
f 4837 5020 5021
f 4837 5021 4838
f 4838 5021 5022
f 4838 5022 4839
f 4839 5022 5023
f 4839 5023 4840
f 4840 5023 5024
f 4840 5024 4657
f 4657 5024 4841
f 4841 5025 4842
f 4842 5025 5026
f 4842 5026 4843
f 4843 5026 5027
f 4843 5027 4844
f 4844 5027 5028
f 4844 5028 4845
f 4845 5028 5029
f 4845 5029 4846
f 4846 5029 5030
f 4846 5030 4847
f 4847 5030 5031
f 4847 5031 4848
f 4848 5031 5032
f 4848 5032 4849
f 4849 5032 5033
f 4849 5033 4850
f 4850 5033 5034
f 4850 5034 4851
f 4851 5034 5035
f 4851 5035 4852
f 4852 5035 5036
f 4852 5036 4853
f 4853 5036 5037
f 4853 5037 4854
f 4854 5037 5038
f 4854 5038 4855
f 4855 5038 5039
f 4855 5039 4856
f 4856 5039 5040
f 4856 5040 4857
f 4857 5040 5041
f 4857 5041 4858
f 4858 5041 5042
f 4858 5042 4859
f 4859 5042 5043
f 4859 5043 4860
f 4860 5043 5044
f 4860 5044 4861
f 4861 5044 5045
f 4861 5045 4862
f 4862 5045 5046
f 4862 5046 4863
f 4863 5046 5047
f 4863 5047 4864
f 4864 5047 5048
f 4864 5048 4865
f 4865 5048 5049
f 4865 5049 4866
f 4866 5049 5050
f 4866 5050 4867
f 4867 5050 5051
f 4867 5051 4868
f 4868 5051 5052
f 4868 5052 4869
f 4869 5052 5053
f 4869 5053 4870
f 4870 5053 5054
f 4870 5054 4871
f 4871 5054 5055
f 4871 5055 4872
f 4872 5055 5056
f 4872 5056 4873
f 4873 5056 5057
f 4873 5057 4874
f 4874 5057 5058
f 4874 5058 4875
f 4875 5058 5059
f 4875 5059 4876
f 4876 5059 5060
f 4876 5060 4877
f 4877 5060 5061
f 4877 5061 4878
f 4878 5061 5062
f 4878 5062 4879
f 4879 5062 5063
f 4879 5063 4880
f 4880 5063 5064
f 4880 5064 4881
f 4881 5064 5065
f 4881 5065 4882
f 4882 5065 5066
f 4882 5066 4883
f 4883 5066 5067
f 4883 5067 4884
f 4884 5067 5068
f 4884 5068 4885
f 4885 5068 5069
f 4885 5069 4886
f 4886 5069 5070
f 4886 5070 4887
f 4887 5070 5071
f 4887 5071 4888
f 4888 5071 5072
f 4888 5072 4889
f 4889 5072 5073
f 4889 5073 4890
f 4890 5073 5074
f 4890 5074 4891
f 4891 5074 5075
f 4891 5075 4892
f 4892 5075 5076
f 4892 5076 4893
f 4893 5076 5077
f 4893 5077 4894
f 4894 5077 5078
f 4894 5078 4895
f 4895 5078 5079
f 4895 5079 4896
f 4896 5079 5080
f 4896 5080 4897
f 4897 5080 5081
f 4897 5081 4898
f 4898 5081 5082
f 4898 5082 4899
f 4899 5082 5083
f 4899 5083 4900
f 4900 5083 5084
f 4900 5084 4901
f 4901 5084 5085
f 4901 5085 4902
f 4902 5085 5086
f 4902 5086 4903
f 4903 5086 5087
f 4903 5087 4904
f 4904 5087 5088
f 4904 5088 4905
f 4905 5088 5089
f 4905 5089 4906
f 4906 5089 5090
f 4906 5090 4907
f 4907 5090 5091
f 4907 5091 4908
f 4908 5091 5092
f 4908 5092 4909
f 4909 5092 5093
f 4909 5093 4910
f 4910 5093 5094
f 4910 5094 4911
f 4911 5094 5095
f 4911 5095 4912
f 4912 5095 5096
f 4912 5096 4913
f 4913 5096 5097
f 4913 5097 4914
f 4914 5097 5098
f 4914 5098 4915
f 4915 5098 5099
f 4915 5099 4916
f 4916 5099 5100
f 4916 5100 4917
f 4917 5100 5101
f 4917 5101 4918
f 4918 5101 5102
f 4918 5102 4919
f 4919 5102 5103
f 4919 5103 4920
f 4920 5103 5104
f 4920 5104 4921
f 4921 5104 5105
f 4921 5105 4922
f 4922 5105 5106
f 4922 5106 4923
f 4923 5106 5107
f 4923 5107 4924
f 4924 5107 5108
f 4924 5108 4925
f 4925 5108 5109
f 4925 5109 4926
f 4926 5109 5110
f 4926 5110 4927
f 4927 5110 5111
f 4927 5111 4928
f 4928 5111 5112
f 4928 5112 4929
f 4929 5112 5113
f 4929 5113 4930
f 4930 5113 5114
f 4930 5114 4931
f 4931 5114 5115
f 4931 5115 4932
f 4932 5115 5116
f 4932 5116 4933
f 4933 5116 5117
f 4933 5117 4934
f 4934 5117 5118
f 4934 5118 4935
f 4935 5118 5119
f 4935 5119 4936
f 4936 5119 5120
f 4936 5120 4937
f 4937 5120 5121
f 4937 5121 4938
f 4938 5121 5122
f 4938 5122 4939
f 4939 5122 5123
f 4939 5123 4940
f 4940 5123 5124
f 4940 5124 4941
f 4941 5124 5125
f 4941 5125 4942
f 4942 5125 5126
f 4942 5126 4943
f 4943 5126 5127
f 4943 5127 4944
f 4944 5127 5128
f 4944 5128 4945
f 4945 5128 5129
f 4945 5129 4946
f 4946 5129 5130
f 4946 5130 4947
f 4947 5130 5131
f 4947 5131 4948
f 4948 5131 5132
f 4948 5132 4949
f 4949 5132 5133
f 4949 5133 4950
f 4950 5133 5134
f 4950 5134 4951
f 4951 5134 5135
f 4951 5135 4952
f 4952 5135 5136
f 4952 5136 4953
f 4953 5136 5137
f 4953 5137 4954
f 4954 5137 5138
f 4954 5138 4955
f 4955 5138 5139
f 4955 5139 4956
f 4956 5139 5140
f 4956 5140 4957
f 4957 5140 5141
f 4957 5141 4958
f 4958 5141 5142
f 4958 5142 4959
f 4959 5142 5143
f 4959 5143 4960
f 4960 5143 5144
f 4960 5144 4961
f 4961 5144 5145
f 4961 5145 4962
f 4962 5145 5146
f 4962 5146 4963
f 4963 5146 5147
f 4963 5147 4964
f 4964 5147 5148
f 4964 5148 4965
f 4965 5148 5149
f 4965 5149 4966
f 4966 5149 5150
f 4966 5150 4967
f 4967 5150 5151
f 4967 5151 4968
f 4968 5151 5152
f 4968 5152 4969
f 4969 5152 5153
f 4969 5153 4970
f 4970 5153 5154
f 4970 5154 4971
f 4971 5154 5155
f 4971 5155 4972
f 4972 5155 5156
f 4972 5156 4973
f 4973 5156 5157
f 4973 5157 4974
f 4974 5157 5158
f 4974 5158 4975
f 4975 5158 5159
f 4975 5159 4976
f 4976 5159 5160
f 4976 5160 4977
f 4977 5160 5161
f 4977 5161 4978
f 4978 5161 5162
f 4978 5162 4979
f 4979 5162 5163
f 4979 5163 4980
f 4980 5163 5164
f 4980 5164 4981
f 4981 5164 5165
f 4981 5165 4982
f 4982 5165 5166
f 4982 5166 4983
f 4983 5166 5167
f 4983 5167 4984
f 4984 5167 5168
f 4984 5168 4985
f 4985 5168 5169
f 4985 5169 4986
f 4986 5169 5170
f 4986 5170 4987
f 4987 5170 5171
f 4987 5171 4988
f 4988 5171 5172
f 4988 5172 4989
f 4989 5172 5173
f 4989 5173 4990
f 4990 5173 5174
f 4990 5174 4991
f 4991 5174 5175
f 4991 5175 4992
f 4992 5175 5176
f 4992 5176 4993
f 4993 5176 5177
f 4993 5177 4994
f 4994 5177 5178
f 4994 5178 4995
f 4995 5178 5179
f 4995 5179 4996
f 4996 5179 5180
f 4996 5180 4997
f 4997 5180 5181
f 4997 5181 4998
f 4998 5181 5182
f 4998 5182 4999
f 4999 5182 5183
f 4999 5183 5000
f 5000 5183 5184
f 5000 5184 5001
f 5001 5184 5185
f 5001 5185 5002
f 5002 5185 5186
f 5002 5186 5003
f 5003 5186 5187
f 5003 5187 5004
f 5004 5187 5188
f 5004 5188 5005
f 5005 5188 5189
f 5005 5189 5006
f 5006 5189 5190
f 5006 5190 5007
f 5007 5190 5191
f 5007 5191 5008
f 5008 5191 5192
f 5008 5192 5009
f 5009 5192 5193
f 5009 5193 5010
f 5010 5193 5194
f 5010 5194 5011
f 5011 5194 5195
f 5011 5195 5012
f 5012 5195 5196
f 5012 5196 5013
f 5013 5196 5197
f 5013 5197 5014
f 5014 5197 5198
f 5014 5198 5015
f 5015 5198 5199
f 5015 5199 5016
f 5016 5199 5200
f 5016 5200 5017
f 5017 5200 5201
f 5017 5201 5018
f 5018 5201 5202
f 5018 5202 5019
f 5019 5202 5203
f 5019 5203 5020
f 5020 5203 5204
f 5020 5204 5021
f 5021 5204 5205
f 5021 5205 5022
f 5022 5205 5206
f 5022 5206 5023
f 5023 5206 5207
f 5023 5207 5024
f 5024 5207 5208
f 5024 5208 4841
f 4841 5208 5025
f 5025 5209 5026
f 5026 5209 5210
f 5026 5210 5027
f 5027 5210 5211
f 5027 5211 5028
f 5028 5211 5212
f 5028 5212 5029
f 5029 5212 5213
f 5029 5213 5030
f 5030 5213 5214
f 5030 5214 5031
f 5031 5214 5215
f 5031 5215 5032
f 5032 5215 5216
f 5032 5216 5033
f 5033 5216 5217
f 5033 5217 5034
f 5034 5217 5218
f 5034 5218 5035
f 5035 5218 5219
f 5035 5219 5036
f 5036 5219 5220
f 5036 5220 5037
f 5037 5220 5221
f 5037 5221 5038
f 5038 5221 5222
f 5038 5222 5039
f 5039 5222 5223
f 5039 5223 5040
f 5040 5223 5224
f 5040 5224 5041
f 5041 5224 5225
f 5041 5225 5042
f 5042 5225 5226
f 5042 5226 5043
f 5043 5226 5227
f 5043 5227 5044
f 5044 5227 5228
f 5044 5228 5045
f 5045 5228 5229
f 5045 5229 5046
f 5046 5229 5230
f 5046 5230 5047
f 5047 5230 5231
f 5047 5231 5048
f 5048 5231 5232
f 5048 5232 5049
f 5049 5232 5233
f 5049 5233 5050
f 5050 5233 5234
f 5050 5234 5051
f 5051 5234 5235
f 5051 5235 5052
f 5052 5235 5236
f 5052 5236 5053
f 5053 5236 5237
f 5053 5237 5054
f 5054 5237 5238
f 5054 5238 5055
f 5055 5238 5239
f 5055 5239 5056
f 5056 5239 5240
f 5056 5240 5057
f 5057 5240 5241
f 5057 5241 5058
f 5058 5241 5242
f 5058 5242 5059
f 5059 5242 5243
f 5059 5243 5060
f 5060 5243 5244
f 5060 5244 5061
f 5061 5244 5245
f 5061 5245 5062
f 5062 5245 5246
f 5062 5246 5063
f 5063 5246 5247
f 5063 5247 5064
f 5064 5247 5248
f 5064 5248 5065
f 5065 5248 5249
f 5065 5249 5066
f 5066 5249 5250
f 5066 5250 5067
f 5067 5250 5251
f 5067 5251 5068
f 5068 5251 5252
f 5068 5252 5069
f 5069 5252 5253
f 5069 5253 5070
f 5070 5253 5254
f 5070 5254 5071
f 5071 5254 5255
f 5071 5255 5072
f 5072 5255 5256
f 5072 5256 5073
f 5073 5256 5257
f 5073 5257 5074
f 5074 5257 5258
f 5074 5258 5075
f 5075 5258 5259
f 5075 5259 5076
f 5076 5259 5260
f 5076 5260 5077
f 5077 5260 5261
f 5077 5261 5078
f 5078 5261 5262
f 5078 5262 5079
f 5079 5262 5263
f 5079 5263 5080
f 5080 5263 5264
f 5080 5264 5081
f 5081 5264 5265
f 5081 5265 5082
f 5082 5265 5266
f 5082 5266 5083
f 5083 5266 5267
f 5083 5267 5084
f 5084 5267 5268
f 5084 5268 5085
f 5085 5268 5269
f 5085 5269 5086
f 5086 5269 5270
f 5086 5270 5087
f 5087 5270 5271
f 5087 5271 5088
f 5088 5271 5272
f 5088 5272 5089
f 5089 5272 5273
f 5089 5273 5090
f 5090 5273 5274
f 5090 5274 5091
f 5091 5274 5275
f 5091 5275 5092
f 5092 5275 5276
f 5092 5276 5093
f 5093 5276 5277
f 5093 5277 5094
f 5094 5277 5278
f 5094 5278 5095
f 5095 5278 5279
f 5095 5279 5096
f 5096 5279 5280
f 5096 5280 5097
f 5097 5280 5281
f 5097 5281 5098
f 5098 5281 5282
f 5098 5282 5099
f 5099 5282 5283
f 5099 5283 5100
f 5100 5283 5284
f 5100 5284 5101
f 5101 5284 5285
f 5101 5285 5102
f 5102 5285 5286
f 5102 5286 5103
f 5103 5286 5287
f 5103 5287 5104
f 5104 5287 5288
f 5104 5288 5105
f 5105 5288 5289
f 5105 5289 5106
f 5106 5289 5290
f 5106 5290 5107
f 5107 5290 5291
f 5107 5291 5108
f 5108 5291 5292
f 5108 5292 5109
f 5109 5292 5293
f 5109 5293 5110
f 5110 5293 5294
f 5110 5294 5111
f 5111 5294 5295
f 5111 5295 5112
f 5112 5295 5296
f 5112 5296 5113
f 5113 5296 5297
f 5113 5297 5114
f 5114 5297 5298
f 5114 5298 5115
f 5115 5298 5299
f 5115 5299 5116
f 5116 5299 5300
f 5116 5300 5117
f 5117 5300 5301
f 5117 5301 5118
f 5118 5301 5302
f 5118 5302 5119
f 5119 5302 5303
f 5119 5303 5120
f 5120 5303 5304
f 5120 5304 5121
f 5121 5304 5305
f 5121 5305 5122
f 5122 5305 5306
f 5122 5306 5123
f 5123 5306 5307
f 5123 5307 5124
f 5124 5307 5308
f 5124 5308 5125
f 5125 5308 5309
f 5125 5309 5126
f 5126 5309 5310
f 5126 5310 5127
f 5127 5310 5311
f 5127 5311 5128
f 5128 5311 5312
f 5128 5312 5129
f 5129 5312 5313
f 5129 5313 5130
f 5130 5313 5314
f 5130 5314 5131
f 5131 5314 5315
f 5131 5315 5132
f 5132 5315 5316
f 5132 5316 5133
f 5133 5316 5317
f 5133 5317 5134
f 5134 5317 5318
f 5134 5318 5135
f 5135 5318 5319
f 5135 5319 5136
f 5136 5319 5320
f 5136 5320 5137
f 5137 5320 5321
f 5137 5321 5138
f 5138 5321 5322
f 5138 5322 5139
f 5139 5322 5323
f 5139 5323 5140
f 5140 5323 5324
f 5140 5324 5141
f 5141 5324 5325
f 5141 5325 5142
f 5142 5325 5326
f 5142 5326 5143
f 5143 5326 5327
f 5143 5327 5144
f 5144 5327 5328
f 5144 5328 5145
f 5145 5328 5329
f 5145 5329 5146
f 5146 5329 5330
f 5146 5330 5147
f 5147 5330 5331
f 5147 5331 5148
f 5148 5331 5332
f 5148 5332 5149
f 5149 5332 5333
f 5149 5333 5150
f 5150 5333 5334
f 5150 5334 5151
f 5151 5334 5335
f 5151 5335 5152
f 5152 5335 5336
f 5152 5336 5153
f 5153 5336 5337
f 5153 5337 5154
f 5154 5337 5338
f 5154 5338 5155
f 5155 5338 5339
f 5155 5339 5156
f 5156 5339 5340
f 5156 5340 5157
f 5157 5340 5341
f 5157 5341 5158
f 5158 5341 5342
f 5158 5342 5159
f 5159 5342 5343
f 5159 5343 5160
f 5160 5343 5344
f 5160 5344 5161
f 5161 5344 5345
f 5161 5345 5162
f 5162 5345 5346
f 5162 5346 5163
f 5163 5346 5347
f 5163 5347 5164
f 5164 5347 5348
f 5164 5348 5165
f 5165 5348 5349
f 5165 5349 5166
f 5166 5349 5350
f 5166 5350 5167
f 5167 5350 5351
f 5167 5351 5168
f 5168 5351 5352
f 5168 5352 5169
f 5169 5352 5353
f 5169 5353 5170
f 5170 5353 5354
f 5170 5354 5171
f 5171 5354 5355
f 5171 5355 5172
f 5172 5355 5356
f 5172 5356 5173
f 5173 5356 5357
f 5173 5357 5174
f 5174 5357 5358
f 5174 5358 5175
f 5175 5358 5359
f 5175 5359 5176
f 5176 5359 5360
f 5176 5360 5177
f 5177 5360 5361
f 5177 5361 5178
f 5178 5361 5362
f 5178 5362 5179
f 5179 5362 5363
f 5179 5363 5180
f 5180 5363 5364
f 5180 5364 5181
f 5181 5364 5365
f 5181 5365 5182
f 5182 5365 5366
f 5182 5366 5183
f 5183 5366 5367
f 5183 5367 5184
f 5184 5367 5368
f 5184 5368 5185
f 5185 5368 5369
f 5185 5369 5186
f 5186 5369 5370
f 5186 5370 5187
f 5187 5370 5371
f 5187 5371 5188
f 5188 5371 5372
f 5188 5372 5189
f 5189 5372 5373
f 5189 5373 5190
f 5190 5373 5374
f 5190 5374 5191
f 5191 5374 5375
f 5191 5375 5192
f 5192 5375 5376
f 5192 5376 5193
f 5193 5376 5377
f 5193 5377 5194
f 5194 5377 5378
f 5194 5378 5195
f 5195 5378 5379
f 5195 5379 5196
f 5196 5379 5380
f 5196 5380 5197
f 5197 5380 5381
f 5197 5381 5198
f 5198 5381 5382
f 5198 5382 5199
f 5199 5382 5383
f 5199 5383 5200
f 5200 5383 5384
f 5200 5384 5201
f 5201 5384 5385
f 5201 5385 5202
f 5202 5385 5386
f 5202 5386 5203
f 5203 5386 5387
f 5203 5387 5204
f 5204 5387 5388
f 5204 5388 5205
f 5205 5388 5389
f 5205 5389 5206
f 5206 5389 5390
f 5206 5390 5207
f 5207 5390 5391
f 5207 5391 5208
f 5208 5391 5392
f 5208 5392 5025
f 5025 5392 5209
f 5209 5393 5210
f 5210 5393 5394
f 5210 5394 5211
f 5211 5394 5395
f 5211 5395 5212
f 5212 5395 5396
f 5212 5396 5213
f 5213 5396 5397
f 5213 5397 5214
f 5214 5397 5398
f 5214 5398 5215
f 5215 5398 5399
f 5215 5399 5216
f 5216 5399 5400
f 5216 5400 5217
f 5217 5400 5401
f 5217 5401 5218
f 5218 5401 5402
f 5218 5402 5219
f 5219 5402 5403
f 5219 5403 5220
f 5220 5403 5404
f 5220 5404 5221
f 5221 5404 5405
f 5221 5405 5222
f 5222 5405 5406
f 5222 5406 5223
f 5223 5406 5407
f 5223 5407 5224
f 5224 5407 5408
f 5224 5408 5225
f 5225 5408 5409
f 5225 5409 5226
f 5226 5409 5410
f 5226 5410 5227
f 5227 5410 5411
f 5227 5411 5228
f 5228 5411 5412
f 5228 5412 5229
f 5229 5412 5413
f 5229 5413 5230
f 5230 5413 5414
f 5230 5414 5231
f 5231 5414 5415
f 5231 5415 5232
f 5232 5415 5416
f 5232 5416 5233
f 5233 5416 5417
f 5233 5417 5234
f 5234 5417 5418
f 5234 5418 5235
f 5235 5418 5419
f 5235 5419 5236
f 5236 5419 5420
f 5236 5420 5237
f 5237 5420 5421
f 5237 5421 5238
f 5238 5421 5422
f 5238 5422 5239
f 5239 5422 5423
f 5239 5423 5240
f 5240 5423 5424
f 5240 5424 5241
f 5241 5424 5425
f 5241 5425 5242
f 5242 5425 5426
f 5242 5426 5243
f 5243 5426 5427
f 5243 5427 5244
f 5244 5427 5428
f 5244 5428 5245
f 5245 5428 5429
f 5245 5429 5246
f 5246 5429 5430
f 5246 5430 5247
f 5247 5430 5431
f 5247 5431 5248
f 5248 5431 5432
f 5248 5432 5249
f 5249 5432 5433
f 5249 5433 5250
f 5250 5433 5434
f 5250 5434 5251
f 5251 5434 5435
f 5251 5435 5252
f 5252 5435 5436
f 5252 5436 5253
f 5253 5436 5437
f 5253 5437 5254
f 5254 5437 5438
f 5254 5438 5255
f 5255 5438 5439
f 5255 5439 5256
f 5256 5439 5440
f 5256 5440 5257
f 5257 5440 5441
f 5257 5441 5258
f 5258 5441 5442
f 5258 5442 5259
f 5259 5442 5443
f 5259 5443 5260
f 5260 5443 5444
f 5260 5444 5261
f 5261 5444 5445
f 5261 5445 5262
f 5262 5445 5446
f 5262 5446 5263
f 5263 5446 5447
f 5263 5447 5264
f 5264 5447 5448
f 5264 5448 5265
f 5265 5448 5449
f 5265 5449 5266
f 5266 5449 5450
f 5266 5450 5267
f 5267 5450 5451
f 5267 5451 5268
f 5268 5451 5452
f 5268 5452 5269
f 5269 5452 5453
f 5269 5453 5270
f 5270 5453 5454
f 5270 5454 5271
f 5271 5454 5455
f 5271 5455 5272
f 5272 5455 5456
f 5272 5456 5273
f 5273 5456 5457
f 5273 5457 5274
f 5274 5457 5458
f 5274 5458 5275
f 5275 5458 5459
f 5275 5459 5276
f 5276 5459 5460
f 5276 5460 5277
f 5277 5460 5461
f 5277 5461 5278
f 5278 5461 5462
f 5278 5462 5279
f 5279 5462 5463
f 5279 5463 5280
f 5280 5463 5464
f 5280 5464 5281
f 5281 5464 5465
f 5281 5465 5282
f 5282 5465 5466
f 5282 5466 5283
f 5283 5466 5467
f 5283 5467 5284
f 5284 5467 5468
f 5284 5468 5285
f 5285 5468 5469
f 5285 5469 5286
f 5286 5469 5470
f 5286 5470 5287
f 5287 5470 5471
f 5287 5471 5288
f 5288 5471 5472
f 5288 5472 5289
f 5289 5472 5473
f 5289 5473 5290
f 5290 5473 5474
f 5290 5474 5291
f 5291 5474 5475
f 5291 5475 5292
f 5292 5475 5476
f 5292 5476 5293
f 5293 5476 5477
f 5293 5477 5294
f 5294 5477 5478
f 5294 5478 5295
f 5295 5478 5479
f 5295 5479 5296
f 5296 5479 5480
f 5296 5480 5297
f 5297 5480 5481
f 5297 5481 5298
f 5298 5481 5482
f 5298 5482 5299
f 5299 5482 5483
f 5299 5483 5300
f 5300 5483 5484
f 5300 5484 5301
f 5301 5484 5485
f 5301 5485 5302
f 5302 5485 5486
f 5302 5486 5303
f 5303 5486 5487
f 5303 5487 5304
f 5304 5487 5488
f 5304 5488 5305
f 5305 5488 5489
f 5305 5489 5306
f 5306 5489 5490
f 5306 5490 5307
f 5307 5490 5491
f 5307 5491 5308
f 5308 5491 5492
f 5308 5492 5309
f 5309 5492 5493
f 5309 5493 5310
f 5310 5493 5494
f 5310 5494 5311
f 5311 5494 5495
f 5311 5495 5312
f 5312 5495 5496
f 5312 5496 5313
f 5313 5496 5497
f 5313 5497 5314
f 5314 5497 5498
f 5314 5498 5315
f 5315 5498 5499
f 5315 5499 5316
f 5316 5499 5500
f 5316 5500 5317
f 5317 5500 5501
f 5317 5501 5318
f 5318 5501 5502
f 5318 5502 5319
f 5319 5502 5503
f 5319 5503 5320
f 5320 5503 5504
f 5320 5504 5321
f 5321 5504 5505
f 5321 5505 5322
f 5322 5505 5506
f 5322 5506 5323
f 5323 5506 5507
f 5323 5507 5324
f 5324 5507 5508
f 5324 5508 5325
f 5325 5508 5509
f 5325 5509 5326
f 5326 5509 5510
f 5326 5510 5327
f 5327 5510 5511
f 5327 5511 5328
f 5328 5511 5512
f 5328 5512 5329
f 5329 5512 5513
f 5329 5513 5330
f 5330 5513 5514
f 5330 5514 5331
f 5331 5514 5515
f 5331 5515 5332
f 5332 5515 5516
f 5332 5516 5333
f 5333 5516 5517
f 5333 5517 5334
f 5334 5517 5518
f 5334 5518 5335
f 5335 5518 5519
f 5335 5519 5336
f 5336 5519 5520
f 5336 5520 5337
f 5337 5520 5521
f 5337 5521 5338
f 5338 5521 5522
f 5338 5522 5339
f 5339 5522 5523
f 5339 5523 5340
f 5340 5523 5524
f 5340 5524 5341
f 5341 5524 5525
f 5341 5525 5342
f 5342 5525 5526
f 5342 5526 5343
f 5343 5526 5527
f 5343 5527 5344
f 5344 5527 5528
f 5344 5528 5345
f 5345 5528 5529
f 5345 5529 5346
f 5346 5529 5530
f 5346 5530 5347
f 5347 5530 5531
f 5347 5531 5348
f 5348 5531 5532
f 5348 5532 5349
f 5349 5532 5533
f 5349 5533 5350
f 5350 5533 5534
f 5350 5534 5351
f 5351 5534 5535
f 5351 5535 5352
f 5352 5535 5536
f 5352 5536 5353
f 5353 5536 5537
f 5353 5537 5354
f 5354 5537 5538
f 5354 5538 5355
f 5355 5538 5539
f 5355 5539 5356
f 5356 5539 5540
f 5356 5540 5357
f 5357 5540 5541
f 5357 5541 5358
f 5358 5541 5542
f 5358 5542 5359
f 5359 5542 5543
f 5359 5543 5360
f 5360 5543 5544
f 5360 5544 5361
f 5361 5544 5545
f 5361 5545 5362
f 5362 5545 5546
f 5362 5546 5363
f 5363 5546 5547
f 5363 5547 5364
f 5364 5547 5548
f 5364 5548 5365
f 5365 5548 5549
f 5365 5549 5366
f 5366 5549 5550
f 5366 5550 5367
f 5367 5550 5551
f 5367 5551 5368
f 5368 5551 5552
f 5368 5552 5369
f 5369 5552 5553
f 5369 5553 5370
f 5370 5553 5554
f 5370 5554 5371
f 5371 5554 5555
f 5371 5555 5372
f 5372 5555 5556
f 5372 5556 5373
f 5373 5556 5557
f 5373 5557 5374
f 5374 5557 5558
f 5374 5558 5375
f 5375 5558 5559
f 5375 5559 5376
f 5376 5559 5560
f 5376 5560 5377
f 5377 5560 5561
f 5377 5561 5378
f 5378 5561 5562
f 5378 5562 5379
f 5379 5562 5563
f 5379 5563 5380
f 5380 5563 5564
f 5380 5564 5381
f 5381 5564 5565
f 5381 5565 5382
f 5382 5565 5566
f 5382 5566 5383
f 5383 5566 5567
f 5383 5567 5384
f 5384 5567 5568
f 5384 5568 5385
f 5385 5568 5569
f 5385 5569 5386
f 5386 5569 5570
f 5386 5570 5387
f 5387 5570 5571
f 5387 5571 5388
f 5388 5571 5572
f 5388 5572 5389
f 5389 5572 5573
f 5389 5573 5390
f 5390 5573 5574
f 5390 5574 5391
f 5391 5574 5575
f 5391 5575 5392
f 5392 5575 5576
f 5392 5576 5209
f 5209 5576 5393
f 5393 5577 5394
f 5394 5577 5578
f 5394 5578 5395
f 5395 5578 5579
f 5395 5579 5396
f 5396 5579 5580
f 5396 5580 5397
f 5397 5580 5581
f 5397 5581 5398
f 5398 5581 5582
f 5398 5582 5399
f 5399 5582 5583
f 5399 5583 5400
f 5400 5583 5584
f 5400 5584 5401
f 5401 5584 5585
f 5401 5585 5402
f 5402 5585 5586
f 5402 5586 5403
f 5403 5586 5587
f 5403 5587 5404
f 5404 5587 5588
f 5404 5588 5405
f 5405 5588 5589
f 5405 5589 5406
f 5406 5589 5590
f 5406 5590 5407
f 5407 5590 5591
f 5407 5591 5408
f 5408 5591 5592
f 5408 5592 5409
f 5409 5592 5593
f 5409 5593 5410
f 5410 5593 5594
f 5410 5594 5411
f 5411 5594 5595
f 5411 5595 5412
f 5412 5595 5596
f 5412 5596 5413
f 5413 5596 5597
f 5413 5597 5414
f 5414 5597 5598
f 5414 5598 5415
f 5415 5598 5599
f 5415 5599 5416
f 5416 5599 5600
f 5416 5600 5417
f 5417 5600 5601
f 5417 5601 5418
f 5418 5601 5602
f 5418 5602 5419
f 5419 5602 5603
f 5419 5603 5420
f 5420 5603 5604
f 5420 5604 5421
f 5421 5604 5605
f 5421 5605 5422
f 5422 5605 5606
f 5422 5606 5423
f 5423 5606 5607
f 5423 5607 5424
f 5424 5607 5608
f 5424 5608 5425
f 5425 5608 5609
f 5425 5609 5426
f 5426 5609 5610
f 5426 5610 5427
f 5427 5610 5611
f 5427 5611 5428
f 5428 5611 5612
f 5428 5612 5429
f 5429 5612 5613
f 5429 5613 5430
f 5430 5613 5614
f 5430 5614 5431
f 5431 5614 5615
f 5431 5615 5432
f 5432 5615 5616
f 5432 5616 5433
f 5433 5616 5617
f 5433 5617 5434
f 5434 5617 5618
f 5434 5618 5435
f 5435 5618 5619
f 5435 5619 5436
f 5436 5619 5620
f 5436 5620 5437
f 5437 5620 5621
f 5437 5621 5438
f 5438 5621 5622
f 5438 5622 5439
f 5439 5622 5623
f 5439 5623 5440
f 5440 5623 5624
f 5440 5624 5441
f 5441 5624 5625
f 5441 5625 5442
f 5442 5625 5626
f 5442 5626 5443
f 5443 5626 5627
f 5443 5627 5444
f 5444 5627 5628
f 5444 5628 5445
f 5445 5628 5629
f 5445 5629 5446
f 5446 5629 5630
f 5446 5630 5447
f 5447 5630 5631
f 5447 5631 5448
f 5448 5631 5632
f 5448 5632 5449
f 5449 5632 5633
f 5449 5633 5450
f 5450 5633 5634
f 5450 5634 5451
f 5451 5634 5635
f 5451 5635 5452
f 5452 5635 5636
f 5452 5636 5453
f 5453 5636 5637
f 5453 5637 5454
f 5454 5637 5638
f 5454 5638 5455
f 5455 5638 5639
f 5455 5639 5456
f 5456 5639 5640
f 5456 5640 5457
f 5457 5640 5641
f 5457 5641 5458
f 5458 5641 5642
f 5458 5642 5459
f 5459 5642 5643
f 5459 5643 5460
f 5460 5643 5644
f 5460 5644 5461
f 5461 5644 5645
f 5461 5645 5462
f 5462 5645 5646
f 5462 5646 5463
f 5463 5646 5647
f 5463 5647 5464
f 5464 5647 5648
f 5464 5648 5465
f 5465 5648 5649
f 5465 5649 5466
f 5466 5649 5650
f 5466 5650 5467
f 5467 5650 5651
f 5467 5651 5468
f 5468 5651 5652
f 5468 5652 5469
f 5469 5652 5653
f 5469 5653 5470
f 5470 5653 5654
f 5470 5654 5471
f 5471 5654 5655
f 5471 5655 5472
f 5472 5655 5656
f 5472 5656 5473
f 5473 5656 5657
f 5473 5657 5474
f 5474 5657 5658
f 5474 5658 5475
f 5475 5658 5659
f 5475 5659 5476
f 5476 5659 5660
f 5476 5660 5477
f 5477 5660 5661
f 5477 5661 5478
f 5478 5661 5662
f 5478 5662 5479
f 5479 5662 5663
f 5479 5663 5480
f 5480 5663 5664
f 5480 5664 5481
f 5481 5664 5665
f 5481 5665 5482
f 5482 5665 5666
f 5482 5666 5483
f 5483 5666 5667
f 5483 5667 5484
f 5484 5667 5668
f 5484 5668 5485
f 5485 5668 5669
f 5485 5669 5486
f 5486 5669 5670
f 5486 5670 5487
f 5487 5670 5671
f 5487 5671 5488
f 5488 5671 5672
f 5488 5672 5489
f 5489 5672 5673
f 5489 5673 5490
f 5490 5673 5674
f 5490 5674 5491
f 5491 5674 5675
f 5491 5675 5492
f 5492 5675 5676
f 5492 5676 5493
f 5493 5676 5677
f 5493 5677 5494
f 5494 5677 5678
f 5494 5678 5495
f 5495 5678 5679
f 5495 5679 5496
f 5496 5679 5680
f 5496 5680 5497
f 5497 5680 5681
f 5497 5681 5498
f 5498 5681 5682
f 5498 5682 5499
f 5499 5682 5683
f 5499 5683 5500
f 5500 5683 5684
f 5500 5684 5501
f 5501 5684 5685
f 5501 5685 5502
f 5502 5685 5686
f 5502 5686 5503
f 5503 5686 5687
f 5503 5687 5504
f 5504 5687 5688
f 5504 5688 5505
f 5505 5688 5689
f 5505 5689 5506
f 5506 5689 5690
f 5506 5690 5507
f 5507 5690 5691
f 5507 5691 5508
f 5508 5691 5692
f 5508 5692 5509
f 5509 5692 5693
f 5509 5693 5510
f 5510 5693 5694
f 5510 5694 5511
f 5511 5694 5695
f 5511 5695 5512
f 5512 5695 5696
f 5512 5696 5513
f 5513 5696 5697
f 5513 5697 5514
f 5514 5697 5698
f 5514 5698 5515
f 5515 5698 5699
f 5515 5699 5516
f 5516 5699 5700
f 5516 5700 5517
f 5517 5700 5701
f 5517 5701 5518
f 5518 5701 5702
f 5518 5702 5519
f 5519 5702 5703
f 5519 5703 5520
f 5520 5703 5704
f 5520 5704 5521
f 5521 5704 5705
f 5521 5705 5522
f 5522 5705 5706
f 5522 5706 5523
f 5523 5706 5707
f 5523 5707 5524
f 5524 5707 5708
f 5524 5708 5525
f 5525 5708 5709
f 5525 5709 5526
f 5526 5709 5710
f 5526 5710 5527
f 5527 5710 5711
f 5527 5711 5528
f 5528 5711 5712
f 5528 5712 5529
f 5529 5712 5713
f 5529 5713 5530
f 5530 5713 5714
f 5530 5714 5531
f 5531 5714 5715
f 5531 5715 5532
f 5532 5715 5716
f 5532 5716 5533
f 5533 5716 5717
f 5533 5717 5534
f 5534 5717 5718
f 5534 5718 5535
f 5535 5718 5719
f 5535 5719 5536
f 5536 5719 5720
f 5536 5720 5537
f 5537 5720 5721
f 5537 5721 5538
f 5538 5721 5722
f 5538 5722 5539
f 5539 5722 5723
f 5539 5723 5540
f 5540 5723 5724
f 5540 5724 5541
f 5541 5724 5725
f 5541 5725 5542
f 5542 5725 5726
f 5542 5726 5543
f 5543 5726 5727
f 5543 5727 5544
f 5544 5727 5728
f 5544 5728 5545
f 5545 5728 5729
f 5545 5729 5546
f 5546 5729 5730
f 5546 5730 5547
f 5547 5730 5731
f 5547 5731 5548
f 5548 5731 5732
f 5548 5732 5549
f 5549 5732 5733
f 5549 5733 5550
f 5550 5733 5734
f 5550 5734 5551
f 5551 5734 5735
f 5551 5735 5552
f 5552 5735 5736
f 5552 5736 5553
f 5553 5736 5737
f 5553 5737 5554
f 5554 5737 5738
f 5554 5738 5555
f 5555 5738 5739
f 5555 5739 5556
f 5556 5739 5740
f 5556 5740 5557
f 5557 5740 5741
f 5557 5741 5558
f 5558 5741 5742
f 5558 5742 5559
f 5559 5742 5743
f 5559 5743 5560
f 5560 5743 5744
f 5560 5744 5561
f 5561 5744 5745
f 5561 5745 5562
f 5562 5745 5746
f 5562 5746 5563
f 5563 5746 5747
f 5563 5747 5564
f 5564 5747 5748
f 5564 5748 5565
f 5565 5748 5749
f 5565 5749 5566
f 5566 5749 5750
f 5566 5750 5567
f 5567 5750 5751
f 5567 5751 5568
f 5568 5751 5752
f 5568 5752 5569
f 5569 5752 5753
f 5569 5753 5570
f 5570 5753 5754
f 5570 5754 5571
f 5571 5754 5755
f 5571 5755 5572
f 5572 5755 5756
f 5572 5756 5573
f 5573 5756 5757
f 5573 5757 5574
f 5574 5757 5758
f 5574 5758 5575
f 5575 5758 5759
f 5575 5759 5576
f 5576 5759 5760
f 5576 5760 5393
f 5393 5760 5577
f 5577 5761 5578
f 5578 5761 5762
f 5578 5762 5579
f 5579 5762 5763
f 5579 5763 5580
f 5580 5763 5764
f 5580 5764 5581
f 5581 5764 5765
f 5581 5765 5582
f 5582 5765 5766
f 5582 5766 5583
f 5583 5766 5767
f 5583 5767 5584
f 5584 5767 5768
f 5584 5768 5585
f 5585 5768 5769
f 5585 5769 5586
f 5586 5769 5770
f 5586 5770 5587
f 5587 5770 5771
f 5587 5771 5588
f 5588 5771 5772
f 5588 5772 5589
f 5589 5772 5773
f 5589 5773 5590
f 5590 5773 5774
f 5590 5774 5591
f 5591 5774 5775
f 5591 5775 5592
f 5592 5775 5776
f 5592 5776 5593
f 5593 5776 5777
f 5593 5777 5594
f 5594 5777 5778
f 5594 5778 5595
f 5595 5778 5779
f 5595 5779 5596
f 5596 5779 5780
f 5596 5780 5597
f 5597 5780 5781
f 5597 5781 5598
f 5598 5781 5782
f 5598 5782 5599
f 5599 5782 5783
f 5599 5783 5600
f 5600 5783 5784
f 5600 5784 5601
f 5601 5784 5785
f 5601 5785 5602
f 5602 5785 5786
f 5602 5786 5603
f 5603 5786 5787
f 5603 5787 5604
f 5604 5787 5788
f 5604 5788 5605
f 5605 5788 5789
f 5605 5789 5606
f 5606 5789 5790
f 5606 5790 5607
f 5607 5790 5791
f 5607 5791 5608
f 5608 5791 5792
f 5608 5792 5609
f 5609 5792 5793
f 5609 5793 5610
f 5610 5793 5794
f 5610 5794 5611
f 5611 5794 5795
f 5611 5795 5612
f 5612 5795 5796
f 5612 5796 5613
f 5613 5796 5797
f 5613 5797 5614
f 5614 5797 5798
f 5614 5798 5615
f 5615 5798 5799
f 5615 5799 5616
f 5616 5799 5800
f 5616 5800 5617
f 5617 5800 5801
f 5617 5801 5618
f 5618 5801 5802
f 5618 5802 5619
f 5619 5802 5803
f 5619 5803 5620
f 5620 5803 5804
f 5620 5804 5621
f 5621 5804 5805
f 5621 5805 5622
f 5622 5805 5806
f 5622 5806 5623
f 5623 5806 5807
f 5623 5807 5624
f 5624 5807 5808
f 5624 5808 5625
f 5625 5808 5809
f 5625 5809 5626
f 5626 5809 5810
f 5626 5810 5627
f 5627 5810 5811
f 5627 5811 5628
f 5628 5811 5812
f 5628 5812 5629
f 5629 5812 5813
f 5629 5813 5630
f 5630 5813 5814
f 5630 5814 5631
f 5631 5814 5815
f 5631 5815 5632
f 5632 5815 5816
f 5632 5816 5633
f 5633 5816 5817
f 5633 5817 5634
f 5634 5817 5818
f 5634 5818 5635
f 5635 5818 5819
f 5635 5819 5636
f 5636 5819 5820
f 5636 5820 5637
f 5637 5820 5821
f 5637 5821 5638
f 5638 5821 5822
f 5638 5822 5639
f 5639 5822 5823
f 5639 5823 5640
f 5640 5823 5824
f 5640 5824 5641
f 5641 5824 5825
f 5641 5825 5642
f 5642 5825 5826
f 5642 5826 5643
f 5643 5826 5827
f 5643 5827 5644
f 5644 5827 5828
f 5644 5828 5645
f 5645 5828 5829
f 5645 5829 5646
f 5646 5829 5830
f 5646 5830 5647
f 5647 5830 5831
f 5647 5831 5648
f 5648 5831 5832
f 5648 5832 5649
f 5649 5832 5833
f 5649 5833 5650
f 5650 5833 5834
f 5650 5834 5651
f 5651 5834 5835
f 5651 5835 5652
f 5652 5835 5836
f 5652 5836 5653
f 5653 5836 5837
f 5653 5837 5654
f 5654 5837 5838
f 5654 5838 5655
f 5655 5838 5839
f 5655 5839 5656
f 5656 5839 5840
f 5656 5840 5657
f 5657 5840 5841
f 5657 5841 5658
f 5658 5841 5842
f 5658 5842 5659
f 5659 5842 5843
f 5659 5843 5660
f 5660 5843 5844
f 5660 5844 5661
f 5661 5844 5845
f 5661 5845 5662
f 5662 5845 5846
f 5662 5846 5663
f 5663 5846 5847
f 5663 5847 5664
f 5664 5847 5848
f 5664 5848 5665
f 5665 5848 5849
f 5665 5849 5666
f 5666 5849 5850
f 5666 5850 5667
f 5667 5850 5851
f 5667 5851 5668
f 5668 5851 5852
f 5668 5852 5669
f 5669 5852 5853
f 5669 5853 5670
f 5670 5853 5854
f 5670 5854 5671
f 5671 5854 5855
f 5671 5855 5672
f 5672 5855 5856
f 5672 5856 5673
f 5673 5856 5857
f 5673 5857 5674
f 5674 5857 5858
f 5674 5858 5675
f 5675 5858 5859
f 5675 5859 5676
f 5676 5859 5860
f 5676 5860 5677
f 5677 5860 5861
f 5677 5861 5678
f 5678 5861 5862
f 5678 5862 5679
f 5679 5862 5863
f 5679 5863 5680
f 5680 5863 5864
f 5680 5864 5681
f 5681 5864 5865
f 5681 5865 5682
f 5682 5865 5866
f 5682 5866 5683
f 5683 5866 5867
f 5683 5867 5684
f 5684 5867 5868
f 5684 5868 5685
f 5685 5868 5869
f 5685 5869 5686
f 5686 5869 5870
f 5686 5870 5687
f 5687 5870 5871
f 5687 5871 5688
f 5688 5871 5872
f 5688 5872 5689
f 5689 5872 5873
f 5689 5873 5690
f 5690 5873 5874
f 5690 5874 5691
f 5691 5874 5875
f 5691 5875 5692
f 5692 5875 5876
f 5692 5876 5693
f 5693 5876 5877
f 5693 5877 5694
f 5694 5877 5878
f 5694 5878 5695
f 5695 5878 5879
f 5695 5879 5696
f 5696 5879 5880
f 5696 5880 5697
f 5697 5880 5881
f 5697 5881 5698
f 5698 5881 5882
f 5698 5882 5699
f 5699 5882 5883
f 5699 5883 5700
f 5700 5883 5884
f 5700 5884 5701
f 5701 5884 5885
f 5701 5885 5702
f 5702 5885 5886
f 5702 5886 5703
f 5703 5886 5887
f 5703 5887 5704
f 5704 5887 5888
f 5704 5888 5705
f 5705 5888 5889
f 5705 5889 5706
f 5706 5889 5890
f 5706 5890 5707
f 5707 5890 5891
f 5707 5891 5708
f 5708 5891 5892
f 5708 5892 5709
f 5709 5892 5893
f 5709 5893 5710
f 5710 5893 5894
f 5710 5894 5711
f 5711 5894 5895
f 5711 5895 5712
f 5712 5895 5896
f 5712 5896 5713
f 5713 5896 5897
f 5713 5897 5714
f 5714 5897 5898
f 5714 5898 5715
f 5715 5898 5899
f 5715 5899 5716
f 5716 5899 5900
f 5716 5900 5717
f 5717 5900 5901
f 5717 5901 5718
f 5718 5901 5902
f 5718 5902 5719
f 5719 5902 5903
f 5719 5903 5720
f 5720 5903 5904
f 5720 5904 5721
f 5721 5904 5905
f 5721 5905 5722
f 5722 5905 5906
f 5722 5906 5723
f 5723 5906 5907
f 5723 5907 5724
f 5724 5907 5908
f 5724 5908 5725
f 5725 5908 5909
f 5725 5909 5726
f 5726 5909 5910
f 5726 5910 5727
f 5727 5910 5911
f 5727 5911 5728
f 5728 5911 5912
f 5728 5912 5729
f 5729 5912 5913
f 5729 5913 5730
f 5730 5913 5914
f 5730 5914 5731
f 5731 5914 5915
f 5731 5915 5732
f 5732 5915 5916
f 5732 5916 5733
f 5733 5916 5917
f 5733 5917 5734
f 5734 5917 5918
f 5734 5918 5735
f 5735 5918 5919
f 5735 5919 5736
f 5736 5919 5920
f 5736 5920 5737
f 5737 5920 5921
f 5737 5921 5738
f 5738 5921 5922
f 5738 5922 5739
f 5739 5922 5923
f 5739 5923 5740
f 5740 5923 5924
f 5740 5924 5741
f 5741 5924 5925
f 5741 5925 5742
f 5742 5925 5926
f 5742 5926 5743
f 5743 5926 5927
f 5743 5927 5744
f 5744 5927 5928
f 5744 5928 5745
f 5745 5928 5929
f 5745 5929 5746
f 5746 5929 5930
f 5746 5930 5747
f 5747 5930 5931
f 5747 5931 5748
f 5748 5931 5932
f 5748 5932 5749
f 5749 5932 5933
f 5749 5933 5750
f 5750 5933 5934
f 5750 5934 5751
f 5751 5934 5935
f 5751 5935 5752
f 5752 5935 5936
f 5752 5936 5753
f 5753 5936 5937
f 5753 5937 5754
f 5754 5937 5938
f 5754 5938 5755
f 5755 5938 5939
f 5755 5939 5756
f 5756 5939 5940
f 5756 5940 5757
f 5757 5940 5941
f 5757 5941 5758
f 5758 5941 5942
f 5758 5942 5759
f 5759 5942 5943
f 5759 5943 5760
f 5760 5943 5944
f 5760 5944 5577
f 5577 5944 5761
f 5761 5945 5762
f 5762 5945 5946
f 5762 5946 5763
f 5763 5946 5947
f 5763 5947 5764
f 5764 5947 5948
f 5764 5948 5765
f 5765 5948 5949
f 5765 5949 5766
f 5766 5949 5950
f 5766 5950 5767
f 5767 5950 5951
f 5767 5951 5768
f 5768 5951 5952
f 5768 5952 5769
f 5769 5952 5953
f 5769 5953 5770
f 5770 5953 5954
f 5770 5954 5771
f 5771 5954 5955
f 5771 5955 5772
f 5772 5955 5956
f 5772 5956 5773
f 5773 5956 5957
f 5773 5957 5774
f 5774 5957 5958
f 5774 5958 5775
f 5775 5958 5959
f 5775 5959 5776
f 5776 5959 5960
f 5776 5960 5777
f 5777 5960 5961
f 5777 5961 5778
f 5778 5961 5962
f 5778 5962 5779
f 5779 5962 5963
f 5779 5963 5780
f 5780 5963 5964
f 5780 5964 5781
f 5781 5964 5965
f 5781 5965 5782
f 5782 5965 5966
f 5782 5966 5783
f 5783 5966 5967
f 5783 5967 5784
f 5784 5967 5968
f 5784 5968 5785
f 5785 5968 5969
f 5785 5969 5786
f 5786 5969 5970
f 5786 5970 5787
f 5787 5970 5971
f 5787 5971 5788
f 5788 5971 5972
f 5788 5972 5789
f 5789 5972 5973
f 5789 5973 5790
f 5790 5973 5974
f 5790 5974 5791
f 5791 5974 5975
f 5791 5975 5792
f 5792 5975 5976
f 5792 5976 5793
f 5793 5976 5977
f 5793 5977 5794
f 5794 5977 5978
f 5794 5978 5795
f 5795 5978 5979
f 5795 5979 5796
f 5796 5979 5980
f 5796 5980 5797
f 5797 5980 5981
f 5797 5981 5798
f 5798 5981 5982
f 5798 5982 5799
f 5799 5982 5983
f 5799 5983 5800
f 5800 5983 5984
f 5800 5984 5801
f 5801 5984 5985
f 5801 5985 5802
f 5802 5985 5986
f 5802 5986 5803
f 5803 5986 5987
f 5803 5987 5804
f 5804 5987 5988
f 5804 5988 5805
f 5805 5988 5989
f 5805 5989 5806
f 5806 5989 5990
f 5806 5990 5807
f 5807 5990 5991
f 5807 5991 5808
f 5808 5991 5992
f 5808 5992 5809
f 5809 5992 5993
f 5809 5993 5810
f 5810 5993 5994
f 5810 5994 5811
f 5811 5994 5995
f 5811 5995 5812
f 5812 5995 5996
f 5812 5996 5813
f 5813 5996 5997
f 5813 5997 5814
f 5814 5997 5998
f 5814 5998 5815
f 5815 5998 5999
f 5815 5999 5816
f 5816 5999 6000
f 5816 6000 5817
f 5817 6000 6001
f 5817 6001 5818
f 5818 6001 6002
f 5818 6002 5819
f 5819 6002 6003
f 5819 6003 5820
f 5820 6003 6004
f 5820 6004 5821
f 5821 6004 6005
f 5821 6005 5822
f 5822 6005 6006
f 5822 6006 5823
f 5823 6006 6007
f 5823 6007 5824
f 5824 6007 6008
f 5824 6008 5825
f 5825 6008 6009
f 5825 6009 5826
f 5826 6009 6010
f 5826 6010 5827
f 5827 6010 6011
f 5827 6011 5828
f 5828 6011 6012
f 5828 6012 5829
f 5829 6012 6013
f 5829 6013 5830
f 5830 6013 6014
f 5830 6014 5831
f 5831 6014 6015
f 5831 6015 5832
f 5832 6015 6016
f 5832 6016 5833
f 5833 6016 6017
f 5833 6017 5834
f 5834 6017 6018
f 5834 6018 5835
f 5835 6018 6019
f 5835 6019 5836
f 5836 6019 6020
f 5836 6020 5837
f 5837 6020 6021
f 5837 6021 5838
f 5838 6021 6022
f 5838 6022 5839
f 5839 6022 6023
f 5839 6023 5840
f 5840 6023 6024
f 5840 6024 5841
f 5841 6024 6025
f 5841 6025 5842
f 5842 6025 6026
f 5842 6026 5843
f 5843 6026 6027
f 5843 6027 5844
f 5844 6027 6028
f 5844 6028 5845
f 5845 6028 6029
f 5845 6029 5846
f 5846 6029 6030
f 5846 6030 5847
f 5847 6030 6031
f 5847 6031 5848
f 5848 6031 6032
f 5848 6032 5849
f 5849 6032 6033
f 5849 6033 5850
f 5850 6033 6034
f 5850 6034 5851
f 5851 6034 6035
f 5851 6035 5852
f 5852 6035 6036
f 5852 6036 5853
f 5853 6036 6037
f 5853 6037 5854
f 5854 6037 6038
f 5854 6038 5855
f 5855 6038 6039
f 5855 6039 5856
f 5856 6039 6040
f 5856 6040 5857
f 5857 6040 6041
f 5857 6041 5858
f 5858 6041 6042
f 5858 6042 5859
f 5859 6042 6043
f 5859 6043 5860
f 5860 6043 6044
f 5860 6044 5861
f 5861 6044 6045
f 5861 6045 5862
f 5862 6045 6046
f 5862 6046 5863
f 5863 6046 6047
f 5863 6047 5864
f 5864 6047 6048
f 5864 6048 5865
f 5865 6048 6049
f 5865 6049 5866
f 5866 6049 6050
f 5866 6050 5867
f 5867 6050 6051
f 5867 6051 5868
f 5868 6051 6052
f 5868 6052 5869
f 5869 6052 6053
f 5869 6053 5870
f 5870 6053 6054
f 5870 6054 5871
f 5871 6054 6055
f 5871 6055 5872
f 5872 6055 6056
f 5872 6056 5873
f 5873 6056 6057
f 5873 6057 5874
f 5874 6057 6058
f 5874 6058 5875
f 5875 6058 6059
f 5875 6059 5876
f 5876 6059 6060
f 5876 6060 5877
f 5877 6060 6061
f 5877 6061 5878
f 5878 6061 6062
f 5878 6062 5879
f 5879 6062 6063
f 5879 6063 5880
f 5880 6063 6064
f 5880 6064 5881
f 5881 6064 6065
f 5881 6065 5882
f 5882 6065 6066
f 5882 6066 5883
f 5883 6066 6067
f 5883 6067 5884
f 5884 6067 6068
f 5884 6068 5885
f 5885 6068 6069
f 5885 6069 5886
f 5886 6069 6070
f 5886 6070 5887
f 5887 6070 6071
f 5887 6071 5888
f 5888 6071 6072
f 5888 6072 5889
f 5889 6072 6073
f 5889 6073 5890
f 5890 6073 6074
f 5890 6074 5891
f 5891 6074 6075
f 5891 6075 5892
f 5892 6075 6076
f 5892 6076 5893
f 5893 6076 6077
f 5893 6077 5894
f 5894 6077 6078
f 5894 6078 5895
f 5895 6078 6079
f 5895 6079 5896
f 5896 6079 6080
f 5896 6080 5897
f 5897 6080 6081
f 5897 6081 5898
f 5898 6081 6082
f 5898 6082 5899
f 5899 6082 6083
f 5899 6083 5900
f 5900 6083 6084
f 5900 6084 5901
f 5901 6084 6085
f 5901 6085 5902
f 5902 6085 6086
f 5902 6086 5903
f 5903 6086 6087
f 5903 6087 5904
f 5904 6087 6088
f 5904 6088 5905
f 5905 6088 6089
f 5905 6089 5906
f 5906 6089 6090
f 5906 6090 5907
f 5907 6090 6091
f 5907 6091 5908
f 5908 6091 6092
f 5908 6092 5909
f 5909 6092 6093
f 5909 6093 5910
f 5910 6093 6094
f 5910 6094 5911
f 5911 6094 6095
f 5911 6095 5912
f 5912 6095 6096
f 5912 6096 5913
f 5913 6096 6097
f 5913 6097 5914
f 5914 6097 6098
f 5914 6098 5915
f 5915 6098 6099
f 5915 6099 5916
f 5916 6099 6100
f 5916 6100 5917
f 5917 6100 6101
f 5917 6101 5918
f 5918 6101 6102
f 5918 6102 5919
f 5919 6102 6103
f 5919 6103 5920
f 5920 6103 6104
f 5920 6104 5921
f 5921 6104 6105
f 5921 6105 5922
f 5922 6105 6106
f 5922 6106 5923
f 5923 6106 6107
f 5923 6107 5924
f 5924 6107 6108
f 5924 6108 5925
f 5925 6108 6109
f 5925 6109 5926
f 5926 6109 6110
f 5926 6110 5927
f 5927 6110 6111
f 5927 6111 5928
f 5928 6111 6112
f 5928 6112 5929
f 5929 6112 6113
f 5929 6113 5930
f 5930 6113 6114
f 5930 6114 5931
f 5931 6114 6115
f 5931 6115 5932
f 5932 6115 6116
f 5932 6116 5933
f 5933 6116 6117
f 5933 6117 5934
f 5934 6117 6118
f 5934 6118 5935
f 5935 6118 6119
f 5935 6119 5936
f 5936 6119 6120
f 5936 6120 5937
f 5937 6120 6121
f 5937 6121 5938
f 5938 6121 6122
f 5938 6122 5939
f 5939 6122 6123
f 5939 6123 5940
f 5940 6123 6124
f 5940 6124 5941
f 5941 6124 6125
f 5941 6125 5942
f 5942 6125 6126
f 5942 6126 5943
f 5943 6126 6127
f 5943 6127 5944
f 5944 6127 6128
f 5944 6128 5761
f 5761 6128 5945
f 5945 6129 5946
f 5946 6129 6130
f 5946 6130 5947
f 5947 6130 6131
f 5947 6131 5948
f 5948 6131 6132
f 5948 6132 5949
f 5949 6132 6133
f 5949 6133 5950
f 5950 6133 6134
f 5950 6134 5951
f 5951 6134 6135
f 5951 6135 5952
f 5952 6135 6136
f 5952 6136 5953
f 5953 6136 6137
f 5953 6137 5954
f 5954 6137 6138
f 5954 6138 5955
f 5955 6138 6139
f 5955 6139 5956
f 5956 6139 6140
f 5956 6140 5957
f 5957 6140 6141
f 5957 6141 5958
f 5958 6141 6142
f 5958 6142 5959
f 5959 6142 6143
f 5959 6143 5960
f 5960 6143 6144
f 5960 6144 5961
f 5961 6144 6145
f 5961 6145 5962
f 5962 6145 6146
f 5962 6146 5963
f 5963 6146 6147
f 5963 6147 5964
f 5964 6147 6148
f 5964 6148 5965
f 5965 6148 6149
f 5965 6149 5966
f 5966 6149 6150
f 5966 6150 5967
f 5967 6150 6151
f 5967 6151 5968
f 5968 6151 6152
f 5968 6152 5969
f 5969 6152 6153
f 5969 6153 5970
f 5970 6153 6154
f 5970 6154 5971
f 5971 6154 6155
f 5971 6155 5972
f 5972 6155 6156
f 5972 6156 5973
f 5973 6156 6157
f 5973 6157 5974
f 5974 6157 6158
f 5974 6158 5975
f 5975 6158 6159
f 5975 6159 5976
f 5976 6159 6160
f 5976 6160 5977
f 5977 6160 6161
f 5977 6161 5978
f 5978 6161 6162
f 5978 6162 5979
f 5979 6162 6163
f 5979 6163 5980
f 5980 6163 6164
f 5980 6164 5981
f 5981 6164 6165
f 5981 6165 5982
f 5982 6165 6166
f 5982 6166 5983
f 5983 6166 6167
f 5983 6167 5984
f 5984 6167 6168
f 5984 6168 5985
f 5985 6168 6169
f 5985 6169 5986
f 5986 6169 6170
f 5986 6170 5987
f 5987 6170 6171
f 5987 6171 5988
f 5988 6171 6172
f 5988 6172 5989
f 5989 6172 6173
f 5989 6173 5990
f 5990 6173 6174
f 5990 6174 5991
f 5991 6174 6175
f 5991 6175 5992
f 5992 6175 6176
f 5992 6176 5993
f 5993 6176 6177
f 5993 6177 5994
f 5994 6177 6178
f 5994 6178 5995
f 5995 6178 6179
f 5995 6179 5996
f 5996 6179 6180
f 5996 6180 5997
f 5997 6180 6181
f 5997 6181 5998
f 5998 6181 6182
f 5998 6182 5999
f 5999 6182 6183
f 5999 6183 6000
f 6000 6183 6184
f 6000 6184 6001
f 6001 6184 6185
f 6001 6185 6002
f 6002 6185 6186
f 6002 6186 6003
f 6003 6186 6187
f 6003 6187 6004
f 6004 6187 6188
f 6004 6188 6005
f 6005 6188 6189
f 6005 6189 6006
f 6006 6189 6190
f 6006 6190 6007
f 6007 6190 6191
f 6007 6191 6008
f 6008 6191 6192
f 6008 6192 6009
f 6009 6192 6193
f 6009 6193 6010
f 6010 6193 6194
f 6010 6194 6011
f 6011 6194 6195
f 6011 6195 6012
f 6012 6195 6196
f 6012 6196 6013
f 6013 6196 6197
f 6013 6197 6014
f 6014 6197 6198
f 6014 6198 6015
f 6015 6198 6199
f 6015 6199 6016
f 6016 6199 6200
f 6016 6200 6017
f 6017 6200 6201
f 6017 6201 6018
f 6018 6201 6202
f 6018 6202 6019
f 6019 6202 6203
f 6019 6203 6020
f 6020 6203 6204
f 6020 6204 6021
f 6021 6204 6205
f 6021 6205 6022
f 6022 6205 6206
f 6022 6206 6023
f 6023 6206 6207
f 6023 6207 6024
f 6024 6207 6208
f 6024 6208 6025
f 6025 6208 6209
f 6025 6209 6026
f 6026 6209 6210
f 6026 6210 6027
f 6027 6210 6211
f 6027 6211 6028
f 6028 6211 6212
f 6028 6212 6029
f 6029 6212 6213
f 6029 6213 6030
f 6030 6213 6214
f 6030 6214 6031
f 6031 6214 6215
f 6031 6215 6032
f 6032 6215 6216
f 6032 6216 6033
f 6033 6216 6217
f 6033 6217 6034
f 6034 6217 6218
f 6034 6218 6035
f 6035 6218 6219
f 6035 6219 6036
f 6036 6219 6220
f 6036 6220 6037
f 6037 6220 6221
f 6037 6221 6038
f 6038 6221 6222
f 6038 6222 6039
f 6039 6222 6223
f 6039 6223 6040
f 6040 6223 6224
f 6040 6224 6041
f 6041 6224 6225
f 6041 6225 6042
f 6042 6225 6226
f 6042 6226 6043
f 6043 6226 6227
f 6043 6227 6044
f 6044 6227 6228
f 6044 6228 6045
f 6045 6228 6229
f 6045 6229 6046
f 6046 6229 6230
f 6046 6230 6047
f 6047 6230 6231
f 6047 6231 6048
f 6048 6231 6232
f 6048 6232 6049
f 6049 6232 6233
f 6049 6233 6050
f 6050 6233 6234
f 6050 6234 6051
f 6051 6234 6235
f 6051 6235 6052
f 6052 6235 6236
f 6052 6236 6053
f 6053 6236 6237
f 6053 6237 6054
f 6054 6237 6238
f 6054 6238 6055
f 6055 6238 6239
f 6055 6239 6056
f 6056 6239 6240
f 6056 6240 6057
f 6057 6240 6241
f 6057 6241 6058
f 6058 6241 6242
f 6058 6242 6059
f 6059 6242 6243
f 6059 6243 6060
f 6060 6243 6244
f 6060 6244 6061
f 6061 6244 6245
f 6061 6245 6062
f 6062 6245 6246
f 6062 6246 6063
f 6063 6246 6247
f 6063 6247 6064
f 6064 6247 6248
f 6064 6248 6065
f 6065 6248 6249
f 6065 6249 6066
f 6066 6249 6250
f 6066 6250 6067
f 6067 6250 6251
f 6067 6251 6068
f 6068 6251 6252
f 6068 6252 6069
f 6069 6252 6253
f 6069 6253 6070
f 6070 6253 6254
f 6070 6254 6071
f 6071 6254 6255
f 6071 6255 6072
f 6072 6255 6256
f 6072 6256 6073
f 6073 6256 6257
f 6073 6257 6074
f 6074 6257 6258
f 6074 6258 6075
f 6075 6258 6259
f 6075 6259 6076
f 6076 6259 6260
f 6076 6260 6077
f 6077 6260 6261
f 6077 6261 6078
f 6078 6261 6262
f 6078 6262 6079
f 6079 6262 6263
f 6079 6263 6080
f 6080 6263 6264
f 6080 6264 6081
f 6081 6264 6265
f 6081 6265 6082
f 6082 6265 6266
f 6082 6266 6083
f 6083 6266 6267
f 6083 6267 6084
f 6084 6267 6268
f 6084 6268 6085
f 6085 6268 6269
f 6085 6269 6086
f 6086 6269 6270
f 6086 6270 6087
f 6087 6270 6271
f 6087 6271 6088
f 6088 6271 6272
f 6088 6272 6089
f 6089 6272 6273
f 6089 6273 6090
f 6090 6273 6274
f 6090 6274 6091
f 6091 6274 6275
f 6091 6275 6092
f 6092 6275 6276
f 6092 6276 6093
f 6093 6276 6277
f 6093 6277 6094
f 6094 6277 6278
f 6094 6278 6095
f 6095 6278 6279
f 6095 6279 6096
f 6096 6279 6280
f 6096 6280 6097
f 6097 6280 6281
f 6097 6281 6098
f 6098 6281 6282
f 6098 6282 6099
f 6099 6282 6283
f 6099 6283 6100
f 6100 6283 6284
f 6100 6284 6101
f 6101 6284 6285
f 6101 6285 6102
f 6102 6285 6286
f 6102 6286 6103
f 6103 6286 6287
f 6103 6287 6104
f 6104 6287 6288
f 6104 6288 6105
f 6105 6288 6289
f 6105 6289 6106
f 6106 6289 6290
f 6106 6290 6107
f 6107 6290 6291
f 6107 6291 6108
f 6108 6291 6292
f 6108 6292 6109
f 6109 6292 6293
f 6109 6293 6110
f 6110 6293 6294
f 6110 6294 6111
f 6111 6294 6295
f 6111 6295 6112
f 6112 6295 6296
f 6112 6296 6113
f 6113 6296 6297
f 6113 6297 6114
f 6114 6297 6298
f 6114 6298 6115
f 6115 6298 6299
f 6115 6299 6116
f 6116 6299 6300
f 6116 6300 6117
f 6117 6300 6301
f 6117 6301 6118
f 6118 6301 6302
f 6118 6302 6119
f 6119 6302 6303
f 6119 6303 6120
f 6120 6303 6304
f 6120 6304 6121
f 6121 6304 6305
f 6121 6305 6122
f 6122 6305 6306
f 6122 6306 6123
f 6123 6306 6307
f 6123 6307 6124
f 6124 6307 6308
f 6124 6308 6125
f 6125 6308 6309
f 6125 6309 6126
f 6126 6309 6310
f 6126 6310 6127
f 6127 6310 6311
f 6127 6311 6128
f 6128 6311 6312
f 6128 6312 5945
f 5945 6312 6129
f 6129 3129 6130
f 6130 3129 3131
f 6130 3131 6131
f 6131 3131 3127
f 6131 3127 6132
f 6132 3127 3126
f 6132 3126 6133
f 6133 3126 3128
f 6133 3128 6134
f 6134 3128 3124
f 6134 3124 6135
f 6135 3124 3123
f 6135 3123 6136
f 6136 3123 3125
f 6136 3125 6137
f 6137 3125 3121
f 6137 3121 6138
f 6138 3121 3120
f 6138 3120 6139
f 6139 3120 3122
f 6139 3122 6140
f 6140 3122 3118
f 6140 3118 6141
f 6141 3118 3117
f 6141 3117 6142
f 6142 3117 3119
f 6142 3119 6143
f 6143 3119 3115
f 6143 3115 6144
f 6144 3115 3114
f 6144 3114 6145
f 6145 3114 3116
f 6145 3116 6146
f 6146 3116 3112
f 6146 3112 6147
f 6147 3112 3111
f 6147 3111 6148
f 6148 3111 3113
f 6148 3113 6149
f 6149 3113 3109
f 6149 3109 6150
f 6150 3109 3108
f 6150 3108 6151
f 6151 3108 3110
f 6151 3110 6152
f 6152 3110 3106
f 6152 3106 6153
f 6153 3106 3105
f 6153 3105 6154
f 6154 3105 3107
f 6154 3107 6155
f 6155 3107 3103
f 6155 3103 6156
f 6156 3103 3102
f 6156 3102 6157
f 6157 3102 3104
f 6157 3104 6158
f 6158 3104 3100
f 6158 3100 6159
f 6159 3100 3099
f 6159 3099 6160
f 6160 3099 3101
f 6160 3101 6161
f 6161 3101 3097
f 6161 3097 6162
f 6162 3097 3096
f 6162 3096 6163
f 6163 3096 3098
f 6163 3098 6164
f 6164 3098 3094
f 6164 3094 6165
f 6165 3094 3093
f 6165 3093 6166
f 6166 3093 3095
f 6166 3095 6167
f 6167 3095 3091
f 6167 3091 6168
f 6168 3091 3090
f 6168 3090 6169
f 6169 3090 3092
f 6169 3092 6170
f 6170 3092 3088
f 6170 3088 6171
f 6171 3088 3087
f 6171 3087 6172
f 6172 3087 3089
f 6172 3089 6173
f 6173 3089 3085
f 6173 3085 6174
f 6174 3085 3084
f 6174 3084 6175
f 6175 3084 3086
f 6175 3086 6176
f 6176 3086 3082
f 6176 3082 6177
f 6177 3082 3081
f 6177 3081 6178
f 6178 3081 3083
f 6178 3083 6179
f 6179 3083 3079
f 6179 3079 6180
f 6180 3079 3078
f 6180 3078 6181
f 6181 3078 3080
f 6181 3080 6182
f 6182 3080 3075
f 6182 3075 6183
f 6183 3075 3074
f 6183 3074 6184
f 6184 3074 3076
f 6184 3076 6185
f 6185 3076 3077
f 6185 3077 6186
f 6186 3077 3256
f 6186 3256 6187
f 6187 3256 3255
f 6187 3255 6188
f 6188 3255 3257
f 6188 3257 6189
f 6189 3257 3253
f 6189 3253 6190
f 6190 3253 3252
f 6190 3252 6191
f 6191 3252 3254
f 6191 3254 6192
f 6192 3254 3250
f 6192 3250 6193
f 6193 3250 3249
f 6193 3249 6194
f 6194 3249 3251
f 6194 3251 6195
f 6195 3251 3247
f 6195 3247 6196
f 6196 3247 3246
f 6196 3246 6197
f 6197 3246 3248
f 6197 3248 6198
f 6198 3248 3244
f 6198 3244 6199
f 6199 3244 3243
f 6199 3243 6200
f 6200 3243 3245
f 6200 3245 6201
f 6201 3245 3241
f 6201 3241 6202
f 6202 3241 3240
f 6202 3240 6203
f 6203 3240 3242
f 6203 3242 6204
f 6204 3242 3238
f 6204 3238 6205
f 6205 3238 3237
f 6205 3237 6206
f 6206 3237 3239
f 6206 3239 6207
f 6207 3239 3235
f 6207 3235 6208
f 6208 3235 3234
f 6208 3234 6209
f 6209 3234 3236
f 6209 3236 6210
f 6210 3236 3232
f 6210 3232 6211
f 6211 3232 3231
f 6211 3231 6212
f 6212 3231 3233
f 6212 3233 6213
f 6213 3233 3229
f 6213 3229 6214
f 6214 3229 3228
f 6214 3228 6215
f 6215 3228 3230
f 6215 3230 6216
f 6216 3230 3226
f 6216 3226 6217
f 6217 3226 3225
f 6217 3225 6218
f 6218 3225 3227
f 6218 3227 6219
f 6219 3227 3223
f 6219 3223 6220
f 6220 3223 3222
f 6220 3222 6221
f 6221 3222 3224
f 6221 3224 6222
f 6222 3224 3220
f 6222 3220 6223
f 6223 3220 3219
f 6223 3219 6224
f 6224 3219 3221
f 6224 3221 6225
f 6225 3221 3217
f 6225 3217 6226
f 6226 3217 3216
f 6226 3216 6227
f 6227 3216 3218
f 6227 3218 6228
f 6228 3218 3214
f 6228 3214 6229
f 6229 3214 3213
f 6229 3213 6230
f 6230 3213 3215
f 6230 3215 6231
f 6231 3215 3211
f 6231 3211 6232
f 6232 3211 3210
f 6232 3210 6233
f 6233 3210 3212
f 6233 3212 6234
f 6234 3212 3208
f 6234 3208 6235
f 6235 3208 3207
f 6235 3207 6236
f 6236 3207 3209
f 6236 3209 6237
f 6237 3209 3205
f 6237 3205 6238
f 6238 3205 3204
f 6238 3204 6239
f 6239 3204 3206
f 6239 3206 6240
f 6240 3206 3202
f 6240 3202 6241
f 6241 3202 3201
f 6241 3201 6242
f 6242 3201 3203
f 6242 3203 6243
f 6243 3203 3199
f 6243 3199 6244
f 6244 3199 3198
f 6244 3198 6245
f 6245 3198 3200
f 6245 3200 6246
f 6246 3200 3196
f 6246 3196 6247
f 6247 3196 3195
f 6247 3195 6248
f 6248 3195 3197
f 6248 3197 6249
f 6249 3197 3193
f 6249 3193 6250
f 6250 3193 3192
f 6250 3192 6251
f 6251 3192 3194
f 6251 3194 6252
f 6252 3194 3190
f 6252 3190 6253
f 6253 3190 3189
f 6253 3189 6254
f 6254 3189 3191
f 6254 3191 6255
f 6255 3191 3187
f 6255 3187 6256
f 6256 3187 3186
f 6256 3186 6257
f 6257 3186 3188
f 6257 3188 6258
f 6258 3188 3184
f 6258 3184 6259
f 6259 3184 3183
f 6259 3183 6260
f 6260 3183 3185
f 6260 3185 6261
f 6261 3185 3181
f 6261 3181 6262
f 6262 3181 3180
f 6262 3180 6263
f 6263 3180 3182
f 6263 3182 6264
f 6264 3182 3178
f 6264 3178 6265
f 6265 3178 3177
f 6265 3177 6266
f 6266 3177 3179
f 6266 3179 6267
f 6267 3179 3175
f 6267 3175 6268
f 6268 3175 3174
f 6268 3174 6269
f 6269 3174 3176
f 6269 3176 6270
f 6270 3176 3172
f 6270 3172 6271
f 6271 3172 3171
f 6271 3171 6272
f 6272 3171 3173
f 6272 3173 6273
f 6273 3173 3169
f 6273 3169 6274
f 6274 3169 3168
f 6274 3168 6275
f 6275 3168 3170
f 6275 3170 6276
f 6276 3170 3166
f 6276 3166 6277
f 6277 3166 3165
f 6277 3165 6278
f 6278 3165 3167
f 6278 3167 6279
f 6279 3167 3163
f 6279 3163 6280
f 6280 3163 3162
f 6280 3162 6281
f 6281 3162 3164
f 6281 3164 6282
f 6282 3164 3160
f 6282 3160 6283
f 6283 3160 3159
f 6283 3159 6284
f 6284 3159 3161
f 6284 3161 6285
f 6285 3161 3157
f 6285 3157 6286
f 6286 3157 3156
f 6286 3156 6287
f 6287 3156 3158
f 6287 3158 6288
f 6288 3158 3154
f 6288 3154 6289
f 6289 3154 3153
f 6289 3153 6290
f 6290 3153 3155
f 6290 3155 6291
f 6291 3155 3151
f 6291 3151 6292
f 6292 3151 3150
f 6292 3150 6293
f 6293 3150 3152
f 6293 3152 6294
f 6294 3152 3148
f 6294 3148 6295
f 6295 3148 3147
f 6295 3147 6296
f 6296 3147 3149
f 6296 3149 6297
f 6297 3149 3145
f 6297 3145 6298
f 6298 3145 3144
f 6298 3144 6299
f 6299 3144 3146
f 6299 3146 6300
f 6300 3146 3142
f 6300 3142 6301
f 6301 3142 3141
f 6301 3141 6302
f 6302 3141 3143
f 6302 3143 6303
f 6303 3143 3139
f 6303 3139 6304
f 6304 3139 3138
f 6304 3138 6305
f 6305 3138 3140
f 6305 3140 6306
f 6306 3140 3136
f 6306 3136 6307
f 6307 3136 3135
f 6307 3135 6308
f 6308 3135 3137
f 6308 3137 6309
f 6309 3137 3133
f 6309 3133 6310
f 6310 3133 3132
f 6310 3132 6311
f 6311 3132 3134
f 6311 3134 6312
f 6312 3134 3130
f 6312 3130 6129
f 6129 3130 3129
f 300 6313 6314
f 6315 6316 299
f 299 6316 6317
f 299 6317 297
f 297 6317 6318
f 297 6318 296
f 296 6318 6319
f 296 6319 350
f 350 6319 6320
f 350 6320 348
f 348 6320 6321
f 348 6321 346
f 346 6321 6322
f 346 6322 344
f 344 6322 6323
f 344 6323 342
f 342 6323 6324
f 342 6324 340
f 340 6324 6325
f 340 6325 338
f 338 6325 6326
f 338 6326 336
f 336 6326 6327
f 336 6327 393
f 393 6327 6328
f 393 6328 391
f 391 6328 6329
f 391 6329 389
f 389 6329 6330
f 389 6330 387
f 387 6330 6331
f 387 6331 385
f 385 6331 6332
f 385 6332 383
f 383 6332 6333
f 383 6333 381
f 381 6333 6334
f 381 6334 379
f 379 6334 6335
f 379 6335 377
f 377 6335 6336
f 377 6336 375
f 375 6336 6337
f 375 6337 373
f 373 6337 6338
f 373 6338 371
f 371 6338 6339
f 371 6339 369
f 369 6339 6340
f 369 6340 367
f 367 6340 6341
f 367 6341 365
f 365 6341 6342
f 365 6342 363
f 363 6342 6343
f 363 6343 361
f 361 6343 6344
f 361 6344 359
f 359 6344 6345
f 359 6345 357
f 357 6345 6346
f 357 6346 355
f 355 6346 6347
f 355 6347 277
f 277 6347 6348
f 277 6348 285
f 285 6348 6349
f 6350 6351 6352
f 6350 6352 6353
f 6353 6352 6354
f 6353 6354 6355
f 6355 6356 6353
f 6353 6356 6357
f 6353 6357 6358
f 6359 330 6349
f 6349 330 310
f 6349 310 285
f 6360 6361 6362
f 6362 6361 6363
f 6362 6363 6364
f 6364 6363 6365
f 6364 6365 6366
f 6366 6367 6364
f 6364 6367 6368
f 6364 6368 6369
f 6369 6368 6370
f 6369 6370 6371
f 6371 6370 6372
f 6371 6372 6373
f 6374 6375 6376
f 6376 6375 6371
f 6376 6371 6377
f 6377 6371 6373
f 6374 6378 6375
f 6375 6378 6379
f 6375 6379 6380
f 6379 6381 6380
f 6380 6381 6382
f 6380 6382 6383
f 6382 6384 6383
f 6383 6384 6385
f 6383 6385 6386
f 6386 6385 6387
f 6386 6387 6388
f 6388 6387 6389
f 6388 6389 6390
f 6391 6392 6393
f 6393 6392 6388
f 6393 6388 6394
f 6394 6388 6390
f 6391 6395 6392
f 6392 6395 6396
f 6392 6396 6397
f 6398 6399 6400
f 6400 6399 6397
f 6400 6397 6401
f 6401 6397 6396
f 6398 6402 6399
f 6399 6402 6403
f 6399 6403 6404
f 6403 6405 6404
f 6404 6405 6406
f 6404 6406 6407
f 6406 6408 6407
f 6407 6408 6409
f 6407 6409 6410
f 6410 6409 6411
f 6410 6411 6412
f 6412 6411 6413
f 6412 6413 6414
f 6415 6416 6417
f 6417 6416 6412
f 6417 6412 6418
f 6418 6412 6414
f 6415 6419 6416
f 6416 6419 6420
f 6416 6420 6421
f 6422 6423 6424
f 6424 6423 6421
f 6424 6421 6425
f 6425 6421 6420
f 6422 6426 6423
f 6423 6426 6427
f 6423 6427 6428
f 6427 6429 6428
f 6428 6429 6430
f 6428 6430 6431
f 6430 6432 6431
f 6431 6432 6433
f 6431 6433 6434
f 6434 6433 6435
f 6434 6435 6436
f 6436 6435 6437
f 6436 6437 6438
f 6439 6440 6441
f 6441 6440 6436
f 6441 6436 6442
f 6442 6436 6438
f 6439 6443 6440
f 6440 6443 6444
f 6440 6444 6445
f 6444 6446 6445
f 6445 6446 6447
f 6445 6447 6448
f 6447 6449 6448
f 6448 6449 6450
f 6448 6450 6451
f 6451 6450 6452
f 6451 6452 6453
f 6453 6452 6454
f 6453 6454 6455
f 6455 6456 6453
f 6453 6456 6457
f 6453 6457 6458
f 6458 6457 6459
f 6458 6459 6460
f 6460 6459 6461
f 6460 6461 6462
f 6463 6464 6465
f 6465 6464 6460
f 6465 6460 6466
f 6466 6460 6462
f 6463 6467 6464
f 6464 6467 6468
f 6464 6468 6469
f 6468 6470 6469
f 6469 6470 6471
f 6469 6471 6472
f 6358 330 6353
f 6353 330 6359
f 6353 6359 6473
f 6473 6359 6472
f 6473 6472 6474
f 6474 6472 6471
f 299 300 6315
f 6315 300 6314
f 6315 6314 6475
f 6475 6314 6476
f 6475 6476 6477
f 6478 6479 6480
f 6480 6479 6475
f 6480 6475 6481
f 6481 6475 6477
f 6478 6482 6479
f 6479 6482 6483
f 6479 6483 6484
f 6485 6486 6487
f 6487 6486 6484
f 6487 6484 6488
f 6488 6484 6483
f 6485 6489 6486
f 6486 6489 6490
f 6486 6490 6491
f 6490 6492 6491
f 6491 6492 6493
f 6491 6493 6494
f 6493 6495 6494
f 6494 6495 6496
f 6494 6496 6497
f 6497 6496 6498
f 6497 6498 6499
f 6499 6498 6500
f 6499 6500 6501
f 6502 6503 6504
f 6504 6503 6499
f 6504 6499 6505
f 6505 6499 6501
f 6502 6506 6503
f 6503 6506 6507
f 6503 6507 6508
f 6507 6509 6508
f 6508 6509 6510
f 6508 6510 6511
f 6510 6512 6511
f 6511 6512 6513
f 6511 6513 6514
f 6514 6513 6515
f 6514 6515 6516
f 6516 6515 6517
f 6516 6517 6518
f 6518 6519 6516
f 6516 6519 6520
f 6516 6520 6521
f 6521 6520 6522
f 6521 6522 6523
f 6523 6522 6524
f 6523 6524 6525
f 6526 6527 6528
f 6528 6527 6523
f 6528 6523 6529
f 6529 6523 6525
f 6526 6530 6527
f 6527 6530 6531
f 6527 6531 6532
f 6531 6533 6532
f 6532 6533 6534
f 6532 6534 6535
f 6534 6536 6535
f 6535 6536 6537
f 6535 6537 6538
f 6538 6537 6539
f 6538 6539 6540
f 6540 6539 6541
f 6540 6541 6542
f 6543 6544 6545
f 6545 6544 6540
f 6545 6540 6546
f 6546 6540 6542
f 6543 6547 6544
f 6544 6547 6548
f 6544 6548 6549
f 6550 6551 6552
f 6552 6551 6549
f 6552 6549 6553
f 6553 6549 6548
f 6550 6554 6551
f 6551 6554 6555
f 6551 6555 6556
f 6555 6557 6556
f 6556 6557 6558
f 6556 6558 6559
f 6558 6560 6559
f 6559 6560 6561
f 6559 6561 6562
f 6562 6561 6563
f 6562 6563 6564
f 6564 6563 6565
f 6564 6565 6566
f 6567 6568 6569
f 6569 6568 6564
f 6569 6564 6570
f 6570 6564 6566
f 6567 6571 6568
f 6568 6571 6572
f 6568 6572 6573
f 6574 6575 6576
f 6576 6575 6573
f 6576 6573 6577
f 6577 6573 6572
f 6574 6578 6575
f 6575 6578 6579
f 6575 6579 6580
f 6579 6581 6580
f 6580 6581 6582
f 6580 6582 6583
f 6582 6584 6583
f 6583 6584 6585
f 6583 6585 6586
f 6586 6585 6587
f 6586 6587 6588
f 6588 6587 6589
f 6588 6589 6590
f 6591 6592 6593
f 6593 6592 6588
f 6593 6588 6594
f 6594 6588 6590
f 6591 6595 6592
f 6592 6595 6596
f 6592 6596 6597
f 6596 6598 6597
f 6597 6598 6599
f 6597 6599 6360
f 6360 6599 6600
f 6360 6600 6361
f 2989 6601 6602
f 2987 2985 6603
f 2985 2983 6603
f 6603 2983 2981
f 6603 2981 2979
f 2971 2969 6604
f 6604 2969 2967
f 6604 2967 2965
f 2989 6602 2961
f 2961 6602 6605
f 2961 6605 6606
f 2965 2963 6604
f 6604 2963 2961
f 6604 2961 6607
f 6607 2961 6606
f 2979 2977 6603
f 6603 2977 2975
f 6603 2975 6604
f 6604 2975 2973
f 6604 2973 2971
f 6603 6608 2987
f 2987 6608 6609
f 2987 6609 2988
f 2988 6609 6610
f 2988 6610 2952
f 6611 6612 6613
f 6611 6613 6614
f 6615 6616 6617
f 6618 6619 6620
f 6621 6622 6623
f 6623 6624 6621
f 6621 6624 6625
f 6621 6625 6626
f 6626 6625 6627
f 6628 6629 6630
f 6630 6629 6631
f 6630 6631 6632
f 6633 6634 6627
f 6627 6634 6635
f 6627 6635 6626
f 6622 6636 6623
f 6623 6636 6637
f 6623 6637 6638
f 6638 6637 6639
f 6638 6639 6640
f 6640 6639 6641
f 209 6642 6643
f 6644 6645 6646
f 6647 6648 89
f 6628 6630 6649
f 6649 6630 6650
f 6649 6650 2949
f 6645 6651 6646
f 6646 6651 6652
f 6646 6652 6613
f 6613 6652 6653
f 6613 6653 6614
f 6617 6654 6615
f 6615 6654 6655
f 6615 6655 6656
f 6656 6657 6615
f 6615 6657 6658
f 6615 6658 6627
f 6627 6658 6659
f 6627 6659 6633
f 6660 6661 6641
f 6641 6661 6662
f 6641 6663 6664
f 3 2 89
f 89 2 6665
f 89 6665 6666
f 6619 6667 6668
f 6669 6670 6671
f 6671 6670 6644
f 6671 6644 6672
f 6672 6644 6646
f 6664 6673 6641
f 6641 6673 6674
f 6641 6674 6640
f 6675 6676 2942
f 2942 6676 6677
f 2942 6677 6678
f 6668 6679 6619
f 6619 6679 6680
f 6619 6680 6620
f 6643 6630 209
f 209 6630 6632
f 209 6632 214
f 214 6632 6670
f 214 6670 6681
f 6681 6670 6669
f 6662 6682 6641
f 6641 6682 6683
f 6641 6683 6663
f 6666 6684 89
f 89 6684 6685
f 89 6685 6686
f 6687 6688 89
f 89 6688 6689
f 89 6689 6647
f 6642 209 6690
f 6690 209 207
f 6690 207 6691
f 6691 207 204
f 6691 204 6692
f 2949 6650 2942
f 2942 6650 6693
f 2942 6693 6694
f 6694 6695 2942
f 2942 6695 6696
f 2942 6696 6675
f 6678 6697 2942
f 2942 6697 6698
f 2942 6698 6699
f 6699 6700 2942
f 2942 6700 6701
f 2942 6701 2954
f 2954 6701 6702
f 2954 6702 2986
f 2986 6702 6703
f 6704 2968 6705
f 6705 2968 2970
f 6705 2970 6706
f 6706 2970 2972
f 6706 2972 6707
f 6707 2972 2974
f 6707 2974 6708
f 6667 6619 6709
f 6709 6619 2990
f 6709 2990 6710
f 21 17 68
f 6711 161 6712
f 6712 161 159
f 6712 159 6713
f 6713 159 157
f 6713 157 6714
f 6714 157 154
f 6714 154 6715
f 204 200 6692
f 6692 200 195
f 6692 195 6716
f 6716 195 192
f 6716 192 6717
f 6717 192 190
f 6717 190 6718
f 6718 190 187
f 6718 187 6719
f 2974 2976 6708
f 6708 2976 2978
f 6708 2978 6720
f 6720 2978 2980
f 6720 2980 6721
f 6721 2980 2982
f 6721 2982 6703
f 6703 2982 2984
f 6703 2984 2986
f 6710 2990 6722
f 6722 2990 2960
f 6722 2960 6723
f 6681 6724 214
f 214 6724 6725
f 214 6725 255
f 89 85 3
f 3 85 80
f 3 80 77
f 77 75 3
f 3 75 72
f 3 72 68
f 63 61 27
f 6726 6727 89
f 89 6727 6728
f 89 6728 6729
f 6729 6730 89
f 89 6730 6731
f 89 6731 6732
f 6733 6734 6735
f 6736 6737 89
f 89 6737 6738
f 187 183 6719
f 6719 183 178
f 6719 178 6739
f 6739 178 175
f 6739 175 6740
f 6740 175 173
f 6740 173 6741
f 6741 173 170
f 6741 170 6711
f 6711 170 166
f 6711 166 161
f 6723 2960 6742
f 6742 2960 2962
f 6742 2962 6743
f 6743 2962 2964
f 6743 2964 6704
f 6704 2964 2966
f 6704 2966 2968
f 226 224 255
f 61 58 27
f 27 58 55
f 27 55 29
f 29 55 34
f 63 27 68
f 68 27 24
f 68 24 21
f 17 12 68
f 68 12 10
f 68 10 3
f 6744 6745 6735
f 6735 6745 6746
f 6735 6746 6747
f 6660 6641 6748
f 6748 6641 6749
f 6748 6749 6732
f 6732 6749 6735
f 6732 6735 89
f 89 6735 6747
f 89 6747 6736
f 6738 6750 89
f 89 6750 6751
f 89 6751 6687
f 6648 6752 89
f 89 6752 6753
f 89 6753 92
f 92 6753 6754
f 6618 6620 6735
f 6735 6620 6755
f 6735 6755 6733
f 6734 6756 6735
f 6735 6756 6757
f 6735 6757 6744
f 224 221 255
f 255 221 218
f 255 218 214
f 55 51 34
f 34 51 46
f 34 46 38
f 38 46 44
f 38 44 41
f 6686 6758 89
f 89 6758 6759
f 89 6759 6760
f 154 150 6715
f 6715 150 145
f 6715 145 6761
f 6761 145 143
f 6761 143 6762
f 6762 143 140
f 6762 140 6763
f 6763 140 137
f 6763 137 6764
f 6764 137 133
f 6764 133 6765
f 248 243 241
f 238 235 255
f 255 235 231
f 255 231 226
f 6760 6766 89
f 89 6766 6767
f 89 6767 6726
f 6768 109 6769
f 6769 109 106
f 6769 106 6770
f 6770 106 102
f 6770 102 6771
f 6771 102 97
f 6771 97 6754
f 6754 97 94
f 6754 94 92
f 133 128 6765
f 6765 128 126
f 6765 126 6772
f 6772 126 123
f 6772 123 6773
f 6773 123 120
f 6773 120 6774
f 6774 120 116
f 6774 116 6768
f 6768 116 111
f 6768 111 109
f 238 255 241
f 241 255 252
f 241 252 248
f 6775 1101 1103
f 6684 6666 6776
f 6665 2 1
f 6777 6778 6779
f 6780 6781 6782
f 1097 6783 6784
f 6784 6785 1097
f 1097 6785 6786
f 1097 6786 1096
f 6787 6788 6789
f 6783 6790 6791
f 6791 6790 6787
f 6791 6787 6792
f 6792 6787 6789
f 6793 6794 6795
f 6795 6794 6796
f 6795 6796 6787
f 6787 6796 6797
f 6787 6797 6788
f 6781 6798 6782
f 6782 6798 6799
f 6782 6799 6795
f 6795 6799 6800
f 6795 6800 6793
f 6780 6782 6801
f 6801 6782 6802
f 6801 6802 6803
f 6804 6805 6802
f 6802 6805 6806
f 6806 6807 6802
f 6802 6807 6808
f 6802 6808 6803
f 6809 6804 6810
f 6810 6804 6811
f 6809 6812 6804
f 6804 6812 6813
f 6804 6813 6805
f 6814 6815 6811
f 6811 6815 6816
f 6816 6817 6811
f 6811 6817 6818
f 6811 6818 6810
f 6819 6820 6814
f 6814 6820 6821
f 6821 6822 6814
f 6814 6822 6823
f 6814 6823 6815
f 6824 6825 6819
f 6819 6825 6826
f 6819 6826 6820
f 6778 6827 6779
f 6779 6827 6828
f 6779 6828 6819
f 6819 6828 6829
f 6819 6829 6824
f 6830 6777 6831
f 6830 6831 6832
f 6833 6686 6776
f 6776 6686 6685
f 6776 6685 6684
f 6766 6760 6834
f 6834 6760 6759
f 6834 6759 6833
f 6833 6759 6758
f 6833 6758 6686
f 6835 6727 6726
f 6835 6726 6836
f 6836 6726 6767
f 6836 6767 6766
f 6731 6730 6837
f 6837 6730 6729
f 6837 6729 6835
f 6835 6729 6728
f 6835 6728 6727
f 6661 6660 6838
f 6838 6660 6748
f 6838 6748 6837
f 6837 6748 6732
f 6837 6732 6731
f 6661 6838 6662
f 6662 6838 6839
f 6662 6839 6682
f 6673 6664 6840
f 6840 6664 6663
f 6840 6663 6839
f 6839 6663 6683
f 6839 6683 6682
f 6623 6638 6841
f 6841 6638 6640
f 6841 6640 6842
f 6842 6640 6674
f 6842 6674 6673
f 6623 6841 6624
f 6624 6841 6843
f 6624 6843 6625
f 1107 6616 1108
f 1108 6616 6615
f 1108 6615 6843
f 6843 6615 6627
f 6843 6627 6625
f 8 6776 1
f 1 6776 6666
f 1 6666 6665
f 6766 6834 6836
f 6836 6834 6833
f 6836 6833 6844
f 6844 6833 6776
f 6844 6776 6845
f 6845 6776 8
f 6845 8 7
f 6673 6840 6842
f 6842 6840 6839
f 6842 6839 6846
f 6846 6839 6838
f 6846 6838 6847
f 6847 6838 6837
f 6847 6837 6848
f 6848 6837 6835
f 6848 6835 6849
f 6849 6835 6836
f 6849 6836 6850
f 6850 6836 6844
f 6850 6844 6851
f 6851 6844 6845
f 6851 6845 6852
f 6852 6845 7
f 6852 7 5
f 4 6832 5
f 5 6832 6831
f 5 6831 6852
f 6852 6831 6853
f 6852 6853 6851
f 6851 6853 6854
f 6851 6854 6850
f 6850 6854 6855
f 6850 6855 6849
f 6849 6855 6856
f 6849 6856 6848
f 6848 6856 6857
f 6848 6857 6847
f 6847 6857 6858
f 6847 6858 6846
f 6846 6858 6859
f 6846 6859 6842
f 6842 6859 6860
f 6842 6860 6841
f 6841 6860 6775
f 6841 6775 6843
f 6843 6775 1103
f 6843 1103 1108
f 6783 1097 6790
f 6790 1097 1098
f 6790 1098 1100
f 6777 6779 6831
f 6831 6779 6819
f 6831 6819 6853
f 6853 6819 6814
f 6853 6814 6854
f 6854 6814 6811
f 6854 6811 6855
f 6855 6811 6804
f 6855 6804 6856
f 6856 6804 6802
f 6856 6802 6857
f 6857 6802 6782
f 6857 6782 6858
f 6858 6782 6795
f 6858 6795 6859
f 6859 6795 6787
f 6859 6787 6860
f 6860 6787 6790
f 6860 6790 6775
f 6775 6790 1100
f 6775 1100 1101
f 6612 6861 6613
f 6613 6861 6862
f 6613 6862 6863
f 6612 6864 6865
f 6863 6866 6613
f 6613 6866 6867
f 6613 6867 6646
f 6646 6867 6868
f 6646 6868 6869
f 6869 6870 6646
f 6646 6870 6871
f 6646 6871 6672
f 6672 6871 6872
f 6672 6872 6873
f 6873 6874 6672
f 6672 6874 6875
f 6672 6875 6671
f 6671 6875 6876
f 6671 6876 6877
f 6877 6878 6671
f 6671 6878 6879
f 6671 6879 6669
f 6669 6879 6880
f 6669 6880 6881
f 6881 6882 6669
f 6669 6882 6883
f 6669 6883 6681
f 6681 6883 6884
f 6681 6884 6885
f 6885 6886 6681
f 6681 6886 6887
f 6681 6887 6724
f 6724 6887 6888
f 6724 6888 6889
f 6889 6890 6724
f 6724 6890 6891
f 6724 6891 6725
f 6891 6892 6725
f 6725 6892 6893
f 6725 6893 6894
f 6895 255 6896
f 6896 255 6725
f 6896 6725 6897
f 6897 6725 6894
f 6895 6898 255
f 255 6898 6899
f 255 6899 256
f 6612 6865 6861
f 6861 6865 6900
f 6861 6900 6901
f 6901 6900 6902
f 6901 6902 6903
f 6903 6902 2900
f 6903 2900 2904
f 6904 3726 3725
f 3738 3737 6905
f 3744 3748 6906
f 3747 3746 6907
f 3753 3754 6908
f 6909 6910 6911
f 3756 3757 6912
f 3759 3760 6913
f 3765 3766 6914
f 3768 3771 6915
f 3776 3775 6916
f 3773 3772 6917
f 3777 3779 6918
f 3784 3785 6919
f 3787 3788 6920
f 3790 3791 6921
f 3796 3795 6922
f 3799 3798 6923
f 3802 3801 6924
f 6925 6926 6927
f 6928 6929 6904
f 6930 6931 6932
f 6933 6934 6935
f 6936 6937 6938
f 6939 6940 6941
f 6942 6943 6944
f 6945 6946 6947
f 6948 6949 6950
f 6951 6952 6953
f 6954 6955 6956
f 6957 6958 6959
f 6960 6961 6962
f 6963 6964 6909
f 6965 309 308
f 330 6358 331
f 331 6358 6357
f 331 6357 332
f 329 335 6966
f 6966 335 312
f 6966 312 6965
f 6965 312 311
f 6965 311 309
f 329 6966 327
f 327 6966 6967
f 327 6967 325
f 6968 304 6967
f 6967 304 302
f 6967 302 325
f 6968 6969 313
f 313 315 6968
f 6968 315 295
f 6968 295 304
f 6970 6971 6972
f 6973 6974 6975
f 6910 6976 6977
f 6909 6964 6910
f 6910 6964 6978
f 6910 6978 6976
f 6960 6962 6979
f 6951 6953 6980
f 6939 6941 6981
f 6982 6983 6984
f 6984 6983 6985
f 6984 6985 6986
f 6987 6988 6989
f 6990 6991 6992
f 6992 6991 6993
f 6994 6995 6996
f 6996 6995 6997
f 6996 6997 6998
f 6999 7000 7001
f 7002 7003 7004
f 7004 7003 7005
f 7004 7005 7006
f 7007 7008 7009
f 7009 7008 7010
f 7009 7010 7011
f 7012 7013 7014
f 7014 7013 7015
f 7014 7015 7016
f 7016 7015 7017
f 3267 3806 7018
f 3728 3726 7019
f 7019 3726 6904
f 7019 6904 7020
f 7020 6904 6929
f 7021 7022 7023
f 7023 7022 7024
f 7023 7024 6904
f 6904 7024 7025
f 6904 7025 6928
f 7026 7027 7028
f 7028 7027 7029
f 7028 7029 7023
f 7023 7029 7030
f 7023 7030 7021
f 7031 7032 7033
f 7033 7032 7034
f 7033 7034 7028
f 7028 7034 7035
f 7028 7035 7026
f 7036 7037 7033
f 7033 7037 7038
f 7033 7038 7031
f 7039 7040 7036
f 7036 7040 7041
f 7041 7042 7036
f 7036 7042 7043
f 7036 7043 7037
f 7044 7045 7039
f 7039 7045 7046
f 7046 7047 7039
f 7039 7047 7048
f 7039 7048 7040
f 7049 7050 7044
f 7044 7050 7051
f 7051 7052 7044
f 7044 7052 7053
f 7044 7053 7045
f 7054 7055 7049
f 7049 7055 7056
f 7049 7056 7050
f 7057 7058 7059
f 7059 7058 7060
f 7059 7060 7054
f 7061 7062 7063
f 7063 7062 7064
f 7063 7064 7065
f 7064 7066 7065
f 7065 7066 7067
f 7065 7067 7068
f 6926 7069 6927
f 6927 7069 7070
f 6927 7070 7063
f 7063 7070 7071
f 7063 7071 7061
f 7072 6925 7073
f 7012 7007 7013
f 7013 7007 7009
f 7013 7009 7074
f 7018 7017 3267
f 3267 7017 7015
f 3267 7015 3268
f 3268 7015 7013
f 3268 7013 3803
f 3803 7013 7074
f 3803 7074 3804
f 3804 7074 3805
f 3801 3805 6924
f 6924 3805 7074
f 6924 7074 7075
f 7075 7074 7009
f 7075 7009 7004
f 7004 7009 7011
f 7004 7011 7002
f 3798 3802 6923
f 6923 3802 6924
f 6923 6924 7076
f 7076 6924 7075
f 7076 7075 7077
f 7077 7075 7004
f 7077 7004 6999
f 6999 7004 7006
f 6999 7006 7000
f 3795 3799 6922
f 6922 3799 6923
f 6922 6923 7078
f 7078 6923 7076
f 7078 7076 7079
f 7079 7076 7077
f 7079 7077 7080
f 7080 7077 6999
f 7080 6999 6996
f 6996 6999 7001
f 6996 7001 6994
f 3793 3796 7081
f 7081 3796 6922
f 7081 6922 7082
f 7082 6922 7078
f 7082 7078 7083
f 7083 7078 7079
f 7083 7079 7084
f 7084 7079 7080
f 7084 7080 7085
f 7085 7080 6996
f 7085 6996 6992
f 6992 6996 6998
f 6992 6998 6990
f 3791 3793 6921
f 6921 3793 7081
f 6921 7081 7086
f 7086 7081 7082
f 7086 7082 7087
f 7087 7082 7083
f 7087 7083 7088
f 7088 7083 7084
f 7088 7084 7089
f 7089 7084 7085
f 7089 7085 6989
f 6989 7085 6992
f 6989 6992 6987
f 6987 6992 6993
f 3788 3790 6920
f 6920 3790 6921
f 6920 6921 7090
f 7090 6921 7086
f 7090 7086 7091
f 7091 7086 7087
f 7091 7087 7092
f 7092 7087 7088
f 7092 7088 7093
f 7093 7088 7089
f 7093 7089 7094
f 7094 7089 6989
f 7094 6989 6985
f 6985 6989 6988
f 6985 6988 6986
f 3785 3787 6919
f 6919 3787 6920
f 6919 6920 7095
f 7095 6920 7090
f 7095 7090 7096
f 7096 7090 7091
f 7096 7091 7097
f 7097 7091 7092
f 7097 7092 7098
f 7098 7092 7093
f 7098 7093 7099
f 7099 7093 7094
f 7099 7094 6932
f 6932 7094 6985
f 6932 6985 6930
f 6930 6985 6983
f 3782 3784 7100
f 7100 3784 6919
f 7100 6919 7101
f 7101 6919 7095
f 7101 7095 7102
f 7102 7095 7096
f 7102 7096 7103
f 7103 7096 7097
f 7103 7097 7104
f 7104 7097 7098
f 7104 7098 7105
f 7105 7098 7099
f 7105 7099 6935
f 6935 7099 6932
f 6935 6932 6933
f 6933 6932 6931
f 3781 3782 7106
f 7106 3782 7100
f 7106 7100 7107
f 7107 7100 7101
f 7107 7101 7108
f 7108 7101 7102
f 7108 7102 7109
f 7109 7102 7103
f 7109 7103 7110
f 7110 7103 7104
f 7110 7104 7111
f 7111 7104 7105
f 7111 7105 6938
f 6938 7105 6935
f 6938 6935 6936
f 6936 6935 6934
f 3779 3781 6918
f 6918 3781 7106
f 6918 7106 7112
f 7112 7106 7107
f 7112 7107 7113
f 7113 7107 7108
f 7113 7108 7114
f 7114 7108 7109
f 7114 7109 7115
f 7115 7109 7110
f 7115 7110 7116
f 7116 7110 7111
f 7116 7111 7117
f 7117 7111 6938
f 7117 6938 7118
f 7118 6938 6937
f 3772 3777 6917
f 6917 3777 6918
f 6917 6918 7119
f 7119 6918 7112
f 7119 7112 7120
f 7120 7112 7113
f 7120 7113 7121
f 7121 7113 7114
f 7121 7114 7122
f 7122 7114 7115
f 7122 7115 7123
f 7123 7115 7116
f 7123 7116 7124
f 7124 7116 7117
f 7124 7117 7125
f 7125 7117 7118
f 3775 3773 6916
f 6916 3773 6917
f 6916 6917 7126
f 7126 6917 7119
f 7126 7119 7127
f 7127 7119 7120
f 7127 7120 7128
f 7128 7120 7121
f 7128 7121 7129
f 7129 7121 7122
f 7129 7122 7130
f 7130 7122 7123
f 7130 7123 6941
f 6941 7123 7124
f 6941 7124 6981
f 6981 7124 7125
f 3770 3776 7131
f 7131 3776 6916
f 7131 6916 7132
f 7132 6916 7126
f 7132 7126 7133
f 7133 7126 7127
f 7133 7127 7134
f 7134 7127 7128
f 7134 7128 7135
f 7135 7128 7129
f 7135 7129 7136
f 7136 7129 7130
f 7136 7130 7137
f 7137 7130 6941
f 7137 6941 7138
f 7138 6941 6940
f 3771 3770 6915
f 6915 3770 7131
f 6915 7131 7139
f 7139 7131 7132
f 7139 7132 7140
f 7140 7132 7133
f 7140 7133 7141
f 7141 7133 7134
f 7141 7134 7142
f 7142 7134 7135
f 7142 7135 7143
f 7143 7135 7136
f 7143 7136 6944
f 6944 7136 7137
f 6944 7137 6942
f 6942 7137 7138
f 3766 3768 6914
f 6914 3768 6915
f 6914 6915 7144
f 7144 6915 7139
f 7144 7139 7145
f 7145 7139 7140
f 7145 7140 7146
f 7146 7140 7141
f 7146 7141 7147
f 7147 7141 7142
f 7147 7142 7148
f 7148 7142 7143
f 7148 7143 6947
f 6947 7143 6944
f 6947 6944 6945
f 6945 6944 6943
f 3763 3765 7149
f 7149 3765 6914
f 7149 6914 7150
f 7150 6914 7144
f 7150 7144 7151
f 7151 7144 7145
f 7151 7145 7152
f 7152 7145 7146
f 7152 7146 7153
f 7153 7146 7147
f 7153 7147 7154
f 7154 7147 7148
f 7154 7148 6950
f 6950 7148 6947
f 6950 6947 6948
f 6948 6947 6946
f 3762 3763 7155
f 7155 3763 7149
f 7155 7149 7156
f 7156 7149 7150
f 7156 7150 7157
f 7157 7150 7151
f 7157 7151 7158
f 7158 7151 7152
f 7158 7152 7159
f 7159 7152 7153
f 7159 7153 7160
f 7160 7153 7154
f 7160 7154 7161
f 7161 7154 6950
f 7161 6950 7162
f 7162 6950 6949
f 3760 3762 6913
f 6913 3762 7155
f 6913 7155 7163
f 7163 7155 7156
f 7163 7156 7164
f 7164 7156 7157
f 7164 7157 7165
f 7165 7157 7158
f 7165 7158 7166
f 7166 7158 7159
f 7166 7159 7167
f 7167 7159 7160
f 7167 7160 6953
f 6953 7160 7161
f 6953 7161 6980
f 6980 7161 7162
f 3757 3759 6912
f 6912 3759 6913
f 6912 6913 7168
f 7168 6913 7163
f 7168 7163 7169
f 7169 7163 7164
f 7169 7164 7170
f 7170 7164 7165
f 7170 7165 7171
f 7171 7165 7166
f 7171 7166 7172
f 7172 7166 7167
f 7172 7167 7173
f 7173 7167 6953
f 7173 6953 7174
f 7174 6953 6952
f 3754 3756 6908
f 6908 3756 6912
f 6908 6912 7175
f 7175 6912 7168
f 7175 7168 7176
f 7176 7168 7169
f 7176 7169 7177
f 7177 7169 7170
f 7177 7170 7178
f 7178 7170 7171
f 7178 7171 7179
f 7179 7171 7172
f 7179 7172 6956
f 6956 7172 7173
f 6956 7173 6954
f 6954 7173 7174
f 3751 3753 7180
f 7180 3753 6908
f 7180 6908 7181
f 7181 6908 7175
f 7181 7175 7182
f 7182 7175 7176
f 7182 7176 7183
f 7183 7176 7177
f 7183 7177 7184
f 7184 7177 7178
f 7184 7178 7185
f 7185 7178 7179
f 7185 7179 6959
f 6959 7179 6956
f 6959 6956 6957
f 6957 6956 6955
f 7186 6911 7187
f 7187 6911 6910
f 7187 6910 6973
f 6973 6910 6977
f 6973 6977 6974
f 6958 7188 6959
f 6959 7188 7189
f 6959 7189 7185
f 7185 7189 7190
f 7185 7190 7184
f 7184 7190 7191
f 7184 7191 7183
f 7183 7191 7192
f 7183 7192 7182
f 7182 7192 7193
f 7182 7193 7181
f 7181 7193 7194
f 7181 7194 7180
f 7180 7194 7195
f 7180 7195 3751
f 7196 7186 7197
f 7197 7186 7187
f 7197 7187 7198
f 7198 7187 6973
f 7198 6973 7199
f 7199 6973 6975
f 7199 6975 7200
f 3270 3272 7195
f 7195 3272 3749
f 7195 3749 3751
f 3746 3270 6907
f 6907 3270 7195
f 6907 7195 7201
f 7201 7195 7194
f 7201 7194 7202
f 7202 7194 7193
f 7202 7193 7203
f 7203 7193 7192
f 7203 7192 7204
f 7204 7192 7191
f 7204 7191 7205
f 7205 7191 7190
f 7205 7190 7206
f 7206 7190 7189
f 7206 7189 7207
f 7207 7189 7188
f 7208 7196 7209
f 7209 7196 7197
f 7209 7197 7210
f 7210 7197 7198
f 7210 7198 7211
f 7211 7198 7199
f 7211 7199 6970
f 6970 7199 7200
f 6970 7200 6971
f 3748 3747 6906
f 6906 3747 6907
f 6906 6907 7212
f 7212 6907 7201
f 7212 7201 7213
f 7213 7201 7202
f 7213 7202 7214
f 7214 7202 7203
f 7214 7203 7215
f 7215 7203 7204
f 7215 7204 7216
f 7216 7204 7205
f 7216 7205 6962
f 6962 7205 7206
f 6962 7206 6979
f 6979 7206 7207
f 7217 7208 7218
f 7218 7208 7209
f 7218 7209 7219
f 7219 7209 7210
f 7219 7210 7220
f 7220 7210 7211
f 7220 7211 7221
f 7221 7211 6970
f 7221 6970 7222
f 7222 6970 6972
f 7222 6972 7223
f 3742 3744 7224
f 7224 3744 6906
f 7224 6906 7225
f 7225 6906 7212
f 7225 7212 7226
f 7226 7212 7213
f 7226 7213 7227
f 7227 7213 7214
f 7227 7214 7228
f 7228 7214 7215
f 7228 7215 7229
f 7229 7215 7216
f 7229 7216 7230
f 7230 7216 6962
f 7230 6962 7231
f 7231 6962 6961
f 6905 7217 7232
f 7232 7217 7218
f 7232 7218 7233
f 7233 7218 7219
f 7233 7219 7234
f 7234 7219 7220
f 7234 7220 7235
f 7235 7220 7221
f 7235 7221 7236
f 7236 7221 7222
f 7236 7222 6969
f 6969 7222 7223
f 6969 7223 313
f 3737 3742 6905
f 6905 3742 7224
f 6905 7224 7217
f 7217 7224 7225
f 7217 7225 7208
f 7208 7225 7226
f 7208 7226 7196
f 7196 7226 7227
f 7196 7227 7186
f 7186 7227 7228
f 7186 7228 6911
f 6911 7228 7229
f 6911 7229 6909
f 6909 7229 7230
f 6909 7230 6963
f 6963 7230 7231
f 6356 6965 6357
f 6357 6965 308
f 6357 308 332
f 3741 3740 7237
f 7237 3740 3738
f 3738 6905 7237
f 7237 6905 7232
f 7237 7232 7238
f 7238 7232 7233
f 7238 7233 7239
f 7239 7233 7234
f 7239 7234 7240
f 7240 7234 7235
f 7240 7235 7241
f 7241 7235 7236
f 7241 7236 7242
f 7242 7236 6969
f 7242 6969 7243
f 7243 6969 6968
f 7243 6968 7244
f 7244 6968 6967
f 7244 6967 7245
f 7245 6967 6966
f 7245 6966 7246
f 7246 6966 6965
f 7246 6965 7247
f 7247 6965 6356
f 7247 6356 6355
f 3735 3733 7248
f 7248 3733 3741
f 3741 7237 7248
f 7248 7237 7238
f 7248 7238 7249
f 7249 7238 7239
f 7249 7239 7250
f 7250 7239 7240
f 7250 7240 7251
f 7251 7240 7241
f 7251 7241 7252
f 7252 7241 7242
f 7252 7242 7253
f 7253 7242 7243
f 7253 7243 7254
f 7254 7243 7244
f 7254 7244 7255
f 7255 7244 7245
f 7255 7245 7256
f 7256 7245 7246
f 7256 7246 7257
f 7257 7246 7247
f 7257 7247 7258
f 7258 7247 6355
f 7258 6355 6354
f 7259 3273 3735
f 3735 7248 7259
f 7259 7248 7249
f 7259 7249 7260
f 7260 7249 7250
f 7260 7250 7261
f 7261 7250 7251
f 7261 7251 7262
f 7262 7251 7252
f 7262 7252 7263
f 7263 7252 7253
f 7263 7253 7264
f 7264 7253 7254
f 7264 7254 7265
f 7265 7254 7255
f 7265 7255 7266
f 7266 7255 7256
f 7266 7256 7267
f 7267 7256 7257
f 7267 7257 7268
f 7268 7257 7258
f 7268 7258 7269
f 7269 7258 6354
f 7269 6354 6352
f 7270 3729 3274
f 6351 7072 6352
f 6352 7072 7073
f 6352 7073 7269
f 7269 7073 7271
f 7269 7271 7268
f 7268 7271 7272
f 7268 7272 7267
f 7267 7272 7273
f 7267 7273 7266
f 7266 7273 7274
f 7266 7274 7265
f 7265 7274 7275
f 7265 7275 7264
f 7264 7275 7276
f 7264 7276 7263
f 7263 7276 7277
f 7263 7277 7262
f 7262 7277 7278
f 7262 7278 7261
f 7261 7278 7279
f 7261 7279 7260
f 7260 7279 7270
f 7260 7270 7259
f 7259 7270 3274
f 7259 3274 3273
f 7280 3731 3730
f 6925 6927 7073
f 7073 6927 7063
f 7073 7063 7271
f 7271 7063 7065
f 7271 7065 7272
f 7272 7065 7281
f 7272 7281 7273
f 7273 7281 7282
f 7273 7282 7274
f 7274 7282 7283
f 7274 7283 7275
f 7275 7283 7284
f 7275 7284 7276
f 7276 7284 7285
f 7276 7285 7277
f 7277 7285 7286
f 7277 7286 7278
f 7278 7286 7287
f 7278 7287 7279
f 7279 7287 7280
f 7279 7280 7270
f 7270 7280 3730
f 7270 3730 3729
f 7068 7057 7065
f 7065 7057 7059
f 7065 7059 7281
f 7281 7059 7288
f 7281 7288 7282
f 7282 7288 7289
f 7282 7289 7283
f 7283 7289 7290
f 7283 7290 7284
f 7284 7290 7291
f 7284 7291 7285
f 7285 7291 7292
f 7285 7292 7286
f 7286 7292 7293
f 7286 7293 7287
f 7287 7293 7294
f 7287 7294 7280
f 7280 7294 3724
f 7280 3724 3731
f 7054 7049 7059
f 7059 7049 7044
f 7059 7044 7288
f 7288 7044 7039
f 7288 7039 7289
f 7289 7039 7036
f 7289 7036 7290
f 7290 7036 7033
f 7290 7033 7291
f 7291 7033 7028
f 7291 7028 7292
f 7292 7028 7023
f 7292 7023 7293
f 7293 7023 6904
f 7293 6904 7294
f 7294 6904 3725
f 7294 3725 3724
f 7295 7296 259
f 7297 269 7298
f 7298 269 7299
f 259 7296 261
f 261 7296 7300
f 261 7300 7301
f 7301 7302 261
f 261 7302 7303
f 261 7303 298
f 298 7303 7304
f 7304 7305 298
f 298 7305 7306
f 298 7306 7307
f 6313 300 7308
f 7308 300 298
f 7308 298 7309
f 7309 298 7307
f 7310 7311 7297
f 7297 7311 7312
f 7297 7312 269
f 269 7312 7313
f 269 7313 259
f 259 7313 7314
f 259 7314 7295
f 7315 7316 7317
f 7317 7316 7318
f 7317 7318 7319
f 7319 7318 7320
f 7319 7320 7310
f 7310 7320 7321
f 7310 7321 7311
f 7322 7323 7315
f 7315 7323 7324
f 7315 7324 7316
f 7325 7326 7322
f 7322 7326 7327
f 7322 7327 7328
f 7328 7329 7322
f 7322 7329 7330
f 7322 7330 7323
f 7325 7331 7326
f 7326 7331 7332
f 7326 7332 7333
f 7333 7332 7334
f 7333 7334 7335
f 7335 7334 7336
f 7335 7336 7337
f 7337 7336 7338
f 7338 7336 7339
f 7338 7339 7340
f 7340 7339 7341
f 7340 7341 7342
f 7342 7341 6603
f 7342 6603 6604
f 7343 257 274
f 7344 260 258
f 269 268 7299
f 7299 268 7345
f 7345 268 7346
f 7346 268 267
f 7346 267 7347
f 7344 7348 260
f 260 7348 7349
f 260 7349 267
f 267 7349 7350
f 267 7350 7347
f 7343 7351 257
f 257 7351 7352
f 257 7352 258
f 258 7352 7353
f 258 7353 7344
f 7354 7355 274
f 274 7355 7356
f 274 7356 7343
f 7354 274 7357
f 7357 274 273
f 7357 273 272
f 7357 272 7358
f 7358 272 7359
f 7359 272 266
f 7359 266 7360
f 7360 266 7361
f 7361 266 265
f 7361 265 7362
f 7363 7364 264
f 264 7364 7365
f 264 7365 265
f 265 7365 7366
f 265 7366 7362
f 7363 264 271
f 7363 271 7367
f 7367 271 270
f 7367 270 7368
f 7368 270 7369
f 7369 270 263
f 7369 263 7370
f 262 7371 263
f 263 7371 7372
f 263 7372 7370
f 7373 7374 353
f 353 7374 7375
f 353 7375 262
f 262 7375 7376
f 262 7376 7371
f 7373 353 7377
f 7377 353 352
f 7377 352 7378
f 7378 352 7379
f 7379 352 351
f 7379 351 3046
f 7380 7381 7382
f 7383 7384 7385
f 7386 7387 7388
f 7389 7390 7391
f 7392 7393 7394
f 7395 7396 7397
f 7398 7399 7400
f 7401 7402 7403
f 7404 7405 7406
f 7407 3021 3020
f 303 307 7408
f 306 305 7409
f 321 320 7410
f 319 318 7411
f 314 313 7223
f 317 316 7412
f 7412 316 314
f 322 7413 293
f 293 7413 294
f 7414 323 301
f 7415 326 324
f 7416 334 328
f 7417 283 333
f 7418 286 284
f 289 288 7419
f 7419 288 287
f 7420 275 290
f 279 278 7421
f 7421 278 276
f 7422 291 280
f 7423 282 281
f 3010 354 282
f 7405 7424 7425
f 7425 7424 7426
f 7425 7426 7427
f 7404 7406 7402
f 7401 7403 7428
f 7399 7429 7430
f 7430 7429 7431
f 7430 7431 7428
f 7398 7400 7396
f 7395 7397 7432
f 7393 7433 7434
f 7434 7433 7435
f 7434 7435 7432
f 7392 7394 7436
f 7436 7437 7438
f 7438 7437 7439
f 7390 7440 7441
f 7441 7440 7442
f 7441 7442 7443
f 7389 7391 7387
f 7386 7388 7444
f 7384 7445 7446
f 7446 7445 7447
f 7446 7447 7444
f 7383 7385 7448
f 7380 7449 7450
f 7449 7451 7450
f 7450 7451 7452
f 7450 7452 7448
f 7382 7381 7453
f 7453 7381 7454
f 7453 7454 7455
f 7455 7456 7457
f 7457 7456 6983
f 7457 6983 6982
f 6971 7458 7412
f 314 7223 7412
f 7412 7223 6972
f 7412 6972 6971
f 6974 7459 6975
f 6975 7459 7458
f 6975 7458 7200
f 7200 7458 6971
f 6974 6977 7459
f 7459 6977 6976
f 7459 6976 7460
f 6963 7461 6964
f 6964 7461 7460
f 6964 7460 6978
f 6978 7460 6976
f 6963 7231 7461
f 7461 7231 6961
f 7461 6961 7462
f 7207 7463 6979
f 6979 7463 7462
f 6979 7462 6960
f 6960 7462 6961
f 7207 7188 7463
f 7463 7188 6958
f 7463 6958 7464
f 6954 7465 6955
f 6955 7465 7464
f 6955 7464 6957
f 6957 7464 6958
f 6954 7174 7465
f 7465 7174 6952
f 7465 6952 7466
f 6952 6951 7466
f 7466 6951 6980
f 7466 6980 7467
f 7467 6980 7162
f 7467 7162 7468
f 7468 7162 6949
f 6949 6948 7468
f 7468 6948 6946
f 7468 6946 7469
f 6942 7470 6943
f 6943 7470 7469
f 6943 7469 6945
f 6945 7469 6946
f 6942 7138 7470
f 7470 7138 6940
f 7470 6940 7471
f 6940 6939 7471
f 7471 6939 6981
f 7471 6981 7472
f 6937 7473 7118
f 7118 7473 7472
f 7118 7472 7125
f 7125 7472 6981
f 6937 6936 7473
f 7473 6936 6934
f 7473 6934 7474
f 6934 6933 7474
f 7474 6933 6931
f 7474 6931 7456
f 7456 6931 6930
f 7456 6930 6983
f 7455 7454 7456
f 7456 7454 7475
f 7456 7475 7474
f 7474 7475 7476
f 7474 7476 7473
f 7473 7476 7477
f 7473 7477 7472
f 7472 7477 7478
f 7472 7478 7471
f 7471 7478 7479
f 7471 7479 7470
f 7470 7479 7480
f 7470 7480 7469
f 7469 7480 7481
f 7469 7481 7468
f 7468 7481 7482
f 7468 7482 7467
f 7467 7482 7483
f 7467 7483 7466
f 7466 7483 7484
f 7466 7484 7465
f 7465 7484 7485
f 7465 7485 7464
f 7464 7485 7486
f 7464 7486 7463
f 7463 7486 7487
f 7463 7487 7462
f 7462 7487 7488
f 7462 7488 7461
f 7461 7488 7489
f 7461 7489 7460
f 7460 7489 7490
f 7460 7490 7459
f 7459 7490 7491
f 7459 7491 7458
f 7458 7491 7411
f 7458 7411 7412
f 7412 7411 318
f 7412 318 317
f 7380 7450 7381
f 7381 7450 7492
f 7381 7492 7454
f 7454 7492 7493
f 7454 7493 7475
f 7475 7493 7494
f 7475 7494 7476
f 7476 7494 7495
f 7476 7495 7477
f 7477 7495 7496
f 7477 7496 7478
f 7478 7496 7497
f 7478 7497 7479
f 7479 7497 7498
f 7479 7498 7480
f 7480 7498 7499
f 7480 7499 7481
f 7481 7499 7500
f 7481 7500 7482
f 7482 7500 7501
f 7482 7501 7483
f 7483 7501 7502
f 7483 7502 7484
f 7484 7502 7503
f 7484 7503 7485
f 7485 7503 7504
f 7485 7504 7486
f 7486 7504 7505
f 7486 7505 7487
f 7487 7505 7506
f 7487 7506 7488
f 7488 7506 7507
f 7488 7507 7489
f 7489 7507 7508
f 7489 7508 7490
f 7490 7508 7509
f 7490 7509 7491
f 7491 7509 7410
f 7491 7410 7411
f 7411 7410 320
f 7411 320 319
f 7448 7385 7450
f 7450 7385 7510
f 7450 7510 7492
f 7492 7510 7511
f 7492 7511 7493
f 7493 7511 7512
f 7493 7512 7494
f 7494 7512 7513
f 7494 7513 7495
f 7495 7513 7514
f 7495 7514 7496
f 7496 7514 7515
f 7496 7515 7497
f 7497 7515 7516
f 7497 7516 7498
f 7498 7516 7517
f 7498 7517 7499
f 7499 7517 7518
f 7499 7518 7500
f 7500 7518 7519
f 7500 7519 7501
f 7501 7519 7520
f 7501 7520 7502
f 7502 7520 7521
f 7502 7521 7503
f 7503 7521 7522
f 7503 7522 7504
f 7504 7522 7523
f 7504 7523 7505
f 7505 7523 7524
f 7505 7524 7506
f 7506 7524 7525
f 7506 7525 7507
f 7507 7525 7526
f 7507 7526 7508
f 7508 7526 7527
f 7508 7527 7509
f 7509 7527 7413
f 7509 7413 7410
f 7410 7413 322
f 7410 322 321
f 7384 7446 7385
f 7385 7446 7528
f 7385 7528 7510
f 7510 7528 7529
f 7510 7529 7511
f 7511 7529 7530
f 7511 7530 7512
f 7512 7530 7531
f 7512 7531 7513
f 7513 7531 7532
f 7513 7532 7514
f 7514 7532 7533
f 7514 7533 7515
f 7515 7533 7534
f 7515 7534 7516
f 7516 7534 7535
f 7516 7535 7517
f 7517 7535 7536
f 7517 7536 7518
f 7518 7536 7537
f 7518 7537 7519
f 7519 7537 7538
f 7519 7538 7520
f 7520 7538 7539
f 7520 7539 7521
f 7521 7539 7540
f 7521 7540 7522
f 7522 7540 7541
f 7522 7541 7523
f 7523 7541 7542
f 7523 7542 7524
f 7524 7542 7543
f 7524 7543 7525
f 7525 7543 7544
f 7525 7544 7526
f 7526 7544 7545
f 7526 7545 7527
f 7527 7545 7409
f 7527 7409 7413
f 7413 7409 305
f 7413 305 294
f 7444 7388 7446
f 7446 7388 7546
f 7446 7546 7528
f 7528 7546 7547
f 7528 7547 7529
f 7529 7547 7548
f 7529 7548 7530
f 7530 7548 7549
f 7530 7549 7531
f 7531 7549 7550
f 7531 7550 7532
f 7532 7550 7551
f 7532 7551 7533
f 7533 7551 7552
f 7533 7552 7534
f 7534 7552 7553
f 7534 7553 7535
f 7535 7553 7554
f 7535 7554 7536
f 7536 7554 7555
f 7536 7555 7537
f 7537 7555 7556
f 7537 7556 7538
f 7538 7556 7557
f 7538 7557 7539
f 7539 7557 7558
f 7539 7558 7540
f 7540 7558 7559
f 7540 7559 7541
f 7541 7559 7560
f 7541 7560 7542
f 7542 7560 7561
f 7542 7561 7543
f 7543 7561 7562
f 7543 7562 7544
f 7544 7562 7563
f 7544 7563 7545
f 7545 7563 7408
f 7545 7408 7409
f 7409 7408 307
f 7409 307 306
f 7387 7391 7388
f 7388 7391 7564
f 7388 7564 7546
f 7546 7564 7565
f 7546 7565 7547
f 7547 7565 7566
f 7547 7566 7548
f 7548 7566 7567
f 7548 7567 7549
f 7549 7567 7568
f 7549 7568 7550
f 7550 7568 7569
f 7550 7569 7551
f 7551 7569 7570
f 7551 7570 7552
f 7552 7570 7571
f 7552 7571 7553
f 7553 7571 7572
f 7553 7572 7554
f 7554 7572 7573
f 7554 7573 7555
f 7555 7573 7574
f 7555 7574 7556
f 7556 7574 7575
f 7556 7575 7557
f 7557 7575 7576
f 7557 7576 7558
f 7558 7576 7577
f 7558 7577 7559
f 7559 7577 7578
f 7559 7578 7560
f 7560 7578 7579
f 7560 7579 7561
f 7561 7579 7580
f 7561 7580 7562
f 7562 7580 7581
f 7562 7581 7563
f 7563 7581 7414
f 7563 7414 7408
f 7408 7414 301
f 7408 301 303
f 7390 7441 7391
f 7391 7441 7582
f 7391 7582 7564
f 7564 7582 7583
f 7564 7583 7565
f 7565 7583 7584
f 7565 7584 7566
f 7566 7584 7585
f 7566 7585 7567
f 7567 7585 7586
f 7567 7586 7568
f 7568 7586 7587
f 7568 7587 7569
f 7569 7587 7588
f 7569 7588 7570
f 7570 7588 7589
f 7570 7589 7571
f 7571 7589 7590
f 7571 7590 7572
f 7572 7590 7591
f 7572 7591 7573
f 7573 7591 7592
f 7573 7592 7574
f 7574 7592 7593
f 7574 7593 7575
f 7575 7593 7594
f 7575 7594 7576
f 7576 7594 7595
f 7576 7595 7577
f 7577 7595 7596
f 7577 7596 7578
f 7578 7596 7597
f 7578 7597 7579
f 7579 7597 7598
f 7579 7598 7580
f 7580 7598 7599
f 7580 7599 7581
f 7581 7599 7415
f 7581 7415 7414
f 7414 7415 324
f 7414 324 323
f 7439 7437 7443
f 7443 7437 7600
f 7443 7600 7441
f 7441 7600 7601
f 7441 7601 7582
f 7582 7601 7602
f 7582 7602 7583
f 7583 7602 7603
f 7583 7603 7584
f 7584 7603 7604
f 7584 7604 7585
f 7585 7604 7605
f 7585 7605 7586
f 7586 7605 7606
f 7586 7606 7587
f 7587 7606 7607
f 7587 7607 7588
f 7588 7607 7608
f 7588 7608 7589
f 7589 7608 7609
f 7589 7609 7590
f 7590 7609 7610
f 7590 7610 7591
f 7591 7610 7611
f 7591 7611 7592
f 7592 7611 7612
f 7592 7612 7593
f 7593 7612 7613
f 7593 7613 7594
f 7594 7613 7614
f 7594 7614 7595
f 7595 7614 7615
f 7595 7615 7596
f 7596 7615 7616
f 7596 7616 7597
f 7597 7616 7617
f 7597 7617 7598
f 7598 7617 7618
f 7598 7618 7599
f 7599 7618 7416
f 7599 7416 7415
f 7415 7416 328
f 7415 328 326
f 7436 7394 7437
f 7437 7394 7619
f 7437 7619 7600
f 7600 7619 7620
f 7600 7620 7601
f 7601 7620 7621
f 7601 7621 7602
f 7602 7621 7622
f 7602 7622 7603
f 7603 7622 7623
f 7603 7623 7604
f 7604 7623 7624
f 7604 7624 7605
f 7605 7624 7625
f 7605 7625 7606
f 7606 7625 7626
f 7606 7626 7607
f 7607 7626 7627
f 7607 7627 7608
f 7608 7627 7628
f 7608 7628 7609
f 7609 7628 7629
f 7609 7629 7610
f 7610 7629 7630
f 7610 7630 7611
f 7611 7630 7631
f 7611 7631 7612
f 7612 7631 7632
f 7612 7632 7613
f 7613 7632 7633
f 7613 7633 7614
f 7614 7633 7634
f 7614 7634 7615
f 7615 7634 7635
f 7615 7635 7616
f 7616 7635 7636
f 7616 7636 7617
f 7617 7636 7637
f 7617 7637 7618
f 7618 7637 7417
f 7618 7417 7416
f 7416 7417 333
f 7416 333 334
f 7393 7434 7394
f 7394 7434 7638
f 7394 7638 7619
f 7619 7638 7639
f 7619 7639 7620
f 7620 7639 7640
f 7620 7640 7621
f 7621 7640 7641
f 7621 7641 7622
f 7622 7641 7642
f 7622 7642 7623
f 7623 7642 7643
f 7623 7643 7624
f 7624 7643 7644
f 7624 7644 7625
f 7625 7644 7645
f 7625 7645 7626
f 7626 7645 7646
f 7626 7646 7627
f 7627 7646 7647
f 7627 7647 7628
f 7628 7647 7648
f 7628 7648 7629
f 7629 7648 7649
f 7629 7649 7630
f 7630 7649 7650
f 7630 7650 7631
f 7631 7650 7651
f 7631 7651 7632
f 7632 7651 7652
f 7632 7652 7633
f 7633 7652 7653
f 7633 7653 7634
f 7634 7653 7654
f 7634 7654 7635
f 7635 7654 7655
f 7635 7655 7636
f 7636 7655 7656
f 7636 7656 7637
f 7637 7656 7418
f 7637 7418 7417
f 7417 7418 284
f 7417 284 283
f 7432 7397 7434
f 7434 7397 7657
f 7434 7657 7638
f 7638 7657 7658
f 7638 7658 7639
f 7639 7658 7659
f 7639 7659 7640
f 7640 7659 7660
f 7640 7660 7641
f 7641 7660 7661
f 7641 7661 7642
f 7642 7661 7662
f 7642 7662 7643
f 7643 7662 7663
f 7643 7663 7644
f 7644 7663 7664
f 7644 7664 7645
f 7645 7664 7665
f 7645 7665 7646
f 7646 7665 7666
f 7646 7666 7647
f 7647 7666 7667
f 7647 7667 7648
f 7648 7667 7668
f 7648 7668 7649
f 7649 7668 7669
f 7649 7669 7650
f 7650 7669 7670
f 7650 7670 7651
f 7651 7670 7671
f 7651 7671 7652
f 7652 7671 7672
f 7652 7672 7653
f 7653 7672 7673
f 7653 7673 7654
f 7654 7673 7674
f 7654 7674 7655
f 7655 7674 7675
f 7655 7675 7656
f 7656 7675 7419
f 7656 7419 7418
f 7418 7419 287
f 7418 287 286
f 7396 7400 7397
f 7397 7400 7676
f 7397 7676 7657
f 7657 7676 7677
f 7657 7677 7658
f 7658 7677 7678
f 7658 7678 7659
f 7659 7678 7679
f 7659 7679 7660
f 7660 7679 7680
f 7660 7680 7661
f 7661 7680 7681
f 7661 7681 7662
f 7662 7681 7682
f 7662 7682 7663
f 7663 7682 7683
f 7663 7683 7664
f 7664 7683 7684
f 7664 7684 7665
f 7665 7684 7685
f 7665 7685 7666
f 7666 7685 7686
f 7666 7686 7667
f 7667 7686 7687
f 7667 7687 7668
f 7668 7687 7688
f 7668 7688 7669
f 7669 7688 7689
f 7669 7689 7670
f 7670 7689 7690
f 7670 7690 7671
f 7671 7690 7691
f 7671 7691 7672
f 7672 7691 7692
f 7672 7692 7673
f 7673 7692 7693
f 7673 7693 7674
f 7674 7693 7694
f 7674 7694 7675
f 7675 7694 7420
f 7675 7420 7419
f 7419 7420 290
f 7419 290 289
f 7399 7430 7400
f 7400 7430 7695
f 7400 7695 7676
f 7676 7695 7696
f 7676 7696 7677
f 7677 7696 7697
f 7677 7697 7678
f 7678 7697 7698
f 7678 7698 7679
f 7679 7698 7699
f 7679 7699 7680
f 7680 7699 7700
f 7680 7700 7681
f 7681 7700 7701
f 7681 7701 7682
f 7682 7701 7702
f 7682 7702 7683
f 7683 7702 7703
f 7683 7703 7684
f 7684 7703 7704
f 7684 7704 7685
f 7685 7704 7705
f 7685 7705 7686
f 7686 7705 7706
f 7686 7706 7687
f 7687 7706 7707
f 7687 7707 7688
f 7688 7707 7708
f 7688 7708 7689
f 7689 7708 7709
f 7689 7709 7690
f 7690 7709 7710
f 7690 7710 7691
f 7691 7710 7711
f 7691 7711 7692
f 7692 7711 7712
f 7692 7712 7693
f 7693 7712 7713
f 7693 7713 7694
f 7694 7713 7421
f 7694 7421 7420
f 7420 7421 276
f 7420 276 275
f 7428 7403 7430
f 7430 7403 7714
f 7430 7714 7695
f 7695 7714 7715
f 7695 7715 7696
f 7696 7715 7716
f 7696 7716 7697
f 7697 7716 7717
f 7697 7717 7698
f 7698 7717 7718
f 7698 7718 7699
f 7699 7718 7719
f 7699 7719 7700
f 7700 7719 7720
f 7700 7720 7701
f 7701 7720 7721
f 7701 7721 7702
f 7702 7721 7722
f 7702 7722 7703
f 7703 7722 7723
f 7703 7723 7704
f 7704 7723 7724
f 7704 7724 7705
f 7705 7724 7725
f 7705 7725 7706
f 7706 7725 7726
f 7706 7726 7707
f 7707 7726 7727
f 7707 7727 7708
f 7708 7727 7728
f 7708 7728 7709
f 7709 7728 7729
f 7709 7729 7710
f 7710 7729 7730
f 7710 7730 7711
f 7711 7730 7731
f 7711 7731 7712
f 7712 7731 7732
f 7712 7732 7713
f 7713 7732 7422
f 7713 7422 7421
f 7421 7422 280
f 7421 280 279
f 7402 7406 7403
f 7403 7406 7733
f 7403 7733 7714
f 7714 7733 7734
f 7714 7734 7715
f 7715 7734 7735
f 7715 7735 7716
f 7716 7735 7736
f 7716 7736 7717
f 7717 7736 7737
f 7717 7737 7718
f 7718 7737 7738
f 7718 7738 7719
f 7719 7738 7739
f 7719 7739 7720
f 7720 7739 7740
f 7720 7740 7721
f 7721 7740 7741
f 7721 7741 7722
f 7722 7741 7742
f 7722 7742 7723
f 7723 7742 7743
f 7723 7743 7724
f 7724 7743 7744
f 7724 7744 7725
f 7725 7744 7745
f 7725 7745 7726
f 7726 7745 7746
f 7726 7746 7727
f 7727 7746 7747
f 7727 7747 7728
f 7728 7747 7748
f 7728 7748 7729
f 7729 7748 7749
f 7729 7749 7730
f 7730 7749 7750
f 7730 7750 7731
f 7731 7750 7751
f 7731 7751 7732
f 7732 7751 7752
f 7732 7752 7422
f 7422 7752 292
f 7422 292 291
f 7405 7425 7406
f 7406 7425 7753
f 7406 7753 7733
f 7733 7753 7754
f 7733 7754 7734
f 7734 7754 7755
f 7734 7755 7735
f 7735 7755 7756
f 7735 7756 7736
f 7736 7756 7757
f 7736 7757 7737
f 7737 7757 7758
f 7737 7758 7738
f 7738 7758 7759
f 7738 7759 7739
f 7739 7759 7760
f 7739 7760 7740
f 7740 7760 7761
f 7740 7761 7741
f 7741 7761 7762
f 7741 7762 7742
f 7742 7762 7763
f 7742 7763 7743
f 7743 7763 7764
f 7743 7764 7744
f 7744 7764 7765
f 7744 7765 7745
f 7745 7765 7766
f 7745 7766 7746
f 7746 7766 7767
f 7746 7767 7747
f 7747 7767 7768
f 7747 7768 7748
f 7748 7768 7769
f 7748 7769 7749
f 7749 7769 7770
f 7749 7770 7750
f 7750 7770 7771
f 7750 7771 7751
f 7751 7771 7423
f 7751 7423 7752
f 7752 7423 281
f 7752 281 292
f 3010 282 7423
f 3010 7423 3023
f 3023 7423 7771
f 3023 7771 3024
f 3024 7771 7770
f 3024 7770 3025
f 3025 7770 7769
f 3025 7769 3026
f 3026 7769 7768
f 3026 7768 3027
f 3027 7768 7767
f 3027 7767 3028
f 3028 7767 7766
f 3028 7766 3029
f 3029 7766 7765
f 3029 7765 3030
f 3030 7765 7764
f 3030 7764 3031
f 3031 7764 7763
f 3031 7763 3032
f 3032 7763 7762
f 3032 7762 3033
f 3033 7762 7761
f 3033 7761 3034
f 3034 7761 7760
f 3034 7760 3041
f 3041 7760 7759
f 3041 7759 3042
f 3042 7759 7758
f 3042 7758 3038
f 3038 7758 7757
f 3038 7757 3039
f 3039 7757 7756
f 3039 7756 3040
f 3040 7756 7755
f 3040 7755 3035
f 3035 7755 7754
f 3035 7754 3036
f 3036 7754 7753
f 3036 7753 3037
f 3037 7753 7425
f 3037 7425 3020
f 3020 7425 7427
f 3020 7427 7407
f 6864 6612 7772
f 7772 6612 6611
f 7772 6611 7773
f 7773 6611 7774
f 7774 6611 7775
f 7775 6611 6614
f 7775 6614 7776
f 7777 7778 6653
f 6653 7778 7779
f 6653 7779 6614
f 6614 7779 7780
f 6614 7780 7776
f 7781 7782 6652
f 6652 7782 7783
f 6652 7783 6653
f 6653 7783 7784
f 6653 7784 7777
f 6651 7785 7786
f 7786 7787 6651
f 6651 7787 7788
f 6651 7788 6652
f 6652 7788 7789
f 6652 7789 7781
f 7785 6651 7790
f 7790 6651 6645
f 7790 6645 7791
f 6644 7792 6645
f 6645 7792 7793
f 6645 7793 7791
f 7794 7795 6644
f 6644 7795 7796
f 6644 7796 7792
f 7797 7798 6670
f 6670 7798 7799
f 6670 7799 6644
f 6644 7799 7800
f 6644 7800 7794
f 7801 7802 6632
f 6632 7802 7803
f 6632 7803 6670
f 6670 7803 7804
f 6670 7804 7797
f 7805 7806 6629
f 6629 7806 7807
f 6629 7807 6631
f 6631 7807 7808
f 6631 7808 6632
f 6632 7808 7809
f 6632 7809 7801
f 6628 7810 7811
f 6628 7811 6629
f 6629 7811 7812
f 6629 7812 7805
f 7813 7814 6628
f 6628 7814 7815
f 6628 7815 7810
f 7813 6628 7816
f 7816 6628 6649
f 7816 6649 7817
f 7817 6649 2949
f 7817 2949 2948
f 7297 7298 7818
f 7317 7319 7819
f 7322 7315 7820
f 7332 7331 7821
f 7339 7336 7822
f 7377 7378 7823
f 7378 7379 7823
f 7823 7379 3046
f 7823 3046 3047
f 7371 7376 7824
f 7368 7369 7825
f 7825 7369 7370
f 7825 7370 7824
f 7824 7370 7372
f 7824 7372 7371
f 7824 7363 7825
f 7825 7363 7367
f 7825 7367 7368
f 7376 7375 7824
f 7824 7375 7374
f 7824 7374 7823
f 7823 7374 7373
f 7823 7373 7377
f 7362 7366 7826
f 7826 7366 7365
f 7826 7365 7824
f 7824 7365 7364
f 7824 7364 7363
f 7359 7360 7826
f 7826 7360 7361
f 7826 7361 7362
f 7354 7357 7827
f 7827 7357 7826
f 7826 7357 7358
f 7826 7358 7359
f 7343 7827 7351
f 7351 7827 7828
f 7343 7356 7827
f 7827 7356 7355
f 7827 7355 7354
f 7344 7828 7348
f 7348 7828 7818
f 7344 7353 7828
f 7828 7353 7352
f 7828 7352 7351
f 7347 7350 7818
f 7818 7350 7349
f 7818 7349 7348
f 7298 7299 7345
f 7298 7345 7818
f 7818 7345 7346
f 7818 7346 7347
f 2916 2915 3071
f 3071 2915 7829
f 3071 7829 3072
f 3072 7829 3065
f 3065 7829 7830
f 3065 7830 3066
f 3067 7831 3068
f 3068 7831 7832
f 3068 7832 3069
f 3069 7832 3070
f 3070 7832 3057
f 3057 7832 7833
f 3057 7833 3058
f 3059 7834 3060
f 3060 7834 7835
f 3060 7835 3061
f 3061 7835 3062
f 3062 7835 7836
f 3062 7836 3063
f 7837 3049 3064
f 3049 7837 3050
f 3050 7837 7838
f 3050 7838 3054
f 3054 7838 3055
f 3055 7838 7839
f 3055 7839 3056
f 3051 7840 3052
f 3052 7840 7841
f 3052 7841 3053
f 3044 7842 3045
f 3045 7842 7843
f 3045 7843 3048
f 3048 7843 7844
f 6603 7341 7845
f 7845 7341 7846
f 7845 7846 7847
f 7847 7846 7848
f 7849 7850 7848
f 7848 7850 7851
f 7848 7851 7847
f 7852 7853 7854
f 7854 7853 7855
f 7854 7855 7849
f 7849 7855 7856
f 7849 7856 7850
f 7857 7858 7852
f 7852 7858 7859
f 7852 7859 7853
f 7310 7297 7860
f 7860 7297 7818
f 7860 7818 7861
f 7861 7818 7828
f 7861 7828 7862
f 7862 7828 7827
f 7862 7827 7863
f 7863 7827 7826
f 7863 7826 7864
f 7864 7826 7824
f 7864 7824 7844
f 7844 7824 7823
f 7844 7823 3048
f 3048 7823 3047
f 7865 7866 7867
f 7867 7866 7868
f 7867 7868 7857
f 7857 7868 7869
f 7857 7869 7858
f 7319 7310 7819
f 7819 7310 7860
f 7819 7860 7870
f 7870 7860 7861
f 7870 7861 7871
f 7871 7861 7862
f 7871 7862 7872
f 7872 7862 7863
f 7872 7863 7873
f 7873 7863 7864
f 7873 7864 7874
f 7874 7864 7844
f 7874 7844 7875
f 7875 7844 7843
f 7875 7843 7841
f 7841 7843 7842
f 7841 7842 3053
f 3053 7842 3044
f 7876 7877 7865
f 7865 7877 7878
f 7865 7878 7866
f 7315 7317 7820
f 7820 7317 7819
f 7820 7819 7879
f 7879 7819 7870
f 7879 7870 7880
f 7880 7870 7871
f 7880 7871 7881
f 7881 7871 7872
f 7881 7872 7882
f 7882 7872 7873
f 7882 7873 7883
f 7883 7873 7874
f 7883 7874 7884
f 7884 7874 7875
f 7884 7875 7885
f 7885 7875 7841
f 7885 7841 7839
f 7839 7841 7840
f 7839 7840 3056
f 3056 7840 3051
f 7886 7887 7876
f 7876 7887 7888
f 7876 7888 7877
f 7325 7322 7889
f 7889 7322 7820
f 7889 7820 7890
f 7890 7820 7879
f 7890 7879 7891
f 7891 7879 7880
f 7891 7880 7892
f 7892 7880 7881
f 7892 7881 7893
f 7893 7881 7882
f 7893 7882 7894
f 7894 7882 7883
f 7894 7883 7895
f 7895 7883 7884
f 7895 7884 7896
f 7896 7884 7885
f 7896 7885 7897
f 7897 7885 7839
f 7897 7839 7898
f 7898 7839 7838
f 7898 7838 7836
f 7836 7838 7837
f 7836 7837 3063
f 3063 7837 3064
f 7899 7900 7901
f 7901 7900 7902
f 7901 7902 7886
f 7886 7902 7903
f 7886 7903 7887
f 7904 7905 7899
f 7899 7905 7906
f 7899 7906 7900
f 7331 7325 7821
f 7821 7325 7889
f 7821 7889 7907
f 7907 7889 7890
f 7907 7890 7908
f 7908 7890 7891
f 7908 7891 7909
f 7909 7891 7892
f 7909 7892 7910
f 7910 7892 7893
f 7910 7893 7911
f 7911 7893 7894
f 7911 7894 7912
f 7912 7894 7895
f 7912 7895 7913
f 7913 7895 7896
f 7913 7896 7914
f 7914 7896 7897
f 7914 7897 7915
f 7915 7897 7898
f 7915 7898 7916
f 7916 7898 7836
f 7916 7836 7917
f 7917 7836 7835
f 7917 7835 7833
f 7833 7835 7834
f 7833 7834 3058
f 3058 7834 3059
f 7918 7919 7920
f 7920 7919 7921
f 7920 7921 7904
f 7904 7921 7922
f 7904 7922 7905
f 7334 7332 7923
f 7923 7332 7821
f 7923 7821 7924
f 7924 7821 7907
f 7924 7907 7925
f 7925 7907 7908
f 7925 7908 7926
f 7926 7908 7909
f 7926 7909 7927
f 7927 7909 7910
f 7927 7910 7928
f 7928 7910 7911
f 7928 7911 7929
f 7929 7911 7912
f 7929 7912 7930
f 7930 7912 7913
f 7930 7913 7931
f 7931 7913 7914
f 7931 7914 7932
f 7932 7914 7915
f 7932 7915 7933
f 7933 7915 7916
f 7933 7916 7934
f 7934 7916 7917
f 7934 7917 7935
f 7935 7917 7833
f 7935 7833 7936
f 7936 7833 7832
f 7936 7832 7830
f 7830 7832 7831
f 7830 7831 3066
f 3066 7831 3067
f 7937 7938 7918
f 7918 7938 7939
f 7918 7939 7919
f 2912 2917 7937
f 7937 2917 7940
f 7937 7940 7938
f 7341 7339 7846
f 7846 7339 7822
f 7846 7822 7848
f 7848 7822 7941
f 7848 7941 7849
f 7849 7941 7942
f 7849 7942 7854
f 7854 7942 7943
f 7854 7943 7852
f 7852 7943 7944
f 7852 7944 7857
f 7857 7944 7945
f 7857 7945 7867
f 7867 7945 7946
f 7867 7946 7865
f 7865 7946 7947
f 7865 7947 7876
f 7876 7947 7948
f 7876 7948 7886
f 7886 7948 7949
f 7886 7949 7901
f 7901 7949 7950
f 7901 7950 7899
f 7899 7950 7951
f 7899 7951 7904
f 7904 7951 7952
f 7904 7952 7920
f 7920 7952 7953
f 7920 7953 7918
f 7918 7953 7954
f 7918 7954 7937
f 7937 7954 7955
f 7937 7955 2912
f 2912 7955 2913
f 7336 7334 7822
f 7822 7334 7923
f 7822 7923 7941
f 7941 7923 7924
f 7941 7924 7942
f 7942 7924 7925
f 7942 7925 7943
f 7943 7925 7926
f 7943 7926 7944
f 7944 7926 7927
f 7944 7927 7945
f 7945 7927 7928
f 7945 7928 7946
f 7946 7928 7929
f 7946 7929 7947
f 7947 7929 7930
f 7947 7930 7948
f 7948 7930 7931
f 7948 7931 7949
f 7949 7931 7932
f 7949 7932 7950
f 7950 7932 7933
f 7950 7933 7951
f 7951 7933 7934
f 7951 7934 7952
f 7952 7934 7935
f 7952 7935 7953
f 7953 7935 7936
f 7953 7936 7954
f 7954 7936 7830
f 7954 7830 7955
f 7955 7830 7829
f 7955 7829 2913
f 2913 7829 2915
f 6608 6603 7956
f 7956 6603 7845
f 7956 7845 7957
f 7957 7845 7847
f 7957 7847 7958
f 7958 7847 7851
f 7958 7851 7959
f 7959 7851 7850
f 7959 7850 7960
f 7960 7850 7856
f 7960 7856 7961
f 7961 7856 7855
f 7961 7855 7962
f 7962 7855 7853
f 7962 7853 7963
f 7963 7853 7859
f 7963 7859 7964
f 7964 7859 7858
f 7964 7858 7965
f 7965 7858 7869
f 7965 7869 7966
f 7966 7869 7868
f 7966 7868 7967
f 7967 7868 7866
f 7967 7866 7968
f 7968 7866 7878
f 7968 7878 7969
f 7969 7878 7877
f 7969 7877 7970
f 7970 7877 7888
f 7970 7888 7971
f 7971 7888 7887
f 7971 7887 7972
f 7972 7887 7903
f 7972 7903 7973
f 7973 7903 7902
f 7973 7902 7974
f 7974 7902 7900
f 7974 7900 7975
f 7975 7900 7906
f 7975 7906 7976
f 7976 7906 7905
f 7976 7905 7977
f 7977 7905 7922
f 7977 7922 7978
f 7978 7922 7921
f 7978 7921 7979
f 7979 7921 7919
f 7979 7919 7980
f 7980 7919 7939
f 7980 7939 7981
f 7981 7939 7938
f 7981 7938 7982
f 7982 7938 7940
f 7982 7940 2900
f 2900 7940 2917
f 7780 7779 7983
f 2952 6610 2953
f 2953 6610 7984
f 2958 2957 7985
f 7985 2957 2956
f 7985 2956 7984
f 7984 2956 2955
f 7984 2955 2953
f 2958 7985 2959
f 2959 7985 7986
f 2959 7986 2943
f 2943 7986 2944
f 2944 7986 7987
f 2944 7987 2945
f 7988 2951 7989
f 7989 2951 2947
f 7989 2947 2946
f 7816 7817 7990
f 7990 7817 2948
f 7990 2948 7988
f 7988 2948 2950
f 7988 2950 2951
f 7805 7812 7991
f 7991 7812 7811
f 7991 7811 7810
f 7810 7815 7991
f 7991 7815 7814
f 7991 7814 7990
f 7990 7814 7813
f 7990 7813 7816
f 7992 7808 7807
f 7992 7807 7991
f 7991 7807 7806
f 7991 7806 7805
f 7802 7801 7992
f 7992 7801 7809
f 7992 7809 7808
f 7798 7993 7799
f 7799 7993 7994
f 7799 7994 7800
f 7800 7994 7794
f 7798 7797 7993
f 7993 7797 7804
f 7993 7804 7992
f 7992 7804 7803
f 7992 7803 7802
f 7995 7792 7796
f 7995 7796 7994
f 7994 7796 7795
f 7994 7795 7794
f 7785 7790 7996
f 7996 7790 7791
f 7996 7791 7995
f 7995 7791 7793
f 7995 7793 7792
f 7997 7788 7787
f 7997 7787 7996
f 7996 7787 7786
f 7996 7786 7785
f 7782 7781 7997
f 7997 7781 7789
f 7997 7789 7788
f 7777 7784 7998
f 7983 7779 7998
f 7998 7779 7778
f 7998 7778 7777
f 7780 7983 7776
f 7776 7983 7999
f 7776 7999 7775
f 7772 7773 7999
f 7999 7773 7774
f 7999 7774 7775
f 6864 7772 6865
f 6865 7772 7999
f 6865 7999 6900
f 6900 7999 6902
f 7982 8000 7981
f 7981 8000 8001
f 8002 7979 8001
f 8001 7979 7980
f 8001 7980 7981
f 8003 7976 8004
f 8004 7976 7977
f 8004 7977 8002
f 8002 7977 7978
f 8002 7978 7979
f 8005 7974 8003
f 8003 7974 7975
f 8003 7975 7976
f 8006 7971 8007
f 8007 7971 7972
f 8007 7972 8005
f 8005 7972 7973
f 8005 7973 7974
f 8008 7969 8006
f 8006 7969 7970
f 8006 7970 7971
f 8009 7967 8008
f 8008 7967 7968
f 8008 7968 7969
f 8010 7964 8011
f 8011 7964 7965
f 8011 7965 8009
f 8009 7965 7966
f 8009 7966 7967
f 8012 7962 8010
f 8010 7962 7963
f 8010 7963 7964
f 7784 7783 7998
f 7998 7783 7782
f 7998 7782 8013
f 8013 7782 7997
f 8013 7997 8014
f 8014 7997 7996
f 8014 7996 8015
f 8015 7996 7995
f 8015 7995 8016
f 8016 7995 7994
f 8016 7994 8017
f 8017 7994 7993
f 8017 7993 8018
f 8018 7993 7992
f 8018 7992 8019
f 8019 7992 7991
f 8019 7991 8020
f 8020 7991 7990
f 8020 7990 8021
f 8021 7990 7988
f 8021 7988 7987
f 7987 7988 7989
f 7987 7989 2945
f 2945 7989 2946
f 8022 7959 8023
f 8023 7959 7960
f 8023 7960 8012
f 8012 7960 7961
f 8012 7961 7962
f 8024 7957 8022
f 8022 7957 7958
f 8022 7958 7959
f 6609 6608 8024
f 8024 6608 7956
f 8024 7956 7957
f 6610 6609 7984
f 7984 6609 8024
f 7984 8024 7985
f 7985 8024 8022
f 7985 8022 7986
f 7986 8022 8023
f 7986 8023 7987
f 7987 8023 8012
f 7987 8012 8021
f 8021 8012 8010
f 8021 8010 8020
f 8020 8010 8011
f 8020 8011 8019
f 8019 8011 8009
f 8019 8009 8018
f 8018 8009 8008
f 8018 8008 8017
f 8017 8008 8006
f 8017 8006 8016
f 8016 8006 8007
f 8016 8007 8015
f 8015 8007 8005
f 8015 8005 8014
f 8014 8005 8003
f 8014 8003 8013
f 8013 8003 8004
f 8013 8004 7998
f 7998 8004 8002
f 7998 8002 7983
f 7983 8002 8001
f 7983 8001 7999
f 7999 8001 8000
f 7999 8000 6902
f 6902 8000 7982
f 6902 7982 2900
f 8025 8026 8027
f 8028 8029 8030
f 8031 8032 8033
f 8034 8035 8036
f 8037 8038 8039
f 7018 8040 8041
f 7012 8042 8043
f 7457 6982 6984
f 2992 8044 2993
f 3006 3005 8045
f 3015 3014 8046
f 3022 3021 8047
f 8048 3011 3012
f 3012 3013 8048
f 8048 3013 8049
f 8049 3013 3043
f 8049 3043 3022
f 3019 3018 8050
f 8050 3018 3017
f 8050 3017 8046
f 8046 3017 3016
f 8046 3016 3015
f 3019 8051 3002
f 3002 8051 3003
f 3003 8051 3004
f 3004 8051 8052
f 3004 8052 3005
f 2992 2991 8053
f 2991 3009 8053
f 8053 3009 3008
f 8053 3008 8045
f 8045 3008 3007
f 8045 3007 3006
f 2993 8044 2994
f 2994 8044 8054
f 2994 8054 2995
f 2995 8054 2996
f 2996 8054 8055
f 2996 8055 2997
f 3000 2999 8056
f 8056 2999 2998
f 8056 2998 2997
f 3000 8056 3001
f 3001 8056 8057
f 3001 8057 2934
f 7455 8058 7453
f 7453 8058 7382
f 7457 6984 7455
f 7452 7451 8059
f 8059 7451 7449
f 8059 7449 8058
f 8058 7449 7380
f 8058 7380 7382
f 8060 7447 7445
f 7445 7384 8060
f 8060 7384 7383
f 8060 7383 7448
f 7387 8061 7389
f 7389 8061 7390
f 7387 7386 8060
f 8060 7386 7444
f 8060 7444 7447
f 7436 8062 7392
f 7392 8062 7393
f 7438 7439 8061
f 8061 7439 7443
f 7443 7442 8061
f 8061 7442 7440
f 8061 7440 7390
f 7399 8063 7429
f 7429 8063 7431
f 7399 7398 8062
f 7398 7396 8062
f 8062 7396 7395
f 8062 7395 7432
f 7432 7435 8062
f 8062 7435 7433
f 8062 7433 7393
f 3021 7407 8047
f 8047 7407 7427
f 8047 7427 8063
f 8063 7427 7426
f 8063 7426 7424
f 7424 7405 8063
f 8063 7405 7404
f 8063 7404 7402
f 7402 7401 8063
f 8063 7401 7428
f 8063 7428 7431
f 7455 6984 8058
f 8058 6984 6986
f 8058 6986 8064
f 6986 6988 8064
f 8064 6988 6987
f 8064 6987 8065
f 6987 6993 8065
f 8065 6993 6991
f 8065 6991 8066
f 6991 6990 8066
f 8066 6990 6998
f 8066 6998 8067
f 8067 6998 6997
f 8067 6997 8068
f 8068 6997 6995
f 8068 6995 8069
f 6995 6994 8069
f 8069 6994 7001
f 8069 7001 8070
f 8070 7001 7000
f 8070 7000 8071
f 8071 7000 7006
f 8071 7006 8072
f 8072 7006 7005
f 8072 7005 8073
f 8073 7005 7003
f 8073 7003 8074
f 7003 7002 8074
f 8074 7002 7011
f 8074 7011 8075
f 8075 7011 7010
f 8075 7010 8076
f 8076 7010 7008
f 8076 7008 8043
f 8043 7008 7007
f 8043 7007 7012
f 7012 7014 8042
f 8042 7014 7016
f 8042 7016 8041
f 8041 7016 7017
f 8041 7017 7018
f 7387 8060 8061
f 8061 8060 8077
f 8061 8077 8078
f 8078 8077 8079
f 8078 8079 8080
f 8080 8079 8081
f 8080 8081 8082
f 8082 8081 8083
f 8082 8083 8084
f 8084 8083 8085
f 8084 8085 8086
f 8086 8085 8087
f 8086 8087 8088
f 8088 8087 8089
f 8088 8089 8090
f 8090 8089 8091
f 8090 8091 8092
f 8092 8091 8093
f 8092 8093 8094
f 8094 8093 8095
f 8094 8095 8096
f 8096 8095 8097
f 8096 8097 8098
f 8098 8097 8099
f 8098 8099 8100
f 8100 8099 8101
f 8100 8101 8102
f 8102 8101 8103
f 8102 8103 8104
f 8104 8103 8105
f 8104 8105 8106
f 8106 8105 8107
f 8106 8107 8108
f 8108 8107 8109
f 8108 8109 8110
f 8110 8109 8111
f 8110 8111 8112
f 7399 8062 8063
f 8063 8062 8113
f 8063 8113 8047
f 8047 8113 8114
f 8047 8114 8115
f 8115 8114 8116
f 8115 8116 8117
f 8117 8116 8118
f 8117 8118 8119
f 8119 8118 8120
f 8119 8120 8121
f 8121 8120 8122
f 8121 8122 8123
f 8123 8122 8124
f 8123 8124 8125
f 8125 8124 8126
f 8125 8126 8127
f 8127 8126 8128
f 8127 8128 8129
f 8129 8128 8130
f 8129 8130 8131
f 8131 8130 8132
f 8131 8132 8133
f 8133 8132 8134
f 8133 8134 8135
f 8135 8134 8136
f 8135 8136 8137
f 8137 8136 8138
f 8137 8138 8139
f 8139 8138 8140
f 8139 8140 8141
f 8141 8140 8142
f 8141 8142 8143
f 8143 8142 8144
f 8143 8144 8145
f 8145 8144 8146
f 8145 8146 8147
f 7018 3806 8040
f 8040 3806 8148
f 8040 8148 8149
f 8149 8111 8040
f 8040 8111 8109
f 8040 8109 8041
f 8041 8109 8107
f 8041 8107 8042
f 8042 8107 8105
f 8042 8105 8043
f 8043 8105 8103
f 8043 8103 8076
f 8076 8103 8101
f 8076 8101 8075
f 8075 8101 8099
f 8075 8099 8074
f 8074 8099 8097
f 8074 8097 8073
f 8073 8097 8095
f 8073 8095 8072
f 8072 8095 8093
f 8072 8093 8071
f 8071 8093 8091
f 8071 8091 8070
f 8070 8091 8089
f 8070 8089 8069
f 8069 8089 8087
f 8069 8087 8068
f 8068 8087 8085
f 8068 8085 8067
f 8067 8085 8083
f 8067 8083 8066
f 8066 8083 8081
f 8066 8081 8065
f 8065 8081 8079
f 8065 8079 8064
f 8064 8079 8077
f 8064 8077 8058
f 8058 8077 8060
f 8058 8060 8059
f 8059 8060 7448
f 8059 7448 7452
f 8149 8150 8111
f 8111 8150 8151
f 8111 8151 8112
f 8112 8151 8152
f 8112 8152 8153
f 8153 8146 8112
f 8112 8146 8144
f 8112 8144 8110
f 8110 8144 8142
f 8110 8142 8108
f 8108 8142 8140
f 8108 8140 8106
f 8106 8140 8138
f 8106 8138 8104
f 8104 8138 8136
f 8104 8136 8102
f 8102 8136 8134
f 8102 8134 8100
f 8100 8134 8132
f 8100 8132 8098
f 8098 8132 8130
f 8098 8130 8096
f 8096 8130 8128
f 8096 8128 8094
f 8094 8128 8126
f 8094 8126 8092
f 8092 8126 8124
f 8092 8124 8090
f 8090 8124 8122
f 8090 8122 8088
f 8088 8122 8120
f 8088 8120 8086
f 8086 8120 8118
f 8086 8118 8084
f 8084 8118 8116
f 8084 8116 8082
f 8082 8116 8114
f 8082 8114 8080
f 8080 8114 8113
f 8080 8113 8078
f 8078 8113 8062
f 8078 8062 8061
f 8061 8062 7436
f 8061 7436 7438
f 8153 8154 8146
f 8146 8154 8155
f 8146 8155 8147
f 8147 8155 8156
f 8147 8156 8157
f 3022 8047 8049
f 8049 8047 8115
f 8049 8115 8048
f 8048 8115 8117
f 8048 8117 8158
f 8158 8117 8119
f 8158 8119 8159
f 8159 8119 8121
f 8159 8121 8160
f 8160 8121 8123
f 8160 8123 8161
f 8161 8123 8125
f 8161 8125 8162
f 8162 8125 8127
f 8162 8127 8163
f 8163 8127 8129
f 8163 8129 8164
f 8164 8129 8131
f 8164 8131 8165
f 8165 8131 8133
f 8165 8133 8166
f 8166 8133 8135
f 8166 8135 8167
f 8167 8135 8137
f 8167 8137 8168
f 8168 8137 8139
f 8168 8139 8169
f 8169 8139 8141
f 8169 8141 8170
f 8170 8141 8143
f 8170 8143 8171
f 8171 8143 8145
f 8171 8145 8172
f 8172 8145 8147
f 8172 8147 8173
f 8173 8147 8157
f 8173 8157 8174
f 3011 8048 3014
f 3014 8048 8158
f 3014 8158 8046
f 8046 8158 8159
f 8046 8159 8050
f 8050 8159 8160
f 8050 8160 8175
f 8175 8160 8161
f 8175 8161 8176
f 8176 8161 8162
f 8176 8162 8177
f 8177 8162 8163
f 8177 8163 8178
f 8178 8163 8164
f 8178 8164 8179
f 8179 8164 8165
f 8179 8165 8180
f 8180 8165 8166
f 8180 8166 8181
f 8181 8166 8167
f 8181 8167 8182
f 8182 8167 8168
f 8182 8168 8183
f 8183 8168 8169
f 8183 8169 8184
f 8184 8169 8170
f 8184 8170 8185
f 8185 8170 8171
f 8185 8171 8186
f 8186 8171 8172
f 8186 8172 8187
f 8187 8172 8173
f 8187 8173 8039
f 8039 8173 8174
f 8039 8174 8037
f 3019 8050 8051
f 8051 8050 8175
f 8051 8175 8052
f 8052 8175 8176
f 8052 8176 8188
f 8188 8176 8177
f 8188 8177 8189
f 8189 8177 8178
f 8189 8178 8190
f 8190 8178 8179
f 8190 8179 8191
f 8191 8179 8180
f 8191 8180 8192
f 8192 8180 8181
f 8192 8181 8193
f 8193 8181 8182
f 8193 8182 8194
f 8194 8182 8183
f 8194 8183 8195
f 8195 8183 8184
f 8195 8184 8196
f 8196 8184 8185
f 8196 8185 8197
f 8197 8185 8186
f 8197 8186 8198
f 8198 8186 8187
f 8198 8187 8199
f 8199 8187 8039
f 8199 8039 8036
f 8036 8039 8038
f 8036 8038 8034
f 3005 8052 8045
f 8045 8052 8188
f 8045 8188 8053
f 8053 8188 8189
f 8053 8189 8200
f 8200 8189 8190
f 8200 8190 8201
f 8201 8190 8191
f 8201 8191 8202
f 8202 8191 8192
f 8202 8192 8203
f 8203 8192 8193
f 8203 8193 8204
f 8204 8193 8194
f 8204 8194 8205
f 8205 8194 8195
f 8205 8195 8206
f 8206 8195 8196
f 8206 8196 8207
f 8207 8196 8197
f 8207 8197 8208
f 8208 8197 8198
f 8208 8198 8209
f 8209 8198 8199
f 8209 8199 8210
f 8210 8199 8036
f 8210 8036 8033
f 8033 8036 8035
f 8033 8035 8031
f 2992 8053 8044
f 8044 8053 8200
f 8044 8200 8054
f 8054 8200 8201
f 8054 8201 8055
f 8055 8201 8202
f 8055 8202 8211
f 8211 8202 8203
f 8211 8203 8212
f 8212 8203 8204
f 8212 8204 8213
f 8213 8204 8205
f 8213 8205 8214
f 8214 8205 8206
f 8214 8206 8215
f 8215 8206 8207
f 8215 8207 8216
f 8216 8207 8208
f 8216 8208 8217
f 8217 8208 8209
f 8217 8209 8218
f 8218 8209 8210
f 8218 8210 8219
f 8219 8210 8033
f 8219 8033 8030
f 8030 8033 8032
f 8030 8032 8028
f 2997 8055 8056
f 8056 8055 8211
f 8056 8211 8057
f 8057 8211 8212
f 8057 8212 8220
f 8220 8212 8213
f 8220 8213 8221
f 8221 8213 8214
f 8221 8214 8222
f 8222 8214 8215
f 8222 8215 8223
f 8223 8215 8216
f 8223 8216 8224
f 8224 8216 8217
f 8224 8217 8225
f 8225 8217 8218
f 8225 8218 8226
f 8226 8218 8219
f 8226 8219 8227
f 8227 8219 8030
f 8227 8030 8027
f 8027 8030 8029
f 8027 8029 8025
f 2934 8057 2935
f 2935 8057 8220
f 2935 8220 2937
f 2937 8220 8221
f 2937 8221 2938
f 2938 8221 8222
f 2938 8222 2939
f 2939 8222 8223
f 2939 8223 2940
f 2940 8223 8224
f 2940 8224 2941
f 2941 8224 8225
f 2941 8225 2928
f 2928 8225 8226
f 2928 8226 2929
f 2929 8226 8227
f 2929 8227 2930
f 2930 8227 8027
f 2930 8027 2926
f 2926 8027 8026
f 2926 8026 2927
f 3813 3812 8228
f 3810 3811 8229
f 3806 3807 8148
f 8148 3807 8230
f 8148 8230 8149
f 8149 8230 8150
f 8150 8230 8231
f 8150 8231 8151
f 8151 8231 8152
f 8152 8231 8232
f 8152 8232 8153
f 8153 8232 8154
f 8154 8232 8233
f 8154 8233 8155
f 8155 8233 8156
f 8156 8233 8234
f 8156 8234 8157
f 8157 8234 8174
f 8174 8234 8235
f 8174 8235 8037
f 8037 8235 8038
f 8038 8235 8236
f 8038 8236 8034
f 8034 8236 8035
f 8035 8236 8237
f 8035 8237 8031
f 8031 8237 8032
f 8032 8237 8238
f 8032 8238 8028
f 8028 8238 8029
f 8029 8238 8239
f 8029 8239 8025
f 8025 8239 8026
f 8026 8239 2931
f 8026 2931 2927
f 3810 8229 3808
f 2932 2931 8240
f 8240 2931 8239
f 8240 8239 8241
f 8241 8239 8238
f 8241 8238 8242
f 8242 8238 8237
f 8242 8237 8243
f 8243 8237 8236
f 8243 8236 8244
f 8244 8236 8235
f 8244 8235 8245
f 8245 8235 8234
f 8245 8234 8246
f 8246 8234 8233
f 8246 8233 8247
f 8247 8233 8232
f 8247 8232 8248
f 8248 8232 8231
f 8248 8231 8229
f 8229 8231 8230
f 8229 8230 3808
f 3808 8230 3807
f 2933 2932 8249
f 8249 2932 8240
f 8249 8240 8250
f 8250 8240 8241
f 8250 8241 8251
f 8251 8241 8242
f 8251 8242 8252
f 8252 8242 8243
f 8252 8243 8253
f 8253 8243 8244
f 8253 8244 8254
f 8254 8244 8245
f 8254 8245 8255
f 8255 8245 8246
f 8255 8246 8256
f 8256 8246 8247
f 8256 8247 8257
f 8257 8247 8248
f 8257 8248 8258
f 8258 8248 8229
f 8258 8229 3815
f 3815 8229 3811
f 2911 2933 8259
f 8259 2933 8249
f 8259 8249 8260
f 8260 8249 8250
f 8260 8250 8261
f 8261 8250 8251
f 8261 8251 8262
f 8262 8251 8252
f 8262 8252 8263
f 8263 8252 8253
f 8263 8253 8264
f 8264 8253 8254
f 8264 8254 8265
f 8265 8254 8255
f 8265 8255 8266
f 8266 8255 8256
f 8266 8256 8267
f 8267 8256 8257
f 8267 8257 8228
f 8228 8257 8258
f 8228 8258 3813
f 3813 8258 3815
f 2904 2911 8268
f 8268 2911 8259
f 8268 8259 8269
f 8269 8259 8260
f 8269 8260 8270
f 8270 8260 8261
f 8270 8261 8271
f 8271 8261 8262
f 8271 8262 8272
f 8272 8262 8263
f 8272 8263 8273
f 8273 8263 8264
f 8273 8264 8274
f 8274 8264 8265
f 8274 8265 8275
f 8275 8265 8266
f 8275 8266 8276
f 8276 8266 8267
f 8276 8267 8277
f 8277 8267 8228
f 8277 8228 3820
f 3820 8228 3812
f 8278 8279 8280
f 8281 8282 8283
f 3853 8284 8285
f 3820 3822 8277
f 8277 3822 8286
f 8277 8286 8276
f 8275 8276 8287
f 8274 8275 8288
f 8271 8272 8289
f 8270 8271 8290
f 8269 8270 8291
f 8268 8269 8292
f 2904 8268 8293
f 2904 8293 6903
f 6903 8293 8294
f 6903 8294 6901
f 3822 3823 8286
f 8286 3823 3819
f 8286 3819 8295
f 8295 3819 3817
f 8295 3817 8296
f 3817 3816 8296
f 8296 3816 3828
f 8296 3828 8297
f 8297 3828 3827
f 8297 3827 8298
f 6901 8294 6861
f 6861 8294 8299
f 6861 8299 6862
f 6862 8299 8300
f 6862 8300 6863
f 6863 8300 8301
f 6863 8301 6866
f 3827 3825 8298
f 8298 3825 3831
f 8298 3831 8302
f 6866 8301 6867
f 6867 8301 8303
f 6867 8303 6868
f 6868 8303 8304
f 6868 8304 6869
f 6869 8304 8305
f 6869 8305 6870
f 3831 3830 8302
f 8302 3830 3829
f 8302 3829 8306
f 8306 3829 3832
f 8306 3832 8307
f 8307 3832 3834
f 8307 3834 8308
f 3834 3835 8308
f 8308 3835 3265
f 8308 3265 8309
f 3265 3264 8309
f 8309 3264 3839
f 8309 3839 8310
f 6870 8305 6871
f 6871 8305 8311
f 6871 8311 6872
f 6872 8311 8312
f 6872 8312 6873
f 6873 8312 8313
f 6873 8313 6874
f 3839 3837 8310
f 8310 3837 3836
f 8310 3836 8314
f 8314 3836 3843
f 8314 3843 8315
f 8315 3843 3842
f 8315 3842 8316
f 6874 8313 6875
f 6875 8313 8317
f 6875 8317 6876
f 6876 8317 8318
f 6876 8318 6877
f 6877 8318 8319
f 6877 8319 6878
f 3842 3841 8316
f 8316 3841 3262
f 8316 3262 8320
f 3262 3261 8320
f 8320 3261 3849
f 8320 3849 8321
f 6878 8319 6879
f 6879 8319 8322
f 6879 8322 6880
f 6880 8322 8323
f 6880 8323 6881
f 6881 8323 8324
f 6881 8324 6882
f 3849 3848 8321
f 8321 3848 3847
f 8321 3847 8325
f 8325 3847 3845
f 8325 3845 8326
f 3845 3856 8326
f 8326 3856 3855
f 8326 3855 8285
f 8285 3855 3854
f 8285 3854 3853
f 6882 8324 6883
f 6883 8324 8327
f 6883 8327 6884
f 6884 8327 8328
f 6884 8328 6885
f 6885 8328 8329
f 6885 8329 6886
f 3853 3852 8284
f 8284 3852 4104
f 8284 4104 8330
f 4104 3857 8330
f 8330 3857 3859
f 8330 3859 8331
f 6886 8329 6887
f 6887 8329 8332
f 6887 8332 6888
f 6888 8332 8333
f 6888 8333 6889
f 6889 8333 8334
f 6889 8334 6890
f 3859 3861 8331
f 8331 3861 3868
f 8331 3868 8335
f 8335 3868 3867
f 8335 3867 8336
f 3867 3866 8336
f 8336 3866 3864
f 8336 3864 8337
f 8337 3864 3863
f 8337 3863 8338
f 6890 8334 6891
f 6891 8334 8339
f 6891 8339 6892
f 6892 8339 8340
f 6892 8340 6893
f 6893 8340 8341
f 6893 8341 6894
f 3863 3872 8338
f 8338 3872 3871
f 8338 3871 8342
f 3871 3870 8342
f 8342 3870 3259
f 8342 3259 8343
f 3259 3258 8343
f 8343 3258 3875
f 8343 3875 8344
f 8344 3875 3874
f 8275 8287 8288
f 8288 8287 8345
f 8288 8345 8346
f 8346 8345 8347
f 8346 8347 8348
f 8348 8347 8349
f 8348 8349 8350
f 8350 8349 8351
f 8350 8351 8352
f 8352 8351 8353
f 8352 8353 8354
f 8354 8353 8355
f 8354 8355 8356
f 8356 8355 8357
f 8356 8357 8358
f 8358 8357 8359
f 8358 8359 8360
f 8360 8359 8361
f 8360 8361 8362
f 8362 8361 8363
f 8362 8363 8364
f 8364 8363 8365
f 8364 8365 8366
f 8366 8365 8367
f 8366 8367 8368
f 8368 8367 8369
f 8368 8369 8370
f 8370 8369 8371
f 8370 8371 8372
f 8372 8371 8373
f 8372 8373 8374
f 8374 8373 8375
f 8374 8375 8376
f 8376 8375 8377
f 8376 8377 8378
f 8378 8377 8379
f 8378 8379 8380
f 8380 8379 8381
f 8380 8381 8382
f 8382 8381 8383
f 8382 8383 8384
f 8384 8383 8385
f 8384 8385 8386
f 8386 8385 8387
f 8386 8387 8388
f 8388 8387 8389
f 8388 8389 8390
f 8390 8389 8391
f 8390 8391 8392
f 8392 8391 8393
f 8392 8393 8394
f 8394 8393 8395
f 8394 8395 8396
f 8396 8395 8397
f 8396 8397 8398
f 8398 8397 8399
f 8398 8399 8400
f 8400 8399 8401
f 8400 8401 8402
f 8271 8289 8290
f 8290 8289 8403
f 8290 8403 8404
f 8404 8403 8405
f 8404 8405 8406
f 8406 8405 8407
f 8406 8407 8408
f 8408 8407 8409
f 8408 8409 8410
f 8410 8409 8411
f 8410 8411 8412
f 8412 8411 8413
f 8412 8413 8414
f 8414 8413 8415
f 8414 8415 8416
f 8416 8415 8417
f 8416 8417 8418
f 8418 8417 8419
f 8418 8419 8420
f 8420 8419 8421
f 8420 8421 8422
f 8422 8421 8423
f 8422 8423 8424
f 8424 8423 8425
f 8424 8425 8426
f 8426 8425 8427
f 8426 8427 8428
f 8428 8427 8429
f 8428 8429 8430
f 8430 8429 8431
f 8430 8431 8432
f 8432 8431 8433
f 8432 8433 8434
f 8434 8433 8435
f 8434 8435 8436
f 8436 8435 8437
f 8436 8437 8438
f 8438 8437 8439
f 8438 8439 8440
f 8440 8439 8441
f 8440 8441 8442
f 8442 8441 8443
f 8442 8443 8444
f 8444 8443 8445
f 8444 8445 8446
f 8446 8445 8447
f 8446 8447 8448
f 8448 8447 8449
f 8448 8449 8450
f 8450 8449 8451
f 8450 8451 8452
f 8452 8451 8453
f 8452 8453 8454
f 8454 8453 8455
f 8454 8455 8456
f 8456 8455 8457
f 8456 8457 8458
f 8458 8457 8459
f 8458 8459 8460
f 8268 8292 8293
f 8293 8292 8461
f 8293 8461 8294
f 8294 8461 8462
f 8294 8462 8299
f 8299 8462 8463
f 8299 8463 8300
f 8300 8463 8464
f 8300 8464 8301
f 8301 8464 8465
f 8301 8465 8303
f 8303 8465 8466
f 8303 8466 8304
f 8304 8466 8467
f 8304 8467 8305
f 8305 8467 8468
f 8305 8468 8311
f 8311 8468 8469
f 8311 8469 8312
f 8312 8469 8470
f 8312 8470 8313
f 8313 8470 8471
f 8313 8471 8317
f 8317 8471 8472
f 8317 8472 8318
f 8318 8472 8473
f 8318 8473 8319
f 8319 8473 8474
f 8319 8474 8322
f 8322 8474 8475
f 8322 8475 8323
f 8323 8475 8476
f 8323 8476 8324
f 8324 8476 8477
f 8324 8477 8327
f 8327 8477 8478
f 8327 8478 8328
f 8328 8478 8479
f 8328 8479 8329
f 8329 8479 8480
f 8329 8480 8332
f 8332 8480 8481
f 8332 8481 8333
f 8333 8481 8482
f 8333 8482 8334
f 8334 8482 8483
f 8334 8483 8339
f 8339 8483 8484
f 8339 8484 8340
f 8340 8484 8485
f 8340 8485 8341
f 8341 8485 8486
f 8341 8486 8487
f 8487 8486 8488
f 8487 8488 8489
f 8489 8488 8490
f 8489 8490 8491
f 8491 8490 8492
f 8491 8492 8493
f 3283 8494 3873
f 3873 8494 8495
f 3873 8495 3874
f 3874 8495 8496
f 3874 8496 8344
f 8276 8286 8287
f 8287 8286 8295
f 8287 8295 8345
f 8345 8295 8296
f 8345 8296 8347
f 8347 8296 8297
f 8347 8297 8349
f 8349 8297 8298
f 8349 8298 8351
f 8351 8298 8302
f 8351 8302 8353
f 8353 8302 8306
f 8353 8306 8355
f 8355 8306 8307
f 8355 8307 8357
f 8357 8307 8308
f 8357 8308 8359
f 8359 8308 8309
f 8359 8309 8361
f 8361 8309 8310
f 8361 8310 8363
f 8363 8310 8314
f 8363 8314 8365
f 8365 8314 8315
f 8365 8315 8367
f 8367 8315 8316
f 8367 8316 8369
f 8369 8316 8320
f 8369 8320 8371
f 8371 8320 8321
f 8371 8321 8373
f 8373 8321 8325
f 8373 8325 8375
f 8375 8325 8326
f 8375 8326 8377
f 8377 8326 8285
f 8377 8285 8379
f 8379 8285 8284
f 8379 8284 8381
f 8381 8284 8330
f 8381 8330 8383
f 8383 8330 8331
f 8383 8331 8385
f 8385 8331 8335
f 8385 8335 8387
f 8387 8335 8336
f 8387 8336 8389
f 8389 8336 8337
f 8389 8337 8391
f 8391 8337 8338
f 8391 8338 8393
f 8393 8338 8342
f 8393 8342 8395
f 8395 8342 8343
f 8395 8343 8397
f 8397 8343 8344
f 8397 8344 8399
f 8399 8344 8496
f 8399 8496 8401
f 8401 8496 8495
f 8401 8495 8497
f 8497 8498 8401
f 8401 8498 8499
f 8401 8499 8402
f 8402 8499 8500
f 8402 8500 8501
f 8274 8288 8502
f 8502 8288 8346
f 8502 8346 8503
f 8503 8346 8348
f 8503 8348 8504
f 8504 8348 8350
f 8504 8350 8505
f 8505 8350 8352
f 8505 8352 8506
f 8506 8352 8354
f 8506 8354 8507
f 8507 8354 8356
f 8507 8356 8508
f 8508 8356 8358
f 8508 8358 8509
f 8509 8358 8360
f 8509 8360 8510
f 8510 8360 8362
f 8510 8362 8511
f 8511 8362 8364
f 8511 8364 8512
f 8512 8364 8366
f 8512 8366 8513
f 8513 8366 8368
f 8513 8368 8514
f 8514 8368 8370
f 8514 8370 8515
f 8515 8370 8372
f 8515 8372 8516
f 8516 8372 8374
f 8516 8374 8517
f 8517 8374 8376
f 8517 8376 8518
f 8518 8376 8378
f 8518 8378 8519
f 8519 8378 8380
f 8519 8380 8520
f 8520 8380 8382
f 8520 8382 8521
f 8521 8382 8384
f 8521 8384 8522
f 8522 8384 8386
f 8522 8386 8523
f 8523 8386 8388
f 8523 8388 8524
f 8524 8388 8390
f 8524 8390 8525
f 8525 8390 8392
f 8525 8392 8526
f 8526 8392 8394
f 8526 8394 8527
f 8527 8394 8396
f 8527 8396 8528
f 8528 8396 8398
f 8528 8398 8529
f 8529 8398 8400
f 8529 8400 8530
f 8530 8400 8402
f 8530 8402 8283
f 8283 8402 8501
f 8283 8501 8281
f 8282 8531 8283
f 8283 8531 8532
f 8283 8532 8530
f 8530 8532 8533
f 8530 8533 8529
f 8529 8533 8534
f 8529 8534 8528
f 8528 8534 8535
f 8528 8535 8527
f 8527 8535 8536
f 8527 8536 8526
f 8526 8536 8537
f 8526 8537 8525
f 8525 8537 8538
f 8525 8538 8524
f 8524 8538 8539
f 8524 8539 8523
f 8523 8539 8540
f 8523 8540 8522
f 8522 8540 8541
f 8522 8541 8521
f 8521 8541 8542
f 8521 8542 8520
f 8520 8542 8543
f 8520 8543 8519
f 8519 8543 8544
f 8519 8544 8518
f 8518 8544 8545
f 8518 8545 8517
f 8517 8545 8546
f 8517 8546 8516
f 8516 8546 8547
f 8516 8547 8515
f 8515 8547 8548
f 8515 8548 8514
f 8514 8548 8549
f 8514 8549 8513
f 8513 8549 8550
f 8513 8550 8512
f 8512 8550 8551
f 8512 8551 8511
f 8511 8551 8552
f 8511 8552 8510
f 8510 8552 8553
f 8510 8553 8509
f 8509 8553 8554
f 8509 8554 8508
f 8508 8554 8555
f 8508 8555 8507
f 8507 8555 8556
f 8507 8556 8506
f 8506 8556 8557
f 8506 8557 8505
f 8505 8557 8558
f 8505 8558 8504
f 8504 8558 8559
f 8504 8559 8503
f 8503 8559 8560
f 8503 8560 8502
f 8502 8560 8273
f 8502 8273 8274
f 8282 8561 8531
f 8531 8561 8562
f 8531 8562 8563
f 8563 8459 8531
f 8531 8459 8457
f 8531 8457 8532
f 8532 8457 8455
f 8532 8455 8533
f 8533 8455 8453
f 8533 8453 8534
f 8534 8453 8451
f 8534 8451 8535
f 8535 8451 8449
f 8535 8449 8536
f 8536 8449 8447
f 8536 8447 8537
f 8537 8447 8445
f 8537 8445 8538
f 8538 8445 8443
f 8538 8443 8539
f 8539 8443 8441
f 8539 8441 8540
f 8540 8441 8439
f 8540 8439 8541
f 8541 8439 8437
f 8541 8437 8542
f 8542 8437 8435
f 8542 8435 8543
f 8543 8435 8433
f 8543 8433 8544
f 8544 8433 8431
f 8544 8431 8545
f 8545 8431 8429
f 8545 8429 8546
f 8546 8429 8427
f 8546 8427 8547
f 8547 8427 8425
f 8547 8425 8548
f 8548 8425 8423
f 8548 8423 8549
f 8549 8423 8421
f 8549 8421 8550
f 8550 8421 8419
f 8550 8419 8551
f 8551 8419 8417
f 8551 8417 8552
f 8552 8417 8415
f 8552 8415 8553
f 8553 8415 8413
f 8553 8413 8554
f 8554 8413 8411
f 8554 8411 8555
f 8555 8411 8409
f 8555 8409 8556
f 8556 8409 8407
f 8556 8407 8557
f 8557 8407 8405
f 8557 8405 8558
f 8558 8405 8403
f 8558 8403 8559
f 8559 8403 8289
f 8559 8289 8560
f 8560 8289 8272
f 8560 8272 8273
f 8563 8564 8459
f 8459 8564 8565
f 8459 8565 8460
f 8460 8565 8566
f 8460 8566 8567
f 8270 8290 8291
f 8291 8290 8404
f 8291 8404 8568
f 8568 8404 8406
f 8568 8406 8569
f 8569 8406 8408
f 8569 8408 8570
f 8570 8408 8410
f 8570 8410 8571
f 8571 8410 8412
f 8571 8412 8572
f 8572 8412 8414
f 8572 8414 8573
f 8573 8414 8416
f 8573 8416 8574
f 8574 8416 8418
f 8574 8418 8575
f 8575 8418 8420
f 8575 8420 8576
f 8576 8420 8422
f 8576 8422 8577
f 8577 8422 8424
f 8577 8424 8578
f 8578 8424 8426
f 8578 8426 8579
f 8579 8426 8428
f 8579 8428 8580
f 8580 8428 8430
f 8580 8430 8581
f 8581 8430 8432
f 8581 8432 8582
f 8582 8432 8434
f 8582 8434 8583
f 8583 8434 8436
f 8583 8436 8584
f 8584 8436 8438
f 8584 8438 8585
f 8585 8438 8440
f 8585 8440 8586
f 8586 8440 8442
f 8586 8442 8587
f 8587 8442 8444
f 8587 8444 8588
f 8588 8444 8446
f 8588 8446 8589
f 8589 8446 8448
f 8589 8448 8590
f 8590 8448 8450
f 8590 8450 8591
f 8591 8450 8452
f 8591 8452 8592
f 8592 8452 8454
f 8592 8454 8593
f 8593 8454 8456
f 8593 8456 8594
f 8594 8456 8458
f 8594 8458 8595
f 8595 8458 8460
f 8595 8460 8280
f 8280 8460 8567
f 8280 8567 8278
f 8269 8291 8292
f 8292 8291 8568
f 8292 8568 8461
f 8461 8568 8569
f 8461 8569 8462
f 8462 8569 8570
f 8462 8570 8463
f 8463 8570 8571
f 8463 8571 8464
f 8464 8571 8572
f 8464 8572 8465
f 8465 8572 8573
f 8465 8573 8466
f 8466 8573 8574
f 8466 8574 8467
f 8467 8574 8575
f 8467 8575 8468
f 8468 8575 8576
f 8468 8576 8469
f 8469 8576 8577
f 8469 8577 8470
f 8470 8577 8578
f 8470 8578 8471
f 8471 8578 8579
f 8471 8579 8472
f 8472 8579 8580
f 8472 8580 8473
f 8473 8580 8581
f 8473 8581 8474
f 8474 8581 8582
f 8474 8582 8475
f 8475 8582 8583
f 8475 8583 8476
f 8476 8583 8584
f 8476 8584 8477
f 8477 8584 8585
f 8477 8585 8478
f 8478 8585 8586
f 8478 8586 8479
f 8479 8586 8587
f 8479 8587 8480
f 8480 8587 8588
f 8480 8588 8481
f 8481 8588 8589
f 8481 8589 8482
f 8482 8589 8590
f 8482 8590 8483
f 8483 8590 8591
f 8483 8591 8484
f 8484 8591 8592
f 8484 8592 8485
f 8485 8592 8593
f 8485 8593 8486
f 8486 8593 8594
f 8486 8594 8488
f 8488 8594 8595
f 8488 8595 8490
f 8490 8595 8280
f 8490 8280 8492
f 8492 8280 8279
f 8492 8279 8596
f 8596 8597 8492
f 8492 8597 8598
f 8492 8598 8493
f 8493 8598 8599
f 8493 8599 8600
f 6894 8341 6897
f 6897 8341 8487
f 6897 8487 6896
f 6896 8487 8489
f 6896 8489 6895
f 6895 8489 8491
f 6895 8491 6898
f 6898 8491 8493
f 6898 8493 6899
f 6899 8493 8600
f 6899 8600 256
f 6 9 8601
f 14 13 8602
f 15 20 8603
f 22 23 8604
f 25 26 8605
f 31 30 8606
f 32 37 8607
f 42 43 8608
f 48 47 8609
f 49 54 8610
f 59 60 8611
f 65 64 8612
f 70 69 8613
f 66 71 8614
f 79 78 8615
f 82 81 8616
f 87 86 8617
f 83 88 8618
f 96 95 8619
f 104 103 8620
f 100 105 8621
f 107 108 8622
f 113 112 8623
f 114 119 8624
f 121 122 8625
f 124 125 8626
f 130 129 8627
f 131 136 8628
f 141 142 8629
f 147 146 8630
f 148 153 8631
f 163 162 8632
f 168 167 8633
f 164 169 8634
f 177 176 8635
f 180 179 8636
f 185 184 8637
f 181 186 8638
f 194 193 8639
f 202 201 8640
f 198 203 8641
f 205 206 8642
f 211 210 8643
f 212 217 8644
f 219 220 8645
f 222 223 8646
f 228 227 8647
f 229 234 8648
f 239 240 8649
f 245 244 8650
f 246 251 8651
f 3635 3634 8652
f 3633 3632 8653
f 3630 3629 8654
f 3624 3623 8655
f 3619 3618 8656
f 3616 3615 8657
f 3607 3606 8658
f 3602 3601 8659
f 3599 3598 8660
f 3593 3592 8661
f 3588 3587 8662
f 3585 3584 8663
f 3576 3575 8664
f 3571 3570 8665
f 3568 3567 8666
f 3562 3561 8667
f 3557 3556 8668
f 3554 3553 8669
f 3545 3544 8670
f 3540 3539 8671
f 3537 3536 8672
f 3531 3530 8673
f 3524 3523 8674
f 3515 3514 8675
f 3510 3509 8676
f 3507 3506 8677
f 3498 3497 8678
f 3493 3492 8679
f 3484 3483 8680
f 3479 3478 8681
f 3476 3475 8682
f 3467 3466 8683
f 3462 3461 8684
f 3453 3452 8685
f 3448 3447 8686
f 3445 3444 8687
f 3436 3435 8688
f 3431 3430 8689
f 3422 3421 8690
f 3416 3414 8691
f 3412 3417 8692
f 3401 3402 8693
f 3398 3399 8694
f 3387 3388 8695
f 3384 3385 8696
f 3381 3382 8697
f 3370 3371 8698
f 3367 3368 8699
f 3364 3365 8700
f 3356 3357 8701
f 3353 3354 8702
f 3350 3351 8703
f 3339 3340 8704
f 3336 3337 8705
f 3333 3334 8706
f 3325 3326 8707
f 3322 3323 8708
f 3319 3320 8709
f 3308 3309 8710
f 3305 3306 8711
f 3302 3303 8712
f 3294 3295 8713
f 3291 3292 8714
f 3288 3289 8715
f 3283 3282 8716
f 3288 8715 3286
f 3297 3299 8717
f 3302 8712 3300
f 3311 3313 8718
f 3314 3316 8719
f 3319 8709 3317
f 3328 3330 8720
f 3333 8706 3331
f 3342 3344 8721
f 3345 3347 8722
f 3350 8703 3348
f 3359 3361 8723
f 3364 8700 3362
f 3373 3375 8724
f 3376 3378 8725
f 3381 8697 3379
f 3390 3392 8726
f 3393 3395 8727
f 3398 8694 3396
f 3404 3406 8728
f 3407 3409 8729
f 3412 8692 3410
f 3419 3425 8730
f 3424 3428 8731
f 3431 8689 3427
f 3433 3439 8732
f 3438 3442 8733
f 3445 8687 3441
f 3450 3456 8734
f 3455 3459 8735
f 3462 8684 3458
f 3464 3470 8736
f 3469 3473 8737
f 3476 8682 3472
f 3481 3487 8738
f 3486 3490 8739
f 3493 8679 3489
f 3495 3501 8740
f 3500 3504 8741
f 3507 8677 3503
f 3512 3518 8742
f 3517 3521 8743
f 3524 8674 3520
f 3526 3534 8744
f 3537 8672 3533
f 3542 3548 8745
f 3547 3551 8746
f 3554 8669 3550
f 3559 3565 8747
f 3568 8666 3564
f 3573 3579 8748
f 3578 3582 8749
f 3585 8663 3581
f 3590 3596 8750
f 3599 8660 3595
f 3604 3610 8751
f 3609 3613 8752
f 3616 8657 3612
f 3621 3627 8753
f 3630 8654 3626
f 3640 3639 8754
f 8754 3639 3637
f 3635 8652 3637
f 8755 8495 8716
f 8716 8495 8494
f 8716 8494 3283
f 3637 8652 8754
f 8754 8652 8756
f 8754 8756 8757
f 8758 8498 8755
f 8755 8498 8497
f 8755 8497 8495
f 8756 8759 8757
f 8757 8759 8760
f 8757 8760 8761
f 8761 8760 8762
f 8761 8762 8763
f 8764 8500 8758
f 8758 8500 8499
f 8758 8499 8498
f 8762 8765 8763
f 8763 8765 8766
f 8763 8766 8767
f 8768 8282 8769
f 8769 8282 8281
f 8769 8281 8764
f 8764 8281 8501
f 8764 8501 8500
f 8770 8562 8768
f 8768 8562 8561
f 8768 8561 8282
f 8766 8771 8767
f 8767 8771 8772
f 8767 8772 8773
f 8773 8772 8774
f 8773 8774 8775
f 8775 8774 8776
f 8775 8776 8777
f 8778 8564 8770
f 8770 8564 8563
f 8770 8563 8562
f 8779 8566 8778
f 8778 8566 8565
f 8778 8565 8564
f 8776 8780 8777
f 8777 8780 8781
f 8777 8781 8782
f 8781 8783 8782
f 8782 8783 8784
f 8782 8784 8785
f 8785 8784 8786
f 8785 8786 8787
f 8788 8279 8789
f 8789 8279 8278
f 8789 8278 8779
f 8779 8278 8567
f 8779 8567 8566
f 8790 8597 8788
f 8788 8597 8596
f 8788 8596 8279
f 8786 8791 8787
f 8787 8791 8792
f 8787 8792 8793
f 8794 8599 8790
f 8790 8599 8598
f 8790 8598 8597
f 3282 3286 8716
f 8716 3286 8715
f 8716 8715 8755
f 8755 8715 8795
f 8755 8795 8758
f 8758 8795 8796
f 8758 8796 8764
f 8764 8796 8797
f 8764 8797 8769
f 8769 8797 8798
f 8769 8798 8768
f 8768 8798 8799
f 8768 8799 8770
f 8770 8799 8800
f 8770 8800 8778
f 8778 8800 8801
f 8778 8801 8779
f 8779 8801 8802
f 8779 8802 8789
f 8789 8802 8803
f 8789 8803 8788
f 8788 8803 8804
f 8788 8804 8790
f 8790 8804 8805
f 8790 8805 8794
f 8794 8805 8651
f 3295 3297 8713
f 8713 3297 8717
f 8713 8717 8806
f 8806 8717 8807
f 8806 8807 8808
f 8808 8807 8809
f 8808 8809 8810
f 8810 8809 8811
f 8810 8811 8812
f 8812 8811 8813
f 8812 8813 8814
f 8814 8813 8815
f 8814 8815 8816
f 8816 8815 8817
f 8816 8817 8818
f 8818 8817 8819
f 8818 8819 8820
f 8820 8819 8821
f 8820 8821 8822
f 8822 8821 8823
f 8822 8823 8824
f 8824 8823 8825
f 8824 8825 8826
f 8826 8825 8827
f 8826 8827 8828
f 8828 8827 8650
f 3309 3311 8710
f 8710 3311 8718
f 8710 8718 8829
f 8829 8718 8830
f 8829 8830 8831
f 8831 8830 8832
f 8831 8832 8833
f 8833 8832 8834
f 8833 8834 8835
f 8835 8834 8836
f 8835 8836 8837
f 8837 8836 8838
f 8837 8838 8839
f 8839 8838 8840
f 8839 8840 8841
f 8841 8840 8842
f 8841 8842 8843
f 8843 8842 8844
f 8843 8844 8845
f 8845 8844 8846
f 8845 8846 8847
f 8847 8846 8848
f 8847 8848 8849
f 8849 8848 8850
f 8849 8850 8851
f 8851 8850 8648
f 3320 3322 8709
f 8709 3322 8708
f 8709 8708 8852
f 8852 8708 8853
f 8852 8853 8854
f 8854 8853 8855
f 8854 8855 8856
f 8856 8855 8857
f 8856 8857 8858
f 8858 8857 8859
f 8858 8859 8860
f 8860 8859 8861
f 8860 8861 8862
f 8862 8861 8863
f 8862 8863 8864
f 8864 8863 8865
f 8864 8865 8866
f 8866 8865 8867
f 8866 8867 8868
f 8868 8867 8869
f 8868 8869 8870
f 8870 8869 8871
f 8870 8871 8872
f 8872 8871 8873
f 8872 8873 8874
f 8874 8873 8647
f 3344 3345 8721
f 8721 3345 8722
f 8721 8722 8875
f 8875 8722 8876
f 8875 8876 8877
f 8877 8876 8878
f 8877 8878 8879
f 8879 8878 8880
f 8879 8880 8881
f 8881 8880 8882
f 8881 8882 8883
f 8883 8882 8884
f 8883 8884 8885
f 8885 8884 8886
f 8885 8886 8887
f 8887 8886 8888
f 8887 8888 8889
f 8889 8888 8890
f 8889 8890 8891
f 8891 8890 8892
f 8891 8892 8893
f 8893 8892 8894
f 8893 8894 8895
f 8895 8894 8896
f 8895 8896 8897
f 8897 8896 8643
f 3368 3370 8699
f 8699 3370 8698
f 8699 8698 8898
f 8898 8698 8899
f 8898 8899 8900
f 8900 8899 8901
f 8900 8901 8902
f 8902 8901 8903
f 8902 8903 8904
f 8904 8903 8905
f 8904 8905 8906
f 8906 8905 8907
f 8906 8907 8908
f 8908 8907 8909
f 8908 8909 8910
f 8910 8909 8911
f 8910 8911 8912
f 8912 8911 8913
f 8912 8913 8914
f 8914 8913 8915
f 8914 8915 8916
f 8916 8915 8917
f 8916 8917 8918
f 8918 8917 8919
f 8918 8919 8920
f 8920 8919 8639
f 3378 3379 8725
f 8725 3379 8697
f 8725 8697 8921
f 8921 8697 8922
f 8921 8922 8923
f 8923 8922 8924
f 8923 8924 8925
f 8925 8924 8926
f 8925 8926 8927
f 8927 8926 8928
f 8927 8928 8929
f 8929 8928 8930
f 8929 8930 8931
f 8931 8930 8932
f 8931 8932 8933
f 8933 8932 8934
f 8933 8934 8935
f 8935 8934 8936
f 8935 8936 8937
f 8937 8936 8938
f 8937 8938 8939
f 8939 8938 8940
f 8939 8940 8941
f 8941 8940 8942
f 8941 8942 8943
f 8943 8942 8638
f 3402 3404 8693
f 8693 3404 8728
f 8693 8728 8944
f 8944 8728 8945
f 8944 8945 8946
f 8946 8945 8947
f 8946 8947 8948
f 8948 8947 8949
f 8948 8949 8950
f 8950 8949 8951
f 8950 8951 8952
f 8952 8951 8953
f 8952 8953 8954
f 8954 8953 8955
f 8954 8955 8956
f 8956 8955 8957
f 8956 8957 8958
f 8958 8957 8959
f 8958 8959 8960
f 8960 8959 8961
f 8960 8961 8962
f 8962 8961 8963
f 8962 8963 8964
f 8964 8963 8965
f 8964 8965 8966
f 8966 8965 8634
f 3428 3427 8731
f 8731 3427 8689
f 8731 8689 8967
f 8967 8689 8968
f 8967 8968 8969
f 8969 8968 8970
f 8969 8970 8971
f 8971 8970 8972
f 8971 8972 8973
f 8973 8972 8974
f 8973 8974 8975
f 8975 8974 8976
f 8975 8976 8977
f 8977 8976 8978
f 8977 8978 8979
f 8979 8978 8980
f 8979 8980 8981
f 8981 8980 8982
f 8981 8982 8983
f 8983 8982 8984
f 8983 8984 8985
f 8985 8984 8986
f 8985 8986 8987
f 8987 8986 8988
f 8987 8988 8989
f 8989 8988 8631
f 3439 3438 8732
f 8732 3438 8733
f 8732 8733 8990
f 8990 8733 8991
f 8990 8991 8992
f 8992 8991 8993
f 8992 8993 8994
f 8994 8993 8995
f 8994 8995 8996
f 8996 8995 8997
f 8996 8997 8998
f 8998 8997 8999
f 8998 8999 9000
f 9000 8999 9001
f 9000 9001 9002
f 9002 9001 9003
f 9002 9003 9004
f 9004 9003 9005
f 9004 9005 9006
f 9006 9005 9007
f 9006 9007 9008
f 9008 9007 9009
f 9008 9009 9010
f 9010 9009 9011
f 9010 9011 9012
f 9012 9011 8630
f 3452 3450 8685
f 8685 3450 8734
f 8685 8734 9013
f 9013 8734 9014
f 9013 9014 9015
f 9015 9014 9016
f 9015 9016 9017
f 9017 9016 9018
f 9017 9018 9019
f 9019 9018 9020
f 9019 9020 9021
f 9021 9020 9022
f 9021 9022 9023
f 9023 9022 9024
f 9023 9024 9025
f 9025 9024 9026
f 9025 9026 9027
f 9027 9026 9028
f 9027 9028 9029
f 9029 9028 9030
f 9029 9030 9031
f 9031 9030 9032
f 9031 9032 9033
f 9033 9032 9034
f 9033 9034 9035
f 9035 9034 8628
f 3461 3467 8684
f 8684 3467 8683
f 8684 8683 9036
f 9036 8683 9037
f 9036 9037 9038
f 9038 9037 9039
f 9038 9039 9040
f 9040 9039 9041
f 9040 9041 9042
f 9042 9041 9043
f 9042 9043 9044
f 9044 9043 9045
f 9044 9045 9046
f 9046 9045 9047
f 9046 9047 9048
f 9048 9047 9049
f 9048 9049 9050
f 9050 9049 9051
f 9050 9051 9052
f 9052 9051 9053
f 9052 9053 9054
f 9054 9053 9055
f 9054 9055 9056
f 9056 9055 9057
f 9056 9057 9058
f 9058 9057 8627
f 3487 3486 8738
f 8738 3486 8739
f 8738 8739 9059
f 9059 8739 9060
f 9059 9060 9061
f 9061 9060 9062
f 9061 9062 9063
f 9063 9062 9064
f 9063 9064 9065
f 9065 9064 9066
f 9065 9066 9067
f 9067 9066 9068
f 9067 9068 9069
f 9069 9068 9070
f 9069 9070 9071
f 9071 9070 9072
f 9071 9072 9073
f 9073 9072 9074
f 9073 9074 9075
f 9075 9074 9076
f 9075 9076 9077
f 9077 9076 9078
f 9077 9078 9079
f 9079 9078 9080
f 9079 9080 9081
f 9081 9080 8623
f 3509 3515 8676
f 8676 3515 8675
f 8676 8675 9082
f 9082 8675 9083
f 9082 9083 9084
f 9084 9083 9085
f 9084 9085 9086
f 9086 9085 9087
f 9086 9087 9088
f 9088 9087 9089
f 9088 9089 9090
f 9090 9089 9091
f 9090 9091 9092
f 9092 9091 9093
f 9092 9093 9094
f 9094 9093 9095
f 9094 9095 9096
f 9096 9095 9097
f 9096 9097 9098
f 9098 9097 9099
f 9098 9099 9100
f 9100 9099 9101
f 9100 9101 9102
f 9102 9101 9103
f 9102 9103 9104
f 9104 9103 8619
f 3521 3520 8743
f 8743 3520 8674
f 8743 8674 9105
f 9105 8674 9106
f 9105 9106 9107
f 9107 9106 9108
f 9107 9108 9109
f 9109 9108 9110
f 9109 9110 9111
f 9111 9110 9112
f 9111 9112 9113
f 9113 9112 9114
f 9113 9114 9115
f 9115 9114 9116
f 9115 9116 9117
f 9117 9116 9118
f 9117 9118 9119
f 9119 9118 9120
f 9119 9120 9121
f 9121 9120 9122
f 9121 9122 9123
f 9123 9122 9124
f 9123 9124 9125
f 9125 9124 9126
f 9125 9126 9127
f 9127 9126 8618
f 3544 3542 8670
f 8670 3542 8745
f 8670 8745 9128
f 9128 8745 9129
f 9128 9129 9130
f 9130 9129 9131
f 9130 9131 9132
f 9132 9131 9133
f 9132 9133 9134
f 9134 9133 9135
f 9134 9135 9136
f 9136 9135 9137
f 9136 9137 9138
f 9138 9137 9139
f 9138 9139 9140
f 9140 9139 9141
f 9140 9141 9142
f 9142 9141 9143
f 9142 9143 9144
f 9144 9143 9145
f 9144 9145 9146
f 9146 9145 9147
f 9146 9147 9148
f 9148 9147 9149
f 9148 9149 9150
f 9150 9149 8614
f 3567 3571 8666
f 8666 3571 8665
f 8666 8665 9151
f 9151 8665 9152
f 9151 9152 9153
f 9153 9152 9154
f 9153 9154 9155
f 9155 9154 9156
f 9155 9156 9157
f 9157 9156 9158
f 9157 9158 9159
f 9159 9158 9160
f 9159 9160 9161
f 9161 9160 9162
f 9161 9162 9163
f 9163 9162 9164
f 9163 9164 9165
f 9165 9164 9166
f 9165 9166 9167
f 9167 9166 9168
f 9167 9168 9169
f 9169 9168 9170
f 9169 9170 9171
f 9171 9170 9172
f 9171 9172 9173
f 9173 9172 8610
f 3579 3578 8748
f 8748 3578 8749
f 8748 8749 9174
f 9174 8749 9175
f 9174 9175 9176
f 9176 9175 9177
f 9176 9177 9178
f 9178 9177 9179
f 9178 9179 9180
f 9180 9179 9181
f 9180 9181 9182
f 9182 9181 9183
f 9182 9183 9184
f 9184 9183 9185
f 9184 9185 9186
f 9186 9185 9187
f 9186 9187 9188
f 9188 9187 9189
f 9188 9189 9190
f 9190 9189 9191
f 9190 9191 9192
f 9192 9191 9193
f 9192 9193 9194
f 9194 9193 9195
f 9194 9195 9196
f 9196 9195 8609
f 3592 3590 8661
f 8661 3590 8750
f 8661 8750 9197
f 9197 8750 9198
f 9197 9198 9199
f 9199 9198 9200
f 9199 9200 9201
f 9201 9200 9202
f 9201 9202 9203
f 9203 9202 9204
f 9203 9204 9205
f 9205 9204 9206
f 9205 9206 9207
f 9207 9206 9208
f 9207 9208 9209
f 9209 9208 9210
f 9209 9210 9211
f 9211 9210 9212
f 9211 9212 9213
f 9213 9212 9214
f 9213 9214 9215
f 9215 9214 9216
f 9215 9216 9217
f 9217 9216 9218
f 9217 9218 9219
f 9219 9218 8607
f 3601 3607 8659
f 8659 3607 8658
f 8659 8658 9220
f 9220 8658 9221
f 9220 9221 9222
f 9222 9221 9223
f 9222 9223 9224
f 9224 9223 9225
f 9224 9225 9226
f 9226 9225 9227
f 9226 9227 9228
f 9228 9227 9229
f 9228 9229 9230
f 9230 9229 9231
f 9230 9231 9232
f 9232 9231 9233
f 9232 9233 9234
f 9234 9233 9235
f 9234 9235 9236
f 9236 9235 9237
f 9236 9237 9238
f 9238 9237 9239
f 9238 9239 9240
f 9240 9239 9241
f 9240 9241 9242
f 9242 9241 8606
f 3627 3626 8753
f 8753 3626 8654
f 8753 8654 9243
f 9243 8654 9244
f 9243 9244 9245
f 9245 9244 9246
f 9245 9246 9247
f 9247 9246 9248
f 9247 9248 9249
f 9249 9248 9250
f 9249 9250 9251
f 9251 9250 9252
f 9251 9252 9253
f 9253 9252 9254
f 9253 9254 9255
f 9255 9254 9256
f 9255 9256 9257
f 9257 9256 9258
f 9257 9258 9259
f 9259 9258 9260
f 9259 9260 9261
f 9261 9260 9262
f 9261 9262 9263
f 9263 9262 9264
f 9263 9264 9265
f 9265 9264 8602
f 254 256 8794
f 8794 256 8600
f 8794 8600 8599
f 8651 251 8794
f 8794 251 253
f 8794 253 254
f 247 246 9266
f 9266 246 8651
f 9266 8651 9267
f 9267 8651 8805
f 9267 8805 9268
f 9268 8805 8804
f 9268 8804 9269
f 9269 8804 8803
f 9269 8803 9270
f 9270 8803 8802
f 9270 8802 9271
f 9271 8802 8801
f 9271 8801 9272
f 9272 8801 8800
f 9272 8800 9273
f 9273 8800 8799
f 9273 8799 9274
f 9274 8799 8798
f 9274 8798 9275
f 9275 8798 8797
f 9275 8797 9276
f 9276 8797 8796
f 9276 8796 9277
f 9277 8796 8795
f 9277 8795 8714
f 8714 8795 8715
f 8714 8715 3291
f 3291 8715 3289
f 3292 3294 8714
f 8714 3294 8713
f 8714 8713 9277
f 9277 8713 8806
f 9277 8806 9276
f 9276 8806 8808
f 9276 8808 9275
f 9275 8808 8810
f 9275 8810 9274
f 9274 8810 8812
f 9274 8812 9273
f 9273 8812 8814
f 9273 8814 9272
f 9272 8814 8816
f 9272 8816 9271
f 9271 8816 8818
f 9271 8818 9270
f 9270 8818 8820
f 9270 8820 9269
f 9269 8820 8822
f 9269 8822 9268
f 9268 8822 8824
f 9268 8824 9267
f 9267 8824 8826
f 9267 8826 9266
f 9266 8826 8828
f 9266 8828 247
f 247 8828 249
f 8650 244 8828
f 8828 244 250
f 8828 250 249
f 242 245 9278
f 9278 245 8650
f 9278 8650 9279
f 9279 8650 8827
f 9279 8827 9280
f 9280 8827 8825
f 9280 8825 9281
f 9281 8825 8823
f 9281 8823 9282
f 9282 8823 8821
f 9282 8821 9283
f 9283 8821 8819
f 9283 8819 9284
f 9284 8819 8817
f 9284 8817 9285
f 9285 8817 8815
f 9285 8815 9286
f 9286 8815 8813
f 9286 8813 9287
f 9287 8813 8811
f 9287 8811 9288
f 9288 8811 8809
f 9288 8809 9289
f 9289 8809 8807
f 9289 8807 8712
f 8712 8807 8717
f 8712 8717 3300
f 3300 8717 3299
f 3303 3305 8712
f 8712 3305 8711
f 8712 8711 9289
f 9289 8711 9290
f 9289 9290 9288
f 9288 9290 9291
f 9288 9291 9287
f 9287 9291 9292
f 9287 9292 9286
f 9286 9292 9293
f 9286 9293 9285
f 9285 9293 9294
f 9285 9294 9284
f 9284 9294 9295
f 9284 9295 9283
f 9283 9295 9296
f 9283 9296 9282
f 9282 9296 9297
f 9282 9297 9281
f 9281 9297 9298
f 9281 9298 9280
f 9280 9298 9299
f 9280 9299 9279
f 9279 9299 9300
f 9279 9300 9278
f 9278 9300 8649
f 9278 8649 242
f 242 8649 240
f 237 239 8851
f 8851 239 8649
f 8851 8649 8849
f 8849 8649 9300
f 8849 9300 8847
f 8847 9300 9299
f 8847 9299 8845
f 8845 9299 9298
f 8845 9298 8843
f 8843 9298 9297
f 8843 9297 8841
f 8841 9297 9296
f 8841 9296 8839
f 8839 9296 9295
f 8839 9295 8837
f 8837 9295 9294
f 8837 9294 8835
f 8835 9294 9293
f 8835 9293 8833
f 8833 9293 9292
f 8833 9292 8831
f 8831 9292 9291
f 8831 9291 8829
f 8829 9291 9290
f 8829 9290 8710
f 8710 9290 8711
f 8710 8711 3308
f 3308 8711 3306
f 8648 234 8851
f 8851 234 236
f 8851 236 237
f 230 229 9301
f 9301 229 8648
f 9301 8648 9302
f 9302 8648 8850
f 9302 8850 9303
f 9303 8850 8848
f 9303 8848 9304
f 9304 8848 8846
f 9304 8846 9305
f 9305 8846 8844
f 9305 8844 9306
f 9306 8844 8842
f 9306 8842 9307
f 9307 8842 8840
f 9307 8840 9308
f 9308 8840 8838
f 9308 8838 9309
f 9309 8838 8836
f 9309 8836 9310
f 9310 8836 8834
f 9310 8834 9311
f 9311 8834 8832
f 9311 8832 9312
f 9312 8832 8830
f 9312 8830 8719
f 8719 8830 8718
f 8719 8718 3314
f 3314 8718 3313
f 3316 3317 8719
f 8719 3317 8709
f 8719 8709 9312
f 9312 8709 8852
f 9312 8852 9311
f 9311 8852 8854
f 9311 8854 9310
f 9310 8854 8856
f 9310 8856 9309
f 9309 8856 8858
f 9309 8858 9308
f 9308 8858 8860
f 9308 8860 9307
f 9307 8860 8862
f 9307 8862 9306
f 9306 8862 8864
f 9306 8864 9305
f 9305 8864 8866
f 9305 8866 9304
f 9304 8866 8868
f 9304 8868 9303
f 9303 8868 8870
f 9303 8870 9302
f 9302 8870 8872
f 9302 8872 9301
f 9301 8872 8874
f 9301 8874 230
f 230 8874 232
f 8647 227 8874
f 8874 227 233
f 8874 233 232
f 225 228 9313
f 9313 228 8647
f 9313 8647 9314
f 9314 8647 8873
f 9314 8873 9315
f 9315 8873 8871
f 9315 8871 9316
f 9316 8871 8869
f 9316 8869 9317
f 9317 8869 8867
f 9317 8867 9318
f 9318 8867 8865
f 9318 8865 9319
f 9319 8865 8863
f 9319 8863 9320
f 9320 8863 8861
f 9320 8861 9321
f 9321 8861 8859
f 9321 8859 9322
f 9322 8859 8857
f 9322 8857 9323
f 9323 8857 8855
f 9323 8855 9324
f 9324 8855 8853
f 9324 8853 8707
f 8707 8853 8708
f 8707 8708 3325
f 3325 8708 3323
f 3326 3328 8707
f 8707 3328 8720
f 8707 8720 9324
f 9324 8720 9325
f 9324 9325 9323
f 9323 9325 9326
f 9323 9326 9322
f 9322 9326 9327
f 9322 9327 9321
f 9321 9327 9328
f 9321 9328 9320
f 9320 9328 9329
f 9320 9329 9319
f 9319 9329 9330
f 9319 9330 9318
f 9318 9330 9331
f 9318 9331 9317
f 9317 9331 9332
f 9317 9332 9316
f 9316 9332 9333
f 9316 9333 9315
f 9315 9333 9334
f 9315 9334 9314
f 9314 9334 9335
f 9314 9335 9313
f 9313 9335 8646
f 9313 8646 225
f 225 8646 223
f 220 222 8645
f 8645 222 8646
f 8645 8646 9336
f 9336 8646 9335
f 9336 9335 9337
f 9337 9335 9334
f 9337 9334 9338
f 9338 9334 9333
f 9338 9333 9339
f 9339 9333 9332
f 9339 9332 9340
f 9340 9332 9331
f 9340 9331 9341
f 9341 9331 9330
f 9341 9330 9342
f 9342 9330 9329
f 9342 9329 9343
f 9343 9329 9328
f 9343 9328 9344
f 9344 9328 9327
f 9344 9327 9345
f 9345 9327 9326
f 9345 9326 9346
f 9346 9326 9325
f 9346 9325 8706
f 8706 9325 8720
f 8706 8720 3331
f 3331 8720 3330
f 217 219 8644
f 8644 219 8645
f 8644 8645 9347
f 9347 8645 9336
f 9347 9336 9348
f 9348 9336 9337
f 9348 9337 9349
f 9349 9337 9338
f 9349 9338 9350
f 9350 9338 9339
f 9350 9339 9351
f 9351 9339 9340
f 9351 9340 9352
f 9352 9340 9341
f 9352 9341 9353
f 9353 9341 9342
f 9353 9342 9354
f 9354 9342 9343
f 9354 9343 9355
f 9355 9343 9344
f 9355 9344 9356
f 9356 9344 9345
f 9356 9345 9357
f 9357 9345 9346
f 9357 9346 8705
f 8705 9346 8706
f 8705 8706 3336
f 3336 8706 3334
f 213 212 9358
f 9358 212 8644
f 9358 8644 9359
f 9359 8644 9347
f 9359 9347 9360
f 9360 9347 9348
f 9360 9348 9361
f 9361 9348 9349
f 9361 9349 9362
f 9362 9349 9350
f 9362 9350 9363
f 9363 9350 9351
f 9363 9351 9364
f 9364 9351 9352
f 9364 9352 9365
f 9365 9352 9353
f 9365 9353 9366
f 9366 9353 9354
f 9366 9354 9367
f 9367 9354 9355
f 9367 9355 9368
f 9368 9355 9356
f 9368 9356 9369
f 9369 9356 9357
f 9369 9357 8704
f 8704 9357 8705
f 8704 8705 3339
f 3339 8705 3337
f 3340 3342 8704
f 8704 3342 8721
f 8704 8721 9369
f 9369 8721 8875
f 9369 8875 9368
f 9368 8875 8877
f 9368 8877 9367
f 9367 8877 8879
f 9367 8879 9366
f 9366 8879 8881
f 9366 8881 9365
f 9365 8881 8883
f 9365 8883 9364
f 9364 8883 8885
f 9364 8885 9363
f 9363 8885 8887
f 9363 8887 9362
f 9362 8887 8889
f 9362 8889 9361
f 9361 8889 8891
f 9361 8891 9360
f 9360 8891 8893
f 9360 8893 9359
f 9359 8893 8895
f 9359 8895 9358
f 9358 8895 8897
f 9358 8897 213
f 213 8897 215
f 8643 210 8897
f 8897 210 216
f 8897 216 215
f 208 211 9370
f 9370 211 8643
f 9370 8643 9371
f 9371 8643 8896
f 9371 8896 9372
f 9372 8896 8894
f 9372 8894 9373
f 9373 8894 8892
f 9373 8892 9374
f 9374 8892 8890
f 9374 8890 9375
f 9375 8890 8888
f 9375 8888 9376
f 9376 8888 8886
f 9376 8886 9377
f 9377 8886 8884
f 9377 8884 9378
f 9378 8884 8882
f 9378 8882 9379
f 9379 8882 8880
f 9379 8880 9380
f 9380 8880 8878
f 9380 8878 9381
f 9381 8878 8876
f 9381 8876 8703
f 8703 8876 8722
f 8703 8722 3348
f 3348 8722 3347
f 3351 3353 8703
f 8703 3353 8702
f 8703 8702 9381
f 9381 8702 9382
f 9381 9382 9380
f 9380 9382 9383
f 9380 9383 9379
f 9379 9383 9384
f 9379 9384 9378
f 9378 9384 9385
f 9378 9385 9377
f 9377 9385 9386
f 9377 9386 9376
f 9376 9386 9387
f 9376 9387 9375
f 9375 9387 9388
f 9375 9388 9374
f 9374 9388 9389
f 9374 9389 9373
f 9373 9389 9390
f 9373 9390 9372
f 9372 9390 9391
f 9372 9391 9371
f 9371 9391 9392
f 9371 9392 9370
f 9370 9392 8642
f 9370 8642 208
f 208 8642 206
f 203 205 8641
f 8641 205 8642
f 8641 8642 9393
f 9393 8642 9392
f 9393 9392 9394
f 9394 9392 9391
f 9394 9391 9395
f 9395 9391 9390
f 9395 9390 9396
f 9396 9390 9389
f 9396 9389 9397
f 9397 9389 9388
f 9397 9388 9398
f 9398 9388 9387
f 9398 9387 9399
f 9399 9387 9386
f 9399 9386 9400
f 9400 9386 9385
f 9400 9385 9401
f 9401 9385 9384
f 9401 9384 9402
f 9402 9384 9383
f 9402 9383 9403
f 9403 9383 9382
f 9403 9382 8701
f 8701 9382 8702
f 8701 8702 3356
f 3356 8702 3354
f 199 198 9404
f 9404 198 8641
f 9404 8641 9405
f 9405 8641 9393
f 9405 9393 9406
f 9406 9393 9394
f 9406 9394 9407
f 9407 9394 9395
f 9407 9395 9408
f 9408 9395 9396
f 9408 9396 9409
f 9409 9396 9397
f 9409 9397 9410
f 9410 9397 9398
f 9410 9398 9411
f 9411 9398 9399
f 9411 9399 9412
f 9412 9399 9400
f 9412 9400 9413
f 9413 9400 9401
f 9413 9401 9414
f 9414 9401 9402
f 9414 9402 9415
f 9415 9402 9403
f 9415 9403 8723
f 8723 9403 8701
f 8723 8701 3359
f 3359 8701 3357
f 3361 3362 8723
f 8723 3362 8700
f 8723 8700 9415
f 9415 8700 9416
f 9415 9416 9414
f 9414 9416 9417
f 9414 9417 9413
f 9413 9417 9418
f 9413 9418 9412
f 9412 9418 9419
f 9412 9419 9411
f 9411 9419 9420
f 9411 9420 9410
f 9410 9420 9421
f 9410 9421 9409
f 9409 9421 9422
f 9409 9422 9408
f 9408 9422 9423
f 9408 9423 9407
f 9407 9423 9424
f 9407 9424 9406
f 9406 9424 9425
f 9406 9425 9405
f 9405 9425 9426
f 9405 9426 9404
f 9404 9426 8640
f 9404 8640 199
f 199 8640 201
f 196 202 8920
f 8920 202 8640
f 8920 8640 8918
f 8918 8640 9426
f 8918 9426 8916
f 8916 9426 9425
f 8916 9425 8914
f 8914 9425 9424
f 8914 9424 8912
f 8912 9424 9423
f 8912 9423 8910
f 8910 9423 9422
f 8910 9422 8908
f 8908 9422 9421
f 8908 9421 8906
f 8906 9421 9420
f 8906 9420 8904
f 8904 9420 9419
f 8904 9419 8902
f 8902 9419 9418
f 8902 9418 8900
f 8900 9418 9417
f 8900 9417 8898
f 8898 9417 9416
f 8898 9416 8699
f 8699 9416 8700
f 8699 8700 3367
f 3367 8700 3365
f 8639 193 8920
f 8920 193 197
f 8920 197 196
f 191 194 9427
f 9427 194 8639
f 9427 8639 9428
f 9428 8639 8919
f 9428 8919 9429
f 9429 8919 8917
f 9429 8917 9430
f 9430 8917 8915
f 9430 8915 9431
f 9431 8915 8913
f 9431 8913 9432
f 9432 8913 8911
f 9432 8911 9433
f 9433 8911 8909
f 9433 8909 9434
f 9434 8909 8907
f 9434 8907 9435
f 9435 8907 8905
f 9435 8905 9436
f 9436 8905 8903
f 9436 8903 9437
f 9437 8903 8901
f 9437 8901 9438
f 9438 8901 8899
f 9438 8899 8724
f 8724 8899 8698
f 8724 8698 3373
f 3373 8698 3371
f 3375 3376 8724
f 8724 3376 8725
f 8724 8725 9438
f 9438 8725 8921
f 9438 8921 9437
f 9437 8921 8923
f 9437 8923 9436
f 9436 8923 8925
f 9436 8925 9435
f 9435 8925 8927
f 9435 8927 9434
f 9434 8927 8929
f 9434 8929 9433
f 9433 8929 8931
f 9433 8931 9432
f 9432 8931 8933
f 9432 8933 9431
f 9431 8933 8935
f 9431 8935 9430
f 9430 8935 8937
f 9430 8937 9429
f 9429 8937 8939
f 9429 8939 9428
f 9428 8939 8941
f 9428 8941 9427
f 9427 8941 8943
f 9427 8943 191
f 191 8943 189
f 8638 186 8943
f 8943 186 188
f 8943 188 189
f 182 181 9439
f 9439 181 8638
f 9439 8638 9440
f 9440 8638 8942
f 9440 8942 9441
f 9441 8942 8940
f 9441 8940 9442
f 9442 8940 8938
f 9442 8938 9443
f 9443 8938 8936
f 9443 8936 9444
f 9444 8936 8934
f 9444 8934 9445
f 9445 8934 8932
f 9445 8932 9446
f 9446 8932 8930
f 9446 8930 9447
f 9447 8930 8928
f 9447 8928 9448
f 9448 8928 8926
f 9448 8926 9449
f 9449 8926 8924
f 9449 8924 9450
f 9450 8924 8922
f 9450 8922 8696
f 8696 8922 8697
f 8696 8697 3384
f 3384 8697 3382
f 3385 3387 8696
f 8696 3387 8695
f 8696 8695 9450
f 9450 8695 9451
f 9450 9451 9449
f 9449 9451 9452
f 9449 9452 9448
f 9448 9452 9453
f 9448 9453 9447
f 9447 9453 9454
f 9447 9454 9446
f 9446 9454 9455
f 9446 9455 9445
f 9445 9455 9456
f 9445 9456 9444
f 9444 9456 9457
f 9444 9457 9443
f 9443 9457 9458
f 9443 9458 9442
f 9442 9458 9459
f 9442 9459 9441
f 9441 9459 9460
f 9441 9460 9440
f 9440 9460 9461
f 9440 9461 9439
f 9439 9461 8637
f 9439 8637 182
f 182 8637 184
f 179 185 8636
f 8636 185 8637
f 8636 8637 9462
f 9462 8637 9461
f 9462 9461 9463
f 9463 9461 9460
f 9463 9460 9464
f 9464 9460 9459
f 9464 9459 9465
f 9465 9459 9458
f 9465 9458 9466
f 9466 9458 9457
f 9466 9457 9467
f 9467 9457 9456
f 9467 9456 9468
f 9468 9456 9455
f 9468 9455 9469
f 9469 9455 9454
f 9469 9454 9470
f 9470 9454 9453
f 9470 9453 9471
f 9471 9453 9452
f 9471 9452 9472
f 9472 9452 9451
f 9472 9451 8726
f 8726 9451 8695
f 8726 8695 3390
f 3390 8695 3388
f 176 180 8635
f 8635 180 8636
f 8635 8636 9473
f 9473 8636 9462
f 9473 9462 9474
f 9474 9462 9463
f 9474 9463 9475
f 9475 9463 9464
f 9475 9464 9476
f 9476 9464 9465
f 9476 9465 9477
f 9477 9465 9466
f 9477 9466 9478
f 9478 9466 9467
f 9478 9467 9479
f 9479 9467 9468
f 9479 9468 9480
f 9480 9468 9469
f 9480 9469 9481
f 9481 9469 9470
f 9481 9470 9482
f 9482 9470 9471
f 9482 9471 9483
f 9483 9471 9472
f 9483 9472 8727
f 8727 9472 8726
f 8727 8726 3393
f 3393 8726 3392
f 174 177 9484
f 9484 177 8635
f 9484 8635 9485
f 9485 8635 9473
f 9485 9473 9486
f 9486 9473 9474
f 9486 9474 9487
f 9487 9474 9475
f 9487 9475 9488
f 9488 9475 9476
f 9488 9476 9489
f 9489 9476 9477
f 9489 9477 9490
f 9490 9477 9478
f 9490 9478 9491
f 9491 9478 9479
f 9491 9479 9492
f 9492 9479 9480
f 9492 9480 9493
f 9493 9480 9481
f 9493 9481 9494
f 9494 9481 9482
f 9494 9482 9495
f 9495 9482 9483
f 9495 9483 8694
f 8694 9483 8727
f 8694 8727 3396
f 3396 8727 3395
f 3399 3401 8694
f 8694 3401 8693
f 8694 8693 9495
f 9495 8693 8944
f 9495 8944 9494
f 9494 8944 8946
f 9494 8946 9493
f 9493 8946 8948
f 9493 8948 9492
f 9492 8948 8950
f 9492 8950 9491
f 9491 8950 8952
f 9491 8952 9490
f 9490 8952 8954
f 9490 8954 9489
f 9489 8954 8956
f 9489 8956 9488
f 9488 8956 8958
f 9488 8958 9487
f 9487 8958 8960
f 9487 8960 9486
f 9486 8960 8962
f 9486 8962 9485
f 9485 8962 8964
f 9485 8964 9484
f 9484 8964 8966
f 9484 8966 174
f 174 8966 172
f 8634 169 8966
f 8966 169 171
f 8966 171 172
f 165 164 9496
f 9496 164 8634
f 9496 8634 9497
f 9497 8634 8965
f 9497 8965 9498
f 9498 8965 8963
f 9498 8963 9499
f 9499 8963 8961
f 9499 8961 9500
f 9500 8961 8959
f 9500 8959 9501
f 9501 8959 8957
f 9501 8957 9502
f 9502 8957 8955
f 9502 8955 9503
f 9503 8955 8953
f 9503 8953 9504
f 9504 8953 8951
f 9504 8951 9505
f 9505 8951 8949
f 9505 8949 9506
f 9506 8949 8947
f 9506 8947 9507
f 9507 8947 8945
f 9507 8945 8729
f 8729 8945 8728
f 8729 8728 3407
f 3407 8728 3406
f 3409 3410 8729
f 8729 3410 8692
f 8729 8692 9507
f 9507 8692 9508
f 9507 9508 9506
f 9506 9508 9509
f 9506 9509 9505
f 9505 9509 9510
f 9505 9510 9504
f 9504 9510 9511
f 9504 9511 9503
f 9503 9511 9512
f 9503 9512 9502
f 9502 9512 9513
f 9502 9513 9501
f 9501 9513 9514
f 9501 9514 9500
f 9500 9514 9515
f 9500 9515 9499
f 9499 9515 9516
f 9499 9516 9498
f 9498 9516 9517
f 9498 9517 9497
f 9497 9517 9518
f 9497 9518 9496
f 9496 9518 8633
f 9496 8633 165
f 165 8633 167
f 162 168 8632
f 8632 168 8633
f 8632 8633 9519
f 9519 8633 9518
f 9519 9518 9520
f 9520 9518 9517
f 9520 9517 9521
f 9521 9517 9516
f 9521 9516 9522
f 9522 9516 9515
f 9522 9515 9523
f 9523 9515 9514
f 9523 9514 9524
f 9524 9514 9513
f 9524 9513 9525
f 9525 9513 9512
f 9525 9512 9526
f 9526 9512 9511
f 9526 9511 9527
f 9527 9511 9510
f 9527 9510 9528
f 9528 9510 9509
f 9528 9509 9529
f 9529 9509 9508
f 9529 9508 8691
f 8691 9508 8692
f 8691 8692 3416
f 3416 8692 3417
f 160 163 9530
f 9530 163 8632
f 9530 8632 9531
f 9531 8632 9519
f 9531 9519 9532
f 9532 9519 9520
f 9532 9520 9533
f 9533 9520 9521
f 9533 9521 9534
f 9534 9521 9522
f 9534 9522 9535
f 9535 9522 9523
f 9535 9523 9536
f 9536 9523 9524
f 9536 9524 9537
f 9537 9524 9525
f 9537 9525 9538
f 9538 9525 9526
f 9538 9526 9539
f 9539 9526 9527
f 9539 9527 9540
f 9540 9527 9528
f 9540 9528 9541
f 9541 9528 9529
f 9541 9529 8690
f 8690 9529 8691
f 8690 8691 3422
f 3422 8691 3414
f 3421 3419 8690
f 8690 3419 8730
f 8690 8730 9541
f 9541 8730 9542
f 9541 9542 9540
f 9540 9542 9543
f 9540 9543 9539
f 9539 9543 9544
f 9539 9544 9538
f 9538 9544 9545
f 9538 9545 9537
f 9537 9545 9546
f 9537 9546 9536
f 9536 9546 9547
f 9536 9547 9535
f 9535 9547 9548
f 9535 9548 9534
f 9534 9548 9549
f 9534 9549 9533
f 9533 9549 9550
f 9533 9550 9532
f 9532 9550 9551
f 9532 9551 9531
f 9531 9551 9552
f 9531 9552 9530
f 9530 9552 9553
f 9530 9553 160
f 160 9553 158
f 156 158 8989
f 8989 158 9553
f 8989 9553 8987
f 8987 9553 9552
f 8987 9552 8985
f 8985 9552 9551
f 8985 9551 8983
f 8983 9551 9550
f 8983 9550 8981
f 8981 9550 9549
f 8981 9549 8979
f 8979 9549 9548
f 8979 9548 8977
f 8977 9548 9547
f 8977 9547 8975
f 8975 9547 9546
f 8975 9546 8973
f 8973 9546 9545
f 8973 9545 8971
f 8971 9545 9544
f 8971 9544 8969
f 8969 9544 9543
f 8969 9543 8967
f 8967 9543 9542
f 8967 9542 8731
f 8731 9542 8730
f 8731 8730 3424
f 3424 8730 3425
f 8631 153 8989
f 8989 153 155
f 8989 155 156
f 149 148 9554
f 9554 148 8631
f 9554 8631 9555
f 9555 8631 8988
f 9555 8988 9556
f 9556 8988 8986
f 9556 8986 9557
f 9557 8986 8984
f 9557 8984 9558
f 9558 8984 8982
f 9558 8982 9559
f 9559 8982 8980
f 9559 8980 9560
f 9560 8980 8978
f 9560 8978 9561
f 9561 8978 8976
f 9561 8976 9562
f 9562 8976 8974
f 9562 8974 9563
f 9563 8974 8972
f 9563 8972 9564
f 9564 8972 8970
f 9564 8970 9565
f 9565 8970 8968
f 9565 8968 8688
f 8688 8968 8689
f 8688 8689 3436
f 3436 8689 3430
f 3435 3433 8688
f 8688 3433 8732
f 8688 8732 9565
f 9565 8732 8990
f 9565 8990 9564
f 9564 8990 8992
f 9564 8992 9563
f 9563 8992 8994
f 9563 8994 9562
f 9562 8994 8996
f 9562 8996 9561
f 9561 8996 8998
f 9561 8998 9560
f 9560 8998 9000
f 9560 9000 9559
f 9559 9000 9002
f 9559 9002 9558
f 9558 9002 9004
f 9558 9004 9557
f 9557 9004 9006
f 9557 9006 9556
f 9556 9006 9008
f 9556 9008 9555
f 9555 9008 9010
f 9555 9010 9554
f 9554 9010 9012
f 9554 9012 149
f 149 9012 151
f 8630 146 9012
f 9012 146 152
f 9012 152 151
f 144 147 9566
f 9566 147 8630
f 9566 8630 9567
f 9567 8630 9011
f 9567 9011 9568
f 9568 9011 9009
f 9568 9009 9569
f 9569 9009 9007
f 9569 9007 9570
f 9570 9007 9005
f 9570 9005 9571
f 9571 9005 9003
f 9571 9003 9572
f 9572 9003 9001
f 9572 9001 9573
f 9573 9001 8999
f 9573 8999 9574
f 9574 8999 8997
f 9574 8997 9575
f 9575 8997 8995
f 9575 8995 9576
f 9576 8995 8993
f 9576 8993 9577
f 9577 8993 8991
f 9577 8991 8687
f 8687 8991 8733
f 8687 8733 3441
f 3441 8733 3442
f 3444 3448 8687
f 8687 3448 8686
f 8687 8686 9577
f 9577 8686 9578
f 9577 9578 9576
f 9576 9578 9579
f 9576 9579 9575
f 9575 9579 9580
f 9575 9580 9574
f 9574 9580 9581
f 9574 9581 9573
f 9573 9581 9582
f 9573 9582 9572
f 9572 9582 9583
f 9572 9583 9571
f 9571 9583 9584
f 9571 9584 9570
f 9570 9584 9585
f 9570 9585 9569
f 9569 9585 9586
f 9569 9586 9568
f 9568 9586 9587
f 9568 9587 9567
f 9567 9587 9588
f 9567 9588 9566
f 9566 9588 8629
f 9566 8629 144
f 144 8629 142
f 139 141 9035
f 9035 141 8629
f 9035 8629 9033
f 9033 8629 9588
f 9033 9588 9031
f 9031 9588 9587
f 9031 9587 9029
f 9029 9587 9586
f 9029 9586 9027
f 9027 9586 9585
f 9027 9585 9025
f 9025 9585 9584
f 9025 9584 9023
f 9023 9584 9583
f 9023 9583 9021
f 9021 9583 9582
f 9021 9582 9019
f 9019 9582 9581
f 9019 9581 9017
f 9017 9581 9580
f 9017 9580 9015
f 9015 9580 9579
f 9015 9579 9013
f 9013 9579 9578
f 9013 9578 8685
f 8685 9578 8686
f 8685 8686 3453
f 3453 8686 3447
f 8628 136 9035
f 9035 136 138
f 9035 138 139
f 132 131 9589
f 9589 131 8628
f 9589 8628 9590
f 9590 8628 9034
f 9590 9034 9591
f 9591 9034 9032
f 9591 9032 9592
f 9592 9032 9030
f 9592 9030 9593
f 9593 9030 9028
f 9593 9028 9594
f 9594 9028 9026
f 9594 9026 9595
f 9595 9026 9024
f 9595 9024 9596
f 9596 9024 9022
f 9596 9022 9597
f 9597 9022 9020
f 9597 9020 9598
f 9598 9020 9018
f 9598 9018 9599
f 9599 9018 9016
f 9599 9016 9600
f 9600 9016 9014
f 9600 9014 8735
f 8735 9014 8734
f 8735 8734 3455
f 3455 8734 3456
f 3459 3458 8735
f 8735 3458 8684
f 8735 8684 9600
f 9600 8684 9036
f 9600 9036 9599
f 9599 9036 9038
f 9599 9038 9598
f 9598 9038 9040
f 9598 9040 9597
f 9597 9040 9042
f 9597 9042 9596
f 9596 9042 9044
f 9596 9044 9595
f 9595 9044 9046
f 9595 9046 9594
f 9594 9046 9048
f 9594 9048 9593
f 9593 9048 9050
f 9593 9050 9592
f 9592 9050 9052
f 9592 9052 9591
f 9591 9052 9054
f 9591 9054 9590
f 9590 9054 9056
f 9590 9056 9589
f 9589 9056 9058
f 9589 9058 132
f 132 9058 134
f 8627 129 9058
f 9058 129 135
f 9058 135 134
f 127 130 9601
f 9601 130 8627
f 9601 8627 9602
f 9602 8627 9057
f 9602 9057 9603
f 9603 9057 9055
f 9603 9055 9604
f 9604 9055 9053
f 9604 9053 9605
f 9605 9053 9051
f 9605 9051 9606
f 9606 9051 9049
f 9606 9049 9607
f 9607 9049 9047
f 9607 9047 9608
f 9608 9047 9045
f 9608 9045 9609
f 9609 9045 9043
f 9609 9043 9610
f 9610 9043 9041
f 9610 9041 9611
f 9611 9041 9039
f 9611 9039 9612
f 9612 9039 9037
f 9612 9037 8736
f 8736 9037 8683
f 8736 8683 3464
f 3464 8683 3466
f 3470 3469 8736
f 8736 3469 8737
f 8736 8737 9612
f 9612 8737 9613
f 9612 9613 9611
f 9611 9613 9614
f 9611 9614 9610
f 9610 9614 9615
f 9610 9615 9609
f 9609 9615 9616
f 9609 9616 9608
f 9608 9616 9617
f 9608 9617 9607
f 9607 9617 9618
f 9607 9618 9606
f 9606 9618 9619
f 9606 9619 9605
f 9605 9619 9620
f 9605 9620 9604
f 9604 9620 9621
f 9604 9621 9603
f 9603 9621 9622
f 9603 9622 9602
f 9602 9622 9623
f 9602 9623 9601
f 9601 9623 8626
f 9601 8626 127
f 127 8626 125
f 122 124 8625
f 8625 124 8626
f 8625 8626 9624
f 9624 8626 9623
f 9624 9623 9625
f 9625 9623 9622
f 9625 9622 9626
f 9626 9622 9621
f 9626 9621 9627
f 9627 9621 9620
f 9627 9620 9628
f 9628 9620 9619
f 9628 9619 9629
f 9629 9619 9618
f 9629 9618 9630
f 9630 9618 9617
f 9630 9617 9631
f 9631 9617 9616
f 9631 9616 9632
f 9632 9616 9615
f 9632 9615 9633
f 9633 9615 9614
f 9633 9614 9634
f 9634 9614 9613
f 9634 9613 8682
f 8682 9613 8737
f 8682 8737 3472
f 3472 8737 3473
f 119 121 8624
f 8624 121 8625
f 8624 8625 9635
f 9635 8625 9624
f 9635 9624 9636
f 9636 9624 9625
f 9636 9625 9637
f 9637 9625 9626
f 9637 9626 9638
f 9638 9626 9627
f 9638 9627 9639
f 9639 9627 9628
f 9639 9628 9640
f 9640 9628 9629
f 9640 9629 9641
f 9641 9629 9630
f 9641 9630 9642
f 9642 9630 9631
f 9642 9631 9643
f 9643 9631 9632
f 9643 9632 9644
f 9644 9632 9633
f 9644 9633 9645
f 9645 9633 9634
f 9645 9634 8681
f 8681 9634 8682
f 8681 8682 3479
f 3479 8682 3475
f 115 114 9646
f 9646 114 8624
f 9646 8624 9647
f 9647 8624 9635
f 9647 9635 9648
f 9648 9635 9636
f 9648 9636 9649
f 9649 9636 9637
f 9649 9637 9650
f 9650 9637 9638
f 9650 9638 9651
f 9651 9638 9639
f 9651 9639 9652
f 9652 9639 9640
f 9652 9640 9653
f 9653 9640 9641
f 9653 9641 9654
f 9654 9641 9642
f 9654 9642 9655
f 9655 9642 9643
f 9655 9643 9656
f 9656 9643 9644
f 9656 9644 9657
f 9657 9644 9645
f 9657 9645 8680
f 8680 9645 8681
f 8680 8681 3484
f 3484 8681 3478
f 3483 3481 8680
f 8680 3481 8738
f 8680 8738 9657
f 9657 8738 9059
f 9657 9059 9656
f 9656 9059 9061
f 9656 9061 9655
f 9655 9061 9063
f 9655 9063 9654
f 9654 9063 9065
f 9654 9065 9653
f 9653 9065 9067
f 9653 9067 9652
f 9652 9067 9069
f 9652 9069 9651
f 9651 9069 9071
f 9651 9071 9650
f 9650 9071 9073
f 9650 9073 9649
f 9649 9073 9075
f 9649 9075 9648
f 9648 9075 9077
f 9648 9077 9647
f 9647 9077 9079
f 9647 9079 9646
f 9646 9079 9081
f 9646 9081 115
f 115 9081 117
f 8623 112 9081
f 9081 112 118
f 9081 118 117
f 110 113 9658
f 9658 113 8623
f 9658 8623 9659
f 9659 8623 9080
f 9659 9080 9660
f 9660 9080 9078
f 9660 9078 9661
f 9661 9078 9076
f 9661 9076 9662
f 9662 9076 9074
f 9662 9074 9663
f 9663 9074 9072
f 9663 9072 9664
f 9664 9072 9070
f 9664 9070 9665
f 9665 9070 9068
f 9665 9068 9666
f 9666 9068 9066
f 9666 9066 9667
f 9667 9066 9064
f 9667 9064 9668
f 9668 9064 9062
f 9668 9062 9669
f 9669 9062 9060
f 9669 9060 8679
f 8679 9060 8739
f 8679 8739 3489
f 3489 8739 3490
f 3492 3498 8679
f 8679 3498 8678
f 8679 8678 9669
f 9669 8678 9670
f 9669 9670 9668
f 9668 9670 9671
f 9668 9671 9667
f 9667 9671 9672
f 9667 9672 9666
f 9666 9672 9673
f 9666 9673 9665
f 9665 9673 9674
f 9665 9674 9664
f 9664 9674 9675
f 9664 9675 9663
f 9663 9675 9676
f 9663 9676 9662
f 9662 9676 9677
f 9662 9677 9661
f 9661 9677 9678
f 9661 9678 9660
f 9660 9678 9679
f 9660 9679 9659
f 9659 9679 9680
f 9659 9680 9658
f 9658 9680 8622
f 9658 8622 110
f 110 8622 108
f 105 107 8621
f 8621 107 8622
f 8621 8622 9681
f 9681 8622 9680
f 9681 9680 9682
f 9682 9680 9679
f 9682 9679 9683
f 9683 9679 9678
f 9683 9678 9684
f 9684 9678 9677
f 9684 9677 9685
f 9685 9677 9676
f 9685 9676 9686
f 9686 9676 9675
f 9686 9675 9687
f 9687 9675 9674
f 9687 9674 9688
f 9688 9674 9673
f 9688 9673 9689
f 9689 9673 9672
f 9689 9672 9690
f 9690 9672 9671
f 9690 9671 9691
f 9691 9671 9670
f 9691 9670 8740
f 8740 9670 8678
f 8740 8678 3495
f 3495 8678 3497
f 101 100 9692
f 9692 100 8621
f 9692 8621 9693
f 9693 8621 9681
f 9693 9681 9694
f 9694 9681 9682
f 9694 9682 9695
f 9695 9682 9683
f 9695 9683 9696
f 9696 9683 9684
f 9696 9684 9697
f 9697 9684 9685
f 9697 9685 9698
f 9698 9685 9686
f 9698 9686 9699
f 9699 9686 9687
f 9699 9687 9700
f 9700 9687 9688
f 9700 9688 9701
f 9701 9688 9689
f 9701 9689 9702
f 9702 9689 9690
f 9702 9690 9703
f 9703 9690 9691
f 9703 9691 8741
f 8741 9691 8740
f 8741 8740 3500
f 3500 8740 3501
f 3504 3503 8741
f 8741 3503 8677
f 8741 8677 9703
f 9703 8677 9704
f 9703 9704 9702
f 9702 9704 9705
f 9702 9705 9701
f 9701 9705 9706
f 9701 9706 9700
f 9700 9706 9707
f 9700 9707 9699
f 9699 9707 9708
f 9699 9708 9698
f 9698 9708 9709
f 9698 9709 9697
f 9697 9709 9710
f 9697 9710 9696
f 9696 9710 9711
f 9696 9711 9695
f 9695 9711 9712
f 9695 9712 9694
f 9694 9712 9713
f 9694 9713 9693
f 9693 9713 9714
f 9693 9714 9692
f 9692 9714 8620
f 9692 8620 101
f 101 8620 103
f 98 104 9104
f 9104 104 8620
f 9104 8620 9102
f 9102 8620 9714
f 9102 9714 9100
f 9100 9714 9713
f 9100 9713 9098
f 9098 9713 9712
f 9098 9712 9096
f 9096 9712 9711
f 9096 9711 9094
f 9094 9711 9710
f 9094 9710 9092
f 9092 9710 9709
f 9092 9709 9090
f 9090 9709 9708
f 9090 9708 9088
f 9088 9708 9707
f 9088 9707 9086
f 9086 9707 9706
f 9086 9706 9084
f 9084 9706 9705
f 9084 9705 9082
f 9082 9705 9704
f 9082 9704 8676
f 8676 9704 8677
f 8676 8677 3510
f 3510 8677 3506
f 8619 95 9104
f 9104 95 99
f 9104 99 98
f 93 96 9715
f 9715 96 8619
f 9715 8619 9716
f 9716 8619 9103
f 9716 9103 9717
f 9717 9103 9101
f 9717 9101 9718
f 9718 9101 9099
f 9718 9099 9719
f 9719 9099 9097
f 9719 9097 9720
f 9720 9097 9095
f 9720 9095 9721
f 9721 9095 9093
f 9721 9093 9722
f 9722 9093 9091
f 9722 9091 9723
f 9723 9091 9089
f 9723 9089 9724
f 9724 9089 9087
f 9724 9087 9725
f 9725 9087 9085
f 9725 9085 9726
f 9726 9085 9083
f 9726 9083 8742
f 8742 9083 8675
f 8742 8675 3512
f 3512 8675 3514
f 3518 3517 8742
f 8742 3517 8743
f 8742 8743 9726
f 9726 8743 9105
f 9726 9105 9725
f 9725 9105 9107
f 9725 9107 9724
f 9724 9107 9109
f 9724 9109 9723
f 9723 9109 9111
f 9723 9111 9722
f 9722 9111 9113
f 9722 9113 9721
f 9721 9113 9115
f 9721 9115 9720
f 9720 9115 9117
f 9720 9117 9719
f 9719 9117 9119
f 9719 9119 9718
f 9718 9119 9121
f 9718 9121 9717
f 9717 9121 9123
f 9717 9123 9716
f 9716 9123 9125
f 9716 9125 9715
f 9715 9125 9127
f 9715 9127 93
f 93 9127 91
f 8618 88 9127
f 9127 88 90
f 9127 90 91
f 84 83 9727
f 9727 83 8618
f 9727 8618 9728
f 9728 8618 9126
f 9728 9126 9729
f 9729 9126 9124
f 9729 9124 9730
f 9730 9124 9122
f 9730 9122 9731
f 9731 9122 9120
f 9731 9120 9732
f 9732 9120 9118
f 9732 9118 9733
f 9733 9118 9116
f 9733 9116 9734
f 9734 9116 9114
f 9734 9114 9735
f 9735 9114 9112
f 9735 9112 9736
f 9736 9112 9110
f 9736 9110 9737
f 9737 9110 9108
f 9737 9108 9738
f 9738 9108 9106
f 9738 9106 8673
f 8673 9106 8674
f 8673 8674 3531
f 3531 8674 3523
f 3530 3528 8673
f 8673 3528 9739
f 8673 9739 9738
f 9738 9739 9740
f 9738 9740 9737
f 9737 9740 9741
f 9737 9741 9736
f 9736 9741 9742
f 9736 9742 9735
f 9735 9742 9743
f 9735 9743 9734
f 9734 9743 9744
f 9734 9744 9733
f 9733 9744 9745
f 9733 9745 9732
f 9732 9745 9746
f 9732 9746 9731
f 9731 9746 9747
f 9731 9747 9730
f 9730 9747 9748
f 9730 9748 9729
f 9729 9748 9749
f 9729 9749 9728
f 9728 9749 9750
f 9728 9750 9727
f 9727 9750 8617
f 9727 8617 84
f 84 8617 86
f 81 87 8616
f 8616 87 8617
f 8616 8617 9751
f 9751 8617 9750
f 9751 9750 9752
f 9752 9750 9749
f 9752 9749 9753
f 9753 9749 9748
f 9753 9748 9754
f 9754 9748 9747
f 9754 9747 9755
f 9755 9747 9746
f 9755 9746 9756
f 9756 9746 9745
f 9756 9745 9757
f 9757 9745 9744
f 9757 9744 9758
f 9758 9744 9743
f 9758 9743 9759
f 9759 9743 9742
f 9759 9742 9760
f 9760 9742 9741
f 9760 9741 9761
f 9761 9741 9740
f 9761 9740 8744
f 8744 9740 9739
f 8744 9739 3526
f 3526 9739 3528
f 78 82 8615
f 8615 82 8616
f 8615 8616 9762
f 9762 8616 9751
f 9762 9751 9763
f 9763 9751 9752
f 9763 9752 9764
f 9764 9752 9753
f 9764 9753 9765
f 9765 9753 9754
f 9765 9754 9766
f 9766 9754 9755
f 9766 9755 9767
f 9767 9755 9756
f 9767 9756 9768
f 9768 9756 9757
f 9768 9757 9769
f 9769 9757 9758
f 9769 9758 9770
f 9770 9758 9759
f 9770 9759 9771
f 9771 9759 9760
f 9771 9760 9772
f 9772 9760 9761
f 9772 9761 8672
f 8672 9761 8744
f 8672 8744 3533
f 3533 8744 3534
f 76 79 9773
f 9773 79 8615
f 9773 8615 9774
f 9774 8615 9762
f 9774 9762 9775
f 9775 9762 9763
f 9775 9763 9776
f 9776 9763 9764
f 9776 9764 9777
f 9777 9764 9765
f 9777 9765 9778
f 9778 9765 9766
f 9778 9766 9779
f 9779 9766 9767
f 9779 9767 9780
f 9780 9767 9768
f 9780 9768 9781
f 9781 9768 9769
f 9781 9769 9782
f 9782 9769 9770
f 9782 9770 9783
f 9783 9770 9771
f 9783 9771 9784
f 9784 9771 9772
f 9784 9772 8671
f 8671 9772 8672
f 8671 8672 3540
f 3540 8672 3536
f 3539 3545 8671
f 8671 3545 8670
f 8671 8670 9784
f 9784 8670 9128
f 9784 9128 9783
f 9783 9128 9130
f 9783 9130 9782
f 9782 9130 9132
f 9782 9132 9781
f 9781 9132 9134
f 9781 9134 9780
f 9780 9134 9136
f 9780 9136 9779
f 9779 9136 9138
f 9779 9138 9778
f 9778 9138 9140
f 9778 9140 9777
f 9777 9140 9142
f 9777 9142 9776
f 9776 9142 9144
f 9776 9144 9775
f 9775 9144 9146
f 9775 9146 9774
f 9774 9146 9148
f 9774 9148 9773
f 9773 9148 9150
f 9773 9150 76
f 76 9150 74
f 8614 71 9150
f 9150 71 73
f 9150 73 74
f 67 66 9785
f 9785 66 8614
f 9785 8614 9786
f 9786 8614 9149
f 9786 9149 9787
f 9787 9149 9147
f 9787 9147 9788
f 9788 9147 9145
f 9788 9145 9789
f 9789 9145 9143
f 9789 9143 9790
f 9790 9143 9141
f 9790 9141 9791
f 9791 9141 9139
f 9791 9139 9792
f 9792 9139 9137
f 9792 9137 9793
f 9793 9137 9135
f 9793 9135 9794
f 9794 9135 9133
f 9794 9133 9795
f 9795 9133 9131
f 9795 9131 9796
f 9796 9131 9129
f 9796 9129 8746
f 8746 9129 8745
f 8746 8745 3547
f 3547 8745 3548
f 3551 3550 8746
f 8746 3550 8669
f 8746 8669 9796
f 9796 8669 9797
f 9796 9797 9795
f 9795 9797 9798
f 9795 9798 9794
f 9794 9798 9799
f 9794 9799 9793
f 9793 9799 9800
f 9793 9800 9792
f 9792 9800 9801
f 9792 9801 9791
f 9791 9801 9802
f 9791 9802 9790
f 9790 9802 9803
f 9790 9803 9789
f 9789 9803 9804
f 9789 9804 9788
f 9788 9804 9805
f 9788 9805 9787
f 9787 9805 9806
f 9787 9806 9786
f 9786 9806 9807
f 9786 9807 9785
f 9785 9807 8613
f 9785 8613 67
f 67 8613 69
f 64 70 8612
f 8612 70 8613
f 8612 8613 9808
f 9808 8613 9807
f 9808 9807 9809
f 9809 9807 9806
f 9809 9806 9810
f 9810 9806 9805
f 9810 9805 9811
f 9811 9805 9804
f 9811 9804 9812
f 9812 9804 9803
f 9812 9803 9813
f 9813 9803 9802
f 9813 9802 9814
f 9814 9802 9801
f 9814 9801 9815
f 9815 9801 9800
f 9815 9800 9816
f 9816 9800 9799
f 9816 9799 9817
f 9817 9799 9798
f 9817 9798 9818
f 9818 9798 9797
f 9818 9797 8668
f 8668 9797 8669
f 8668 8669 3557
f 3557 8669 3553
f 62 65 9819
f 9819 65 8612
f 9819 8612 9820
f 9820 8612 9808
f 9820 9808 9821
f 9821 9808 9809
f 9821 9809 9822
f 9822 9809 9810
f 9822 9810 9823
f 9823 9810 9811
f 9823 9811 9824
f 9824 9811 9812
f 9824 9812 9825
f 9825 9812 9813
f 9825 9813 9826
f 9826 9813 9814
f 9826 9814 9827
f 9827 9814 9815
f 9827 9815 9828
f 9828 9815 9816
f 9828 9816 9829
f 9829 9816 9817
f 9829 9817 9830
f 9830 9817 9818
f 9830 9818 8667
f 8667 9818 8668
f 8667 8668 3562
f 3562 8668 3556
f 3561 3559 8667
f 8667 3559 8747
f 8667 8747 9830
f 9830 8747 9831
f 9830 9831 9829
f 9829 9831 9832
f 9829 9832 9828
f 9828 9832 9833
f 9828 9833 9827
f 9827 9833 9834
f 9827 9834 9826
f 9826 9834 9835
f 9826 9835 9825
f 9825 9835 9836
f 9825 9836 9824
f 9824 9836 9837
f 9824 9837 9823
f 9823 9837 9838
f 9823 9838 9822
f 9822 9838 9839
f 9822 9839 9821
f 9821 9839 9840
f 9821 9840 9820
f 9820 9840 9841
f 9820 9841 9819
f 9819 9841 8611
f 9819 8611 62
f 62 8611 60
f 57 59 9173
f 9173 59 8611
f 9173 8611 9171
f 9171 8611 9841
f 9171 9841 9169
f 9169 9841 9840
f 9169 9840 9167
f 9167 9840 9839
f 9167 9839 9165
f 9165 9839 9838
f 9165 9838 9163
f 9163 9838 9837
f 9163 9837 9161
f 9161 9837 9836
f 9161 9836 9159
f 9159 9836 9835
f 9159 9835 9157
f 9157 9835 9834
f 9157 9834 9155
f 9155 9834 9833
f 9155 9833 9153
f 9153 9833 9832
f 9153 9832 9151
f 9151 9832 9831
f 9151 9831 8666
f 8666 9831 8747
f 8666 8747 3564
f 3564 8747 3565
f 8610 54 9173
f 9173 54 56
f 9173 56 57
f 50 49 9842
f 9842 49 8610
f 9842 8610 9843
f 9843 8610 9172
f 9843 9172 9844
f 9844 9172 9170
f 9844 9170 9845
f 9845 9170 9168
f 9845 9168 9846
f 9846 9168 9166
f 9846 9166 9847
f 9847 9166 9164
f 9847 9164 9848
f 9848 9164 9162
f 9848 9162 9849
f 9849 9162 9160
f 9849 9160 9850
f 9850 9160 9158
f 9850 9158 9851
f 9851 9158 9156
f 9851 9156 9852
f 9852 9156 9154
f 9852 9154 9853
f 9853 9154 9152
f 9853 9152 8664
f 8664 9152 8665
f 8664 8665 3576
f 3576 8665 3570
f 3575 3573 8664
f 8664 3573 8748
f 8664 8748 9853
f 9853 8748 9174
f 9853 9174 9852
f 9852 9174 9176
f 9852 9176 9851
f 9851 9176 9178
f 9851 9178 9850
f 9850 9178 9180
f 9850 9180 9849
f 9849 9180 9182
f 9849 9182 9848
f 9848 9182 9184
f 9848 9184 9847
f 9847 9184 9186
f 9847 9186 9846
f 9846 9186 9188
f 9846 9188 9845
f 9845 9188 9190
f 9845 9190 9844
f 9844 9190 9192
f 9844 9192 9843
f 9843 9192 9194
f 9843 9194 9842
f 9842 9194 9196
f 9842 9196 50
f 50 9196 52
f 8609 47 9196
f 9196 47 53
f 9196 53 52
f 45 48 9854
f 9854 48 8609
f 9854 8609 9855
f 9855 8609 9195
f 9855 9195 9856
f 9856 9195 9193
f 9856 9193 9857
f 9857 9193 9191
f 9857 9191 9858
f 9858 9191 9189
f 9858 9189 9859
f 9859 9189 9187
f 9859 9187 9860
f 9860 9187 9185
f 9860 9185 9861
f 9861 9185 9183
f 9861 9183 9862
f 9862 9183 9181
f 9862 9181 9863
f 9863 9181 9179
f 9863 9179 9864
f 9864 9179 9177
f 9864 9177 9865
f 9865 9177 9175
f 9865 9175 8663
f 8663 9175 8749
f 8663 8749 3581
f 3581 8749 3582
f 3584 3588 8663
f 8663 3588 8662
f 8663 8662 9865
f 9865 8662 9866
f 9865 9866 9864
f 9864 9866 9867
f 9864 9867 9863
f 9863 9867 9868
f 9863 9868 9862
f 9862 9868 9869
f 9862 9869 9861
f 9861 9869 9870
f 9861 9870 9860
f 9860 9870 9871
f 9860 9871 9859
f 9859 9871 9872
f 9859 9872 9858
f 9858 9872 9873
f 9858 9873 9857
f 9857 9873 9874
f 9857 9874 9856
f 9856 9874 9875
f 9856 9875 9855
f 9855 9875 9876
f 9855 9876 9854
f 9854 9876 8608
f 9854 8608 45
f 45 8608 43
f 40 42 9219
f 9219 42 8608
f 9219 8608 9217
f 9217 8608 9876
f 9217 9876 9215
f 9215 9876 9875
f 9215 9875 9213
f 9213 9875 9874
f 9213 9874 9211
f 9211 9874 9873
f 9211 9873 9209
f 9209 9873 9872
f 9209 9872 9207
f 9207 9872 9871
f 9207 9871 9205
f 9205 9871 9870
f 9205 9870 9203
f 9203 9870 9869
f 9203 9869 9201
f 9201 9869 9868
f 9201 9868 9199
f 9199 9868 9867
f 9199 9867 9197
f 9197 9867 9866
f 9197 9866 8661
f 8661 9866 8662
f 8661 8662 3593
f 3593 8662 3587
f 8607 37 9219
f 9219 37 39
f 9219 39 40
f 33 32 9877
f 9877 32 8607
f 9877 8607 9878
f 9878 8607 9218
f 9878 9218 9879
f 9879 9218 9216
f 9879 9216 9880
f 9880 9216 9214
f 9880 9214 9881
f 9881 9214 9212
f 9881 9212 9882
f 9882 9212 9210
f 9882 9210 9883
f 9883 9210 9208
f 9883 9208 9884
f 9884 9208 9206
f 9884 9206 9885
f 9885 9206 9204
f 9885 9204 9886
f 9886 9204 9202
f 9886 9202 9887
f 9887 9202 9200
f 9887 9200 9888
f 9888 9200 9198
f 9888 9198 8660
f 8660 9198 8750
f 8660 8750 3595
f 3595 8750 3596
f 3598 3602 8660
f 8660 3602 8659
f 8660 8659 9888
f 9888 8659 9220
f 9888 9220 9887
f 9887 9220 9222
f 9887 9222 9886
f 9886 9222 9224
f 9886 9224 9885
f 9885 9224 9226
f 9885 9226 9884
f 9884 9226 9228
f 9884 9228 9883
f 9883 9228 9230
f 9883 9230 9882
f 9882 9230 9232
f 9882 9232 9881
f 9881 9232 9234
f 9881 9234 9880
f 9880 9234 9236
f 9880 9236 9879
f 9879 9236 9238
f 9879 9238 9878
f 9878 9238 9240
f 9878 9240 9877
f 9877 9240 9242
f 9877 9242 33
f 33 9242 35
f 8606 30 9242
f 9242 30 36
f 9242 36 35
f 28 31 9889
f 9889 31 8606
f 9889 8606 9890
f 9890 8606 9241
f 9890 9241 9891
f 9891 9241 9239
f 9891 9239 9892
f 9892 9239 9237
f 9892 9237 9893
f 9893 9237 9235
f 9893 9235 9894
f 9894 9235 9233
f 9894 9233 9895
f 9895 9233 9231
f 9895 9231 9896
f 9896 9231 9229
f 9896 9229 9897
f 9897 9229 9227
f 9897 9227 9898
f 9898 9227 9225
f 9898 9225 9899
f 9899 9225 9223
f 9899 9223 9900
f 9900 9223 9221
f 9900 9221 8751
f 8751 9221 8658
f 8751 8658 3604
f 3604 8658 3606
f 3610 3609 8751
f 8751 3609 8752
f 8751 8752 9900
f 9900 8752 9901
f 9900 9901 9899
f 9899 9901 9902
f 9899 9902 9898
f 9898 9902 9903
f 9898 9903 9897
f 9897 9903 9904
f 9897 9904 9896
f 9896 9904 9905
f 9896 9905 9895
f 9895 9905 9906
f 9895 9906 9894
f 9894 9906 9907
f 9894 9907 9893
f 9893 9907 9908
f 9893 9908 9892
f 9892 9908 9909
f 9892 9909 9891
f 9891 9909 9910
f 9891 9910 9890
f 9890 9910 9911
f 9890 9911 9889
f 9889 9911 8605
f 9889 8605 28
f 28 8605 26
f 23 25 8604
f 8604 25 8605
f 8604 8605 9912
f 9912 8605 9911
f 9912 9911 9913
f 9913 9911 9910
f 9913 9910 9914
f 9914 9910 9909
f 9914 9909 9915
f 9915 9909 9908
f 9915 9908 9916
f 9916 9908 9907
f 9916 9907 9917
f 9917 9907 9906
f 9917 9906 9918
f 9918 9906 9905
f 9918 9905 9919
f 9919 9905 9904
f 9919 9904 9920
f 9920 9904 9903
f 9920 9903 9921
f 9921 9903 9902
f 9921 9902 9922
f 9922 9902 9901
f 9922 9901 8657
f 8657 9901 8752
f 8657 8752 3612
f 3612 8752 3613
f 20 22 8603
f 8603 22 8604
f 8603 8604 9923
f 9923 8604 9912
f 9923 9912 9924
f 9924 9912 9913
f 9924 9913 9925
f 9925 9913 9914
f 9925 9914 9926
f 9926 9914 9915
f 9926 9915 9927
f 9927 9915 9916
f 9927 9916 9928
f 9928 9916 9917
f 9928 9917 9929
f 9929 9917 9918
f 9929 9918 9930
f 9930 9918 9919
f 9930 9919 9931
f 9931 9919 9920
f 9931 9920 9932
f 9932 9920 9921
f 9932 9921 9933
f 9933 9921 9922
f 9933 9922 8656
f 8656 9922 8657
f 8656 8657 3619
f 3619 8657 3615
f 16 15 9934
f 9934 15 8603
f 9934 8603 9935
f 9935 8603 9923
f 9935 9923 9936
f 9936 9923 9924
f 9936 9924 9937
f 9937 9924 9925
f 9937 9925 9938
f 9938 9925 9926
f 9938 9926 9939
f 9939 9926 9927
f 9939 9927 9940
f 9940 9927 9928
f 9940 9928 9941
f 9941 9928 9929
f 9941 9929 9942
f 9942 9929 9930
f 9942 9930 9943
f 9943 9930 9931
f 9943 9931 9944
f 9944 9931 9932
f 9944 9932 9945
f 9945 9932 9933
f 9945 9933 8655
f 8655 9933 8656
f 8655 8656 3624
f 3624 8656 3618
f 3623 3621 8655
f 8655 3621 8753
f 8655 8753 9945
f 9945 8753 9243
f 9945 9243 9944
f 9944 9243 9245
f 9944 9245 9943
f 9943 9245 9247
f 9943 9247 9942
f 9942 9247 9249
f 9942 9249 9941
f 9941 9249 9251
f 9941 9251 9940
f 9940 9251 9253
f 9940 9253 9939
f 9939 9253 9255
f 9939 9255 9938
f 9938 9255 9257
f 9938 9257 9937
f 9937 9257 9259
f 9937 9259 9936
f 9936 9259 9261
f 9936 9261 9935
f 9935 9261 9263
f 9935 9263 9934
f 9934 9263 9265
f 9934 9265 16
f 16 9265 18
f 8602 13 9265
f 9265 13 19
f 9265 19 18
f 11 14 9946
f 9946 14 8602
f 9946 8602 9947
f 9947 8602 9264
f 9947 9264 9948
f 9948 9264 9262
f 9948 9262 9949
f 9949 9262 9260
f 9949 9260 9950
f 9950 9260 9258
f 9950 9258 9951
f 9951 9258 9256
f 9951 9256 9952
f 9952 9256 9254
f 9952 9254 9953
f 9953 9254 9252
f 9953 9252 9954
f 9954 9252 9250
f 9954 9250 9955
f 9955 9250 9248
f 9955 9248 9956
f 9956 9248 9246
f 9956 9246 9957
f 9957 9246 9244
f 9957 9244 8653
f 8653 9244 8654
f 8653 8654 3633
f 3633 8654 3629
f 3632 3640 8653
f 8653 3640 8754
f 8653 8754 9957
f 9957 8754 8757
f 9957 8757 9956
f 9956 8757 8761
f 9956 8761 9955
f 9955 8761 8763
f 9955 8763 9954
f 9954 8763 8767
f 9954 8767 9953
f 9953 8767 8773
f 9953 8773 9952
f 9952 8773 8775
f 9952 8775 9951
f 9951 8775 8777
f 9951 8777 9950
f 9950 8777 8782
f 9950 8782 9949
f 9949 8782 8785
f 9949 8785 9948
f 9948 8785 8787
f 9948 8787 9947
f 9947 8787 8793
f 9947 8793 9946
f 9946 8793 8601
f 9946 8601 11
f 11 8601 9
f 4 6 9958
f 9958 6 8601
f 9958 8601 9959
f 9959 8601 8793
f 9959 8793 9960
f 9960 8793 8792
f 8762 8760 9961
f 8786 8784 9962
f 9963 1096 6786
f 9964 9963 9965
f 9966 9964 9967
f 9968 9969 9970
f 9971 9968 9972
f 9973 9971 9974
f 9975 9973 9976
f 3710 9977 9978
f 9979 3703 9980
f 9980 3703 3277
f 9980 3277 9978
f 9978 3277 3276
f 9978 3276 3710
f 9963 6786 9965
f 9965 6786 6785
f 9965 6785 9981
f 9981 6785 6784
f 9981 6784 9982
f 9982 6784 6783
f 9982 6783 9983
f 9984 3706 9979
f 9979 3706 3704
f 9979 3704 3703
f 6783 6791 9983
f 9983 6791 6792
f 9983 6792 9985
f 9985 6792 6789
f 9985 6789 9986
f 9986 6789 6788
f 9986 6788 9987
f 3701 3699 9988
f 9988 3699 3698
f 9988 3698 9989
f 9989 3698 3696
f 9989 3696 9990
f 9990 3696 3695
f 9990 3695 9991
f 9991 3695 3709
f 9991 3709 9984
f 9984 3709 3708
f 9984 3708 3706
f 6788 6797 9987
f 9987 6797 6796
f 9987 6796 9992
f 9992 6796 6794
f 9992 6794 9993
f 9993 6794 6793
f 9993 6793 9994
f 3701 9988 3702
f 3702 9988 9995
f 3702 9995 3690
f 3690 9995 9996
f 3690 9996 3691
f 3691 9996 9997
f 3691 9997 3693
f 6793 6800 9994
f 9994 6800 6799
f 9994 6799 9998
f 9998 6799 6798
f 9998 6798 9999
f 9999 6798 6781
f 9999 6781 10000
f 3693 9997 3694
f 3694 9997 10001
f 3694 10001 3687
f 3687 10001 10002
f 3687 10002 3688
f 3688 10002 3686
f 3686 10002 10003
f 3686 10003 3684
f 6781 6780 10000
f 10000 6780 6801
f 10000 6801 10004
f 10004 6801 6803
f 10004 6803 10005
f 10005 6803 6808
f 10005 6808 10006
f 3684 10003 3677
f 3677 10003 10007
f 3677 10007 3678
f 3678 10007 10008
f 3678 10008 3680
f 3680 10008 3682
f 3682 10008 10009
f 3682 10009 3683
f 6808 6807 10006
f 10006 6807 6806
f 10006 6806 10010
f 10010 6806 6805
f 10010 6805 10011
f 10011 6805 6813
f 10011 6813 10012
f 3683 10009 3672
f 3672 10009 10013
f 3672 10013 3673
f 3673 10013 10014
f 3673 10014 3675
f 3675 10014 3676
f 3676 10014 10015
f 3676 10015 3671
f 3671 10015 10016
f 3671 10016 3669
f 6813 6812 10012
f 10012 6812 6809
f 10012 6809 10017
f 10017 6809 6810
f 10017 6810 10018
f 10018 6810 6818
f 10018 6818 10019
f 3669 10016 3668
f 3668 10016 10020
f 3668 10020 3666
f 3666 10020 3664
f 3664 10020 10021
f 3664 10021 3665
f 3665 10021 3662
f 3662 10021 10022
f 3662 10022 3660
f 6818 6817 10019
f 10019 6817 6816
f 10019 6816 10023
f 10023 6816 6815
f 10023 6815 10024
f 10024 6815 6823
f 10024 6823 10025
f 3660 10022 3655
f 3655 10022 10026
f 3655 10026 3656
f 3656 10026 10027
f 3656 10027 3658
f 3658 10027 3659
f 3659 10027 10028
f 3659 10028 3653
f 6823 6822 10025
f 10025 6822 6821
f 10025 6821 10029
f 10029 6821 6820
f 10029 6820 10030
f 10030 6820 6826
f 10030 6826 10031
f 3653 10028 3654
f 3654 10028 10032
f 3654 10032 3651
f 3651 10032 10033
f 3651 10033 3649
f 3649 10033 3648
f 3648 10033 10034
f 3648 10034 3646
f 6826 6825 10031
f 10031 6825 6824
f 10031 6824 10035
f 10035 6824 6829
f 10035 6829 10036
f 10036 6829 6828
f 10036 6828 10037
f 6828 6827 10037
f 10037 6827 6778
f 10037 6778 10038
f 3646 10034 3643
f 3643 10034 10039
f 3643 10039 3644
f 3644 10039 10040
f 3644 10040 3645
f 3645 10040 10041
f 3645 10041 3279
f 9964 9965 9967
f 9967 9965 9981
f 9967 9981 10042
f 10042 9981 9982
f 10042 9982 10043
f 10043 9982 9983
f 10043 9983 10044
f 10044 9983 9985
f 10044 9985 10045
f 10045 9985 9986
f 10045 9986 10046
f 10046 9986 9987
f 10046 9987 10047
f 10047 9987 9992
f 10047 9992 10048
f 10048 9992 9993
f 10048 9993 10049
f 10049 9993 9994
f 10049 9994 10050
f 10050 9994 9998
f 10050 9998 10051
f 10051 9998 9999
f 10051 9999 10052
f 10052 9999 10000
f 10052 10000 10053
f 10053 10000 10004
f 10053 10004 10054
f 10054 10004 10005
f 10054 10005 10055
f 10055 10005 10006
f 10055 10006 10056
f 10056 10006 10010
f 10056 10010 10057
f 10057 10010 10011
f 10057 10011 10058
f 10058 10011 10012
f 10058 10012 10059
f 10059 10012 10017
f 10059 10017 10060
f 10060 10017 10018
f 10060 10018 10061
f 10061 10018 10019
f 10061 10019 10062
f 10062 10019 10023
f 10062 10023 10063
f 10063 10023 10024
f 10063 10024 10064
f 10064 10024 10025
f 10064 10025 10065
f 10065 10025 10029
f 10065 10029 10066
f 10066 10029 10030
f 10066 10030 10067
f 10067 10030 10031
f 10067 10031 10068
f 10068 10031 10035
f 10068 10035 10069
f 10069 10035 10036
f 10069 10036 10070
f 10070 10036 10037
f 10070 10037 10071
f 10071 10037 10038
f 10071 10038 10072
f 10072 10038 10073
f 10072 10073 10074
f 10074 10073 10075
f 10074 10075 10076
f 9973 9974 9976
f 9976 9974 10077
f 9976 10077 10078
f 10078 10077 10079
f 10078 10079 10080
f 10080 10079 10081
f 10080 10081 10082
f 10082 10081 10083
f 10082 10083 10084
f 10084 10083 10085
f 10084 10085 10086
f 10086 10085 10087
f 10086 10087 10088
f 10088 10087 10089
f 10088 10089 10090
f 10090 10089 10091
f 10090 10091 10092
f 10092 10091 10093
f 10092 10093 10094
f 10094 10093 10095
f 10094 10095 10096
f 10096 10095 10097
f 10096 10097 10098
f 10098 10097 10099
f 10098 10099 10100
f 10100 10099 10101
f 10100 10101 10102
f 10102 10101 10103
f 10102 10103 10104
f 10104 10103 10105
f 10104 10105 10106
f 10106 10105 10107
f 10106 10107 10108
f 10108 10107 10109
f 10108 10109 10110
f 10110 10109 10111
f 10110 10111 10112
f 10112 10111 10113
f 10112 10113 10114
f 10114 10113 10115
f 10114 10115 10116
f 10116 10115 10117
f 10116 10117 10118
f 10118 10117 10119
f 10118 10119 10120
f 10120 10119 10121
f 10120 10121 10122
f 10122 10121 10123
f 10122 10123 10124
f 10124 10123 10125
f 10124 10125 10126
f 10126 10125 10127
f 10126 10127 10128
f 10128 10127 10129
f 10128 10129 10130
f 10130 10129 10131
f 10130 10131 10132
f 10132 10131 10133
f 10132 10133 10134
f 10134 10133 10135
f 10134 10135 10136
f 10136 10135 10137
f 10136 10137 10138
f 10138 10137 10139
f 10138 10139 10140
f 10140 10139 10141
f 10140 10141 10142
f 6778 6777 10038
f 10038 6777 6830
f 10038 6830 10073
f 10073 6830 6832
f 10073 6832 10075
f 10075 6832 4
f 10075 4 9958
f 9958 9959 10075
f 10075 9959 9960
f 10075 9960 10076
f 10076 9960 8792
f 10076 8792 8791
f 9966 9967 10143
f 10143 9967 10042
f 10143 10042 10144
f 10144 10042 10043
f 10144 10043 10145
f 10145 10043 10044
f 10145 10044 10146
f 10146 10044 10045
f 10146 10045 10147
f 10147 10045 10046
f 10147 10046 10148
f 10148 10046 10047
f 10148 10047 10149
f 10149 10047 10048
f 10149 10048 10150
f 10150 10048 10049
f 10150 10049 10151
f 10151 10049 10050
f 10151 10050 10152
f 10152 10050 10051
f 10152 10051 10153
f 10153 10051 10052
f 10153 10052 10154
f 10154 10052 10053
f 10154 10053 10155
f 10155 10053 10054
f 10155 10054 10156
f 10156 10054 10055
f 10156 10055 10157
f 10157 10055 10056
f 10157 10056 10158
f 10158 10056 10057
f 10158 10057 10159
f 10159 10057 10058
f 10159 10058 10160
f 10160 10058 10059
f 10160 10059 10161
f 10161 10059 10060
f 10161 10060 10162
f 10162 10060 10061
f 10162 10061 10163
f 10163 10061 10062
f 10163 10062 10164
f 10164 10062 10063
f 10164 10063 10165
f 10165 10063 10064
f 10165 10064 10166
f 10166 10064 10065
f 10166 10065 10167
f 10167 10065 10066
f 10167 10066 10168
f 10168 10066 10067
f 10168 10067 10169
f 10169 10067 10068
f 10169 10068 10170
f 10170 10068 10069
f 10170 10069 10171
f 10171 10069 10070
f 10171 10070 10172
f 10172 10070 10071
f 10172 10071 10173
f 10173 10071 10072
f 10173 10072 10174
f 10174 10072 10074
f 10174 10074 10175
f 10175 10074 10076
f 10175 10076 9962
f 9962 10076 8791
f 9962 8791 8786
f 8784 10176 9962
f 9962 10176 10177
f 9962 10177 10175
f 10175 10177 10178
f 10175 10178 10174
f 10174 10178 10179
f 10174 10179 10173
f 10173 10179 10180
f 10173 10180 10172
f 10172 10180 10181
f 10172 10181 10171
f 10171 10181 10182
f 10171 10182 10170
f 10170 10182 10183
f 10170 10183 10169
f 10169 10183 10184
f 10169 10184 10168
f 10168 10184 10185
f 10168 10185 10167
f 10167 10185 10186
f 10167 10186 10166
f 10166 10186 10187
f 10166 10187 10165
f 10165 10187 10188
f 10165 10188 10164
f 10164 10188 10189
f 10164 10189 10163
f 10163 10189 10190
f 10163 10190 10162
f 10162 10190 10191
f 10162 10191 10161
f 10161 10191 10192
f 10161 10192 10160
f 10160 10192 10193
f 10160 10193 10159
f 10159 10193 10194
f 10159 10194 10158
f 10158 10194 10195
f 10158 10195 10157
f 10157 10195 10196
f 10157 10196 10156
f 10156 10196 10197
f 10156 10197 10155
f 10155 10197 10198
f 10155 10198 10154
f 10154 10198 10199
f 10154 10199 10153
f 10153 10199 10200
f 10153 10200 10152
f 10152 10200 10201
f 10152 10201 10151
f 10151 10201 10202
f 10151 10202 10150
f 10150 10202 10203
f 10150 10203 10149
f 10149 10203 10204
f 10149 10204 10148
f 10148 10204 10205
f 10148 10205 10147
f 10147 10205 10206
f 10147 10206 10146
f 10146 10206 10207
f 10146 10207 10145
f 10145 10207 10208
f 10145 10208 10144
f 10144 10208 9970
f 10144 9970 10143
f 10143 9970 9969
f 10143 9969 9966
f 8784 8783 10176
f 10176 8783 8781
f 10176 8781 8780
f 9968 9970 9972
f 9972 9970 10208
f 9972 10208 10209
f 10209 10208 10207
f 10209 10207 10210
f 10210 10207 10206
f 10210 10206 10211
f 10211 10206 10205
f 10211 10205 10212
f 10212 10205 10204
f 10212 10204 10213
f 10213 10204 10203
f 10213 10203 10214
f 10214 10203 10202
f 10214 10202 10215
f 10215 10202 10201
f 10215 10201 10216
f 10216 10201 10200
f 10216 10200 10217
f 10217 10200 10199
f 10217 10199 10218
f 10218 10199 10198
f 10218 10198 10219
f 10219 10198 10197
f 10219 10197 10220
f 10220 10197 10196
f 10220 10196 10221
f 10221 10196 10195
f 10221 10195 10222
f 10222 10195 10194
f 10222 10194 10223
f 10223 10194 10193
f 10223 10193 10224
f 10224 10193 10192
f 10224 10192 10225
f 10225 10192 10191
f 10225 10191 10226
f 10226 10191 10190
f 10226 10190 10227
f 10227 10190 10189
f 10227 10189 10228
f 10228 10189 10188
f 10228 10188 10229
f 10229 10188 10187
f 10229 10187 10230
f 10230 10187 10186
f 10230 10186 10231
f 10231 10186 10185
f 10231 10185 10232
f 10232 10185 10184
f 10232 10184 10233
f 10233 10184 10183
f 10233 10183 10234
f 10234 10183 10182
f 10234 10182 10235
f 10235 10182 10181
f 10235 10181 10236
f 10236 10181 10180
f 10236 10180 10237
f 10237 10180 10179
f 10237 10179 10238
f 10238 10179 10178
f 10238 10178 10239
f 10239 10178 10177
f 10239 10177 10240
f 10240 10177 10176
f 10240 10176 10241
f 10241 10176 8780
f 10241 8780 8776
f 9971 9972 9974
f 9974 9972 10209
f 9974 10209 10077
f 10077 10209 10210
f 10077 10210 10079
f 10079 10210 10211
f 10079 10211 10081
f 10081 10211 10212
f 10081 10212 10083
f 10083 10212 10213
f 10083 10213 10085
f 10085 10213 10214
f 10085 10214 10087
f 10087 10214 10215
f 10087 10215 10089
f 10089 10215 10216
f 10089 10216 10091
f 10091 10216 10217
f 10091 10217 10093
f 10093 10217 10218
f 10093 10218 10095
f 10095 10218 10219
f 10095 10219 10097
f 10097 10219 10220
f 10097 10220 10099
f 10099 10220 10221
f 10099 10221 10101
f 10101 10221 10222
f 10101 10222 10103
f 10103 10222 10223
f 10103 10223 10105
f 10105 10223 10224
f 10105 10224 10107
f 10107 10224 10225
f 10107 10225 10109
f 10109 10225 10226
f 10109 10226 10111
f 10111 10226 10227
f 10111 10227 10113
f 10113 10227 10228
f 10113 10228 10115
f 10115 10228 10229
f 10115 10229 10117
f 10117 10229 10230
f 10117 10230 10119
f 10119 10230 10231
f 10119 10231 10121
f 10121 10231 10232
f 10121 10232 10123
f 10123 10232 10233
f 10123 10233 10125
f 10125 10233 10234
f 10125 10234 10127
f 10127 10234 10235
f 10127 10235 10129
f 10129 10235 10236
f 10129 10236 10131
f 10131 10236 10237
f 10131 10237 10133
f 10133 10237 10238
f 10133 10238 10135
f 10135 10238 10239
f 10135 10239 10137
f 10137 10239 10240
f 10137 10240 10139
f 10139 10240 10241
f 10139 10241 10141
f 10141 10241 8776
f 10141 8776 8774
f 8774 8772 10141
f 10141 8772 8771
f 10141 8771 10142
f 10142 8771 8766
f 10142 8766 8765
f 9975 9976 10242
f 10242 9976 10078
f 10242 10078 10243
f 10243 10078 10080
f 10243 10080 10244
f 10244 10080 10082
f 10244 10082 10245
f 10245 10082 10084
f 10245 10084 10246
f 10246 10084 10086
f 10246 10086 10247
f 10247 10086 10088
f 10247 10088 10248
f 10248 10088 10090
f 10248 10090 10249
f 10249 10090 10092
f 10249 10092 10250
f 10250 10092 10094
f 10250 10094 10251
f 10251 10094 10096
f 10251 10096 10252
f 10252 10096 10098
f 10252 10098 10253
f 10253 10098 10100
f 10253 10100 10254
f 10254 10100 10102
f 10254 10102 10255
f 10255 10102 10104
f 10255 10104 10256
f 10256 10104 10106
f 10256 10106 10257
f 10257 10106 10108
f 10257 10108 10258
f 10258 10108 10110
f 10258 10110 10259
f 10259 10110 10112
f 10259 10112 10260
f 10260 10112 10114
f 10260 10114 10261
f 10261 10114 10116
f 10261 10116 10262
f 10262 10116 10118
f 10262 10118 10263
f 10263 10118 10120
f 10263 10120 10264
f 10264 10120 10122
f 10264 10122 10265
f 10265 10122 10124
f 10265 10124 10266
f 10266 10124 10126
f 10266 10126 10267
f 10267 10126 10128
f 10267 10128 10268
f 10268 10128 10130
f 10268 10130 10269
f 10269 10130 10132
f 10269 10132 10270
f 10270 10132 10134
f 10270 10134 10271
f 10271 10134 10136
f 10271 10136 10272
f 10272 10136 10138
f 10272 10138 10273
f 10273 10138 10140
f 10273 10140 10274
f 10274 10140 10142
f 10274 10142 9961
f 9961 10142 8765
f 9961 8765 8762
f 8760 10275 9961
f 9961 10275 10041
f 9961 10041 10274
f 10274 10041 10040
f 10274 10040 10273
f 10273 10040 10039
f 10273 10039 10272
f 10272 10039 10034
f 10272 10034 10271
f 10271 10034 10033
f 10271 10033 10270
f 10270 10033 10032
f 10270 10032 10269
f 10269 10032 10028
f 10269 10028 10268
f 10268 10028 10027
f 10268 10027 10267
f 10267 10027 10026
f 10267 10026 10266
f 10266 10026 10022
f 10266 10022 10265
f 10265 10022 10021
f 10265 10021 10264
f 10264 10021 10020
f 10264 10020 10263
f 10263 10020 10016
f 10263 10016 10262
f 10262 10016 10015
f 10262 10015 10261
f 10261 10015 10014
f 10261 10014 10260
f 10260 10014 10013
f 10260 10013 10259
f 10259 10013 10009
f 10259 10009 10258
f 10258 10009 10008
f 10258 10008 10257
f 10257 10008 10007
f 10257 10007 10256
f 10256 10007 10003
f 10256 10003 10255
f 10255 10003 10002
f 10255 10002 10254
f 10254 10002 10001
f 10254 10001 10253
f 10253 10001 9997
f 10253 9997 10252
f 10252 9997 9996
f 10252 9996 10251
f 10251 9996 9995
f 10251 9995 10250
f 10250 9995 9988
f 10250 9988 10249
f 10249 9988 9989
f 10249 9989 10248
f 10248 9989 9990
f 10248 9990 10247
f 10247 9990 9991
f 10247 9991 10246
f 10246 9991 9984
f 10246 9984 10245
f 10245 9984 9979
f 10245 9979 10244
f 10244 9979 9980
f 10244 9980 10243
f 10243 9980 9978
f 10243 9978 10242
f 10242 9978 9977
f 10242 9977 9975
f 8760 8759 10275
f 10275 8759 8756
f 10275 8756 8652
f 3279 10041 3280
f 3280 10041 10275
f 3280 10275 3641
f 3641 10275 8652
f 3641 8652 3634
f 1095 1093 10276
f 1085 1091 10277
f 1077 1080 10278
f 10278 1080 10279
f 10278 10279 10280
f 10280 10279 10281
f 10280 10281 10282
f 10282 10281 10283
f 10282 10283 10284
f 10284 10283 10285
f 10284 10285 10286
f 10286 10285 10287
f 10286 10287 10288
f 10288 10287 10289
f 10288 10289 10290
f 10290 10289 10291
f 10290 10291 10292
f 10292 10291 10293
f 10292 10293 10294
f 10294 10293 10295
f 10294 10295 3728
f 3718 3717 10295
f 10295 3717 3727
f 10295 3727 3728
f 1085 10277 1086
f 1087 1086 10296
f 10296 1086 10277
f 10296 10277 10297
f 10297 10277 10298
f 10297 10298 10299
f 10299 10298 10300
f 10299 10300 10301
f 10301 10300 10302
f 10301 10302 10303
f 10303 10302 10304
f 10303 10304 10305
f 10305 10304 10306
f 10305 10306 10307
f 10307 10306 10308
f 10307 10308 10309
f 10309 10308 10310
f 10309 10310 10311
f 10311 10310 10312
f 1080 1087 10279
f 10279 1087 10296
f 10279 10296 10281
f 10281 10296 10297
f 10281 10297 10283
f 10283 10297 10299
f 10283 10299 10285
f 10285 10299 10301
f 10285 10301 10287
f 10287 10301 10303
f 10287 10303 10289
f 10289 10303 10305
f 10289 10305 10291
f 10291 10305 10307
f 10291 10307 10293
f 10293 10307 10309
f 10293 10309 10295
f 10295 10309 10311
f 10295 10311 3718
f 3718 10311 10312
f 3715 3722 10312
f 3722 3720 10312
f 10312 3720 3718
f 1089 1088 10313
f 10313 1088 10314
f 10313 10314 10315
f 10315 10314 10316
f 10315 10316 10317
f 10317 10316 10318
f 10317 10318 10319
f 10319 10318 10320
f 10319 10320 10321
f 10321 10320 10322
f 10321 10322 10323
f 10323 10322 10324
f 10323 10324 10325
f 10325 10324 10326
f 10325 10326 10327
f 10327 10326 10328
f 10327 10328 10329
f 10329 10328 10330
f 1091 1089 10277
f 10277 1089 10313
f 10277 10313 10298
f 10298 10313 10315
f 10298 10315 10300
f 10300 10315 10317
f 10300 10317 10302
f 10302 10317 10319
f 10302 10319 10304
f 10304 10319 10321
f 10304 10321 10306
f 10306 10321 10323
f 10306 10323 10308
f 10308 10323 10325
f 10308 10325 10310
f 10310 10325 10327
f 10310 10327 10312
f 10312 10327 10329
f 10312 10329 3715
f 3715 10329 10330
f 3712 3711 10330
f 10330 3711 3716
f 10330 3716 3715
f 1093 1092 10276
f 10276 1092 10331
f 10276 10331 10332
f 10332 10331 10333
f 10332 10333 10334
f 10334 10333 10335
f 10334 10335 10336
f 10336 10335 10337
f 10336 10337 10338
f 10338 10337 10339
f 10338 10339 10340
f 10340 10339 10341
f 10340 10341 10342
f 10342 10341 10343
f 10342 10343 10344
f 10344 10343 10345
f 10344 10345 10346
f 10346 10345 10347
f 9977 10347 9975
f 9975 10347 10345
f 9975 10345 9973
f 9973 10345 10343
f 9973 10343 9971
f 9971 10343 10341
f 9971 10341 9968
f 9968 10341 10339
f 9968 10339 9969
f 9969 10339 10337
f 9969 10337 9966
f 9966 10337 10335
f 9966 10335 9964
f 9964 10335 10333
f 9964 10333 9963
f 9963 10333 10331
f 9963 10331 1096
f 1096 10331 1092
f 1088 1095 10314
f 10314 1095 10276
f 10314 10276 10316
f 10316 10276 10332
f 10316 10332 10318
f 10318 10332 10334
f 10318 10334 10320
f 10320 10334 10336
f 10320 10336 10322
f 10322 10336 10338
f 10322 10338 10324
f 10324 10338 10340
f 10324 10340 10326
f 10326 10340 10342
f 10326 10342 10328
f 10328 10342 10344
f 10328 10344 10330
f 10330 10344 10346
f 10330 10346 3712
f 3712 10346 10347
f 3712 10347 3713
f 3713 10347 9977
f 3713 9977 3710
f 6929 6928 10348
f 1083 1082 10349
f 1076 1084 10350
f 7022 7021 10351
f 1068 1067 10352
f 7027 7026 10353
f 1071 1070 10354
f 7032 7031 10355
f 7043 7042 10356
f 7048 7047 10357
f 1053 1051 10358
f 1042 1047 10359
f 7053 7052 10360
f 1046 1045 10361
f 7056 7055 10362
f 592 1039 10363
f 7054 7060 10364
f 7068 7067 10365
f 10366 1014 1012
f 10367 10368 10369
f 10369 10368 10366
f 10370 10371 10372
f 10372 10371 10373
f 10374 10375 10376
f 10376 10375 10377
f 10378 10379 10380
f 10380 10379 10381
f 10382 10383 10384
f 10384 10383 10385
f 10386 10387 10388
f 10388 10387 10389
f 10366 1012 10369
f 10369 1012 1011
f 10369 1011 10390
f 10391 10392 10393
f 10393 10392 10388
f 10393 10388 10384
f 10384 10388 10389
f 10384 10389 10382
f 6926 6925 10392
f 10392 6925 7072
f 10392 7072 10388
f 10388 7072 6351
f 10388 6351 10386
f 1011 1016 10390
f 10390 1016 1018
f 10390 1018 10394
f 10395 10391 10396
f 10396 10391 10393
f 10396 10393 10397
f 10397 10393 10384
f 10397 10384 10398
f 10398 10384 10385
f 10398 10385 10399
f 10400 10395 10401
f 10401 10395 10396
f 10401 10396 10402
f 10402 10396 10397
f 10402 10397 10403
f 10403 10397 10398
f 10403 10398 10380
f 10380 10398 10399
f 10380 10399 10378
f 10404 10405 10406
f 1018 1022 10394
f 10394 1022 1021
f 10394 1021 10407
f 10407 1021 1020
f 10407 1020 10408
f 10409 10400 10410
f 10410 10400 10401
f 10410 10401 10411
f 10411 10401 10402
f 10411 10402 10412
f 10412 10402 10403
f 10412 10403 10413
f 10413 10403 10380
f 10413 10380 10414
f 10414 10380 10381
f 10414 10381 10415
f 10416 10405 10417
f 10417 10405 10404
f 10417 10404 10418
f 7062 7061 10416
f 10416 7061 7071
f 10416 7071 10405
f 10405 7071 7070
f 10405 7070 10406
f 10406 7070 7069
f 10406 7069 6926
f 1020 1023 10408
f 10408 1023 1025
f 10408 1025 10419
f 10420 10409 10421
f 10421 10409 10410
f 10421 10410 10422
f 10422 10410 10411
f 10422 10411 10423
f 10423 10411 10412
f 10423 10412 10424
f 10424 10412 10413
f 10424 10413 10425
f 10425 10413 10414
f 10425 10414 10376
f 10376 10414 10415
f 10376 10415 10374
f 7064 7062 10426
f 10426 7062 10416
f 10426 10416 10427
f 10427 10416 10417
f 10427 10417 10428
f 10428 10417 10418
f 10428 10418 10429
f 1025 1026 10419
f 10419 1026 1028
f 10419 1028 10430
f 10431 10420 10432
f 10432 10420 10421
f 10432 10421 10433
f 10433 10421 10422
f 10433 10422 10434
f 10434 10422 10423
f 10434 10423 10435
f 10435 10423 10424
f 10435 10424 10436
f 10436 10424 10425
f 10436 10425 10437
f 10437 10425 10376
f 10437 10376 10372
f 10372 10376 10377
f 10372 10377 10370
f 7066 7064 10438
f 10438 7064 10426
f 10438 10426 10439
f 10439 10426 10427
f 10439 10427 10440
f 10440 10427 10428
f 10440 10428 10441
f 10441 10428 10429
f 10441 10429 10442
f 10443 10431 10444
f 10444 10431 10432
f 10444 10432 10445
f 10445 10432 10433
f 10445 10433 10446
f 10446 10433 10434
f 10446 10434 10447
f 10447 10434 10435
f 10447 10435 10448
f 10448 10435 10436
f 10448 10436 10449
f 10449 10436 10437
f 10449 10437 10450
f 10450 10437 10372
f 10450 10372 10451
f 10451 10372 10373
f 10451 10373 10452
f 7067 7066 10365
f 10365 7066 10438
f 10365 10438 10453
f 10453 10438 10439
f 10453 10439 10454
f 10454 10439 10440
f 10454 10440 10455
f 10455 10440 10441
f 10455 10441 10456
f 10456 10441 10442
f 10456 10442 10457
f 1028 1029 10430
f 10430 1029 1031
f 10430 1031 10458
f 10458 1031 1034
f 10458 1034 10459
f 10460 10443 10459
f 10459 10443 10444
f 10459 10444 10458
f 10458 10444 10445
f 10458 10445 10430
f 10430 10445 10446
f 10430 10446 10419
f 10419 10446 10447
f 10419 10447 10408
f 10408 10447 10448
f 10408 10448 10407
f 10407 10448 10449
f 10407 10449 10394
f 10394 10449 10450
f 10394 10450 10390
f 10390 10450 10451
f 10390 10451 10369
f 10369 10451 10452
f 10369 10452 10367
f 10461 7058 7057
f 7057 7068 10461
f 10461 7068 10365
f 10461 10365 10462
f 10462 10365 10453
f 10462 10453 10463
f 10463 10453 10454
f 10463 10454 10464
f 10464 10454 10455
f 10464 10455 10465
f 10465 10455 10456
f 10465 10456 10466
f 10466 10456 10457
f 10466 10457 10467
f 7060 7058 10364
f 10364 7058 10461
f 10364 10461 10468
f 10468 10461 10462
f 10468 10462 10469
f 10469 10462 10463
f 10469 10463 10470
f 10470 10463 10464
f 10470 10464 10471
f 10471 10464 10465
f 10471 10465 10472
f 10472 10465 10466
f 10472 10466 10473
f 10473 10466 10467
f 10473 10467 10474
f 1034 1033 10459
f 10459 1033 1038
f 10459 1038 10460
f 10460 1038 1037
f 10460 1037 1035
f 7055 7054 10362
f 10362 7054 10364
f 10362 10364 10475
f 10475 10364 10468
f 10475 10468 10476
f 10476 10468 10469
f 10476 10469 10477
f 10477 10469 10470
f 10477 10470 10478
f 10478 10470 10471
f 10478 10471 10479
f 10479 10471 10472
f 10479 10472 10480
f 10480 10472 10473
f 10480 10473 10481
f 10481 10473 10474
f 10481 10474 10482
f 6926 10392 10406
f 10406 10392 10391
f 10406 10391 10404
f 10404 10391 10395
f 10404 10395 10418
f 10418 10395 10400
f 10418 10400 10429
f 10429 10400 10409
f 10429 10409 10442
f 10442 10409 10420
f 10442 10420 10457
f 10457 10420 10431
f 10457 10431 10467
f 10467 10431 10443
f 10467 10443 10474
f 10474 10443 10460
f 10474 10460 10482
f 10482 10460 1035
f 10482 1035 590
f 7050 7056 10483
f 10483 7056 10362
f 10483 10362 10484
f 10484 10362 10475
f 10484 10475 10485
f 10485 10475 10476
f 10485 10476 10486
f 10486 10476 10477
f 10486 10477 10487
f 10487 10477 10478
f 10487 10478 10488
f 10488 10478 10479
f 10488 10479 10489
f 10489 10479 10480
f 10489 10480 10490
f 10490 10480 10481
f 10490 10481 10363
f 10363 10481 10482
f 10363 10482 592
f 592 10482 590
f 7051 7050 10491
f 10491 7050 10483
f 10491 10483 10492
f 10492 10483 10484
f 10492 10484 10493
f 10493 10484 10485
f 10493 10485 10494
f 10494 10485 10486
f 10494 10486 10495
f 10495 10486 10487
f 10495 10487 10496
f 10496 10487 10488
f 10496 10488 10497
f 10497 10488 10489
f 10497 10489 10498
f 10498 10489 10490
f 10498 10490 10499
f 10499 10490 10363
f 10499 10363 1041
f 1041 10363 1039
f 7052 7051 10360
f 10360 7051 10491
f 10360 10491 10500
f 10500 10491 10492
f 10500 10492 10501
f 10501 10492 10493
f 10501 10493 10502
f 10502 10493 10494
f 10502 10494 10503
f 10503 10494 10495
f 10503 10495 10504
f 10504 10495 10496
f 10504 10496 10505
f 10505 10496 10497
f 10505 10497 10506
f 10506 10497 10498
f 10506 10498 10361
f 10361 10498 10499
f 10361 10499 1046
f 1046 10499 1041
f 7045 7053 10507
f 10507 7053 10360
f 10507 10360 10508
f 10508 10360 10500
f 10508 10500 10509
f 10509 10500 10501
f 10509 10501 10510
f 10510 10501 10502
f 10510 10502 10511
f 10511 10502 10503
f 10511 10503 10512
f 10512 10503 10504
f 10512 10504 10513
f 10513 10504 10505
f 10513 10505 10514
f 10514 10505 10506
f 10514 10506 10515
f 10515 10506 10361
f 10515 10361 1043
f 1043 10361 1045
f 7046 7045 10516
f 10516 7045 10507
f 10516 10507 10517
f 10517 10507 10508
f 10517 10508 10518
f 10518 10508 10509
f 10518 10509 10519
f 10519 10509 10510
f 10519 10510 10520
f 10520 10510 10511
f 10520 10511 10521
f 10521 10511 10512
f 10521 10512 10522
f 10522 10512 10513
f 10522 10513 10523
f 10523 10513 10514
f 10523 10514 10359
f 10359 10514 10515
f 10359 10515 1042
f 1042 10515 1043
f 7047 7046 10357
f 10357 7046 10516
f 10357 10516 10524
f 10524 10516 10517
f 10524 10517 10525
f 10525 10517 10518
f 10525 10518 10526
f 10526 10518 10519
f 10526 10519 10527
f 10527 10519 10520
f 10527 10520 10528
f 10528 10520 10521
f 10528 10521 10529
f 10529 10521 10522
f 10529 10522 10530
f 10530 10522 10523
f 10530 10523 10531
f 10531 10523 10359
f 10531 10359 1049
f 1049 10359 1047
f 1053 10358 1054
f 7040 7048 10532
f 10532 7048 10357
f 10532 10357 10533
f 10533 10357 10524
f 10533 10524 10534
f 10534 10524 10525
f 10534 10525 10535
f 10535 10525 10526
f 10535 10526 10536
f 10536 10526 10527
f 10536 10527 10537
f 10537 10527 10528
f 10537 10528 10538
f 10538 10528 10529
f 10538 10529 10539
f 10539 10529 10530
f 10539 10530 10358
f 10358 10530 10531
f 10358 10531 1054
f 1054 10531 1049
f 7041 7040 10540
f 10540 7040 10532
f 10540 10532 10541
f 10541 10532 10533
f 10541 10533 10542
f 10542 10533 10534
f 10542 10534 10543
f 10543 10534 10535
f 10543 10535 10544
f 10544 10535 10536
f 10544 10536 10545
f 10545 10536 10537
f 10545 10537 10546
f 10546 10537 10538
f 10546 10538 10547
f 10547 10538 10539
f 10547 10539 10548
f 10548 10539 10358
f 10548 10358 1050
f 1050 10358 1051
f 7042 7041 10356
f 10356 7041 10540
f 10356 10540 10549
f 10549 10540 10541
f 10549 10541 10550
f 10550 10541 10542
f 10550 10542 10551
f 10551 10542 10543
f 10551 10543 10552
f 10552 10543 10544
f 10552 10544 10553
f 10553 10544 10545
f 10553 10545 10554
f 10554 10545 10546
f 10554 10546 10555
f 10555 10546 10547
f 10555 10547 10556
f 10556 10547 10548
f 10556 10548 1059
f 1059 10548 1050
f 7037 7043 10557
f 10557 7043 10356
f 10557 10356 10558
f 10558 10356 10549
f 10558 10549 10559
f 10559 10549 10550
f 10559 10550 10560
f 10560 10550 10551
f 10560 10551 10561
f 10561 10551 10552
f 10561 10552 10562
f 10562 10552 10553
f 10562 10553 10563
f 10563 10553 10554
f 10563 10554 10564
f 10564 10554 10555
f 10564 10555 10565
f 10565 10555 10556
f 7038 7037 10566
f 10566 7037 10557
f 10566 10557 10567
f 10567 10557 10558
f 10567 10558 10568
f 10568 10558 10559
f 10568 10559 10569
f 10569 10559 10560
f 10569 10560 10570
f 10570 10560 10561
f 10570 10561 10571
f 10571 10561 10562
f 10571 10562 10572
f 10572 10562 10563
f 10572 10563 10573
f 10573 10563 10564
f 10573 10564 10574
f 10574 10564 10565
f 1055 1062 10575
f 10575 1062 1061
f 10575 1061 1066
f 7031 7038 10355
f 10355 7038 10566
f 10355 10566 10576
f 10576 10566 10567
f 10576 10567 10577
f 10577 10567 10568
f 10577 10568 10578
f 10578 10568 10569
f 10578 10569 10579
f 10579 10569 10570
f 10579 10570 10580
f 10580 10570 10571
f 10580 10571 10581
f 10581 10571 10572
f 10581 10572 10582
f 10582 10572 10573
f 10582 10573 10575
f 10575 10573 10574
f 10575 10574 1055
f 1055 10574 10565
f 1055 10565 1056
f 1056 10565 10556
f 1056 10556 1058
f 1058 10556 1059
f 7034 7032 10583
f 10583 7032 10355
f 10583 10355 10584
f 10584 10355 10576
f 10584 10576 10585
f 10585 10576 10577
f 10585 10577 10586
f 10586 10577 10578
f 10586 10578 10587
f 10587 10578 10579
f 10587 10579 10588
f 10588 10579 10580
f 10588 10580 10589
f 10589 10580 10581
f 10589 10581 10590
f 10590 10581 10582
f 10590 10582 10591
f 10591 10582 10575
f 10591 10575 1065
f 1065 10575 1066
f 7035 7034 10592
f 10592 7034 10583
f 10592 10583 10593
f 10593 10583 10584
f 10593 10584 10594
f 10594 10584 10585
f 10594 10585 10595
f 10595 10585 10586
f 10595 10586 10596
f 10596 10586 10587
f 10596 10587 10597
f 10597 10587 10588
f 10597 10588 10598
f 10598 10588 10589
f 10598 10589 10599
f 10599 10589 10590
f 10599 10590 10600
f 10600 10590 10591
f 10600 10591 1064
f 1064 10591 1065
f 7026 7035 10353
f 10353 7035 10592
f 10353 10592 10601
f 10601 10592 10593
f 10601 10593 10602
f 10602 10593 10594
f 10602 10594 10603
f 10603 10594 10595
f 10603 10595 10604
f 10604 10595 10596
f 10604 10596 10605
f 10605 10596 10597
f 10605 10597 10606
f 10606 10597 10598
f 10606 10598 10607
f 10607 10598 10599
f 10607 10599 10608
f 10608 10599 10600
f 10608 10600 1063
f 1063 10600 1064
f 7029 7027 10609
f 10609 7027 10353
f 10609 10353 10610
f 10610 10353 10601
f 10610 10601 10611
f 10611 10601 10602
f 10611 10602 10612
f 10612 10602 10603
f 10612 10603 10613
f 10613 10603 10604
f 10613 10604 10614
f 10614 10604 10605
f 10614 10605 10615
f 10615 10605 10606
f 10615 10606 10616
f 10616 10606 10607
f 10616 10607 10354
f 10354 10607 10608
f 10354 10608 1071
f 1071 10608 1063
f 7030 7029 10617
f 10617 7029 10609
f 10617 10609 10618
f 10618 10609 10610
f 10618 10610 10619
f 10619 10610 10611
f 10619 10611 10620
f 10620 10611 10612
f 10620 10612 10621
f 10621 10612 10613
f 10621 10613 10622
f 10622 10613 10614
f 10622 10614 10623
f 10623 10614 10615
f 10623 10615 10624
f 10624 10615 10616
f 10624 10616 10352
f 10352 10616 10354
f 10352 10354 1068
f 1068 10354 1070
f 7021 7030 10351
f 10351 7030 10617
f 10351 10617 10625
f 10625 10617 10618
f 10625 10618 10626
f 10626 10618 10619
f 10626 10619 10627
f 10627 10619 10620
f 10627 10620 10628
f 10628 10620 10621
f 10628 10621 10629
f 10629 10621 10622
f 10629 10622 10630
f 10630 10622 10623
f 10630 10623 10631
f 10631 10623 10624
f 10631 10624 10632
f 10632 10624 10352
f 10632 10352 1074
f 1074 10352 1067
f 7024 7022 10633
f 10633 7022 10351
f 10633 10351 10634
f 10634 10351 10625
f 10634 10625 10635
f 10635 10625 10626
f 10635 10626 10636
f 10636 10626 10627
f 10636 10627 10637
f 10637 10627 10628
f 10637 10628 10638
f 10638 10628 10629
f 10638 10629 10639
f 10639 10629 10630
f 10639 10630 10640
f 10640 10630 10631
f 10640 10631 10641
f 10641 10631 10632
f 10641 10632 1073
f 1073 10632 1074
f 7025 7024 10642
f 10642 7024 10633
f 10642 10633 10643
f 10643 10633 10634
f 10643 10634 10644
f 10644 10634 10635
f 10644 10635 10645
f 10645 10635 10636
f 10645 10636 10646
f 10646 10636 10637
f 10646 10637 10647
f 10647 10637 10638
f 10647 10638 10648
f 10648 10638 10639
f 10648 10639 10649
f 10649 10639 10640
f 10649 10640 10650
f 10650 10640 10641
f 10650 10641 1072
f 1072 10641 1073
f 6928 7025 10348
f 10348 7025 10642
f 10348 10642 10651
f 10651 10642 10643
f 10651 10643 10652
f 10652 10643 10644
f 10652 10644 10653
f 10653 10644 10645
f 10653 10645 10654
f 10654 10645 10646
f 10654 10646 10655
f 10655 10646 10647
f 10655 10647 10656
f 10656 10647 10648
f 10656 10648 10657
f 10657 10648 10649
f 10657 10649 10350
f 10350 10649 10650
f 10350 10650 1076
f 1076 10650 1072
f 7020 6929 10658
f 10658 6929 10348
f 10658 10348 10659
f 10659 10348 10651
f 10659 10651 10660
f 10660 10651 10652
f 10660 10652 10661
f 10661 10652 10653
f 10661 10653 10662
f 10662 10653 10654
f 10662 10654 10663
f 10663 10654 10655
f 10663 10655 10664
f 10664 10655 10656
f 10664 10656 10665
f 10665 10656 10657
f 10665 10657 10349
f 10349 10657 10350
f 10349 10350 1083
f 1083 10350 1084
f 7019 7020 10666
f 10666 7020 10658
f 10666 10658 10667
f 10667 10658 10659
f 10667 10659 10668
f 10668 10659 10660
f 10668 10660 10669
f 10669 10660 10661
f 10669 10661 10670
f 10670 10661 10662
f 10670 10662 10671
f 10671 10662 10663
f 10671 10663 10672
f 10672 10663 10664
f 10672 10664 10673
f 10673 10664 10665
f 10673 10665 10674
f 10674 10665 10349
f 10674 10349 1078
f 1078 10349 1082
f 3728 7019 10294
f 10294 7019 10666
f 10294 10666 10292
f 10292 10666 10667
f 10292 10667 10290
f 10290 10667 10668
f 10290 10668 10288
f 10288 10668 10669
f 10288 10669 10286
f 10286 10669 10670
f 10286 10670 10284
f 10284 10670 10671
f 10284 10671 10282
f 10282 10671 10672
f 10282 10672 10280
f 10280 10672 10673
f 10280 10673 10278
f 10278 10673 10674
f 10278 10674 1077
f 1077 10674 1078
f 663 662 10675
f 666 665 10676
f 674 673 10677
f 680 679 10678
f 688 687 10679
f 694 693 10680
f 700 699 10681
f 710 709 10682
f 711 713 10683
f 715 716 10684
f 726 727 10685
f 748 749 10686
f 751 752 10687
f 762 763 10688
f 765 766 10689
f 771 772 10690
f 774 776 10691
f 778 779 10692
f 785 783 10693
f 796 795 10694
f 797 799 10695
f 806 807 10696
f 812 813 10697
f 815 816 10698
f 826 827 10699
f 829 830 10700
f 837 838 10701
f 843 844 10702
f 851 852 10703
f 857 858 10704
f 865 866 10705
f 872 870 10706
f 881 880 10707
f 887 886 10708
f 892 891 10709
f 901 900 10710
f 906 905 10711
f 912 911 10712
f 920 919 10713
f 926 925 10714
f 934 933 10715
f 942 941 10716
f 943 945 10717
f 947 948 10718
f 959 957 10719
f 965 964 10720
f 974 973 10721
f 979 978 10722
f 988 987 10723
f 993 992 10724
f 999 998 10725
f 1007 1006 10726
f 6314 6313 10727
f 6481 6477 10728
f 6488 6483 10729
f 6485 6487 10730
f 6492 6490 10731
f 6495 6493 10732
f 6505 6501 10733
f 6509 6507 10734
f 6512 6510 10735
f 6515 6513 10736
f 6519 6518 10737
f 6529 6525 10738
f 6526 6528 10739
f 6533 6531 10740
f 6536 6534 10741
f 6539 6537 10742
f 6546 6542 10743
f 6553 6548 10744
f 6550 6552 10745
f 6557 6555 10746
f 6560 6558 10747
f 6570 6566 10748
f 6577 6572 10749
f 6574 6576 10750
f 6581 6579 10751
f 6584 6582 10752
f 6594 6590 10753
f 6598 6596 10754
f 6600 6599 10755
f 6363 6361 10756
f 6367 6366 10757
f 6377 6373 10758
f 6381 6379 10759
f 6384 6382 10760
f 6387 6385 10761
f 6394 6390 10762
f 6401 6396 10763
f 6398 6400 10764
f 6405 6403 10765
f 6408 6406 10766
f 6418 6414 10767
f 6425 6420 10768
f 6422 6424 10769
f 6429 6427 10770
f 6432 6430 10771
f 6442 6438 10772
f 6446 6444 10773
f 6449 6447 10774
f 6452 6450 10775
f 6456 6455 10776
f 6466 6462 10777
f 6470 6468 10778
f 6474 6471 10779
f 6353 6473 10780
f 6466 10777 6465
f 6456 10776 6457
f 6442 10772 6441
f 6432 10771 6433
f 6418 10767 6417
f 6408 10766 6409
f 6394 10762 6393
f 6377 10758 6376
f 6367 10757 6368
f 6594 10753 6593
f 6584 10752 6585
f 6570 10748 6569
f 6560 10747 6561
f 6546 10743 6545
f 6519 10737 6520
f 6505 10733 6504
f 6495 10732 6496
f 6481 10728 6480
f 10781 6476 6314
f 6351 6350 10386
f 10386 6350 10782
f 10386 10782 10387
f 10387 10782 10783
f 10387 10783 10389
f 6314 10727 10781
f 10781 10727 10784
f 10781 10784 10785
f 10389 10783 10382
f 10382 10783 10786
f 10382 10786 10383
f 10784 10787 10785
f 10785 10787 10788
f 10785 10788 10789
f 10788 10790 10789
f 10789 10790 10791
f 10789 10791 10792
f 10792 10791 10793
f 10792 10793 10794
f 10383 10786 10385
f 10385 10786 10795
f 10385 10795 10399
f 10399 10795 10796
f 10399 10796 10378
f 10378 10796 10379
f 10379 10796 10797
f 10379 10797 10381
f 10793 10798 10794
f 10794 10798 10799
f 10794 10799 10800
f 10799 10801 10800
f 10800 10801 10802
f 10800 10802 10803
f 10802 10804 10803
f 10803 10804 10805
f 10803 10805 10806
f 10381 10797 10415
f 10415 10797 10807
f 10415 10807 10374
f 10374 10807 10808
f 10374 10808 10375
f 10375 10808 10809
f 10375 10809 10377
f 10805 10810 10806
f 10806 10810 10811
f 10806 10811 10812
f 10812 10811 10813
f 10812 10813 10814
f 10377 10809 10370
f 10370 10809 10815
f 10370 10815 10371
f 6461 6459 10816
f 10816 6459 10817
f 10816 10817 10818
f 10818 10817 10819
f 10818 10819 10820
f 10820 10819 10821
f 10820 10821 10822
f 10822 10821 10823
f 10822 10823 10824
f 10824 10823 10825
f 10824 10825 10826
f 10826 10825 10827
f 10826 10827 10828
f 10828 10827 10829
f 10828 10829 10830
f 10830 10829 10831
f 10830 10831 10832
f 10832 10831 10833
f 10832 10833 10834
f 10834 10833 10835
f 10834 10835 10836
f 10836 10835 10837
f 10836 10837 10838
f 6400 6401 10764
f 10764 6401 10763
f 10764 10763 10839
f 10839 10763 10840
f 10839 10840 10841
f 10841 10840 10842
f 10841 10842 10843
f 10843 10842 10844
f 10843 10844 10845
f 10845 10844 10846
f 10845 10846 10847
f 10847 10846 10848
f 10847 10848 10849
f 10849 10848 10850
f 10849 10850 10851
f 10851 10850 10852
f 10851 10852 10853
f 10853 10852 10854
f 10853 10854 10855
f 10855 10854 10856
f 10855 10856 10857
f 10857 10856 10858
f 10857 10858 10859
f 6590 6589 10753
f 10753 6589 10860
f 10753 10860 10861
f 10861 10860 10862
f 10861 10862 10863
f 10863 10862 10864
f 10863 10864 10865
f 10865 10864 10866
f 10865 10866 10867
f 10867 10866 10868
f 10867 10868 10869
f 10869 10868 10870
f 10869 10870 10871
f 10871 10870 10872
f 10871 10872 10873
f 10873 10872 10874
f 10873 10874 10875
f 10875 10874 10876
f 10875 10876 10877
f 10877 10876 10878
f 10877 10878 10879
f 10879 10878 10880
f 10879 10880 10881
f 10813 10882 10814
f 10814 10882 10883
f 10814 10883 10884
f 10371 10815 10373
f 10373 10815 10885
f 10373 10885 10452
f 10452 10885 10886
f 10452 10886 10367
f 6462 6461 10777
f 10777 6461 10816
f 10777 10816 10887
f 10887 10816 10818
f 10887 10818 10888
f 10888 10818 10820
f 10888 10820 10889
f 10889 10820 10822
f 10889 10822 10890
f 10890 10822 10824
f 10890 10824 10891
f 10891 10824 10826
f 10891 10826 10892
f 10892 10826 10828
f 10892 10828 10893
f 10893 10828 10830
f 10893 10830 10894
f 10894 10830 10832
f 10894 10832 10895
f 10895 10832 10834
f 10895 10834 10896
f 10896 10834 10836
f 10896 10836 10897
f 10897 10836 10838
f 10897 10838 10723
f 6402 6398 10898
f 10898 6398 10764
f 10898 10764 10899
f 10899 10764 10839
f 10899 10839 10900
f 10900 10839 10841
f 10900 10841 10901
f 10901 10841 10843
f 10901 10843 10902
f 10902 10843 10845
f 10902 10845 10903
f 10903 10845 10847
f 10903 10847 10904
f 10904 10847 10849
f 10904 10849 10905
f 10905 10849 10851
f 10905 10851 10906
f 10906 10851 10853
f 10906 10853 10907
f 10907 10853 10855
f 10907 10855 10908
f 10908 10855 10857
f 10908 10857 10909
f 10909 10857 10859
f 10909 10859 10710
f 6591 6593 10910
f 10910 6593 10753
f 10910 10753 10911
f 10911 10753 10861
f 10911 10861 10912
f 10912 10861 10863
f 10912 10863 10913
f 10913 10863 10865
f 10913 10865 10914
f 10914 10865 10867
f 10914 10867 10915
f 10915 10867 10869
f 10915 10869 10916
f 10916 10869 10871
f 10916 10871 10917
f 10917 10871 10873
f 10917 10873 10918
f 10918 10873 10875
f 10918 10875 10919
f 10919 10875 10877
f 10919 10877 10920
f 10920 10877 10879
f 10920 10879 10921
f 10921 10879 10881
f 10921 10881 10699
f 10883 10922 10884
f 10884 10922 10923
f 10884 10923 10924
f 6471 6470 10779
f 10779 6470 10778
f 10779 10778 10925
f 10925 10778 10926
f 10925 10926 10927
f 10927 10926 10928
f 10927 10928 10929
f 10929 10928 10930
f 10929 10930 10931
f 10931 10930 10932
f 10931 10932 10933
f 10933 10932 10934
f 10933 10934 10935
f 10935 10934 10936
f 10935 10936 10937
f 10937 10936 10938
f 10937 10938 10939
f 10939 10938 10940
f 10939 10940 10941
f 10941 10940 10942
f 10941 10942 10943
f 10943 10942 10944
f 10943 10944 10945
f 10945 10944 10946
f 10945 10946 10947
f 10947 10946 10725
f 10948 10949 10950
f 6450 6449 10775
f 10775 6449 10774
f 10775 10774 10951
f 10951 10774 10952
f 10951 10952 10953
f 10953 10952 10954
f 10953 10954 10955
f 10955 10954 10956
f 10955 10956 10957
f 10957 10956 10958
f 10957 10958 10959
f 10959 10958 10960
f 10959 10960 10961
f 10961 10960 10962
f 10961 10962 10963
f 10963 10962 10964
f 10963 10964 10965
f 10965 10964 10966
f 10965 10966 10967
f 10967 10966 10968
f 10967 10968 10969
f 10969 10968 10970
f 10969 10970 10971
f 10971 10970 10972
f 10971 10972 10973
f 10973 10972 10974
f 6439 6441 10975
f 10975 6441 10772
f 10975 10772 10976
f 10976 10772 10977
f 10976 10977 10978
f 10978 10977 10979
f 10978 10979 10980
f 10980 10979 10981
f 10980 10981 10982
f 10982 10981 10983
f 10982 10983 10984
f 10984 10983 10985
f 10984 10985 10986
f 10986 10985 10987
f 10986 10987 10988
f 10988 10987 10989
f 10988 10989 10990
f 10990 10989 10991
f 10990 10991 10992
f 10992 10991 10993
f 10992 10993 10994
f 10994 10993 10995
f 10994 10995 10996
f 10996 10995 10997
f 10996 10997 10998
f 10998 10997 10999
f 6430 6429 10771
f 10771 6429 10770
f 10771 10770 11000
f 11000 10770 11001
f 11000 11001 11002
f 11002 11001 11003
f 11002 11003 11004
f 11004 11003 11005
f 11004 11005 11006
f 11006 11005 11007
f 11006 11007 11008
f 11008 11007 11009
f 11008 11009 11010
f 11010 11009 11011
f 11010 11011 11012
f 11012 11011 11013
f 11012 11013 11014
f 11014 11013 11015
f 11014 11015 11016
f 11016 11015 11017
f 11016 11017 11018
f 11018 11017 11019
f 11018 11019 11020
f 11020 11019 11021
f 11020 11021 11022
f 11022 11021 10716
f 6420 6419 10768
f 10768 6419 11023
f 10768 11023 11024
f 11024 11023 11025
f 11024 11025 11026
f 11026 11025 11027
f 11026 11027 11028
f 11028 11027 11029
f 11028 11029 11030
f 11030 11029 11031
f 11030 11031 11032
f 11032 11031 11033
f 11032 11033 11034
f 11034 11033 11035
f 11034 11035 11036
f 11036 11035 11037
f 11036 11037 11038
f 11038 11037 11039
f 11038 11039 11040
f 11040 11039 11041
f 11040 11041 11042
f 11042 11041 11043
f 11042 11043 11044
f 11044 11043 11045
f 11044 11045 11046
f 11046 11045 10714
f 6413 6411 11047
f 11047 6411 11048
f 11047 11048 11049
f 11049 11048 11050
f 11049 11050 11051
f 11051 11050 11052
f 11051 11052 11053
f 11053 11052 11054
f 11053 11054 11055
f 11055 11054 11056
f 11055 11056 11057
f 11057 11056 11058
f 11057 11058 11059
f 11059 11058 11060
f 11059 11060 11061
f 11061 11060 11062
f 11061 11062 11063
f 11063 11062 11064
f 11063 11064 11065
f 11065 11064 11066
f 11065 11066 11067
f 11067 11066 11068
f 11067 11068 11069
f 11069 11068 11070
f 11069 11070 11071
f 11071 11070 10712
f 11072 11073 11074
f 6390 6389 10762
f 10762 6389 11075
f 10762 11075 11076
f 11076 11075 11077
f 11076 11077 11078
f 11078 11077 11079
f 11078 11079 11080
f 11080 11079 11081
f 11080 11081 11082
f 11082 11081 11083
f 11082 11083 11084
f 11084 11083 11085
f 11084 11085 11086
f 11086 11085 11087
f 11086 11087 11088
f 11088 11087 11089
f 11088 11089 11090
f 11090 11089 11091
f 11090 11091 11092
f 11092 11091 11093
f 11092 11093 11094
f 11094 11093 11095
f 11094 11095 11096
f 11096 11095 11097
f 11096 11097 11098
f 11098 11097 10707
f 6379 6378 10759
f 10759 6378 11099
f 10759 11099 11100
f 11100 11099 11101
f 11100 11101 11102
f 11102 11101 11103
f 11102 11103 11104
f 11104 11103 11105
f 11104 11105 11106
f 11106 11105 11107
f 11106 11107 11108
f 11108 11107 11109
f 11108 11109 11110
f 11110 11109 11111
f 11110 11111 11112
f 11112 11111 11113
f 11112 11113 11114
f 11114 11113 11115
f 11114 11115 11116
f 11116 11115 11117
f 11116 11117 11118
f 11118 11117 11119
f 11118 11119 11120
f 11120 11119 11121
f 11120 11121 11122
f 11122 11121 10705
f 6372 6370 11123
f 11123 6370 11124
f 11123 11124 11125
f 11125 11124 11126
f 11125 11126 11127
f 11127 11126 11128
f 11127 11128 11129
f 11129 11128 11130
f 11129 11130 11131
f 11131 11130 11132
f 11131 11132 11133
f 11133 11132 11134
f 11133 11134 11135
f 11135 11134 11136
f 11135 11136 11137
f 11137 11136 11138
f 11137 11138 11139
f 11139 11138 11140
f 11139 11140 11141
f 11141 11140 11142
f 11141 11142 11143
f 11143 11142 11144
f 11143 11144 11145
f 11145 11144 11146
f 11145 11146 11147
f 11147 11146 10703
f 6361 6600 10756
f 10756 6600 10755
f 10756 10755 11148
f 11148 10755 11149
f 11148 11149 11150
f 11150 11149 11151
f 11150 11151 11152
f 11152 11151 11153
f 11152 11153 11154
f 11154 11153 11155
f 11154 11155 11156
f 11156 11155 11157
f 11156 11157 11158
f 11158 11157 11159
f 11158 11159 11160
f 11160 11159 11161
f 11160 11161 11162
f 11162 11161 11163
f 11162 11163 11164
f 11164 11163 11165
f 11164 11165 11166
f 11166 11165 11167
f 11166 11167 11168
f 11168 11167 11169
f 11168 11169 11170
f 11170 11169 10701
f 11171 11172 11173
f 6579 6578 10751
f 10751 6578 11174
f 10751 11174 11175
f 11175 11174 11176
f 11175 11176 11177
f 11177 11176 11178
f 11177 11178 11179
f 11179 11178 11180
f 11179 11180 11181
f 11181 11180 11182
f 11181 11182 11183
f 11183 11182 11184
f 11183 11184 11185
f 11185 11184 11186
f 11185 11186 11187
f 11187 11186 11188
f 11187 11188 11189
f 11189 11188 11190
f 11189 11190 11191
f 11191 11190 11192
f 11191 11192 11193
f 11193 11192 11194
f 11193 11194 11195
f 11195 11194 11196
f 11195 11196 11197
f 11197 11196 10696
f 6571 6567 11198
f 11198 6567 11199
f 11198 11199 11200
f 11200 11199 11201
f 11200 11201 11202
f 11202 11201 11203
f 11202 11203 11204
f 11204 11203 11205
f 11204 11205 11206
f 11206 11205 11207
f 11206 11207 11208
f 11208 11207 11209
f 11208 11209 11210
f 11210 11209 11211
f 11210 11211 11212
f 11212 11211 11213
f 11212 11213 11214
f 11214 11213 11215
f 11214 11215 11216
f 11216 11215 11217
f 11216 11217 11218
f 11218 11217 11219
f 11218 11219 11220
f 11220 11219 11221
f 11220 11221 11222
f 11222 11221 10694
f 6563 6561 11223
f 11223 6561 10747
f 11223 10747 11224
f 11224 10747 11225
f 11224 11225 11226
f 11226 11225 11227
f 11226 11227 11228
f 11228 11227 11229
f 11228 11229 11230
f 11230 11229 11231
f 11230 11231 11232
f 11232 11231 11233
f 11232 11233 11234
f 11234 11233 11235
f 11234 11235 11236
f 11236 11235 11237
f 11236 11237 11238
f 11238 11237 11239
f 11238 11239 11240
f 11240 11239 11241
f 11240 11241 11242
f 11242 11241 11243
f 11242 11243 11244
f 11244 11243 11245
f 11244 11245 11246
f 11246 11245 10692
f 6552 6553 10745
f 10745 6553 10744
f 10745 10744 11247
f 11247 10744 11248
f 11247 11248 11249
f 11249 11248 11250
f 11249 11250 11251
f 11251 11250 11252
f 11251 11252 11253
f 11253 11252 11254
f 11253 11254 11255
f 11255 11254 11256
f 11255 11256 11257
f 11257 11256 11258
f 11257 11258 11259
f 11259 11258 11260
f 11259 11260 11261
f 11261 11260 11262
f 11261 11262 11263
f 11263 11262 11264
f 11263 11264 11265
f 11265 11264 11266
f 11265 11266 11267
f 11267 11266 11268
f 11267 11268 11269
f 11269 11268 10689
f 6542 6541 10743
f 10743 6541 11270
f 10743 11270 11271
f 11271 11270 11272
f 11271 11272 11273
f 11273 11272 11274
f 11273 11274 11275
f 11275 11274 11276
f 11275 11276 11277
f 11277 11276 11278
f 11277 11278 11279
f 11279 11278 11280
f 11279 11280 11281
f 11281 11280 11282
f 11281 11282 11283
f 11283 11282 11284
f 11283 11284 11285
f 11285 11284 11286
f 11285 11286 11287
f 11287 11286 11288
f 11287 11288 11289
f 11289 11288 11290
f 11289 11290 11291
f 11291 11290 11292
f 11291 11292 11293
f 11293 11292 10687
f 6531 6530 10740
f 10740 6530 11294
f 10740 11294 11295
f 11295 11294 11296
f 11295 11296 11297
f 11297 11296 11298
f 11297 11298 11299
f 11299 11298 11300
f 11299 11300 11301
f 11301 11300 11302
f 11301 11302 11303
f 11303 11302 11304
f 11303 11304 11305
f 11305 11304 11306
f 11305 11306 11307
f 11307 11306 11308
f 11307 11308 11309
f 11309 11308 11310
f 11309 11310 11311
f 11311 11310 11312
f 11311 11312 11313
f 11313 11312 11314
f 11313 11314 11315
f 11315 11314 11316
f 11315 11316 11317
f 11317 11316 11318
f 6522 6520 11319
f 11319 6520 10737
f 11319 10737 11320
f 11320 10737 11321
f 11320 11321 11322
f 11322 11321 11323
f 11322 11323 11324
f 11324 11323 11325
f 11324 11325 11326
f 11326 11325 11327
f 11326 11327 11328
f 11328 11327 11329
f 11328 11329 11330
f 11330 11329 11331
f 11330 11331 11332
f 11332 11331 11333
f 11332 11333 11334
f 11334 11333 11335
f 11334 11335 11336
f 11336 11335 11337
f 11336 11337 11338
f 11338 11337 11339
f 11338 11339 11340
f 11340 11339 11341
f 11340 11341 11342
f 11342 11341 11343
f 6510 6509 10735
f 10735 6509 10734
f 10735 10734 11344
f 11344 10734 11345
f 11344 11345 11346
f 11346 11345 11347
f 11346 11347 11348
f 11348 11347 11349
f 11348 11349 11350
f 11350 11349 11351
f 11350 11351 11352
f 11352 11351 11353
f 11352 11353 11354
f 11354 11353 11355
f 11354 11355 11356
f 11356 11355 11357
f 11356 11357 11358
f 11358 11357 11359
f 11358 11359 11360
f 11360 11359 11361
f 11360 11361 11362
f 11362 11361 11363
f 11362 11363 11364
f 11364 11363 11365
f 11364 11365 11366
f 11366 11365 10682
f 6501 6500 10733
f 10733 6500 11367
f 10733 11367 11368
f 11368 11367 11369
f 11368 11369 11370
f 11370 11369 11371
f 11370 11371 11372
f 11372 11371 11373
f 11372 11373 11374
f 11374 11373 11375
f 11374 11375 11376
f 11376 11375 11377
f 11376 11377 11378
f 11378 11377 11379
f 11378 11379 11380
f 11380 11379 11381
f 11380 11381 11382
f 11382 11381 11383
f 11382 11383 11384
f 11384 11383 11385
f 11384 11385 11386
f 11386 11385 11387
f 11386 11387 11388
f 11388 11387 11389
f 11388 11389 11390
f 11390 11389 10680
f 6490 6489 10731
f 10731 6489 11391
f 10731 11391 11392
f 11392 11391 11393
f 11392 11393 11394
f 11394 11393 11395
f 11394 11395 11396
f 11396 11395 11397
f 11396 11397 11398
f 11398 11397 11399
f 11398 11399 11400
f 11400 11399 11401
f 11400 11401 11402
f 11402 11401 11403
f 11402 11403 11404
f 11404 11403 11405
f 11404 11405 11406
f 11406 11405 11407
f 11406 11407 11408
f 11408 11407 11409
f 11408 11409 11410
f 11410 11409 11411
f 11410 11411 11412
f 11412 11411 11413
f 11412 11413 11414
f 11414 11413 10678
f 6482 6478 11415
f 11415 6478 11416
f 11415 11416 11417
f 11417 11416 11418
f 11417 11418 11419
f 11419 11418 11420
f 11419 11420 11421
f 11421 11420 11422
f 11421 11422 11423
f 11423 11422 11424
f 11423 11424 11425
f 11425 11424 11426
f 11425 11426 11427
f 11427 11426 11428
f 11427 11428 11429
f 11429 11428 11430
f 11429 11430 11431
f 11431 11430 11432
f 11431 11432 11433
f 11433 11432 11434
f 11433 11434 11435
f 11435 11434 11436
f 11435 11436 11437
f 11437 11436 11438
f 11437 11438 11439
f 11439 11438 10676
f 10367 10886 10368
f 10368 10886 11440
f 10368 11440 10366
f 10366 11440 1015
f 10366 1015 1014
f 1004 1010 11440
f 11440 1010 1009
f 11440 1009 1015
f 1006 1004 10726
f 10726 1004 11440
f 10726 11440 11441
f 11441 11440 10886
f 11441 10886 11442
f 11442 10886 10885
f 11442 10885 11443
f 11443 10885 10815
f 11443 10815 11444
f 11444 10815 10809
f 11444 10809 11445
f 11445 10809 10808
f 11445 10808 11446
f 11446 10808 10807
f 11446 10807 11447
f 11447 10807 10797
f 11447 10797 11448
f 11448 10797 10796
f 11448 10796 11449
f 11449 10796 10795
f 11449 10795 11450
f 11450 10795 10786
f 11450 10786 11451
f 11451 10786 10783
f 11451 10783 10780
f 10780 10783 10782
f 10780 10782 6353
f 6353 10782 6350
f 1001 1007 10947
f 10947 1007 10726
f 10947 10726 10945
f 10945 10726 11441
f 10945 11441 10943
f 10943 11441 11442
f 10943 11442 10941
f 10941 11442 11443
f 10941 11443 10939
f 10939 11443 11444
f 10939 11444 10937
f 10937 11444 11445
f 10937 11445 10935
f 10935 11445 11446
f 10935 11446 10933
f 10933 11446 11447
f 10933 11447 10931
f 10931 11447 11448
f 10931 11448 10929
f 10929 11448 11449
f 10929 11449 10927
f 10927 11449 11450
f 10927 11450 10925
f 10925 11450 11451
f 10925 11451 10779
f 10779 11451 10780
f 10779 10780 6474
f 6474 10780 6473
f 10725 998 10947
f 10947 998 1002
f 10947 1002 1001
f 6468 6467 10778
f 10778 6467 11452
f 10778 11452 10926
f 10926 11452 11453
f 10926 11453 10928
f 10928 11453 11454
f 10928 11454 10930
f 10930 11454 11455
f 10930 11455 10932
f 10932 11455 11456
f 10932 11456 10934
f 10934 11456 11457
f 10934 11457 10936
f 10936 11457 11458
f 10936 11458 10938
f 10938 11458 11459
f 10938 11459 10940
f 10940 11459 11460
f 10940 11460 10942
f 10942 11460 11461
f 10942 11461 10944
f 10944 11461 11462
f 10944 11462 10946
f 10946 11462 11463
f 10946 11463 10725
f 10725 11463 11464
f 10725 11464 999
f 990 996 11464
f 11464 996 995
f 11464 995 999
f 992 990 10724
f 10724 990 11464
f 10724 11464 11465
f 11465 11464 11463
f 11465 11463 11466
f 11466 11463 11462
f 11466 11462 11467
f 11467 11462 11461
f 11467 11461 11468
f 11468 11461 11460
f 11468 11460 11469
f 11469 11460 11459
f 11469 11459 11470
f 11470 11459 11458
f 11470 11458 11471
f 11471 11458 11457
f 11471 11457 11472
f 11472 11457 11456
f 11472 11456 11473
f 11473 11456 11455
f 11473 11455 11474
f 11474 11455 11454
f 11474 11454 11475
f 11475 11454 11453
f 11475 11453 11476
f 11476 11453 11452
f 11476 11452 6463
f 6463 11452 6467
f 987 993 10723
f 10723 993 10724
f 10723 10724 10897
f 10897 10724 11465
f 10897 11465 10896
f 10896 11465 11466
f 10896 11466 10895
f 10895 11466 11467
f 10895 11467 10894
f 10894 11467 11468
f 10894 11468 10893
f 10893 11468 11469
f 10893 11469 10892
f 10892 11469 11470
f 10892 11470 10891
f 10891 11470 11471
f 10891 11471 10890
f 10890 11471 11472
f 10890 11472 10889
f 10889 11472 11473
f 10889 11473 10888
f 10888 11473 11474
f 10888 11474 10887
f 10887 11474 11475
f 10887 11475 10777
f 10777 11475 11476
f 10777 11476 6465
f 6465 11476 6463
f 10837 10948 10838
f 10838 10948 10950
f 10838 10950 10723
f 10723 10950 984
f 10723 984 988
f 976 982 10949
f 10949 982 981
f 10949 981 10950
f 10950 981 985
f 10950 985 984
f 978 976 10722
f 10722 976 10949
f 10722 10949 11477
f 11477 10949 10948
f 11477 10948 11478
f 11478 10948 10837
f 11478 10837 11479
f 11479 10837 10835
f 11479 10835 11480
f 11480 10835 10833
f 11480 10833 11481
f 11481 10833 10831
f 11481 10831 11482
f 11482 10831 10829
f 11482 10829 11483
f 11483 10829 10827
f 11483 10827 11484
f 11484 10827 10825
f 11484 10825 11485
f 11485 10825 10823
f 11485 10823 11486
f 11486 10823 10821
f 11486 10821 11487
f 11487 10821 10819
f 11487 10819 10776
f 10776 10819 10817
f 10776 10817 6457
f 6457 10817 6459
f 973 979 10721
f 10721 979 10722
f 10721 10722 11488
f 11488 10722 11477
f 11488 11477 11489
f 11489 11477 11478
f 11489 11478 11490
f 11490 11478 11479
f 11490 11479 11491
f 11491 11479 11480
f 11491 11480 11492
f 11492 11480 11481
f 11492 11481 11493
f 11493 11481 11482
f 11493 11482 11494
f 11494 11482 11483
f 11494 11483 11495
f 11495 11483 11484
f 11495 11484 11496
f 11496 11484 11485
f 11496 11485 11497
f 11497 11485 11486
f 11497 11486 11498
f 11498 11486 11487
f 11498 11487 11499
f 11499 11487 10776
f 11499 10776 6454
f 6454 10776 6455
f 970 974 10973
f 10973 974 10721
f 10973 10721 10971
f 10971 10721 11488
f 10971 11488 10969
f 10969 11488 11489
f 10969 11489 10967
f 10967 11489 11490
f 10967 11490 10965
f 10965 11490 11491
f 10965 11491 10963
f 10963 11491 11492
f 10963 11492 10961
f 10961 11492 11493
f 10961 11493 10959
f 10959 11493 11494
f 10959 11494 10957
f 10957 11494 11495
f 10957 11495 10955
f 10955 11495 11496
f 10955 11496 10953
f 10953 11496 11497
f 10953 11497 10951
f 10951 11497 11498
f 10951 11498 10775
f 10775 11498 11499
f 10775 11499 6452
f 6452 11499 6454
f 962 968 10974
f 10974 968 967
f 10974 967 10973
f 10973 967 971
f 10973 971 970
f 964 962 10720
f 10720 962 10974
f 10720 10974 11500
f 11500 10974 10972
f 11500 10972 11501
f 11501 10972 10970
f 11501 10970 11502
f 11502 10970 10968
f 11502 10968 11503
f 11503 10968 10966
f 11503 10966 11504
f 11504 10966 10964
f 11504 10964 11505
f 11505 10964 10962
f 11505 10962 11506
f 11506 10962 10960
f 11506 10960 11507
f 11507 10960 10958
f 11507 10958 11508
f 11508 10958 10956
f 11508 10956 11509
f 11509 10956 10954
f 11509 10954 11510
f 11510 10954 10952
f 11510 10952 10773
f 10773 10952 10774
f 10773 10774 6446
f 6446 10774 6447
f 957 965 10719
f 10719 965 10720
f 10719 10720 11511
f 11511 10720 11500
f 11511 11500 11512
f 11512 11500 11501
f 11512 11501 11513
f 11513 11501 11502
f 11513 11502 11514
f 11514 11502 11503
f 11514 11503 11515
f 11515 11503 11504
f 11515 11504 11516
f 11516 11504 11505
f 11516 11505 11517
f 11517 11505 11506
f 11517 11506 11518
f 11518 11506 11507
f 11518 11507 11519
f 11519 11507 11508
f 11519 11508 11520
f 11520 11508 11509
f 11520 11509 11521
f 11521 11509 11510
f 11521 11510 11522
f 11522 11510 10773
f 11522 10773 6443
f 6443 10773 6444
f 960 959 10998
f 10998 959 10719
f 10998 10719 10996
f 10996 10719 11511
f 10996 11511 10994
f 10994 11511 11512
f 10994 11512 10992
f 10992 11512 11513
f 10992 11513 10990
f 10990 11513 11514
f 10990 11514 10988
f 10988 11514 11515
f 10988 11515 10986
f 10986 11515 11516
f 10986 11516 10984
f 10984 11516 11517
f 10984 11517 10982
f 10982 11517 11518
f 10982 11518 10980
f 10980 11518 11519
f 10980 11519 10978
f 10978 11519 11520
f 10978 11520 10976
f 10976 11520 11521
f 10976 11521 10975
f 10975 11521 11522
f 10975 11522 6439
f 6439 11522 6443
f 950 952 10999
f 10999 952 953
f 10999 953 10998
f 10998 953 955
f 10998 955 960
f 948 950 10718
f 10718 950 10999
f 10718 10999 11523
f 11523 10999 10997
f 11523 10997 11524
f 11524 10997 10995
f 11524 10995 11525
f 11525 10995 10993
f 11525 10993 11526
f 11526 10993 10991
f 11526 10991 11527
f 11527 10991 10989
f 11527 10989 11528
f 11528 10989 10987
f 11528 10987 11529
f 11529 10987 10985
f 11529 10985 11530
f 11530 10985 10983
f 11530 10983 11531
f 11531 10983 10981
f 11531 10981 11532
f 11532 10981 10979
f 11532 10979 11533
f 11533 10979 10977
f 11533 10977 11534
f 11534 10977 10772
f 11534 10772 6437
f 6437 10772 6438
f 945 947 10717
f 10717 947 10718
f 10717 10718 11535
f 11535 10718 11523
f 11535 11523 11536
f 11536 11523 11524
f 11536 11524 11537
f 11537 11524 11525
f 11537 11525 11538
f 11538 11525 11526
f 11538 11526 11539
f 11539 11526 11527
f 11539 11527 11540
f 11540 11527 11528
f 11540 11528 11541
f 11541 11528 11529
f 11541 11529 11542
f 11542 11529 11530
f 11542 11530 11543
f 11543 11530 11531
f 11543 11531 11544
f 11544 11531 11532
f 11544 11532 11545
f 11545 11532 11533
f 11545 11533 11546
f 11546 11533 11534
f 11546 11534 6435
f 6435 11534 6437
f 938 943 11022
f 11022 943 10717
f 11022 10717 11020
f 11020 10717 11535
f 11020 11535 11018
f 11018 11535 11536
f 11018 11536 11016
f 11016 11536 11537
f 11016 11537 11014
f 11014 11537 11538
f 11014 11538 11012
f 11012 11538 11539
f 11012 11539 11010
f 11010 11539 11540
f 11010 11540 11008
f 11008 11540 11541
f 11008 11541 11006
f 11006 11541 11542
f 11006 11542 11004
f 11004 11542 11543
f 11004 11543 11002
f 11002 11543 11544
f 11002 11544 11000
f 11000 11544 11545
f 11000 11545 10771
f 10771 11545 11546
f 10771 11546 6433
f 6433 11546 6435
f 10716 941 11022
f 11022 941 939
f 11022 939 938
f 6427 6426 10770
f 10770 6426 11547
f 10770 11547 11001
f 11001 11547 11548
f 11001 11548 11003
f 11003 11548 11549
f 11003 11549 11005
f 11005 11549 11550
f 11005 11550 11007
f 11007 11550 11551
f 11007 11551 11009
f 11009 11551 11552
f 11009 11552 11011
f 11011 11552 11553
f 11011 11553 11013
f 11013 11553 11554
f 11013 11554 11015
f 11015 11554 11555
f 11015 11555 11017
f 11017 11555 11556
f 11017 11556 11019
f 11019 11556 11557
f 11019 11557 11021
f 11021 11557 11558
f 11021 11558 10716
f 10716 11558 11559
f 10716 11559 942
f 931 937 11559
f 11559 937 936
f 11559 936 942
f 933 931 10715
f 10715 931 11559
f 10715 11559 11560
f 11560 11559 11558
f 11560 11558 11561
f 11561 11558 11557
f 11561 11557 11562
f 11562 11557 11556
f 11562 11556 11563
f 11563 11556 11555
f 11563 11555 11564
f 11564 11555 11554
f 11564 11554 11565
f 11565 11554 11553
f 11565 11553 11566
f 11566 11553 11552
f 11566 11552 11567
f 11567 11552 11551
f 11567 11551 11568
f 11568 11551 11550
f 11568 11550 11569
f 11569 11550 11549
f 11569 11549 11570
f 11570 11549 11548
f 11570 11548 10769
f 10769 11548 11547
f 10769 11547 6422
f 6422 11547 6426
f 928 934 11046
f 11046 934 10715
f 11046 10715 11044
f 11044 10715 11560
f 11044 11560 11042
f 11042 11560 11561
f 11042 11561 11040
f 11040 11561 11562
f 11040 11562 11038
f 11038 11562 11563
f 11038 11563 11036
f 11036 11563 11564
f 11036 11564 11034
f 11034 11564 11565
f 11034 11565 11032
f 11032 11565 11566
f 11032 11566 11030
f 11030 11566 11567
f 11030 11567 11028
f 11028 11567 11568
f 11028 11568 11026
f 11026 11568 11569
f 11026 11569 11024
f 11024 11569 11570
f 11024 11570 10768
f 10768 11570 10769
f 10768 10769 6425
f 6425 10769 6424
f 10714 925 11046
f 11046 925 929
f 11046 929 928
f 6419 6415 11023
f 11023 6415 11571
f 11023 11571 11025
f 11025 11571 11572
f 11025 11572 11027
f 11027 11572 11573
f 11027 11573 11029
f 11029 11573 11574
f 11029 11574 11031
f 11031 11574 11575
f 11031 11575 11033
f 11033 11575 11576
f 11033 11576 11035
f 11035 11576 11577
f 11035 11577 11037
f 11037 11577 11578
f 11037 11578 11039
f 11039 11578 11579
f 11039 11579 11041
f 11041 11579 11580
f 11041 11580 11043
f 11043 11580 11581
f 11043 11581 11045
f 11045 11581 11582
f 11045 11582 10714
f 10714 11582 11583
f 10714 11583 926
f 917 923 11583
f 11583 923 922
f 11583 922 926
f 919 917 10713
f 10713 917 11583
f 10713 11583 11584
f 11584 11583 11582
f 11584 11582 11585
f 11585 11582 11581
f 11585 11581 11586
f 11586 11581 11580
f 11586 11580 11587
f 11587 11580 11579
f 11587 11579 11588
f 11588 11579 11578
f 11588 11578 11589
f 11589 11578 11577
f 11589 11577 11590
f 11590 11577 11576
f 11590 11576 11591
f 11591 11576 11575
f 11591 11575 11592
f 11592 11575 11574
f 11592 11574 11593
f 11593 11574 11573
f 11593 11573 11594
f 11594 11573 11572
f 11594 11572 10767
f 10767 11572 11571
f 10767 11571 6417
f 6417 11571 6415
f 914 920 11071
f 11071 920 10713
f 11071 10713 11069
f 11069 10713 11584
f 11069 11584 11067
f 11067 11584 11585
f 11067 11585 11065
f 11065 11585 11586
f 11065 11586 11063
f 11063 11586 11587
f 11063 11587 11061
f 11061 11587 11588
f 11061 11588 11059
f 11059 11588 11589
f 11059 11589 11057
f 11057 11589 11590
f 11057 11590 11055
f 11055 11590 11591
f 11055 11591 11053
f 11053 11591 11592
f 11053 11592 11051
f 11051 11592 11593
f 11051 11593 11049
f 11049 11593 11594
f 11049 11594 11047
f 11047 11594 10767
f 11047 10767 6413
f 6413 10767 6414
f 10712 911 11071
f 11071 911 915
f 11071 915 914
f 6411 6409 11048
f 11048 6409 10766
f 11048 10766 11050
f 11050 10766 11595
f 11050 11595 11052
f 11052 11595 11596
f 11052 11596 11054
f 11054 11596 11597
f 11054 11597 11056
f 11056 11597 11598
f 11056 11598 11058
f 11058 11598 11599
f 11058 11599 11060
f 11060 11599 11600
f 11060 11600 11062
f 11062 11600 11601
f 11062 11601 11064
f 11064 11601 11602
f 11064 11602 11066
f 11066 11602 11603
f 11066 11603 11068
f 11068 11603 11604
f 11068 11604 11070
f 11070 11604 11605
f 11070 11605 10712
f 10712 11605 11606
f 10712 11606 912
f 903 909 11606
f 11606 909 908
f 11606 908 912
f 905 903 10711
f 10711 903 11606
f 10711 11606 11607
f 11607 11606 11605
f 11607 11605 11608
f 11608 11605 11604
f 11608 11604 11609
f 11609 11604 11603
f 11609 11603 11610
f 11610 11603 11602
f 11610 11602 11611
f 11611 11602 11601
f 11611 11601 11612
f 11612 11601 11600
f 11612 11600 11613
f 11613 11600 11599
f 11613 11599 11614
f 11614 11599 11598
f 11614 11598 11615
f 11615 11598 11597
f 11615 11597 11616
f 11616 11597 11596
f 11616 11596 11617
f 11617 11596 11595
f 11617 11595 10765
f 10765 11595 10766
f 10765 10766 6405
f 6405 10766 6406
f 900 906 10710
f 10710 906 10711
f 10710 10711 10909
f 10909 10711 11607
f 10909 11607 10908
f 10908 11607 11608
f 10908 11608 10907
f 10907 11608 11609
f 10907 11609 10906
f 10906 11609 11610
f 10906 11610 10905
f 10905 11610 11611
f 10905 11611 10904
f 10904 11611 11612
f 10904 11612 10903
f 10903 11612 11613
f 10903 11613 10902
f 10902 11613 11614
f 10902 11614 10901
f 10901 11614 11615
f 10901 11615 10900
f 10900 11615 11616
f 10900 11616 10899
f 10899 11616 11617
f 10899 11617 10898
f 10898 11617 10765
f 10898 10765 6402
f 6402 10765 6403
f 10858 11072 10859
f 10859 11072 11074
f 10859 11074 10710
f 10710 11074 897
f 10710 897 901
f 889 895 11073
f 11073 895 894
f 11073 894 11074
f 11074 894 898
f 11074 898 897
f 891 889 10709
f 10709 889 11073
f 10709 11073 11618
f 11618 11073 11072
f 11618 11072 11619
f 11619 11072 10858
f 11619 10858 11620
f 11620 10858 10856
f 11620 10856 11621
f 11621 10856 10854
f 11621 10854 11622
f 11622 10854 10852
f 11622 10852 11623
f 11623 10852 10850
f 11623 10850 11624
f 11624 10850 10848
f 11624 10848 11625
f 11625 10848 10846
f 11625 10846 11626
f 11626 10846 10844
f 11626 10844 11627
f 11627 10844 10842
f 11627 10842 11628
f 11628 10842 10840
f 11628 10840 11629
f 11629 10840 10763
f 11629 10763 6395
f 6395 10763 6396
f 886 892 10708
f 10708 892 10709
f 10708 10709 11630
f 11630 10709 11618
f 11630 11618 11631
f 11631 11618 11619
f 11631 11619 11632
f 11632 11619 11620
f 11632 11620 11633
f 11633 11620 11621
f 11633 11621 11634
f 11634 11621 11622
f 11634 11622 11635
f 11635 11622 11623
f 11635 11623 11636
f 11636 11623 11624
f 11636 11624 11637
f 11637 11624 11625
f 11637 11625 11638
f 11638 11625 11626
f 11638 11626 11639
f 11639 11626 11627
f 11639 11627 11640
f 11640 11627 11628
f 11640 11628 11641
f 11641 11628 11629
f 11641 11629 6391
f 6391 11629 6395
f 883 887 11098
f 11098 887 10708
f 11098 10708 11096
f 11096 10708 11630
f 11096 11630 11094
f 11094 11630 11631
f 11094 11631 11092
f 11092 11631 11632
f 11092 11632 11090
f 11090 11632 11633
f 11090 11633 11088
f 11088 11633 11634
f 11088 11634 11086
f 11086 11634 11635
f 11086 11635 11084
f 11084 11635 11636
f 11084 11636 11082
f 11082 11636 11637
f 11082 11637 11080
f 11080 11637 11638
f 11080 11638 11078
f 11078 11638 11639
f 11078 11639 11076
f 11076 11639 11640
f 11076 11640 10762
f 10762 11640 11641
f 10762 11641 6393
f 6393 11641 6391
f 10707 880 11098
f 11098 880 884
f 11098 884 883
f 878 877 11642
f 11642 877 875
f 875 881 11642
f 11642 881 10707
f 11642 10707 11643
f 11643 10707 11097
f 11643 11097 11644
f 11644 11097 11095
f 11644 11095 11645
f 11645 11095 11093
f 11645 11093 11646
f 11646 11093 11091
f 11646 11091 11647
f 11647 11091 11089
f 11647 11089 11648
f 11648 11089 11087
f 11648 11087 11649
f 11649 11087 11085
f 11649 11085 11650
f 11650 11085 11083
f 11650 11083 11651
f 11651 11083 11081
f 11651 11081 11652
f 11652 11081 11079
f 11652 11079 11653
f 11653 11079 11077
f 11653 11077 10761
f 10761 11077 11075
f 10761 11075 6387
f 6387 11075 6389
f 870 878 10706
f 10706 878 11642
f 10706 11642 11654
f 11654 11642 11643
f 11654 11643 11655
f 11655 11643 11644
f 11655 11644 11656
f 11656 11644 11645
f 11656 11645 11657
f 11657 11645 11646
f 11657 11646 11658
f 11658 11646 11647
f 11658 11647 11659
f 11659 11647 11648
f 11659 11648 11660
f 11660 11648 11649
f 11660 11649 11661
f 11661 11649 11650
f 11661 11650 11662
f 11662 11650 11651
f 11662 11651 11663
f 11663 11651 11652
f 11663 11652 11664
f 11664 11652 11653
f 11664 11653 10760
f 10760 11653 10761
f 10760 10761 6384
f 6384 10761 6385
f 873 872 11122
f 11122 872 10706
f 11122 10706 11120
f 11120 10706 11654
f 11120 11654 11118
f 11118 11654 11655
f 11118 11655 11116
f 11116 11655 11656
f 11116 11656 11114
f 11114 11656 11657
f 11114 11657 11112
f 11112 11657 11658
f 11112 11658 11110
f 11110 11658 11659
f 11110 11659 11108
f 11108 11659 11660
f 11108 11660 11106
f 11106 11660 11661
f 11106 11661 11104
f 11104 11661 11662
f 11104 11662 11102
f 11102 11662 11663
f 11102 11663 11100
f 11100 11663 11664
f 11100 11664 10759
f 10759 11664 10760
f 10759 10760 6381
f 6381 10760 6382
f 10705 866 11122
f 11122 866 868
f 11122 868 873
f 860 861 11665
f 11665 861 863
f 863 865 11665
f 11665 865 10705
f 11665 10705 11666
f 11666 10705 11121
f 11666 11121 11667
f 11667 11121 11119
f 11667 11119 11668
f 11668 11119 11117
f 11668 11117 11669
f 11669 11117 11115
f 11669 11115 11670
f 11670 11115 11113
f 11670 11113 11671
f 11671 11113 11111
f 11671 11111 11672
f 11672 11111 11109
f 11672 11109 11673
f 11673 11109 11107
f 11673 11107 11674
f 11674 11107 11105
f 11674 11105 11675
f 11675 11105 11103
f 11675 11103 11676
f 11676 11103 11101
f 11676 11101 11677
f 11677 11101 11099
f 11677 11099 6374
f 6374 11099 6378
f 858 860 10704
f 10704 860 11665
f 10704 11665 11678
f 11678 11665 11666
f 11678 11666 11679
f 11679 11666 11667
f 11679 11667 11680
f 11680 11667 11668
f 11680 11668 11681
f 11681 11668 11669
f 11681 11669 11682
f 11682 11669 11670
f 11682 11670 11683
f 11683 11670 11671
f 11683 11671 11684
f 11684 11671 11672
f 11684 11672 11685
f 11685 11672 11673
f 11685 11673 11686
f 11686 11673 11674
f 11686 11674 11687
f 11687 11674 11675
f 11687 11675 11688
f 11688 11675 11676
f 11688 11676 10758
f 10758 11676 11677
f 10758 11677 6376
f 6376 11677 6374
f 855 857 11147
f 11147 857 10704
f 11147 10704 11145
f 11145 10704 11678
f 11145 11678 11143
f 11143 11678 11679
f 11143 11679 11141
f 11141 11679 11680
f 11141 11680 11139
f 11139 11680 11681
f 11139 11681 11137
f 11137 11681 11682
f 11137 11682 11135
f 11135 11682 11683
f 11135 11683 11133
f 11133 11683 11684
f 11133 11684 11131
f 11131 11684 11685
f 11131 11685 11129
f 11129 11685 11686
f 11129 11686 11127
f 11127 11686 11687
f 11127 11687 11125
f 11125 11687 11688
f 11125 11688 11123
f 11123 11688 10758
f 11123 10758 6372
f 6372 10758 6373
f 10703 852 11147
f 11147 852 854
f 11147 854 855
f 6370 6368 11124
f 11124 6368 10757
f 11124 10757 11126
f 11126 10757 11689
f 11126 11689 11128
f 11128 11689 11690
f 11128 11690 11130
f 11130 11690 11691
f 11130 11691 11132
f 11132 11691 11692
f 11132 11692 11134
f 11134 11692 11693
f 11134 11693 11136
f 11136 11693 11694
f 11136 11694 11138
f 11138 11694 11695
f 11138 11695 11140
f 11140 11695 11696
f 11140 11696 11142
f 11142 11696 11697
f 11142 11697 11144
f 11144 11697 11698
f 11144 11698 11146
f 11146 11698 11699
f 11146 11699 10703
f 10703 11699 11700
f 10703 11700 851
f 846 848 11700
f 11700 848 849
f 11700 849 851
f 844 846 10702
f 10702 846 11700
f 10702 11700 11701
f 11701 11700 11699
f 11701 11699 11702
f 11702 11699 11698
f 11702 11698 11703
f 11703 11698 11697
f 11703 11697 11704
f 11704 11697 11696
f 11704 11696 11705
f 11705 11696 11695
f 11705 11695 11706
f 11706 11695 11694
f 11706 11694 11707
f 11707 11694 11693
f 11707 11693 11708
f 11708 11693 11692
f 11708 11692 11709
f 11709 11692 11691
f 11709 11691 11710
f 11710 11691 11690
f 11710 11690 11711
f 11711 11690 11689
f 11711 11689 11712
f 11712 11689 10757
f 11712 10757 6365
f 6365 10757 6366
f 841 843 11170
f 11170 843 10702
f 11170 10702 11168
f 11168 10702 11701
f 11168 11701 11166
f 11166 11701 11702
f 11166 11702 11164
f 11164 11702 11703
f 11164 11703 11162
f 11162 11703 11704
f 11162 11704 11160
f 11160 11704 11705
f 11160 11705 11158
f 11158 11705 11706
f 11158 11706 11156
f 11156 11706 11707
f 11156 11707 11154
f 11154 11707 11708
f 11154 11708 11152
f 11152 11708 11709
f 11152 11709 11150
f 11150 11709 11710
f 11150 11710 11148
f 11148 11710 11711
f 11148 11711 10756
f 10756 11711 11712
f 10756 11712 6363
f 6363 11712 6365
f 10701 838 11170
f 11170 838 840
f 11170 840 841
f 6599 6598 10755
f 10755 6598 10754
f 10755 10754 11149
f 11149 10754 11713
f 11149 11713 11151
f 11151 11713 11714
f 11151 11714 11153
f 11153 11714 11715
f 11153 11715 11155
f 11155 11715 11716
f 11155 11716 11157
f 11157 11716 11717
f 11157 11717 11159
f 11159 11717 11718
f 11159 11718 11161
f 11161 11718 11719
f 11161 11719 11163
f 11163 11719 11720
f 11163 11720 11165
f 11165 11720 11721
f 11165 11721 11167
f 11167 11721 11722
f 11167 11722 11169
f 11169 11722 11723
f 11169 11723 10701
f 10701 11723 11724
f 10701 11724 837
f 832 834 11724
f 11724 834 835
f 11724 835 837
f 830 832 10700
f 10700 832 11724
f 10700 11724 11725
f 11725 11724 11723
f 11725 11723 11726
f 11726 11723 11722
f 11726 11722 11727
f 11727 11722 11721
f 11727 11721 11728
f 11728 11721 11720
f 11728 11720 11729
f 11729 11720 11719
f 11729 11719 11730
f 11730 11719 11718
f 11730 11718 11731
f 11731 11718 11717
f 11731 11717 11732
f 11732 11717 11716
f 11732 11716 11733
f 11733 11716 11715
f 11733 11715 11734
f 11734 11715 11714
f 11734 11714 11735
f 11735 11714 11713
f 11735 11713 11736
f 11736 11713 10754
f 11736 10754 6595
f 6595 10754 6596
f 827 829 10699
f 10699 829 10700
f 10699 10700 10921
f 10921 10700 11725
f 10921 11725 10920
f 10920 11725 11726
f 10920 11726 10919
f 10919 11726 11727
f 10919 11727 10918
f 10918 11727 11728
f 10918 11728 10917
f 10917 11728 11729
f 10917 11729 10916
f 10916 11729 11730
f 10916 11730 10915
f 10915 11730 11731
f 10915 11731 10914
f 10914 11731 11732
f 10914 11732 10913
f 10913 11732 11733
f 10913 11733 10912
f 10912 11733 11734
f 10912 11734 10911
f 10911 11734 11735
f 10911 11735 10910
f 10910 11735 11736
f 10910 11736 6591
f 6591 11736 6595
f 10880 11171 10881
f 10881 11171 11173
f 10881 11173 10699
f 10699 11173 824
f 10699 824 826
f 818 820 11172
f 11172 820 821
f 11172 821 11173
f 11173 821 823
f 11173 823 824
f 816 818 10698
f 10698 818 11172
f 10698 11172 11737
f 11737 11172 11171
f 11737 11171 11738
f 11738 11171 10880
f 11738 10880 11739
f 11739 10880 10878
f 11739 10878 11740
f 11740 10878 10876
f 11740 10876 11741
f 11741 10876 10874
f 11741 10874 11742
f 11742 10874 10872
f 11742 10872 11743
f 11743 10872 10870
f 11743 10870 11744
f 11744 10870 10868
f 11744 10868 11745
f 11745 10868 10866
f 11745 10866 11746
f 11746 10866 10864
f 11746 10864 11747
f 11747 10864 10862
f 11747 10862 11748
f 11748 10862 10860
f 11748 10860 6587
f 6587 10860 6589
f 813 815 10697
f 10697 815 10698
f 10697 10698 11749
f 11749 10698 11737
f 11749 11737 11750
f 11750 11737 11738
f 11750 11738 11751
f 11751 11738 11739
f 11751 11739 11752
f 11752 11739 11740
f 11752 11740 11753
f 11753 11740 11741
f 11753 11741 11754
f 11754 11741 11742
f 11754 11742 11755
f 11755 11742 11743
f 11755 11743 11756
f 11756 11743 11744
f 11756 11744 11757
f 11757 11744 11745
f 11757 11745 11758
f 11758 11745 11746
f 11758 11746 11759
f 11759 11746 11747
f 11759 11747 10752
f 10752 11747 11748
f 10752 11748 6585
f 6585 11748 6587
f 810 812 11197
f 11197 812 10697
f 11197 10697 11195
f 11195 10697 11749
f 11195 11749 11193
f 11193 11749 11750
f 11193 11750 11191
f 11191 11750 11751
f 11191 11751 11189
f 11189 11751 11752
f 11189 11752 11187
f 11187 11752 11753
f 11187 11753 11185
f 11185 11753 11754
f 11185 11754 11183
f 11183 11754 11755
f 11183 11755 11181
f 11181 11755 11756
f 11181 11756 11179
f 11179 11756 11757
f 11179 11757 11177
f 11177 11757 11758
f 11177 11758 11175
f 11175 11758 11759
f 11175 11759 10751
f 10751 11759 10752
f 10751 10752 6581
f 6581 10752 6582
f 10696 807 11197
f 11197 807 809
f 11197 809 810
f 801 802 11760
f 11760 802 804
f 804 806 11760
f 11760 806 10696
f 11760 10696 11761
f 11761 10696 11196
f 11761 11196 11762
f 11762 11196 11194
f 11762 11194 11763
f 11763 11194 11192
f 11763 11192 11764
f 11764 11192 11190
f 11764 11190 11765
f 11765 11190 11188
f 11765 11188 11766
f 11766 11188 11186
f 11766 11186 11767
f 11767 11186 11184
f 11767 11184 11768
f 11768 11184 11182
f 11768 11182 11769
f 11769 11182 11180
f 11769 11180 11770
f 11770 11180 11178
f 11770 11178 11771
f 11771 11178 11176
f 11771 11176 10750
f 10750 11176 11174
f 10750 11174 6574
f 6574 11174 6578
f 799 801 10695
f 10695 801 11760
f 10695 11760 11772
f 11772 11760 11761
f 11772 11761 11773
f 11773 11761 11762
f 11773 11762 11774
f 11774 11762 11763
f 11774 11763 11775
f 11775 11763 11764
f 11775 11764 11776
f 11776 11764 11765
f 11776 11765 11777
f 11777 11765 11766
f 11777 11766 11778
f 11778 11766 11767
f 11778 11767 11779
f 11779 11767 11768
f 11779 11768 11780
f 11780 11768 11769
f 11780 11769 11781
f 11781 11769 11770
f 11781 11770 11782
f 11782 11770 11771
f 11782 11771 10749
f 10749 11771 10750
f 10749 10750 6577
f 6577 10750 6576
f 792 797 11222
f 11222 797 10695
f 11222 10695 11220
f 11220 10695 11772
f 11220 11772 11218
f 11218 11772 11773
f 11218 11773 11216
f 11216 11773 11774
f 11216 11774 11214
f 11214 11774 11775
f 11214 11775 11212
f 11212 11775 11776
f 11212 11776 11210
f 11210 11776 11777
f 11210 11777 11208
f 11208 11777 11778
f 11208 11778 11206
f 11206 11778 11779
f 11206 11779 11204
f 11204 11779 11780
f 11204 11780 11202
f 11202 11780 11781
f 11202 11781 11200
f 11200 11781 11782
f 11200 11782 11198
f 11198 11782 10749
f 11198 10749 6571
f 6571 10749 6572
f 10694 795 11222
f 11222 795 793
f 11222 793 792
f 791 790 11783
f 11783 790 788
f 788 796 11783
f 11783 796 10694
f 11783 10694 11784
f 11784 10694 11221
f 11784 11221 11785
f 11785 11221 11219
f 11785 11219 11786
f 11786 11219 11217
f 11786 11217 11787
f 11787 11217 11215
f 11787 11215 11788
f 11788 11215 11213
f 11788 11213 11789
f 11789 11213 11211
f 11789 11211 11790
f 11790 11211 11209
f 11790 11209 11791
f 11791 11209 11207
f 11791 11207 11792
f 11792 11207 11205
f 11792 11205 11793
f 11793 11205 11203
f 11793 11203 11794
f 11794 11203 11201
f 11794 11201 10748
f 10748 11201 11199
f 10748 11199 6569
f 6569 11199 6567
f 783 791 10693
f 10693 791 11783
f 10693 11783 11795
f 11795 11783 11784
f 11795 11784 11796
f 11796 11784 11785
f 11796 11785 11797
f 11797 11785 11786
f 11797 11786 11798
f 11798 11786 11787
f 11798 11787 11799
f 11799 11787 11788
f 11799 11788 11800
f 11800 11788 11789
f 11800 11789 11801
f 11801 11789 11790
f 11801 11790 11802
f 11802 11790 11791
f 11802 11791 11803
f 11803 11791 11792
f 11803 11792 11804
f 11804 11792 11793
f 11804 11793 11805
f 11805 11793 11794
f 11805 11794 11806
f 11806 11794 10748
f 11806 10748 6565
f 6565 10748 6566
f 786 785 11246
f 11246 785 10693
f 11246 10693 11244
f 11244 10693 11795
f 11244 11795 11242
f 11242 11795 11796
f 11242 11796 11240
f 11240 11796 11797
f 11240 11797 11238
f 11238 11797 11798
f 11238 11798 11236
f 11236 11798 11799
f 11236 11799 11234
f 11234 11799 11800
f 11234 11800 11232
f 11232 11800 11801
f 11232 11801 11230
f 11230 11801 11802
f 11230 11802 11228
f 11228 11802 11803
f 11228 11803 11226
f 11226 11803 11804
f 11226 11804 11224
f 11224 11804 11805
f 11224 11805 11223
f 11223 11805 11806
f 11223 11806 6563
f 6563 11806 6565
f 10692 779 11246
f 11246 779 781
f 11246 781 786
f 776 778 10691
f 10691 778 10692
f 10691 10692 11807
f 11807 10692 11245
f 11807 11245 11808
f 11808 11245 11243
f 11808 11243 11809
f 11809 11243 11241
f 11809 11241 11810
f 11810 11241 11239
f 11810 11239 11811
f 11811 11239 11237
f 11811 11237 11812
f 11812 11237 11235
f 11812 11235 11813
f 11813 11235 11233
f 11813 11233 11814
f 11814 11233 11231
f 11814 11231 11815
f 11815 11231 11229
f 11815 11229 11816
f 11816 11229 11227
f 11816 11227 11817
f 11817 11227 11225
f 11817 11225 10746
f 10746 11225 10747
f 10746 10747 6557
f 6557 10747 6558
f 772 774 10690
f 10690 774 10691
f 10690 10691 11818
f 11818 10691 11807
f 11818 11807 11819
f 11819 11807 11808
f 11819 11808 11820
f 11820 11808 11809
f 11820 11809 11821
f 11821 11809 11810
f 11821 11810 11822
f 11822 11810 11811
f 11822 11811 11823
f 11823 11811 11812
f 11823 11812 11824
f 11824 11812 11813
f 11824 11813 11825
f 11825 11813 11814
f 11825 11814 11826
f 11826 11814 11815
f 11826 11815 11827
f 11827 11815 11816
f 11827 11816 11828
f 11828 11816 11817
f 11828 11817 11829
f 11829 11817 10746
f 11829 10746 6554
f 6554 10746 6555
f 769 771 11269
f 11269 771 10690
f 11269 10690 11267
f 11267 10690 11818
f 11267 11818 11265
f 11265 11818 11819
f 11265 11819 11263
f 11263 11819 11820
f 11263 11820 11261
f 11261 11820 11821
f 11261 11821 11259
f 11259 11821 11822
f 11259 11822 11257
f 11257 11822 11823
f 11257 11823 11255
f 11255 11823 11824
f 11255 11824 11253
f 11253 11824 11825
f 11253 11825 11251
f 11251 11825 11826
f 11251 11826 11249
f 11249 11826 11827
f 11249 11827 11247
f 11247 11827 11828
f 11247 11828 10745
f 10745 11828 11829
f 10745 11829 6550
f 6550 11829 6554
f 10689 766 11269
f 11269 766 768
f 11269 768 769
f 763 765 10688
f 10688 765 10689
f 10688 10689 11830
f 11830 10689 11268
f 11830 11268 11831
f 11831 11268 11266
f 11831 11266 11832
f 11832 11266 11264
f 11832 11264 11833
f 11833 11264 11262
f 11833 11262 11834
f 11834 11262 11260
f 11834 11260 11835
f 11835 11260 11258
f 11835 11258 11836
f 11836 11258 11256
f 11836 11256 11837
f 11837 11256 11254
f 11837 11254 11838
f 11838 11254 11252
f 11838 11252 11839
f 11839 11252 11250
f 11839 11250 11840
f 11840 11250 11248
f 11840 11248 11841
f 11841 11248 10744
f 11841 10744 6547
f 6547 10744 6548
f 757 758 11842
f 11842 758 760
f 760 762 11842
f 11842 762 10688
f 11842 10688 11843
f 11843 10688 11830
f 11843 11830 11844
f 11844 11830 11831
f 11844 11831 11845
f 11845 11831 11832
f 11845 11832 11846
f 11846 11832 11833
f 11846 11833 11847
f 11847 11833 11834
f 11847 11834 11848
f 11848 11834 11835
f 11848 11835 11849
f 11849 11835 11836
f 11849 11836 11850
f 11850 11836 11837
f 11850 11837 11851
f 11851 11837 11838
f 11851 11838 11852
f 11852 11838 11839
f 11852 11839 11853
f 11853 11839 11840
f 11853 11840 11854
f 11854 11840 11841
f 11854 11841 6543
f 6543 11841 6547
f 755 757 11293
f 11293 757 11842
f 11293 11842 11291
f 11291 11842 11843
f 11291 11843 11289
f 11289 11843 11844
f 11289 11844 11287
f 11287 11844 11845
f 11287 11845 11285
f 11285 11845 11846
f 11285 11846 11283
f 11283 11846 11847
f 11283 11847 11281
f 11281 11847 11848
f 11281 11848 11279
f 11279 11848 11849
f 11279 11849 11277
f 11277 11849 11850
f 11277 11850 11275
f 11275 11850 11851
f 11275 11851 11273
f 11273 11851 11852
f 11273 11852 11271
f 11271 11852 11853
f 11271 11853 10743
f 10743 11853 11854
f 10743 11854 6545
f 6545 11854 6543
f 10687 752 11293
f 11293 752 754
f 11293 754 755
f 749 751 10686
f 10686 751 10687
f 10686 10687 11855
f 11855 10687 11292
f 11855 11292 11856
f 11856 11292 11290
f 11856 11290 11857
f 11857 11290 11288
f 11857 11288 11858
f 11858 11288 11286
f 11858 11286 11859
f 11859 11286 11284
f 11859 11284 11860
f 11860 11284 11282
f 11860 11282 11861
f 11861 11282 11280
f 11861 11280 11862
f 11862 11280 11278
f 11862 11278 11863
f 11863 11278 11276
f 11863 11276 11864
f 11864 11276 11274
f 11864 11274 11865
f 11865 11274 11272
f 11865 11272 10742
f 10742 11272 11270
f 10742 11270 6539
f 6539 11270 6541
f 743 744 11866
f 11866 744 746
f 746 748 11866
f 11866 748 10686
f 11866 10686 11867
f 11867 10686 11855
f 11867 11855 11868
f 11868 11855 11856
f 11868 11856 11869
f 11869 11856 11857
f 11869 11857 11870
f 11870 11857 11858
f 11870 11858 11871
f 11871 11858 11859
f 11871 11859 11872
f 11872 11859 11860
f 11872 11860 11873
f 11873 11860 11861
f 11873 11861 11874
f 11874 11861 11862
f 11874 11862 11875
f 11875 11862 11863
f 11875 11863 11876
f 11876 11863 11864
f 11876 11864 11877
f 11877 11864 11865
f 11877 11865 10741
f 10741 11865 10742
f 10741 10742 6536
f 6536 10742 6537
f 741 743 11317
f 11317 743 11866
f 11317 11866 11315
f 11315 11866 11867
f 11315 11867 11313
f 11313 11867 11868
f 11313 11868 11311
f 11311 11868 11869
f 11311 11869 11309
f 11309 11869 11870
f 11309 11870 11307
f 11307 11870 11871
f 11307 11871 11305
f 11305 11871 11872
f 11305 11872 11303
f 11303 11872 11873
f 11303 11873 11301
f 11301 11873 11874
f 11301 11874 11299
f 11299 11874 11875
f 11299 11875 11297
f 11297 11875 11876
f 11297 11876 11295
f 11295 11876 11877
f 11295 11877 10740
f 10740 11877 10741
f 10740 10741 6533
f 6533 10741 6534
f 734 735 11878
f 11878 735 11318
f 11878 11318 11879
f 11879 11318 11316
f 11879 11316 11880
f 11880 11316 11314
f 11880 11314 11881
f 11881 11314 11312
f 11881 11312 11882
f 11882 11312 11310
f 11882 11310 11883
f 11883 11310 11308
f 11883 11308 11884
f 11884 11308 11306
f 11884 11306 11885
f 11885 11306 11304
f 11885 11304 11886
f 11886 11304 11302
f 11886 11302 11887
f 11887 11302 11300
f 11887 11300 11888
f 11888 11300 11298
f 11888 11298 11889
f 11889 11298 11296
f 11889 11296 10739
f 10739 11296 11294
f 10739 11294 6526
f 6526 11294 6530
f 735 737 11318
f 11318 737 738
f 11318 738 11317
f 11317 738 740
f 11317 740 741
f 729 730 11890
f 11890 730 732
f 732 734 11890
f 11890 734 11878
f 11890 11878 11891
f 11891 11878 11879
f 11891 11879 11892
f 11892 11879 11880
f 11892 11880 11893
f 11893 11880 11881
f 11893 11881 11894
f 11894 11881 11882
f 11894 11882 11895
f 11895 11882 11883
f 11895 11883 11896
f 11896 11883 11884
f 11896 11884 11897
f 11897 11884 11885
f 11897 11885 11898
f 11898 11885 11886
f 11898 11886 11899
f 11899 11886 11887
f 11899 11887 11900
f 11900 11887 11888
f 11900 11888 11901
f 11901 11888 11889
f 11901 11889 10738
f 10738 11889 10739
f 10738 10739 6529
f 6529 10739 6528
f 727 729 10685
f 10685 729 11890
f 10685 11890 11902
f 11902 11890 11891
f 11902 11891 11903
f 11903 11891 11892
f 11903 11892 11904
f 11904 11892 11893
f 11904 11893 11905
f 11905 11893 11894
f 11905 11894 11906
f 11906 11894 11895
f 11906 11895 11907
f 11907 11895 11896
f 11907 11896 11908
f 11908 11896 11897
f 11908 11897 11909
f 11909 11897 11898
f 11909 11898 11910
f 11910 11898 11899
f 11910 11899 11911
f 11911 11899 11900
f 11911 11900 11912
f 11912 11900 11901
f 11912 11901 11913
f 11913 11901 10738
f 11913 10738 6524
f 6524 10738 6525
f 724 726 11342
f 11342 726 10685
f 11342 10685 11340
f 11340 10685 11902
f 11340 11902 11338
f 11338 11902 11903
f 11338 11903 11336
f 11336 11903 11904
f 11336 11904 11334
f 11334 11904 11905
f 11334 11905 11332
f 11332 11905 11906
f 11332 11906 11330
f 11330 11906 11907
f 11330 11907 11328
f 11328 11907 11908
f 11328 11908 11326
f 11326 11908 11909
f 11326 11909 11324
f 11324 11909 11910
f 11324 11910 11322
f 11322 11910 11911
f 11322 11911 11320
f 11320 11911 11912
f 11320 11912 11319
f 11319 11912 11913
f 11319 11913 6522
f 6522 11913 6524
f 718 720 11343
f 11343 720 721
f 11343 721 11342
f 11342 721 723
f 11342 723 724
f 716 718 10684
f 10684 718 11343
f 10684 11343 11914
f 11914 11343 11341
f 11914 11341 11915
f 11915 11341 11339
f 11915 11339 11916
f 11916 11339 11337
f 11916 11337 11917
f 11917 11337 11335
f 11917 11335 11918
f 11918 11335 11333
f 11918 11333 11919
f 11919 11333 11331
f 11919 11331 11920
f 11920 11331 11329
f 11920 11329 11921
f 11921 11329 11327
f 11921 11327 11922
f 11922 11327 11325
f 11922 11325 11923
f 11923 11325 11323
f 11923 11323 11924
f 11924 11323 11321
f 11924 11321 11925
f 11925 11321 10737
f 11925 10737 6517
f 6517 10737 6518
f 713 715 10683
f 10683 715 10684
f 10683 10684 11926
f 11926 10684 11914
f 11926 11914 11927
f 11927 11914 11915
f 11927 11915 11928
f 11928 11915 11916
f 11928 11916 11929
f 11929 11916 11917
f 11929 11917 11930
f 11930 11917 11918
f 11930 11918 11931
f 11931 11918 11919
f 11931 11919 11932
f 11932 11919 11920
f 11932 11920 11933
f 11933 11920 11921
f 11933 11921 11934
f 11934 11921 11922
f 11934 11922 11935
f 11935 11922 11923
f 11935 11923 11936
f 11936 11923 11924
f 11936 11924 10736
f 10736 11924 11925
f 10736 11925 6515
f 6515 11925 6517
f 706 711 11366
f 11366 711 10683
f 11366 10683 11364
f 11364 10683 11926
f 11364 11926 11362
f 11362 11926 11927
f 11362 11927 11360
f 11360 11927 11928
f 11360 11928 11358
f 11358 11928 11929
f 11358 11929 11356
f 11356 11929 11930
f 11356 11930 11354
f 11354 11930 11931
f 11354 11931 11352
f 11352 11931 11932
f 11352 11932 11350
f 11350 11932 11933
f 11350 11933 11348
f 11348 11933 11934
f 11348 11934 11346
f 11346 11934 11935
f 11346 11935 11344
f 11344 11935 11936
f 11344 11936 10735
f 10735 11936 10736
f 10735 10736 6512
f 6512 10736 6513
f 10682 709 11366
f 11366 709 707
f 11366 707 706
f 705 704 11937
f 11937 704 702
f 702 710 11937
f 11937 710 10682
f 11937 10682 11938
f 11938 10682 11365
f 11938 11365 11939
f 11939 11365 11363
f 11939 11363 11940
f 11940 11363 11361
f 11940 11361 11941
f 11941 11361 11359
f 11941 11359 11942
f 11942 11359 11357
f 11942 11357 11943
f 11943 11357 11355
f 11943 11355 11944
f 11944 11355 11353
f 11944 11353 11945
f 11945 11353 11351
f 11945 11351 11946
f 11946 11351 11349
f 11946 11349 11947
f 11947 11349 11347
f 11947 11347 11948
f 11948 11347 11345
f 11948 11345 11949
f 11949 11345 10734
f 11949 10734 6506
f 6506 10734 6507
f 699 705 10681
f 10681 705 11937
f 10681 11937 11950
f 11950 11937 11938
f 11950 11938 11951
f 11951 11938 11939
f 11951 11939 11952
f 11952 11939 11940
f 11952 11940 11953
f 11953 11940 11941
f 11953 11941 11954
f 11954 11941 11942
f 11954 11942 11955
f 11955 11942 11943
f 11955 11943 11956
f 11956 11943 11944
f 11956 11944 11957
f 11957 11944 11945
f 11957 11945 11958
f 11958 11945 11946
f 11958 11946 11959
f 11959 11946 11947
f 11959 11947 11960
f 11960 11947 11948
f 11960 11948 11961
f 11961 11948 11949
f 11961 11949 6502
f 6502 11949 6506
f 696 700 11390
f 11390 700 10681
f 11390 10681 11388
f 11388 10681 11950
f 11388 11950 11386
f 11386 11950 11951
f 11386 11951 11384
f 11384 11951 11952
f 11384 11952 11382
f 11382 11952 11953
f 11382 11953 11380
f 11380 11953 11954
f 11380 11954 11378
f 11378 11954 11955
f 11378 11955 11376
f 11376 11955 11956
f 11376 11956 11374
f 11374 11956 11957
f 11374 11957 11372
f 11372 11957 11958
f 11372 11958 11370
f 11370 11958 11959
f 11370 11959 11368
f 11368 11959 11960
f 11368 11960 10733
f 10733 11960 11961
f 10733 11961 6504
f 6504 11961 6502
f 10680 693 11390
f 11390 693 697
f 11390 697 696
f 6500 6498 11367
f 11367 6498 11962
f 11367 11962 11369
f 11369 11962 11963
f 11369 11963 11371
f 11371 11963 11964
f 11371 11964 11373
f 11373 11964 11965
f 11373 11965 11375
f 11375 11965 11966
f 11375 11966 11377
f 11377 11966 11967
f 11377 11967 11379
f 11379 11967 11968
f 11379 11968 11381
f 11381 11968 11969
f 11381 11969 11383
f 11383 11969 11970
f 11383 11970 11385
f 11385 11970 11971
f 11385 11971 11387
f 11387 11971 11972
f 11387 11972 11389
f 11389 11972 11973
f 11389 11973 10680
f 10680 11973 11974
f 10680 11974 694
f 685 691 11974
f 11974 691 690
f 11974 690 694
f 687 685 10679
f 10679 685 11974
f 10679 11974 11975
f 11975 11974 11973
f 11975 11973 11976
f 11976 11973 11972
f 11976 11972 11977
f 11977 11972 11971
f 11977 11971 11978
f 11978 11971 11970
f 11978 11970 11979
f 11979 11970 11969
f 11979 11969 11980
f 11980 11969 11968
f 11980 11968 11981
f 11981 11968 11967
f 11981 11967 11982
f 11982 11967 11966
f 11982 11966 11983
f 11983 11966 11965
f 11983 11965 11984
f 11984 11965 11964
f 11984 11964 11985
f 11985 11964 11963
f 11985 11963 10732
f 10732 11963 11962
f 10732 11962 6496
f 6496 11962 6498
f 682 688 11414
f 11414 688 10679
f 11414 10679 11412
f 11412 10679 11975
f 11412 11975 11410
f 11410 11975 11976
f 11410 11976 11408
f 11408 11976 11977
f 11408 11977 11406
f 11406 11977 11978
f 11406 11978 11404
f 11404 11978 11979
f 11404 11979 11402
f 11402 11979 11980
f 11402 11980 11400
f 11400 11980 11981
f 11400 11981 11398
f 11398 11981 11982
f 11398 11982 11396
f 11396 11982 11983
f 11396 11983 11394
f 11394 11983 11984
f 11394 11984 11392
f 11392 11984 11985
f 11392 11985 10731
f 10731 11985 10732
f 10731 10732 6492
f 6492 10732 6493
f 10678 679 11414
f 11414 679 683
f 11414 683 682
f 6489 6485 11391
f 11391 6485 10730
f 11391 10730 11393
f 11393 10730 11986
f 11393 11986 11395
f 11395 11986 11987
f 11395 11987 11397
f 11397 11987 11988
f 11397 11988 11399
f 11399 11988 11989
f 11399 11989 11401
f 11401 11989 11990
f 11401 11990 11403
f 11403 11990 11991
f 11403 11991 11405
f 11405 11991 11992
f 11405 11992 11407
f 11407 11992 11993
f 11407 11993 11409
f 11409 11993 11994
f 11409 11994 11411
f 11411 11994 11995
f 11411 11995 11413
f 11413 11995 11996
f 11413 11996 10678
f 10678 11996 11997
f 10678 11997 680
f 671 677 11997
f 11997 677 676
f 11997 676 680
f 673 671 10677
f 10677 671 11997
f 10677 11997 11998
f 11998 11997 11996
f 11998 11996 11999
f 11999 11996 11995
f 11999 11995 12000
f 12000 11995 11994
f 12000 11994 12001
f 12001 11994 11993
f 12001 11993 12002
f 12002 11993 11992
f 12002 11992 12003
f 12003 11992 11991
f 12003 11991 12004
f 12004 11991 11990
f 12004 11990 12005
f 12005 11990 11989
f 12005 11989 12006
f 12006 11989 11988
f 12006 11988 12007
f 12007 11988 11987
f 12007 11987 12008
f 12008 11987 11986
f 12008 11986 10729
f 10729 11986 10730
f 10729 10730 6488
f 6488 10730 6487
f 668 674 11439
f 11439 674 10677
f 11439 10677 11437
f 11437 10677 11998
f 11437 11998 11435
f 11435 11998 11999
f 11435 11999 11433
f 11433 11999 12000
f 11433 12000 11431
f 11431 12000 12001
f 11431 12001 11429
f 11429 12001 12002
f 11429 12002 11427
f 11427 12002 12003
f 11427 12003 11425
f 11425 12003 12004
f 11425 12004 11423
f 11423 12004 12005
f 11423 12005 11421
f 11421 12005 12006
f 11421 12006 11419
f 11419 12006 12007
f 11419 12007 11417
f 11417 12007 12008
f 11417 12008 11415
f 11415 12008 10729
f 11415 10729 6482
f 6482 10729 6483
f 10676 665 11439
f 11439 665 669
f 11439 669 668
f 662 666 10675
f 10675 666 10676
f 10675 10676 12009
f 12009 10676 11438
f 12009 11438 12010
f 12010 11438 11436
f 12010 11436 12011
f 12011 11436 11434
f 12011 11434 12012
f 12012 11434 11432
f 12012 11432 12013
f 12013 11432 11430
f 12013 11430 12014
f 12014 11430 11428
f 12014 11428 12015
f 12015 11428 11426
f 12015 11426 12016
f 12016 11426 11424
f 12016 11424 12017
f 12017 11424 11422
f 12017 11422 12018
f 12018 11422 11420
f 12018 11420 12019
f 12019 11420 11418
f 12019 11418 10728
f 10728 11418 11416
f 10728 11416 6480
f 6480 11416 6478
f 660 659 12020
f 12020 659 657
f 657 663 12020
f 12020 663 10675
f 12020 10675 10924
f 10924 10675 12009
f 10924 12009 10884
f 10884 12009 12010
f 10884 12010 10814
f 10814 12010 12011
f 10814 12011 10812
f 10812 12011 12012
f 10812 12012 10806
f 10806 12012 12013
f 10806 12013 10803
f 10803 12013 12014
f 10803 12014 10800
f 10800 12014 12015
f 10800 12015 10794
f 10794 12015 12016
f 10794 12016 10792
f 10792 12016 12017
f 10792 12017 10789
f 10789 12017 12018
f 10789 12018 10785
f 10785 12018 12019
f 10785 12019 10781
f 10781 12019 10728
f 10781 10728 6476
f 6476 10728 6477
f 654 660 12021
f 12021 660 12020
f 12021 12020 12022
f 12022 12020 10924
f 12022 10924 12023
f 12023 10924 10923
f 617 12024 12025
f 12026 12027 603
f 603 12027 12028
f 603 12028 605
f 12029 12030 12031
f 12031 12030 12032
f 12031 12032 12033
f 12034 12035 12029
f 12036 12037 12038
f 12039 12040 12041
f 12041 12040 12042
f 12041 12042 12043
f 12044 12045 12046
f 12046 12045 12039
f 12047 12048 12049
f 12049 12048 12044
f 12050 12051 12047
f 12052 12053 12054
f 12054 12053 12055
f 12054 12055 12056
f 12057 12058 12059
f 12059 12058 12052
f 7342 6604 12057
f 12057 12059 7342
f 7342 12059 12060
f 7342 12060 7340
f 603 609 12026
f 12026 609 608
f 12026 608 12061
f 12061 608 607
f 12061 607 12062
f 12062 607 12063
f 12063 607 606
f 12063 606 613
f 7340 12060 7338
f 7338 12060 12064
f 7338 12064 7337
f 7337 12064 12065
f 7337 12065 7335
f 7335 12065 12066
f 7335 12066 7333
f 613 611 12063
f 12063 611 610
f 12063 610 12067
f 12067 610 620
f 12067 620 12068
f 12068 620 619
f 12068 619 12025
f 12025 619 618
f 12025 618 617
f 7333 12066 7326
f 7326 12066 12069
f 7326 12069 7327
f 7327 12069 12070
f 7327 12070 7328
f 7328 12070 12071
f 7328 12071 7329
f 617 616 12024
f 12024 616 600
f 12024 600 12072
f 600 599 12072
f 12072 599 622
f 12072 622 12073
f 12073 622 597
f 12073 597 12074
f 7329 12071 7330
f 7330 12071 12075
f 7330 12075 7323
f 7323 12075 12076
f 7323 12076 7324
f 7324 12076 12077
f 7324 12077 7316
f 597 596 12074
f 12074 596 627
f 12074 627 12078
f 12078 627 626
f 12078 626 12079
f 7316 12077 7318
f 7318 12077 12080
f 7318 12080 7320
f 7320 12080 12081
f 7320 12081 7321
f 7321 12081 12082
f 7321 12082 7311
f 626 624 12079
f 12079 624 623
f 12079 623 12083
f 12083 623 628
f 12083 628 12084
f 628 593 12084
f 12084 593 595
f 12084 595 12085
f 595 633 12085
f 12085 633 635
f 12085 635 12086
f 7311 12082 7312
f 7312 12082 12087
f 7312 12087 7313
f 7313 12087 12088
f 7313 12088 7314
f 7314 12088 12089
f 7314 12089 7295
f 635 636 12086
f 12086 636 632
f 12086 632 12090
f 12090 632 630
f 12090 630 12091
f 630 643 12091
f 12091 643 642
f 12091 642 12092
f 7295 12089 7296
f 7296 12089 12093
f 7296 12093 7300
f 7300 12093 12094
f 7300 12094 7301
f 7301 12094 12095
f 7301 12095 7302
f 642 641 12092
f 12092 641 639
f 12092 639 12096
f 12096 639 638
f 12096 638 12097
f 638 646 12097
f 12097 646 645
f 12097 645 12098
f 7302 12095 7303
f 7303 12095 12099
f 7303 12099 7304
f 7304 12099 12100
f 7304 12100 7305
f 7305 12100 12101
f 7305 12101 7306
f 645 652 12098
f 12098 652 651
f 12098 651 12102
f 12029 12031 12034
f 12034 12031 12103
f 12034 12103 12104
f 12104 12103 12105
f 12104 12105 12106
f 12106 12105 12107
f 12106 12107 12108
f 12108 12107 12109
f 12108 12109 12110
f 12110 12109 12111
f 12110 12111 12112
f 12112 12111 12113
f 12112 12113 12114
f 12114 12113 12115
f 12114 12115 12116
f 12116 12115 12117
f 12116 12117 12118
f 12118 12117 12119
f 12118 12119 12120
f 12120 12119 12121
f 12120 12121 12122
f 12122 12121 12123
f 12122 12123 12124
f 12124 12123 12125
f 12124 12125 12126
f 12126 12125 12127
f 12126 12127 12128
f 12128 12127 12129
f 12128 12129 12130
f 12130 12129 12131
f 12130 12131 12132
f 12132 12131 12133
f 12132 12133 12134
f 12134 12133 12135
f 12134 12135 12136
f 12136 12135 12137
f 12136 12137 12138
f 12138 12137 12139
f 12138 12139 12140
f 12140 12139 12141
f 12140 12141 12142
f 12142 12141 12143
f 12142 12143 12144
f 12144 12143 12145
f 12144 12145 12146
f 12146 12145 12147
f 12146 12147 12148
f 12148 12147 12149
f 12148 12149 12150
f 12039 12041 12046
f 12046 12041 12151
f 12046 12151 12152
f 12152 12151 12153
f 12152 12153 12154
f 12154 12153 12155
f 12154 12155 12156
f 12156 12155 12157
f 12156 12157 12158
f 12158 12157 12159
f 12158 12159 12160
f 12160 12159 12161
f 12160 12161 12162
f 12162 12161 12163
f 12162 12163 12164
f 12164 12163 12165
f 12164 12165 12166
f 12166 12165 12167
f 12166 12167 12168
f 12168 12167 12169
f 12168 12169 12170
f 12170 12169 12171
f 12170 12171 12172
f 12172 12171 12173
f 12172 12173 12174
f 12174 12173 12175
f 12174 12175 12176
f 12176 12175 12177
f 12176 12177 12178
f 12178 12177 12179
f 12178 12179 12180
f 12180 12179 12181
f 12180 12181 12182
f 12182 12181 12183
f 12182 12183 12184
f 12184 12183 12185
f 12184 12185 12186
f 12186 12185 12187
f 12186 12187 12188
f 12188 12187 12189
f 12188 12189 12190
f 12190 12189 12191
f 12190 12191 12192
f 12192 12191 12193
f 12192 12193 12194
f 12194 12193 12195
f 12194 12195 12196
f 12196 12195 12197
f 12196 12197 12198
f 12047 12049 12050
f 12050 12049 12199
f 12050 12199 12200
f 12200 12199 12201
f 12200 12201 12202
f 12202 12201 12203
f 12202 12203 12204
f 12204 12203 12205
f 12204 12205 12206
f 12206 12205 12207
f 12206 12207 12208
f 12208 12207 12209
f 12208 12209 12210
f 12210 12209 12211
f 12210 12211 12212
f 12212 12211 12213
f 12212 12213 12214
f 12214 12213 12215
f 12214 12215 12216
f 12216 12215 12217
f 12216 12217 12218
f 12218 12217 12219
f 12218 12219 12220
f 12220 12219 12221
f 12220 12221 12222
f 12222 12221 12223
f 12222 12223 12224
f 12224 12223 12225
f 12224 12225 12226
f 12226 12225 12227
f 12226 12227 12228
f 12228 12227 12229
f 12228 12229 12230
f 12230 12229 12231
f 12230 12231 12232
f 12232 12231 12233
f 12232 12233 12234
f 12234 12233 12235
f 12234 12235 12236
f 12236 12235 12237
f 12236 12237 12238
f 12238 12237 12239
f 12238 12239 12240
f 12240 12239 12241
f 12240 12241 12242
f 12242 12241 12243
f 12242 12243 12244
f 12244 12243 12245
f 12244 12245 12246
f 12052 12054 12059
f 12059 12054 12247
f 12059 12247 12060
f 12060 12247 12248
f 12060 12248 12064
f 12064 12248 12249
f 12064 12249 12065
f 12065 12249 12250
f 12065 12250 12066
f 12066 12250 12251
f 12066 12251 12069
f 12069 12251 12252
f 12069 12252 12070
f 12070 12252 12253
f 12070 12253 12071
f 12071 12253 12254
f 12071 12254 12075
f 12075 12254 12255
f 12075 12255 12076
f 12076 12255 12256
f 12076 12256 12077
f 12077 12256 12257
f 12077 12257 12080
f 12080 12257 12258
f 12080 12258 12081
f 12081 12258 12259
f 12081 12259 12082
f 12082 12259 12260
f 12082 12260 12087
f 12087 12260 12261
f 12087 12261 12088
f 12088 12261 12262
f 12088 12262 12089
f 12089 12262 12263
f 12089 12263 12093
f 12093 12263 12264
f 12093 12264 12094
f 12094 12264 12265
f 12094 12265 12095
f 12095 12265 12266
f 12095 12266 12099
f 12099 12266 12267
f 12099 12267 12100
f 12100 12267 12268
f 12100 12268 12101
f 12101 12268 12269
f 12101 12269 12270
f 12270 12269 12271
f 12270 12271 12272
f 651 650 12102
f 12102 650 649
f 12102 649 12273
f 12273 649 655
f 655 654 12021
f 655 12021 12273
f 12273 12021 12022
f 12273 12022 12023
f 12023 12149 12273
f 12273 12149 12147
f 12273 12147 12102
f 12102 12147 12145
f 12102 12145 12098
f 12098 12145 12143
f 12098 12143 12097
f 12097 12143 12141
f 12097 12141 12096
f 12096 12141 12139
f 12096 12139 12092
f 12092 12139 12137
f 12092 12137 12091
f 12091 12137 12135
f 12091 12135 12090
f 12090 12135 12133
f 12090 12133 12086
f 12086 12133 12131
f 12086 12131 12085
f 12085 12131 12129
f 12085 12129 12084
f 12084 12129 12127
f 12084 12127 12083
f 12083 12127 12125
f 12083 12125 12079
f 12079 12125 12123
f 12079 12123 12078
f 12078 12123 12121
f 12078 12121 12074
f 12074 12121 12119
f 12074 12119 12073
f 12073 12119 12117
f 12073 12117 12072
f 12072 12117 12115
f 12072 12115 12024
f 12024 12115 12113
f 12024 12113 12025
f 12025 12113 12111
f 12025 12111 12068
f 12068 12111 12109
f 12068 12109 12067
f 12067 12109 12107
f 12067 12107 12063
f 12063 12107 12105
f 12063 12105 12062
f 12062 12105 12103
f 12062 12103 12061
f 12061 12103 12031
f 12061 12031 12026
f 12026 12031 12033
f 12026 12033 12027
f 12023 10923 12149
f 12149 10923 10922
f 12149 10922 12150
f 12150 10922 10883
f 12150 10883 10882
f 10882 12274 12150
f 12150 12274 12275
f 12150 12275 12148
f 12148 12275 12276
f 12148 12276 12146
f 12146 12276 12277
f 12146 12277 12144
f 12144 12277 12278
f 12144 12278 12142
f 12142 12278 12279
f 12142 12279 12140
f 12140 12279 12280
f 12140 12280 12138
f 12138 12280 12281
f 12138 12281 12136
f 12136 12281 12282
f 12136 12282 12134
f 12134 12282 12283
f 12134 12283 12132
f 12132 12283 12284
f 12132 12284 12130
f 12130 12284 12285
f 12130 12285 12128
f 12128 12285 12286
f 12128 12286 12126
f 12126 12286 12287
f 12126 12287 12124
f 12124 12287 12288
f 12124 12288 12122
f 12122 12288 12289
f 12122 12289 12120
f 12120 12289 12290
f 12120 12290 12118
f 12118 12290 12291
f 12118 12291 12116
f 12116 12291 12292
f 12116 12292 12114
f 12114 12292 12293
f 12114 12293 12112
f 12112 12293 12294
f 12112 12294 12110
f 12110 12294 12295
f 12110 12295 12108
f 12108 12295 12296
f 12108 12296 12106
f 12106 12296 12297
f 12106 12297 12104
f 12104 12297 12036
f 12104 12036 12034
f 12034 12036 12038
f 12034 12038 12035
f 10882 10813 12274
f 12274 10813 10811
f 12274 10811 10810
f 10810 12197 12274
f 12274 12197 12195
f 12274 12195 12275
f 12275 12195 12193
f 12275 12193 12276
f 12276 12193 12191
f 12276 12191 12277
f 12277 12191 12189
f 12277 12189 12278
f 12278 12189 12187
f 12278 12187 12279
f 12279 12187 12185
f 12279 12185 12280
f 12280 12185 12183
f 12280 12183 12281
f 12281 12183 12181
f 12281 12181 12282
f 12282 12181 12179
f 12282 12179 12283
f 12283 12179 12177
f 12283 12177 12284
f 12284 12177 12175
f 12284 12175 12285
f 12285 12175 12173
f 12285 12173 12286
f 12286 12173 12171
f 12286 12171 12287
f 12287 12171 12169
f 12287 12169 12288
f 12288 12169 12167
f 12288 12167 12289
f 12289 12167 12165
f 12289 12165 12290
f 12290 12165 12163
f 12290 12163 12291
f 12291 12163 12161
f 12291 12161 12292
f 12292 12161 12159
f 12292 12159 12293
f 12293 12159 12157
f 12293 12157 12294
f 12294 12157 12155
f 12294 12155 12295
f 12295 12155 12153
f 12295 12153 12296
f 12296 12153 12151
f 12296 12151 12297
f 12297 12151 12041
f 12297 12041 12036
f 12036 12041 12043
f 12036 12043 12037
f 10810 10805 12197
f 12197 10805 10804
f 12197 10804 12198
f 12198 10804 10802
f 12198 10802 10801
f 12044 12046 12049
f 12049 12046 12152
f 12049 12152 12199
f 12199 12152 12154
f 12199 12154 12201
f 12201 12154 12156
f 12201 12156 12203
f 12203 12156 12158
f 12203 12158 12205
f 12205 12158 12160
f 12205 12160 12207
f 12207 12160 12162
f 12207 12162 12209
f 12209 12162 12164
f 12209 12164 12211
f 12211 12164 12166
f 12211 12166 12213
f 12213 12166 12168
f 12213 12168 12215
f 12215 12168 12170
f 12215 12170 12217
f 12217 12170 12172
f 12217 12172 12219
f 12219 12172 12174
f 12219 12174 12221
f 12221 12174 12176
f 12221 12176 12223
f 12223 12176 12178
f 12223 12178 12225
f 12225 12178 12180
f 12225 12180 12227
f 12227 12180 12182
f 12227 12182 12229
f 12229 12182 12184
f 12229 12184 12231
f 12231 12184 12186
f 12231 12186 12233
f 12233 12186 12188
f 12233 12188 12235
f 12235 12188 12190
f 12235 12190 12237
f 12237 12190 12192
f 12237 12192 12239
f 12239 12192 12194
f 12239 12194 12241
f 12241 12194 12196
f 12241 12196 12243
f 12243 12196 12198
f 12243 12198 12245
f 12245 12198 10801
f 12245 10801 10799
f 10799 10798 12245
f 12245 10798 10793
f 12245 10793 12246
f 12246 10793 10791
f 12246 10791 10790
f 10790 12271 12246
f 12246 12271 12269
f 12246 12269 12244
f 12244 12269 12268
f 12244 12268 12242
f 12242 12268 12267
f 12242 12267 12240
f 12240 12267 12266
f 12240 12266 12238
f 12238 12266 12265
f 12238 12265 12236
f 12236 12265 12264
f 12236 12264 12234
f 12234 12264 12263
f 12234 12263 12232
f 12232 12263 12262
f 12232 12262 12230
f 12230 12262 12261
f 12230 12261 12228
f 12228 12261 12260
f 12228 12260 12226
f 12226 12260 12259
f 12226 12259 12224
f 12224 12259 12258
f 12224 12258 12222
f 12222 12258 12257
f 12222 12257 12220
f 12220 12257 12256
f 12220 12256 12218
f 12218 12256 12255
f 12218 12255 12216
f 12216 12255 12254
f 12216 12254 12214
f 12214 12254 12253
f 12214 12253 12212
f 12212 12253 12252
f 12212 12252 12210
f 12210 12252 12251
f 12210 12251 12208
f 12208 12251 12250
f 12208 12250 12206
f 12206 12250 12249
f 12206 12249 12204
f 12204 12249 12248
f 12204 12248 12202
f 12202 12248 12247
f 12202 12247 12200
f 12200 12247 12054
f 12200 12054 12050
f 12050 12054 12056
f 12050 12056 12051
f 10790 10788 12271
f 12271 10788 10787
f 12271 10787 12272
f 12272 10787 10784
f 12272 10784 10727
f 7306 12101 7307
f 7307 12101 12270
f 7307 12270 7309
f 7309 12270 12272
f 7309 12272 7308
f 7308 12272 10727
f 7308 10727 6313
f 1172 1173 12298
f 1177 1180 12299
f 12300 12301 12302
f 12302 12303 12300
f 12300 12303 12304
f 12300 12304 584
f 584 12304 12305
f 584 12305 585
f 12301 12300 12306
f 12306 12300 12307
f 12306 12307 12308
f 12309 12310 12311
f 12311 12312 12309
f 12309 12312 12313
f 12309 12313 12307
f 12307 12313 12314
f 12307 12314 12308
f 12310 12309 12315
f 12315 12309 12316
f 12315 12316 12317
f 12318 12319 12320
f 12320 12321 12318
f 12318 12321 12322
f 12318 12322 12316
f 12316 12322 12323
f 12316 12323 12317
f 12324 12325 12326
f 12326 12325 12327
f 12326 12327 12318
f 12318 12327 12328
f 12318 12328 12319
f 12329 12330 12326
f 12326 12330 12331
f 12326 12331 12324
f 12332 12333 12329
f 12329 12333 12334
f 12329 12334 12330
f 12335 12336 12337
f 12337 12336 12338
f 12337 12338 12332
f 12332 12338 12339
f 12332 12339 12333
f 12335 12337 12340
f 12340 12337 12341
f 12340 12341 12342
f 12343 12344 12345
f 12345 12344 12346
f 12345 12346 12341
f 12341 12346 12347
f 12341 12347 12342
f 12343 12345 12348
f 12348 12345 12349
f 12348 12349 12350
f 12350 12349 12351
f 12351 12349 12352
f 12351 12352 12353
f 12353 12352 12354
f 12354 12352 12355
f 12354 12355 12356
f 12356 12355 12357
f 12357 12355 6602
f 12357 6602 6601
f 6604 6607 12057
f 12057 6607 12358
f 12057 12358 12058
f 12058 12358 12359
f 12360 12053 12359
f 12359 12053 12052
f 12359 12052 12058
f 12361 12051 12362
f 12362 12051 12056
f 12362 12056 12360
f 12360 12056 12055
f 12360 12055 12053
f 12363 12048 12361
f 12361 12048 12047
f 12361 12047 12051
f 12364 12045 12363
f 12363 12045 12044
f 12363 12044 12048
f 12365 12042 12366
f 12366 12042 12040
f 12366 12040 12364
f 12364 12040 12039
f 12364 12039 12045
f 12367 12037 12365
f 12365 12037 12043
f 12365 12043 12042
f 12368 12035 12367
f 12367 12035 12038
f 12367 12038 12037
f 6606 6605 12369
f 12369 6605 12370
f 12369 12370 12371
f 12371 12370 12372
f 12371 12372 12373
f 12373 12372 12374
f 12373 12374 12375
f 12375 12374 12376
f 12375 12376 12377
f 12377 12376 12378
f 12377 12378 12379
f 12379 12378 12380
f 12379 12380 12381
f 12381 12380 12382
f 12381 12382 12383
f 12383 12382 12384
f 12383 12384 12385
f 12385 12384 12386
f 12385 12386 12387
f 12387 12386 12388
f 12387 12388 12389
f 12389 12388 12390
f 12389 12390 12391
f 6607 6606 12358
f 12358 6606 12369
f 12358 12369 12359
f 12359 12369 12371
f 12359 12371 12360
f 12360 12371 12373
f 12360 12373 12362
f 12362 12373 12375
f 12362 12375 12361
f 12361 12375 12377
f 12361 12377 12363
f 12363 12377 12379
f 12363 12379 12364
f 12364 12379 12381
f 12364 12381 12366
f 12366 12381 12383
f 12366 12383 12365
f 12365 12383 12385
f 12365 12385 12367
f 12367 12385 12387
f 12367 12387 12368
f 12368 12387 12389
f 12368 12389 12392
f 12392 12389 12391
f 12392 12391 12393
f 12027 12033 12393
f 12393 12033 12032
f 12393 12032 12392
f 12392 12032 12030
f 12392 12030 12368
f 12368 12030 12029
f 12368 12029 12035
f 12028 12027 12394
f 12394 12027 12393
f 12394 12393 12395
f 12395 12393 12391
f 12395 12391 12396
f 12396 12391 12390
f 12397 12298 12299
f 12396 12397 12395
f 12395 12397 12299
f 12395 12299 12394
f 12394 12299 1180
f 12394 1180 1179
f 1179 1184 12394
f 12394 1184 1182
f 12394 1182 12028
f 12028 1182 1181
f 12028 1181 605
f 12298 1173 12299
f 12299 1173 1175
f 12299 1175 1177
f 584 1172 12300
f 12300 1172 12298
f 12300 12298 12307
f 12307 12298 12397
f 12307 12397 12309
f 12309 12397 12396
f 12309 12396 12316
f 12316 12396 12390
f 12316 12390 12318
f 12318 12390 12388
f 12318 12388 12326
f 12326 12388 12386
f 12326 12386 12329
f 12329 12386 12384
f 12329 12384 12332
f 12332 12384 12382
f 12332 12382 12337
f 12337 12382 12380
f 12337 12380 12341
f 12341 12380 12378
f 12341 12378 12345
f 12345 12378 12376
f 12345 12376 12349
f 12349 12376 12374
f 12349 12374 12352
f 12352 12374 12372
f 12352 12372 12355
f 12355 12372 12370
f 12355 12370 6602
f 6602 12370 6605
f 6619 12354 2990
f 2990 12354 12356
f 12356 12357 2990
f 2990 12357 6601
f 2990 6601 2989
f 6618 12348 6619
f 6619 12348 12350
f 12350 12351 6619
f 6619 12351 12353
f 6619 12353 12354
f 6735 12342 6618
f 6618 12342 12347
f 6618 12347 12346
f 12346 12344 6618
f 6618 12344 12343
f 6618 12343 12348
f 12336 12335 6735
f 6735 12335 12340
f 6735 12340 12342
f 6749 12398 6735
f 6735 12398 12399
f 6735 12399 12400
f 12401 12333 12400
f 12400 12333 12339
f 12400 12339 6735
f 6735 12339 12338
f 6735 12338 12336
f 12401 12402 12333
f 12333 12402 12403
f 12333 12403 12404
f 12404 12405 12333
f 12333 12405 12406
f 12333 12406 12407
f 12408 12409 12410
f 12410 12409 12411
f 12410 12411 12412
f 12412 12411 2891
f 12412 2891 2889
f 12413 12407 12410
f 12410 12407 12414
f 12410 12414 12408
f 12415 12333 12416
f 12416 12333 12407
f 12416 12407 12417
f 12417 12407 12413
f 12415 12418 12333
f 12333 12418 12419
f 12333 12419 12334
f 12334 12419 12330
f 1126 1124 12420
f 1142 1143 12421
f 12400 12399 12422
f 12313 12312 12423
f 12310 12315 12424
f 12331 12330 12419
f 12425 12412 2889
f 12425 2889 12426
f 12427 12413 12425
f 12425 12413 12410
f 12425 12410 12412
f 12428 12416 12427
f 12427 12416 12417
f 12427 12417 12413
f 12419 12418 12428
f 12428 12418 12415
f 12428 12415 12416
f 12429 12430 12319
f 12319 12328 12429
f 12429 12328 12327
f 12429 12327 12325
f 12424 12315 12431
f 12431 12315 12317
f 12431 12317 12323
f 12323 12322 12431
f 12431 12322 12321
f 12431 12321 12430
f 12430 12321 12320
f 12430 12320 12319
f 12423 12312 12424
f 12424 12312 12311
f 12424 12311 12310
f 12432 12303 12433
f 12433 12303 12302
f 12433 12302 12301
f 12301 12306 12433
f 12433 12306 12308
f 12433 12308 12423
f 12423 12308 12314
f 12423 12314 12313
f 586 585 12305
f 12434 12402 12401
f 12400 12422 12401
f 12402 12434 12403
f 12403 12434 12435
f 12403 12435 12404
f 12414 12407 12436
f 12436 12407 12406
f 12436 12406 12435
f 12435 12406 12405
f 12435 12405 12404
f 12414 12436 12408
f 12408 12436 12437
f 12408 12437 12409
f 2890 2891 12437
f 12437 2891 12411
f 12437 12411 12409
f 12437 12438 2890
f 2890 12438 12439
f 2890 12439 2895
f 2895 12439 12440
f 2895 12440 2896
f 2896 12440 12441
f 2896 12441 2897
f 2897 12441 12442
f 2897 12442 2892
f 2892 12442 12443
f 2892 12443 2893
f 2893 12443 12444
f 2893 12444 2894
f 2894 12444 12426
f 2894 12426 2888
f 2888 12426 2889
f 12401 12422 12434
f 12434 12422 12445
f 12434 12445 12446
f 12445 12447 12446
f 12446 12447 12448
f 12446 12448 12449
f 12448 12450 12449
f 12449 12450 12451
f 12449 12451 12452
f 12429 12453 12430
f 12430 12453 12454
f 12430 12454 12431
f 12431 12454 12455
f 12431 12455 12424
f 12424 12455 12456
f 12424 12456 12423
f 12423 12456 12457
f 12423 12457 12433
f 12451 12458 12452
f 12452 12458 12459
f 12452 12459 12460
f 12459 12461 12460
f 12460 12461 12462
f 12460 12462 12463
f 12464 12465 12466
f 12466 12465 12467
f 12466 12467 12468
f 12468 12467 12469
f 12468 12469 12470
f 12470 12469 12471
f 12470 12471 12472
f 12472 12471 12473
f 12472 12473 12474
f 12474 12473 12475
f 12474 12475 12476
f 12476 12475 12477
f 12478 12479 12480
f 12480 12479 12481
f 12480 12481 12482
f 12482 12481 12483
f 12482 12483 12484
f 12484 12483 12485
f 12484 12485 12486
f 12486 12485 12487
f 12486 12487 12488
f 12488 12487 12489
f 12488 12489 12420
f 12420 12489 12490
f 12305 12304 586
f 586 12304 12303
f 586 12303 1170
f 1170 12303 12432
f 1170 12432 1169
f 1169 12432 1167
f 12476 1163 1165
f 1165 1167 12476
f 12476 1167 12432
f 12476 12432 12474
f 12474 12432 12433
f 12474 12433 12472
f 12472 12433 12457
f 12472 12457 12470
f 12470 12457 12456
f 12470 12456 12468
f 12468 12456 12455
f 12468 12455 12466
f 12466 12455 12454
f 12466 12454 12464
f 12464 12454 12453
f 1156 1158 12477
f 12477 1158 1160
f 12477 1160 12476
f 12476 1160 1162
f 12476 1162 1163
f 12465 12491 12467
f 12467 12491 12492
f 12467 12492 12469
f 12469 12492 12493
f 12469 12493 12471
f 12471 12493 12494
f 12471 12494 12473
f 12473 12494 12495
f 12473 12495 12475
f 12475 12495 12496
f 12475 12496 12477
f 12477 12496 12497
f 12477 12497 1156
f 1149 1153 12497
f 12497 1153 1152
f 12497 1152 1156
f 12491 12498 12492
f 12492 12498 12499
f 12492 12499 12493
f 12493 12499 12500
f 12493 12500 12494
f 12494 12500 12501
f 12494 12501 12495
f 12495 12501 12502
f 12495 12502 12496
f 12496 12502 12503
f 12496 12503 12497
f 12497 12503 12504
f 12497 12504 1149
f 587 1151 12504
f 12504 1151 1150
f 12504 1150 1149
f 12498 12505 12499
f 12499 12505 12506
f 12499 12506 12500
f 12500 12506 12507
f 12500 12507 12501
f 12501 12507 12508
f 12501 12508 12502
f 12502 12508 12509
f 12502 12509 12503
f 12503 12509 12510
f 12503 12510 12504
f 12504 12510 12511
f 12504 12511 587
f 1145 1147 12511
f 12511 1147 1148
f 12511 1148 587
f 1143 1145 12421
f 12421 1145 12511
f 12421 12511 12512
f 12512 12511 12510
f 12512 12510 12513
f 12513 12510 12509
f 12513 12509 12514
f 12514 12509 12508
f 12514 12508 12515
f 12515 12508 12507
f 12515 12507 12516
f 12516 12507 12506
f 12516 12506 12517
f 12517 12506 12505
f 1137 1138 12518
f 12518 1138 1140
f 12517 12519 12516
f 12516 12519 12520
f 12516 12520 12515
f 12515 12520 12521
f 12515 12521 12514
f 12514 12521 12522
f 12514 12522 12513
f 12513 12522 12523
f 12513 12523 12512
f 12512 12523 12524
f 12512 12524 12421
f 12421 12524 12518
f 12421 12518 1142
f 1142 12518 1140
f 1131 1133 12525
f 12525 1133 1135
f 12519 12526 12520
f 12520 12526 12527
f 12520 12527 12521
f 12521 12527 12528
f 12521 12528 12522
f 12522 12528 12529
f 12522 12529 12523
f 12523 12529 12530
f 12523 12530 12524
f 12524 12530 12531
f 12524 12531 12518
f 12518 12531 12525
f 12518 12525 1137
f 1137 12525 1135
f 12526 12532 12527
f 12527 12532 12533
f 12527 12533 12528
f 12528 12533 12534
f 12528 12534 12529
f 12529 12534 12535
f 12529 12535 12530
f 12530 12535 12536
f 12530 12536 12531
f 12531 12536 12537
f 12531 12537 12525
f 12525 12537 12538
f 12525 12538 1131
f 1123 1128 12538
f 12538 1128 1127
f 12538 1127 1131
f 1124 1123 12420
f 12420 1123 12538
f 12420 12538 12488
f 12488 12538 12537
f 12488 12537 12486
f 12486 12537 12536
f 12486 12536 12484
f 12484 12536 12535
f 12484 12535 12482
f 12482 12535 12534
f 12482 12534 12480
f 12480 12534 12533
f 12480 12533 12478
f 12478 12533 12532
f 1118 1116 12490
f 12490 1116 1115
f 12490 1115 12420
f 12420 1115 1122
f 12420 1122 1126
f 12479 12539 12481
f 12481 12539 12540
f 12481 12540 12483
f 12483 12540 12541
f 12483 12541 12485
f 12485 12541 12542
f 12485 12542 12487
f 12487 12542 12543
f 12487 12543 12489
f 12489 12543 12544
f 12489 12544 12490
f 12490 12544 12545
f 12490 12545 1118
f 1105 1104 12546
f 12546 1104 1109
f 1112 1114 12545
f 12545 1114 1119
f 12545 1119 1118
f 1109 1112 12546
f 12546 1112 12545
f 12546 12545 12463
f 12463 12545 12544
f 12463 12544 12460
f 12460 12544 12543
f 12460 12543 12452
f 12452 12543 12542
f 12452 12542 12449
f 12449 12542 12541
f 12449 12541 12446
f 12446 12541 12540
f 12446 12540 12434
f 12434 12540 12539
f 12434 12539 12435
f 12435 12539 12479
f 12435 12479 12436
f 12436 12479 12478
f 12436 12478 12437
f 12437 12478 12532
f 12437 12532 12438
f 12438 12532 12526
f 12438 12526 12439
f 12439 12526 12519
f 12439 12519 12440
f 12440 12519 12517
f 12440 12517 12441
f 12441 12517 12505
f 12441 12505 12442
f 12442 12505 12498
f 12442 12498 12443
f 12443 12498 12491
f 12443 12491 12444
f 12444 12491 12465
f 12444 12465 12426
f 12426 12465 12464
f 12426 12464 12425
f 12425 12464 12453
f 12425 12453 12427
f 12427 12453 12429
f 12427 12429 12428
f 12428 12429 12325
f 12428 12325 12419
f 12419 12325 12324
f 12419 12324 12331
f 12462 12547 12463
f 12463 12547 12548
f 12463 12548 12546
f 12546 12548 12549
f 12546 12549 1105
f 1105 12549 1107
f 6635 6634 12550
f 6633 6659 12459
f 6639 6637 12551
f 6639 12551 6641
f 6641 12551 12398
f 6641 12398 6749
f 6658 12462 6659
f 6659 12462 12461
f 6659 12461 12459
f 6616 1107 6617
f 6617 1107 12549
f 6617 12549 6654
f 6654 12549 12548
f 6654 12548 6655
f 6655 12548 12547
f 6655 12547 6656
f 6656 12547 12462
f 6656 12462 6657
f 6657 12462 6658
f 6636 6622 12552
f 12552 6622 6621
f 12552 6621 12550
f 12550 6621 6626
f 12550 6626 6635
f 12448 12551 12552
f 12552 12551 6637
f 12552 6637 6636
f 12448 12447 12551
f 12551 12447 12445
f 12551 12445 12398
f 12398 12445 12422
f 12398 12422 12399
f 6633 12459 6634
f 6634 12459 12458
f 6634 12458 12550
f 12550 12458 12451
f 12550 12451 12552
f 12552 12451 12450
f 12552 12450 12448
f 6331 6330 12553
f 6334 6333 12553
f 12553 6333 6332
f 12553 6332 6331
f 6337 6336 12553
f 12553 6336 6335
f 12553 6335 6334
f 6340 6339 12553
f 12553 6339 6338
f 12553 6338 6337
f 6343 6342 12553
f 12553 6342 6341
f 12553 6341 6340
f 6346 6345 12553
f 12553 6345 6344
f 12553 6344 6343
f 6349 6348 12553
f 12553 6348 6347
f 12553 6347 6346
f 6469 6472 12553
f 12553 6472 6359
f 12553 6359 6349
f 6458 6460 12553
f 12553 6460 6464
f 12553 6464 6469
f 6448 6451 12553
f 12553 6451 6453
f 12553 6453 6458
f 6436 6440 12553
f 12553 6440 6445
f 12553 6445 6448
f 6428 6431 12553
f 12553 6431 6434
f 12553 6434 6436
f 6416 6421 12553
f 12553 6421 6423
f 12553 6423 6428
f 6407 6410 12553
f 12553 6410 6412
f 12553 6412 6416
f 6397 6399 12553
f 12553 6399 6404
f 12553 6404 6407
f 6386 6388 12553
f 12553 6388 6392
f 12553 6392 6397
f 6375 6380 12553
f 12553 6380 6383
f 12553 6383 6386
f 6364 6369 12553
f 12553 6369 6371
f 12553 6371 6375
f 6597 6360 12553
f 12553 6360 6362
f 12553 6362 6364
f 6586 6588 12553
f 12553 6588 6592
f 12553 6592 6597
f 6575 6580 12553
f 12553 6580 6583
f 12553 6583 6586
f 6564 6568 12553
f 12553 6568 6573
f 12553 6573 6575
f 6556 6559 12553
f 12553 6559 6562
f 12553 6562 6564
f 6544 6549 12553
f 12553 6549 6551
f 12553 6551 6556
f 6535 6538 12553
f 12553 6538 6540
f 12553 6540 6544
f 6523 6527 12553
f 12553 6527 6532
f 12553 6532 6535
f 6514 6516 12553
f 12553 6516 6521
f 12553 6521 6523
f 6503 6508 12553
f 12553 6508 6511
f 12553 6511 6514
f 6494 6497 12553
f 12553 6497 6499
f 12553 6499 6503
f 6484 6486 12553
f 12553 6486 6491
f 12553 6491 6494
f 6315 6475 12553
f 12553 6475 6479
f 12553 6479 6484
f 6318 6317 12553
f 12553 6317 6316
f 12553 6316 6315
f 6321 6320 12553
f 12553 6320 6319
f 12553 6319 6318
f 6324 6323 12553
f 12553 6323 6322
f 12553 6322 6321
f 6327 6326 12553
f 12553 6326 6325
f 12553 6325 6324
f 6330 6329 12553
f 12553 6329 6328
f 12553 6328 6327
f 6745 12554 6746
f 6746 12554 12555
f 6746 12555 6747
f 6747 12555 12556
f 6747 12556 6736
f 6736 12556 12557
f 6736 12557 6737
f 6737 12557 12558
f 6737 12558 6738
f 6738 12558 12559
f 6738 12559 6750
f 6750 12559 12560
f 6750 12560 6751
f 6751 12560 12561
f 6751 12561 6687
f 6687 12561 12562
f 6687 12562 6688
f 6688 12562 12563
f 6688 12563 6689
f 6689 12563 12564
f 6689 12564 6647
f 6647 12564 12565
f 6647 12565 6648
f 6648 12565 12566
f 6648 12566 6752
f 6752 12566 12567
f 6752 12567 6753
f 6753 12567 12568
f 6753 12568 6754
f 6754 12568 12569
f 6754 12569 6771
f 6771 12569 12570
f 6771 12570 6770
f 6770 12570 12571
f 6770 12571 6769
f 6769 12571 12572
f 6769 12572 6768
f 6768 12572 12573
f 6768 12573 6774
f 6774 12573 12574
f 6774 12574 6773
f 6773 12574 12575
f 6773 12575 6772
f 6772 12575 12576
f 6772 12576 6765
f 6765 12576 12577
f 6765 12577 6764
f 6764 12577 12578
f 6764 12578 6763
f 6763 12578 12579
f 6763 12579 6762
f 6762 12579 12580
f 6762 12580 6761
f 6761 12580 12581
f 6761 12581 6715
f 6715 12581 12582
f 6715 12582 6714
f 6714 12582 12583
f 6714 12583 6713
f 6713 12583 12584
f 6713 12584 6712
f 6712 12584 12585
f 6712 12585 6711
f 6711 12585 12586
f 6711 12586 6741
f 6741 12586 12587
f 6741 12587 6740
f 6740 12587 12588
f 6740 12588 6739
f 6739 12588 12589
f 6739 12589 6719
f 6719 12589 12590
f 6719 12590 6718
f 6718 12590 12591
f 6718 12591 6717
f 6717 12591 12592
f 6717 12592 6716
f 6716 12592 12593
f 6716 12593 6692
f 6692 12593 12594
f 6692 12594 6691
f 6691 12594 12595
f 6691 12595 6690
f 6690 12595 12596
f 6690 12596 6642
f 6642 12596 12597
f 6642 12597 6643
f 6643 12597 12598
f 6643 12598 6630
f 6630 12598 12599
f 6630 12599 6650
f 6650 12599 12600
f 6650 12600 6693
f 6693 12600 12601
f 6693 12601 6694
f 6694 12601 12602
f 6694 12602 6695
f 6695 12602 12603
f 6695 12603 6696
f 6696 12603 12604
f 6696 12604 6675
f 6675 12604 12605
f 6675 12605 6676
f 6676 12605 12606
f 6676 12606 6677
f 6677 12606 12607
f 6677 12607 6678
f 6678 12607 12608
f 6678 12608 6697
f 6697 12608 12609
f 6697 12609 6698
f 6698 12609 12610
f 6698 12610 6699
f 6699 12610 12611
f 6699 12611 6700
f 6700 12611 12612
f 6700 12612 6701
f 6701 12612 12613
f 6701 12613 6702
f 6702 12613 12614
f 6702 12614 6703
f 6703 12614 12615
f 6703 12615 6721
f 6721 12615 12616
f 6721 12616 6720
f 6720 12616 12617
f 6720 12617 6708
f 6708 12617 12618
f 6708 12618 6707
f 6707 12618 12619
f 6707 12619 6706
f 6706 12619 12620
f 6706 12620 6705
f 6705 12620 12621
f 6705 12621 6704
f 6704 12621 12622
f 6704 12622 6743
f 6743 12622 12623
f 6743 12623 6742
f 6742 12623 12624
f 6742 12624 6723
f 6723 12624 12625
f 6723 12625 6722
f 6722 12625 12626
f 6722 12626 6710
f 6710 12626 12627
f 6710 12627 6709
f 6709 12627 12628
f 6709 12628 6667
f 6667 12628 12629
f 6667 12629 6668
f 6668 12629 12630
f 6668 12630 6679
f 6679 12630 12631
f 6679 12631 6680
f 6680 12631 12632
f 6680 12632 6620
f 6620 12632 12633
f 6620 12633 6755
f 6755 12633 12634
f 6755 12634 6733
f 6733 12634 12635
f 6733 12635 6734
f 6734 12635 12636
f 6734 12636 6756
f 6756 12636 12637
f 6756 12637 6757
f 6757 12637 12638
f 6757 12638 6744
f 6744 12638 12639
f 6744 12639 6745
f 6745 12639 12554
f 12596 12595 12640
f 12596 12640 12597
f 12600 12599 12640
f 12640 12599 12598
f 12640 12598 12597
f 12603 12602 12640
f 12640 12602 12601
f 12640 12601 12600
f 12606 12605 12640
f 12640 12605 12604
f 12640 12604 12603
f 12609 12608 12640
f 12640 12608 12607
f 12640 12607 12606
f 12612 12611 12640
f 12640 12611 12610
f 12640 12610 12609
f 12615 12614 12640
f 12640 12614 12613
f 12640 12613 12612
f 12618 12617 12640
f 12640 12617 12616
f 12640 12616 12615
f 12621 12620 12640
f 12640 12620 12619
f 12640 12619 12618
f 12624 12623 12640
f 12640 12623 12622
f 12640 12622 12621
f 12627 12626 12640
f 12640 12626 12625
f 12640 12625 12624
f 12630 12629 12640
f 12640 12629 12628
f 12640 12628 12627
f 12633 12632 12640
f 12640 12632 12631
f 12640 12631 12630
f 12636 12635 12640
f 12640 12635 12634
f 12640 12634 12633
f 12639 12638 12640
f 12640 12638 12637
f 12640 12637 12636
f 12556 12555 12640
f 12640 12555 12554
f 12640 12554 12639
f 12559 12558 12640
f 12640 12558 12557
f 12640 12557 12556
f 12562 12561 12640
f 12640 12561 12560
f 12640 12560 12559
f 12565 12564 12640
f 12640 12564 12563
f 12640 12563 12562
f 12568 12567 12640
f 12640 12567 12566
f 12640 12566 12565
f 12571 12570 12640
f 12640 12570 12569
f 12640 12569 12568
f 12574 12573 12640
f 12640 12573 12572
f 12640 12572 12571
f 12577 12576 12640
f 12640 12576 12575
f 12640 12575 12574
f 12580 12579 12640
f 12640 12579 12578
f 12640 12578 12577
f 12583 12582 12640
f 12640 12582 12581
f 12640 12581 12580
f 12586 12585 12640
f 12640 12585 12584
f 12640 12584 12583
f 12589 12588 12640
f 12640 12588 12587
f 12640 12587 12586
f 12592 12591 12640
f 12640 12591 12590
f 12640 12590 12589
f 12595 12594 12640
f 12640 12594 12593
f 12640 12593 12592
