# Converted from resources/robots/b2z1_pcl/meshes/visual/z1_Link00.dae
# DAE scene node transforms intentionally not baked; URDF link frames already define mesh placement.
o geom_0_prim_0
v -0.0503370091 0.0405590497 0.0275515299
v -0.0503089987 0.0409015417 0.0273755696
v -0.0514495894 0.0411758386 0.0274018608
v -0.0538512394 0.0399417207 0.0279654209
v -0.0538582802 0.0396472216 0.0279899798
v -0.0527097508 0.0394457504 0.0279750209
v -0.0549999401 0.0396978185 0.0279951002
v -0.0549999401 0.0395378992 0.0279990397
v -0.0538652502 0.0393688604 0.02799326
v -0.0549999401 0.0406002402 0.0278456807
v -0.0549999401 0.0404085517 0.0278887693
v -0.0538440906 0.0402520783 0.0279155299
v -0.0549999401 0.0430562384 0.0258310996
v -0.0549999401 0.0429636203 0.0259874407
v -0.0543910787 0.0429447182 0.0260142591
v -0.0549999401 0.0432450101 0.0254051592
v -0.0549999401 0.0431181714 0.0256913304
v -0.0543876812 0.0431033894 0.0257136207
v -0.0511802398 0.0435916707 0.00744920922
v -0.0513259098 0.0435906611 0.00744920922
v -0.0513846204 0.0435830913 0.00823181774
v -0.0367177688 0.00188392401 0.0253949706
v -0.0371183082 0 0.0254752599
v -0.0351303816 0 0.02511709
v -0.0407923386 0 0.0262037497
v -0.0390905701 0 0.0258652493
v -0.0386715494 0.00187808205 0.0257637501
v -0.0443071686 0 0.02696901
v -0.0429967009 0 0.0266836807
v -0.0425307713 0.00186264503 0.0265707299
v -0.0501043685 0.00185006799 0.0278624203
v -0.0495752618 0.00370240211 0.0278236195
v -0.050316751 0.00371444202 0.0278803706
v -0.0516476594 0.00375383999 0.02795076
v -0.0510042906 0.00373125006 0.0279214308
v -0.0500075184 0.0074711442 0.0278473403
v -0.0506811105 0.00751602603 0.0278822109
v -0.0513228104 0.0075750351 0.0279086791
v -0.0522515699 0.00378382206 0.0279709604
v -0.0540691614 0.00399315311 0.0279958807
v -0.0536237918 0.00799012091 0.0279825293
v -0.0543072186 0.00809252169 0.0279959403
v -0.0535622202 0.00392955495 0.0279896799
v -0.0531092212 0.00385755301 0.0279844906
v -0.0522974692 0.00772190001 0.0279391408
v -0.0437925383 0.0223259293 0.0273589399
v -0.0429211818 0.0222970806 0.0272639897
v -0.0419727489 0.0260473397 0.0271848999
v -0.0470297895 0.0226870105 0.0276347902
v -0.0478141904 0.0228611194 0.0276901703
v -0.04866945 0.0190142896 0.0277256891
v -0.0542283617 0.0245127007 0.0280089304
v -0.0549999401 0.0246068798 0.0279999897
v -0.0549999401 0.0204734802 0.0279999897
v -0.052081041 0.0324075185 0.0278609302
v -0.0530478917 0.0326097608 0.0279084407
v -0.0531476699 0.0305552408 0.02795141
v -0.0317257009 0.00705176499 0.0247181598
v -0.0316054784 0.007563591 0.0247207806
v -0.0316905305 0.00756317284 0.0247343704
v -0.0305361096 0.0111262202 0.0247016493
v -0.0304526594 0.0113468701 0.0246971808
v -0.0309898201 0.0113440696 0.0247835498
v -0.000717805 0.0324920416 0.0220110398
v 0 0.0324999616 0.0219999496
v 0 0.0325723812 0.0219999496
v -0.0231342893 0.0338541195 0.0243257806
v -0.02375721 0.0339181982 0.0244168006
v -0.0243170802 0.0302149002 0.0243817493
v -0.0341244899 0.0336384699 0.0260648094
v -0.0339524113 0.033822231 0.0260391198
v -0.0350560509 0.0337501094 0.0262394492
v -0.0455415808 0.0370337293 0.0275483709
v -0.0457249805 0.0370672308 0.0275641605
v -0.0457841717 0.0367721915 0.0275515895
v -0.0485912487 0.0386929512 0.0277869701
v -0.0493782684 0.0389377996 0.0278372709
v -0.049411051 0.0386456214 0.0278476998
v -0.0485912487 0.0425526984 0.0231449008
v -0.0485912487 0.0425558612 0.0231041294
v -0.0487035513 0.0425888784 0.0231053196
v -0.0485912487 0.0426349603 0.0221111104
v -0.0485912487 0.0426898003 0.0214319807
v -0.0490696989 0.0428104885 0.0214346591
v -0.0485912487 0.0431818292 0.0144598996
v -0.0485912487 0.0432236083 0.0136698997
v -0.0486494303 0.043235179 0.0136698997
v -0.0485913083 0.0433200486 0.01184713
v -0.0485913083 0.0433859192 0.0106013399
v -0.0490223095 0.0434228107 0.0105993701
v -0.0533466898 0.04356765 0.00744920922
v -0.0549999401 0.0434999391 0.0074489112
v -0.0549999401 0.0434999391 0.00899785664
v -0.0532279611 0.0435637198 0.00900769234
v -0.0514434502 0.0435702801 0.0090175271
v -0.0531694219 0.0435749218 0.00744920922
v -0.0516922399 0.0435880385 0.00744920922
v -0.0530909188 0.0435781404 0.00744920922
v -0.0485912487 0.0435069203 0.00744885206
v -0.0492706783 0.0435406491 0.00744920922
v -0.0485908315 0.043490231 0.0081807971
v -0.0495944582 0.0435389802 0.00823861267
v -0.0485908315 0.0434888005 0.0082424283
v -0.0496823713 0.0435203314 0.00902724173
v -0.0485910103 0.0434625708 0.00891286135
v -0.0485907719 0.0434876606 0.0082928529
v -0.0485913083 0.0433976613 0.0103799095
v -0.0485913083 0.043421559 0.00992786791
v -0.049856361 0.0434759818 0.0105953198
v -0.0485912487 0.043432951 0.00964611676
v -0.0485910103 0.0434577391 0.0090332618
v -0.0485913083 0.0432812497 0.0125808101
v -0.0494147502 0.0433188602 0.0136672799
v -0.0485912487 0.0432487689 0.0131943198
v -0.0485912487 0.0432423912 0.0133145396
v -0.0485912487 0.0431605503 0.0147817098
v -0.0490788184 0.043117281 0.0167380497
v -0.0485912487 0.0430637486 0.0162480399
v -0.0485912487 0.0430313312 0.0167388897
v -0.0488433801 0.0428727195 0.0198695008
v -0.0485912487 0.0429422185 0.0180880409
v -0.0485912487 0.0429668985 0.0177145004
v -0.0485912487 0.0427532084 0.0206460897
v -0.0485912487 0.04281592 0.0198691394
v -0.0485912487 0.0428306982 0.0196860395
v -0.0485912487 0.0428685509 0.0191808902
v -0.0485912487 0.0428811908 0.0190125108
v -0.0485912487 0.0426005684 0.0225371104
v -0.0485912487 0.0426196381 0.0223009493
v -0.0492925607 0.0427526198 0.0231116991
v -0.0485912487 0.0424888693 0.0239425804
v -0.0485912487 0.0425104983 0.0236967802
v -0.048825141 0.0425575301 0.0240326505
v -0.0485912487 0.0425196812 0.0235764291
v -0.0485911891 0.0424466096 0.0243071895
v -0.0485911891 0.0424660407 0.0242017508
v -0.0485911891 0.0424812399 0.0240290705
v -0.0488860011 0.0425028801 0.0245472696
v -0.0485911891 0.0424035713 0.0245409608
v -0.0485911891 0.0423801504 0.0246684495
v -0.0489168689 0.0424466692 0.0248215701
v -0.0485911891 0.0423775911 0.0246822797
v -0.0485912487 0.0422241017 0.0251732394
v -0.0485912487 0.042247951 0.02509683
v -0.0489480384 0.0423668586 0.0251064301
v -0.0485912487 0.0422722101 0.0250193402
v -0.0485911891 0.0423366986 0.02481311
v -0.0485911891 0.0421395786 0.0253611803
v -0.0489795804 0.0422605798 0.0254011098
v -0.0485911295 0.0421276614 0.0253875796
v -0.0485910699 0.0420118496 0.0256451294
v -0.0490114614 0.042124331 0.0257030707
v -0.0485910103 0.0419850908 0.02568876
v -0.0485910103 0.0419826508 0.0256928205
v -0.0490437709 0.0419539213 0.0260077696
v -0.0485909507 0.0418012105 0.0259891693
v -0.0485909507 0.0417908393 0.0260061007
v -0.0490764901 0.0417463705 0.0263098404
v -0.0485908911 0.0417401716 0.0260888897
v -0.0485910103 0.0413288996 0.0265747309
v -0.0485909507 0.0414213501 0.0264855605
v -0.0491096303 0.0415022895 0.0266012494
v -0.0485909507 0.0415709615 0.0262994096
v -0.0485909507 0.0415816307 0.0262861792
v -0.0485910699 0.0410645604 0.0268297102
v -0.0491430685 0.0412234589 0.0268735792
v -0.0485910699 0.041053649 0.0268402006
v -0.0491768084 0.0409156606 0.0271192696
v -0.0485911891 0.0407713018 0.0270506702
v -0.0485910699 0.0410438105 0.0268475395
v -0.0485912487 0.0403847583 0.0272915307
v -0.0485912487 0.040462371 0.0272477791
v -0.0492106602 0.0405876599 0.0273312293
v -0.0485912487 0.0406447612 0.0271449592
v -0.0485911891 0.0407235585 0.0270862505
v -0.0485912487 0.0402045213 0.0273931604
v -0.0492445789 0.0402482115 0.0275046192
v -0.0485912487 0.0401384793 0.0274200402
v -0.0485912487 0.0396879315 0.0275973007
v -0.0485912487 0.0397356115 0.0275844894
v -0.049278371 0.0399063788 0.0276397392
v -0.0485912487 0.0397981405 0.0275589805
v -0.0485912487 0.0400369689 0.0274615195
v -0.0485912487 0.03944581 0.0276622102
v -0.0493119285 0.039570801 0.0277377907
v -0.0485912487 0.0393427014 0.0276898704
v -0.0485912487 0.0392399989 0.0277174097
v -0.0493452512 0.0392467901 0.0278021004
v -0.0485912487 0.0390866883 0.0277382694
v -0.0485912487 0.0387220904 0.0277866106
v -0.0485912487 0.0387330018 0.02778643
v -0.0485912487 0.0390099809 0.0277487002
v -0.0485912487 0.038170211 0.0277892891
v -0.0494759008 0.0381033383 0.0278184395
v -0.0485912487 0.0379865691 0.0277761798
v -0.0485912487 0.0378297493 0.0277649704
v -0.0485912487 0.0382231995 0.0277930405
v -0.0485912487 0.0383539684 0.0277913809
v -0.0485912487 0.0383914709 0.0277909003
v -0.0485912487 0.0376192294 0.0277499501
v -0.0496040508 0.0370486304 0.0277575795
v -0.0484989807 0.0376014113 0.0277439896
v -0.0486211106 0.0367455408 0.0276996996
v -0.0476990305 0.0364281498 0.0276401006
v -0.0468414389 0.0361004993 0.0275794193
v -0.0474098884 0.0373915397 0.0276736598
v -0.0475385115 0.0374163315 0.0276819393
v -0.0457573496 0.0370731913 0.0275669005
v -0.0463030301 0.0371782705 0.0276021902
v -0.0466537997 0.0371216498 0.0276223999
v -0.0466323383 0.0372417495 0.0276234094
v -0.0470651314 0.0373251401 0.0276513603
v -0.0447807312 0.0368946716 0.0274828002
v -0.0448643491 0.0364280902 0.0274802409
v -0.0447676703 0.0368922316 0.0274816696
v -0.0441630408 0.0367817208 0.0274295807
v -0.0438484512 0.0366495214 0.0274082404
v -0.044020649 0.0367557406 0.0274173599
v -0.0438340902 0.0367215797 0.0274012592
v -0.0434613191 0.0366534516 0.0273691397
v -0.0429614708 0.0364254713 0.0273288395
v -0.0429323316 0.0365606509 0.0273180008
v -0.0425027609 0.036485251 0.0272765104
v -0.0420892797 0.0362523086 0.0272477195
v -0.0420544706 0.0364065692 0.0272331797
v -0.0403439887 0.0361184403 0.0270612203
v -0.0409874916 0.03622609 0.0271263104
v -0.0412250087 0.0361229107 0.0271632001
v -0.0411949083 0.0362607799 0.0271472894
v -0.0418148004 0.0363644883 0.0272099897
v -0.0394835398 0.0359744392 0.0269741993
v -0.0394940302 0.0359762311 0.0269752108
v -0.0394945703 0.0359737799 0.0269755702
v -0.0403618217 0.0360318385 0.0270731393
v -0.0379704796 0.0357328616 0.0267844703
v -0.0386530086 0.0358418785 0.02687007
v -0.0387432501 0.0354654714 0.0268860403
v -0.0387226902 0.0358529612 0.0268787704
v -0.0394757316 0.0359731913 0.0269731805
v -0.0378181897 0.0357089005 0.0267636105
v -0.0378656313 0.035716109 0.0267712995
v -0.0378770195 0.0354647003 0.0267687403
v -0.0370226987 0.0354870483 0.0266395193
v -0.0370017812 0.0355839692 0.0266304594
v -0.0372217186 0.0356176384 0.0266663395
v -0.0361654684 0.0354560614 0.0264940802
v -0.0362123214 0.0354632102 0.0265017096
v -0.0366362296 0.0336323306 0.0265315697
v -0.0364740416 0.0355032608 0.0265443902
v -0.0365536809 0.0355154201 0.0265573803
v -0.0347242318 0.0352474414 0.0262243096
v -0.03498381 0.0352838598 0.0262721106
v -0.0353110991 0.0353297517 0.0263323691
v -0.0357284509 0.0353914388 0.0264114104
v -0.0339018106 0.0338762887 0.02603155
v -0.0338886902 0.0338886902 0.0260295197
v -0.0336664282 0.034099631 0.0259957295
v -0.0334186517 0.0343084298 0.0259575807
v -0.0334937498 0.0350747108 0.0259977505
v -0.0331587084 0.0345024392 0.0259171091
v -0.0329957604 0.0346124694 0.0258916002
v -0.0332245193 0.0350369215 0.0259481594
v -0.0333470106 0.0343618914 0.0259464309
v -0.0333715603 0.0343435407 0.0259502493
v -0.0327494703 0.0347622596 0.0258527901
v -0.0327168107 0.0347821116 0.0258476697
v -0.0324435197 0.0349273607 0.0258043408
v -0.0351997018 0.0317923985 0.0262074992
v -0.0350840017 0.0320981108 0.0261952206
v -0.0354999788 0.0299999695 0.0262083393
v -0.0354902707 0.0303260591 0.0262166802
v -0.0359002911 0.0299684405 0.02628332
v -0.0354616009 0.0306487605 0.0262213293
v -0.0354513489 0.0307176095 0.0262215696
v -0.0352637693 0.0315944515 0.0262134001
v -0.0354141518 0.0309678297 0.0262222793
v -0.0353481695 0.0312831886 0.0262196604
v -0.0353103206 0.0314228497 0.0262168609
v -0.0350811407 0.032104671 0.0261948705
v -0.0349513814 0.0323944613 0.0261794906
v -0.0348020718 0.0326812789 0.0261604693
v -0.0347616002 0.0327490494 0.0261550508
v -0.03463649 0.0329585001 0.0261382405
v -0.03445464 0.0332258306 0.0261127893
v -0.0343629085 0.0333477817 0.02609968
v -0.0343340002 0.0333861709 0.0260955002
v -0.0348506495 0.0274084806 0.0260058008
v -0.03498834 0.0276834294 0.0260398891
v -0.0375975892 0.0224425104 0.0263777301
v -0.0350795314 0.0278959796 0.0260635
v -0.0351156518 0.0279800799 0.0260728505
v -0.0352251492 0.0282832291 0.0261027794
v -0.0353121087 0.0285766106 0.0261282902
v -0.0353168808 0.0285926405 0.0261296593
v -0.0353768393 0.0288426206 0.0261487905
v -0.0354356095 0.0291611496 0.0261698291
v -0.0354506895 0.0292823296 0.0261765104
v -0.0354754888 0.0294816401 0.0261874106
v -0.0354964696 0.0298038106 0.0262014791
v -0.0354998708 0.0299938899 0.0262081008
v -0.0341896415 0.0225875303 0.0257362705
v -0.0335358307 0.0257902704 0.0257172491
v -0.0359002911 0.0225226805 0.0260512196
v -0.0336850211 0.0259170495 0.0257477704
v -0.0338882804 0.0261117201 0.0257902704
v -0.0339198709 0.0261419397 0.0257968307
v -0.0341401584 0.0263793394 0.0258439109
v -0.0343457982 0.0266289692 0.0258889701
v -0.0343627892 0.0266522095 0.0258927904
v -0.0345366485 0.0268905107 0.0259319507
v -0.0346801803 0.0271111093 0.0259650908
v -0.0347610116 0.0272511803 0.0259843394
v -0.0348432586 0.0273936894 0.0260039493
v -0.0317951404 0.0248011891 0.0253829304
v -0.0320300981 0.0248902403 0.0254260302
v -0.0324661694 0.0226370003 0.0254318696
v -0.0321024582 0.0249177199 0.0254392605
v -0.0321047306 0.0249186698 0.0254396703
v -0.0324001908 0.0250513498 0.0254948698
v -0.0326883085 0.0252017304 0.0255496502
v -0.032749109 0.0252382103 0.0255613904
v -0.0329665504 0.0253686309 0.0256035309
v -0.0332347713 0.0255517904 0.0256564599
v -0.0333473012 0.0256376807 0.02567905
v -0.0334355794 0.0257049706 0.0256967507
v -0.0303929392 0.0245161001 0.0251379609
v -0.0306186602 0.0245348793 0.0251759794
v -0.0307305995 0.0226708595 0.0251371209
v -0.0307175498 0.0245490596 0.0251929704
v -0.0309409406 0.0245810691 0.0252312999
v -0.0312594101 0.0246460997 0.0252869707
v -0.0314228497 0.0246897303 0.0253160503
v -0.0315737091 0.0247299597 0.0253429394
v -0.0285770204 0.02468949 0.0248491708
v -0.0286413394 0.0246728603 0.0248588901
v -0.0289835297 0.0226891004 0.0248526894
v -0.0287827794 0.0246363804 0.0248801094
v -0.0291019008 0.0245737992 0.0249291603
v -0.0292823892 0.0245493595 0.0249574706
v -0.02942371 0.0245302301 0.0249796491
v -0.02974784 0.0245057307 0.0250314996
v -0.0299637299 0.0245000701 0.02506667
v -0.0299999695 0.0245009605 0.0250726305
v -0.0302928593 0.0245077591 0.0251210891
v -0.0281535909 0.0248191301 0.0247865301
v -0.0284665804 0.0247180406 0.0248325393
v -0.0272254907 0.0226918403 0.02458
v -0.0268210098 0.0255117398 0.0246031806
v -0.0270925108 0.0253312495 0.0246387701
v -0.0272511803 0.0252388697 0.0246601105
v -0.0273730103 0.0251678806 0.0246764999
v -0.0276622102 0.0250215493 0.0247164294
v -0.0278958604 0.0249201003 0.02474951
v -0.0279598795 0.0248923302 0.0247585699
v -0.0245065596 0.0302694403 0.0244100001
v -0.0245056096 0.0302188303 0.0244083405
v -0.02450132 0.0299999695 0.0244011208
v -0.0245002508 0.0299443603 0.0243992805
v -0.0245130602 0.0296208207 0.0243913494
v -0.0245448295 0.0292991307 0.0243861005
v -0.0245475098 0.0292821508 0.0243859794
v -0.0245954897 0.0289794803 0.0243836008
v -0.0254571401 0.0226789098 0.0243203007
v -0.02464181 0.0287588798 0.0243834797
v -0.0246896707 0.02857708 0.0243847296
v -0.0247251894 0.0284421407 0.0243856907
v -0.0248265192 0.0281330291 0.0243907496
v -0.0249201003 0.0278958008 0.0243968908
v -0.0249453709 0.0278317891 0.0243985597
v -0.0250815097 0.0275384709 0.0244091097
v -0.0252348091 0.0272534396 0.0244225208
v -0.0252369009 0.02724999 0.0244226996
v -0.0253450796 0.0270704608 0.0244328305
v -0.0255278908 0.02679836 0.0244510695
v -0.0256383996 0.0266532302 0.0244627502
v -0.0257251207 0.0265393797 0.0244719293
v -0.0259364191 0.0262935702 0.0244954191
v -0.0261120703 0.02611202 0.0245157406
v -0.0261614304 0.0260609891 0.0245214701
v -0.0263999701 0.0258418303 0.0245501902
v -0.0265588704 0.0257093906 0.0245698597
v -0.0266531706 0.02563834 0.0245818403
v -0.0267615896 0.0255565606 0.0245956108
v -0.0251548793 0.0326028988 0.0245724302
v -0.0250409208 0.0323785506 0.0245493595
v -0.0252389293 0.0327487513 0.0245889407
v -0.0249193292 0.0321044289 0.0245237295
v -0.0249082409 0.0320793912 0.0245214105
v -0.0247942209 0.0317749307 0.0244960096
v -0.0246987902 0.0314654708 0.0244731903
v -0.0246884804 0.0314232111 0.0244704392
v -0.0246218406 0.0311514698 0.0244528595
v -0.0245634299 0.0308330599 0.02443498
v -0.0245482903 0.0307177305 0.0244293809
v -0.0245323107 0.0305957701 0.02442348
v -0.0261225104 0.0339006707 0.0247526709
v -0.0253971796 0.0340157114 0.0246494394
v -0.0262007695 0.0339769088 0.0247665606
v -0.0262537505 0.0340246484 0.0247758608
v -0.0261112396 0.0338887498 0.0247506406
v -0.0258971993 0.0336629711 0.0247121993
v -0.02568781 0.0334139392 0.0246740505
v -0.0256379806 0.0333470702 0.0246647503
v -0.0255284291 0.0332000218 0.0246443693
v -0.0244312193 0.0339874588 0.0245152693
v -0.02549427 0.0331540704 0.0246380493
v -0.0253165308 0.0328836404 0.0246041995
v -0.0264420491 0.0341941714 0.0248090606
v -0.0253847204 0.0340854488 0.0246545598
v -0.0244899299 0.0339934789 0.0245238505
v -0.0221117698 0.0337631702 0.0241901204
v -0.0226191208 0.0301680509 0.0241486393
v -0.0214602891 0.0337052308 0.0241036993
v -0.0209123995 0.0300999805 0.0239253603
v -0.0204523206 0.0336155817 0.0239699408
v -0.0164082609 0.03330338 0.0234748106
v -0.0170939509 0.0333546884 0.0235573594
v -0.0174754206 0.0299000107 0.0235071108
v -0.0184186604 0.0334539413 0.0237169191
v -0.0191975795 0.0300105792 0.0237116199
v -0.0187785607 0.0334808789 0.0237602498
v -0.0197864696 0.0335563384 0.0238816105
v -0.0153986197 0.0332422182 0.0233643595
v -0.0157465898 0.0297681596 0.0233115498
v -0.0153665496 0.0332403108 0.0233608391
v -0.0140116801 0.0296149794 0.0231245104
v -0.0136956498 0.0331390984 0.0231779795
v -0.0120772701 0.0301726405 0.0229450408
v -0.0119855404 0.0330499411 0.0229992196
v -0.0122179296 0.0301143508 0.0229573809
v -0.01230573 0.0330645405 0.0230314694
v -0.0128073599 0.0298700295 0.0230091792
v -0.0120292297 0.0301911794 0.0229408704
v -0.0113407299 0.0304571297 0.0228812005
v -0.0119098397 0.0330464803 0.0229915902
v -0.00616460992 0.0328321382 0.0224264208
v -0.0068355198 0.0328523517 0.0224910304
v -0.00686007692 0.0323181115 0.0224978905
v -0.00855380204 0.032904081 0.0226565506
v -0.00857186317 0.0325931311 0.02265721
v -0.00923758745 0.0329246484 0.0227224194
v -0.0102803102 0.0328428708 0.0228239205
v -0.0102710696 0.0329717882 0.0228265505
v -0.00549089909 0.0328118801 0.0223615095
v -0.00535941077 0.03205394 0.0223670006
v -0.00525760604 0.0320701487 0.0223578792
v -0.00511974003 0.0328049585 0.0223273002
v -0.00514334394 0.0320883915 0.0223476198
v -0.00473797321 0.0327978097 0.0222920701
v -0.00476264907 0.0321491286 0.0223135296
v -0.00406259205 0.0322450288 0.0222499892
v -0.00341230608 0.032537099 0.0221810304
v -0.00351369311 0.0323082805 0.0221992098
v -0.00341671705 0.0323194191 0.0221902095
v -0.00308746006 0.03277063 0.0221429393
v -0.00340741803 0.0327743217 0.0221705399
v -0.0035923121 0.0327764712 0.0221864507
v -0.00269275904 0.0323882103 0.0221242309
v -0.00268870499 0.0323885605 0.0221238099
v -0.00255328394 0.0327644907 0.0220969301
v -0.00255852891 0.0323980413 0.0221133791
v -0.00231736805 0.0327617489 0.0220765993
v -0.00219070911 0.0327603184 0.0220656898
v -0.0020245309 0.0324368402 0.0220705792
v -0.00175940897 0.0324507914 0.0220551398
v -0.00170081796 0.0327574015 0.0220429301
v -0.00170338096 0.0324537084 0.0220519304
v -0.00154560804 0.0327564403 0.0220356509
v -0.00138461497 0.032470461 0.0220333897
v -0.000960204983 0.0327529311 0.0220084097
v -0.000850863988 0.0324877501 0.0220155101
v -0.000849963981 0.0327526294 0.0220074598
v -0.000773166015 0.0327524506 0.0220067501
v -0.000701131008 0.0327522717 0.0220061503
v 0 0.0327505395 0.0219999496
v -0.00337213208 0.0323245488 0.0221861005
v -0.00691348314 0.0317560993 0.0225041509
v -0.00688534882 0.0317619406 0.0225016996
v -0.00618940499 0.0319051705 0.0224407297
v -0.00547200395 0.032035999 0.02237707
v -0.00833314564 0.0314134918 0.0226259809
v -0.00756662991 0.0316068493 0.0225605909
v -0.00698637916 0.0317394696 0.0225104596
v -0.00984895229 0.0309717003 0.0227541309
v -0.0098400712 0.0309743807 0.02275341
v -0.0104027903 0.0310475808 0.0228065792
v -0.00909399893 0.0312017202 0.0226904098
v -0.00869399309 0.0313130617 0.0226565506
v -0.00864392519 0.0313270018 0.0226523206
v -0.0105979396 0.0307234507 0.0228176694
v -0.0104207303 0.0307821594 0.0228026509
v -0.0103766304 0.0307968203 0.0227988902
v -0.0129455896 0.0330936909 0.0230959598
v -0.0134950196 0.0295652095 0.0230705701
v -0.01353091 0.0295493007 0.0230737291
v -0.0136458203 0.0294950008 0.0230841599
v -0.0156605802 0.0284779593 0.0232694708
v -0.0152221899 0.0287120901 0.0232286397
v -0.0149576599 0.0288533494 0.0232039597
v -0.0142477099 0.0292104408 0.0231387001
v -0.0140387397 0.0293092094 0.0231197402
v -0.0174900796 0.0273923799 0.02344363
v -0.0170444809 0.0276718698 0.0234007798
v -0.0167542007 0.0278457403 0.0233730599
v -0.0163562205 0.0280842092 0.0233350899
v -0.0158878509 0.0283492804 0.0232909303
v -0.0194408204 0.0260441806 0.0236341301
v -0.0188022796 0.0265088603 0.0235712491
v -0.0196667891 0.0258712098 0.0236565396
v -0.0182379391 0.0268989801 0.0235161092
v -0.0181520507 0.0269583408 0.0235077105
v -0.0177714806 0.0272079092 0.0234708693
v -0.0212854706 0.0245596096 0.0238184296
v -0.0210385304 0.0247684699 0.0237935707
v -0.02068251 0.0250695292 0.0237577502
v -0.0200676303 0.0255643707 0.0236962996
v -0.0196984392 0.0258470103 0.0236597005
v -0.0233110096 0.0226426106 0.0240253806
v -0.0230213404 0.0229404494 0.0239954498
v -0.0224550292 0.0234950706 0.0239373408
v -0.0223492291 0.0235937797 0.0239265505
v -0.0218763296 0.0240347907 0.0238783304
v -0.0216820799 0.0242073499 0.0238585994
v -0.0235945508 0.0223499499 0.0240545794
v -0.0235751793 0.0223709308 0.0240526106
v -0.0236790702 0.0226503592 0.0240743104
v -0.0258712098 0.0196667891 0.0242906194
v -0.0255684797 0.0200624391 0.0242593195
v -0.0251596496 0.0205727797 0.0242170002
v -0.02476882 0.0210388806 0.0241764095
v -0.0246444903 0.0211871192 0.0241634808
v -0.0241162702 0.0217865091 0.0241086408
v -0.0237446409 0.0221878793 0.02407014
v -0.0283400994 0.0159042403 0.0245354101
v -0.0282058101 0.0161456391 0.0245230701
v -0.0278471094 0.0167550407 0.0244890396
v -0.0278066304 0.0168236997 0.0244851708
v -0.0273913108 0.0174918696 0.02444469
v -0.0269597694 0.0181499105 0.0244017206
v -0.0268989205 0.0182379391 0.0243955199
v -0.0265120808 0.0187977497 0.0243563596
v -0.0260483604 0.0194353405 0.0243088603
v -0.0259283092 0.01959222 0.0242965203
v -0.0303077605 0.0151258698 0.0248175208
v -0.0285885893 0.0154576804 0.0245581791
v -0.0287122093 0.0152222496 0.0245690309
v -0.0299544893 0.0126085198 0.0246676803
v -0.0301902201 0.0120288702 0.02468252
v -0.0302539393 0.0118721696 0.0246865693
v -0.0296381097 0.0133352801 0.0246452596
v -0.0294940397 0.01364535 0.0246341191
v -0.0293049198 0.0140524497 0.0246194601
v -0.0289549809 0.0147598898 0.0245903693
v -0.0287594702 0.01513224 0.0245731995
v -0.0311345998 0.00932115316 0.0247214399
v -0.0309011899 0.0100680497 0.0247160699
v -0.0315468907 0.00781303644 0.0247220304
v -0.0313498303 0.00856947806 0.0247232895
v -0.0313140713 0.00869429111 0.0247229896
v -0.0307965204 0.0103765102 0.0247122608
v -0.0306494795 0.0108100101 0.0247068405
v -0.0322577283 0.00396060897 0.0246856194
v -0.0321524702 0.00474005891 0.0246961098
v -0.0324076414 0.00378239108 0.0247037392
v -0.032069739 0.00525754597 0.0247020107
v -0.0320286117 0.00551521685 0.0247049909
v -0.0318863317 0.00628578616 0.0247123204
v -0.03173941 0.00698637916 0.0247176792
v -0.0324507318 0.00175940897 0.0246599894
v -0.0324425586 0.00189185096 0.0246608797
v -0.0327704512 0.00189149298 0.0247132108
v -0.0324120484 0.00238907291 0.0246640407
v -0.0323443413 0.00317698694 0.0246739909
v -0.0323071405 0.0035135739 0.0246789996
v -0.0322774015 0.00378268911 0.0246829893
v -0.0331323706 0 0.0247639995
v -0.0324999616 0 0.0246578995
v -0.0324901305 0.000800449983 0.0246581994
v -0.0324607417 0.00159686804 0.0246589705
v -0.0549999401 0.0287620407 0.0279999897
v -0.0541264415 0.0286458097 0.0279995203
v -0.0549999401 0.0308490302 0.0279999897
v -0.0540766083 0.0307145696 0.0279793702
v -0.0549999401 0.0329429507 0.0279999897
v -0.0540270805 0.03278815 0.0279548708
v -0.0511382818 0.0321830511 0.0278125405
v -0.0522308312 0.0303710606 0.0279171392
v -0.0532479808 0.0285038892 0.02798694
v -0.0533497892 0.0264499709 0.0280032102
v -0.0534527786 0.0243951604 0.0280047599
v -0.0516913496 0.0157533195 0.0278925207
v -0.0510931611 0.0197254401 0.0278834701
v -0.0517134592 0.0198873803 0.0279171392
v -0.0505027696 0.0237185899 0.0278888308
v -0.0512091517 0.0239131991 0.0279295407
v -0.0502107702 0.0257154703 0.0278775003
v -0.0509598814 0.0259264093 0.0279212501
v -0.0499210916 0.0277079307 0.0278451405
v -0.0507128201 0.0279350802 0.0278913304
v -0.0513364002 0.0301638208 0.0278773308
v -0.0523813292 0.0283366404 0.0279637501
v -0.0515354201 0.0281459596 0.0279313903
v -0.0525336787 0.0262970906 0.0279857498
v -0.0517365895 0.0261215493 0.0279579107
v -0.0526877008 0.0242546704 0.0279890802
v -0.0519397184 0.02409303 0.0279634502
v -0.0529997312 0.0201729499 0.0279704295
v -0.0523509905 0.0200374704 0.0279464703
v -0.0533156283 0.01611262 0.0279636309
v -0.0527674519 0.0160034802 0.0279429499
v -0.0502243005 0.0319391415 0.0277634207
v -0.0504680797 0.0299366694 0.0278329197
v -0.0493475087 0.0316796303 0.02771377
v -0.049633801 0.0296932999 0.0277848803
v -0.0485252701 0.0314081311 0.0276638195
v -0.0488517806 0.0294375997 0.0277341008
v -0.0477619097 0.0311280396 0.0276138093
v -0.0481265113 0.0291728899 0.0276814606
v -0.0469863415 0.0308406297 0.0275637507
v -0.0477803312 0.0269631092 0.0276841503
v -0.0461310111 0.0305573903 0.0275133196
v -0.0461500809 0.0265082102 0.0275674406
v -0.0469689891 0.0267114006 0.0276272204
v -0.047390461 0.0247868206 0.0276647806
v -0.0452772304 0.0303283297 0.0274596792
v -0.044434011 0.0301503502 0.0274020396
v -0.0435946509 0.0300143305 0.02733922
v -0.0453350507 0.02635061 0.0275045596
v -0.0427520201 0.0299142506 0.0272693001
v -0.0445173308 0.0262304507 0.0274372604
v -0.0462424718 0.0225523096 0.0275757909
v -0.0479195118 0.0188706499 0.0276805703
v -0.0495365784 0.0151852304 0.0277721807
v -0.0418984182 0.0298457108 0.0271900203
v -0.0436894186 0.0261425897 0.0273633506
v -0.0454458483 0.0224501397 0.0275118891
v -0.0471598506 0.0187599007 0.0276305601
v -0.0488217995 0.0150704896 0.0277355295
v -0.0504194386 0.01137417 0.0278363805
v -0.054332491 0.0203917604 0.0279982593
v -0.0549999401 0.0163577702 0.0279999897
v -0.0544378087 0.0162902996 0.0279927794
v -0.0549999401 0.00816506054 0.0279999897
v -0.0536617003 0.0202914998 0.0279880706
v -0.0538730584 0.0162085798 0.0279804394
v -0.0531907007 0.0119913798 0.0279610697
v -0.0549999401 0 0.0279999897
v -0.0547658801 0 0.0279999897
v -0.0515074693 0.0115925604 0.0278831702
v -0.0518854782 0.0116998497 0.0279042702
v -0.0507358313 0.0154744303 0.0278344098
v -0.0511931702 0.0156165296 0.0278640892
v -0.0499777682 0.0193764493 0.0278073493
v -0.0505127907 0.0195543095 0.0278465096
v -0.0492300913 0.0232981406 0.0277937595
v -0.0498414002 0.0235125404 0.0278430507
v -0.0488598906 0.0252601504 0.0277755801
v -0.0495091602 0.0254922509 0.0278283898
v -0.0484920703 0.0272190496 0.0277400594
v -0.0491793118 0.0274680797 0.0277941804
v -0.0529221818 0.0078638792 0.0279620197
v -0.0522996709 0.01180303 0.0279247109
v -0.0410283804 0.02980428 0.0270990096
v -0.0428431593 0.02608281 0.02728015
v -0.0446320698 0.0223758798 0.0274406001
v -0.0463840887 0.0186763406 0.0275743008
v -0.0480902083 0.0149824601 0.0276927892
v -0.0497407913 0.0112872096 0.0278051998
v -0.0490378104 0.0112206899 0.0277670007
v -0.0473356806 0.0149162998 0.0276424792
v -0.0455842018 0.0186161306 0.0275090896
v -0.0481799208 0.0250213705 0.0277207401
v -0.0485818312 0.0230775997 0.0277424399
v -0.0493932292 0.01919364 0.0277669393
v -0.0502160117 0.0153284604 0.02780395
v -0.0510538816 0.0114823496 0.0278610494
v -0.0519115888 0.00764757302 0.0279263202
v -0.0527928993 0.00382000208 0.0279807393
v -0.0492969118 0.00743764592 0.0278020501
v -0.0485405885 0.007413744 0.0277427398
v -0.0475336313 0.0111352801 0.0276606604
v -0.0457231402 0.0148380296 0.0275069997
v -0.0467136987 0.0111123296 0.0275857393
v -0.0477278791 0.00739848614 0.0276654903
v -0.0487686284 0.00369465305 0.0277469102
v -0.0492994115 0.00184577703 0.0277894698
v -0.0513694212 0 0.0279397909
v -0.0506435595 0 0.0278992597
v -0.0515143201 0.00186455203 0.0279515907
v -0.0527269207 0.00189101603 0.02799212
v -0.0520331785 0 0.0279709604
v -0.0545282885 0 0.0279999897
v -0.0539450012 0 0.0279999897
v -0.0535240695 0.00192779303 0.0279986206
v -0.05370038 0 0.0279999897
v -0.0532432683 0.00190895703 0.0279980805
v -0.0534999892 0 0.0279999897
v -0.0532105491 0 0.0279942695
v -0.0447510406 0.0185762607 0.0274317209
v -0.0465497896 0.01486897 0.0275816899
v -0.0483049713 0.0111708604 0.0277198497
v -0.0321355388 0.0151086999 0.0251202509
v -0.0367161594 0.0187564995 0.0260843001
v -0.0349659882 0.0188138392 0.0257554594
v -0.0332028791 0.0188581906 0.0254383609
v -0.0401890203 0.0186058208 0.0267776195
v -0.0410974585 0.0148681402 0.0268339496
v -0.0393216014 0.0149353696 0.0264647007
v -0.0420259796 0.0111388499 0.0268785302
v -0.0402110815 0.0111913001 0.0264880005
v -0.0429804288 0.00741922809 0.0269091707
v -0.0411272012 0.00745522883 0.0264926497
v -0.0420235917 0.0222870093 0.0271531902
v -0.0438783094 0.01855403 0.0273391008
v -0.0429723784 0.0185474101 0.0272284709
v -0.0448489711 0.01482129 0.0274150297
v -0.0439346395 0.0148171699 0.0273028594
v -0.0458384715 0.0111001702 0.0274913907
v -0.0449159704 0.0110976603 0.02737456
v -0.0468519293 0.00739055779 0.0275662504
v -0.0459216796 0.00738924695 0.0274420902
v -0.0478915498 0.00369089795 0.0276462398
v -0.0469529592 0.00369054009 0.0275183301
v -0.0484211408 0.00184392906 0.0276920702
v -0.0474777818 0.00184398796 0.0275668502
v -0.048964791 0 0.0277503692
v -0.0480151698 0 0.0276305005
v -0.0475603901 0 0.0275730994
v -0.0449471399 0 0.0271010902
v -0.0444487296 0.00185328699 0.0270112101
v -0.0439562201 0.00370740797 0.0269601308
v -0.0420619212 0.0037257669 0.0265228096
v -0.0415933691 0.00558984187 0.0265012905
v -0.0470108315 0 0.0274816696
v -0.0459732413 0 0.0273090601
v -0.0454605184 0.00184893596 0.0272220299
v -0.0458762608 0 0.0272928998
v -0.0339515209 0.01508098 0.0254362207
v -0.0357549712 0.0150429001 0.0257652402
v -0.0365633294 0.0112760002 0.0257581398
v -0.0382461511 0.00375616504 0.0257295892
v -0.0373965986 0.00751411915 0.0257306006
v -0.0392704606 0.00748717692 0.0260998607
v -0.0383946784 0.0112375598 0.0261141006
v -0.03754526 0.0149943205 0.0261078402
v -0.0372410417 0 0.0254973695
v -0.0410518013 0 0.0262602493
v -0.0406097695 0.00187092996 0.0261547491
v -0.0401630886 0.00374215795 0.0261128508
v -0.0397157595 0.00561416103 0.0260993205
v -0.0343662985 0.00377643108 0.0250286404
v -0.0336048603 0.00755226612 0.02505075
v -0.0328598619 0.0113293501 0.0250939708
v -0.0504806004 0 0.0278901402
v -0.0498450883 0 0.02783232
v -0.0490178391 0 0.0277571008
v -0.0495066009 0.0435469709 0.00744920922
v -0.0500381514 0.0435611606 0.00744920922
v -0.0541465208 0.0435326584 0.0105737401
v -0.0549999401 0.0434999391 0.0105692102
v -0.0549999401 0.0434999391 0.0136501696
v -0.0501943193 0.0433895513 0.0136647196
v -0.0507032201 0.0435159802 0.01059114
v -0.050985571 0.0434463583 0.0136621501
v -0.0497925207 0.0432195589 0.0167363193
v -0.0505193397 0.04330796 0.0167346001
v -0.0512569509 0.0433813892 0.0167327505
v -0.0542563088 0.0435107313 0.0167244002
v -0.0549999401 0.0434999391 0.0167220794
v -0.0543076918 0.0435014889 0.0198732
v -0.0549999401 0.0434999391 0.0194363501
v -0.0515181385 0.0433208309 0.0198721793
v -0.0508325584 0.043231599 0.0198716503
v -0.0501570702 0.0431264006 0.0198709909
v -0.0494934916 0.0430064201 0.0198702794
v -0.0516452082 0.0432913788 0.0214571301
v -0.05098515 0.0431945883 0.0214500409
v -0.0503347516 0.0430813991 0.0214440208
v -0.0496958382 0.042952951 0.0214388892
v -0.0498949811 0.04290336 0.0231189709
v -0.0505095683 0.0430397913 0.0231270697
v -0.0511350594 0.0431605503 0.0231361892
v -0.0517700315 0.0432645008 0.0231463909
v -0.0549999401 0.0434999391 0.0198731404
v -0.0549999401 0.0434999391 0.02151048
v -0.0543325506 0.0434969589 0.0214971304
v -0.0549999401 0.0434999391 0.0232158806
v -0.0543568693 0.0434929095 0.0231992006
v -0.0549999401 0.0434999391 0.0239999797
v -0.0543687902 0.0434900485 0.0240969006
v -0.0549999401 0.0434934385 0.0241026208
v -0.0549999401 0.0434677005 0.0245070402
v -0.0543748103 0.0434467085 0.0245890599
v -0.0549999401 0.0434529707 0.0245856605
v -0.0549999401 0.0434044003 0.0248457696
v -0.0543779097 0.0433977209 0.02485382
v -0.0513038598 0.0428561494 0.0254388396
v -0.0512843095 0.0429614708 0.0251414105
v -0.0518942401 0.0430715606 0.0251446906
v -0.0518782102 0.0431491695 0.0248584691
v -0.0524988696 0.0432404205 0.0248606205
v -0.0524863005 0.0432931706 0.0245872103
v -0.0531150587 0.0433644615 0.0245893504
v -0.05246168 0.0433406197 0.0240772907
v -0.0530967116 0.0434105285 0.0240840893
v -0.0524126217 0.0433505103 0.0231576506
v -0.0530601703 0.0434178114 0.0231701694
v -0.0523131415 0.0433708392 0.02146524
v -0.0529858992 0.0434320495 0.0214745905
v -0.0522116981 0.0433931313 0.0198726002
v -0.0529102013 0.0434477888 0.0198729597
v -0.0520030782 0.043438971 0.0167307798
v -0.0527542196 0.0434799716 0.0167287495
v -0.0517859384 0.04348832 0.0136596505
v -0.0525916815 0.0435148999 0.0136572104
v -0.0515598617 0.0435419008 0.0105869099
v -0.0524222814 0.0435534082 0.0105826203
v -0.0506834909 0.0428347513 0.02513575
v -0.0506611392 0.0429138504 0.0248485804
v -0.0512651205 0.0430399105 0.0248544198
v -0.0518315397 0.0432515703 0.0240702592
v -0.0518624112 0.0432028696 0.0245835092
v -0.0512090884 0.0431443416 0.0240630507
v -0.0512461588 0.0430943891 0.0245785695
v -0.0505958684 0.0430201218 0.0240557101
v -0.0506390892 0.0429689214 0.0245723706
v -0.0499933884 0.0428799912 0.0240481403
v -0.0500426814 0.0428275988 0.0245649796
v -0.0494027697 0.0427253209 0.0240404606
v -0.0549999401 0.0433344208 0.0251170304
v -0.0543843508 0.0432294011 0.0254176799
v -0.0537713692 0.0430637486 0.0257284604
v -0.0537782311 0.0429015085 0.0260320306
v -0.0531641208 0.0428397618 0.0260444209
v -0.0531745516 0.0426379405 0.0263492409
v -0.0525655709 0.042555511 0.0263576508
v -0.0525797606 0.042314291 0.0266542397
v -0.0549999401 0.0427780114 0.0262866598
v -0.0549999401 0.0425551496 0.0265784208
v -0.0543981716 0.0425213501 0.0266084597
v -0.0549999401 0.0425287411 0.0266129896
v -0.0549999401 0.0422991514 0.0268566608
v -0.0544018708 0.0422574803 0.0268865209
v -0.0549999401 0.0422921106 0.02686405
v -0.05440557 0.0419640504 0.0271415692
v -0.0549999401 0.0420083888 0.0271074101
v -0.0549999401 0.0419038497 0.0271970592
v -0.0544093214 0.041648861 0.0273662806
v -0.0537852012 0.0427031517 0.0263351705
v -0.0531852804 0.0423997603 0.0266452394
v -0.0525941812 0.0420376584 0.0269330107
v -0.0532859489 0.0435503684 0.0105782105
v -0.0542026088 0.0435210392 0.0136524402
v -0.0533986017 0.0435259305 0.0136547601
v -0.0535065494 0.0435040481 0.0167266708
v -0.0536100194 0.0434840284 0.0198731404
v -0.0536601506 0.0434742495 0.0214852002
v -0.0537092611 0.0434654318 0.0231839996
v -0.0537334606 0.0434605405 0.0240906402
v -0.0537455603 0.0434158407 0.0245900694
v -0.0537518188 0.0433654115 0.0248584095
v -0.0531244799 0.0433127806 0.0248606205
v -0.05313408 0.0432377383 0.0251433793
v -0.0525116883 0.0431639515 0.0251454096
v -0.0525248013 0.0430608913 0.0254409295
v -0.0519105718 0.0429672003 0.0254414603
v -0.0519272014 0.0428324305 0.0257461593
v -0.0513237081 0.0427203104 0.0257440191
v -0.0513439104 0.0425499007 0.0260525905
v -0.0537582003 0.0432920381 0.0251384303
v -0.0531438515 0.0431362912 0.0254369304
v -0.0525380895 0.0429275595 0.0257444307
v -0.0519441292 0.0426632091 0.0260543805
v -0.0513644814 0.0423419997 0.0263590198
v -0.0549999401 0.0433828793 0.0249606892
v -0.0543811284 0.0433263108 0.0251303297
v -0.0537647605 0.0431926809 0.0254292395
v -0.0531538688 0.04300493 0.0257386491
v -0.0525516793 0.0427600704 0.0260517504
v -0.0519613586 0.0424566194 0.0263608005
v -0.0519789383 0.0422131382 0.0266574603
v -0.051385399 0.0420970917 0.0266553108
v -0.0519968197 0.0419341885 0.0269358102
v -0.0514066182 0.0418167114 0.0269330107
v -0.0520148799 0.0416256115 0.02718818
v -0.0514280684 0.0415067002 0.0271843001
v -0.0520330593 0.0412959382 0.0274072196
v -0.0500931107 0.0426925384 0.0251278803
v -0.0507061407 0.0427287817 0.0254332405
v -0.0501188003 0.0425861999 0.0254249498
v -0.0507291518 0.0425923392 0.0257384107
v -0.0501449108 0.0424494706 0.02572947
v -0.0507525206 0.0424212217 0.0260466896
v -0.0501713715 0.0422781706 0.0260370299
v -0.0507762991 0.0422126018 0.0263526402
v -0.0501982495 0.0420693718 0.0263420902
v -0.050800439 0.0419669114 0.0266482793
v -0.0502255484 0.0418236814 0.0266366005
v -0.0508249402 0.0416858718 0.0269249603
v -0.0502531491 0.0415427014 0.0269120894
v -0.0508496687 0.0413753912 0.0271749999
v -0.0502809808 0.0412324592 0.0271608196
v -0.0500677191 0.0427720509 0.0248410106
v -0.0494579598 0.0426717885 0.0245565698
v -0.0549999401 0.0434999391 0.0155221196
v -0.0549999401 0.0416992307 0.0273315292
v -0.0549999401 0.0414810702 0.0274748802
v -0.0544130802 0.041320201 0.0275554005
v -0.0549999401 0.0413786694 0.0275253598
v -0.0549999401 0.0410526283 0.0276860502
v -0.0544168316 0.0409867093 0.0277081691
v -0.0537996814 0.0421997309 0.0269087497
v -0.0538070686 0.0419009291 0.0271634404
v -0.0538145788 0.04158061 0.0273867194
v -0.0538220406 0.0412471183 0.0275733992
v -0.0538294911 0.0409093387 0.0277230702
v -0.0549999401 0.042815201 0.0262379609
v -0.0543945991 0.0427507684 0.0263150297
v -0.0537924096 0.0424689017 0.0266300999
v -0.0531961918 0.0421263501 0.0269241296
v -0.0532072112 0.0418233201 0.0271781608
v -0.0526087806 0.0417313501 0.0271863304
v -0.0532183014 0.0414988287 0.0274000708
v -0.0526234508 0.0414038301 0.0274067502
v -0.0532294512 0.0411615893 0.0275845509
v -0.0526381694 0.0410637818 0.0275892597
v -0.0549999401 0.0398130417 0.0279827695
v -0.0549999401 0.0401042588 0.0279515907
v -0.0549999401 0.040151 0.0279465895
v -0.0503926799 0.0398752615 0.0277886298
v -0.0503649712 0.0402139984 0.0276887994
v -0.051492691 0.0404872186 0.0277211592
v -0.0514712296 0.0408329293 0.0275807902
v -0.0504474007 0.0392361805 0.0278905593
v -0.0504201613 0.0395481512 0.0278543793
v -0.0515351817 0.0398191214 0.0278924704
v -0.0515140817 0.0401474796 0.0278239194
v -0.0526673086 0.040382199 0.0278407298
v -0.0526528284 0.0407202803 0.0277336203
v -0.0549999401 0.0410487615 0.0276878998
v -0.0549999401 0.0407253988 0.0278016906
v -0.0538368188 0.0405758582 0.0278361402
v -0.0526816808 0.0400548503 0.0279137399
v -0.0515560508 0.0395057686 0.0279312693
v -0.0504742786 0.0389413796 0.0279017594
v -0.0549999401 0.0394999906 0.0279999897
v -0.0549999401 0.0392723605 0.0279999897
v -0.053872101 0.0391010009 0.0279852692
v -0.0549999401 0.0382120609 0.0279999897
v -0.0538992211 0.0380346105 0.0279598199
v -0.0549999401 0.037154071 0.0279999897
v -0.0539256893 0.0369750187 0.0279447399
v -0.0527372882 0.0388971493 0.0279582106
v -0.0516174398 0.038661059 0.0279204194
v -0.05279129 0.0378287397 0.0279149394
v -0.0516976118 0.0375941917 0.0278658196
v -0.0526958108 0.0397419296 0.0279570799
v -0.0515766703 0.0392095409 0.0279449206
v -0.0505275689 0.0383950993 0.0278732702
v -0.0506326482 0.0373329483 0.0278131906
v -0.0549999401 0.0350444317 0.0279999897
v -0.0539770685 0.0348728187 0.0279389601
v -0.0528960787 0.0357204005 0.0278786998
v -0.0529471599 0.034677919 0.0278802495
v -0.0518537089 0.0354949199 0.0278210007
v -0.0519301817 0.0344592296 0.0278236195
v -0.0508380495 0.0352463685 0.0277649704
v -0.0509389006 0.0342181884 0.0277688503
v -0.0498554707 0.0349776708 0.0277103707
v -0.0499791987 0.0339577086 0.0277156793
v -0.0489148982 0.0346927606 0.0276570302
v -0.04905992 0.0336814485 0.0276638791
v -0.0480326414 0.0343955085 0.0276047494
v -0.0481976196 0.0333932005 0.0276132803
v -0.0472124182 0.0340894386 0.0275533106
v -0.0473962985 0.033096429 0.0275635701
v -0.0465889499 0.0327922106 0.0275144503
v -0.0528441593 0.0367702805 0.0278893709
v -0.0517762788 0.0365393683 0.0278338697
v -0.0507360101 0.0362839587 0.0277783796
v -0.0497304685 0.0360074006 0.0277229492
v -0.0487687513 0.0357135497 0.0276676398
v -0.0478665195 0.0354065783 0.0276124403
v -0.0470275804 0.0350902602 0.0275574904
v -0.0459871814 0.0357643291 0.0275182705
v -0.0461888313 0.0347658917 0.0275028292
v -0.0450778008 0.0354331098 0.0274567604
v -0.0452900492 0.0344461687 0.0274479892
v -0.0444018804 0.034187071 0.02739048
v -0.0439596698 0.0361487195 0.0274073407
v -0.0430758484 0.0359301493 0.0273328405
v -0.0422059782 0.0357615314 0.0272558909
v -0.0413432084 0.0356358811 0.0271747708
v -0.0404805504 0.0355478488 0.0270873308
v -0.0396128818 0.0354921818 0.0269916598
v -0.040085189 0.0335857794 0.0270208698
v -0.0409541689 0.0336351916 0.0271114707
v -0.0418143198 0.0337149985 0.0271916892
v -0.0426708981 0.03382992 0.0272636395
v -0.0435311086 0.0339850709 0.0273293201
v -0.0401459895 0.0297871791 0.0269943401
v -0.0392107889 0.0335634314 0.0269182902
v -0.0457116887 0.0324921012 0.0274652205
v -0.0448405705 0.0322492085 0.0274128895
v -0.0439833887 0.0320603214 0.0273561999
v -0.0431334302 0.0319156013 0.0272942707
v -0.0422835909 0.031808909 0.02722531
v -0.0414265282 0.031735301 0.0271471106
v -0.040556781 0.0316904113 0.0270575806
v -0.0464833304 0.00184559799 0.0274101999
v -0.0449556112 0.00369930197 0.0271708295
v -0.0459670983 0.00369340112 0.0273598991
v -0.0439584814 0.00740432693 0.0271095596
v -0.0449506007 0.00739401486 0.0272899196
v -0.042984359 0.0111179296 0.0270648506
v -0.043958541 0.0111038601 0.0272325203
v -0.0420355685 0.0148417298 0.0270094797
v -0.0429913402 0.0148243904 0.02716773
v -0.0411064588 0.0185746495 0.0269452892
v -0.0420433804 0.0185547993 0.0270973407
v -0.0401908085 0.0223153196 0.0268764999
v -0.0411089584 0.0222936794 0.0270241406
v -0.0383760892 0.0298158508 0.0267383996
v -0.0392583609 0.0297917705 0.0268742405
v -0.0374729596 0.033589121 0.0266720001
v -0.0383369885 0.0335654616 0.0268020593
v -0.03845286 0.0186862294 0.0264255404
v -0.0392940603 0.0223504901 0.0267150402
v -0.0375192687 0.0298573896 0.02659088
v -0.0518684909 0 0.0279676896
v -0.0347180292 0.0113066398 0.0254185107
v -0.0355074406 0.00753587391 0.0253819209
v -0.0363131687 0.00376766897 0.0253694002
v -0.0347501598 0.00188839401 0.0250456892
v -0.0336803086 0 0.0248559099
v -0.0461888313 -0.0347658917 0.0275028292
v -0.0452900492 -0.0344461687 0.0274479892
v -0.0457116887 -0.0324921012 0.0274652205
v -0.0448405705 -0.0322492085 0.0274128895
v -0.0472124182 -0.0340894386 0.0275533106
v -0.0470275804 -0.0350902602 0.0275574904
v -0.0478665195 -0.0354065783 0.0276124403
v -0.0528960787 -0.0357204005 0.0278786998
v -0.0529471599 -0.034677919 0.0278802495
v -0.0539770685 -0.0348728187 0.0279389601
v -0.0519301817 -0.0344592296 0.0278236195
v -0.0549999401 -0.0350444317 0.0279999897
v -0.0549999401 -0.037154071 0.0279999897
v -0.0549999401 -0.0410445891 0.0276896898
v -0.0549999401 -0.0410526283 0.0276859906
v -0.0544168316 -0.0409867093 0.0277081691
v -0.0549999401 -0.0413110815 0.0275664907
v -0.0549999401 -0.0413799807 0.0275282804
v -0.0544130802 -0.041320201 0.0275554005
v -0.0519968197 -0.0419341885 0.0269358102
v -0.0525941812 -0.0420376584 0.0269330107
v -0.0525797606 -0.042314291 0.0266542397
v -0.0507061407 -0.0427287817 0.0254332405
v -0.0501188003 -0.0425861999 0.0254249498
v -0.0501449108 -0.0424494706 0.02572947
v -0.0507762991 -0.0422126018 0.0263526402
v -0.0513644814 -0.0423419997 0.0263590198
v -0.0513439104 -0.0425499007 0.0260525905
v -0.0549999401 -0.04340332 0.0248739105
v -0.0549999401 -0.0434084497 0.0248465501
v -0.0543779097 -0.0433977209 0.02485382
v -0.0492994115 -0.00184577703 0.0277894698
v -0.0328598619 -0.0113293501 0.0250939708
v -0.0309898201 -0.0113440696 0.0247835498
v -0.0316905305 -0.00756317284 0.0247343704
v -0.0454605184 -0.00184893596 0.0272220299
v -0.0474777818 -0.00184398796 0.0275668502
v -0.0535240695 -0.00192779303 0.0279986206
v -0.0515143201 -0.00186455203 0.0279515907
v -0.0501043685 -0.00185006799 0.0278624203
v -0.0532432683 -0.00190895703 0.0279980805
v -0.0470297895 -0.0226870105 0.0276347902
v -0.0462424718 -0.0225523096 0.0275757909
v -0.0471598506 -0.0187599007 0.0276305601
v -0.047390461 -0.0247868206 0.0276647806
v -0.0469689891 -0.0267114006 0.0276272204
v -0.0461500809 -0.0265082102 0.0275674406
v -0.0523813292 -0.0283366404 0.0279637501
v -0.0515354201 -0.0281459596 0.0279313903
v -0.0517365895 -0.0261215493 0.0279579107
v -0.0540766083 -0.0307145696 0.0279793702
v -0.0540270805 -0.03278815 0.0279548708
v -0.0530478917 -0.0326097608 0.0279084407
v -0.0231482908 -0.0228123609 0.0240085702
v -0.0233116094 -0.0226426106 0.0240253806
v -0.0236790702 -0.0226503592 0.0240743104
v -0.0324028693 -0.00251036789 0.0246653501
v -0.0324432813 -0.00189185096 0.0246606395
v -0.0327704512 -0.00189149298 0.0247132108
v -0.0324996114 -0.000150606007 0.0246581398
v -0.0485910699 -0.0410635397 0.0268284604
v -0.0485911295 -0.0410429202 0.0268465802
v -0.0491430685 -0.0412234589 0.0268735792
v -0.0485912487 -0.0401388407 0.0274210498
v -0.0485912487 -0.04003888 0.0274663493
v -0.0492445789 -0.0402482115 0.0275046192
v -0.0485912487 -0.0387220308 0.02778548
v -0.0485912487 -0.0386928283 0.0277872607
v -0.0493782684 -0.0389377996 0.0278372709
v -0.0447806716 -0.0368930101 0.0274870303
v -0.0447668992 -0.0368904993 0.02748584
v -0.0448643491 -0.0364280902 0.0274802409
v -0.0401780009 -0.0360883996 0.0270483401
v -0.0395250916 -0.035981711 0.0269769393
v -0.0403618217 -0.0360318385 0.0270731393
v -0.0365376994 -0.0355124399 0.0265576802
v -0.0370226987 -0.0354870483 0.0266395193
v -0.0370004699 -0.0355825983 0.0266364794
v -0.0120286904 -0.0301897507 0.0229408704
v -0.01221787 -0.0301133897 0.0229574405
v -0.0119862501 -0.0330465399 0.0229977891
v -0.000468195009 -0.0327507816 0.0220014993
v 0 -0.0327505395 0.0219999496
v 0 -0.0325723812 0.0219999496
v -0.000701680023 -0.0327516682 0.0220060293
v 0 -0.0324999616 0.0219999496
v -0.000774245011 -0.0324907303 0.0220123492
v -0.00170105603 -0.0327567384 0.0220374409
v -0.001545846 -0.0327557288 0.0220301095
v -0.00140923203 -0.0324693918 0.0220345203
v -0.00126379705 -0.0327537619 0.0220168196
v -0.000850881974 -0.0324881598 0.0220150296
v -0.000849925971 -0.0327522084 0.0220088307
v -0.00077313598 -0.0327519104 0.0220074002
v -0.00170338096 -0.0324538313 0.0220518094
v -0.00175940897 -0.0324508511 0.0220550802
v -0.00192707696 -0.0327582918 0.0220480505
v -0.00202947808 -0.0324365385 0.0220709406
v -0.00231730891 -0.032761991 0.0220777895
v -0.00255846907 -0.0323977992 0.0221135598
v -0.0034074781 -0.0327746198 0.0221699998
v -0.00308763911 -0.0327703282 0.0221408606
v -0.00269257999 -0.0323879682 0.0221243501
v -0.00279897405 -0.0327664614 0.0221145097
v -0.00255346205 -0.0327641889 0.0220957901
v -0.00341230608 -0.032537099 0.0221810304
v -0.003927588 -0.0327815413 0.0222173892
v -0.00475460198 -0.0327987596 0.0222942196
v -0.00341671705 -0.0323188901 0.0221903902
v -0.00350672007 -0.03231024 0.02219861
v -0.00351381302 -0.0323093496 0.0221992694
v -0.00429195119 -0.0322153494 0.0222709104
v -0.00511956215 -0.0328063294 0.0223280694
v -0.00507378485 -0.0321014486 0.0223414805
v -0.00683605578 -0.0328476988 0.0224897191
v -0.00620895578 -0.0328289196 0.0224292204
v -0.00535756303 -0.0320530497 0.0223667603
v -0.00616490794 -0.0328280292 0.0224251095
v -0.00525760604 -0.0320701487 0.0223578792
v -0.00514340401 -0.032089591 0.0223476794
v -0.00686007692 -0.0323181115 0.0224978905
v -0.00842696428 -0.0328953192 0.0226431992
v -0.00857186317 -0.0325931311 0.02265721
v -0.00855439901 -0.0329003297 0.0226557199
v -0.0117658302 -0.0330359899 0.0229753796
v -0.0105904303 -0.0329797193 0.0228559896
v -0.0102803102 -0.0328428708 0.0228239205
v -0.0102717197 -0.0329672582 0.0228246395
v -0.00923782494 -0.0329269692 0.0227229502
v -0.0123059703 -0.0330618583 0.0230302792
v -0.0125287697 -0.0299879294 0.0229845606
v -0.0126953097 -0.0330805108 0.0230698492
v -0.0136960698 -0.0331370197 0.0231765509
v -0.0140116801 -0.0296149794 0.0231245104
v -0.0147119705 -0.0331943594 0.0232847892
v -0.0157465898 -0.0297681596 0.0233115498
v -0.0153670302 -0.0332368612 0.0233585201
v -0.0174754206 -0.0299000107 0.0235071108
v -0.0167108104 -0.0333240591 0.0235096794
v -0.0153994504 -0.0332389995 0.0233621504
v -0.0191975795 -0.0300105792 0.0237116199
v -0.0184194408 -0.0334492885 0.02371311
v -0.0170946103 -0.0333521888 0.0235553291
v -0.0206701104 -0.0336303711 0.0239947401
v -0.0204532109 -0.0336127207 0.0239673797
v -0.0209123995 -0.0300999805 0.0239253603
v -0.0187799893 -0.0334762894 0.0237565003
v -0.0187099501 -0.033470571 0.0237476807
v -0.0226191208 -0.0301680509 0.0241486393
v -0.0221130196 -0.0337598287 0.0241870806
v -0.0214610603 -0.0337013602 0.0241001807
v -0.0243170802 -0.0302149002 0.0243817493
v -0.0237578098 -0.0339166485 0.0244151894
v -0.0226083901 -0.03380429 0.0242531803
v -0.0245066192 -0.0302188303 0.0244084504
v -0.0245158002 -0.0304166004 0.0244157296
v -0.0245475695 -0.0307177901 0.0244292598
v -0.0245497804 -0.0307384096 0.0244302098
v -0.0246027093 -0.0310579501 0.02444732
v -0.02464699 -0.0312632285 0.0244597699
v -0.0246897303 -0.0314228497 0.0244706199
v -0.0247318707 -0.0315801986 0.0244812891
v -0.0248346906 -0.0318894312 0.0245052502
v -0.0249204598 -0.0321040116 0.0245239101
v -0.0249550901 -0.0321907401 0.0245314799
v -0.0250928402 -0.0324839316 0.0245599691
v -0.0252373796 -0.0327497087 0.02458876
v -0.0246178508 -0.03400141 0.0245372001
v -0.0245278999 -0.0339919291 0.0245237909
v -0.0253555104 -0.0329459906 0.0246117096
v -0.0252477508 -0.0327688418 0.0245907903
v -0.0244912505 -0.0339883491 0.0245185997
v -0.0253971796 -0.0340157114 0.0246494394
v -0.0253859702 -0.0340825915 0.0246516392
v -0.0262548905 -0.0340246484 0.0247760396
v -0.0264420491 -0.0341941714 0.0248090606
v -0.0255283099 -0.0332011506 0.0246443693
v -0.0255396292 -0.0332179591 0.0246465802
v -0.0256384593 -0.0333467089 0.0246648099
v -0.0257383492 -0.0334768817 0.0246832892
v -0.0259512607 -0.0337225683 0.0247219801
v -0.0261123106 -0.0338876806 0.0247507598
v -0.0261780005 -0.0339550301 0.0247625094
v -0.0272254907 -0.0226918403 0.02458
v -0.0267618801 -0.0255547091 0.0245956108
v -0.0254571401 -0.0226789098 0.0243203007
v -0.0267497301 -0.0255631208 0.0245939996
v -0.0266531706 -0.0256382804 0.0245818403
v -0.0264947396 -0.0257616602 0.0245618802
v -0.0262514893 -0.0259751603 0.0245321896
v -0.0261116009 -0.0261116009 0.0245156791
v -0.02607047 -0.0261517707 0.0245108008
v -0.0258486792 -0.0263921004 0.0244855192
v -0.0256429296 -0.0266435109 0.0244631097
v -0.0256367903 -0.0266519692 0.0244624596
v -0.0254530907 -0.0269055292 0.0244434401
v -0.0252792202 -0.0271778703 0.0244266298
v -0.0252384506 -0.0272508804 0.0244229399
v -0.0251214504 -0.0274603292 0.0244125109
v -0.0250169598 -0.0276720505 0.0244039204
v -0.0249203406 -0.02789592 0.0243969504
v -0.02488726 -0.0279726293 0.0243945103
v -0.0247763898 -0.0282783508 0.0243880097
v -0.0246877 -0.0285765491 0.0243844297
v -0.0246841293 -0.02858877 0.0243843105
v -0.0246103406 -0.0289035402 0.0243834201
v -0.0245552007 -0.0292224791 0.0243852697
v -0.0245478693 -0.0292822104 0.0243860409
v -0.0245284997 -0.0294405799 0.0243880693
v -0.0245048907 -0.0297674499 0.0243946295
v -0.0245019104 -0.0300000291 0.0244011804
v -0.0245007798 -0.0300928894 0.0244038701
v -0.0275837705 -0.0250591002 0.0247055199
v -0.0272943899 -0.0252114497 0.0246658307
v -0.0284296796 -0.0247288905 0.0248271208
v -0.0281223599 -0.0248303991 0.0247820001
v -0.02857708 -0.0246896707 0.0248492304
v -0.0278958604 -0.0249202792 0.02474951
v -0.0278211199 -0.0249499604 0.0247387793
v -0.0272506401 -0.0252379104 0.0246599894
v -0.0270163398 -0.0253795907 0.0246286299
v -0.0307305995 -0.0226708595 0.0251371209
v -0.0303929392 -0.0245161597 0.0251379609
v -0.0302873794 -0.0245074593 0.0251201298
v -0.0299999695 -0.0245009605 0.0250726305
v -0.0299630109 -0.0245000701 0.0250665508
v -0.0289835297 -0.0226891004 0.0248526894
v -0.0296384599 -0.02451187 0.0250139199
v -0.0293862205 -0.0245343391 0.0249736905
v -0.0292823892 -0.0245491192 0.0249574706
v -0.0290618502 -0.0245805904 0.0249229595
v -0.0287429597 -0.0246455595 0.0248740893
v -0.0286414009 -0.0246725604 0.0248588305
v -0.0312563702 -0.0246453807 0.0252864305
v -0.0309343897 -0.0245799404 0.02523016
v -0.0324661694 -0.0226370003 0.0254318696
v -0.0320301615 -0.0248901192 0.0254260302
v -0.0317919217 -0.0248000603 0.0253823306
v -0.0314813815 -0.0247032009 0.0253263693
v -0.0314232707 -0.0246882997 0.0253160503
v -0.0307175498 -0.0245491192 0.0251929704
v -0.0306112692 -0.0245340392 0.0251747295
v -0.0331401192 -0.0254845005 0.0256376192
v -0.0341896415 -0.0225875303 0.0257362705
v -0.0333472416 -0.0256377999 0.02567905
v -0.0334014185 -0.0256779101 0.0256898403
v -0.0329656005 -0.0253680293 0.0256033503
v -0.0327490494 -0.0252383295 0.0255613904
v -0.03268319 -0.0251988694 0.0255486295
v -0.03239315 -0.0250479504 0.0254935604
v -0.0321046114 -0.0249189101 0.0254396703
v -0.0320959613 -0.0249150302 0.0254380703
v -0.0359002911 -0.0225226805 0.0260512196
v -0.0347946808 -0.0273053609 0.0259922706
v -0.0347618386 -0.0272507593 0.0259845201
v -0.0346277915 -0.0270278398 0.02595287
v -0.0344446301 -0.0267603304 0.0259110909
v -0.0343627296 -0.0266522709 0.0258927904
v -0.0343222618 -0.0265988708 0.0258837901
v -0.034111321 -0.0263466798 0.0258377101
v -0.0338889882 -0.0261109397 0.02579033
v -0.0338872597 -0.0261090901 0.0257899705
v -0.03365051 -0.0258861706 0.0257406794
v -0.0335358307 -0.0257902704 0.0257172491
v -0.0359002911 -0.0299684405 0.02628332
v -0.0354998112 -0.0299938899 0.0262081008
v -0.0354902707 -0.0296733305 0.0261962395
v -0.0354614183 -0.0293500405 0.0261806808
v -0.0354513489 -0.0292823296 0.0261766296
v -0.0375975892 -0.0224425104 0.0263777301
v -0.0354138613 -0.0290303808 0.0261616707
v -0.0353476405 -0.0287145302 0.02613925
v -0.0353103206 -0.02857708 0.0261279307
v -0.0352629386 -0.0284027401 0.02611362
v -0.0351956412 -0.0281958506 0.0260945503
v -0.0350811407 -0.0278952699 0.0260637403
v -0.0350789391 -0.0278894901 0.0260631405
v -0.0349451303 -0.0275926497 0.0260290504
v -0.0348500609 -0.0274110399 0.0260058008
v -0.03397673 -0.0337993503 0.0260428097
v -0.0341929086 -0.0335593782 0.0260749403
v -0.0350560509 -0.0337501094 0.0262394492
v -0.0343624316 -0.0333473608 0.0260995608
v -0.0343943201 -0.0333074294 0.0261042099
v -0.0345808789 -0.0330438614 0.0261305496
v -0.0347170196 -0.0328282714 0.0261492096
v -0.0347614214 -0.0327489898 0.0261549894
v -0.0348763391 -0.0325438306 0.0261700694
v -0.0350175984 -0.0322524309 0.0261875298
v -0.0350791216 -0.0321038291 0.0261944495
v -0.0353342183 -0.0313400589 0.0262187701
v -0.0353866816 -0.0311104599 0.0262215696
v -0.0351409912 -0.0319544598 0.0262014195
v -0.035246551 -0.0316503011 0.0262119099
v -0.0353108011 -0.031422969 0.0262169205
v -0.0354427584 -0.0307913404 0.0262222197
v -0.0354512297 -0.0307176709 0.02622151
v -0.0354798399 -0.0304704309 0.0262191799
v -0.0354979597 -0.0301480796 0.0262125693
v -0.0354999788 -0.0299999695 0.0262083393
v -0.0347257815 -0.0352449417 0.0262215696
v -0.0338874385 -0.0338874385 0.0260292795
v -0.0339536592 -0.0338221118 0.0260393005
v -0.0324435197 -0.0349273607 0.0258043408
v -0.0327296183 -0.0347748287 0.0258496907
v -0.0331233107 -0.0350196883 0.0259262901
v -0.0327496491 -0.0347625613 0.0258528497
v -0.0332261287 -0.0350341685 0.0259452406
v -0.0330057107 -0.0346059687 0.0258931499
v -0.0332716703 -0.0344210193 0.0259347502
v -0.0333471186 -0.0343620703 0.0259464309
v -0.0333717391 -0.0343428217 0.0259502493
v -0.0334947109 -0.0350718983 0.0259947106
v -0.03350031 -0.0342423283 0.0259702206
v -0.0337458812 -0.0340271518 0.0260078907
v -0.0366362296 -0.0336323306 0.0265315697
v -0.0362121984 -0.035463091 0.0265022498
v -0.0361854993 -0.0354590416 0.0264977198
v -0.0357284509 -0.0353919789 0.0264111701
v -0.0349842906 -0.0352827311 0.0262703802
v -0.034750279 -0.0352483913 0.0262260996
v -0.0378186107 -0.0357091986 0.0267618801
v -0.0372208282 -0.0356162116 0.02667295
v -0.0371696316 -0.0356082283 0.0266653206
v -0.0386519991 -0.0358407982 0.0268743001
v -0.0381440483 -0.0357598588 0.0268103406
v -0.0378770195 -0.0354647003 0.0267687403
v -0.0379704796 -0.0357328616 0.0267844703
v -0.0387222692 -0.0358520113 0.0268831793
v -0.0387432501 -0.0354654714 0.0268860403
v -0.0390820503 -0.035909351 0.0269284807
v -0.0396128818 -0.0354921818 0.0269916598
v -0.0394758508 -0.0359736606 0.0269715693
v -0.0412250087 -0.0361229107 0.0271632001
v -0.0409874283 -0.0362250209 0.0271285698
v -0.0403422117 -0.0361161195 0.0270646196
v -0.0420892797 -0.0362523086 0.0272477195
v -0.0417946503 -0.03636121 0.0272085592
v -0.0411941409 -0.0362598784 0.0271490794
v -0.0429282114 -0.0365587398 0.0273177605
v -0.0425028205 -0.0364846513 0.0272768103
v -0.0420542918 -0.03640645 0.0272336006
v -0.0429614708 -0.0364254713 0.0273288395
v -0.0438484512 -0.0366495214 0.0274082404
v -0.0438334905 -0.0367203318 0.0274037104
v -0.0443596207 -0.0368158817 0.0274506193
v -0.0440207087 -0.0367538296 0.0274212901
v -0.0439988896 -0.0367498286 0.0274193808
v -0.0457841717 -0.0367721915 0.0275515895
v -0.0457249209 -0.0370682403 0.0275624897
v -0.0455414616 -0.0370336697 0.0275493208
v -0.0453009605 -0.0369883105 0.0275321007
v -0.0466537997 -0.0371216498 0.0276223999
v -0.0466322787 -0.037239369 0.0276275203
v -0.0463030897 -0.0371773206 0.0276039205
v -0.0472955704 -0.0373666212 0.0276713297
v -0.0470653698 -0.0373217985 0.0276573803
v -0.0469541512 -0.0373000987 0.0276506506
v -0.049411051 -0.0386456214 0.0278476998
v -0.0485912487 -0.0383915901 0.0277957302
v -0.0485912487 -0.0383540913 0.0277956091
v -0.0494759008 -0.0381033383 0.0278184395
v -0.0485912487 -0.0382761285 0.0277953707
v -0.0485912487 -0.0381703302 0.02778822
v -0.0485912487 -0.0379865691 0.0277758203
v -0.0485912487 -0.0378541313 0.0277668796
v -0.0485912487 -0.0378298089 0.0277650896
v -0.0485912487 -0.0385450087 0.0277961995
v -0.0493119285 -0.039570801 0.0277377907
v -0.0485912487 -0.0393437706 0.0276935603
v -0.0493452512 -0.0392467901 0.0278021004
v -0.0485912487 -0.0390965901 0.0277435109
v -0.0485912487 -0.0390875898 0.0277446508
v -0.0485912487 -0.0390107594 0.0277545396
v -0.0485912487 -0.0388133489 0.0277799293
v -0.0485912487 -0.0397985503 0.0275596902
v -0.0485912487 -0.0396840498 0.0276014805
v -0.049278371 -0.0399063788 0.0276397392
v -0.0485912487 -0.0394473597 0.0276681092
v -0.0485912487 -0.0393900201 0.0276842099
v -0.0485912487 -0.0399750993 0.0274951998
v -0.0491768084 -0.0409156606 0.0271192696
v -0.0485912487 -0.0407257006 0.0270889904
v -0.0492106602 -0.0405876599 0.0273312293
v -0.0485912487 -0.0405062996 0.0272309706
v -0.0485912487 -0.0404654704 0.0272532701
v -0.0485912487 -0.0403873287 0.0272959396
v -0.0485912487 -0.0402513109 0.0273701493
v -0.0485911295 -0.0409941599 0.0268893801
v -0.0485911891 -0.0407746993 0.0270553194
v -0.0485912487 -0.0407565199 0.0270690899
v -0.0485909507 -0.0414313599 0.0264747702
v -0.0491096303 -0.0415022895 0.0266012494
v -0.0485908911 -0.0415754914 0.0263029896
v -0.0490764901 -0.0417463705 0.0263098404
v -0.0485908911 -0.0415863916 0.0262899306
v -0.0485909507 -0.0413312316 0.0265771095
v -0.0485910103 -0.0412184 0.0266925003
v -0.0490437709 -0.0419539213 0.0260077696
v -0.0485909507 -0.041794531 0.0260083005
v -0.0485908911 -0.0416285284 0.0262396894
v -0.0485910103 -0.0419859216 0.0256894194
v -0.0485910103 -0.0419837199 0.0256936494
v -0.0490114614 -0.042124331 0.0257030707
v -0.0485910103 -0.04195261 0.0257532503
v -0.0485909507 -0.0418078303 0.0259897709
v -0.0485912487 -0.0421973988 0.0252418499
v -0.0489795804 -0.0422605798 0.0254011098
v -0.0485912487 -0.0422500893 0.0250973701
v -0.0489480384 -0.0423668586 0.0251064301
v -0.0485912487 -0.0422778688 0.0250210706
v -0.0485911891 -0.0421441682 0.0253632609
v -0.0485911891 -0.0421326086 0.0253897905
v -0.0485911295 -0.0420823582 0.0255044103
v -0.0485911891 -0.0423792601 0.0246682093
v -0.0485911891 -0.0423679315 0.0247204304
v -0.0489168689 -0.0424466692 0.0248215701
v -0.0485912487 -0.04234045 0.0248143598
v -0.0485912487 -0.0422880016 0.0249934103
v -0.0485911891 -0.0424744412 0.0241313502
v -0.0485911891 -0.0424490497 0.0243077204
v -0.0488860011 -0.0425028801 0.0245472696
v -0.0485911295 -0.0424325988 0.0244215094
v -0.0485911891 -0.0424066707 0.0245414302
v -0.0485912487 -0.0425196216 0.0235764291
v -0.0485912487 -0.0425189696 0.0235852506
v -0.048825141 -0.0425575301 0.0240326505
v -0.0485912487 -0.0424898192 0.0239426997
v -0.0485911891 -0.0424827896 0.0240292493
v -0.0485912487 -0.0425560996 0.0231041908
v -0.0487035513 -0.0425888784 0.0231053196
v -0.0485912487 -0.0425755903 0.0228518806
v -0.0485912487 -0.0426197611 0.0223054197
v -0.0485912487 -0.0427521393 0.0206459705
v -0.0485912487 -0.0426901504 0.0214319192
v -0.0490696989 -0.0428104885 0.0214346591
v -0.0485912487 -0.0426802598 0.0215576198
v -0.0485912487 -0.0426355004 0.02211117
v -0.0492925607 -0.0427526198 0.0231116991
v -0.0485912487 -0.0429423414 0.0181276705
v -0.0485912487 -0.0428845808 0.0189659502
v -0.0488433801 -0.0428727195 0.0198695008
v -0.0485912487 -0.0428676605 0.0191807691
v -0.0485912487 -0.0428133607 0.0198690202
v -0.0490788184 -0.043117281 0.0167380497
v -0.0485912487 -0.0430380702 0.01673913
v -0.0485912487 -0.0429708287 0.0177147295
v -0.0485912487 -0.0431603082 0.0147816502
v -0.0485912487 -0.0430692993 0.0162483994
v -0.0485912487 -0.043045871 0.0166256409
v -0.0485913083 -0.0432505012 0.0132434899
v -0.0485913083 -0.0432466194 0.0133147202
v -0.0486494303 -0.043235179 0.0136698997
v -0.0485913083 -0.0432273112 0.0136700803
v -0.0485912487 -0.0432129987 0.0139325801
v -0.0485914312 -0.0433511697 0.0113919303
v -0.0485913716 -0.04332643 0.0118474904
v -0.0494147502 -0.0433188602 0.0136672799
v -0.0485913716 -0.0432864986 0.01258111
v -0.0485911295 -0.0434330106 0.00964611676
v -0.0485912487 -0.0433986112 0.0103799701
v -0.0490223095 -0.0434228107 0.0105993701
v -0.0485913083 -0.04338824 0.01060146
v -0.0485910699 -0.0434569716 0.0091355443
v -0.0496823713 -0.0435203314 0.00902724173
v -0.0485910699 -0.0434604809 0.00903338101
v -0.0485908911 -0.0434899889 0.0081807971
v -0.0485908911 -0.0434878394 0.00824236777
v -0.0495944582 -0.0435389802 0.00823861267
v -0.0485910103 -0.0434646606 0.00891292002
v -0.0485908911 -0.0434949882 0.00803476479
v -0.0492962003 -0.0435417183 0.00744855404
v -0.0485912487 -0.0435069203 0.00744885206
v -0.0516922399 -0.0435879789 0.00744855404
v -0.0513259098 -0.0435904786 0.00744855404
v -0.0513846204 -0.0435830913 0.00823181774
v -0.0530864 -0.0435783193 0.00744855404
v -0.0549999401 -0.0434999391 0.00899785664
v -0.0549999401 -0.0434999391 0.0074489112
v -0.0533466898 -0.04356765 0.00744861318
v -0.0324519798 -0.00175946904 0.0246596299
v -0.0324539505 -0.00172924902 0.0246593896
v -0.0324863717 -0.000941027014 0.0246581994
v -0.0323328301 -0.00329166604 0.0246756598
v -0.0324076414 -0.00378239108 0.0247037392
v -0.0323074982 -0.00351363397 0.02467894
v -0.0316050611 -0.007563591 0.0247207191
v -0.0316934511 -0.00719541311 0.0247190502
v -0.0317382812 -0.00698608113 0.02471756
v -0.0318599306 -0.00641822815 0.0247134492
v -0.0320070311 -0.00563907577 0.0247062407
v -0.0320694409 -0.00525748683 0.0247020107
v -0.032134831 -0.00485801604 0.0246975403
v -0.0322434306 -0.00407528784 0.0246872902
v -0.0322768018 -0.00378268911 0.0246829297
v -0.0304523092 -0.0113468701 0.0246971194
v -0.0305963699 -0.0109594399 0.0247044507
v -0.0307972394 -0.0103767496 0.02471238
v -0.0308511797 -0.0102202203 0.0247145202
v -0.0310884099 -0.00947403908 0.0247206595
v -0.03130823 -0.00872027781 0.0247231703
v -0.0313150212 -0.00869458914 0.0247231703
v -0.0315074287 -0.00797045231 0.0247225091
v -0.0287137609 -0.0152230803 0.0245693307
v -0.0287606698 -0.0151321804 0.0245733801
v -0.0303077605 -0.0151258698 0.0248175208
v -0.0290584508 -0.0145552699 0.0245991293
v -0.0294012409 -0.0138496701 0.0246270802
v -0.0294943992 -0.01364558 0.0246341806
v -0.0297264997 -0.0131371003 0.0246517602
v -0.0300340597 -0.0124178501 0.0246729795
v -0.03018957 -0.0120285703 0.0246824007
v -0.03032404 -0.0116919801 0.0246905591
v -0.0270789191 -0.0179716293 0.0244136397
v -0.0268981997 -0.0182374101 0.0243954603
v -0.0266667008 -0.0185778104 0.0243721008
v -0.0275105201 -0.0173036996 0.0244564395
v -0.0278465692 -0.0167546794 0.0244889203
v -0.02792418 -0.0166279599 0.0244964305
v -0.0283199493 -0.0159445405 0.0245336797
v -0.0283390805 -0.0159096103 0.0245354101
v -0.0286980197 -0.0152535401 0.0245679598
v -0.0237442795 -0.0221901499 0.0240700804
v -0.0242264792 -0.0216639601 0.0241200905
v -0.0247437898 -0.0210710708 0.0241737906
v -0.0247699004 -0.0210397206 0.0241764691
v -0.0252466202 -0.02046597 0.0242260005
v -0.0257347208 -0.0198487006 0.0242765509
v -0.0258714501 -0.0196669605 0.0242906194
v -0.0259284899 -0.0195910893 0.0242965203
v -0.0262081604 -0.01921927 0.0243253093
v -0.0235937797 -0.0223492291 0.0240545198
v -0.0236946307 -0.0222443901 0.0240649506
v -0.0216821395 -0.0242069308 0.0238586608
v -0.0220124107 -0.0239102803 0.0238921605
v -0.0223485809 -0.0235931203 0.0239264909
v -0.0225875303 -0.0233676992 0.0239509307
v -0.0208188202 -0.0249563996 0.0237713996
v -0.02103859 -0.0247685295 0.0237935707
v -0.0214228593 -0.0244399309 0.0238323193
v -0.0177714806 -0.0272078495 0.0234708693
v -0.0180930998 -0.0269979201 0.0235019904
v -0.0182375908 -0.0268984996 0.0235161092
v -0.0187446401 -0.0265496895 0.0235655904
v -0.0193859302 -0.0260850694 0.0236287098
v -0.01956743 -0.0259492304 0.0236466508
v -0.01966732 -0.0258719902 0.0236565396
v -0.0196983796 -0.0258479696 0.0236596409
v -0.0202003699 -0.0254596397 0.02370953
v -0.0167554598 -0.0278477594 0.0233731195
v -0.0167602301 -0.0278449599 0.0233735405
v -0.0174316093 -0.0274296403 0.0234379694
v -0.0152224302 -0.0287125707 0.0232286397
v -0.0153880697 -0.0286261402 0.02324396
v -0.0158878509 -0.0283495709 0.0232909303
v -0.0160789993 -0.0282438304 0.0233088695
v -0.01364535 -0.0294939801 0.0230841599
v -0.0139774 -0.0293407403 0.0231140796
v -0.0140388003 -0.0293105803 0.0231196806
v -0.0146875298 -0.0289918091 0.0231790505
v -0.0132578602 -0.0296728592 0.0230492894
v -0.0134922201 -0.0295646694 0.0230703894
v -0.00968390703 -0.0310236793 0.0227401797
v -0.00983822346 -0.0309738498 0.0227532294
v -0.0104027903 -0.0310475808 0.0228065792
v -0.0102854902 -0.0308294799 0.0227911398
v -0.0103769302 -0.0307977106 0.0227988902
v -0.0104207899 -0.0307824593 0.0228026509
v -0.0110425903 -0.0305664502 0.0228556301
v -0.00892561581 -0.0312502906 0.0226761606
v -0.0086941123 -0.0313134082 0.0226565506
v -0.00864392519 -0.0313270614 0.0226522591
v -0.00816309359 -0.0314580686 0.0226115491
v -0.0117903901 -0.0302858893 0.0229200702
v -0.00662624789 -0.0318173096 0.0224791095
v -0.00688523008 -0.0317600891 0.0225015804
v -0.00698602106 -0.0317378007 0.0225102901
v -0.00739663793 -0.0316470787 0.02254593
v -0.00585198402 -0.0319687687 0.0224108603
v -0.00271761394 -0.0323861204 0.0221263692
v -0.0549999401 -0.0329429507 0.0279999897
v -0.0549999401 -0.0308490302 0.0279999897
v -0.0549999401 -0.0287620407 0.0279999897
v -0.0485252701 -0.0314081311 0.0276638195
v -0.0488517806 -0.0294375997 0.0277341008
v -0.0493475087 -0.0316796303 0.02771377
v -0.049633801 -0.0296932999 0.0277848803
v -0.0502243005 -0.0319391415 0.0277634207
v -0.0504680797 -0.0299366694 0.0278329197
v -0.0511382818 -0.0321830511 0.0278125405
v -0.0513364002 -0.0301638208 0.0278773308
v -0.052081041 -0.0324075185 0.0278609302
v -0.0522308312 -0.0303710606 0.0279171392
v -0.0531476699 -0.0305552408 0.02795141
v -0.0541264415 -0.0286458097 0.0279995203
v -0.0542283617 -0.0245127007 0.0280089304
v -0.0549999401 -0.0246068798 0.0279999897
v -0.0507128201 -0.0279350802 0.0278913304
v -0.0509598814 -0.0259264093 0.0279212501
v -0.0499210916 -0.0277079307 0.0278451405
v -0.0491793118 -0.0274680797 0.0277941804
v -0.0495091602 -0.0254922509 0.0278283898
v -0.0529997312 -0.0201729499 0.0279704295
v -0.0534527786 -0.0243951604 0.0280047599
v -0.0526877008 -0.0242546704 0.0279890802
v -0.0533497892 -0.0264499709 0.0280032102
v -0.0525336787 -0.0262970906 0.0279857498
v -0.0532479808 -0.0285038892 0.02798694
v -0.0519397184 -0.02409303 0.0279634502
v -0.0523509905 -0.0200374704 0.0279464703
v -0.0512091517 -0.0239131991 0.0279295407
v -0.0517134592 -0.0198873803 0.0279171392
v -0.0527674519 -0.0160034802 0.0279429499
v -0.0477619097 -0.0311280396 0.0276138093
v -0.0481265113 -0.0291728899 0.0276814606
v -0.0469863415 -0.0308406297 0.0275637507
v -0.0484920703 -0.0272190496 0.0277400594
v -0.0478141904 -0.0228611194 0.0276901703
v -0.0418984182 -0.0298457108 0.0271900203
v -0.0428431593 -0.02608281 0.02728015
v -0.0427520201 -0.0299142506 0.0272693001
v -0.0436894186 -0.0261425897 0.0273633506
v -0.0435946509 -0.0300143305 0.02733922
v -0.0445173308 -0.0262304507 0.0274372604
v -0.044434011 -0.0301503502 0.0274020396
v -0.0453350507 -0.02635061 0.0275045596
v -0.0452772304 -0.0303283297 0.0274596792
v -0.0461310111 -0.0305573903 0.0275133196
v -0.0446320698 -0.0223758798 0.0274406001
v -0.0437925383 -0.0223259293 0.0273589399
v -0.0447510406 -0.0185762607 0.0274317209
v -0.0543072186 -0.00809252169 0.0279959403
v -0.0549999401 -0.00816506054 0.0279999897
v -0.0544378087 -0.0162902996 0.0279927794
v -0.0549999401 -0.0163577702 0.0279999897
v -0.0549999401 -0.0204734802 0.0279999897
v -0.0502107702 -0.0257154703 0.0278775003
v -0.0498414002 -0.0235125404 0.0278430507
v -0.0505027696 -0.0237185899 0.0278888308
v -0.0505127907 -0.0195543095 0.0278465096
v -0.0510931611 -0.0197254401 0.0278834701
v -0.0511931702 -0.0156165296 0.0278640892
v -0.0516913496 -0.0157533195 0.0278925207
v -0.0518854782 -0.0116998497 0.0279042702
v -0.0522996709 -0.01180303 0.0279247109
v -0.054332491 -0.0203917604 0.0279982593
v -0.0536617003 -0.0202914998 0.0279880706
v -0.0538730584 -0.0162085798 0.0279804394
v -0.0533156283 -0.01611262 0.0279636309
v -0.0531907007 -0.0119913798 0.0279610697
v -0.0529221818 -0.0078638792 0.0279620197
v -0.0536237918 -0.00799012091 0.0279825293
v -0.0535622202 -0.00392955495 0.0279896799
v -0.0540691614 -0.00399315311 0.0279958807
v -0.0477803312 -0.0269631092 0.0276841503
v -0.0481799208 -0.0250213705 0.0277207401
v -0.0488598906 -0.0252601504 0.0277755801
v -0.0485818312 -0.0230775997 0.0277424399
v -0.0492300913 -0.0232981406 0.0277937595
v -0.0493932292 -0.01919364 0.0277669393
v -0.0499777682 -0.0193764493 0.0278073493
v -0.0502160117 -0.0153284604 0.02780395
v -0.0507358313 -0.0154744303 0.0278344098
v -0.0510538816 -0.0114823496 0.0278610494
v -0.0515074693 -0.0115925604 0.0278831702
v -0.0519115888 -0.00764757302 0.0279263202
v -0.0522974692 -0.00772190001 0.0279391408
v -0.0522515699 -0.00378382206 0.0279709604
v -0.0513228104 -0.0075750351 0.0279086791
v -0.0504194386 -0.01137417 0.0278363805
v -0.0495365784 -0.0151852304 0.0277721807
v -0.04866945 -0.0190142896 0.0277256891
v -0.0479195118 -0.0188706499 0.0276805703
v -0.0480902083 -0.0149824601 0.0276927892
v -0.0488217995 -0.0150704896 0.0277355295
v -0.0490378104 -0.0112206899 0.0277670007
v -0.0497407913 -0.0112872096 0.0278051998
v -0.0500075184 -0.0074711442 0.0278473403
v -0.0506811105 -0.00751602603 0.0278822109
v -0.0527928993 -0.00382000208 0.0279807393
v -0.0531092212 -0.00385755301 0.0279844906
v -0.0527269207 -0.00189101603 0.02799212
v -0.0516476594 -0.00375383999 0.02795076
v -0.0510042906 -0.00373125006 0.0279214308
v -0.050316751 -0.00371444202 0.0278803706
v -0.0492969118 -0.00743764592 0.0278020501
v -0.0483049713 -0.0111708604 0.0277198497
v -0.0473356806 -0.0149162998 0.0276424792
v -0.0463840887 -0.0186763406 0.0275743008
v -0.0454458483 -0.0224501397 0.0275118891
v -0.0455842018 -0.0186161306 0.0275090896
v -0.0457231402 -0.0148380296 0.0275069997
v -0.0465497896 -0.01486897 0.0275816899
v -0.0467136987 -0.0111123296 0.0275857393
v -0.0475336313 -0.0111352801 0.0276606604
v -0.0477278791 -0.00739848614 0.0276654903
v -0.0485405885 -0.007413744 0.0277427398
v -0.0487686284 -0.00369465305 0.0277469102
v -0.0495752618 -0.00370240211 0.0278236195
v -0.0375192687 -0.0298573896 0.02659088
v -0.0332028791 -0.0188581906 0.0254383609
v -0.0349659882 -0.0188138392 0.0257554594
v -0.0367161594 -0.0187564995 0.0260843001
v -0.0401459895 -0.0297871791 0.0269943401
v -0.0392583609 -0.0297917705 0.0268742405
v -0.0411089584 -0.0222936794 0.0270241406
v -0.0401908085 -0.0223153196 0.0268764999
v -0.0411064588 -0.0185746495 0.0269452892
v -0.0401890203 -0.0186058208 0.0267776195
v -0.0410974585 -0.0148681402 0.0268339496
v -0.0393216014 -0.0149353696 0.0264647007
v -0.0402110815 -0.0111913001 0.0264880005
v -0.0383946784 -0.0112375598 0.0261141006
v -0.0392704606 -0.00748717692 0.0260998607
v -0.0373965986 -0.00751411915 0.0257306006
v -0.0419727489 -0.0260473397 0.0271848999
v -0.0420235917 -0.0222870093 0.0271531902
v -0.0429211818 -0.0222970806 0.0272639897
v -0.0429723784 -0.0185474101 0.0272284709
v -0.0438783094 -0.01855403 0.0273391008
v -0.0439346395 -0.0148171699 0.0273028594
v -0.0448489711 -0.01482129 0.0274150297
v -0.0449159704 -0.0110976603 0.02737456
v -0.0458384715 -0.0111001702 0.0274913907
v -0.0459216796 -0.00738924695 0.0274420902
v -0.0468519293 -0.00739055779 0.0275662504
v -0.0469529592 -0.00369054009 0.0275183301
v -0.0478915498 -0.00369089795 0.0276462398
v -0.0484211408 -0.00184392906 0.0276920702
v -0.0420433804 -0.0185547993 0.0270973407
v -0.0420355685 -0.0148417298 0.0270094797
v -0.0429913402 -0.0148243904 0.02716773
v -0.042984359 -0.0111179296 0.0270648506
v -0.043958541 -0.0111038601 0.0272325203
v -0.0439584814 -0.00740432693 0.0271095596
v -0.0449506007 -0.00739401486 0.0272899196
v -0.0449556112 -0.00369930197 0.0271708295
v -0.0459670983 -0.00369340112 0.0273598991
v -0.0464833304 -0.00184559799 0.0274101999
v -0.0420259796 -0.0111388499 0.0268785302
v -0.0411272012 -0.00745522883 0.0264926497
v -0.0429804288 -0.00741922809 0.0269091707
v -0.0415933691 -0.00558984187 0.0265012905
v -0.0439562201 -0.00370740797 0.0269601308
v -0.0420619212 -0.0037257669 0.0265228096
v -0.0444487296 -0.00185328699 0.0270112101
v -0.0425307713 -0.00186264503 0.0265707299
v -0.0321355388 -0.0151086999 0.0251202509
v -0.0339515209 -0.01508098 0.0254362207
v -0.0386715494 -0.00187808205 0.0257637501
v -0.0406097695 -0.00187092996 0.0261547491
v -0.0382461511 -0.00375616504 0.0257295892
v -0.0401630886 -0.00374215795 0.0261128508
v -0.0397157595 -0.00561416103 0.0260993205
v -0.0367177688 -0.00188392401 0.0253949706
v -0.0363131687 -0.00376766897 0.0253694002
v -0.0383760892 -0.0298158508 0.0267383996
v -0.0392940603 -0.0223504901 0.0267150402
v -0.03845286 -0.0186862294 0.0264255404
v -0.03754526 -0.0149943205 0.0261078402
v -0.0365633294 -0.0112760002 0.0257581398
v -0.0355074406 -0.00753587391 0.0253819209
v -0.0343662985 -0.00377643108 0.0250286404
v -0.0347501598 -0.00188839401 0.0250456892
v -0.0357549712 -0.0150429001 0.0257652402
v -0.0347180292 -0.0113066398 0.0254185107
v -0.0336048603 -0.00755226612 0.02505075
v -0.0410283804 -0.02980428 0.0270990096
v -0.0511711799 -0.0435915515 0.00744855404
v -0.0500381514 -0.0435614511 0.00744855404
v -0.0495066009 -0.0435473286 0.00744855404
v -0.049856361 -0.0434759818 0.0105953198
v -0.0514434502 -0.0435702801 0.0090175271
v -0.0533986017 -0.0435259305 0.0136547601
v -0.0532859489 -0.0435503684 0.0105782105
v -0.0525916815 -0.0435148999 0.0136572104
v -0.0524222814 -0.0435534082 0.0105826203
v -0.0517859384 -0.04348832 0.0136596505
v -0.0535065494 -0.0435040481 0.0167266708
v -0.0527542196 -0.0434799716 0.0167287495
v -0.0520030782 -0.043438971 0.0167307798
v -0.0512569509 -0.0433813892 0.0167327505
v -0.0494934916 -0.0430064201 0.0198702794
v -0.0497925207 -0.0432195589 0.0167363193
v -0.0501943193 -0.0433895513 0.0136647196
v -0.0507032201 -0.0435159802 0.01059114
v -0.0536100194 -0.0434840284 0.0198731404
v -0.0529102013 -0.0434477888 0.0198729597
v -0.0522116981 -0.0433931313 0.0198726002
v -0.0515181385 -0.0433208309 0.0198721793
v -0.0508325584 -0.043231599 0.0198716503
v -0.0536601506 -0.0434742495 0.0214852002
v -0.0529858992 -0.0434320495 0.0214745905
v -0.0523131415 -0.0433708392 0.02146524
v -0.0516452082 -0.0432913788 0.0214571301
v -0.05098515 -0.0431945883 0.0214500409
v -0.0503347516 -0.0430813991 0.0214440208
v -0.0543568693 -0.0434929095 0.0231992006
v -0.0549999401 -0.0434999391 0.02151048
v -0.0543325506 -0.0434969589 0.0214971304
v -0.0549999401 -0.0434999391 0.0198731404
v -0.0543076918 -0.0435014889 0.0198732
v -0.0549999401 -0.0434999391 0.0167220794
v -0.0542563088 -0.0435107313 0.0167244002
v -0.0549999401 -0.0434999391 0.0136501696
v -0.0542026088 -0.0435210392 0.0136524402
v -0.0549999401 -0.0434999391 0.0105692102
v -0.0541465208 -0.0435326584 0.0105737401
v -0.0532279611 -0.0435637198 0.00900769234
v -0.0531694219 -0.0435749218 0.00744855404
v -0.0496958382 -0.042952951 0.0214388892
v -0.0501570702 -0.0431264006 0.0198709909
v -0.0505193397 -0.04330796 0.0167346001
v -0.050985571 -0.0434463583 0.0136621501
v -0.0515598617 -0.0435419008 0.0105869099
v -0.0537092611 -0.0434654318 0.0231839996
v -0.0530601703 -0.0434178114 0.0231701694
v -0.0524126217 -0.0433505103 0.0231576506
v -0.0517700315 -0.0432645008 0.0231463909
v -0.0511350594 -0.0431605503 0.0231361892
v -0.0505095683 -0.0430397913 0.0231270697
v -0.0498949811 -0.04290336 0.0231189709
v -0.0549999401 -0.0434892103 0.0242934804
v -0.0549999401 -0.0434961915 0.0241028592
v -0.0543687902 -0.0434900485 0.0240969006
v -0.0549999401 -0.0434999391 0.0239999797
v -0.0549999401 -0.0434999391 0.0232158806
v -0.0549999401 -0.0433288217 0.0251577403
v -0.0549999401 -0.0433390699 0.0251185801
v -0.0543811284 -0.0433263108 0.0251303297
v -0.0537334606 -0.0434605405 0.0240906402
v -0.0530967116 -0.0434105285 0.0240840893
v -0.05246168 -0.0433406197 0.0240772907
v -0.0518315397 -0.0432515703 0.0240702592
v -0.0512090884 -0.0431443416 0.0240630507
v -0.0505958684 -0.0430201218 0.0240557101
v -0.0499933884 -0.0428799912 0.0240481403
v -0.0494027697 -0.0427253209 0.0240404606
v -0.0549999401 -0.0432336293 0.0254350901
v -0.0549999401 -0.0432451293 0.02540165
v -0.0543843508 -0.0432294011 0.0254176799
v -0.0549999401 -0.043118231 0.0257053301
v -0.0549999401 -0.0431232415 0.0256935898
v -0.0543876812 -0.0431033894 0.0257136207
v -0.0549999401 -0.0428299308 0.02621614
v -0.0549999401 -0.0429685712 0.0259902999
v -0.0543910787 -0.0429447182 0.0260142591
v -0.0549999401 -0.0429835916 0.0259658601
v -0.0543945991 -0.0427507684 0.0263150297
v -0.0549999401 -0.0427787304 0.0262873098
v -0.0544018708 -0.0422574803 0.0268865209
v -0.0549999401 -0.0424702093 0.0266791508
v -0.0543981716 -0.0425213501 0.0266084597
v -0.0549999401 -0.0425548516 0.0265780594
v -0.0549999401 -0.0426584408 0.0264544394
v -0.0549999401 -0.0420461819 0.0270849392
v -0.0549999401 -0.0422654711 0.0268899705
v -0.0549999401 -0.0422984883 0.0268559996
v -0.05440557 -0.0419640504 0.0271415692
v -0.0549999401 -0.04201179 0.02711129
v -0.0549999401 -0.0415675007 0.0274242107
v -0.0549999401 -0.0417021513 0.0273359995
v -0.0544093214 -0.041648861 0.0273662806
v -0.0549999401 -0.0418133102 0.0272631608
v -0.0537782311 -0.0429015085 0.0260320306
v -0.0537852012 -0.0427031517 0.0263351705
v -0.0531641208 -0.0428397618 0.0260444209
v -0.0531745516 -0.0426379405 0.0263492409
v -0.0525516793 -0.0427600704 0.0260517504
v -0.0525655709 -0.042555511 0.0263576508
v -0.0500931107 -0.0426925384 0.0251278803
v -0.0506834909 -0.0428347513 0.02513575
v -0.0512843095 -0.0429614708 0.0251414105
v -0.0537647605 -0.0431926809 0.0254292395
v -0.0537713692 -0.0430637486 0.0257284604
v -0.0531438515 -0.0431362912 0.0254369304
v -0.0531538688 -0.04300493 0.0257386491
v -0.0525248013 -0.0430608913 0.0254409295
v -0.0525380895 -0.0429275595 0.0257444307
v -0.0519105718 -0.0429672003 0.0254414603
v -0.0519272014 -0.0428324305 0.0257461593
v -0.0513038598 -0.0428561494 0.0254388396
v -0.0513237081 -0.0427203104 0.0257440191
v -0.0507291518 -0.0425923392 0.0257384107
v -0.0507525206 -0.0424212217 0.0260466896
v -0.0501713715 -0.0422781706 0.0260370299
v -0.0501982495 -0.0420693718 0.0263420902
v -0.0537582003 -0.0432920381 0.0251384303
v -0.05313408 -0.0432377383 0.0251433793
v -0.0525116883 -0.0431639515 0.0251454096
v -0.0518942401 -0.0430715606 0.0251446906
v -0.0520148799 -0.0416256115 0.02718818
v -0.0514280684 -0.0415067002 0.0271843001
v -0.0514495894 -0.0411758386 0.0274018608
v -0.050800439 -0.0419669114 0.0266482793
v -0.0502255484 -0.0418236814 0.0266366005
v -0.0502531491 -0.0415427014 0.0269120894
v -0.0519441292 -0.0426632091 0.0260543805
v -0.0519613586 -0.0424566194 0.0263608005
v -0.0519789383 -0.0422131382 0.0266574603
v -0.051385399 -0.0420970917 0.0266553108
v -0.0514066182 -0.0418167114 0.0269330107
v -0.0508249402 -0.0416858718 0.0269249603
v -0.0508496687 -0.0413753912 0.0271749999
v -0.0502809808 -0.0412324592 0.0271608196
v -0.0503089987 -0.0409015417 0.0273755696
v -0.0531852804 -0.0423997603 0.0266452394
v -0.0531961918 -0.0421263501 0.0269241296
v -0.0526087806 -0.0417313501 0.0271863304
v -0.0520330593 -0.0412959382 0.0274072196
v -0.0514712296 -0.0408329293 0.0275807902
v -0.0537924096 -0.0424689017 0.0266300999
v -0.0537996814 -0.0421997309 0.0269087497
v -0.0538070686 -0.0419009291 0.0271634404
v -0.0532072112 -0.0418233201 0.0271781608
v -0.0532183014 -0.0414988287 0.0274000708
v -0.0526234508 -0.0414038301 0.0274067502
v -0.0526381694 -0.0410637818 0.0275892597
v -0.0537518188 -0.0433654115 0.0248584095
v -0.0531244799 -0.0433127806 0.0248606205
v -0.0524988696 -0.0432404205 0.0248606205
v -0.0518782102 -0.0431491695 0.0248584691
v -0.0512651205 -0.0430399105 0.0248544198
v -0.0506611392 -0.0429138504 0.0248485804
v -0.0500677191 -0.0427720509 0.0248410106
v -0.0494579598 -0.0426717885 0.0245565698
v -0.0500426814 -0.0428275988 0.0245649796
v -0.0506390892 -0.0429689214 0.0245723706
v -0.0512461588 -0.0430943891 0.0245785695
v -0.0518624112 -0.0432028696 0.0245835092
v -0.0524863005 -0.0432931706 0.0245872103
v -0.0531150587 -0.0433644615 0.0245893504
v -0.0537455603 -0.0434158407 0.0245900694
v -0.0543748103 -0.0434467085 0.0245890599
v -0.0549999401 -0.0434569716 0.0245849993
v -0.0538220406 -0.0412471183 0.0275733992
v -0.0538294911 -0.0409093387 0.0277230702
v -0.0538145788 -0.04158061 0.0273867194
v -0.0532294512 -0.0411615893 0.0275845509
v -0.0526528284 -0.0407202803 0.0277336203
v -0.0549999401 -0.0407697484 0.0277931001
v -0.0549999401 -0.0407269001 0.02780574
v -0.0538368188 -0.0405758582 0.0278361402
v -0.0549999401 -0.0404885411 0.0278759003
v -0.0538440906 -0.0402520783 0.0279155299
v -0.0549999401 -0.0404095016 0.0278929994
v -0.0549999401 -0.0402012393 0.0279380009
v -0.0538512394 -0.0399417207 0.0279654209
v -0.0549999401 -0.0401041508 0.0279517099
v -0.0549999401 -0.0399106108 0.0279788896
v -0.0538582802 -0.0396472216 0.0279899798
v -0.0549999401 -0.0398133881 0.0279853307
v -0.053872101 -0.0391010009 0.0279852692
v -0.0549999401 -0.0394999906 0.0279999897
v -0.0538652502 -0.0393688604 0.02799326
v -0.0549999401 -0.0395379588 0.0279993992
v -0.0549999401 -0.0396181308 0.0279982593
v -0.0527097508 -0.0394457504 0.0279750209
v -0.0526958108 -0.0397419296 0.0279570799
v -0.0526816808 -0.0400548503 0.0279137399
v -0.0526673086 -0.040382199 0.0278407298
v -0.0528441593 -0.0367702805 0.0278893709
v -0.0539256893 -0.0369750187 0.0279447399
v -0.0538992211 -0.0380346105 0.0279598199
v -0.0549999401 -0.0382120609 0.0279999897
v -0.0549999401 -0.0392723605 0.0279999897
v -0.0496040508 -0.0370486304 0.0277575795
v -0.0505275689 -0.0383950993 0.0278732702
v -0.0504742786 -0.0389413796 0.0279017594
v -0.0504474007 -0.0392361805 0.0278905593
v -0.0504201613 -0.0395481512 0.0278543793
v -0.0503926799 -0.0398752615 0.0277886298
v -0.0503649712 -0.0402139984 0.0276887994
v -0.0503370091 -0.0405590497 0.0275515299
v -0.0499791987 -0.0339577086 0.0277156793
v -0.0509389006 -0.0342181884 0.0277688503
v -0.0508380495 -0.0352463685 0.0277649704
v -0.0518537089 -0.0354949199 0.0278210007
v -0.0517762788 -0.0365393683 0.0278338697
v -0.05279129 -0.0378287397 0.0279149394
v -0.051492691 -0.0404872186 0.0277211592
v -0.0515140817 -0.0401474796 0.0278239194
v -0.0515351817 -0.0398191214 0.0278924704
v -0.0515560508 -0.0395057686 0.0279312693
v -0.0515766703 -0.0392095409 0.0279449206
v -0.0527372882 -0.0388971493 0.0279582106
v -0.0516174398 -0.038661059 0.0279204194
v -0.0516976118 -0.0375941917 0.0278658196
v -0.0506326482 -0.0373329483 0.0278131906
v -0.0507360101 -0.0362839587 0.0277783796
v -0.0497304685 -0.0360074006 0.0277229492
v -0.0498554707 -0.0349776708 0.0277103707
v -0.0489148982 -0.0346927606 0.0276570302
v -0.04905992 -0.0336814485 0.0276638791
v -0.0481976196 -0.0333932005 0.0276132803
v -0.0473962985 -0.033096429 0.0275635701
v -0.0480326414 -0.0343955085 0.0276047494
v -0.0487687513 -0.0357135497 0.0276676398
v -0.0450778008 -0.0354331098 0.0274567604
v -0.0459871814 -0.0357643291 0.0275182705
v -0.0468414389 -0.0361004993 0.0275794193
v -0.0476990305 -0.0364281498 0.0276401006
v -0.0475382209 -0.037413951 0.0276860502
v -0.0486211106 -0.0367455408 0.0276996996
v -0.0484989807 -0.0376012288 0.0277443491
v -0.0485912487 -0.0376192294 0.0277499501
v -0.0439596698 -0.0361487195 0.0274073407
v -0.0430758484 -0.0359301493 0.0273328405
v -0.0422059782 -0.0357615314 0.0272558909
v -0.0413432084 -0.0356358811 0.0271747708
v -0.0404805504 -0.0355478488 0.0270873308
v -0.0394945703 -0.0359767601 0.0269735996
v -0.0465889499 -0.0327922106 0.0275144503
v -0.0444018804 -0.034187071 0.02739048
v -0.0439833887 -0.0320603214 0.0273561999
v -0.0435311086 -0.0339850709 0.0273293201
v -0.0431334302 -0.0319156013 0.0272942707
v -0.0426708981 -0.03382992 0.0272636395
v -0.0422835909 -0.031808909 0.02722531
v -0.0418143198 -0.0337149985 0.0271916892
v -0.0414265282 -0.031735301 0.0271471106
v -0.0409541689 -0.0336351916 0.0271114707
v -0.040556781 -0.0316904113 0.0270575806
v -0.040085189 -0.0335857794 0.0270208698
v -0.0392107889 -0.0335634314 0.0269182902
v -0.0374729596 -0.033589121 0.0266720001
v -0.0364737511 -0.0355027318 0.0265467707
v -0.0383369885 -0.0335654616 0.0268020593
v 0.0213624202 0.0285011493 0.0210957509
v 0.0216527507 0.0282751899 0.0210957509
v 0.0317250416 0.0414280184 0.00949645042
v 0.000883319008 -0.0356074497 0.0210957509
v 0.000483464013 -0.0356124006 0.0210957509
v 0.000708332984 -0.0521762297 0.00949645042
v 0.03269374 0.0406728312 0.00949645042
v 0.0292820893 0.0354528986 0.0138389999
v 0.02822995 0.0352073908 0.0144374296
v 0.0285764895 0.0353125893 0.0142278001
v 0.02892345 0.0353935882 0.0140305096
v 0.02451187 0.0303614102 0.0187131092
v 0.0245470405 0.0307178404 0.0185031202
v 0.0246061608 0.0310755298 0.0182813406
v 0.0246874001 0.0314235017 0.0180548392
v 0.0247923099 0.031769149 0.0178189203
v 0.0261108801 0.0338890515 0.0160801392
v 0.0263721906 0.0341339111 0.0158326607
v 0.0249186102 0.0321047306 0.0175791904
v 0.0250671506 0.0324324891 0.0173340999
v 0.0252368394 0.0327499509 0.0170854907
v 0.0254275203 0.0330565497 0.0168339591
v 0.02563655 0.0333481394 0.0165828392
v 0.0258645993 0.0336260684 0.0163313095
v 0.0266517904 0.0343634412 0.0155857196
v 0.0269299708 0.0345634185 0.0153556401
v 0.02724999 0.0347630903 0.0151074501
v 0.0275667291 0.0349324308 0.0148771396
v 0.0278952103 0.0350813195 0.0146525996
v 0.0246874001 0.0285764895 0.0195937101
v 0.0246052705 0.0289287493 0.0194438007
v 0.0228383504 0.0273251496 0.0210957509
v 0.0245494805 0.0292824507 0.0192796495
v 0.0245375596 0.0293581393 0.0192445498
v 0.0223848801 0.0277053695 0.0210957509
v 0.0245092493 0.0296812002 0.0190832596
v 0.0244999509 0.0299999695 0.0189148095
v 0.0254254304 0.0269465409 0.0200945698
v 0.0239832401 0.0263264105 0.0210957509
v 0.02563655 0.0266517904 0.0201420691
v 0.0243394896 0.0260049701 0.0210957509
v 0.0258184001 0.0264272597 0.0201662704
v 0.0250854995 0.0252808295 0.0210957509
v 0.0252368394 0.02724999 0.0200295392
v 0.0250835996 0.0275343601 0.0199554507
v 0.0233776495 0.0268729292 0.0210957509
v 0.0249186102 0.0278952103 0.0198452398
v 0.0247907005 0.0282353703 0.0197262708
v 0.0269467197 0.0254253093 0.0200945698
v 0.0266517904 0.02563655 0.0201420691
v 0.0261432491 0.0241900608 0.0210957509
v 0.0252691507 0.0251025502 0.0210957509
v 0.0263730194 0.0258653108 0.0201704502
v 0.0261108801 0.0261108801 0.0201798603
v 0.0260109305 0.0262134597 0.0201783702
v 0.0271493103 0.0230515003 0.0210957509
v 0.0289699398 0.0245972797 0.0194255095
v 0.0285764895 0.0246874001 0.0195937101
v 0.0282356702 0.0247906409 0.0197262093
v 0.0278952103 0.0249186102 0.0198452398
v 0.0270270109 0.0231993701 0.0210957509
v 0.0275763199 0.0250627901 0.0199435297
v 0.0261653606 0.0241669994 0.0210957509
v 0.0272655394 0.0252285004 0.0200254302
v 0.02724999 0.0252368394 0.0200295392
v 0.0314235017 0.0246874001 0.0180548392
v 0.0310743395 0.0246059205 0.0182821099
v 0.0281060897 0.0218712594 0.0210957509
v 0.0307178404 0.0245470405 0.0185031202
v 0.0303627793 0.0245119296 0.0187123399
v 0.0299999695 0.0244999509 0.0189148095
v 0.0296427608 0.0245115701 0.0191029292
v 0.0292820893 0.0245470405 0.0192811396
v 0.0278528295 0.0222011209 0.0210957509
v 0.0425096713 0.0302597191 0.00949645042
v 0.0423005782 0.0305584595 0.00949645042
v 0.0343634412 0.0266517904 0.0155857196
v 0.0413715802 0.0318049118 0.00949645042
v 0.0345138907 0.0268575493 0.0154141104
v 0.0411808416 0.0320455395 0.00949645042
v 0.0330556594 0.0254269205 0.0168346707
v 0.0327499509 0.0252368394 0.0170854907
v 0.0290127303 0.0206521694 0.0210957509
v 0.0333481394 0.02563655 0.0165828392
v 0.0341350995 0.0263735596 0.0158314109
v 0.0338890515 0.0261108801 0.0160801392
v 0.0336253606 0.0258639995 0.0163319092
v 0.0324340388 0.0250679199 0.0173329096
v 0.0321047306 0.0249186102 0.0175791904
v 0.0286418106 0.0211734697 0.0210957509
v 0.031937059 0.0248523895 0.0177003704
v 0.0316823088 0.0247635804 0.0178792402
v 0.0397752486 0.03377169 0.00949645042
v 0.0354946218 0.0301375296 0.0134318396
v 0.0404058583 0.0330231115 0.00949645042
v 0.0354999788 0.0299999695 0.0134914499
v 0.0354881212 0.0296390001 0.0136603704
v 0.0354528986 0.0292820893 0.0138389999
v 0.0353937112 0.0289240405 0.0140302097
v 0.0353125893 0.0285764895 0.0142278001
v 0.0352076218 0.0282306597 0.0144369602
v 0.0350813195 0.0278952103 0.0146525996
v 0.0349320099 0.0275658295 0.0148777897
v 0.0347630903 0.02724999 0.0151074501
v 0.0350813195 0.0321047306 0.0127381003
v 0.0394042693 0.0342119895 0.00949645042
v 0.0349693783 0.0323568508 0.0126762297
v 0.0352087617 0.0317658707 0.0128316199
v 0.0353125893 0.0314235017 0.0129374797
v 0.0353944786 0.0310720205 0.0130574703
v 0.0354528986 0.0307178404 0.0131896697
v 0.0354833007 0.0304276906 0.0133061996
v 0.0383677408 0.0353705212 0.00949645042
v 0.0383016393 0.0354401395 0.00949645042
v 0.0347630903 0.0327499509 0.0125939799
v 0.0345736109 0.0330548212 0.0125432601
v 0.036752101 0.0370383188 0.00949645042
v 0.0338890515 0.0338890515 0.0124775702
v 0.0372971185 0.0364977084 0.00949645042
v 0.0341354012 0.0336260088 0.0124848997
v 0.0343634412 0.0333481394 0.0125067802
v 0.0319958292 0.0351216085 0.0127684399
v 0.0321047306 0.0350813195 0.0127381003
v 0.0351417586 0.0385752283 0.00949645042
v 0.0324299298 0.0349340998 0.0126596
v 0.0327499509 0.0347630903 0.0125939799
v 0.0330561884 0.0345726609 0.0125430804
v 0.03619349 0.0375924706 0.00949645042
v 0.0333481394 0.0343634412 0.0125067802
v 0.033555679 0.0341960117 0.01248914
v 0.0337522589 0.0340150483 0.0124823404
v 0.0299999695 0.0354999788 0.0134914499
v 0.0303569399 0.0354883596 0.0133357001
v 0.0334621593 0.0400360785 0.00949645042
v 0.0307178404 0.0354528986 0.0131896697
v 0.0310720205 0.0353944786 0.0130574703
v 0.02966219 0.0354896113 0.01364916
v 0.0314235017 0.0353125893 0.0129374797
v 0.0317124687 0.0352265798 0.0128474198
v 0.0338907205 0.0396809503 0.00949645042
v 0.0350576602 0.0386538506 0.00949645042
v 0 0.0521839187 0.00949645042
v 0 0.0521733686 0.00950378086
v 0.000708332984 0.0521762297 0.00949645042
v 0 0.0515159294 0.00996416807
v 0 0.0488860607 0.0118055902
v 0 0.0436271988 0.0154879
v 0 0.0409981012 0.0173288509
v 0.000483464013 0.0356124006 0.0210957509
v 0 0.03968364 0.0182492696
v 0 0.0383691713 0.0191696193
v 0 0.0370547697 0.0200899802
v 0 0.0357403718 0.0210103299
v 0 0.0356184207 0.0210957509
v 0 -0.0356184207 0.0210957509
v 0 -0.0357403718 0.0210103299
v 0 -0.0370547697 0.0200899802
v 0 -0.0372745916 0.0199360196
v 0 -0.0383691713 0.0191696193
v 0 -0.03968364 0.0182492696
v 0 -0.0399246812 0.0180804096
v 0 -0.0409981012 0.0173288509
v 0 -0.0436271988 0.0154879
v 0 -0.0439001285 0.0152968103
v 0 -0.0488860607 0.0118055902
v 0 -0.0515159294 0.00996416807
v 0 -0.0521733686 0.00950378086
v 0 -0.0521839187 0.00949645042
v 0.0246874001 -0.0314235017 0.0180548392
v 0.02460628 -0.0310760103 0.0182810407
v 0.0216527507 -0.0282751899 0.0210957509
v 0.0245470405 -0.0307178404 0.0185031202
v 0.0245118104 -0.0303609893 0.0187133495
v 0.0285764895 -0.0353125893 0.0142278001
v 0.0282298308 -0.0352073312 0.0144374901
v 0.0317250416 -0.0414280184 0.00949645042
v 0.0278952103 -0.0350813195 0.0146525996
v 0.0275666099 -0.0349323712 0.0148772504
v 0.0250671506 -0.0324324891 0.0173340999
v 0.0249186102 -0.0321047306 0.0175791904
v 0.0247923695 -0.0317693315 0.0178188607
v 0.02724999 -0.0347630903 0.0151074501
v 0.0269299708 -0.0345634185 0.0153556401
v 0.0266517904 -0.0343634412 0.0155857196
v 0.02563655 -0.0333481394 0.0165828392
v 0.0254275706 -0.0330566093 0.0168338995
v 0.0252368394 -0.0327499509 0.0170854907
v 0.0263725501 -0.0341342017 0.0158323608
v 0.0261108801 -0.0338890515 0.0160801392
v 0.0258649494 -0.0336264893 0.0163308904
v 0.0244999509 -0.0299999695 0.0189148095
v 0.0245092493 -0.0296807792 0.0190834403
v 0.0223848801 -0.0277053695 0.0210957509
v 0.0314235017 -0.0353125893 0.0129374797
v 0.0334621593 -0.0400360785 0.00949645042
v 0.0317112803 -0.0352270007 0.0128477803
v 0.0338907205 -0.0396809503 0.00949645042
v 0.0319979712 -0.0351242386 0.0127662998
v 0.0310712997 -0.0353946015 0.01305776
v 0.0307178404 -0.0354528986 0.0131896697
v 0.0303571206 -0.0354883596 0.0133356396
v 0.0299999695 -0.0354999788 0.0134914499
v 0.02966219 -0.0354896113 0.01364916
v 0.03269374 -0.0406728312 0.00949645042
v 0.0292820893 -0.0354528986 0.0138389999
v 0.0289256498 -0.0353940092 0.0140293203
v 0.0327499509 -0.0347630903 0.0125939799
v 0.0324319601 -0.0349330902 0.0126591297
v 0.0351417586 -0.0385752283 0.00949645042
v 0.03619349 -0.0375924706 0.00949645042
v 0.036752101 -0.0370383188 0.00949645042
v 0.0337554216 -0.0340182707 0.01247954
v 0.0335564613 -0.0341953598 0.01248914
v 0.0333481394 -0.0343634412 0.0125067802
v 0.0330538116 -0.0345742702 0.0125434296
v 0.0350576602 -0.0386538506 0.00949645042
v 0.0321032405 -0.0350778587 0.0127403103
v 0.0383016393 -0.0354401395 0.00949645042
v 0.0349693783 -0.0323568508 0.0126762297
v 0.0347630903 -0.0327499509 0.0125939799
v 0.0345743783 -0.0330536291 0.0125434296
v 0.0343634412 -0.0333481394 0.0125067802
v 0.0372971185 -0.0364977084 0.00949645042
v 0.0341346785 -0.0336268507 0.0124848401
v 0.0338890515 -0.0338890515 0.0124775702
v 0.0353948399 -0.0310701095 0.01305818
v 0.0353125893 -0.0314235017 0.0129374797
v 0.0397752486 -0.03377169 0.00949645042
v 0.0354982018 -0.0301401597 0.0134289199
v 0.0354832411 -0.0304286405 0.0133057795
v 0.0354528986 -0.0307178404 0.0131896697
v 0.0352081582 -0.0317677185 0.01283109
v 0.0350813195 -0.0321047306 0.0127381003
v 0.0394042693 -0.0342119895 0.00949645042
v 0.0383677408 -0.0353705212 0.00949645042
v 0.0353125893 -0.0285764895 0.0142278001
v 0.0353937708 -0.0289244596 0.0140299704
v 0.0411808416 -0.0320455395 0.00949645042
v 0.035207741 -0.0282310806 0.0144367199
v 0.0347630903 -0.02724999 0.0151074501
v 0.0349321887 -0.0275661908 0.0148775503
v 0.0350813195 -0.0278952103 0.0146525996
v 0.0354528986 -0.0292820893 0.0138389999
v 0.0354879387 -0.0296366792 0.0136615001
v 0.0354999788 -0.0299999695 0.0134914499
v 0.0404058583 -0.0330231115 0.00949645042
v 0.0281060897 -0.0218712594 0.0210957509
v 0.0319495201 -0.0248616897 0.0176894609
v 0.0286418106 -0.0211734697 0.0210957509
v 0.0321047306 -0.0249186102 0.0175791904
v 0.0290127303 -0.0206521694 0.0210957509
v 0.0324336812 -0.0250677392 0.0173331406
v 0.0327499509 -0.0252368394 0.0170854907
v 0.0330553614 -0.0254267398 0.0168349706
v 0.0333481394 -0.02563655 0.0165828392
v 0.0336267315 -0.0258651897 0.0163306501
v 0.0425096713 -0.0302597191 0.00949645042
v 0.0338890515 -0.0261108801 0.0160801392
v 0.0341349207 -0.0263733808 0.0158315804
v 0.0343634412 -0.0266517904 0.0155857196
v 0.0345138907 -0.0268575493 0.0154141104
v 0.0413715802 -0.0318049118 0.00949645042
v 0.0423005782 -0.0305584595 0.00949645042
v 0.0299999695 -0.0244999509 0.0189148095
v 0.0303628407 -0.0245119296 0.0187122803
v 0.0307178404 -0.0245470405 0.0185031202
v 0.0310745798 -0.0246059801 0.0182819292
v 0.0314235017 -0.0246874001 0.0180548392
v 0.0316826105 -0.0247636996 0.0178790595
v 0.0272651296 -0.0252281409 0.0200258996
v 0.0275779907 -0.0250619594 0.0199430492
v 0.0270270109 -0.0231993701 0.0210957509
v 0.0282336399 -0.0247913003 0.0197269302
v 0.0285764895 -0.0246874001 0.0195937101
v 0.0271493103 -0.0230515003 0.0210957509
v 0.0289699398 -0.0245972797 0.0194255095
v 0.0278528295 -0.0222011209 0.0210957509
v 0.0292820893 -0.0245470405 0.0192811396
v 0.0296421591 -0.0245116297 0.0191032197
v 0.0278952103 -0.0249186102 0.0198452398
v 0.0252691507 -0.0251025502 0.0210957509
v 0.0250854995 -0.0252808295 0.0210957509
v 0.0260135494 -0.0262161996 0.0201753303
v 0.0261108801 -0.0261108801 0.0201798603
v 0.0263749901 -0.0258635804 0.0201703291
v 0.0261432491 -0.0241900608 0.0210957509
v 0.0266517904 -0.02563655 0.0201420691
v 0.0269446298 -0.0254266802 0.0200949293
v 0.0261653606 -0.0241669994 0.0210957509
v 0.0272502806 -0.02523732 0.0200291201
v 0.0250835996 -0.0275343601 0.0199554507
v 0.0252368394 -0.02724999 0.0200295392
v 0.0239832401 -0.0263264105 0.0210957509
v 0.0254266206 -0.0269447509 0.0200949293
v 0.0243394896 -0.0260049701 0.0210957509
v 0.02563655 -0.0266517904 0.0201420691
v 0.0258172099 -0.0264286306 0.0201662108
v 0.0247911196 -0.0282342397 0.0197266899
v 0.0249186102 -0.0278952103 0.0198452398
v 0.0228383504 -0.0273251496 0.0210957509
v 0.0245395303 -0.0293609407 0.0192420408
v 0.0245470405 -0.0292820893 0.0192811396
v 0.0246051494 -0.0289294701 0.0194435101
v 0.0246874001 -0.0285764895 0.0195937101
v 0.0233776495 -0.0268729292 0.0210957509
v 0.00346922805 -0.0354490206 0.0210957509
v 0.00293296506 -0.0520982705 0.00949645042
v 0.00423514796 -0.0520117804 0.00949645042
v 0.00351685192 -0.0354434811 0.0210957509
v 0.00113052095 -0.0521716401 0.00949645042
v 0.00268399692 -0.0521148406 0.00949645042
v 0.00200194097 -0.0355593488 0.0210957509
v 0.00217771507 -0.035551779 0.0210957509
v 0.00515210582 -0.0519233309 0.00949645042
v 0.00578254415 -0.0518625304 0.00949645042
v 0.00475615216 -0.0352994204 0.0210957509
v 0.00732475519 -0.0516672693 0.00949645042
v 0.00502490904 -0.0352582298 0.0210957509
v 0.00736266281 -0.0516613089 0.00949645042
v 0.00603675796 -0.0351030789 0.0210957509
v 0.00886052754 -0.0514261685 0.00949645042
v 0.00652384711 -0.0350102112 0.0210957509
v 0.00955843925 -0.0512952209 0.00949645042
v 0.00730943587 -0.0348603092 0.0210957509
v 0.0103883697 -0.0511394106 0.00949645042
v 0.00801110175 -0.0346998498 0.0210957509
v 0.0117383003 -0.0508441888 0.00949645042
v 0.00857239868 -0.0345714018 0.0210957509
v 0.0160281006 -0.0496569201 0.00949645042
v 0.0163942501 -0.0495417714 0.00949645042
v 0.0122866603 -0.0334321186 0.0210957509
v 0.0178626701 -0.0490314886 0.00949645042
v 0.0123761203 -0.0333973691 0.0210957509
v 0.0119070401 -0.0508072898 0.00949645042
v 0.0134151503 -0.0504301116 0.00949645042
v 0.00948411226 -0.0343276784 0.0210957509
v 0.0138953896 -0.0502946302 0.00949645042
v 0.00982403662 -0.0342367813 0.0210957509
v 0.0149113499 -0.0500081107 0.00949645042
v 0.0109403701 -0.0338943601 0.0210957509
v 0.0110626798 -0.0338568613 0.0210957509
v 0.0181316696 -0.048928909 0.00949645042
v 0.0193152409 -0.0484776385 0.00949645042
v 0.0134944301 -0.0329631492 0.0210957509
v 0.0202013198 -0.0481092297 0.00949645042
v 0.0137882195 -0.0328366086 0.0210957509
v 0.02075064 -0.0478807613 0.00949645042
v 0.0146843102 -0.0324506089 0.0210957509
v 0.0221676808 -0.0472414382 0.00949645042
v 0.01517558 -0.0322174393 0.0210957509
v 0.0222366396 -0.0472078286 0.00949645042
v 0.0158547703 -0.0318951011 0.0210957509
v 0.0235649906 -0.0465602204 0.00949645042
v 0.0165359303 -0.0315408707 0.0210957509
v 0.0242276695 -0.0462123118 0.00949645042
v 0.0170042496 -0.0312973782 0.0210957509
v 0.0249413792 -0.0458376408 0.00949645042
v 0.0178669002 -0.0308081508 0.0210957509
v 0.0261786506 -0.0451403186 0.00949645042
v 0.0181312505 -0.0306582395 0.0210957509
v 0.0314677283 -0.0416285917 0.00949645042
v 0.0213624202 -0.0285011493 0.0210957509
v 0.0302137695 -0.0425474606 0.00949645042
v 0.0204284694 -0.0291749798 0.0210957509
v 0.0299291592 -0.0427432582 0.00949645042
v 0.0203117691 -0.0292591993 0.0210957509
v 0.0289330408 -0.0434285402 0.00949645042
v 0.0192342401 -0.0299785696 0.0210957509
v 0.0280781891 -0.0439798795 0.00949645042
v 0.0191661697 -0.0300205294 0.0210957509
v 0.0276266299 -0.0442711115 0.00949645042
v 0.0262956601 -0.04507434 0.00949645042
v 0.0293928906 -0.02011781 0.0210957509
v 0.0431920215 -0.0292849503 0.00949645042
v 0.0298676994 -0.0193962995 0.0210957509
v 0.0437608287 -0.0284185391 0.00949645042
v 0.0301051103 -0.0190355107 0.0210957509
v 0.0314091407 -0.0167968795 0.0210957509
v 0.0449356996 -0.0265278798 0.00949645042
v 0.0456334315 -0.0253129601 0.00949645042
v 0.0314164087 -0.0167826395 0.0210957509
v 0.0440451987 -0.0279853903 0.00949645042
v 0.0448592305 -0.0266610291 0.00949645042
v 0.0306695607 -0.0181057993 0.0210957509
v 0.0307775103 -0.0179280601 0.0210957509
v 0.0460229516 -0.0245854203 0.00949645042
v 0.0463672206 -0.0239424706 0.00949645042
v 0.0319992304 -0.01564347 0.0210957509
v 0.0470341407 -0.0226022601 0.00949645042
v 0.03210067 -0.0154260304 0.0210957509
v 0.0470597707 -0.0225507598 0.00949645042
v 0.0325469896 -0.0144693796 0.0210957509
v 0.0477105901 -0.0211389605 0.00949645042
v 0.0327277109 -0.0140421297 0.0210957509
v 0.0479509793 -0.0205738507 0.00949645042
v 0.0330517218 -0.0132761002 0.0210957509
v 0.0483191013 -0.0197084509 0.00949645042
v 0.0332963988 -0.0126333199 0.0210957509
v 0.0487869307 -0.0185107496 0.00949645042
v 0.0335126482 -0.0120652895 0.0210957509
v 0.0501854382 -0.0142851397 0.00949645042
v 0.0503194295 -0.0138243996 0.00949645042
v 0.0346273705 -0.00834357738 0.0210957509
v 0.0507088788 -0.01231944 0.00949645042
v 0.0346411988 -0.00828111079 0.0210957509
v 0.0488846786 -0.0182604697 0.00949645042
v 0.0494069383 -0.0167962294 0.00949645042
v 0.0338058397 -0.0112019703 0.0210957509
v 0.0495309792 -0.0164127909 0.00949645042
v 0.0339292809 -0.0108385002 0.0210957509
v 0.0498853289 -0.0153171401 0.00949645042
v 0.0342551395 -0.0097506037 0.0210957509
v 0.0343010388 -0.00959736109 0.0210957509
v 0.0507513806 -0.0121322796 0.00949645042
v 0.0510533415 -0.0108035197 0.00949645042
v 0.0349079296 -0.00707870722 0.0210957509
v 0.0512195192 -0.00995606091 0.00949645042
v 0.0349599682 -0.00679552509 0.0210957509
v 0.0513525009 -0.00927805901 0.00949645042
v 0.0351422392 -0.00580447912 0.0210957509
v 0.0516029485 -0.0077632661 0.00949645042
v 0.0352164507 -0.00529801799 0.0210957509
v 0.0516060516 -0.00774431182 0.00949645042
v 0.0353301093 -0.00452256203 0.0210957509
v 0.0518138409 -0.00620371103 0.00949645042
v 0.0354102217 -0.00379115297 0.0210957509
v 0.0518817902 -0.00555473519 0.00949645042
v 0.0354712009 -0.003234684 0.0210957509
v 0.05197566 -0.00465756608 0.00949645042
v 0.0355409905 -0.00227749301 0.0210957509
v 0.0520741902 -0.00333702494 0.00949645042
v 0.0355653688 -0.00194251502 0.0210957509
v 0.0520913005 -0.00310736801 0.00949645042
v 0.0521607287 -0.001554369 0.00949645042
v 0.0356084108 -0.000759679999 0.0210957509
v 0.0521673486 -0.00111299695 0.00949645042
v 0.0356125198 -0.000647798006 0.0210957509
v 0.0521839187 0 0.00949645042
v 0.0356125198 0.000647798006 0.0210957509
v 0.0521673486 0.00111299695 0.00949645042
v 0.0356084108 0.000759679999 0.0210957509
v 0.0521607287 0.001554369 0.00949645042
v 0.0355653688 0.00194251502 0.0210957509
v 0.0520913005 0.00310736801 0.00949645042
v 0.0355409905 0.00227749301 0.0210957509
v 0.0520741902 0.00333702494 0.00949645042
v 0.0354712009 0.003234684 0.0210957509
v 0.05197566 0.00465756608 0.00949645042
v 0.0354102217 0.00379115297 0.0210957509
v 0.0518817902 0.00555473519 0.00949645042
v 0.0353301093 0.00452256203 0.0210957509
v 0.0518138409 0.00620371103 0.00949645042
v 0.0516060516 0.00774431182 0.00949645042
v 0.0352164507 0.00529801799 0.0210957509
v 0.0516029485 0.0077632661 0.00949645042
v 0.0351422392 0.00580447912 0.0210957509
v 0.0513525009 0.00927805901 0.00949645042
v 0.0349599682 0.00679552509 0.0210957509
v 0.0512195192 0.00995606091 0.00949645042
v 0.0349079296 0.00707870722 0.0210957509
v 0.0510533415 0.0108035197 0.00949645042
v 0.0346411988 0.00828111079 0.0210957509
v 0.0507513806 0.0121322796 0.00949645042
v 0.0346273705 0.00834357738 0.0210957509
v 0.0507088788 0.01231944 0.00949645042
v 0.0343010388 0.00959736109 0.0210957509
v 0.0503194295 0.0138243996 0.00949645042
v 0.0501854382 0.0142851397 0.00949645042
v 0.0342551395 0.0097506037 0.0210957509
v 0.0498853289 0.0153171401 0.00949645042
v 0.0339292809 0.0108385002 0.0210957509
v 0.0495309792 0.0164127909 0.00949645042
v 0.0338058397 0.0112019703 0.0210957509
v 0.0494069383 0.0167962294 0.00949645042
v 0.0335126482 0.0120652895 0.0210957509
v 0.0488846786 0.0182604697 0.00949645042
v 0.0332963988 0.0126333199 0.0210957509
v 0.0487869307 0.0185107496 0.00949645042
v 0.0330517218 0.0132761002 0.0210957509
v 0.0483191013 0.0197084509 0.00949645042
v 0.0327277109 0.0140421297 0.0210957509
v 0.0479509793 0.0205738507 0.00949645042
v 0.0325469896 0.0144693796 0.0210957509
v 0.0477105901 0.0211389605 0.00949645042
v 0.0470597707 0.0225507598 0.00949645042
v 0.03210067 0.0154260304 0.0210957509
v 0.0470341407 0.0226022601 0.00949645042
v 0.0319992304 0.01564347 0.0210957509
v 0.0463672206 0.0239424706 0.00949645042
v 0.0314164087 0.0167826395 0.0210957509
v 0.0460229516 0.0245854203 0.00949645042
v 0.0314091407 0.0167968795 0.0210957509
v 0.0456334315 0.0253129601 0.00949645042
v 0.0307775103 0.0179280601 0.0210957509
v 0.0449356996 0.0265278798 0.00949645042
v 0.0306695607 0.0181057993 0.0210957509
v 0.0448592305 0.0266610291 0.00949645042
v 0.0301051103 0.0190355107 0.0210957509
v 0.0440451987 0.0279853903 0.00949645042
v 0.0298676994 0.0193962995 0.0210957509
v 0.0437608287 0.0284185391 0.00949645042
v 0.0293928906 0.02011781 0.0210957509
v 0.0431920215 0.0292849503 0.00949645042
v 0.0192342401 0.0299785696 0.0210957509
v 0.0299291592 0.0427432582 0.00949645042
v 0.0289330408 0.0434285402 0.00949645042
v 0.0191661697 0.0300205294 0.0210957509
v 0.0314677283 0.0416285917 0.00949645042
v 0.0302137695 0.0425474606 0.00949645042
v 0.0204284694 0.0291749798 0.0210957509
v 0.0203117691 0.0292591993 0.0210957509
v 0.0280781891 0.0439798795 0.00949645042
v 0.0276266299 0.0442711115 0.00949645042
v 0.0181312505 0.0306582395 0.0210957509
v 0.0262956601 0.04507434 0.00949645042
v 0.0178669002 0.0308081508 0.0210957509
v 0.0261786506 0.0451403186 0.00949645042
v 0.0170042496 0.0312973782 0.0210957509
v 0.0249413792 0.0458376408 0.00949645042
v 0.0165359303 0.0315408707 0.0210957509
v 0.0242276695 0.0462123118 0.00949645042
v 0.0158547703 0.0318951011 0.0210957509
v 0.0235649906 0.0465602204 0.00949645042
v 0.01517558 0.0322174393 0.0210957509
v 0.0222366396 0.0472078286 0.00949645042
v 0.0146843102 0.0324506089 0.0210957509
v 0.0221676808 0.0472414382 0.00949645042
v 0.02075064 0.0478807613 0.00949645042
v 0.0137882195 0.0328366086 0.0210957509
v 0.0202013198 0.0481092297 0.00949645042
v 0.0134944301 0.0329631492 0.0210957509
v 0.0193152409 0.0484776385 0.00949645042
v 0.0123761203 0.0333973691 0.0210957509
v 0.0181316696 0.048928909 0.00949645042
v 0.0122866603 0.0334321186 0.0210957509
v 0.0178626701 0.0490314886 0.00949645042
v 0.0110626798 0.0338568613 0.0210957509
v 0.0163942501 0.0495417714 0.00949645042
v 0.0160281006 0.0496569201 0.00949645042
v 0.0109403701 0.0338943601 0.0210957509
v 0.0149113499 0.0500081107 0.00949645042
v 0.00982403662 0.0342367813 0.0210957509
v 0.0138953896 0.0502946302 0.00949645042
v 0.00948411226 0.0343276784 0.0210957509
v 0.0134151503 0.0504301116 0.00949645042
v 0.00857239868 0.0345714018 0.0210957509
v 0.0119070401 0.0508072898 0.00949645042
v 0.00801110175 0.0346998498 0.0210957509
v 0.0117383003 0.0508441888 0.00949645042
v 0.00730943587 0.0348603092 0.0210957509
v 0.0103883697 0.0511394106 0.00949645042
v 0.00652384711 0.0350102112 0.0210957509
v 0.00955843925 0.0512952209 0.00949645042
v 0.00603675796 0.0351030789 0.0210957509
v 0.00886052754 0.0514261685 0.00949645042
v 0.00502490904 0.0352582298 0.0210957509
v 0.00736266281 0.0516613089 0.00949645042
v 0.00475615216 0.0352994204 0.0210957509
v 0.00113052095 0.0521716401 0.00949645042
v 0.000883319008 0.0356074497 0.0210957509
v 0.00268399692 0.0521148406 0.00949645042
v 0.00200194097 0.0355593488 0.0210957509
v 0.00293296506 0.0520982705 0.00949645042
v 0.00217771507 0.035551779 0.0210957509
v 0.00423514796 0.0520117804 0.00949645042
v 0.00346922805 0.0354490206 0.0210957509
v 0.00515210582 0.0519233309 0.00949645042
v 0.00351685192 0.0354434811 0.0210957509
v 0.00578254415 0.0518625304 0.00949645042
v 0.00732475519 0.0516672693 0.00949645042
v -0.0294831898 0.0421062112 0.0151678296
v -0.0287817698 0.0423259698 0.0151142403
v -0.0287597701 0.0428312384 0.0138823297
v -0.02805846 0.0430817008 0.0138399601
v -0.0287476107 0.0430807993 0.0132663799
v -0.0301670991 0.0421006009 0.0145957395
v -0.0301824193 0.0418840013 0.0152222496
v -0.0470514782 0.0426763184 0.0176510196
v -0.0470582806 0.0425341688 0.0191034004
v -0.0462869406 0.0423843786 0.0190624502
v -0.0478151999 0.0430512987 0.0147629296
v -0.0294080302 0.0432561003 0.0120620104
v -0.0300944392 0.0429371484 0.0120898997
v -0.0301151201 0.0427339599 0.01271623
v -0.0360512696 0.0418974683 0.00964677334
v -0.0360677801 0.0418245718 0.0103176804
v -0.0352719985 0.0418848284 0.0103050396
v -0.0321198702 0.0428313613 0.00893521309
v -0.0313804708 0.043141719 0.00893157721
v -0.0313670598 0.0432041809 0.00857484341
v -0.0316350982 0.0431285985 0.00744897081
v -0.0321252309 0.0429302417 0.00744897081
v -0.0321113989 0.0429258905 0.00783049967
v -0.0328675508 0.0426509902 0.00783121493
v -0.0328611694 0.0426445603 0.00820970535
v -0.0357136093 0.042064961 0.00744902994
v -0.0360131785 0.0420341417 0.00744902994
v -0.0360205099 0.0420291387 0.00821363926
v -0.0368663594 0.0418090187 0.0103284102
v -0.0470260307 0.0433059894 0.00965165999
v -0.0454631411 0.0431323014 0.00965529587
v -0.0454577208 0.0431949385 0.00892812014
v -0.0470276996 0.0432603285 0.0103796097
v -0.0062584281 0.0449222289 0.0148045998
v -0.0062490101 0.0436735712 0.0157674495
v -0.00547033502 0.0436777994 0.0157127902
v 0 0.05324113 0.00765830185
v 0 0.0532415509 0.00764960004
v -0.000792800973 0.0532415509 0.00764870597
v -0.00551468087 0.0529638492 0.00744861318
v -0.00632941723 0.0528647304 0.00744861318
v -0.00633287383 0.0528635308 0.00784087088
v -0.00735306693 0.0527402088 0.00744861318
v -0.00790244341 0.0526537783 0.00744861318
v -0.00790715218 0.0526513383 0.00783896446
v -0.0124913398 0.0468145013 0.01310986
v -0.0125095798 0.047938399 0.0120769702
v -0.0140469 0.0476744696 0.0121195903
v -0.0125871301 0.0514330193 0.00874662306
v -0.0125911804 0.0515330993 0.00857359078
v -0.0141324401 0.0511405393 0.00857013371
v -0.0156640392 0.0507792197 0.00838899612
v -0.0156634394 0.0508353114 0.00820630696
v -0.0171787702 0.0503468513 0.00820422079
v -0.0181381106 0.05006551 0.00744879199
v -0.0186563693 0.0498675108 0.00744879199
v -0.0186687093 0.0498635694 0.00782883074
v -0.0171746593 0.0503806397 0.00801837444
v -0.0171688106 0.0503991805 0.00782996416
v -0.0223070905 0.0456581116 0.0123841101
v -0.0215724092 0.0458800718 0.0123575302
v -0.0215852205 0.0467153713 0.0112236701
v -0.000773528009 0.0331553817 0.0219895802
v -0.00924181938 0.0333496891 0.0227210503
v -0.0184710603 0.0382239185 0.0218209606
v -0.0184674207 0.0379140899 0.0220674202
v -0.0154225798 0.0377930403 0.0216870904
v -0.0139445597 0.0411904417 0.0184178893
v -0.0154731199 0.0411507413 0.0185604598
v -0.0154647799 0.0406296216 0.0190934502
v -0.0169874392 0.0405993387 0.0192465708
v -0.0185036603 0.0405578017 0.0194031
v -0.01849645 0.0400841795 0.01995253
v -0.0357041284 0.0363558494 0.0263769608
v -0.0357120596 0.0360348187 0.0264145695
v -0.0349665806 0.0359274112 0.0262722299
v -0.0349578187 0.0362491012 0.0262346808
v -0.0349492393 0.0365671515 0.0261652991
v -0.0356963202 0.0366732404 0.0263075791
v -0.0349403583 0.0368787609 0.0260655805
v -0.0259721205 0.0395398699 0.0214553997
v -0.0244916007 0.0395644307 0.0212508403
v -0.0244913604 0.0399305187 0.0206668898
v -0.0325675011 0.0394617282 0.0224559307
v -0.0333155282 0.0394967087 0.0225744806
v -0.0333250687 0.0393893681 0.0228940807
v -0.0355351493 0.0400763713 0.0209460203
v -0.0363007709 0.0401458703 0.02104914
v -0.0363293812 0.0399072692 0.0223906003
v -0.0376814604 0.0363366604 0.0267169401
v -0.0377756283 0.0363516212 0.0267290398
v -0.0377790295 0.0360273682 0.0267517492
v -0.0373843312 0.0369322784 0.0265990403
v -0.0371958613 0.0369020104 0.0265721008
v -0.0371928811 0.0370590612 0.0265225694
v -0.0371897817 0.0372141488 0.0264670197
v -0.0375670083 0.0372757912 0.0265201293
v -0.0470645986 0.0376845486 0.0276824795
v -0.0461122282 0.0385693908 0.0275218394
v -0.0463029705 0.0386072285 0.0275410395
v -0.0463019013 0.0382524095 0.0276050493
v -0.0470695384 0.0394535586 0.0273951795
v -0.0370951183 0.0400086604 0.0224965196
v -0.0371078812 0.0398899317 0.0231698696
v -0.0378741585 0.0400126502 0.0232715607
v -0.0378795192 0.0399300382 0.0236046892
v -0.0385693312 0.0408914015 0.0185706001
v -0.0393423401 0.0410297513 0.0186260901
v -0.0393797085 0.0406146012 0.0213843491
v -0.0408810899 0.0413517281 0.0187278297
v -0.0424228311 0.0416611992 0.0188261196
v -0.0424557291 0.0412551686 0.0216453001
v -0.0463227592 0.0418690406 0.0233969595
v -0.04708606 0.0420597084 0.0234584194
v -0.0470896289 0.0419788882 0.0241737906
v -0.0321043096 0.0350802504 0.0257499795
v -0.0319960713 0.0351223908 0.0257323291
v -0.0319935009 0.0352022611 0.0257337596
v -0.0277132299 0.0350020491 0.0250155292
v -0.0275051501 0.0348994099 0.0249845292
v -0.0275043808 0.0350456797 0.02497923
v -0.0399908982 0.0423688218 0.00820583105
v -0.0406940505 0.0425022207 0.00744902994
v -0.0407665893 0.0425313711 0.00820374396
v -0.0407564603 0.0425150283 0.00744902994
v -0.0410123989 0.0425676703 0.00744909002
v -0.0396917388 0.0422963984 0.0074489112
v -0.0397018082 0.0422981903 0.0074489112
v -0.0399775505 0.0423548818 0.00744897081
v -0.0391951203 0.0422063395 0.00744897081
v -0.0392547213 0.0422164202 0.00821101572
v -0.0388773605 0.0421487615 0.00744902994
v -0.0384307504 0.0420898683 0.00821113493
v -0.0388011299 0.0421349406 0.00744902994
v -0.0281288605 0.0452142283 0.0074489112
v -0.0286378209 0.0448851511 0.0074489112
v -0.0286561791 0.0448815189 0.00763761904
v -0.0294601899 0.0443534814 0.00744885206
v -0.0299759507 0.0440183207 0.00763869192
v -0.0296859108 0.0442075096 0.00744885206
v -0.0299827401 0.0440147482 0.0074489112
v -0.0281112101 0.0452247187 0.0074489112
v -0.0272879601 0.0457259417 0.0076375599
v -0.0272755604 0.0457246788 0.0074489112
v -0.0244913604 0.034373641 0.0245280191
v -0.0269261505 0.0345608518 0.0248922706
v -0.0266616903 0.034371011 0.0248472597
v -0.0266519692 0.0343632102 0.0248456001
v -0.0274217092 0.0348582193 0.0249720793
v -0.0272504594 0.0347622596 0.0249452498
v -0.0244910102 0.0347577296 0.0245216396
v -0.0272019506 0.0347350799 0.0249376204
v -0.0270351693 0.0346297584 0.0249102097
v -0.0304780602 0.0354791209 0.0254594609
v -0.0301546995 0.0354977809 0.0253989603
v -0.0304858591 0.0357034802 0.0254319292
v -0.0299999695 0.0354975984 0.0253709499
v -0.0298321806 0.0354974195 0.0253405496
v -0.0295105502 0.035478171 0.0252848193
v -0.0291900598 0.0354400203 0.0252321307
v -0.0289539602 0.0353996083 0.0251950603
v -0.0275008604 0.03540897 0.02493768
v -0.0292823296 0.0354509912 0.0252472702
v -0.0286334697 0.0353274904 0.0251469593
v -0.0285768509 0.0353111587 0.0251387898
v -0.0283195302 0.035236951 0.0251017194
v -0.0280126296 0.0351283513 0.0250583794
v -0.0279150605 0.0350872204 0.0250444394
v -0.0278961007 0.0350791812 0.0250416901
v -0.0309046507 0.0354250595 0.0255404692
v -0.0308021903 0.0354411602 0.0255210306
v -0.0307176709 0.0354510508 0.0255050007
v -0.0304917004 0.0354775712 0.0254620295
v -0.0314229093 0.0353104398 0.0256353002
v -0.0312224608 0.0353624187 0.0255996492
v -0.0319833718 0.0355353914 0.0257290602
v -0.0309584104 0.0354144499 0.0255504791
v -0.0319736004 0.0358675085 0.0256906692
v -0.0318425782 0.035182111 0.0257072393
v -0.0318404399 0.0351828299 0.0257068798
v -0.0315349102 0.0352814682 0.0256552603
v -0.0321456715 0.0350641608 0.0257567093
v -0.0334852301 0.035397701 0.0260006692
v -0.0478249118 0.0427011214 0.0191428605
v -0.0478292108 0.0425657593 0.0206012093
v -0.0478342101 0.0424233004 0.0220593195
v -0.0463095903 0.0420403406 0.0219513103
v -0.0470662713 0.0423797891 0.0205546599
v -0.047075741 0.0422173105 0.0220060293
v -0.0455244705 0.0420692489 0.0204567295
v -0.0455126092 0.0422459207 0.0190193597
v -0.043980591 0.0417689011 0.0203480702
v -0.0439664088 0.0419594608 0.0189252999
v -0.0478397012 0.0422854982 0.0235181991
v -0.0478411317 0.0422526002 0.0238829199
v -0.0478414781 0.0422108695 0.0242413804
v -0.0478413701 0.0421422087 0.0245950203
v -0.0478410088 0.0420429111 0.0249416791
v -0.0455380604 0.0418838784 0.0218951106
v -0.0370187089 0.0406890512 0.0184416696
v -0.037794169 0.0407776795 0.01850974
v -0.037839409 0.0403424501 0.0212324206
v -0.0386100411 0.0404692814 0.0213117506
v -0.0386313088 0.0402594805 0.0226827804
v -0.0393995605 0.0404083095 0.0227639005
v -0.0394089818 0.0403011404 0.0234469101
v -0.0478402898 0.0419145785 0.0252794009
v -0.0478392802 0.0417584106 0.0256054904
v -0.0470895097 0.0419112407 0.0245210491
v -0.0470888615 0.0418142602 0.0248619299
v -0.0470877215 0.0416890904 0.02519482
v -0.0470861085 0.0415369198 0.0255168006
v -0.0470820591 0.0411515199 0.0261160098
v -0.0470842086 0.0413574502 0.0258246604
v -0.0470756218 0.0403897688 0.0268683396
v -0.0470777117 0.0406659208 0.0266400501
v -0.0470799208 0.0409205481 0.02638858
v -0.0470735393 0.040094249 0.0270714108
v -0.0470714495 0.0397814512 0.0272474196
v -0.0439963304 0.0415699407 0.0217736308
v -0.0455527902 0.0417035185 0.0233340207
v -0.0463274084 0.0417836308 0.0241073295
v -0.0463274084 0.0417158604 0.0244513098
v -0.046326749 0.0416194685 0.0247893296
v -0.0463256203 0.0414956212 0.0251198392
v -0.0463238917 0.0413452908 0.0254399106
v -0.0463218018 0.0411682688 0.0257464591
v -0.0463195406 0.0409653112 0.0260370299
v -0.0463171601 0.0407376215 0.0263094306
v -0.0463148318 0.0404866301 0.0265613701
v -0.0463125706 0.0402143002 0.0267907903
v -0.0463103615 0.0399228297 0.0269956496
v -0.0463082083 0.0396142006 0.02717405
v -0.0463062488 0.0392902382 0.0273246095
v -0.0463044606 0.0389538407 0.0274468604
v -0.0455431305 0.0391352102 0.0272370502
v -0.0455443785 0.0394564793 0.0270867907
v -0.045545809 0.0397625491 0.0269093495
v -0.0455472991 0.0400515683 0.0267061498
v -0.0455488488 0.0403218195 0.0264788792
v -0.0455505215 0.0405710898 0.0262291394
v -0.04555225 0.0407972299 0.0259589497
v -0.0455540419 0.0409991108 0.0256703999
v -0.0455557108 0.0411753617 0.0253658202
v -0.0455570184 0.0413253307 0.0250476506
v -0.0455578491 0.0414492413 0.0247191098
v -0.0455581509 0.0415460989 0.02438288
v -0.0455579087 0.0416147709 0.0240407493
v -0.0440131985 0.0413759314 0.0231985394
v -0.047067821 0.039113339 0.0275137406
v -0.0478284918 0.0389249884 0.0276769903
v -0.0478278883 0.0385633111 0.0277280807
v -0.0478274785 0.0382000804 0.0277477503
v -0.0470644794 0.0378665887 0.0276873708
v -0.0470663309 0.0387634002 0.0276020095
v -0.0470653102 0.0384056494 0.0276586395
v -0.047064539 0.0380480215 0.0276864693
v -0.0463018417 0.0375362597 0.0276327692
v -0.0461114012 0.0374997817 0.0276161395
v -0.0463014804 0.0377169214 0.0276387893
v -0.0461110994 0.0376802608 0.0276200697
v -0.0463013016 0.0378970988 0.0276375394
v -0.0461109802 0.0378602706 0.0276169106
v -0.0463014804 0.0380749702 0.0276259705
v -0.046111159 0.0380381308 0.0276046302
v -0.0461114012 0.0382154509 0.0275840107
v -0.0401117206 0.0411903188 0.0186780002
v -0.040915899 0.0409390293 0.02151745
v -0.0424739718 0.0410529897 0.0230554305
v -0.0424816012 0.040952079 0.0237481501
v -0.04248368 0.0408776887 0.0240843203
v -0.0424855314 0.0407767184 0.0244140606
v -0.0424870811 0.0406504795 0.0247355606
v -0.0424883887 0.0404999182 0.0250461604
v -0.0424895808 0.0403247401 0.0253428798
v -0.0440210104 0.0404602215 0.0257902108
v -0.0440208316 0.0402364694 0.0260552708
v -0.0440209508 0.039990481 0.0262994692
v -0.0440211818 0.0397242308 0.0265215002
v -0.0440215394 0.0394399092 0.0267204605
v -0.0440218411 0.0391391516 0.0268951599
v -0.0440220796 0.0388232991 0.0270443503
v -0.0440224409 0.0384948216 0.0271657705
v -0.0455421209 0.0388014913 0.0273574498
v -0.0455418192 0.0384578109 0.0274424497
v -0.0447820984 0.0383070707 0.02734988
v -0.0447831713 0.0379576609 0.0274059698
v -0.0455421805 0.0381063186 0.0274934694
v -0.0447831117 0.0376036093 0.0274483506
v -0.0455420613 0.0377511904 0.0275292899
v -0.0447814986 0.0372475907 0.0274789296
v -0.045541279 0.0373916589 0.0275522992
v -0.0440226682 0.0371055603 0.0273999497
v -0.0440250598 0.03745782 0.0273604896
v -0.044025179 0.0378091298 0.0273129903
v -0.0440235697 0.0381559096 0.0272545796
v -0.0459214412 0.0374639593 0.0275914595
v -0.0459215008 0.0376445018 0.0275879502
v -0.04592162 0.0378245711 0.0275788307
v -0.0459219217 0.0381796882 0.0275457501
v -0.0459221601 0.0385324284 0.02749216
v -0.0459229909 0.0388772413 0.0274050795
v -0.0409575701 0.0399950109 0.0251900498
v -0.0409548804 0.040169891 0.0248942301
v -0.0409521982 0.0403209887 0.0245847106
v -0.0409494005 0.040448539 0.02426433
v -0.0409464203 0.0405516587 0.02393567
v -0.0409432612 0.0406289585 0.0236003902
v -0.0409347415 0.0407337509 0.0229126196
v -0.0394287705 0.0396655686 0.0250355601
v -0.0394248888 0.0398391411 0.0247392002
v -0.0394210815 0.0399896987 0.02442961
v -0.0394171402 0.0401175618 0.0241096001
v -0.0394130908 0.0402218588 0.0237814691
v -0.0409603715 0.0397971198 0.0254698303
v -0.0424908884 0.0401256606 0.0256233197
v -0.0409634113 0.0395775996 0.0257313792
v -0.0424924418 0.0399039909 0.0258851591
v -0.0409666784 0.0393377505 0.0259727202
v -0.04249423 0.0396609902 0.0261263791
v -0.0409701988 0.0390794799 0.0261927806
v -0.0424962007 0.0393986702 0.0263458397
v -0.0409736596 0.0388048217 0.0263912007
v -0.0424982309 0.0391190015 0.0265430808
v -0.0409769416 0.0385152102 0.0265667997
v -0.0425001308 0.0388236605 0.0267169997
v -0.040980041 0.038210921 0.0267171804
v -0.0425017998 0.0385134816 0.0268660709
v -0.0409830809 0.0378943607 0.0268399697
v -0.0425035283 0.0381907783 0.0269880798
v -0.0409868285 0.0375675485 0.02693009
v -0.0425089486 0.0371722504 0.0271911602
v -0.0409908183 0.0372335315 0.0269904695
v -0.0425086617 0.0375167094 0.0271384101
v -0.0425059088 0.0378575884 0.02707785
v -0.0409922004 0.0368963405 0.0270424392
v -0.0394740701 0.0369609483 0.0268574301
v -0.0394686982 0.0372872911 0.0267980602
v -0.0394636318 0.0376066491 0.0267073493
v -0.0394593403 0.0379161797 0.0265829507
v -0.0394551083 0.038213551 0.0264296494
v -0.0394506417 0.0384964906 0.0262500606
v -0.0394461118 0.0387650691 0.0260476395
v -0.0394415185 0.0390181504 0.0258240607
v -0.0394370519 0.0392537117 0.0255799796
v -0.0394328199 0.0394700095 0.0253164694
v -0.0364305303 0.0373977385 0.02621275
v -0.0364230797 0.0376876518 0.0260541402
v -0.0371768996 0.0378075801 0.0261780601
v -0.0394769907 0.0366315208 0.0269044004
v -0.0387207195 0.0365045592 0.0268318001
v -0.03795892 0.0367055498 0.0267134905
v -0.0377630517 0.036994271 0.0266333204
v -0.0379522406 0.0370255709 0.02665448
v -0.0377666317 0.0368352495 0.0266656801
v -0.0379640386 0.0363817811 0.0267527606
v -0.0377700888 0.0366749093 0.0266910698
v -0.0375772119 0.0368043706 0.0266492292
v -0.0379458591 0.0373390913 0.0265622102
v -0.0375702307 0.0371204615 0.0265717506
v -0.0375736915 0.0369632207 0.02661472
v -0.0373873711 0.0367734395 0.0266405307
v -0.0373904109 0.0366133414 0.0266740303
v -0.0372017585 0.0365833603 0.0266493503
v -0.0372047983 0.0364224911 0.02667474
v -0.0368269011 0.0365250707 0.0265724603
v -0.036833521 0.0362035595 0.0266106091
v -0.0379670784 0.0360571705 0.0267766099
v -0.0376849696 0.0360125788 0.0267390609
v -0.0375887714 0.0361595713 0.0267245099
v -0.0375865586 0.0363214016 0.0267140791
v -0.0373992883 0.0361293517 0.0267168805
v -0.0373963714 0.0362908207 0.0267134309
v -0.0372079015 0.0362612605 0.0266889296
v -0.0373934507 0.0364522897 0.0266988799
v -0.0375806615 0.0366442204 0.0266764704
v -0.0376756713 0.0366596505 0.0266796295
v -0.0375907384 0.0359976813 0.0267299395
v -0.0374022089 0.0359679386 0.0267131291
v -0.0372144505 0.0359387286 0.0266857706
v -0.0387213193 0.0361781083 0.0268649999
v -0.0364450812 0.0367848799 0.02644068
v -0.0364379212 0.0370959602 0.0263417307
v -0.0371834002 0.0375168286 0.0263365507
v -0.0371704102 0.0380840302 0.0259913802
v -0.0364155695 0.0379633307 0.0258672796
v -0.0371638499 0.0383469984 0.0257816892
v -0.0364079997 0.0382257588 0.0256577693
v -0.0371573493 0.0385955498 0.0255514905
v -0.0364004895 0.0384741388 0.0254280493
v -0.0371509083 0.0388278887 0.0253021698
v -0.0363930985 0.0387066603 0.0251795594
v -0.0371446013 0.0390423499 0.0250351392
v -0.0363857709 0.0389216505 0.0249137208
v -0.0371383987 0.0392374285 0.0247522499
v -0.0363786183 0.0391178094 0.0246321503
v -0.0371323191 0.0394117795 0.02445524
v -0.0363715813 0.0392936394 0.0243368093
v -0.037126299 0.0395644903 0.0241461303
v -0.0363646112 0.0394482017 0.0240294896
v -0.0371202193 0.0396957286 0.0238275491
v -0.0363576412 0.0395817682 0.0237128697
v -0.0363506004 0.039693471 0.0233889204
v -0.0425059088 0.0368279815 0.0272409301
v -0.0363435708 0.039781861 0.02305918
v -0.037884891 0.0398231708 0.0239318609
v -0.0378901884 0.0396936499 0.0242513996
v -0.0378953815 0.0395422503 0.0245612208
v -0.0379006192 0.0393687412 0.0248586498
v -0.0379059911 0.0391741283 0.0251415297
v -0.0379115306 0.0389597416 0.0254080798
v -0.0379171893 0.0387269184 0.0256564599
v -0.037922971 0.03847754 0.0258852206
v -0.0379287601 0.0382133685 0.0260932408
v -0.0378627107 0.0401261412 0.0225943308
v -0.0370693207 0.0402346216 0.0211445596
v -0.0362443887 0.0406256318 0.0183671694
v -0.0331842788 0.0406230614 0.0180401802
v -0.0332219601 0.04030478 0.0193357393
v -0.0324726701 0.0403381512 0.0192449
v -0.0331472084 0.0409370586 0.0167443696
v -0.0324344002 0.0406839214 0.0179604199
v -0.0320627615 0.0407233797 0.0179209094
v -0.0317312405 0.0403926298 0.0191552602
v -0.0316935107 0.0407686792 0.0178816896
v -0.0313268788 0.04081982 0.01784271
v -0.0310518108 0.0398492813 0.0209615193
v -0.03067022 0.040082749 0.0202807691
v -0.0310341697 0.0400548503 0.0203299504
v -0.0306363702 0.0405129083 0.0190229397
v -0.0309629999 0.0408766791 0.0178039595
v -0.0313638411 0.0404276811 0.0191108491
v -0.0317685008 0.0400124714 0.0204292499
v -0.0325105712 0.0399880409 0.0205298606
v -0.0332593285 0.0399819613 0.0206317306
v -0.0325294696 0.0398138687 0.0211723391
v -0.03178709 0.0398232304 0.0210663006
v -0.0314003192 0.0400314294 0.0203794204
v -0.0309988204 0.0404677913 0.0190667491
v -0.0306020305 0.0409392118 0.0177655201
v -0.0332967602 0.0396627709 0.0219277702
v -0.0325484201 0.0396413803 0.0218147598
v -0.03180575 0.0396357104 0.0217031799
v -0.0303564593 0.0394417606 0.0221089702
v -0.0310694501 0.0396453701 0.0215929691
v -0.0310872104 0.0394344889 0.0222231708
v -0.0318244584 0.0394410416 0.0223388597
v -0.0318339393 0.0393204615 0.0226530991
v -0.0288705807 0.0402620994 0.0200396106
v -0.0288593099 0.0405231118 0.0194239002
v -0.0302926302 0.040339049 0.0196056291
v -0.0266934 0.0404676683 0.0197612606
v -0.0259618703 0.0405317508 0.0196713209
v -0.0259550791 0.0411921702 0.0184804201
v -0.0252240803 0.0412865207 0.0184017997
v -0.0252205096 0.0419762693 0.0172210298
v -0.0244896393 0.04209923 0.0171533208
v -0.0274149701 0.0406978093 0.0192471705
v -0.0274220705 0.0404013917 0.0198526308
v -0.0303085409 0.0401149318 0.0202319007
v -0.0303244498 0.0398917086 0.0208580997
v -0.0288818404 0.0400019214 0.0206552707
v -0.0288931094 0.0397432409 0.0212708097
v -0.0274361894 0.0398113094 0.0210631993
v -0.0274397694 0.0396647416 0.0213657003
v -0.0259687304 0.039873831 0.0208618008
v -0.0259652697 0.0402022004 0.0202666502
v -0.0274291001 0.0401057005 0.0204580408
v -0.0244917199 0.0393636785 0.0215397999
v -0.0244910102 0.0402911901 0.0200815201
v -0.0252276007 0.0405935608 0.0195828602
v -0.0244907103 0.0406529307 0.0194959007
v -0.0244901702 0.0413776003 0.0183244292
v -0.0303645097 0.0393054411 0.0224178396
v -0.0303726699 0.0391495787 0.0227217004
v -0.0348237082 0.0396100804 0.0228161793
v -0.0348322913 0.0395134613 0.0231410209
v -0.0348409414 0.0393944308 0.0234602001
v -0.0348495804 0.0392544195 0.02377229
v -0.0348582193 0.0390942618 0.02407532
v -0.0348669216 0.0389137194 0.02436685
v -0.0348758586 0.0387136899 0.0246450305
v -0.0348849185 0.0384956002 0.0249080602
v -0.0348941013 0.0382608101 0.0251543503
v -0.0349033996 0.0380108915 0.0253825095
v -0.0349127017 0.0377474986 0.0255913101
v -0.034922 0.0374714099 0.0257780496
v -0.0349312387 0.0371810682 0.0259364806
v -0.0364591405 0.0361462794 0.02654659
v -0.0364521109 0.0364674293 0.0265086796
v -0.0364664085 0.0358242914 0.02655375
v -0.0357203409 0.0357130095 0.0264190398
v -0.0349756405 0.03560495 0.0262768809
v -0.0379344784 0.0379354917 0.0262782499
v -0.033475101 0.0357239805 0.0259959605
v -0.0334653184 0.0360493585 0.0259581208
v -0.0334556587 0.0363709889 0.0258883201
v -0.0334457718 0.0366861187 0.0257882401
v -0.0334355198 0.0369917713 0.0256591402
v -0.0334252082 0.0372853205 0.0255007092
v -0.0334148407 0.0375646912 0.0253141504
v -0.0334043987 0.0378316604 0.0251062494
v -0.0333940312 0.0380858108 0.0248798095
v -0.0333837792 0.0383254811 0.0246359091
v -0.0333737098 0.0385491811 0.0243759099
v -0.0333637483 0.0387555882 0.0241013691
v -0.0333539806 0.0389433987 0.0238139592
v -0.033344321 0.0391116105 0.0235154592
v -0.0333347283 0.0392604992 0.0232081991
v -0.0340498015 0.0396999083 0.0220422093
v -0.0319640599 0.0361956917 0.0256198607
v -0.0304765105 0.0360408388 0.0253596306
v -0.0319541618 0.0365171395 0.0255190693
v -0.0304672103 0.0363713503 0.0252576992
v -0.0319439694 0.036828991 0.0253895503
v -0.0304583292 0.0366920196 0.0251274109
v -0.0319336616 0.0371286198 0.0252308808
v -0.0304495003 0.0370004103 0.0249682609
v -0.0319232903 0.037413951 0.0250441991
v -0.0304406807 0.0372943208 0.0247812197
v -0.0319129787 0.0376872383 0.0248368904
v -0.0304318592 0.0375766084 0.0245742705
v -0.0319026113 0.0379482508 0.0246118307
v -0.0304230396 0.0378471017 0.0243503992
v -0.0318924114 0.0381954908 0.0243701302
v -0.0304142796 0.0381043516 0.0241106097
v -0.0318823382 0.0384273492 0.0241129901
v -0.0304057002 0.0383469388 0.0238561593
v -0.0318724513 0.0386427008 0.0238419101
v -0.0318531282 0.0390189812 0.0232645199
v -0.0318626687 0.0388401709 0.0235585496
v -0.0303890109 0.0387834311 0.0233089309
v -0.0303972904 0.0385737382 0.0235884096
v -0.0274606906 0.0384927318 0.0231007896
v -0.0274643302 0.0382408984 0.02336221
v -0.0244921409 0.0381348096 0.0228993203
v -0.0244923197 0.0378475115 0.0231444798
v -0.0274959207 0.0357671902 0.0248621702
v -0.0274913292 0.0361181386 0.0247575603
v -0.0274873897 0.0364590213 0.0246254206
v -0.0274835806 0.0367872082 0.0244647209
v -0.0274797007 0.037100669 0.0242765509
v -0.0274758302 0.0374031588 0.0240698401
v -0.0274719503 0.037694931 0.0238479301
v -0.0274680797 0.0379745886 0.0236117207
v -0.0244916007 0.0351395011 0.0244777203
v -0.0244926792 0.0355161987 0.0243991595
v -0.0244933292 0.0358849689 0.0242918693
v -0.0244934503 0.0362430811 0.02415758
v -0.0244933292 0.0365880094 0.02399504
v -0.0244931504 0.0369180404 0.0238051992
v -0.0244928505 0.0372380018 0.02359825
v -0.02449256 0.0375482403 0.0233777706
v -0.0303404294 0.0396700501 0.0214841906
v -0.02889877 0.0396145508 0.0215784293
v -0.0274432302 0.0395110808 0.0216668192
v -0.0274466798 0.0393412113 0.0219652597
v -0.0244918391 0.0391470082 0.0218247697
v -0.0215008203 0.0391262695 0.0214197598
v -0.0214985609 0.0388703905 0.0216919705
v -0.0368403085 0.0358812809 0.0266174003
v -0.0379401408 0.0376432501 0.0264354292
v -0.0192928296 0.0428406484 0.0167130809
v -0.0192792397 0.0419187509 0.0178208891
v -0.0185400806 0.0429288708 0.0166544896
v -0.0185254198 0.0419815108 0.0177538302
v -0.0177850705 0.0430124402 0.01659685
v -0.0177695099 0.0420404598 0.0176877305
v -0.0170277897 0.0430914089 0.0165399294
v -0.0170115791 0.0420955382 0.0176225305
v -0.0162684303 0.0431655608 0.0164837204
v -0.0162517391 0.0421466194 0.0175580308
v -0.0155070396 0.0432349406 0.0164281093
v -0.0154900504 0.0421937108 0.0174941998
v -0.0147437397 0.0432994887 0.0163730308
v -0.0147266304 0.0422366783 0.0174308997
v -0.0139785996 0.0433591008 0.0163183808
v -0.0139614902 0.0422754809 0.0173680093
v -0.0132117197 0.0434137508 0.0162639599
v -0.0124267302 0.0423403904 0.0172429606
v -0.0124432398 0.0434633382 0.0162097793
v -0.0230070297 0.040371649 0.0199025795
v -0.0230093002 0.0407639705 0.0193263795
v -0.0237512495 0.0407097302 0.0194103699
v -0.0230139997 0.0415496789 0.0181738697
v -0.0237534605 0.0414653383 0.0182484891
v -0.0230187699 0.04233253 0.0170215294
v -0.0237556603 0.0422179587 0.0170868598
v -0.0215139892 0.0404434204 0.0197302103
v -0.0215183999 0.040864639 0.0191631299
v -0.0222650096 0.0408156514 0.0192440096
v -0.0215273406 0.0417080484 0.0180287901
v -0.0222719293 0.0416306183 0.01810061
v -0.0215363503 0.0425489508 0.0168946907
v -0.0222789608 0.0424428508 0.0169575196
v -0.0200126693 0.0405056402 0.0195639692
v -0.0200186893 0.0409542285 0.0190057103
v -0.0207695905 0.04091084 0.0190837309
v -0.0200309101 0.0418522283 0.0178890191
v -0.0207803193 0.0417819582 0.0179582797
v -0.0200431906 0.0427478515 0.0167725608
v -0.02079105 0.04265064 0.0168330595
v -0.0199975893 0.0393639207 0.0209551398
v -0.0200005695 0.0396051407 0.0206789896
v -0.0215051696 0.0395975709 0.0208627507
v -0.0200066492 0.0400578305 0.0201219898
v -0.0215096399 0.0400230214 0.0202970505
v -0.0199946109 0.039109461 0.0212279502
v -0.0215029698 0.0393689796 0.0211430099
v -0.0230024401 0.0395837389 0.0210532509
v -0.0230047703 0.0399803482 0.0204785392
v -0.0162351094 0.0411259495 0.0186325293
v -0.0169954803 0.0410978086 0.0187052991
v -0.0177540705 0.0410665199 0.0187788606
v -0.0185108706 0.0410321318 0.0188534204
v -0.0192657709 0.0409946404 0.0189289991
v -0.0169794504 0.0401014015 0.0197876599
v -0.0184891801 0.0396058485 0.0205010697
v -0.0124102803 0.0412161909 0.0182764493
v -0.0139360996 0.0406481586 0.01894271
v -0.0154563701 0.0401089713 0.0196262505
v -0.0169714596 0.0395991802 0.0203278605
v -0.0184820201 0.0390875898 0.0210420992
v -0.0199884698 0.0385640785 0.0217598006
v -0.0184746906 0.0385229513 0.0215672199
v -0.01696348 0.0390599295 0.0208611395
v -0.0154479695 0.0395843312 0.0201582909
v -0.0139276301 0.0401063487 0.0194672905
v -0.0124020502 0.0406543016 0.0187930409
v -0.00234895898 0.0436615907 0.0155215804
v -0.0031302569 0.0436697006 0.0155626498
v -0.00234258105 0.0410599709 0.0173748098
v -0.00312584592 0.0423765704 0.0164942108
v -0.00621598912 0.0392938182 0.0191411898
v -0.00466328813 0.0385693312 0.0194457099
v -0.00466996385 0.0398549996 0.0185028892
v -0.00310891797 0.0371652208 0.0202072803
v -0.00233674003 0.0384530984 0.0192229692
v -0.00311309006 0.0384894013 0.0192884803
v -0.00233954098 0.0397590883 0.0183011796
v -0.00311708404 0.0397897884 0.0183606092
v -0.00312137604 0.0410831496 0.0174281504
v -0.00157534995 0.0488783717 0.0118094003
v -0.00156658795 0.0436516404 0.0154938595
v -0.00156259502 0.0410377905 0.0173385702
v -0.00156068802 0.0397308394 0.0182606503
v -0.0169554297 0.0384778902 0.0213796403
v -0.0154310996 0.0384281799 0.0211960003
v -0.0154395597 0.0390258394 0.0206839405
v -0.0139107099 0.0389847718 0.0205091797
v -0.01391917 0.0395608507 0.0199911501
v -0.0123856599 0.0395280682 0.0198251009
v -0.0123938899 0.0400928184 0.0193094593
v -0.0108557297 0.0400678515 0.0191512704
v -0.0303484201 0.0395600088 0.0217971206
v -0.0289043095 0.0394782387 0.0218848493
v -0.0289099794 0.0393248685 0.0221884195
v -0.0274502598 0.0391536318 0.0222592298
v -0.0244919006 0.0389154516 0.0221046805
v -0.0214962903 0.0386018082 0.0219585206
v -0.0318435393 0.0391793214 0.0229620896
v -0.0303808395 0.038975291 0.0230193101
v -0.0274537206 0.0389493704 0.0225476008
v -0.0274571702 0.0387291908 0.0228287503
v -0.0244919006 0.0386695787 0.0223781392
v -0.0244919602 0.0384091102 0.0226434991
v -0.0214940291 0.0383202992 0.0222178604
v -0.02149182 0.0380265117 0.0224687997
v -0.0214875303 0.0374053083 0.0229412299
v -0.0214639306 0.0341004096 0.0241080504
v -0.0214658305 0.0344997607 0.0241006594
v -0.0214689299 0.0348964892 0.0240543392
v -0.0214726906 0.0352879092 0.0239725094
v -0.0214759093 0.0356709883 0.0238622408
v -0.02147853 0.0360431001 0.0237253904
v -0.0214809105 0.0364018008 0.0235605799
v -0.0214831792 0.0367453583 0.0233685896
v -0.0153719103 0.0336560011 0.0233651306
v -0.0154141104 0.0371238515 0.0221502706
v -0.01846027 0.0372651815 0.0225346591
v -0.0154055897 0.0364260003 0.0225803796
v -0.0184530001 0.0365824588 0.0229627397
v -0.0154011799 0.036065869 0.0227781497
v -0.0184492394 0.0362285897 0.0231572893
v -0.0153967096 0.0356904194 0.0229492094
v -0.0184454303 0.0358595215 0.0233248398
v -0.0153919999 0.0353010818 0.0230926797
v -0.0184417292 0.0354769193 0.0234645605
v -0.0153868096 0.0349002406 0.0232105199
v -0.0184386298 0.0350835286 0.0235782806
v -0.0153812096 0.0344907008 0.0233005807
v -0.0184358899 0.0346818492 0.0236639902
v -0.0153761497 0.0340750217 0.02335345
v -0.0184317809 0.0342737995 0.0237130504
v -0.0184255801 0.0338618085 0.0237217508
v -0.00621133996 0.0386540815 0.0196198802
v -0.00620651199 0.0379998013 0.0200940296
v -0.00465631392 0.0372444913 0.0203755405
v -0.00464916183 0.0358871818 0.0212772395
v -0.0123105599 0.0334855318 0.0230345707
v -0.01231449 0.0339082405 0.0230187699
v -0.00924503803 0.0337719917 0.0226982795
v -0.0123195602 0.0343272015 0.0229598805
v -0.00924962666 0.0341895781 0.0226300899
v -0.0123252198 0.0347395502 0.0228627902
v -0.0092549324 0.0345998406 0.0225224998
v -0.0123304697 0.0351427086 0.0227387492
v -0.00925976038 0.0350000784 0.0223894101
v -0.0123351198 0.0355339609 0.0225900393
v -0.0092638731 0.0353879295 0.0222335402
v -0.0123395901 0.0359109603 0.0224143192
v -0.00926768687 0.0357607603 0.0220518094
v -0.0123438798 0.0362725817 0.0222122595
v -0.00927144196 0.0361183807 0.0218444392
v -0.0123524005 0.0369772315 0.0217783991
v -0.00927865505 0.0368206985 0.02140522
v -0.0123607498 0.0376585089 0.0213180091
v -0.00928580668 0.0375055596 0.0209468603
v -0.0123691503 0.0383123718 0.0208352208
v -0.00929289963 0.0381704494 0.0204718709
v -0.0108403498 0.0388789102 0.0201613903
v -0.00929993298 0.0388129316 0.0199845992
v -0.00930684805 0.0394319817 0.0194895808
v -0.00776273012 0.0393675491 0.0193161294
v -0.00776857091 0.0399811789 0.0188263003
v -0.00622063782 0.0399207398 0.0186604802
v -0.00622999622 0.0411716588 0.0176963191
v -0.00467687799 0.0411294587 0.0175554696
v -0.00623953296 0.0424229503 0.0167310797
v -0.00468391087 0.0424040481 0.0166068599
v -0.00620162394 0.0373317003 0.0205606204
v -0.00619673682 0.0366519615 0.0210166499
v -0.00619173003 0.0359612107 0.02146166
v -0.0046471348 0.0355453417 0.0214931294
v -0.00618904782 0.0356134698 0.0216749292
v -0.00464498904 0.0351886116 0.0216851197
v -0.00618624594 0.0352507792 0.0218637493
v -0.00464248611 0.0348155387 0.0218541007
v -0.00618314696 0.0348721109 0.0220285598
v -0.00463902904 0.0344291292 0.0220044795
v -0.00617909385 0.03448027 0.0221736394
v -0.00617438508 0.034077581 0.0222957097
v 0 0.0349227116 0.0215034392
v -0.000775985012 0.0350743495 0.0214051604
v -0.000775512017 0.0347115882 0.0215782505
v -0.000776882982 0.0357538983 0.0209858995
v 0 0.035407301 0.0212334897
v -0.000776435016 0.0354217216 0.0212077405
v 0 0.0353443585 0.0212744996
v 0 0.0350583717 0.0214298293
v -0.00155061402 0.0343499705 0.0217341091
v -0.00154894497 0.0339623615 0.0218656007
v -0.000774585002 0.0341443382 0.0218007509
v -0.000387084001 0.0339442417 0.0218646508
v 0 0.0339386985 0.0218531992
v 0 0.0340235196 0.0218352005
v -0.000774253975 0.0339501984 0.0218619704
v -0.00233381893 0.0371303484 0.0201370101
v -0.00310486509 0.0358223915 0.0211071894
v -0.00233089901 0.03579491 0.0210359003
v -0.00310367299 0.0354856811 0.0213248096
v -0.0023299451 0.0354602896 0.0212542396
v -0.00310230209 0.0351341888 0.0215189401
v -0.00232893205 0.0351107717 0.0214490797
v -0.00310051395 0.034766309 0.0216904804
v -0.00232762005 0.0347450301 0.0216211602
v -0.0030977719 0.034385141 0.0218438506
v -0.00232547498 0.0343661904 0.0217748806
v -0.00309431506 0.0339928791 0.02197605
v -0.00232273294 0.0339763686 0.0219072606
v -0.00309151411 0.0335911512 0.0220688507
v -0.00232052803 0.0335772 0.0220008399
v -0.00309014297 0.0331822 0.0221146904
v -0.00231945491 0.033170931 0.0220483504
v -0.00154703797 0.0331621692 0.0220038202
v -0.00154763402 0.0335656404 0.0219579302
v -0.000773755019 0.0335558616 0.0219506007
v -0.00155884004 0.0384206697 0.0191788599
v -0.00155669404 0.0371000692 0.0200911108
v -0.00155430997 0.0357720815 0.0209925696
v -0.00155359495 0.0354390107 0.0212121606
v -0.001552879 0.03509086 0.0214080792
v -0.00155192602 0.0347269103 0.0215805694
v 0 0.0335542485 0.0219349805
v -0.000386867992 0.0335510299 0.0219491702
v 0 0.0335472785 0.0219357591
v -0.000386756001 0.0331521593 0.0219884496
v 0 0.033149831 0.0219810605
v -0.00616812706 0.0332485996 0.0224116407
v -0.00617051078 0.0336661898 0.0223774891
v 0 0.0341315195 0.02180117
v 0 0.0343224406 0.0217409693
v -0.000774924993 0.0343361385 0.0217316691
v 0 0.0344811007 0.0216908995
v 0 0.0346963406 0.0215995908
v -0.000783463998 0.0436400101 0.0154834902
v -0.000781556009 0.0410169885 0.0173241999
v -0.000780645991 0.0397054516 0.0182443801
v -0.000779707974 0.0383924805 0.0191622302
v -0.000778448011 0.037074741 0.0200768709
v -0.0232586209 0.0479020402 0.00744885206
v -0.0239055697 0.0475738607 0.00744885206
v -0.0244938098 0.0472779796 0.00782608893
v -0.0230664592 0.0479898416 0.00782644656
v -0.0230563805 0.0479959212 0.00744885206
v -0.02450376 0.0472405516 0.00819831993
v -0.0245048404 0.0472034812 0.00838094857
v -0.0230780803 0.0479075909 0.00838124659
v -0.0224600993 0.0482727215 0.00744885206
v -0.02234447 0.0483300015 0.00782674458
v -0.0216091797 0.0486676618 0.00744885206
v -0.0216294508 0.0485699698 0.00838202238
v -0.02235323 0.0481867716 0.00856053829
v -0.0230608508 0.0475413688 0.00923103001
v -0.0230673496 0.0477087386 0.00890600588
v -0.0237847492 0.0473703705 0.00890660193
v -0.0230759308 0.0478521511 0.00856029894
v -0.0237942301 0.0475065112 0.00856024027
v -0.0244885609 0.0465283915 0.00983244088
v -0.0237737205 0.0466679297 0.0101159802
v -0.0244885609 0.0467031486 0.009539783
v -0.0237758104 0.047035329 0.00953549054
v -0.0244897604 0.0468705818 0.00923526194
v -0.024495 0.0470229313 0.008907496
v -0.0230581108 0.0473575518 0.00953149702
v -0.0216184203 0.0486587211 0.00782710314
v -0.0215773508 0.0486824512 0.00744885206
v -0.0209958497 0.0489281416 0.00744885206
v -0.0230769496 0.0479485914 0.00819879677
v -0.0223542396 0.0482875705 0.008199214
v -0.0216284301 0.0486144982 0.00819969084
v -0.0201641303 0.0491877086 0.00838315394
v -0.0186774693 0.0496936999 0.00856310129
v -0.0201618001 0.0491229817 0.00856173038
v -0.0216273591 0.0485095903 0.00856083632
v -0.0201409999 0.0492893383 0.00744879199
v -0.0201524999 0.0492831394 0.00782787707
v -0.0198706295 0.0494035408 0.00744879199
v -0.0195122305 0.0495404601 0.00744879199
v -0.0216189008 0.0483534895 0.00890511181
v -0.0216119196 0.0481716916 0.00922769308
v -0.0201444607 0.0487608314 0.00922495127
v -0.0208675805 0.0478314683 0.0100826602
v -0.0201300904 0.0480985008 0.0100750299
v -0.0201395098 0.0485470183 0.00951766875
v -0.0193884894 0.0483558103 0.0100676399
v -0.0186540391 0.0490809008 0.0095119467
v -0.0171726309 0.0501320884 0.00873827934
v -0.0186730605 0.0496100113 0.00873678923
v -0.0201574508 0.0490443707 0.00873583462
v -0.0216234308 0.0484363399 0.00873541832
v -0.0223451797 0.0480366312 0.00890547037
v -0.0186746698 0.0498456918 0.00801682379
v -0.0163825098 0.0506671593 0.00744879199
v -0.0164893195 0.0506305583 0.00744879199
v -0.0171565395 0.050401859 0.00744879199
v -0.0180098396 0.0501094386 0.00744879199
v -0.0216242 0.0486428104 0.00801450014
v -0.0201631095 0.0492355786 0.00820088293
v -0.0186797902 0.0497626588 0.00838470366
v -0.0171770398 0.0502204187 0.00856494904
v -0.0156571809 0.0506102405 0.00874036457
v -0.0156596303 0.0508705303 0.00802010205
v -0.0156542007 0.0508896112 0.00783115625
v -0.0186429601 0.0486034714 0.0100605404
v -0.0178936701 0.0488412902 0.0100537501
v -0.0171528403 0.0495736003 0.00950717926
v -0.0146071902 0.0512072407 0.00744873192
v -0.0149530703 0.0511020385 0.00744873192
v -0.0156427007 0.0508922301 0.00744873192
v -0.0201587006 0.0492660403 0.00801551342
v -0.0186789595 0.0498135015 0.00820237305
v -0.0171794798 0.0502931997 0.00838667061
v -0.0156615302 0.0507028587 0.00856727269
v -0.0141281998 0.0510440394 0.00874316599
v -0.0141348802 0.0512201115 0.00839173701
v -0.0141345197 0.0512784682 0.00820875075
v -0.0141310599 0.0513148904 0.008022069
v -0.0141260596 0.0513344407 0.00783252716
v -0.0128148701 0.0516849682 0.00744873192
v -0.0134044196 0.0515278503 0.00744873192
v -0.0141160404 0.0513381287 0.00744873192
v -0.0125935599 0.0516154692 0.00839489605
v -0.0125933802 0.0516759083 0.00821149256
v -0.0125903403 0.0517133996 0.00802421477
v -0.0125859296 0.0517333709 0.00783395674
v -0.0201524403 0.0489556715 0.00890481379
v -0.0186596494 0.0493083 0.00922292378
v -0.0186679307 0.0495156012 0.00890511181
v -0.0171588603 0.0498136207 0.00922167301
v -0.0171674397 0.0500324294 0.00890600588
v -0.01564347 0.0502762683 0.00922131538
v -0.0156520605 0.0505057499 0.0089075556
v -0.0141148502 0.0506957099 0.00922191143
v -0.0141232004 0.0509350784 0.00890993979
v -0.0125744296 0.0510716997 0.00922358036
v -0.0125824204 0.0513200089 0.00891315937
v -0.01410871 0.0504330918 0.00950068235
v -0.0156372692 0.0500244983 0.00950336363
v -0.0148620596 0.0496933386 0.0100294901
v -0.0155976396 0.0484299585 0.0110986801
v -0.0156247597 0.0494953282 0.0100350901
v -0.0163844209 0.0492872484 0.0100409901
v -0.0171407405 0.0490692183 0.0100472504
v -0.0163574796 0.0482463799 0.0111129796
v -0.0171144009 0.0480539203 0.0111276498
v -0.0178681593 0.0478525683 0.0111426702
v -0.0186186992 0.0476425216 0.0111580398
v -0.0193657801 0.0474237204 0.0111739002
v -0.0201092903 0.0471961983 0.0111900503
v -0.0208491609 0.0469600484 0.01120668
v -0.01253122 0.0490749404 0.0110450899
v -0.0125567298 0.0502266213 0.0100145303
v -0.0133015504 0.0489271805 0.0110580297
v -0.0133278295 0.0500590205 0.0100191804
v -0.0140694901 0.0487704203 0.0110711996
v -0.0140963104 0.0498812683 0.0100241797
v -0.0148348799 0.0486046597 0.0110847903
v -0.0125685902 0.0507990718 0.00949925091
v -0.0230323598 0.0446569286 0.0135639301
v -0.0222989898 0.0448558293 0.0135274502
v -0.0139952796 0.0444385409 0.0152686797
v -0.0140113197 0.0455140397 0.0142187402
v -0.01476043 0.0443580113 0.0153151099
v -0.0147764599 0.0454125404 0.0142569495
v -0.0155236097 0.0442718193 0.0153620197
v -0.0155395204 0.0453046486 0.0142956302
v -0.0162847005 0.0441800281 0.0154093504
v -0.0163002592 0.0451903902 0.0143347299
v -0.0170435905 0.0440827012 0.0154572697
v -0.0170586705 0.0450698696 0.0143743698
v -0.0178001504 0.0439798199 0.0155058503
v -0.0178146306 0.0449430309 0.0144146001
v -0.0185543206 0.0438714586 0.01555508
v -0.01856797 0.0448100492 0.0144554302
v -0.0193060599 0.0437577888 0.0156051498
v -0.0193186402 0.0446708687 0.0144969802
v -0.0200551096 0.0436387584 0.0156560503
v -0.0200664904 0.0445256196 0.0145393005
v -0.0208014809 0.0435144901 0.0157078505
v -0.0208114292 0.0443743393 0.0145823304
v -0.0215450507 0.0433848985 0.0157606006
v -0.0215533897 0.0442170501 0.0146262003
v -0.0222856905 0.043250259 0.0158143602
v -0.0222921893 0.0440537892 0.0146709597
v -0.0230233595 0.0431104787 0.0158692505
v -0.0230277106 0.0438846312 0.0147166196
v -0.0237578098 0.0429656506 0.0159251597
v -0.0237598997 0.0437096283 0.0147632305
v -0.0244890992 0.0428158604 0.0159822106
v -0.0132282302 0.0445134006 0.0152225401
v -0.0132441502 0.0456091091 0.0141808297
v -0.0140280696 0.0465908013 0.0131688695
v -0.0147932097 0.0464681908 0.0131989103
v -0.0155560896 0.0463384315 0.0132293096
v -0.0163165294 0.0462015793 0.0132601801
v -0.0170744602 0.0460576415 0.0132915303
v -0.0178297106 0.0459066592 0.0133234197
v -0.0185822193 0.0457487106 0.0133558502
v -0.0193318091 0.0455838405 0.0133888097
v -0.0200784206 0.0454120599 0.0134224799
v -0.0208219197 0.0452334806 0.01345676
v -0.0215621497 0.0450480506 0.0134917405
v -0.0208340809 0.0460944697 0.0123314802
v -0.0200922396 0.0463012382 0.0123059703
v -0.0193470698 0.0465002581 0.0122809997
v -0.0185986105 0.0466915295 0.0122565599
v -0.0178470593 0.0468750484 0.0122325998
v -0.0170924608 0.0470507704 0.0122091696
v -0.0163350701 0.0472185612 0.01218611
v -0.0155749302 0.0473784804 0.0121635096
v -0.0148121696 0.0475304686 0.0121413404
v -0.0124750696 0.0456977412 0.0141432201
v -0.0124594504 0.0445824191 0.0151766501
v -0.0110288197 0.0520950519 0.00744867278
v -0.0118431998 0.0519080684 0.00744867278
v -0.0125777703 0.0517394505 0.00744873192
v -0.00946933031 0.0523971915 0.00744867278
v -0.0102714803 0.0522422083 0.00744867278
v -0.0110350801 0.0520859882 0.00783550739
v -0.0110064102 0.0521002412 0.00744867278
v -0.00869125128 0.0525297485 0.00744867278
v -0.0091846576 0.0524521992 0.00744867278
v -0.00947505236 0.0523920618 0.00783717632
v -0.00710439589 0.0527704284 0.00744861318
v -0.00391322281 0.0531023704 0.00744855404
v -0.00475144293 0.0530298911 0.00744861318
v -0.00475358916 0.0530285798 0.00784271862
v -0.00551223708 0.0529640913 0.00744861318
v -0.00230950094 0.0531935617 0.00744855404
v -0.00316971494 0.0531492792 0.00744855404
v -0.00317078806 0.0531467088 0.00784444809
v -0.00366848707 0.05312353 0.00744855404
v -0.00475478079 0.0530072413 0.00803780463
v -0.00633466197 0.0528424904 0.008034884
v -0.00475549605 0.0529658683 0.00822979212
v -0.00633573486 0.0528016612 0.00822585821
v -0.00475513889 0.0528987609 0.008417367
v -0.00633543683 0.0527354404 0.00841259863
v -0.00475382805 0.0528069697 0.00859939959
v -0.0063337679 0.052644901 0.00859391596
v -0.00475191977 0.0526953302 0.00877451804
v -0.00633132411 0.0525346883 0.00876855757
v -0.00474983407 0.05256873 0.00894165039
v -0.00632858183 0.0524098799 0.00893551111
v -0.00474631693 0.0522880517 0.0092472434
v -0.00632393314 0.0521337315 0.0092419982
v -0.00474369479 0.0519781113 0.00950831082
v -0.00158578099 0.053219609 0.00784641504
v -0.00158548297 0.0532229505 0.00744855404
v -0.00181591499 0.0532190204 0.00744855404
v -0.000792715 0.0532364808 0.00744855404
v 0 0.0532124005 0.00784862041
v -0.000396373012 0.0532227717 0.00784862041
v 0 0.0531919003 0.00798434019
v -0.000396377989 0.0531877801 0.00804561283
v -0.00158423104 0.0527524911 0.00894713402
v -0.00118815806 0.0527626202 0.00894773006
v -0.00158494699 0.0528824888 0.00878089573
v -0.00118869497 0.05289286 0.00878161099
v -0.00158560195 0.0529972911 0.00860613491
v -0.00118917204 0.0530078411 0.00860697031
v -0.00158607902 0.0530912802 0.00842398405
v -0.00118958903 0.053102009 0.00842493679
v -0.00158625795 0.0531592295 0.00823581219
v -0.00118970801 0.0531700216 0.00823670626
v -0.00158607902 0.0531998798 0.00804281235
v -0.00118958903 0.0532106087 0.00804370642
v -0.00118935097 0.053230159 0.00784706976
v -0.000703196973 0.0532379709 0.00744855404
v 0 0.0532499515 0.00744855404
v -0.000792881998 0.0532304011 0.00784778502
v -0.000792993989 0.0532051288 0.00804459956
v -0.000396365009 0.0531356893 0.00823879242
v -0.000793044979 0.0531602502 0.0082377186
v -0.000396305986 0.0530651808 0.00842696428
v -0.000792946026 0.0530912802 0.008425951
v -0.000396201998 0.0529769585 0.00860881805
v -0.000792707026 0.0529993102 0.00860792305
v -0.000792382983 0.0528883301 0.00878244638
v 0 0.0529636107 0.00860935356
v 0 0.0529674813 0.00860291719
v 0 0.0530453287 0.00842577219
v 0 0.0531001016 0.00830101874
v 0 0.0531181619 0.00823885202
v 0 0.0531741306 0.00804561283
v -0.000791467028 0.0524811707 0.0092498064
v -0.000791253988 0.0523279309 0.00938338041
v 0 0.0523506403 0.00936889555
v 0 0.052479919 0.00924587157
v 0 0.0525894687 0.00914156437
v -0.000791723025 0.0526260696 0.00910449028
v 0 0.0526204109 0.00910311937
v -0.000792036008 0.0527625009 0.00894832611
v 0 0.0527464114 0.00894671585
v 0 0.0527963005 0.00888472702
v 0 0.0528592393 0.00878113508
v -0.00317144301 0.0531253181 0.00804030802
v -0.00317186094 0.0530836508 0.00823295116
v -0.00317156292 0.0530158803 0.00842106342
v -0.00317066908 0.0529231392 0.00860333443
v -0.00316935708 0.0528103113 0.00877851155
v -0.00316792703 0.0526823401 0.00894540455
v -0.00316560199 0.0523984395 0.00924956705
v -0.00316387392 0.052084621 0.00950771477
v -0.00316083408 0.0514344499 0.00997412205
v -0.00630021002 0.0499284789 0.0109501397
v -0.00628811121 0.0486689806 0.0119136497
v -0.00550454808 0.0487236306 0.0118939197
v -0.000791069004 0.0521665812 0.00950443745
v 0 0.0523331091 0.00938236713
v -0.00790959504 0.05263054 0.00803190377
v -0.0094782114 0.0523715615 0.00802910328
v -0.00791114476 0.0525904186 0.0082218051
v -0.00948023703 0.0523322187 0.0082179904
v -0.00791090727 0.0525253415 0.00840753317
v -0.00948011782 0.0522684418 0.0084028244
v -0.00790899899 0.0524362884 0.00858795643
v -0.00947797205 0.0521812402 0.00858247187
v -0.00790601876 0.0523279905 0.00876206066
v -0.00947457459 0.052075319 0.0087560406
v -0.0079026809 0.0522054397 0.00892871618
v -0.00947064068 0.0519555211 0.0089225173
v -0.00789695885 0.0519349501 0.00923591759
v -0.0094640851 0.0516915917 0.0092305541
v -0.00789278746 0.0516371094 0.00950264931
v -0.00945919659 0.0514013693 0.00950014498
v -0.00788456202 0.0510159098 0.00999301579
v -0.00944948103 0.0507942401 0.00999897718
v -0.00786727574 0.049770169 0.0109729096
v -0.00942885783 0.0495750308 0.0109962197
v -0.00785213709 0.0485354587 0.0119539397
v -0.00941109564 0.0483690985 0.0119946497
v -0.00783902407 0.0473104082 0.0129355704
v -0.00939583685 0.0471745692 0.0129938703
v -0.00782710314 0.0460909009 0.01391738
v -0.00938200857 0.0459864698 0.0139933797
v -0.00781559944 0.0448727012 0.0148988897
v -0.00936871674 0.0447998606 0.0149928303
v -0.00780397607 0.0436520502 0.0158800408
v -0.00935512688 0.0436102711 0.0159919206
v -0.00779211521 0.0424287915 0.0168616697
v -0.009341239 0.0424175188 0.0169913098
v -0.00778025296 0.0412047505 0.0178443696
v -0.00932747126 0.0412238799 0.0179914199
v -0.00931376219 0.0400308296 0.0189908706
v -0.0108480398 0.0394852683 0.0196585599
v -0.0123774996 0.0389360115 0.0203355495
v -0.0139021203 0.0383732282 0.0210150406
v -0.0110388901 0.0520657301 0.00802654028
v -0.0110414596 0.0520272218 0.008214592
v -0.0110415202 0.0519650504 0.00839859154
v -0.01103919 0.0518801212 0.00857770443
v -0.0110354396 0.0517768785 0.0087509146
v -0.0110310903 0.0516602919 0.00891733076
v -0.0110237002 0.0514037609 0.00922644138
v -0.0110182697 0.0511218905 0.00949901342
v -0.0110072996 0.0505310185 0.0100061204
v -0.0109839402 0.0493432209 0.0110201798
v -0.0109639699 0.0481700301 0.0120354798
v -0.0109469201 0.0470091701 0.0130517399
v -0.0109316697 0.04585528 0.0140683604
v -0.0109169399 0.0447029993 0.0150850397
v -0.0109018004 0.0435472094 0.0161014106
v -0.0108863702 0.042387899 0.0171179101
v -0.0108709903 0.0412275083 0.0181348305
v -0.00548666716 0.0461988412 0.0138042504
v -0.00627750112 0.0474168584 0.0128774596
v -0.00626772596 0.0461690389 0.0138412695
v -0.00631392002 0.0511959717 0.00998777058
v -0.00472891284 0.0500503704 0.01092791
v -0.00472003222 0.048770301 0.0118747903
v -0.00469088508 0.0436782204 0.0156602208
v -0.00470477296 0.0462227389 0.01376855
v -0.00392216397 0.0462409183 0.0137342196
v -0.00393474102 0.0488089286 0.0118560102
v -0.00632047607 0.0518291518 0.00950592663
v -0.00473886682 0.0513352714 0.00998204947
v -0.00314891292 0.0488398597 0.0118374797
v -0.00391083909 0.0436752401 0.0156100905
v -0.00313907792 0.0462539718 0.0137013104
v -0.002362489 0.0488629304 0.01182085
v -0.00158077397 0.0514944717 0.00996613503
v -0.00158220495 0.0521495305 0.00950491428
v -0.00158303895 0.052465491 0.00924944784
v -0.0455986783 0.0432522818 0.00744915009
v -0.0466856286 0.0433683284 0.00744915009
v -0.0470209084 0.0433895513 0.00781774521
v -0.0478062592 0.0434498116 0.00744897081
v -0.0478059016 0.0434429608 0.00818353798
v -0.0472456813 0.0434090383 0.00744909002
v -0.0470206104 0.0433927104 0.00744909002
v -0.0446663983 0.0431719385 0.00819349196
v -0.0447857901 0.0431654416 0.00744915009
v -0.0454511009 0.0432472192 0.00782042742
v -0.0454511605 0.0432364903 0.00744915009
v -0.0438837409 0.0430700704 0.00819557905
v -0.0439568684 0.043048501 0.00744909002
v -0.0446663983 0.0431486294 0.00744915009
v -0.0446699187 0.0431509614 0.00856345799
v -0.0446757004 0.0431039296 0.00893103983
v -0.0438879691 0.0430485606 0.00856614113
v -0.0438947603 0.0429996215 0.00893372204
v -0.0423362814 0.0427573882 0.00893867016
v -0.0423185192 0.0427973196 0.00744909002
v -0.0423216186 0.0427978598 0.00744909002
v -0.0428937599 0.0428984091 0.00744909002
v -0.0438835584 0.0430381186 0.00744909002
v -0.0478072092 0.0434132814 0.00891721155
v -0.0470238887 0.0433471687 0.00892120507
v -0.0470225811 0.0433637984 0.00855404139
v -0.0470214412 0.0433761403 0.00818622112
v -0.0454534218 0.0432325006 0.00856059697
v -0.0454507396 0.0432509705 0.00819122698
v -0.0423281714 0.0428030416 0.00857114699
v -0.040782921 0.0424727686 0.00894391537
v -0.0376112387 0.0420245491 0.00744902994
v -0.0376248285 0.0420184694 0.00821232703
v -0.0372970104 0.0420124494 0.00744902994
v -0.0368263684 0.041999571 0.00821352005
v -0.0369741283 0.0419999883 0.00744902994
v -0.0378906094 0.0420353413 0.00744902994
v -0.0380896889 0.0420570895 0.00744902994
v -0.0384063683 0.0420917198 0.00744902994
v -0.0360592008 0.0420293808 0.00744902994
v -0.0365040787 0.0420151316 0.00744902994
v -0.0368125401 0.0420051813 0.00744902994
v -0.0439028703 0.0429243408 0.00965684559
v -0.0423460603 0.0426822901 0.00965738203
v -0.0407939516 0.0424010083 0.00965815689
v -0.0400084816 0.0423145182 0.00894641783
v -0.0400200412 0.0422450304 0.00965845492
v -0.039248161 0.0421602689 0.00895011425
v -0.0392425582 0.0420889817 0.00965845492
v -0.0384421311 0.0420392118 0.00895136502
v -0.0384508297 0.0419713184 0.00965773966
v -0.0376402102 0.0419687591 0.00895231869
v -0.0376534387 0.0419000909 0.00965571404
v -0.0368394814 0.0419479609 0.00895237923
v -0.0368527696 0.0418754816 0.00965201762
v -0.0360349417 0.0419749618 0.00895106699
v -0.0454659984 0.0430810414 0.0103768101
v -0.0439067408 0.0428690314 0.0103711402
v -0.0423508212 0.0426238701 0.0103639299
v -0.0407993086 0.0423415788 0.0103568397
v -0.0400255919 0.0421858393 0.0103531396
v -0.0392487608 0.0420302711 0.0103489701
v -0.0384592414 0.0419120118 0.0103439
v -0.0376642905 0.0418381616 0.0103371702
v -0.0470348485 0.0430532582 0.0132889096
v -0.0470310412 0.0431617387 0.0118344398
v -0.0470328294 0.0431087613 0.0125617301
v -0.045471251 0.042972859 0.0118186995
v -0.0454773307 0.0428498313 0.0132603003
v -0.0353306495 0.0421043597 0.00744902994
v -0.0352183506 0.0421088897 0.00821316242
v -0.0352168605 0.0421160385 0.00744902994
v -0.0344278216 0.0422151014 0.00858396199
v -0.0336353108 0.0424172208 0.00821101572
v -0.0344221517 0.0422384106 0.00821220782
v -0.0337725803 0.0423983298 0.00744897081
v -0.0342448913 0.0422809683 0.00744897081
v -0.0344270989 0.0422491394 0.00744897081
v -0.0345467292 0.0422282182 0.00744897081
v -0.0351480804 0.0421231315 0.00744902994
v -0.0352244303 0.0420877896 0.00858575106
v -0.0360269509 0.0420097709 0.00858694315
v -0.0368331596 0.0419815108 0.00858729985
v -0.0376322791 0.0420014188 0.00858628657
v -0.0384380184 0.0420731306 0.0085849762
v -0.0392599702 0.0421992503 0.00858438015
v -0.0399991199 0.0423514806 0.0085790148
v -0.0407739207 0.0425127707 0.00857639313
v -0.0423224494 0.0428236686 0.00819963217
v -0.0352336094 0.0420506485 0.00894862413
v -0.033010181 0.0426141582 0.00744897081
v -0.0333564207 0.0425017402 0.00744897081
v -0.033646699 0.0424296185 0.00744897081
v -0.0322607085 0.0428754017 0.00744897081
v -0.0324848816 0.0427846909 0.00744897081
v -0.0308166109 0.0435290299 0.00744897081
v -0.0313898288 0.0432485901 0.00744897081
v -0.0313740894 0.0432469808 0.00782972481
v -0.0315285884 0.0431807004 0.00744897081
v -0.0300199296 0.0439906083 0.0074489112
v -0.0301296692 0.0439269505 0.0074489112
v -0.0306584202 0.0436128303 0.00782894995
v -0.0306749903 0.0436108112 0.00744897081
v -0.0308128502 0.0435308814 0.00744897081
v -0.0336518809 0.0423467718 0.0089421859
v -0.0328780413 0.0425660014 0.00893878937
v -0.0328658186 0.0426156484 0.00857967138
v -0.0321069285 0.0428869687 0.0085772872
v -0.0321028195 0.0429193303 0.00820821524
v -0.0313634798 0.0432404801 0.00820660498
v -0.0344381295 0.0421746895 0.00894552376
v -0.0336405002 0.0423913486 0.00858187582
v -0.0336998701 0.0421388112 0.01027798
v -0.0344817005 0.0419896804 0.0102914497
v -0.032878451 0.042656891 0.00744897081
v -0.0314068682 0.0429946706 0.00960135367
v -0.03214591 0.0427003503 0.0096091032
v -0.0329030715 0.0424492918 0.00961691141
v -0.0307013895 0.0432445407 0.0099093914
v -0.0314199887 0.0429178402 0.00991976168
v -0.0321590304 0.0426320992 0.0099303117
v -0.0329294205 0.0423313901 0.0102645699
v -0.0300187394 0.043515861 0.0102121802
v -0.0307152793 0.0431602001 0.0102249896
v -0.0314343497 0.0428432785 0.0102379899
v -0.0321732685 0.0425665304 0.0102512203
v -0.0300059896 0.0436107516 0.00989919901
v -0.0299944207 0.0437073112 0.00958615541
v -0.0306887608 0.0433308408 0.00959366467
v -0.0299832206 0.0438017212 0.00926399231
v -0.0306628309 0.0434954688 0.00892788079
v -0.0299700405 0.0438909493 0.00892436504
v -0.0299569294 0.0439694487 0.00856983569
v -0.0306492392 0.0435656309 0.00857228041
v -0.0299536493 0.0439975783 0.0083878627
v -0.0306461994 0.0436063409 0.00820493605
v -0.0299544893 0.0440150388 0.00820332672
v -0.0299676005 0.0440218411 0.00782817602
v -0.0253301207 0.0468326211 0.00744885206
v -0.0258904602 0.0465233289 0.0074489112
v -0.0258939806 0.0465298817 0.00763767911
v -0.0265375301 0.0461661816 0.0074489112
v -0.0267329793 0.0460492894 0.0074489112
v -0.0244836807 0.0472805984 0.00744885206
v -0.0249130707 0.0470627509 0.00744885206
v -0.0286957603 0.0448533185 0.00782543421
v -0.0273570996 0.0456544682 0.00819736719
v -0.0273105502 0.0457085893 0.00782549288
v -0.0266157296 0.0460907184 0.00819826126
v -0.0258944593 0.0465267785 0.00782608893
v -0.0287772994 0.0447802506 0.00819712784
v -0.0273613892 0.0456239507 0.00838053226
v -0.0266139507 0.0460190699 0.00856155064
v -0.0272868797 0.0454086587 0.00924664736
v -0.0266010705 0.0459146388 0.00891137123
v -0.0273113791 0.0455128513 0.008912622
v -0.0273508392 0.0455914102 0.00856125262
v -0.0258963704 0.0464202091 0.00856149103
v -0.0258963704 0.0464660488 0.00838160515
v -0.0258959495 0.0464985296 0.00819867756
v -0.0286554601 0.0443959795 0.00987994578
v -0.0279685799 0.0449020192 0.00956576969
v -0.0286474209 0.0445134602 0.00957208779
v -0.0279738307 0.0450181291 0.00925022271
v -0.0286523607 0.0446191989 0.00925427582
v -0.0280141793 0.0451021083 0.00891423225
v -0.0286959391 0.0446911417 0.0089165559
v -0.0280783102 0.0451558791 0.00856125262
v -0.0287657902 0.0447322689 0.00856238604
v -0.0287846308 0.0447525904 0.00838076975
v -0.0259006601 0.0458530709 0.00984674599
v -0.0258983895 0.0460096002 0.0095491996
v -0.0258966591 0.0461603887 0.00924044754
v -0.0251967907 0.0466672108 0.00890868902
v -0.0245028697 0.0471532308 0.00856041908
v -0.0329580307 0.0422190391 0.0109115802
v -0.03220319 0.0424377918 0.0108928001
v -0.0314645097 0.0426962897 0.0108742099
v -0.0307445507 0.0429932401 0.0108559104
v -0.0300457999 0.0433273315 0.0108379098
v -0.0322317407 0.0423041508 0.0115345102
v -0.0314932987 0.0425447784 0.01151055
v -0.0307724401 0.0428221785 0.0114869997
v -0.0300714895 0.0431351587 0.01146382
v -0.0293658897 0.0436895415 0.0108203199
v -0.0286647007 0.0442792699 0.0101876799
v -0.02938818 0.0434752703 0.0114410501
v -0.0287030302 0.0438107811 0.0114188101
v -0.0286843702 0.0440463983 0.0108032199
v -0.0279981401 0.0443937704 0.0107865902
v -0.02798241 0.0446474515 0.0101761799
v -0.0272949897 0.0450059697 0.0101651503
v -0.0272893291 0.0451429412 0.00986254215
v -0.0287343208 0.0433275104 0.0126504302
v -0.0280380808 0.0436152816 0.0126184197
v -0.0280262809 0.043878071 0.0120077096
v -0.0273281299 0.0441774689 0.0119814202
v -0.02731812 0.0444562994 0.0113759004
v -0.0266181808 0.0447668992 0.0113551598
v -0.0266103093 0.045062121 0.01075482
v -0.0259082299 0.0453840382 0.0107395602
v -0.0259031001 0.0456967913 0.0101443501
v -0.0251984503 0.0460296199 0.0101345098
v -0.0337965414 0.0417041704 0.0128900995
v -0.0337516591 0.0419375785 0.0115833199
v -0.0345688984 0.0416034386 0.0129265096
v -0.0345280692 0.041813191 0.0116083603
v -0.0353479907 0.0415393114 0.0129635902
v -0.0353119895 0.0417289697 0.0116336904
v -0.036131911 0.0415120684 0.0129992897
v -0.0361010395 0.0416851602 0.0116578899
v -0.0369186401 0.0415218398 0.0130317202
v -0.0368928909 0.0416820608 0.0116795804
v -0.0377056487 0.041568689 0.0130609795
v -0.0376846716 0.0417195484 0.0116986604
v -0.0384907685 0.0416525006 0.0130866095
v -0.0384740792 0.0417975709 0.0117148701
v -0.0392715894 0.0417728387 0.01310944
v -0.0392585918 0.0419157706 0.01172888
v -0.0400457904 0.0419259593 0.0131302997
v -0.0400341116 0.0420691296 0.0117414501
v -0.0408189818 0.0420802198 0.0131499702
v -0.0408078395 0.0422233306 0.0117531996
v -0.0423686504 0.042365551 0.0131881796
v -0.0423588082 0.0425056182 0.0117759099
v -0.0478129908 0.0431540012 0.0133024398
v -0.0470391512 0.0429353714 0.0147427898
v -0.0454844795 0.0427131616 0.0147011802
v -0.0470453501 0.0428094193 0.0161975008
v -0.0439535901 0.0421385095 0.0175029598
v -0.0455023609 0.0424102508 0.0175812803
v -0.0454930589 0.0425657593 0.01614183
v -0.0462699495 0.0426855013 0.0161702
v -0.0439310595 0.0424722396 0.01465296
v -0.0439418517 0.0423096418 0.0160787702
v -0.0423936807 0.0420324206 0.0160105806
v -0.0408482514 0.0417348705 0.0159420893
v -0.0400770307 0.0415771008 0.0159070399
v -0.0393055007 0.0414204001 0.0158702098
v -0.0385291502 0.041291289 0.0158305094
v -0.037749581 0.0411926508 0.0157866403
v -0.0369688794 0.0411248803 0.0157375894
v -0.0338356383 0.0414428115 0.0141978804
v -0.0346051417 0.0413648412 0.0142457401
v -0.0353808403 0.0413203798 0.0142944399
v -0.0361610018 0.0413095914 0.0143415304
v -0.0369439088 0.0413327813 0.0143846199
v -0.0377274118 0.0413898788 0.0144238397
v -0.0385093614 0.0414807685 0.0144587103
v -0.0392876193 0.0416049287 0.0144901201
v -0.0400604606 0.0417594314 0.0145190302
v -0.0408327505 0.0419151708 0.0145465098
v -0.0423804484 0.0422059186 0.01459991
v -0.0439215302 0.0426221415 0.0132261496
v -0.0439135395 0.0427550003 0.0117986202
v -0.0307974201 0.0426443815 0.0121183302
v -0.0315192305 0.0423857495 0.0121472403
v -0.0308200102 0.0424606204 0.0127499597
v -0.0315427706 0.0422200486 0.0127841802
v -0.0308406297 0.0422717892 0.0133817103
v -0.0315643512 0.0420486294 0.0134213502
v -0.0308595803 0.0420786701 0.01401358
v -0.0338712893 0.0411634408 0.0155060804
v -0.0346386991 0.0411076508 0.0155653898
v -0.0354117118 0.0410825014 0.0156256501
v -0.0361889005 0.0410881601 0.0156839993
v -0.0322812088 0.0420131013 0.0128189903
v -0.0323231816 0.0416972004 0.0141043598
v -0.0315843187 0.0418724418 0.0140586402
v -0.0316030905 0.0416925512 0.0146960001
v -0.0308774095 0.0418821499 0.0146455104
v -0.0330742486 0.0415537916 0.0141507899
v -0.0323606692 0.0413650796 0.0153901502
v -0.0323422514 0.0415326282 0.0147472601
v -0.0319893882 0.0414339304 0.0153616602
v -0.0330331884 0.0418409705 0.0128542697
v -0.0329853818 0.0421014987 0.0115587702
v -0.0301510002 0.0423149392 0.0139691802
v -0.0301338397 0.0425263606 0.0133426702
v -0.0251990501 0.0467940494 0.00856089499
v -0.0258960109 0.0462995693 0.008910059
v -0.0265938006 0.0457897708 0.00924342778
v -0.0272844397 0.0452803895 0.00955986883
v -0.0266020205 0.0453555509 0.0101545397
v -0.0273068491 0.0447322093 0.0107704401
v -0.0280130506 0.0441377088 0.0113971196
v -0.0287195407 0.0435709916 0.0120345904
v -0.0294257905 0.0430325195 0.0126830302
v -0.0294418298 0.0428051315 0.0133042298
v -0.0294564907 0.0425745212 0.0139254304
v -0.0244884994 0.0463535115 0.0101250997
v -0.0252007805 0.0456978008 0.0107248398
v -0.0259130504 0.0450697504 0.0113349501
v -0.0266252104 0.0444692299 0.0119556095
v -0.0273371302 0.0438959002 0.0125870099
v -0.0316211507 0.0415099189 0.0153334104
v -0.0312560685 0.0415930711 0.0153053403
v -0.0308944508 0.0416831896 0.0152774397
v -0.0305365305 0.0417801701 0.0152497198
v -0.0355039798 0.0403344594 0.0196160004
v -0.0354728103 0.0405875407 0.0182864591
v -0.03621649 0.0408579111 0.0170260593
v -0.0354419909 0.0408359095 0.0169565007
v -0.0355665013 0.0398221016 0.0222762208
v -0.0348066613 0.0397530086 0.0221583806
v -0.03477275 0.0400259383 0.0208396893
v -0.0340137407 0.0399945304 0.0207349602
v -0.0347388908 0.0403026305 0.0195211694
v -0.0339777991 0.0402928516 0.0194277707
v -0.0347049795 0.0405745506 0.01820313
v -0.0339416191 0.0405865312 0.0181210004
v -0.0346714817 0.0408419296 0.0168846808
v -0.0339059792 0.0408757888 0.0168139301
v -0.0331113301 0.0412493907 0.0154477302
v -0.0323968492 0.0410254002 0.0166756492
v -0.0320253894 0.0410795808 0.0166416708
v -0.0316566192 0.0411403105 0.0166078806
v -0.0312907584 0.0412074886 0.0165743195
v -0.0309280101 0.0412810408 0.0165410005
v -0.0305685904 0.041360911 0.0165079199
v -0.0288028698 0.0418156907 0.0163459107
v -0.0294958893 0.0418696888 0.0157890301
v -0.0295087006 0.0416323505 0.0164100509
v -0.0301974993 0.0416659117 0.0158487502
v -0.0302126408 0.0414469801 0.0164750796
v -0.0288251601 0.0413023196 0.0175771099
v -0.0295219999 0.0413943492 0.0170309506
v -0.0295355897 0.0411556289 0.0176517293
v -0.0302281901 0.0412274487 0.0171012804
v -0.0237688404 0.0459302589 0.01127725
v -0.0244883206 0.0460030399 0.0107104704
v -0.0244880896 0.0456517301 0.0112960301
v -0.0252029207 0.0453647897 0.0113152796
v -0.0252049491 0.0450305305 0.0119057801
v -0.0259174109 0.0447536707 0.0119304601
v -0.0259214602 0.0444357283 0.0125259701
v -0.02663159 0.0441693589 0.0125561897
v -0.0266428497 0.0435637794 0.0137573397
v -0.0273528006 0.043325901 0.0137982899
v -0.0273665097 0.0427490398 0.0150095196
v -0.0280762296 0.0425402485 0.0150614902
v -0.0280932095 0.0419942103 0.0162827894
v -0.0288366005 0.0410439298 0.0181926396
v -0.0274007898 0.0412896797 0.0180364791
v -0.0281111505 0.0414448902 0.0175036099
v -0.0273936298 0.0415835306 0.0174311902
v -0.0273797493 0.0421678983 0.0162206199
v -0.0266624596 0.0423370004 0.0161594097
v -0.0266528092 0.0429522917 0.0149584999
v -0.0259351693 0.0431501195 0.01490831
v -0.0259286705 0.0437953398 0.0137171699
v -0.0252103806 0.0440205894 0.0136777097
v -0.0252068602 0.0446950085 0.0124964099
v -0.0244879704 0.0449469611 0.0124674402
v -0.0244879704 0.0452997014 0.0118816998
v -0.0208759904 0.0482647382 0.00952082779
v -0.0216079894 0.0479723215 0.00952422619
v -0.0216009002 0.047554791 0.0100905802
v -0.0223297998 0.0472685583 0.0100987498
v -0.0223172307 0.0464621112 0.0112411296
v -0.0230451804 0.0462003909 0.0112589505
v -0.0230379701 0.0454285108 0.0124112898
v -0.0237649605 0.0451914594 0.0124390703
v -0.0237621609 0.0444514118 0.0136011196
v -0.0244882107 0.0442392789 0.01363903
v -0.0244885609 0.0435288511 0.0148106804
v -0.0252137091 0.0433423482 0.0148590803
v -0.0252170507 0.0426610708 0.0160402004
v -0.0259415507 0.0425013788 0.0160992704
v -0.0259482209 0.0418492518 0.0172898695
v -0.0266726594 0.04171836 0.0173599701
v -0.0266830903 0.0410947204 0.0185604598
v -0.0223354604 0.0476698801 0.00952774193
v -0.0230541192 0.04697299 0.0101072099
v -0.0302442294 0.0410073288 0.0177273098
v -0.0302765891 0.0405630395 0.0189794302
v -0.0302603804 0.0407860205 0.0183533393
v -0.0288479906 0.0407840014 0.0188081805
v -0.0274078809 0.0409942195 0.0186417606
v 0 0.0330775306 0.0219892804
v -0.0346714817 -0.0408419296 0.0168846808
v -0.0347049795 -0.0405745506 0.01820313
v -0.0354728103 -0.0405875407 0.0182864591
v -0.0305365305 -0.0417801701 0.0152497198
v -0.0308944508 -0.0416831896 0.0152774397
v -0.0308774095 -0.0418821499 0.0146455104
v -0.0287476107 -0.0430807993 0.0132663799
v -0.0287343208 -0.0433275104 0.0126504302
v -0.0280380808 -0.0436152816 0.0126184197
v -0.0312560685 -0.0415930711 0.0153053403
v -0.0316211507 -0.0415099189 0.0153334104
v -0.0316030905 -0.0416925512 0.0146960001
v -0.0470514782 -0.0426763184 0.0176510196
v -0.0265938006 -0.0457897708 0.00924342778
v -0.0258966591 -0.0461603887 0.00924044754
v -0.0258983895 -0.0460096002 0.0095491996
v -0.0258963704 -0.0464660488 0.00838160515
v -0.0258963704 -0.0464202091 0.00856149103
v -0.0266139507 -0.0460190699 0.00856155064
v -0.0287846308 -0.0447525904 0.00838076975
v -0.0287772994 -0.0447802506 0.00819712784
v -0.0273570996 -0.0456544682 0.00819736719
v -0.0322611891 -0.0428767204 0.00744873192
v -0.0321252309 -0.0429304205 0.00744873192
v -0.0321113989 -0.0429258905 0.00783049967
v -0.0407939516 -0.0424010083 0.00965815689
v -0.0423460603 -0.0426822901 0.00965738203
v -0.0423362814 -0.0427573882 0.00893867016
v -0.0368263684 -0.041999571 0.00821352005
v -0.0360205099 -0.0420291387 0.00821363926
v -0.0360269509 -0.0420097709 0.00858694315
v -0.0368331596 -0.0419815108 0.00858729985
v -0.0376322791 -0.0420014188 0.00858628657
v -0.0376248285 -0.0420184694 0.00821232703
v -0.0438879691 -0.0430485606 0.00856614113
v -0.0438837409 -0.0430700704 0.00819557905
v -0.0423224494 -0.0428236686 0.00819963217
v -0.0455986783 -0.0432522185 0.00744885206
v -0.0454511605 -0.0432364903 0.00744885206
v -0.0454511009 -0.0432472192 0.00782042742
v -0.00781559944 -0.0448727012 0.0148988897
v -0.00782710314 -0.0460909009 0.01391738
v -0.00626772596 -0.0461690389 0.0138412695
v -0.000791069004 -0.0521665812 0.00950443745
v 0 -0.0527926609 0.00888198614
v 0 -0.0527443215 0.00894522574
v -0.000792036008 -0.0527625009 0.00894832611
v 0 -0.0523470603 0.00936442614
v 0 -0.0523298308 0.00937837269
v -0.000791253988 -0.0523279309 0.00938338041
v -0.000791723025 -0.0526260696 0.00910449028
v -0.000791467028 -0.0524811707 0.0092498064
v -0.00158303895 -0.052465491 0.00924944784
v -0.000792946026 -0.0530912802 0.008425951
v -0.000792707026 -0.0529993102 0.00860792305
v -0.00118917204 -0.0530078411 0.00860697031
v -0.00118869497 -0.05289286 0.00878161099
v -0.00118815806 -0.0527626202 0.00894773006
v -0.00158423104 -0.0527524911 0.00894713402
v -0.000703194004 -0.0532378517 0.00744855404
v 0 -0.0532499515 0.00744855404
v 0 -0.0532354116 0.00764918281
v -0.00789695885 -0.0519349501 0.00923591759
v -0.0079026809 -0.0522054397 0.00892871618
v -0.00632858183 -0.0524098799 0.00893551111
v -0.0094640851 -0.0516915917 0.0092305541
v -0.00947064068 -0.0519555211 0.0089225173
v -0.02079105 -0.04265064 0.0168330595
v -0.0215363503 -0.0425489508 0.0168946907
v -0.0215450507 -0.0433848985 0.0157606006
v -0.0208114292 -0.0443743393 0.0145823304
v -0.0215533897 -0.0442170501 0.0146262003
v -0.0215621497 -0.0450480506 0.0134917405
v -0.0209958497 -0.0489280783 0.00744873192
v -0.0201409999 -0.0492894016 0.00744867278
v -0.0201524999 -0.0492831394 0.00782787707
v -0.0232651196 -0.0478988811 0.00744873192
v -0.0230563208 -0.0479957983 0.00744873192
v -0.0230664592 -0.0479898416 0.00782644656
v 0 -0.0335536487 0.0219322406
v 0 -0.0335468017 0.0219337307
v -0.000386867992 -0.0335510299 0.0219491702
v -0.000774585002 -0.0341443382 0.0218007509
v -0.000774253975 -0.0339501984 0.0218619704
v -0.00154894497 -0.0339623615 0.0218656007
v -0.00466328813 -0.0385693312 0.0194457099
v -0.00311309006 -0.0384894013 0.0192884803
v -0.00310891797 -0.0371652208 0.0202072803
v -0.0214639306 -0.0341004096 0.0241080504
v -0.0184255801 -0.0338618085 0.0237217508
v -0.0153719103 -0.0336560011 0.0233651306
v -0.0153761497 -0.0340750217 0.02335345
v -0.01231449 -0.0339082405 0.0230187699
v -0.0108480398 -0.0394852683 0.0196585599
v -0.00930684805 -0.0394319817 0.0194895808
v -0.00929993298 -0.0388129316 0.0199845992
v -0.0108403498 -0.0388789102 0.0201613903
v -0.0123774996 -0.0389360115 0.0203355495
v -0.0123856599 -0.0395280682 0.0198251009
v -0.0124267302 -0.0423403904 0.0172429606
v -0.0124102803 -0.0412161909 0.0182764493
v -0.0139445597 -0.0411904417 0.0184178893
v -0.0169794504 -0.0401014015 0.0197876599
v -0.01849645 -0.0400841795 0.01995253
v -0.0185036603 -0.0405578017 0.0194031
v -0.0356963202 -0.0366732404 0.0263075791
v -0.0364450812 -0.0367848799 0.02644068
v -0.0364379212 -0.0370959602 0.0263417307
v -0.0334043987 -0.0378316604 0.0251062494
v -0.0333940312 -0.0380858108 0.0248798095
v -0.0319026113 -0.0379482508 0.0246118307
v -0.0333837792 -0.0383254811 0.0246359091
v -0.0333737098 -0.0385491811 0.0243759099
v -0.0318823382 -0.0384273492 0.0241129901
v -0.0274397694 -0.0396647416 0.0213657003
v -0.0274361894 -0.0398113094 0.0210631993
v -0.0259687304 -0.039873831 0.0208618008
v -0.0289099794 -0.0393248685 0.0221884195
v -0.0303645097 -0.0393054411 0.0224178396
v -0.0303564593 -0.0394417606 0.0221089702
v -0.0303484201 -0.0395600088 0.0217971206
v -0.0303404294 -0.0396700501 0.0214841906
v -0.0288931094 -0.0397432409 0.0212708097
v -0.0440226682 -0.0371055603 0.0273999497
v -0.0368403085 -0.0358812809 0.0266174003
v -0.0372144505 -0.0359387286 0.0266857706
v -0.0372079015 -0.0362612605 0.0266889296
v -0.0394740701 -0.0369609483 0.0268574301
v -0.0394686982 -0.0372872911 0.0267980602
v -0.0379522406 -0.0370255709 0.02665448
v -0.0440250598 -0.03745782 0.0273604896
v -0.0425089486 -0.0371722504 0.0271911602
v -0.0470645986 -0.0376845486 0.0276824795
v -0.0478278883 -0.0385633111 0.0277280807
v -0.0470653102 -0.0384056494 0.0276586395
v -0.047064539 -0.0380480215 0.0276864693
v -0.0470756218 -0.0403897688 0.0268683396
v -0.0470777117 -0.0406659208 0.0266400501
v -0.0470842086 -0.0413574502 0.0258246604
v -0.0424816012 -0.040952079 0.0237481501
v -0.0424739718 -0.0410529897 0.0230554305
v -0.0409347415 -0.0407337509 0.0229126196
v -0.0401117206 -0.0411903188 0.0186780002
v -0.0393423401 -0.0410297513 0.0186260901
v -0.0393797085 -0.0406146012 0.0213843491
v -0.043980591 -0.0417689011 0.0203480702
v -0.0439664088 -0.0419594608 0.0189252999
v -0.0424228311 -0.0416611992 0.0188261196
v -0.0440131985 -0.0413759314 0.0231985394
v -0.0478397012 -0.0422854982 0.0235181991
v -0.0269663297 -0.0345876813 0.0248990003
v -0.0270340405 -0.0346296392 0.0249100905
v -0.0244913604 -0.034373641 0.0245280191
v -0.0272755604 -0.0457246788 0.00744873192
v -0.0272879601 -0.0457259417 0.0076375599
v -0.0281112101 -0.0452247187 0.00744873192
v -0.0286561791 -0.0448815189 0.00763761904
v -0.0281294491 -0.0452138111 0.00744873192
v -0.0286378805 -0.0448851511 0.00744879199
v -0.0294601899 -0.0443534814 0.00744885206
v -0.0299759507 -0.0440183207 0.00763869192
v -0.0296859108 -0.0442075096 0.00744885206
v -0.0388007686 -0.042134881 0.00744879199
v -0.0384307504 -0.0420898683 0.00821113493
v -0.0388773605 -0.0421487615 0.00744879199
v -0.0392547213 -0.0422164202 0.00821101572
v -0.0399775505 -0.0423549414 0.0074489112
v -0.0397018082 -0.0422981903 0.0074489112
v -0.0399908982 -0.0423688218 0.00820583105
v -0.0396917388 -0.0422963984 0.0074489112
v -0.0391951203 -0.0422063395 0.00744885206
v -0.0406939909 -0.0425022803 0.00744885206
v -0.0407665893 -0.0425313711 0.00820374396
v -0.0407564603 -0.0425150916 0.00744885206
v -0.0423216186 -0.0427978598 0.00744879199
v -0.0423185192 -0.0427973196 0.00744879199
v -0.0410056114 -0.0425663516 0.00744879199
v -0.0318347812 -0.0351823494 0.0257057492
v -0.0319958888 -0.0351248905 0.0257323906
v -0.0319935009 -0.0352022611 0.0257337596
v -0.0320010707 -0.0351229906 0.0257332902
v -0.0334852301 -0.035397701 0.0260006692
v -0.0321038887 -0.0350793004 0.0257498603
v -0.0323001109 -0.0349959098 0.0257815104
v -0.0311598107 -0.0353763103 0.0255881492
v -0.0314231515 -0.0353113413 0.0256355405
v -0.0319833718 -0.0355353914 0.0257290602
v -0.0314723812 -0.0352992415 0.0256443601
v -0.0316951796 -0.0352321789 0.0256826207
v -0.0304917004 -0.0354771018 0.0254620891
v -0.03052371 -0.0354749486 0.0254681092
v -0.0304858591 -0.0357034802 0.0254319292
v -0.0307176095 -0.0354506895 0.0255049393
v -0.0319736004 -0.0358675085 0.0256906692
v -0.0308436099 -0.0354349017 0.0255289003
v -0.0309554301 -0.0354141518 0.0255498197
v -0.0280471407 -0.0351416394 0.0250632707
v -0.0283578001 -0.0352491103 0.0251071993
v -0.0275008604 -0.03540897 0.02493768
v -0.0285770204 -0.0353106186 0.0251389109
v -0.0286714993 -0.0353370905 0.0251525603
v -0.0289879404 -0.0354060493 0.0252002999
v -0.0292822104 -0.0354522392 0.0252470896
v -0.0293070599 -0.0354561806 0.0252510309
v -0.0296288095 -0.0354874097 0.0253050309
v -0.02987241 -0.0354984887 0.0253477003
v -0.0299999695 -0.0354976617 0.0253709499
v -0.0301998798 -0.0354963504 0.0254073106
v -0.0275043808 -0.0350456797 0.02497923
v -0.0275051501 -0.0349007808 0.0249846503
v -0.0275285803 -0.0349134207 0.0249882303
v -0.0278232601 -0.0350509211 0.02503144
v -0.0278956201 -0.0350802504 0.0250417497
v -0.0279121902 -0.0350869186 0.0250440799
v -0.02724283 -0.0347589813 0.0249441806
v -0.0244910102 -0.0347577296 0.0245216396
v -0.0272501092 -0.0347629115 0.0249453094
v -0.02665269 -0.0343622491 0.0248456504
v -0.0266992394 -0.0343994386 0.0248537604
v -0.0478249118 -0.0427011214 0.0191428605
v -0.0478292108 -0.0425657593 0.0206012093
v -0.0478342101 -0.0424233004 0.0220593195
v -0.0470662713 -0.0423797891 0.0205546599
v -0.047075741 -0.0422173105 0.0220060293
v -0.0463095903 -0.0420403406 0.0219513103
v -0.0463227592 -0.0418690406 0.0233969595
v -0.0478414781 -0.0422108695 0.0242413804
v -0.0478411317 -0.0422526002 0.0238829199
v -0.0478413701 -0.0421422087 0.0245950203
v -0.0470896289 -0.0419788882 0.0241737906
v -0.04708606 -0.0420597084 0.0234584194
v -0.0463274084 -0.0417836308 0.0241073295
v -0.0470895097 -0.0419112407 0.0245210491
v -0.0478410088 -0.0420429111 0.0249416791
v -0.037794169 -0.0407776795 0.01850974
v -0.0370187089 -0.0406890512 0.0184416696
v -0.0370693207 -0.0402346216 0.0211445596
v -0.0408810899 -0.0413517281 0.0187278297
v -0.0439963304 -0.0415699407 0.0217736308
v -0.0424557291 -0.0412551686 0.0216453001
v -0.040915899 -0.0409390293 0.02151745
v -0.0378741585 -0.0400126502 0.0232715607
v -0.0386313088 -0.0402594805 0.0226827804
v -0.0378627107 -0.0401261412 0.0225943308
v -0.0386100411 -0.0404692814 0.0213117506
v -0.037839409 -0.0403424501 0.0212324206
v -0.0385693312 -0.0408914015 0.0185706001
v -0.0370951183 -0.0400086604 0.0224965196
v -0.0371078812 -0.0398899317 0.0231698696
v -0.0455244705 -0.0420692489 0.0204567295
v -0.0455380604 -0.0418838784 0.0218951106
v -0.0455527902 -0.0417035185 0.0233340207
v -0.0455579087 -0.0416147709 0.0240407493
v -0.0463274084 -0.0417158604 0.0244513098
v -0.0470888615 -0.0418142602 0.0248619299
v -0.0478402898 -0.0419145785 0.0252794009
v -0.0478392802 -0.0417584106 0.0256054904
v -0.0455581509 -0.0415460989 0.02438288
v -0.046326749 -0.0416194685 0.0247893296
v -0.0470877215 -0.0416890904 0.02519482
v -0.0393995605 -0.0404083095 0.0227639005
v -0.0409432612 -0.0406289585 0.0236003902
v -0.04248368 -0.0408776887 0.0240843203
v -0.0455578491 -0.0414492413 0.0247191098
v -0.0463256203 -0.0414956212 0.0251198392
v -0.0470861085 -0.0415369198 0.0255168006
v -0.0394089818 -0.0403011404 0.0234469101
v -0.0409464203 -0.0405516587 0.02393567
v -0.0424855314 -0.0407767184 0.0244140606
v -0.0455570184 -0.0413253307 0.0250476506
v -0.0463238917 -0.0413452908 0.0254399106
v -0.0470820591 -0.0411515199 0.0261160098
v -0.0470799208 -0.0409205481 0.02638858
v -0.0455540419 -0.0409991108 0.0256703999
v -0.04555225 -0.0407972299 0.0259589497
v -0.0463195406 -0.0409653112 0.0260370299
v -0.0463171601 -0.0407376215 0.0263094306
v -0.0470735393 -0.040094249 0.0270714108
v -0.0463218018 -0.0411682688 0.0257464591
v -0.0455557108 -0.0411753617 0.0253658202
v -0.0424870811 -0.0406504795 0.0247355606
v -0.0409494005 -0.040448539 0.02426433
v -0.0394130908 -0.0402218588 0.0237814691
v -0.0470714495 -0.0397814512 0.0272474196
v -0.0470695384 -0.0394535586 0.0273951795
v -0.047067821 -0.039113339 0.0275137406
v -0.0470663309 -0.0387634002 0.0276020095
v -0.0478284918 -0.0389249884 0.0276769903
v -0.0478274785 -0.0382000804 0.0277477503
v -0.0470644794 -0.0378665887 0.0276873708
v -0.0463062488 -0.0392902382 0.0273246095
v -0.0459229909 -0.0388772413 0.0274050795
v -0.0463044606 -0.0389538407 0.0274468604
v -0.0461122282 -0.0385693908 0.0275218394
v -0.0463029705 -0.0386072285 0.0275410395
v -0.0461114012 -0.0382154509 0.0275840107
v -0.046111159 -0.0380381308 0.0276046302
v -0.0463014804 -0.0380749702 0.0276259705
v -0.0463019013 -0.0382524095 0.0276050493
v -0.0455420613 -0.0377511904 0.0275292899
v -0.0459219217 -0.0381796882 0.0275457501
v -0.0455421805 -0.0381063186 0.0274934694
v -0.0459221601 -0.0385324284 0.02749216
v -0.0455418192 -0.0384578109 0.0274424497
v -0.0463013016 -0.0378970988 0.0276375394
v -0.0463014804 -0.0377169214 0.0276387893
v -0.0461109802 -0.0378602706 0.0276169106
v -0.0461110994 -0.0376802608 0.0276200697
v -0.04592162 -0.0378245711 0.0275788307
v -0.0459215008 -0.0376445018 0.0275879502
v -0.0463018417 -0.0375362597 0.0276327692
v -0.0461114012 -0.0374997817 0.0276161395
v -0.0459214412 -0.0374639593 0.0275914595
v -0.0447814986 -0.0372475907 0.0274789296
v -0.045541279 -0.0373916589 0.0275522992
v -0.0447831117 -0.0376036093 0.0274483506
v -0.0447831713 -0.0379576609 0.0274059698
v -0.0447820984 -0.0383070707 0.02734988
v -0.0455421209 -0.0388014913 0.0273574498
v -0.0455431305 -0.0391352102 0.0272370502
v -0.0455443785 -0.0394564793 0.0270867907
v -0.0463082083 -0.0396142006 0.02717405
v -0.045545809 -0.0397625491 0.0269093495
v -0.0463103615 -0.0399228297 0.0269956496
v -0.0455472991 -0.0400515683 0.0267061498
v -0.0463125706 -0.0402143002 0.0267907903
v -0.0455488488 -0.0403218195 0.0264788792
v -0.0463148318 -0.0404866301 0.0265613701
v -0.0455505215 -0.0405710898 0.0262291394
v -0.044025179 -0.0378091298 0.0273129903
v -0.0440235697 -0.0381559096 0.0272545796
v -0.0440224409 -0.0384948216 0.0271657705
v -0.0440220796 -0.0388232991 0.0270443503
v -0.0440218411 -0.0391391516 0.0268951599
v -0.0440215394 -0.0394399092 0.0267204605
v -0.0440211818 -0.0397242308 0.0265215002
v -0.0440209508 -0.039990481 0.0262994692
v -0.0440208316 -0.0402364694 0.0260552708
v -0.0440210104 -0.0404602215 0.0257902108
v -0.0425086617 -0.0375167094 0.0271384101
v -0.0425059088 -0.0378575884 0.02707785
v -0.0425035283 -0.0381907783 0.0269880798
v -0.0425017998 -0.0385134816 0.0268660709
v -0.0425001308 -0.0388236605 0.0267169997
v -0.0424982309 -0.0391190015 0.0265430808
v -0.0424962007 -0.0393986702 0.0263458397
v -0.04249423 -0.0396609902 0.0261263791
v -0.0424924418 -0.0399039909 0.0258851591
v -0.0424908884 -0.0401256606 0.0256233197
v -0.0424895808 -0.0403247401 0.0253428798
v -0.0425059088 -0.0368279815 0.0272409301
v -0.0409922004 -0.0368963405 0.0270424392
v -0.0409908183 -0.0372335315 0.0269904695
v -0.0409868285 -0.0375675485 0.02693009
v -0.0409830809 -0.0378943607 0.0268399697
v -0.040980041 -0.038210921 0.0267171804
v -0.0409769416 -0.0385152102 0.0265667997
v -0.0409736596 -0.0388048217 0.0263912007
v -0.0409701988 -0.0390794799 0.0261927806
v -0.0409666784 -0.0393377505 0.0259727202
v -0.0409634113 -0.0395775996 0.0257313792
v -0.0409603715 -0.0397971198 0.0254698303
v -0.0409575701 -0.0399950109 0.0251900498
v -0.0409548804 -0.040169891 0.0248942301
v -0.0375702307 -0.0371204615 0.0265717506
v -0.0375670083 -0.0372757912 0.0265201293
v -0.0379458591 -0.0373390913 0.0265622102
v -0.0379401408 -0.0376432501 0.0264354292
v -0.0394636318 -0.0376066491 0.0267073493
v -0.0394593403 -0.0379161797 0.0265829507
v -0.0379344784 -0.0379354917 0.0262782499
v -0.0394551083 -0.038213551 0.0264296494
v -0.0379287601 -0.0382133685 0.0260932408
v -0.0394506417 -0.0384964906 0.0262500606
v -0.037922971 -0.03847754 0.0258852206
v -0.0394461118 -0.0387650691 0.0260476395
v -0.0379171893 -0.0387269184 0.0256564599
v -0.0394415185 -0.0390181504 0.0258240607
v -0.0379115306 -0.0389597416 0.0254080798
v -0.0394370519 -0.0392537117 0.0255799796
v -0.0379059911 -0.0391741283 0.0251415297
v -0.0394328199 -0.0394700095 0.0253164694
v -0.0379006192 -0.0393687412 0.0248586498
v -0.0394287705 -0.0396655686 0.0250355601
v -0.0378953815 -0.0395422503 0.0245612208
v -0.0394248888 -0.0398391411 0.0247392002
v -0.0378901884 -0.0396936499 0.0242513996
v -0.0394210815 -0.0399896987 0.02442961
v -0.037884891 -0.0398231708 0.0239318609
v -0.0387213193 -0.0361781083 0.0268649999
v -0.03795892 -0.0367055498 0.0267134905
v -0.0377630517 -0.036994271 0.0266333204
v -0.0377666317 -0.0368352495 0.0266656801
v -0.0375736915 -0.0369632207 0.02661472
v -0.0375772119 -0.0368043706 0.0266492292
v -0.0376756713 -0.0366596505 0.0266796295
v -0.0377700888 -0.0366749093 0.0266910698
v -0.0387207195 -0.0365045592 0.0268318001
v -0.0379640386 -0.0363817811 0.0267527606
v -0.0377756283 -0.0363516212 0.0267290398
v -0.0376814604 -0.0363366604 0.0267169401
v -0.0375865586 -0.0363214016 0.0267140791
v -0.0375806615 -0.0366442204 0.0266764704
v -0.0373904109 -0.0366133414 0.0266740303
v -0.0371202193 -0.0396957286 0.0238275491
v -0.037126299 -0.0395644903 0.0241461303
v -0.0371323191 -0.0394117795 0.02445524
v -0.0371383987 -0.0392374285 0.0247522499
v -0.0371446013 -0.0390423499 0.0250351392
v -0.0371509083 -0.0388278887 0.0253021698
v -0.0371573493 -0.0385955498 0.0255514905
v -0.0371638499 -0.0383469984 0.0257816892
v -0.0371704102 -0.0380840302 0.0259913802
v -0.0371768996 -0.0378075801 0.0261780601
v -0.0371834002 -0.0375168286 0.0263365507
v -0.0371897817 -0.0372141488 0.0264670197
v -0.0371928811 -0.0370590612 0.0265225694
v -0.0373843312 -0.0369322784 0.0265990403
v -0.0371958613 -0.0369020104 0.0265721008
v -0.0373873711 -0.0367734395 0.0266405307
v -0.0374022089 -0.0359679386 0.0267131291
v -0.0373992883 -0.0361293517 0.0267168805
v -0.0373963714 -0.0362908207 0.0267134309
v -0.0377790295 -0.0360273682 0.0267517492
v -0.0376849696 -0.0360125788 0.0267390609
v -0.0375887714 -0.0361595713 0.0267245099
v -0.0375907384 -0.0359976813 0.0267299395
v -0.0379670784 -0.0360571705 0.0267766099
v -0.0394769907 -0.0366315208 0.0269044004
v -0.0378795192 -0.0399300382 0.0236046892
v -0.0363506004 -0.039693471 0.0233889204
v -0.0363576412 -0.0395817682 0.0237128697
v -0.0424883887 -0.0404999182 0.0250461604
v -0.0409521982 -0.0403209887 0.0245847106
v -0.0394171402 -0.0401175618 0.0241096001
v -0.0363646112 -0.0394482017 0.0240294896
v -0.0363715813 -0.0392936394 0.0243368093
v -0.0363786183 -0.0391178094 0.0246321503
v -0.0363857709 -0.0389216505 0.0249137208
v -0.0363930985 -0.0387066603 0.0251795594
v -0.0364004895 -0.0384741388 0.0254280493
v -0.0364079997 -0.0382257588 0.0256577693
v -0.0364155695 -0.0379633307 0.0258672796
v -0.0364230797 -0.0376876518 0.0260541402
v -0.0364305303 -0.0373977385 0.02621275
v -0.0309629999 -0.0408766791 0.0178039595
v -0.0306020305 -0.0409392118 0.0177655201
v -0.0306363702 -0.0405129083 0.0190229397
v -0.0323968492 -0.0410254002 0.0166756492
v -0.0320627615 -0.0407233797 0.0179209094
v -0.0324344002 -0.0406839214 0.0179604199
v -0.0317312405 -0.0403926298 0.0191552602
v -0.0324726701 -0.0403381512 0.0192449
v -0.0325105712 -0.0399880409 0.0205298606
v -0.0363007709 -0.0401458703 0.02104914
v -0.0355665013 -0.0398221016 0.0222762208
v -0.0363293812 -0.0399072692 0.0223906003
v -0.0348237082 -0.0396100804 0.0228161793
v -0.0355039798 -0.0403344594 0.0196160004
v -0.0347388908 -0.0403026305 0.0195211694
v -0.0355351493 -0.0400763713 0.0209460203
v -0.03477275 -0.0400259383 0.0208396893
v -0.0348066613 -0.0397530086 0.0221583806
v -0.0340498015 -0.0396999083 0.0220422093
v -0.0333155282 -0.0394967087 0.0225744806
v -0.0317685008 -0.0400124714 0.0204292499
v -0.0314003192 -0.0400314294 0.0203794204
v -0.0310518108 -0.0398492813 0.0209615193
v -0.0318339393 -0.0393204615 0.0226530991
v -0.0333250687 -0.0393893681 0.0228940807
v -0.0310694501 -0.0396453701 0.0215929691
v -0.0310872104 -0.0394344889 0.0222231708
v -0.03180575 -0.0396357104 0.0217031799
v -0.0318244584 -0.0394410416 0.0223388597
v -0.0325484201 -0.0396413803 0.0218147598
v -0.0325675011 -0.0394617282 0.0224559307
v -0.0332967602 -0.0396627709 0.0219277702
v -0.0333347283 -0.0392604992 0.0232081991
v -0.0302603804 -0.0407860205 0.0183533393
v -0.0302765891 -0.0405630395 0.0189794302
v -0.0302926302 -0.040339049 0.0196056291
v -0.0288479906 -0.0407840014 0.0188081805
v -0.0288366005 -0.0410439298 0.0181926396
v -0.0274007898 -0.0412896797 0.0180364791
v -0.0266726594 -0.04171836 0.0173599701
v -0.0266830903 -0.0410947204 0.0185604598
v -0.0274078809 -0.0409942195 0.0186417606
v -0.0259618703 -0.0405317508 0.0196713209
v -0.0266934 -0.0404676683 0.0197612606
v -0.0274149701 -0.0406978093 0.0192471705
v -0.0288593099 -0.0405231118 0.0194239002
v -0.0303244498 -0.0398917086 0.0208580997
v -0.0288705807 -0.0402620994 0.0200396106
v -0.0288818404 -0.0400019214 0.0206552707
v -0.0274220705 -0.0404013917 0.0198526308
v -0.0274291001 -0.0401057005 0.0204580408
v -0.0259652697 -0.0402022004 0.0202666502
v -0.0244913604 -0.0399305187 0.0206668898
v -0.0244916007 -0.0395644307 0.0212508403
v -0.0259721205 -0.0395398699 0.0214553997
v -0.0274432302 -0.0395110808 0.0216668192
v -0.0318435393 -0.0391793214 0.0229620896
v -0.0303726699 -0.0391495787 0.0227217004
v -0.0274502598 -0.0391536318 0.0222592298
v -0.0349492393 -0.0365671515 0.0261652991
v -0.0349403583 -0.0368787609 0.0260655805
v -0.0349312387 -0.0371810682 0.0259364806
v -0.034922 -0.0374714099 0.0257780496
v -0.0349127017 -0.0377474986 0.0255913101
v -0.0349033996 -0.0380108915 0.0253825095
v -0.0348941013 -0.0382608101 0.0251543503
v -0.0348849185 -0.0384956002 0.0249080602
v -0.0348758586 -0.0387136899 0.0246450305
v -0.0348669216 -0.0389137194 0.02436685
v -0.0348582193 -0.0390942618 0.02407532
v -0.0348495804 -0.0392544195 0.02377229
v -0.0348409414 -0.0393944308 0.0234602001
v -0.0348322913 -0.0395134613 0.0231410209
v -0.0363435708 -0.039781861 0.02305918
v -0.0364664085 -0.0358242914 0.02655375
v -0.0357203409 -0.0357130095 0.0264190398
v -0.0349756405 -0.03560495 0.0262768809
v -0.0319640599 -0.0361956917 0.0256198607
v -0.0334556587 -0.0363709889 0.0258883201
v -0.0319541618 -0.0365171395 0.0255190693
v -0.0334457718 -0.0366861187 0.0257882401
v -0.0319439694 -0.036828991 0.0253895503
v -0.0334355198 -0.0369917713 0.0256591402
v -0.0319336616 -0.0371286198 0.0252308808
v -0.0334252082 -0.0372853205 0.0255007092
v -0.0319232903 -0.037413951 0.0250441991
v -0.0334148407 -0.0375646912 0.0253141504
v -0.0373934507 -0.0364522897 0.0266988799
v -0.0372017585 -0.0365833603 0.0266493503
v -0.0372047983 -0.0364224911 0.02667474
v -0.0368269011 -0.0365250707 0.0265724603
v -0.036833521 -0.0362035595 0.0266106091
v -0.0364591405 -0.0361462794 0.02654659
v -0.0357120596 -0.0360348187 0.0264145695
v -0.0349665806 -0.0359274112 0.0262722299
v -0.033475101 -0.0357239805 0.0259959605
v -0.0364521109 -0.0364674293 0.0265086796
v -0.0357041284 -0.0363558494 0.0263769608
v -0.0349578187 -0.0362491012 0.0262346808
v -0.0334653184 -0.0360493585 0.0259581208
v -0.0304765105 -0.0360408388 0.0253596306
v -0.0304672103 -0.0363713503 0.0252576992
v -0.0304583292 -0.0366920196 0.0251274109
v -0.0304495003 -0.0370004103 0.0249682609
v -0.0304406807 -0.0372943208 0.0247812197
v -0.0319129787 -0.0376872383 0.0248368904
v -0.0304230396 -0.0378471017 0.0243503992
v -0.0304318592 -0.0375766084 0.0245742705
v -0.0274719503 -0.037694931 0.0238479301
v -0.0274758302 -0.0374031588 0.0240698401
v -0.02449256 -0.0375482403 0.0233777706
v -0.0244928505 -0.0372380018 0.02359825
v -0.0274959207 -0.0357671902 0.0248621702
v -0.0274913292 -0.0361181386 0.0247575603
v -0.0274873897 -0.0364590213 0.0246254206
v -0.0274835806 -0.0367872082 0.0244647209
v -0.0274797007 -0.037100669 0.0242765509
v -0.0244926792 -0.0355161987 0.0243991595
v -0.0244933292 -0.0358849689 0.0242918693
v -0.0244934503 -0.0362430811 0.02415758
v -0.0244933292 -0.0365880094 0.02399504
v -0.0244931504 -0.0369180404 0.0238051992
v -0.0230070297 -0.040371649 0.0199025795
v -0.0244910102 -0.0402911901 0.0200815201
v -0.0244907103 -0.0406529307 0.0194959007
v -0.0215273406 -0.0417080484 0.0180287901
v -0.0207695905 -0.04091084 0.0190837309
v -0.0215183999 -0.040864639 0.0191631299
v -0.0200126693 -0.0405056402 0.0195639692
v -0.0215139892 -0.0404434204 0.0197302103
v -0.0200186893 -0.0409542285 0.0190057103
v -0.0207803193 -0.0417819582 0.0179582797
v -0.0200309101 -0.0418522283 0.0178890191
v -0.0192657709 -0.0409946404 0.0189289991
v -0.0230024401 -0.0395837389 0.0210532509
v -0.0215029698 -0.0393689796 0.0211430099
v -0.0244917199 -0.0393636785 0.0215397999
v -0.0274466798 -0.0393412113 0.0219652597
v -0.0289043095 -0.0394782387 0.0218848493
v -0.02889877 -0.0396145508 0.0215784293
v -0.0200066492 -0.0400578305 0.0201219898
v -0.0215096399 -0.0400230214 0.0202970505
v -0.0230047703 -0.0399803482 0.0204785392
v -0.0169554297 -0.0384778902 0.0213796403
v -0.0184746906 -0.0385229513 0.0215672199
v -0.0184820201 -0.0390875898 0.0210420992
v -0.0199946109 -0.039109461 0.0212279502
v -0.0199975893 -0.0393639207 0.0209551398
v -0.0215008203 -0.0391262695 0.0214197598
v -0.0244918391 -0.0391470082 0.0218247697
v -0.00623953296 -0.0424229503 0.0167310797
v -0.0062490101 -0.0436735712 0.0157674495
v -0.00547033502 -0.0436777994 0.0157127902
v -0.00234895898 -0.0436615907 0.0155215804
v -0.00234258105 -0.0410599709 0.0173748098
v -0.00312584592 -0.0423765704 0.0164942108
v -0.00779211521 -0.0424287915 0.0168616697
v -0.00778025296 -0.0412047505 0.0178443696
v -0.00932747126 -0.0412238799 0.0179914199
v -0.0108709903 -0.0412275083 0.0181348305
v -0.0108557297 -0.0400678515 0.0191512704
v -0.0124020502 -0.0406543016 0.0187930409
v -0.0123938899 -0.0400928184 0.0193094593
v -0.0139360996 -0.0406481586 0.01894271
v -0.0139276301 -0.0401063487 0.0194672905
v -0.0154647799 -0.0406296216 0.0190934502
v -0.00931376219 -0.0400308296 0.0189908706
v -0.00776857091 -0.0399811789 0.0188263003
v -0.00622063782 -0.0399207398 0.0186604802
v -0.00312137604 -0.0410831496 0.0174281504
v -0.00467687799 -0.0411294587 0.0175554696
v -0.00311708404 -0.0397897884 0.0183606092
v -0.00466996385 -0.0398549996 0.0185028892
v -0.00621133996 -0.0386540815 0.0196198802
v -0.00621598912 -0.0392938182 0.0191411898
v -0.00776273012 -0.0393675491 0.0193161294
v -0.000783463998 -0.0436400101 0.0154834902
v -0.000781556009 -0.0410169885 0.0173241999
v -0.000780645991 -0.0397054516 0.0182443801
v -0.01391917 -0.0395608507 0.0199911501
v -0.0139107099 -0.0389847718 0.0205091797
v -0.0154479695 -0.0395843312 0.0201582909
v -0.0199884698 -0.0385640785 0.0217598006
v -0.0214962903 -0.0386018082 0.0219585206
v -0.0214985609 -0.0388703905 0.0216919705
v -0.0244919006 -0.0386695787 0.0223781392
v -0.0244919006 -0.0389154516 0.0221046805
v -0.0274571702 -0.0387291908 0.0228287503
v -0.0274537206 -0.0389493704 0.0225476008
v -0.0303890109 -0.0387834311 0.0233089309
v -0.0303808395 -0.038975291 0.0230193101
v -0.0318626687 -0.0388401709 0.0235585496
v -0.0318531282 -0.0390189812 0.0232645199
v -0.0333539806 -0.0389433987 0.0238139592
v -0.033344321 -0.0391116105 0.0235154592
v -0.0318924114 -0.0381954908 0.0243701302
v -0.0304057002 -0.0383469388 0.0238561593
v -0.0304142796 -0.0381043516 0.0241106097
v -0.0274643302 -0.0382408984 0.02336221
v -0.0274680797 -0.0379745886 0.0236117207
v -0.0244921409 -0.0381348096 0.0228993203
v -0.0244923197 -0.0378475115 0.0231444798
v -0.02149182 -0.0380265117 0.0224687997
v -0.0214875303 -0.0374053083 0.0229412299
v -0.0214831792 -0.0367453583 0.0233685896
v -0.0154225798 -0.0377930403 0.0216870904
v -0.0184710603 -0.0382239185 0.0218209606
v -0.0214940291 -0.0383202992 0.0222178604
v -0.0244919602 -0.0384091102 0.0226434991
v -0.0274606906 -0.0384927318 0.0231007896
v -0.0303972904 -0.0385737382 0.0235884096
v -0.0318724513 -0.0386427008 0.0238419101
v -0.0333637483 -0.0387555882 0.0241013691
v -0.0184891801 -0.0396058485 0.0205010697
v -0.0169714596 -0.0395991802 0.0203278605
v -0.01696348 -0.0390599295 0.0208611395
v -0.0154395597 -0.0390258394 0.0206839405
v -0.0154310996 -0.0384281799 0.0211960003
v -0.0139021203 -0.0383732282 0.0210150406
v -0.0123607498 -0.0376585089 0.0213180091
v -0.0214726906 -0.0352879092 0.0239725094
v -0.0214759093 -0.0356709883 0.0238622408
v -0.02147853 -0.0360431001 0.0237253904
v -0.0214809105 -0.0364018008 0.0235605799
v -0.0214658305 -0.0344997607 0.0241006594
v -0.0184317809 -0.0342737995 0.0237130504
v -0.0184386298 -0.0350835286 0.0235782806
v -0.0184417292 -0.0354769193 0.0234645605
v -0.0184454303 -0.0358595215 0.0233248398
v -0.0184492394 -0.0362285897 0.0231572893
v -0.0184530001 -0.0365824588 0.0229627397
v -0.01846027 -0.0372651815 0.0225346591
v -0.0184674207 -0.0379140899 0.0220674202
v -0.0153868096 -0.0349002406 0.0232105199
v -0.0153919999 -0.0353010818 0.0230926797
v -0.0153967096 -0.0356904194 0.0229492094
v -0.0154011799 -0.036065869 0.0227781497
v -0.0154055897 -0.0364260003 0.0225803796
v -0.0154141104 -0.0371238515 0.0221502706
v -0.00929289963 -0.0381704494 0.0204718709
v -0.0123691503 -0.0383123718 0.0208352208
v -0.00928580668 -0.0375055596 0.0209468603
v -0.00620651199 -0.0379998013 0.0200940296
v -0.00620162394 -0.0373317003 0.0205606204
v -0.00465631392 -0.0372444913 0.0203755405
v -0.00310486509 -0.0358223915 0.0211071894
v -0.0092549324 -0.0345998406 0.0225224998
v -0.0123252198 -0.0347395502 0.0228627902
v -0.00925976038 -0.0350000784 0.0223894101
v -0.0123304697 -0.0351427086 0.0227387492
v -0.0092638731 -0.0353879295 0.0222335402
v -0.0123351198 -0.0355339609 0.0225900393
v -0.00926768687 -0.0357607603 0.0220518094
v -0.0123395901 -0.0359109603 0.0224143192
v -0.00927144196 -0.0361183807 0.0218444392
v -0.0123438798 -0.0362725817 0.0222122595
v -0.00924962666 -0.0341895781 0.0226300899
v -0.0123195602 -0.0343272015 0.0229598805
v -0.0153812096 -0.0344907008 0.0233005807
v -0.0184358899 -0.0346818492 0.0236639902
v -0.0214689299 -0.0348964892 0.0240543392
v -0.0244916007 -0.0351395011 0.0244777203
v -0.00924503803 -0.0337719917 0.0226982795
v -0.00617438508 -0.034077581 0.0222957097
v -0.00924181938 -0.0333496891 0.0227210503
v -0.0123105599 -0.0334855318 0.0230345707
v -0.00617909385 -0.03448027 0.0221736394
v -0.00618314696 -0.0348721109 0.0220285598
v -0.00618624594 -0.0352507792 0.0218637493
v -0.00618904782 -0.0356134698 0.0216749292
v -0.00619173003 -0.0359612107 0.02146166
v -0.00463902904 -0.0344291292 0.0220044795
v -0.00464248611 -0.0348155387 0.0218541007
v -0.00464498904 -0.0351886116 0.0216851197
v -0.0046471348 -0.0355453417 0.0214931294
v -0.00464916183 -0.0358871818 0.0212772395
v -0.00619673682 -0.0366519615 0.0210166499
v -0.00927865505 -0.0368206985 0.02140522
v -0.0123524005 -0.0369772315 0.0217783991
v -0.00233954098 -0.0397590883 0.0183011796
v -0.00233674003 -0.0384530984 0.0192229692
v -0.00233381893 -0.0371303484 0.0201370101
v -0.00233089901 -0.03579491 0.0210359003
v -0.0023299451 -0.0354602896 0.0212542396
v -0.00310367299 -0.0354856811 0.0213248096
v -0.00232893205 -0.0351107717 0.0214490797
v -0.00310230209 -0.0351341888 0.0215189401
v -0.00232762005 -0.0347450301 0.0216211602
v -0.00310051395 -0.034766309 0.0216904804
v -0.00232547498 -0.0343661904 0.0217748806
v -0.0030977719 -0.034385141 0.0218438506
v -0.000775985012 -0.0350743495 0.0214051604
v 0 -0.0350590311 0.0214305501
v 0 -0.0349193811 0.0214963499
v -0.000775512017 -0.0347115882 0.0215782505
v 0 -0.0351355001 0.0213944893
v -0.000776435016 -0.0354217216 0.0212077405
v 0 -0.0353402384 0.0212678295
v -0.00617051078 -0.0336661898 0.0223774891
v -0.00309431506 -0.0339928791 0.02197605
v -0.000774924993 -0.0343361385 0.0217316691
v 0 -0.0343214199 0.0217384007
v 0 -0.0341319405 0.0218026601
v 0 -0.0340844914 0.0218187496
v 0 -0.0340568386 0.0218263194
v 0 -0.0340231583 0.0218334105
v -0.000387084001 -0.0339442417 0.0218646508
v 0 -0.0339382812 0.0218512993
v -0.00231945491 -0.033170931 0.0220483504
v -0.00309014297 -0.0331822 0.0221146904
v -0.000773528009 -0.0331553817 0.0219895802
v -0.00154703797 -0.0331621692 0.0220038202
v 0 -0.0335007906 0.0219433904
v -0.000386756001 -0.0331521593 0.0219884496
v -0.000773755019 -0.0335558616 0.0219506007
v -0.00154763402 -0.0335656404 0.0219579302
v -0.00232052803 -0.0335772 0.0220008399
v -0.00309151411 -0.0335911512 0.0220688507
v -0.00616812706 -0.0332485996 0.0224116407
v 0 -0.0346968696 0.0216012504
v 0 -0.0346219502 0.0216365401
v 0 -0.0344790816 0.0216849409
v -0.00232273294 -0.0339763686 0.0219072606
v -0.000778448011 -0.037074741 0.0200768709
v -0.000776882982 -0.0357538983 0.0209858995
v 0 -0.0354041383 0.0212283097
v -0.000779707974 -0.0383924805 0.0191622302
v -0.0245048404 -0.0472034812 0.00838094857
v -0.0230769496 -0.0479485914 0.00819879677
v -0.0230780803 -0.0479075909 0.00838124659
v -0.0223542396 -0.0482875705 0.008199214
v -0.0216294508 -0.0485699698 0.00838202238
v -0.0245028697 -0.0471532308 0.00856041908
v -0.0237847492 -0.0473703705 0.00890660193
v -0.024495 -0.0470229313 0.008907496
v -0.0230608508 -0.0475413688 0.00923103001
v -0.0244897604 -0.0468705818 0.00923526194
v -0.0237942301 -0.0475065112 0.00856024027
v -0.0230759308 -0.0478521511 0.00856029894
v -0.0230673496 -0.0477087386 0.00890600588
v -0.0223451797 -0.0480366312 0.00890547037
v -0.0216119196 -0.0481716916 0.00922769308
v -0.0216189008 -0.0483534895 0.00890511181
v -0.0201524403 -0.0489556715 0.00890481379
v -0.0215849802 -0.0486790501 0.00744873192
v -0.0216184203 -0.0486587211 0.00782710314
v -0.02234447 -0.0483300015 0.00782674458
v -0.0224600993 -0.0482726581 0.00744873192
v -0.0216092393 -0.0486677811 0.00744873192
v -0.0186564308 -0.0498675704 0.00744867278
v -0.0186687093 -0.0498635694 0.00782883074
v -0.0195122305 -0.0495404601 0.00744867278
v -0.0198770706 -0.0494009815 0.00744867278
v -0.0201444607 -0.0487608314 0.00922495127
v -0.0201395098 -0.0485470183 0.00951766875
v -0.0208759904 -0.0482647382 0.00952082779
v -0.0237688404 -0.0459302589 0.01127725
v -0.0244883206 -0.0460030399 0.0107104704
v -0.0237737205 -0.0466679297 0.0101159802
v -0.0244884994 -0.0463535115 0.0101250997
v -0.0244885609 -0.0465283915 0.00983244088
v -0.0186679307 -0.0495156012 0.00890511181
v -0.0186596494 -0.0493083 0.00922292378
v -0.0186540391 -0.0490809008 0.0095119467
v -0.0186429601 -0.0486034714 0.0100605404
v -0.0181462094 -0.0500625893 0.00744867278
v -0.01800978 -0.050109379 0.00744867278
v -0.0171688106 -0.0503991805 0.00782996416
v -0.0171565991 -0.0504019186 0.00744867278
v -0.0164893791 -0.0506307408 0.00744867278
v -0.0156542007 -0.0508896112 0.00783115625
v -0.0163924005 -0.0506639406 0.00744867278
v -0.0156427007 -0.0508922301 0.00744867278
v -0.0149531299 -0.0511021614 0.00744867278
v -0.0141260596 -0.0513344407 0.00783252716
v -0.0146186296 -0.0512040183 0.00744867278
v -0.0141160404 -0.0513380691 0.00744867278
v -0.0134044802 -0.0515279099 0.00744861318
v -0.0125859296 -0.0517333709 0.00783395674
v -0.0128265005 -0.0516821109 0.00744861318
v -0.01410871 -0.0504330918 0.00950068235
v -0.0140963104 -0.0498812683 0.0100241797
v -0.0156372692 -0.0500244983 0.00950336363
v -0.0148620596 -0.0496933386 0.0100294901
v -0.0125095798 -0.047938399 0.0120769702
v -0.0140280696 -0.0465908013 0.0131688695
v -0.0140469 -0.0476744696 0.0121195903
v -0.0148121696 -0.0475304686 0.0121413404
v -0.0148348799 -0.0486046597 0.0110847903
v -0.0155976396 -0.0484299585 0.0110986801
v -0.0156247597 -0.0494953282 0.0100350901
v -0.0163844209 -0.0492872484 0.0100409901
v -0.0171528403 -0.0495736003 0.00950717926
v -0.0237512495 -0.0407097302 0.0194103699
v -0.0244901702 -0.0413776003 0.0183244292
v -0.0237534605 -0.0414653383 0.0182484891
v -0.0244896393 -0.04209923 0.0171533208
v -0.0237556603 -0.0422179587 0.0170868598
v -0.0244890992 -0.0428158604 0.0159822106
v -0.0237578098 -0.0429656506 0.0159251597
v -0.0244885609 -0.0435288511 0.0148106804
v -0.0237598997 -0.0437096283 0.0147632305
v -0.0244882107 -0.0442392789 0.01363903
v -0.0237621609 -0.0444514118 0.0136011196
v -0.0244879704 -0.0449469611 0.0124674402
v -0.0237649605 -0.0451914594 0.0124390703
v -0.0244879704 -0.0452997014 0.0118816998
v -0.0244880896 -0.0456517301 0.0112960301
v -0.0230451804 -0.0462003909 0.0112589505
v -0.0223070905 -0.0456581116 0.0123841101
v -0.0230379701 -0.0454285108 0.0124112898
v -0.0222989898 -0.0448558293 0.0135274502
v -0.0230323598 -0.0446569286 0.0135639301
v -0.0222921893 -0.0440537892 0.0146709597
v -0.0230277106 -0.0438846312 0.0147166196
v -0.0222856905 -0.043250259 0.0158143602
v -0.0230233595 -0.0431104787 0.0158692505
v -0.0222789608 -0.0424428508 0.0169575196
v -0.0230187699 -0.04233253 0.0170215294
v -0.0222719293 -0.0416306183 0.01810061
v -0.0230139997 -0.0415496789 0.0181738697
v -0.0222650096 -0.0408156514 0.0192440096
v -0.0230093002 -0.0407639705 0.0193263795
v -0.0208014809 -0.0435144901 0.0157078505
v -0.0200551096 -0.0436387584 0.0156560503
v -0.0200431906 -0.0427478515 0.0167725608
v -0.0192928296 -0.0428406484 0.0167130809
v -0.0192792397 -0.0419187509 0.0178208891
v -0.0185254198 -0.0419815108 0.0177538302
v -0.0185108706 -0.0410321318 0.0188534204
v -0.0177540705 -0.0410665199 0.0187788606
v -0.0169874392 -0.0405993387 0.0192465708
v -0.0154563701 -0.0401089713 0.0196262505
v -0.0201300904 -0.0480985008 0.0100750299
v -0.0193884894 -0.0483558103 0.0100676399
v -0.0193657801 -0.0474237204 0.0111739002
v -0.0186186992 -0.0476425216 0.0111580398
v -0.0185986105 -0.0466915295 0.0122565599
v -0.0178470593 -0.0468750484 0.0122325998
v -0.0178297106 -0.0459066592 0.0133234197
v -0.0170744602 -0.0460576415 0.0132915303
v -0.0170586705 -0.0450698696 0.0143743698
v -0.0163002592 -0.0451903902 0.0143347299
v -0.0162847005 -0.0441800281 0.0154093504
v -0.0155236097 -0.0442718193 0.0153620197
v -0.0155070396 -0.0432349406 0.0164281093
v -0.0147437397 -0.0432994887 0.0163730308
v -0.0147266304 -0.0422366783 0.0174308997
v -0.0139614902 -0.0422754809 0.0173680093
v -0.0230581108 -0.0473575518 0.00953149702
v -0.0223354604 -0.0476698801 0.00952774193
v -0.0223297998 -0.0472685583 0.0100987498
v -0.0216009002 -0.047554791 0.0100905802
v -0.0215852205 -0.0467153713 0.0112236701
v -0.0208491609 -0.0469600484 0.01120668
v -0.0208340809 -0.0460944697 0.0123314802
v -0.0200922396 -0.0463012382 0.0123059703
v -0.0200784206 -0.0454120599 0.0134224799
v -0.0193318091 -0.0455838405 0.0133888097
v -0.0193186402 -0.0446708687 0.0144969802
v -0.01856797 -0.0448100492 0.0144554302
v -0.0185543206 -0.0438714586 0.01555508
v -0.0178001504 -0.0439798199 0.0155058503
v -0.0177850705 -0.0430124402 0.01659685
v -0.0170277897 -0.0430914089 0.0165399294
v -0.0170115791 -0.0420955382 0.0176225305
v -0.0162517391 -0.0421466194 0.0175580308
v -0.0162351094 -0.0411259495 0.0186325293
v -0.0154731199 -0.0411507413 0.0185604598
v -0.0178936701 -0.0488412902 0.0100537501
v -0.0178681593 -0.0478525683 0.0111426702
v -0.0171144009 -0.0480539203 0.0111276498
v -0.0170924608 -0.0470507704 0.0122091696
v -0.0163350701 -0.0472185612 0.01218611
v -0.0163165294 -0.0462015793 0.0132601801
v -0.0155560896 -0.0463384315 0.0132293096
v -0.0155395204 -0.0453046486 0.0142956302
v -0.0147764599 -0.0454125404 0.0142569495
v -0.01476043 -0.0443580113 0.0153151099
v -0.0139952796 -0.0444385409 0.0152686797
v -0.0139785996 -0.0433591008 0.0163183808
v -0.0132117197 -0.0434137508 0.0162639599
v -0.0171674397 -0.0500324294 0.00890600588
v -0.0171588603 -0.0498136207 0.00922167301
v -0.0171407405 -0.0490692183 0.0100472504
v -0.0163574796 -0.0482463799 0.0111129796
v -0.0155749302 -0.0473784804 0.0121635096
v -0.0147932097 -0.0464681908 0.0131989103
v -0.0140113197 -0.0455140397 0.0142187402
v -0.0132441502 -0.0456091091 0.0141808297
v -0.0132282302 -0.0445134006 0.0152225401
v -0.0216079894 -0.0479723215 0.00952422619
v -0.0208675805 -0.0478314683 0.0100826602
v -0.0201092903 -0.0471961983 0.0111900503
v -0.0193470698 -0.0465002581 0.0122809997
v -0.0185822193 -0.0457487106 0.0133558502
v -0.0178146306 -0.0449430309 0.0144146001
v -0.0170435905 -0.0440827012 0.0154572697
v -0.0162684303 -0.0431655608 0.0164837204
v -0.0154900504 -0.0421937108 0.0174941998
v -0.0237758104 -0.047035329 0.00953549054
v -0.0230541192 -0.04697299 0.0101072099
v -0.0223172307 -0.0464621112 0.0112411296
v -0.0215724092 -0.0458800718 0.0123575302
v -0.0208219197 -0.0452334806 0.01345676
v -0.0200664904 -0.0445256196 0.0145393005
v -0.0193060599 -0.0437577888 0.0156051498
v -0.0185400806 -0.0429288708 0.0166544896
v -0.0177695099 -0.0420404598 0.0176877305
v -0.0169954803 -0.0410978086 0.0187052991
v -0.0110288803 -0.0520952903 0.00744861318
v -0.0110350801 -0.0520859882 0.00783550739
v -0.0118431998 -0.0519081317 0.00744861318
v -0.0125777097 -0.0517392717 0.00744861318
v -0.0110195801 -0.0520974286 0.00744861318
v -0.0102714803 -0.0522421487 0.00744855404
v -0.00947505236 -0.0523920618 0.00783717632
v -0.0110237002 -0.0514037609 0.00922644138
v -0.0110310903 -0.0516602919 0.00891733076
v -0.0125744296 -0.0510716997 0.00922358036
v -0.0125824204 -0.0513200089 0.00891315937
v -0.0141148502 -0.0506957099 0.00922191143
v -0.0141232004 -0.0509350784 0.00890993979
v -0.01564347 -0.0502762683 0.00922131538
v -0.0156520605 -0.0505057499 0.0089075556
v -0.0125685902 -0.0507990718 0.00949925091
v -0.0110182697 -0.0511218905 0.00949901342
v -0.0125567298 -0.0502266213 0.0100145303
v -0.0133278295 -0.0500590205 0.0100191804
v -0.00869119074 -0.0525296293 0.00744855404
v -0.00790715218 -0.0526513383 0.00783896446
v -0.00919896271 -0.0524496399 0.00744855404
v -0.00946933031 -0.0523973107 0.00744855404
v -0.00790244341 -0.0526538417 0.00744855404
v -0.00736790802 -0.0527380705 0.00744855404
v -0.00633287383 -0.0528635308 0.00784087088
v -0.00945919659 -0.0514013693 0.00950014498
v -0.0110072996 -0.0505310185 0.0100061204
v -0.01253122 -0.0490749404 0.0110450899
v -0.0133015504 -0.0489271805 0.0110580297
v -0.0140694901 -0.0487704203 0.0110711996
v -0.0109839402 -0.0493432209 0.0110201798
v -0.00944948103 -0.0507942401 0.00999897718
v -0.00789278746 -0.0516371094 0.00950264931
v -0.00632393314 -0.0521337315 0.0092419982
v -0.00474983407 -0.05256873 0.00894165039
v -0.00710439589 -0.0527701899 0.00744855404
v -0.00632941723 -0.0528647304 0.00744855404
v -0.00475358916 -0.0530285798 0.00784271862
v -0.00552880717 -0.052962359 0.00744855404
v -0.00551223708 -0.0529637896 0.00744855404
v -0.00475144293 -0.0530298315 0.00744855404
v -0.00317078806 -0.0531467088 0.00784444809
v -0.00391322281 -0.0531025492 0.00744855404
v -0.00158560195 -0.0529972911 0.00860613491
v -0.00316935708 -0.0528103113 0.00877851155
v -0.00317066908 -0.0529231392 0.00860333443
v -0.00475191977 -0.0526953302 0.00877451804
v -0.00475382805 -0.0528069697 0.00859939959
v -0.00633132411 -0.0525346883 0.00876855757
v -0.0063337679 -0.052644901 0.00859391596
v -0.00790601876 -0.0523279905 0.00876206066
v -0.00790899899 -0.0524362884 0.00858795643
v -0.00947457459 -0.052075319 0.0087560406
v -0.00947797205 -0.0521812402 0.00858247187
v -0.0110354396 -0.0517768785 0.0087509146
v -0.01103919 -0.0518801212 0.00857770443
v -0.0125871301 -0.0514330193 0.00874662306
v -0.0125911804 -0.0515330993 0.00857359078
v -0.0141281998 -0.0510440394 0.00874316599
v -0.0141324401 -0.0511405393 0.00857013371
v -0.0156571809 -0.0506102405 0.00874036457
v -0.0156615302 -0.0507028587 0.00856727269
v -0.0171726309 -0.0501320884 0.00873827934
v -0.0171770398 -0.0502204187 0.00856494904
v -0.0186730605 -0.0496100113 0.00873678923
v -0.0186774693 -0.0496936999 0.00856310129
v -0.0201574508 -0.0490443707 0.00873583462
v -0.0201618001 -0.0491229817 0.00856173038
v -0.0216234308 -0.0484363399 0.00873541832
v -0.0216273591 -0.0485095903 0.00856083632
v -0.02235323 -0.0481867716 0.00856053829
v -0.00368320895 -0.0531225204 0.00744855404
v -0.00316971494 -0.0531491004 0.00744855404
v -0.00158578099 -0.053219609 0.00784641504
v -0.00230950094 -0.0531936809 0.00744855404
v -0.000792800973 -0.0532415509 0.00764870597
v -0.000792881998 -0.0532304011 0.00784778502
v -0.00118935097 -0.053230159 0.00784706976
v -0.00183141197 -0.0532184802 0.00744855404
v -0.00158548297 -0.0532227084 0.00744855404
v -0.000792711973 -0.0532363616 0.00744855404
v -0.0216242 -0.0486428104 0.00801450014
v -0.0201587006 -0.0492660403 0.00801551342
v -0.0186746698 -0.0498456918 0.00801682379
v -0.0171746593 -0.0503806397 0.00801837444
v -0.0156596303 -0.0508705303 0.00802010205
v -0.0141310599 -0.0513148904 0.008022069
v -0.0125903403 -0.0517133996 0.00802421477
v -0.0110388901 -0.0520657301 0.00802654028
v -0.0094782114 -0.0523715615 0.00802910328
v -0.00790959504 -0.05263054 0.00803190377
v -0.00633466197 -0.0528424904 0.008034884
v -0.00475478079 -0.0530072413 0.00803780463
v -0.00317144301 -0.0531253181 0.00804030802
v -0.00158607902 -0.0531998798 0.00804281235
v -0.00118958903 -0.0532106087 0.00804370642
v -0.000792993989 -0.0532051288 0.00804459956
v -0.000396373012 -0.0532227717 0.00784862041
v -0.000396377989 -0.0531877801 0.00804561283
v 0 -0.0531855188 0.00798290875
v 0 -0.0532348081 0.00765782502
v 0 -0.0532237813 0.00780999614
v 0 -0.0532151386 0.0078488579
v -0.000793044979 -0.0531602502 0.0082377186
v -0.00118970801 -0.0531700216 0.00823670626
v -0.00158625795 -0.0531592295 0.00823581219
v -0.00317186094 -0.0530836508 0.00823295116
v -0.00475549605 -0.0529658683 0.00822979212
v -0.00633573486 -0.0528016612 0.00822585821
v -0.00791114476 -0.0525904186 0.0082218051
v -0.00948023703 -0.0523322187 0.0082179904
v -0.0110414596 -0.0520272218 0.008214592
v -0.0125933802 -0.0516759083 0.00821149256
v -0.0141345197 -0.0512784682 0.00820875075
v -0.0156634394 -0.0508353114 0.00820630696
v -0.0171787702 -0.0503468513 0.00820422079
v -0.0186789595 -0.0498135015 0.00820237305
v -0.0201631095 -0.0492355786 0.00820088293
v -0.0216284301 -0.0486144982 0.00819969084
v -0.00118958903 -0.053102009 0.00842493679
v -0.00158607902 -0.0530912802 0.00842398405
v -0.00317156292 -0.0530158803 0.00842106342
v -0.00475513889 -0.0528987609 0.008417367
v -0.00633543683 -0.0527354404 0.00841259863
v -0.00791090727 -0.0525253415 0.00840753317
v -0.00948011782 -0.0522684418 0.0084028244
v -0.0110415202 -0.0519650504 0.00839859154
v -0.0125935599 -0.0516154692 0.00839489605
v -0.0141348802 -0.0512201115 0.00839173701
v -0.0156640392 -0.0507792197 0.00838899612
v -0.0171794798 -0.0502931997 0.00838667061
v -0.0186797902 -0.0497626588 0.00838470366
v -0.0201641303 -0.0491877086 0.00838315394
v -0.00158494699 -0.0528824888 0.00878089573
v -0.00316792703 -0.0526823401 0.00894540455
v -0.00316560199 -0.0523984395 0.00924956705
v -0.00474631693 -0.0522880517 0.0092472434
v -0.00474369479 -0.0519781113 0.00950831082
v -0.00632047607 -0.0518291518 0.00950592663
v -0.00631392002 -0.0511959717 0.00998777058
v -0.00788456202 -0.0510159098 0.00999301579
v -0.00786727574 -0.049770169 0.0109729096
v -0.00942885783 -0.0495750308 0.0109962197
v -0.000396365009 -0.0531356893 0.00823879242
v -0.000396305986 -0.0530651808 0.00842696428
v 0 -0.05309432 0.0082988143
v 0 -0.053045921 0.0084263077
v 0 -0.0530170687 0.00850224402
v 0 -0.0529626012 0.00860017538
v -0.000396201998 -0.0529769585 0.00860881805
v 0 -0.0529588982 0.00860679056
v 0 -0.05286121 0.00878244638
v -0.000792382983 -0.0528883301 0.00878244638
v 0 -0.0531717502 0.00804531481
v 0 -0.0531453416 0.00816446543
v 0 -0.0531173311 0.00823825505
v 0 -0.0524536893 0.00927811768
v 0 -0.0524824783 0.00924861431
v 0 -0.0525882207 0.00914031174
v 0 -0.0526210591 0.00910663605
v 0 -0.0528411195 0.00881850719
v -0.00316387392 -0.052084621 0.00950771477
v -0.00473886682 -0.0513352714 0.00998204947
v -0.00630021002 -0.0499284789 0.0109501397
v -0.0124750696 -0.0456977412 0.0141432201
v -0.0124913398 -0.0468145013 0.01310986
v -0.0109469201 -0.0470091701 0.0130517399
v -0.0109639699 -0.0481700301 0.0120354798
v -0.00941109564 -0.0483690985 0.0119946497
v -0.00939583685 -0.0471745692 0.0129938703
v -0.00785213709 -0.0485354587 0.0119539397
v -0.00783902407 -0.0473104082 0.0129355704
v -0.00628811121 -0.0486689806 0.0119136497
v -0.00627750112 -0.0474168584 0.0128774596
v -0.0109316697 -0.04585528 0.0140683604
v -0.0124594504 -0.0445824191 0.0151766501
v -0.0109169399 -0.0447029993 0.0150850397
v -0.0124432398 -0.0434633382 0.0162097793
v -0.0109018004 -0.0435472094 0.0161014106
v -0.0108863702 -0.042387899 0.0171179101
v -0.00938200857 -0.0459864698 0.0139933797
v -0.00936871674 -0.0447998606 0.0149928303
v -0.00935512688 -0.0436102711 0.0159919206
v -0.00548666716 -0.0461988412 0.0138042504
v -0.0062584281 -0.0449222289 0.0148045998
v -0.00780397607 -0.0436520502 0.0158800408
v -0.009341239 -0.0424175188 0.0169913098
v -0.00472891284 -0.0500503704 0.01092791
v -0.00393474102 -0.0488089286 0.0118560102
v -0.00472003222 -0.048770301 0.0118747903
v -0.00392216397 -0.0462409183 0.0137342196
v -0.00470477296 -0.0462227389 0.01376855
v -0.00391083909 -0.0436752401 0.0156100905
v -0.00469088508 -0.0436782204 0.0156602208
v -0.00468391087 -0.0424040481 0.0166068599
v -0.00622999622 -0.0411716588 0.0176963191
v -0.00550454808 -0.0487236306 0.0118939197
v -0.0031302569 -0.0436697006 0.0155626498
v -0.00313907792 -0.0462539718 0.0137013104
v -0.002362489 -0.0488629304 0.01182085
v -0.00314891292 -0.0488398597 0.0118374797
v -0.00316083408 -0.0514344499 0.00997412205
v -0.00158220495 -0.0521495305 0.00950491428
v -0.00158077397 -0.0514944717 0.00996613503
v -0.00157534995 -0.0488783717 0.0118094003
v -0.00156658795 -0.0436516404 0.0154938595
v -0.00156259502 -0.0410377905 0.0173385702
v -0.00156068802 -0.0397308394 0.0182606503
v -0.00155884004 -0.0384206697 0.0191788599
v -0.00155669404 -0.0371000692 0.0200911108
v -0.00155430997 -0.0357720815 0.0209925696
v -0.00155359495 -0.0354390107 0.0212121606
v -0.001552879 -0.03509086 0.0214080792
v -0.00155192602 -0.0347269103 0.0215805694
v -0.00155061402 -0.0343499705 0.0217341091
v -0.0200005695 -0.0396051407 0.0206789896
v -0.0215051696 -0.0395975709 0.0208627507
v -0.0478062592 -0.0434498116 0.00744885206
v -0.0478059016 -0.0434429608 0.00818353798
v -0.0466854498 -0.0433683284 0.00744885206
v -0.0472456813 -0.0434090383 0.00744885206
v -0.0470206104 -0.0433927104 0.00744885206
v -0.0470209084 -0.0433895513 0.00781774521
v -0.0478072092 -0.0434132814 0.00891721155
v -0.0470214412 -0.0433761403 0.00818622112
v -0.0470225811 -0.0433637984 0.00855404139
v -0.0470238887 -0.0433471687 0.00892120507
v -0.0447826311 -0.0431650802 0.00744885206
v -0.0446663983 -0.043148689 0.00744885206
v -0.0446663983 -0.0431719385 0.00819349196
v -0.0439568684 -0.043048501 0.00744885206
v -0.0454507396 -0.0432509705 0.00819122698
v -0.0446699187 -0.0431509614 0.00856345799
v -0.0454534218 -0.0432325006 0.00856059697
v -0.0438835584 -0.0430381186 0.00744879199
v -0.0428909585 -0.0428979918 0.00744879199
v -0.0470276996 -0.0432603285 0.0103796097
v -0.0470260307 -0.0433059894 0.00965165999
v -0.0454631411 -0.0431323014 0.00965529587
v -0.0454577208 -0.0431949385 0.00892812014
v -0.0446757004 -0.0431039296 0.00893103983
v -0.045471251 -0.042972859 0.0118186995
v -0.0454659984 -0.0430810414 0.0103768101
v -0.0438947603 -0.0429996215 0.00893372204
v -0.0423281714 -0.0428030416 0.00857114699
v -0.0372970104 -0.042012509 0.00744879199
v -0.0369715616 -0.0419999883 0.00744879199
v -0.0384063683 -0.0420917794 0.00744879199
v -0.0380896889 -0.0420571491 0.00744879199
v -0.0378888808 -0.0420352183 0.00744879199
v -0.0376112387 -0.0420245491 0.00744879199
v -0.0361699387 -0.0420223996 0.00744879199
v -0.0365040302 -0.0420131013 0.00744879199
v -0.0368124805 -0.0420044586 0.00744879199
v -0.0360349417 -0.0419749618 0.00895106699
v -0.0360512696 -0.0418974683 0.00964677334
v -0.0368394814 -0.0419479609 0.00895237923
v -0.0368527696 -0.0418754816 0.00965201762
v -0.0376402102 -0.0419687591 0.00895231869
v -0.0376534387 -0.0419000909 0.00965571404
v -0.0384421311 -0.0420392118 0.00895136502
v -0.0384508297 -0.0419713184 0.00965773966
v -0.039248161 -0.0421602689 0.00895011425
v -0.0392425582 -0.0420889817 0.00965845492
v -0.0400084816 -0.0423145182 0.00894641783
v -0.0400200412 -0.0422450304 0.00965845492
v -0.040782921 -0.0424727686 0.00894391537
v -0.0407739207 -0.0425127707 0.00857639313
v -0.0399991199 -0.0423514806 0.0085790148
v -0.0392599702 -0.0421992503 0.00858438015
v -0.0384380184 -0.0420731306 0.0085849762
v -0.0470310412 -0.0431617387 0.0118344398
v -0.0470328294 -0.0431087613 0.0125617301
v -0.0470348485 -0.0430532582 0.0132889096
v -0.0478129908 -0.0431540012 0.0133024398
v -0.0454773307 -0.0428498313 0.0132603003
v -0.0470391512 -0.0429353714 0.0147427898
v -0.0360677801 -0.0418245718 0.0103176804
v -0.0361010395 -0.0416851602 0.0116578899
v -0.0368663594 -0.0418090187 0.0103284102
v -0.0368928909 -0.0416820608 0.0116795804
v -0.0376642905 -0.0418381616 0.0103371702
v -0.0376846716 -0.0417195484 0.0116986604
v -0.0384592414 -0.0419120118 0.0103439
v -0.0384740792 -0.0417975709 0.0117148701
v -0.0392487608 -0.0420302711 0.0103489701
v -0.0392585918 -0.0419157706 0.01172888
v -0.0400255919 -0.0421858393 0.0103531396
v -0.0400341116 -0.0420691296 0.0117414501
v -0.0407993086 -0.0423415788 0.0103568397
v -0.0408078395 -0.0422233306 0.0117531996
v -0.0423508212 -0.0426238701 0.0103639299
v -0.0423588082 -0.0425056182 0.0117759099
v -0.0360134803 -0.0420371816 0.00744879199
v -0.0357136093 -0.0420654416 0.00744879199
v -0.0353303514 -0.0421015583 0.00744879199
v -0.0345463715 -0.0422264896 0.00744879199
v -0.0344266184 -0.0422464013 0.00744879199
v -0.0344221517 -0.0422384106 0.00821220782
v -0.03435212 -0.0422587283 0.00744879199
v -0.0337723382 -0.0423976704 0.00744879199
v -0.0352572203 -0.0421084687 0.00744879199
v -0.0352168009 -0.0421152115 0.00744879199
v -0.0352183506 -0.0421088897 0.00821316242
v -0.0352336094 -0.0420506485 0.00894862413
v -0.0352244303 -0.0420877896 0.00858575106
v -0.0336353108 -0.0424172208 0.00821101572
v -0.0336462185 -0.04242789 0.00744879199
v -0.0334614515 -0.04247218 0.00744879199
v -0.0328611694 -0.0426445603 0.00820970535
v -0.033010181 -0.0426145084 0.00744879199
v -0.0328675508 -0.0426509902 0.00783121493
v -0.0328781605 -0.0426561795 0.00744873192
v -0.0325874016 -0.0427479111 0.00744873192
v -0.0313740894 -0.0432469808 0.00782972481
v -0.0317346416 -0.0430846214 0.00744873192
v -0.0316217504 -0.0431345701 0.00744873192
v -0.0315284096 -0.043180339 0.00744873192
v -0.0313897692 -0.0432483517 0.00744873192
v -0.0308167897 -0.0435295105 0.00744873192
v -0.0306748692 -0.0436105691 0.00744873192
v -0.0301299002 -0.0439274311 0.00744873192
v -0.0300084297 -0.0439980589 0.00744873192
v -0.0299827401 -0.0440147482 0.00744873192
v -0.0306584202 -0.0436128303 0.00782894995
v -0.0299544893 -0.0440150388 0.00820332672
v -0.0306461994 -0.0436063409 0.00820493605
v -0.0299536493 -0.0439975783 0.0083878627
v -0.0306492392 -0.0435656309 0.00857228041
v -0.0321028195 -0.0429193303 0.00820821524
v -0.0321069285 -0.0428869687 0.0085772872
v -0.0328658186 -0.0426156484 0.00857967138
v -0.0321198702 -0.0428313613 0.00893521309
v -0.0328780413 -0.0425660014 0.00893878937
v -0.03214591 -0.0427003503 0.0096091032
v -0.0329030715 -0.0424492918 0.00961691141
v -0.0329294205 -0.0423313901 0.0102645699
v -0.0321590304 -0.0426320992 0.0099303117
v -0.0314068682 -0.0429946706 0.00960135367
v -0.0313804708 -0.043141719 0.00893157721
v -0.0313670598 -0.0432041809 0.00857484341
v -0.0313634798 -0.0432404801 0.00820660498
v -0.0336998701 -0.0421388112 0.01027798
v -0.0336518809 -0.0423467718 0.0089421859
v -0.0336405002 -0.0423913486 0.00858187582
v -0.0299569294 -0.0439694487 0.00856983569
v -0.0299700405 -0.0438909493 0.00892436504
v -0.0306628309 -0.0434954688 0.00892788079
v -0.0299832206 -0.0438017212 0.00926399231
v -0.0306887608 -0.0433308408 0.00959366467
v -0.0287657902 -0.0447322689 0.00856238604
v -0.0286959391 -0.0446911417 0.0089165559
v -0.0299676005 -0.0440218411 0.00782817602
v -0.0286957603 -0.0448533185 0.00782543421
v -0.0273105502 -0.0457085893 0.00782549288
v -0.0267329793 -0.0460492894 0.00744873192
v -0.0265401602 -0.0461646914 0.00744873192
v -0.0258939806 -0.0465298817 0.00763767911
v -0.0308008697 -0.0435373113 0.00744873192
v -0.0258944593 -0.0465267785 0.00782608893
v -0.0258904602 -0.0465233289 0.00744873192
v -0.0253301207 -0.0468326211 0.00744873192
v -0.0244938098 -0.0472779796 0.00782608893
v -0.0249177795 -0.0470602512 0.00744873192
v -0.0244836193 -0.04728055 0.00744873192
v -0.0239055697 -0.0475738607 0.00744873192
v -0.02450376 -0.0472405516 0.00819831993
v -0.0251990501 -0.0467940494 0.00856089499
v -0.0251967907 -0.0466672108 0.00890868902
v -0.0258960109 -0.0462995693 0.008910059
v -0.0266010705 -0.0459146388 0.00891137123
v -0.0273508392 -0.0455914102 0.00856125262
v -0.0273113791 -0.0455128513 0.008912622
v -0.0258959495 -0.0464985296 0.00819867756
v -0.0266157296 -0.0460907184 0.00819826126
v -0.0273613892 -0.0456239507 0.00838053226
v -0.0280783102 -0.0451558791 0.00856125262
v -0.0280141793 -0.0451021083 0.00891423225
v -0.0279738307 -0.0450181291 0.00925022271
v -0.0279685799 -0.0449020192 0.00956576969
v -0.0286523607 -0.0446191989 0.00925427582
v -0.0286474209 -0.0445134602 0.00957208779
v -0.0299944207 -0.0437073112 0.00958615541
v -0.0272868797 -0.0454086587 0.00924664736
v -0.0251984503 -0.0460296199 0.0101345098
v -0.0259031001 -0.0456967913 0.0101443501
v -0.0259006601 -0.0458530709 0.00984674599
v -0.0272893291 -0.0451429412 0.00986254215
v -0.0272844397 -0.0452803895 0.00955986883
v -0.0244885609 -0.0467031486 0.009539783
v -0.0266020205 -0.0453555509 0.0101545397
v -0.0272949897 -0.0450059697 0.0101651503
v -0.0286554601 -0.0443959795 0.00987994578
v -0.0344278216 -0.0422151014 0.00858396199
v -0.0344381295 -0.0421746895 0.00894552376
v -0.0344817005 -0.0419896804 0.0102914497
v -0.0352719985 -0.0418848284 0.0103050396
v -0.0345280692 -0.041813191 0.0116083603
v -0.0353119895 -0.0417289697 0.0116336904
v -0.02798241 -0.0446474515 0.0101761799
v -0.0286647007 -0.0442792699 0.0101876799
v -0.0300059896 -0.0436107516 0.00989919901
v -0.0300187394 -0.043515861 0.0102121802
v -0.0307152793 -0.0431602001 0.0102249896
v -0.0307445507 -0.0429932401 0.0108559104
v -0.0314645097 -0.0426962897 0.0108742099
v -0.0314932987 -0.0425447784 0.01151055
v -0.0322317407 -0.0423041508 0.0115345102
v -0.0337516591 -0.0419375785 0.0115833199
v -0.0329580307 -0.0422190391 0.0109115802
v -0.0321732685 -0.0425665304 0.0102512203
v -0.0314199887 -0.0429178402 0.00991976168
v -0.0337965414 -0.0417041704 0.0128900995
v -0.0330742486 -0.0415537916 0.0141507899
v -0.0330331884 -0.0418409705 0.0128542697
v -0.0329853818 -0.0421014987 0.0115587702
v -0.03220319 -0.0424377918 0.0108928001
v -0.0314343497 -0.0428432785 0.0102379899
v -0.0307013895 -0.0432445407 0.0099093914
v -0.0300457999 -0.0433273315 0.0108379098
v -0.0307724401 -0.0428221785 0.0114869997
v -0.0315192305 -0.0423857495 0.0121472403
v -0.0322812088 -0.0420131013 0.0128189903
v -0.0252007805 -0.0456978008 0.0107248398
v -0.0259082299 -0.0453840382 0.0107395602
v -0.0266103093 -0.045062121 0.01075482
v -0.0273068491 -0.0447322093 0.0107704401
v -0.0279981401 -0.0443937704 0.0107865902
v -0.0286843702 -0.0440463983 0.0108032199
v -0.0293658897 -0.0436895415 0.0108203199
v -0.0252029207 -0.0453647897 0.0113152796
v -0.0252049491 -0.0450305305 0.0119057801
v -0.0259130504 -0.0450697504 0.0113349501
v -0.0259174109 -0.0447536707 0.0119304601
v -0.0266181808 -0.0447668992 0.0113551598
v -0.0266252104 -0.0444692299 0.0119556095
v -0.02731812 -0.0444562994 0.0113759004
v -0.0273281299 -0.0441774689 0.0119814202
v -0.0280130506 -0.0441377088 0.0113971196
v -0.0280262809 -0.043878071 0.0120077096
v -0.0287030302 -0.0438107811 0.0114188101
v -0.0287195407 -0.0435709916 0.0120345904
v -0.02938818 -0.0434752703 0.0114410501
v -0.0294080302 -0.0432561003 0.0120620104
v -0.0300714895 -0.0431351587 0.01146382
v -0.0252068602 -0.0446950085 0.0124964099
v -0.0259214602 -0.0444357283 0.0125259701
v -0.02663159 -0.0441693589 0.0125561897
v -0.0273371302 -0.0438959002 0.0125870099
v -0.036131911 -0.0415120684 0.0129992897
v -0.0369186401 -0.0415218398 0.0130317202
v -0.0377056487 -0.041568689 0.0130609795
v -0.0384907685 -0.0416525006 0.0130866095
v -0.0392715894 -0.0417728387 0.01310944
v -0.0400457904 -0.0419259593 0.0131302997
v -0.0408189818 -0.0420802198 0.0131499702
v -0.0423686504 -0.042365551 0.0131881796
v -0.0470453501 -0.0428094193 0.0161975008
v -0.0478151999 -0.0430512987 0.0147629296
v -0.0462699495 -0.0426855013 0.0161702
v -0.0454844795 -0.0427131616 0.0147011802
v -0.0439215302 -0.0426221415 0.0132261496
v -0.0439135395 -0.0427550003 0.0117986202
v -0.0439067408 -0.0428690314 0.0103711402
v -0.0439028703 -0.0429243408 0.00965684559
v -0.0361610018 -0.0413095914 0.0143415304
v -0.0369439088 -0.0413327813 0.0143846199
v -0.0377274118 -0.0413898788 0.0144238397
v -0.0385093614 -0.0414807685 0.0144587103
v -0.0392876193 -0.0416049287 0.0144901201
v -0.0400604606 -0.0417594314 0.0145190302
v -0.0408327505 -0.0419151708 0.0145465098
v -0.0423804484 -0.0422059186 0.01459991
v -0.0439310595 -0.0424722396 0.01465296
v -0.0439418517 -0.0423096418 0.0160787702
v -0.0454930589 -0.0425657593 0.01614183
v -0.0455023609 -0.0424102508 0.0175812803
v -0.0470582806 -0.0425341688 0.0191034004
v -0.0462869406 -0.0423843786 0.0190624502
v -0.0361889005 -0.0410881601 0.0156839993
v -0.0369688794 -0.0411248803 0.0157375894
v -0.037749581 -0.0411926508 0.0157866403
v -0.0385291502 -0.041291289 0.0158305094
v -0.0393055007 -0.0414204001 0.0158702098
v -0.0400770307 -0.0415771008 0.0159070399
v -0.0408482514 -0.0417348705 0.0159420893
v -0.0423936807 -0.0420324206 0.0160105806
v -0.0439535901 -0.0421385095 0.0175029598
v -0.0455126092 -0.0422459207 0.0190193597
v -0.0323422514 -0.0415326282 0.0147472601
v -0.0323231816 -0.0416972004 0.0141043598
v -0.0308595803 -0.0420786701 0.01401358
v -0.0315843187 -0.0418724418 0.0140586402
v -0.0308406297 -0.0422717892 0.0133817103
v -0.0315643512 -0.0420486294 0.0134213502
v -0.0308200102 -0.0424606204 0.0127499597
v -0.0315427706 -0.0422200486 0.0127841802
v -0.0307974201 -0.0426443815 0.0121183302
v -0.0300944392 -0.0429371484 0.0120898997
v -0.0294257905 -0.0430325195 0.0126830302
v -0.0294418298 -0.0428051315 0.0133042298
v -0.0294564907 -0.0425745212 0.0139254304
v -0.0287597701 -0.0428312384 0.0138823297
v -0.02805846 -0.0430817008 0.0138399601
v -0.0280762296 -0.0425402485 0.0150614902
v -0.0259286705 -0.0437953398 0.0137171699
v -0.0252103806 -0.0440205894 0.0136777097
v -0.0252137091 -0.0433423482 0.0148590803
v -0.0301824193 -0.0418840013 0.0152222496
v -0.0301670991 -0.0421006009 0.0145957395
v -0.0301510002 -0.0423149392 0.0139691802
v -0.0301338397 -0.0425263606 0.0133426702
v -0.0301151201 -0.0427339599 0.01271623
v -0.0353479907 -0.0415393114 0.0129635902
v -0.0346051417 -0.0413648412 0.0142457401
v -0.0353808403 -0.0413203798 0.0142944399
v -0.0346386991 -0.0411076508 0.0155653898
v -0.0354117118 -0.0410825014 0.0156256501
v -0.0354419909 -0.0408359095 0.0169565007
v -0.03621649 -0.0408579111 0.0170260593
v -0.0362443887 -0.0406256318 0.0183671694
v -0.0340137407 -0.0399945304 0.0207349602
v -0.0339777991 -0.0402928516 0.0194277707
v -0.0339416191 -0.0405865312 0.0181210004
v -0.0339059792 -0.0408757888 0.0168139301
v -0.0338712893 -0.0411634408 0.0155060804
v -0.0345688984 -0.0416034386 0.0129265096
v -0.0338356383 -0.0414428115 0.0141978804
v -0.0331113301 -0.0412493907 0.0154477302
v -0.0323606692 -0.0413650796 0.0153901502
v -0.0319893882 -0.0414339304 0.0153616602
v -0.0320253894 -0.0410795808 0.0166416708
v -0.0316566192 -0.0411403105 0.0166078806
v -0.0316935107 -0.0407686792 0.0178816896
v -0.0313268788 -0.04081982 0.01784271
v -0.0313638411 -0.0404276811 0.0191108491
v -0.0309988204 -0.0404677913 0.0190667491
v -0.0310341697 -0.0400548503 0.0203299504
v -0.03067022 -0.040082749 0.0202807691
v -0.0303085409 -0.0401149318 0.0202319007
v -0.03178709 -0.0398232304 0.0210663006
v -0.0325294696 -0.0398138687 0.0211723391
v -0.0332593285 -0.0399819613 0.0206317306
v -0.0332219601 -0.04030478 0.0193357393
v -0.0331842788 -0.0406230614 0.0180401802
v -0.0331472084 -0.0409370586 0.0167443696
v -0.0305685904 -0.041360911 0.0165079199
v -0.0309280101 -0.0412810408 0.0165410005
v -0.0312907584 -0.0412074886 0.0165743195
v -0.0294831898 -0.0421062112 0.0151678296
v -0.0301974993 -0.0416659117 0.0158487502
v -0.0287817698 -0.0423259698 0.0151142403
v -0.0288028698 -0.0418156907 0.0163459107
v -0.0294958893 -0.0418696888 0.0157890301
v -0.0280932095 -0.0419942103 0.0162827894
v -0.0281111505 -0.0414448902 0.0175036099
v -0.0288251601 -0.0413023196 0.0175771099
v -0.0302126408 -0.0414469801 0.0164750796
v -0.0295087006 -0.0416323505 0.0164100509
v -0.0295219999 -0.0413943492 0.0170309506
v -0.0295355897 -0.0411556289 0.0176517293
v -0.0273936298 -0.0415835306 0.0174311902
v -0.0273797493 -0.0421678983 0.0162206199
v -0.0266624596 -0.0423370004 0.0161594097
v -0.0273665097 -0.0427490398 0.0150095196
v -0.0266528092 -0.0429522917 0.0149584999
v -0.0273528006 -0.043325901 0.0137982899
v -0.0266428497 -0.0435637794 0.0137573397
v -0.0259351693 -0.0431501195 0.01490831
v -0.0252170507 -0.0426610708 0.0160402004
v -0.0259415507 -0.0425013788 0.0160992704
v -0.0252205096 -0.0419762693 0.0172210298
v -0.0259482209 -0.0418492518 0.0172898695
v -0.0252240803 -0.0412865207 0.0184017997
v -0.0259550791 -0.0411921702 0.0184804201
v -0.0252276007 -0.0405935608 0.0195828602
v -0.0302281901 -0.0412274487 0.0171012804
v -0.0302442294 -0.0410073288 0.0177273098
v 0 -0.0331766605 0.0219817702
v 0 -0.033150129 0.0219829008
v 0 -0.0330774114 0.0219860002
v -0.0332499705 -0.0299999695 0.00799995568
v -0.0332499705 -0.0299999695 0
v -0.0332136713 -0.0295155607 0.00799995568
v -0.0332136713 -0.0295155607 0
v -0.0331056118 -0.029042 0.00799995568
v -0.0331056118 -0.029042 0
v -0.0329281017 -0.0285898391 0.00799995568
v -0.0329281017 -0.0285898391 0
v -0.0326852687 -0.0281692091 0.00799995568
v -0.0326852687 -0.0281692091 0
v -0.0323823616 -0.0277894102 0.00799995568
v -0.0323823616 -0.0277894102 0
v -0.0320262909 -0.0274590198 0.00799995568
v -0.0320262909 -0.0274590198 0
v -0.0316249691 -0.0271853805 0.00799995568
v -0.0316249691 -0.0271853805 0
v -0.0311873499 -0.0269746091 0.00799995568
v -0.0311873499 -0.0269746091 0
v -0.0307231508 -0.0268314406 0.00799995568
v -0.0307231508 -0.0268314406 0
v -0.0302428603 -0.0267590806 0.00799995568
v -0.0302428603 -0.0267590806 0
v -0.0297570806 -0.0267590806 0.00799995568
v -0.0297570806 -0.0267590806 0
v -0.0292767808 -0.0268314406 0.00799995568
v -0.0292767808 -0.0268314406 0
v -0.0288126394 -0.0269746091 0.00799995568
v -0.0288126394 -0.0269746091 0
v -0.0283749606 -0.0271853805 0.00799995568
v -0.0283749606 -0.0271853805 0
v -0.02797365 -0.0274590198 0.00799995568
v -0.02797365 -0.0274590198 0
v -0.02761757 -0.0277894102 0.00799995568
v -0.02761757 -0.0277894102 0
v -0.0273147207 -0.0281692091 0.00799995568
v -0.0273147207 -0.0281692091 0
v -0.0270718299 -0.0285898391 0.00799995568
v -0.0270718299 -0.0285898391 0
v -0.0268943906 -0.029042 0.00799995568
v -0.0268943906 -0.029042 0
v -0.0267862603 -0.0295155607 0.00799995568
v -0.0267862603 -0.0295155607 0
v -0.0267499592 -0.0299999695 0.00799995568
v -0.0267499592 -0.0299999695 0
v -0.0267862603 -0.0304843709 0.00799995568
v -0.0267862603 -0.0304843709 0
v -0.0268943906 -0.0309579298 0.00799995568
v -0.0268943906 -0.0309579298 0
v -0.0270718299 -0.0314100906 0.00799995568
v -0.0270718299 -0.0314100906 0
v -0.0273147207 -0.0318307802 0.00799995568
v -0.0273147207 -0.0318307802 0
v -0.02761757 -0.0322105214 0.00799995568
v -0.02761757 -0.0322105214 0
v -0.02797365 -0.0325409099 0.00799995568
v -0.02797365 -0.0325409099 0
v -0.0283749606 -0.0328145586 0.00799995568
v -0.0283749606 -0.0328145586 0
v -0.0288126394 -0.0330253206 0.00799995568
v -0.0288126394 -0.0330253206 0
v -0.0292767808 -0.033168491 0.00799995568
v -0.0292767808 -0.033168491 0
v -0.0297570806 -0.0332409106 0.00799995568
v -0.0297570806 -0.0332409106 0
v -0.0302428603 -0.0332409106 0.00799995568
v -0.0302428603 -0.0332409106 0
v -0.0307231508 -0.033168491 0.00799995568
v -0.0307231508 -0.033168491 0
v -0.0311873499 -0.0330253206 0.00799995568
v -0.0311873499 -0.0330253206 0
v -0.0316249691 -0.0328145586 0.00799995568
v -0.0316249691 -0.0328145586 0
v -0.0320262909 -0.0325409099 0.00799995568
v -0.0320262909 -0.0325409099 0
v -0.0323823616 -0.0322105214 0.00799995568
v -0.0323823616 -0.0322105214 0
v -0.0326852687 -0.0318307802 0.00799995568
v -0.0326852687 -0.0318307802 0
v -0.0329281017 -0.0314100906 0.00799995568
v -0.0329281017 -0.0314100906 0
v -0.0331056118 -0.0309579298 0.00799995568
v -0.0331056118 -0.0309579298 0
v -0.0332136713 -0.0304843709 0.00799995568
v -0.0332136713 -0.0304843709 0
v 0.0267499592 0.0299999695 0.00799995568
v 0.0267499592 0.0299999695 0
v 0.0267862603 0.0304843709 0.00799995568
v 0.0267862603 0.0304843709 0
v 0.0268943906 0.0309579298 0.00799995568
v 0.0268943906 0.0309579298 0
v 0.0270718299 0.0314100906 0.00799995568
v 0.0270718299 0.0314100906 0
v 0.0273147207 0.0318307802 0.00799995568
v 0.0273147207 0.0318307802 0
v 0.02761757 0.0322105214 0.00799995568
v 0.02761757 0.0322105214 0
v 0.02797365 0.0325409099 0.00799995568
v 0.02797365 0.0325409099 0
v 0.0283749606 0.0328145586 0.00799995568
v 0.0283749606 0.0328145586 0
v 0.0288126394 0.0330253206 0.00799995568
v 0.0288126394 0.0330253206 0
v 0.0292767808 0.033168491 0.00799995568
v 0.0292767808 0.033168491 0
v 0.0297570806 0.0332409106 0.00799995568
v 0.0297570806 0.0332409106 0
v 0.0302428603 0.0332409106 0.00799995568
v 0.0302428603 0.0332409106 0
v 0.0307231508 0.033168491 0.00799995568
v 0.0307231508 0.033168491 0
v 0.0311873499 0.0330253206 0.00799995568
v 0.0311873499 0.0330253206 0
v 0.0316249691 0.0328145586 0.00799995568
v 0.0316249691 0.0328145586 0
v 0.0320262909 0.0325409099 0.00799995568
v 0.0320262909 0.0325409099 0
v 0.0323823616 0.0322105214 0.00799995568
v 0.0323823616 0.0322105214 0
v 0.0326852687 0.0318307802 0.00799995568
v 0.0326852687 0.0318307802 0
v 0.0329281017 0.0314100906 0.00799995568
v 0.0329281017 0.0314100906 0
v 0.0331056118 0.0309579298 0.00799995568
v 0.0331056118 0.0309579298 0
v 0.0332136713 0.0304843709 0.00799995568
v 0.0332136713 0.0304843709 0
v 0.0332499705 0.0299999695 0.00799995568
v 0.0332499705 0.0299999695 0
v 0.0332136713 0.0295155607 0.00799995568
v 0.0332136713 0.0295155607 0
v 0.0331056118 0.029042 0.00799995568
v 0.0331056118 0.029042 0
v 0.0329281017 0.0285898391 0.00799995568
v 0.0329281017 0.0285898391 0
v 0.0326852687 0.0281692091 0.00799995568
v 0.0326852687 0.0281692091 0
v 0.0323823616 0.0277894102 0.00799995568
v 0.0323823616 0.0277894102 0
v 0.0320262909 0.0274590198 0.00799995568
v 0.0320262909 0.0274590198 0
v 0.0316249691 0.0271853805 0.00799995568
v 0.0316249691 0.0271853805 0
v 0.0311873499 0.0269746091 0.00799995568
v 0.0311873499 0.0269746091 0
v 0.0307231508 0.0268314406 0.00799995568
v 0.0307231508 0.0268314406 0
v 0.0302428603 0.0267590806 0.00799995568
v 0.0302428603 0.0267590806 0
v 0.0297570806 0.0267590806 0.00799995568
v 0.0297570806 0.0267590806 0
v 0.0292767808 0.0268314406 0.00799995568
v 0.0292767808 0.0268314406 0
v 0.0288126394 0.0269746091 0.00799995568
v 0.0288126394 0.0269746091 0
v 0.0283749606 0.0271853805 0.00799995568
v 0.0283749606 0.0271853805 0
v 0.02797365 0.0274590198 0.00799995568
v 0.02797365 0.0274590198 0
v 0.02761757 0.0277894102 0.00799995568
v 0.02761757 0.0277894102 0
v 0.0273147207 0.0281692091 0.00799995568
v 0.0273147207 0.0281692091 0
v 0.0270718299 0.0285898391 0.00799995568
v 0.0270718299 0.0285898391 0
v 0.0268943906 0.029042 0.00799995568
v 0.0268943906 0.029042 0
v 0.0267862603 0.0295155607 0.00799995568
v 0.0267862603 0.0295155607 0
v 0.0267499592 -0.0299999695 0.00799995568
v 0.0267499592 -0.0299999695 0
v 0.0267862603 -0.0295155607 0.00799995568
v 0.0267862603 -0.0295155607 0
v 0.0268943906 -0.029042 0.00799995568
v 0.0268943906 -0.029042 0
v 0.0270718299 -0.0285898391 0.00799995568
v 0.0270718299 -0.0285898391 0
v 0.0273147207 -0.0281692091 0.00799995568
v 0.0273147207 -0.0281692091 0
v 0.02761757 -0.0277894102 0.00799995568
v 0.02761757 -0.0277894102 0
v 0.02797365 -0.0274590198 0.00799995568
v 0.02797365 -0.0274590198 0
v 0.0283749606 -0.0271853805 0.00799995568
v 0.0283749606 -0.0271853805 0
v 0.0288126394 -0.0269746091 0.00799995568
v 0.0288126394 -0.0269746091 0
v 0.0292767808 -0.0268314406 0.00799995568
v 0.0292767808 -0.0268314406 0
v 0.0297570806 -0.0267590806 0.00799995568
v 0.0297570806 -0.0267590806 0
v 0.0302428603 -0.0267590806 0.00799995568
v 0.0302428603 -0.0267590806 0
v 0.0307231508 -0.0268314406 0.00799995568
v 0.0307231508 -0.0268314406 0
v 0.0311873499 -0.0269746091 0.00799995568
v 0.0311873499 -0.0269746091 0
v 0.0316249691 -0.0271853805 0.00799995568
v 0.0316249691 -0.0271853805 0
v 0.0320262909 -0.0274590198 0.00799995568
v 0.0320262909 -0.0274590198 0
v 0.0323823616 -0.0277894102 0.00799995568
v 0.0323823616 -0.0277894102 0
v 0.0326852687 -0.0281692091 0.00799995568
v 0.0326852687 -0.0281692091 0
v 0.0329281017 -0.0285898391 0.00799995568
v 0.0329281017 -0.0285898391 0
v 0.0331056118 -0.029042 0.00799995568
v 0.0331056118 -0.029042 0
v 0.0332136713 -0.0295155607 0.00799995568
v 0.0332136713 -0.0295155607 0
v 0.0332499705 -0.0299999695 0.00799995568
v 0.0332499705 -0.0299999695 0
v 0.0332136713 -0.0304843709 0.00799995568
v 0.0332136713 -0.0304843709 0
v 0.0331056118 -0.0309579298 0.00799995568
v 0.0331056118 -0.0309579298 0
v 0.0329281017 -0.0314100906 0.00799995568
v 0.0329281017 -0.0314100906 0
v 0.0326852687 -0.0318307802 0.00799995568
v 0.0326852687 -0.0318307802 0
v 0.0323823616 -0.0322105214 0.00799995568
v 0.0323823616 -0.0322105214 0
v 0.0320262909 -0.0325409099 0.00799995568
v 0.0320262909 -0.0325409099 0
v 0.0316249691 -0.0328145586 0.00799995568
v 0.0316249691 -0.0328145586 0
v 0.0311873499 -0.0330253206 0.00799995568
v 0.0311873499 -0.0330253206 0
v 0.0307231508 -0.033168491 0.00799995568
v 0.0307231508 -0.033168491 0
v 0.0302428603 -0.0332409106 0.00799995568
v 0.0302428603 -0.0332409106 0
v 0.0297570806 -0.0332409106 0.00799995568
v 0.0297570806 -0.0332409106 0
v 0.0292767808 -0.033168491 0.00799995568
v 0.0292767808 -0.033168491 0
v 0.0288126394 -0.0330253206 0.00799995568
v 0.0288126394 -0.0330253206 0
v 0.0283749606 -0.0328145586 0.00799995568
v 0.0283749606 -0.0328145586 0
v 0.02797365 -0.0325409099 0.00799995568
v 0.02797365 -0.0325409099 0
v 0.02761757 -0.0322105214 0.00799995568
v 0.02761757 -0.0322105214 0
v 0.0273147207 -0.0318307802 0.00799995568
v 0.0273147207 -0.0318307802 0
v 0.0270718299 -0.0314100906 0.00799995568
v 0.0270718299 -0.0314100906 0
v 0.0268943906 -0.0309579298 0.00799995568
v 0.0268943906 -0.0309579298 0
v 0.0267862603 -0.0304843709 0.00799995568
v 0.0267862603 -0.0304843709 0
v -0.0332499705 0.0299999695 0.00799995568
v -0.0332499705 0.0299999695 0
v -0.0332136713 0.0304843709 0.00799995568
v -0.0332136713 0.0304843709 0
v -0.0331056118 0.0309579298 0.00799995568
v -0.0331056118 0.0309579298 0
v -0.0329281017 0.0314100906 0.00799995568
v -0.0329281017 0.0314100906 0
v -0.0326852687 0.0318307802 0.00799995568
v -0.0326852687 0.0318307802 0
v -0.0323823616 0.0322105214 0.00799995568
v -0.0323823616 0.0322105214 0
v -0.0320262909 0.0325409099 0.00799995568
v -0.0320262909 0.0325409099 0
v -0.0316249691 0.0328145586 0.00799995568
v -0.0316249691 0.0328145586 0
v -0.0311873499 0.0330253206 0.00799995568
v -0.0311873499 0.0330253206 0
v -0.0307231508 0.033168491 0.00799995568
v -0.0307231508 0.033168491 0
v -0.0302428603 0.0332409106 0.00799995568
v -0.0302428603 0.0332409106 0
v -0.0297570806 0.0332409106 0.00799995568
v -0.0297570806 0.0332409106 0
v -0.0292767808 0.033168491 0.00799995568
v -0.0292767808 0.033168491 0
v -0.0288126394 0.0330253206 0.00799995568
v -0.0288126394 0.0330253206 0
v -0.0283749606 0.0328145586 0.00799995568
v -0.0283749606 0.0328145586 0
v -0.02797365 0.0325409099 0.00799995568
v -0.02797365 0.0325409099 0
v -0.02761757 0.0322105214 0.00799995568
v -0.02761757 0.0322105214 0
v -0.0273147207 0.0318307802 0.00799995568
v -0.0273147207 0.0318307802 0
v -0.0270718299 0.0314100906 0.00799995568
v -0.0270718299 0.0314100906 0
v -0.0268943906 0.0309579298 0.00799995568
v -0.0268943906 0.0309579298 0
v -0.0267862603 0.0304843709 0.00799995568
v -0.0267862603 0.0304843709 0
v -0.0267499592 0.0299999695 0.00799995568
v -0.0267499592 0.0299999695 0
v -0.0267862603 0.0295155607 0.00799995568
v -0.0267862603 0.0295155607 0
v -0.0268943906 0.029042 0.00799995568
v -0.0268943906 0.029042 0
v -0.0270718299 0.0285898391 0.00799995568
v -0.0270718299 0.0285898391 0
v -0.0273147207 0.0281692091 0.00799995568
v -0.0273147207 0.0281692091 0
v -0.02761757 0.0277894102 0.00799995568
v -0.02761757 0.0277894102 0
v -0.02797365 0.0274590198 0.00799995568
v -0.02797365 0.0274590198 0
v -0.0283749606 0.0271853805 0.00799995568
v -0.0283749606 0.0271853805 0
v -0.0288126394 0.0269746091 0.00799995568
v -0.0288126394 0.0269746091 0
v -0.0292767808 0.0268314406 0.00799995568
v -0.0292767808 0.0268314406 0
v -0.0297570806 0.0267590806 0.00799995568
v -0.0297570806 0.0267590806 0
v -0.0302428603 0.0267590806 0.00799995568
v -0.0302428603 0.0267590806 0
v -0.0307231508 0.0268314406 0.00799995568
v -0.0307231508 0.0268314406 0
v -0.0311873499 0.0269746091 0.00799995568
v -0.0311873499 0.0269746091 0
v -0.0316249691 0.0271853805 0.00799995568
v -0.0316249691 0.0271853805 0
v -0.0320262909 0.0274590198 0.00799995568
v -0.0320262909 0.0274590198 0
v -0.0323823616 0.0277894102 0.00799995568
v -0.0323823616 0.0277894102 0
v -0.0326852687 0.0281692091 0.00799995568
v -0.0326852687 0.0281692091 0
v -0.0329281017 0.0285898391 0.00799995568
v -0.0329281017 0.0285898391 0
v -0.0331056118 0.029042 0.00799995568
v -0.0331056118 0.029042 0
v -0.0332136713 0.0295155607 0.00799995568
v -0.0332136713 0.0295155607 0
v 0.00732111884 -0.0527442582 0
v 0.00509250117 -0.05300593 0
v 0.0465844795 0.0257962309 0
v 0.0476298891 0.0238106791 0
v -0.0549999401 0.0434999391 0
v -0.0549999401 -0.0434999391 0
v 0.0524951816 0.00893402006 0
v -0.03300827 0.0426083803 0
v -0.0329109989 0.0426378213 0
v 0.0386495516 -0.0366302095 0
v 0.0370719992 -0.038226001 0
v 0.0520721599 0.0111377798 0
v 0.0515566394 0.0133217499 0
v 0.0509496294 0.0154820001 0
v 0.0502521284 0.0176148396 0
v -0.0345467292 -0.0422282182 0
v -0.0351480804 -0.0421231315 0
v -0.0198706295 -0.0494035408 0
v -0.0209958497 -0.0489281416 0
v -0.0110064102 -0.0521002412 0
v -0.0118431998 -0.0519080684 0
v 0.000612022006 -0.0532464311 0
v 0 -0.0532499515 0
v 0.0528249703 0.00671446277 0
v -0.0365040787 -0.0420151316 0
v -0.0369741283 -0.0419999883 0
v -0.0378906094 -0.0420353413 0
v -0.0530909188 -0.0435781404 0
v -0.0533466898 -0.04356765 0
v -0.0146071902 -0.0512072407 0
v -0.0149530703 -0.0511020385 0
v -0.000703196973 -0.0532379709 0
v -0.00181591499 -0.0532190204 0
v -0.00230950094 -0.0531935617 0
v 0.0485907719 0.0217828695 0
v 0.0494653508 0.0197163802 0
v 0.0454562902 0.0277360007 0
v 0.0442473814 0.0296264794 0
v 0.0429599211 0.0314643309 0
v 0.0415961109 0.0332463309 0
v 0.0401585102 0.0349693187 0
v 0.0386495516 0.0366302095 0
v -0.0316350982 -0.0431285985 0
v -0.0322607085 -0.0428754017 0
v -0.0324848816 -0.0427846909 0
v -0.033010181 -0.0426141582 0
v -0.0333564207 -0.0425017402 0
v -0.0337725803 -0.0423983298 0
v -0.0342448913 -0.0422809683 0
v -0.0360592008 -0.0420293808 0
v -0.0372970104 -0.0420124494 0
v -0.0410123989 -0.0425676703 0
v -0.0423216186 -0.0427978598 0
v -0.0406940505 -0.0425022207 0
v -0.0397018082 -0.0422981903 0
v -0.0163825098 -0.0506671593 0
v -0.0164893195 -0.0506305583 0
v -0.0180098396 -0.0501094386 0
v -0.00366848707 -0.05312353 0
v -0.00391322281 -0.0531023704 0
v -0.00551223708 -0.0529640913 0
v -0.00551468087 -0.0529638492 0
v -0.0128148701 -0.0516849682 0
v -0.0134044196 -0.0515278503 0
v 0.0532026812 -0.00224345899 0
v 0.0530609414 -0.00448292401 0
v 0.0530609414 0.00448292401 0
v 0.0532026812 0.00224345899 0
v 0.0532499515 0 0
v -0.0181381106 -0.05006551 0
v -0.0195122305 -0.0495404601 0
v -0.0215773508 -0.0486824512 0
v -0.0224600993 -0.0482727215 0
v -0.0232586209 -0.0479020402 0
v 0.002854764 -0.0531734191 0
v 0.0354285799 -0.0397539102 0
v 0.0337222219 -0.04121124 0
v 0.0319560096 -0.0425954387 0
v 0.0301330592 -0.0439039394 0
v 0.0282565895 -0.045134481 0
v 0.0263299905 -0.0462849103 0
v -0.0304952804 0.0437059887 0
v -0.0308176205 0.0435308814 0
v -0.0309604406 0.0434532687 0
v -0.049487289 0.043549709 0
v -0.0485912487 0.0435069203 0
v -0.0296859108 -0.0442075096 0
v -0.0300199296 -0.0439906083 0
v -0.0301296692 -0.0439269505 0
v -0.0308128502 -0.0435308814 0
v -0.0308166109 -0.0435290299 0
v -0.0315285884 -0.0431807004 0
v -0.0353306495 -0.0421043597 0
v -0.0357136093 -0.042064961 0
v -0.0466856286 -0.0433683284 0
v -0.0472456813 -0.0434090383 0
v -0.0388011299 -0.0421349406 0
v -0.0485912487 -0.0435069203 0
v -0.0388773605 -0.0421487615 0
v -0.0447858498 -0.0431654416 0
v -0.0455986783 -0.0432522818 0
v -0.0396917388 -0.0422963984 0
v -0.0439568684 -0.043048501 0
v -0.0428938195 -0.0428984091 0
v -0.00710439589 -0.0527704284 0
v -0.00735306693 -0.0527402088 0
v -0.00869125128 -0.0525297485 0
v -0.0091846576 -0.0524521992 0
v -0.0102714803 -0.0522422083 0
v 0.0181912109 -0.0500463806 0
v 0.0160666108 -0.0507683083 0
v 0.0139133902 -0.0514001809 0
v 0.0117355501 -0.0519406684 0
v 0.00953680184 -0.0523890182 0
v 0.0243565403 -0.0473530814 0
v 0.0223399401 -0.0483372211 0
v 0.0202835705 -0.049235519 0
v 0.0370719992 0.038226001 0
v 0.0354285799 0.0397539102 0
v 0.0337222219 0.04121124 0
v 0.0319560096 0.0425954387 0
v 0.0301330592 0.0439039394 0
v 0.0243565403 0.0473530814 0
v 0.0263299905 0.0462849103 0
v 0.0117355501 0.0519406684 0
v 0.0139133902 0.0514001809 0
v 0.0160666108 0.0507683083 0
v 0.00953680184 0.0523890182 0
v -0.0250978991 0.0469643995 0
v -0.0241486393 0.0474594794 0
v -0.0278841797 0.0453655086 0
v -0.0269663893 0.0459170304 0
v -0.0301285908 0.0439250395 0
v -0.0300411507 0.0439772606 0
v -0.0296859108 0.0442075096 0
v -0.0345457718 0.0422227308 0
v -0.0344467685 0.0422399603 0
v -0.0399106704 0.042343311 0
v -0.0406938083 0.0425033495 0
v -0.0474902317 0.0434347317 0
v -0.0472453795 0.0434139296 0
v -0.0463912413 0.0433411486 0
v -0.0538970791 0.0435530506 0
v -0.0239055697 -0.0475738607 0
v -0.0249130707 -0.0470627509 0
v -0.0253301207 -0.0468326211 0
v -0.0202568695 0.04924649 0
v -0.0195134208 0.0495436117 0
v -0.0267337505 0.0460505411 0
v -0.0260372702 0.0464501902 0
v -0.0253320895 0.0468361899 0
v -0.0294612609 0.0443551503 0
v -0.0287907701 0.0447956882 0
v -0.0281103794 0.0452233516 0
v -0.0322592184 0.0428717099 0
v -0.0319189988 0.04300588 0
v -0.0365481302 0.0420056507 0
v -0.036503911 0.0420078598 0
v -0.0360197984 0.0420321189 0
v -0.0357130691 0.0420599505 0
v -0.0354927108 0.042080041 0
v -0.035330411 0.0421014391 0
v -0.0349682495 0.0421493016 0
v -0.0381338485 0.0420555398 0
v -0.0380902216 0.0420523807 0
v -0.0441995189 0.0430896804 0
v -0.0452944003 0.0432261787 0
v -0.0455980785 0.0432580113 0
v -0.0533467494 0.0435687304 0
v -0.0527942702 0.0435845219 0
v -0.0516922399 0.0435944684 0
v 0.0282565895 0.045134481 0
v 0.0181912109 0.0500463806 0
v 0.0202835705 0.049235519 0
v 0.0223399401 0.0483372211 0
v 0.00732111884 0.0527442582 0
v -0.0239081308 0.0475788116 0
v -0.0231893007 0.0479355417 0
v -0.0224626008 0.0482780896 0
v -0.0222204309 0.0483922884 0
v -0.0180098992 0.0501098 0
v -0.0182598196 0.0500213988 0
v -0.0192621909 0.0496439897 0
v -0.0324114487 0.0428116918 0
v -0.031527631 0.0431789085 0
v -0.0314351283 0.043219801 0
v -0.0339296386 0.042351719 0
v -0.0337712094 0.0423927307 0
v -0.0334175192 0.0424843989 0
v -0.0397018082 0.0422981903 0
v -0.0396917984 0.0422962308 0
v -0.0391825996 0.0421960317 0
v -0.0388774201 0.0421488211 0
v -0.0386597514 0.0421151482 0
v -0.0376062281 0.0420174003 0
v -0.0372971818 0.042007681 0
v -0.0370771214 0.0420007706 0
v -0.0439560413 0.0430545211 0
v -0.04310745 0.042931851 0
v -0.0423207805 0.0428024493 0
v -0.0505895615 0.0435828492 0
v -0.0500380285 0.0435662791 0
v -0.0265375301 -0.0461661816 0
v -0.0267329793 -0.0460492894 0
v -0.0281112101 -0.0452247187 0
v -0.0492706783 -0.0435406491 0
v -0.0500381514 -0.0435611606 0
v -0.0511802398 -0.0435916707 0
v -0.0172504708 0.0503783785 0
v -0.0164893195 0.0506304987 0
v -0.0162340403 0.0507150218 0
v -0.0212428495 0.0488293096 0
v -0.0209979396 0.0489329584 0
v -0.0420191213 0.0427528583 0
v -0.0409348011 0.0425526388 0
v -0.0281288605 -0.0452142283 0
v -0.0294601899 -0.0443534218 0
v 0.0528249703 -0.00671446277 0
v 0.0524951816 -0.00893402006 0
v 0.0520721599 -0.0111377798 0
v 0.0502521284 -0.0176148396 0
v 0.0494653508 -0.0197163802 0
v 0.0485907719 -0.0217828695 0
v 0.0401585102 -0.0349693187 0
v 0.0415961109 -0.0332463309 0
v 0.0429599211 -0.0314643309 0
v 0.0442473814 -0.0296264794 0
v 0.0454562902 -0.0277360007 0
v 0.0465844795 -0.0257962309 0
v 0.0476298891 -0.0238106791 0
v -0.0141812498 0.0513269305 0
v -0.0134057403 0.0515328012 0
v -0.0131465103 0.0516016409 0
v -0.0121061197 0.0518555604 0
v -0.00683903601 0.052809 0
v -0.00577592803 0.0529357716 0
v -0.0055120578 0.0529618785 0
v -0.0152105596 0.0510313511 0
v -0.0149540296 0.0511050187 0
v -0.0380896889 -0.0420570895 0
v -0.0516922399 -0.0435880385 0
v -0.0118445698 0.05191385 0
v -0.0110605899 0.0520886108 0
v -0.0102725597 0.0522476994 0
v -0.00471043494 0.0530412085 0
v -0.00391340209 0.0531039201 0
v -0.00364243891 0.0531252585 0
v -0.00150346698 0.0532287285 0
v -0.000703284983 0.0532432683 0
v -0.00043293499 0.0532482192 0
v 0 0.0532499515 0
v 0.000612022006 0.0532464311 0
v 0.002854764 0.0531734191 0
v 0.00509250117 0.05300593 0
v -0.00869184732 0.0525337383 0
v -0.00789981987 0.0526606999 0
v -0.00710457517 0.0527718589 0
v 0.0515566394 -0.0133217499 0
v 0.0509496294 -0.0154820001 0
v -0.00257325103 0.0531877801 0
v -0.00230973889 0.0531978607 0
v -0.0100109503 0.0523005091 0
v -0.00895744469 0.0524911806 0
v -0.0549999401 0.0434999391 0.00551247504
v -0.0549999401 0.0434999391 0.00372463395
v 0.00175946904 0.0324522816 0.0219999496
v 0.0069864979 0.0317401215 0.0219999496
v 0.00672090007 0.0320534706 0.0219999496
v 0.00525790406 0.0320718214 0.0219999496
v 0.00555068208 0.03227669 0.0219999496
v 0.00351381302 0.0323094688 0.0219999496
v 0.00437319186 0.0324572287 0.0219999496
v 0.00318986108 0.0325947888 0.0219999496
v 0.00200235797 0.0326892696 0.0219999496
v 0.000812196988 0.03274047 0.0219999496
v 0.00351381302 -0.0323094688 0.0219999496
v 0.00175946904 -0.0324522816 0.0219999496
v 0.00200235797 -0.0326892696 0.0219999496
v 0.0323094688 -0.00351381302 0.0219999496
v 0.0326151811 -0.00297421194 0.0219999496
v 0.0324522816 -0.00175946904 0.0219999496
v 0.0327017903 -0.00178611197 0.0219999496
v 0.0324999616 0 0.0219999496
v 0.0120294597 0.0301917102 0.0219999496
v 0.0112974001 0.0307402592 0.0219999496
v 0.0103772804 0.0307987295 0.0219999496
v 0.0101719396 0.0311307907 0.0219999496
v 0.00869464781 0.0313153192 0.0219999496
v 0.00903302431 0.0314801298 0.0219999496
v 0.0078821769 0.0317878686 0.0219999496
v 0.0210400205 0.0247702505 0.0219999496
v 0.0205824897 0.0254746005 0.0219999496
v 0.01966816 0.0258729998 0.0219999496
v 0.0196424108 0.0262063108 0.0219999496
v 0.0182385407 0.0268998705 0.0219999496
v 0.0307987295 0.0103772804 0.0219999496
v 0.0308143403 0.0110938502 0.0219999496
v 0.0301917102 0.0120294597 0.0219999496
v 0.0303904992 0.0122071505 0.0219999496
v 0.0294961892 0.0136463596 0.0219999496
v 0.0323094688 0.00351381302 0.0219999496
v 0.0324854217 0.00415843679 0.0219999496
v 0.0320718214 0.00525790406 0.0219999496
v 0.0323126912 0.0053371191 0.0219999496
v 0.0317401215 0.0069864979 0.0219999496
v 0.0327451192 -0.000595639984 0.0219999496
v 0.0327451192 0.000595639984 0.0219999496
v 0.0324522816 0.00175946904 0.0219999496
v 0.0327017903 0.00178611197 0.0219999496
v 0.0326151811 0.00297421194 0.0219999496
v 0.0317401215 -0.0069864979 0.0219999496
v 0.0320972204 -0.00650876714 0.0219999496
v 0.0320718214 -0.00525790406 0.0219999496
v 0.0323126912 -0.0053371191 0.0219999496
v 0.0324854217 -0.00415843679 0.0219999496
v 0.0294961892 -0.0136463596 0.0219999496
v 0.0299264099 -0.01330435 0.0219999496
v 0.0301917102 -0.0120294597 0.0219999496
v 0.0303904992 -0.0122071505 0.0219999496
v 0.0307987295 -0.0103772804 0.0219999496
v 0.0069864979 -0.0317401215 0.0219999496
v 0.0078821769 -0.0317878686 0.0219999496
v 0.00869464781 -0.0313153192 0.0219999496
v 0.00903302431 -0.0314801298 0.0219999496
v 0.0103772804 -0.0307987295 0.0219999496
v 0.000812196988 -0.03274047 0.0219999496
v 0.0235948507 0.0223501902 0.0219999496
v 0.0232345406 0.02308142 0.0219999496
v 0.0223501902 0.0235948507 0.0219999496
v 0.0223797504 0.0239111092 0.0219999496
v 0.0214953404 0.0247092191 0.0219999496
v 0.0258729998 0.01966816 0.0219999496
v 0.0256101992 0.0204135701 0.0219999496
v 0.0247702505 0.0210400205 0.0219999496
v 0.0248508397 0.0213314202 0.0219999496
v 0.02405864 0.0222211406 0.0219999496
v 0.0278478209 0.0167554598 0.0219999496
v 0.02768117 0.0175028406 0.0219999496
v 0.0268998705 0.0182385407 0.0219999496
v 0.0270262901 0.0184979998 0.0219999496
v 0.0263356492 0.0194686595 0.0219999496
v 0.0320972204 0.00650876714 0.0219999496
v 0.0318393111 0.00767177297 0.0219999496
v 0.0313153192 0.00869464781 0.0219999496
v 0.0315392017 0.00882464554 0.0219999496
v 0.0311974194 0.009965837 0.0219999496
v 0.0308143403 -0.0110938502 0.0219999496
v 0.0311974194 -0.009965837 0.0219999496
v 0.0313153192 -0.00869464781 0.0219999496
v 0.0315392017 -0.00882464554 0.0219999496
v 0.0318393111 -0.00767177297 0.0219999496
v 0.0101719396 -0.0311307907 0.0219999496
v 0.0112974001 -0.0307402592 0.0219999496
v 0.0120294597 -0.0301917102 0.0219999496
v 0.0124078896 -0.0303090792 0.0219999496
v 0.0136463596 -0.0294961892 0.0219999496
v 0.0135019403 -0.0298377797 0.0219999496
v 0.01522326 -0.0287141204 0.0219999496
v 0.00318986108 -0.0325947888 0.0219999496
v 0.00437319186 -0.0324572287 0.0219999496
v 0.00525790406 -0.0320718214 0.0219999496
v 0.00555068208 -0.03227669 0.0219999496
v 0.00672090007 -0.0320534706 0.0219999496
v 0.01522326 0.0287141204 0.0219999496
v 0.0145781599 0.0293269698 0.0219999496
v 0.0136463596 0.0294961892 0.0219999496
v 0.0135019403 0.0298377797 0.0219999496
v 0.0124078896 0.0303090792 0.0219999496
v 0.0235948507 -0.0223501902 0.0219999496
v 0.02405864 -0.0222211406 0.0219999496
v 0.0247702505 -0.0210400205 0.0219999496
v 0.0248508397 -0.0213314202 0.0219999496
v 0.0258729998 -0.01966816 0.0219999496
v 0.0186763406 0.0269033294 0.0219999496
v 0.0176855307 0.0275647603 0.0219999496
v 0.0167554598 0.0278478209 0.0219999496
v 0.0166713502 0.0281897094 0.0219999496
v 0.0156351309 0.0287774205 0.0219999496
v 0.0299264099 0.01330435 0.0219999496
v 0.02942276 0.0143839102 0.0219999496
v 0.0287141204 0.01522326 0.0219999496
v 0.0288801696 0.0154444501 0.0219999496
v 0.0282993894 0.0164845493 0.0219999496
v 0.0278478209 -0.0167554598 0.0219999496
v 0.0282993894 -0.0164845493 0.0219999496
v 0.0287141204 -0.01522326 0.0219999496
v 0.0288801696 -0.0154444501 0.0219999496
v 0.02942276 -0.0143839102 0.0219999496
v 0.0182385407 -0.0268998705 0.0219999496
v 0.0186763406 -0.0269033294 0.0219999496
v 0.01966816 -0.0258729998 0.0219999496
v 0.0196424108 -0.0262063108 0.0219999496
v 0.0210400205 -0.0247702505 0.0219999496
v 0.0256101992 -0.0204135701 0.0219999496
v 0.0263356492 -0.0194686595 0.0219999496
v 0.0268998705 -0.0182385407 0.0219999496
v 0.0270262901 -0.0184979998 0.0219999496
v 0.02768117 -0.0175028406 0.0219999496
v 0.0205824897 -0.0254746005 0.0219999496
v 0.0214953404 -0.0247092191 0.0219999496
v 0.0223501902 -0.0235948507 0.0219999496
v 0.0223797504 -0.0239111092 0.0219999496
v 0.0232345406 -0.02308142 0.0219999496
v 0.0145781599 -0.0293269698 0.0219999496
v 0.0156351309 -0.0287774205 0.0219999496
v 0.0167554598 -0.0278478209 0.0219999496
v 0.0166713502 -0.0281897094 0.0219999496
v 0.0176855307 -0.0275647603 0.0219999496
v 0.00850647595 -0.0343054496 0.0212744996
v 0.01687341 -0.0310565792 0.0212744996
v 0.0241522696 -0.0258049294 0.0212744996
v 0.0298735406 -0.0188890602 0.0212744996
v 0.0332548618 -0.0119724805 0.0212744996
v 0.0351983309 -0.00320976903 0.0212744996
v 0.0348719284 0.00575983478 0.0212744996
v 0.0322965905 0.0143580399 0.0212744996
v 0.0284214597 0.0210105702 0.0212744996
v 0.0222126208 0.0274922196 0.0212744996
v 0.0145712998 0.0322009288 0.0212744996
v 0.00599032594 0.0348330699 0.0212744996
v 0.000820307003 0.0330673382 0.0219892804
v 0.000820307003 -0.0330673382 0.0219892804
v 0.00202232506 -0.0330156609 0.0219892804
v 0.00322175003 -0.0329202414 0.0219892804
v 0.00441682292 -0.0327812992 0.0219892804
v 0.00560611393 -0.0325989686 0.0219892804
v 0.0067880149 -0.0323735401 0.0219892804
v 0.00796085503 -0.0321052596 0.0219892804
v 0.00912320614 -0.031794481 0.0219892804
v 0.0102735097 -0.0314416811 0.0219892804
v 0.0114101702 -0.0310472194 0.0219892804
v 0.0125317499 -0.0306116901 0.0219892804
v 0.0136367604 -0.0301356893 0.0219892804
v 0.0147237703 -0.0296198092 0.0219892804
v 0.0157912299 -0.0290647708 0.0219892804
v 0.0168378297 -0.0284712296 0.0219892804
v 0.0178621393 -0.0278400108 0.0219892804
v 0.0188628398 -0.0271719601 0.0219892804
v 0.0198385101 -0.0264679696 0.0219892804
v 0.0207880102 -0.0257290006 0.0219892804
v 0.0217099693 -0.0249559209 0.0219892804
v 0.0226032101 -0.0241498891 0.0219892804
v 0.0234665796 -0.0233118497 0.0219892804
v 0.0242988393 -0.0224429909 0.0219892804
v 0.0250989702 -0.0215444509 0.0219892804
v 0.0258659106 -0.0206173602 0.0219892804
v 0.0265986305 -0.0196630303 0.0219892804
v 0.0272961203 -0.0186827108 0.0219892804
v 0.0279575493 -0.0176775996 0.0219892804
v 0.0285819694 -0.0166491196 0.0219892804
v 0.0291685406 -0.0155986501 0.0219892804
v 0.0297165494 -0.0145274904 0.0219892804
v 0.0302252099 -0.01343715 0.0219892804
v 0.0306939408 -0.0123290401 0.0219892804
v 0.0311220195 -0.0112046003 0.0219892804
v 0.0315089189 -0.0100653097 0.0219892804
v 0.031854149 -0.00891274214 0.0219892804
v 0.032157179 -0.00774836494 0.0219892804
v 0.0324177109 -0.0065737362 0.0219892804
v 0.0326353312 -0.00539040519 0.0219892804
v 0.0328097902 -0.00419992208 0.0219892804
v 0.0329408608 -0.00300395396 0.0219892804
v 0.0330283009 -0.00180393399 0.0219892804
v 0.0330720507 -0.000601587002 0.0219892804
v 0.0330720507 0.000601587002 0.0219892804
v 0.0330283009 0.00180393399 0.0219892804
v 0.0329408608 0.00300395396 0.0219892804
v 0.0328097902 0.00419992208 0.0219892804
v 0.0326353312 0.00539040519 0.0219892804
v 0.0324177109 0.0065737362 0.0219892804
v 0.032157179 0.00774836494 0.0219892804
v 0.031854149 0.00891274214 0.0219892804
v 0.0315089189 0.0100653097 0.0219892804
v 0.0311220195 0.0112046003 0.0219892804
v 0.0306939408 0.0123290401 0.0219892804
v 0.0302252099 0.01343715 0.0219892804
v 0.0297165494 0.0145274904 0.0219892804
v 0.0291685406 0.0155986501 0.0219892804
v 0.0285819694 0.0166491196 0.0219892804
v 0.0279575493 0.0176775996 0.0219892804
v 0.0272961203 0.0186827108 0.0219892804
v 0.0265986305 0.0196630303 0.0219892804
v 0.0258659106 0.0206173602 0.0219892804
v 0.0250989702 0.0215444509 0.0219892804
v 0.0242988393 0.0224429909 0.0219892804
v 0.0234665796 0.0233118497 0.0219892804
v 0.0226032101 0.0241498891 0.0219892804
v 0.0217099693 0.0249559209 0.0219892804
v 0.0207880102 0.0257290006 0.0219892804
v 0.0198385101 0.0264679696 0.0219892804
v 0.0188628398 0.0271719601 0.0219892804
v 0.0178621393 0.0278400108 0.0219892804
v 0.0168378297 0.0284712296 0.0219892804
v 0.0157912299 0.0290647708 0.0219892804
v 0.0147237703 0.0296198092 0.0219892804
v 0.0136367604 0.0301356893 0.0219892804
v 0.0125317499 0.0306116901 0.0219892804
v 0.0114101702 0.0310472194 0.0219892804
v 0.0102735097 0.0314416811 0.0219892804
v 0.00912320614 0.031794481 0.0219892804
v 0.00796085503 0.0321052596 0.0219892804
v 0.0067880149 0.0323735401 0.0219892804
v 0.00560611393 0.0325989686 0.0219892804
v 0.00441682292 0.0327812992 0.0219892804
v 0.00322175003 0.0329202414 0.0219892804
v 0.00202232506 0.0330156609 0.0219892804
v 0.000832128979 0.033543881 0.0219349805
v 0.000843767019 0.0340130888 0.0218352005
v 0.000855115009 0.0344704911 0.0216908995
v 0.000866067014 0.0349119902 0.0215034392
v 0.00087652402 0.0353335105 0.0212744996
v 0.00216090609 0.0352782607 0.0212744996
v 0.00344252493 0.0351763293 0.0212744996
v 0.00471955491 0.0350278616 0.0212744996
v 0.00725317001 0.0345921516 0.0212744996
v 0.00850647595 0.0343054496 0.0212744996
v 0.00974845793 0.0339733884 0.0212744996
v 0.0109775597 0.033596389 0.0212744996
v 0.0121921301 0.0331749283 0.0212744996
v 0.0133905997 0.0327095911 0.0212744996
v 0.0157327596 0.0316497013 0.0212744996
v 0.01687341 0.0310565792 0.0212744996
v 0.0179917198 0.0304223802 0.0212744996
v 0.0190862399 0.0297479592 0.0212744996
v 0.0201554801 0.0290341303 0.0212744996
v 0.0211980902 0.0282818601 0.0212744996
v 0.0231977701 0.0266662203 0.0212744996
v 0.0241522696 0.0258049294 0.0212744996
v 0.0250747707 0.0249094293 0.0212744996
v 0.0259640794 0.0239810292 0.0212744996
v 0.0268190503 0.0230209194 0.0212744996
v 0.0276385508 0.0220303498 0.0212744996
v 0.0291668102 0.0199630205 0.0212744996
v 0.0298735406 0.0188890602 0.0212744996
v 0.0305406991 0.0177901294 0.0212744996
v 0.0311674997 0.0166676603 0.0212744996
v 0.0317530595 0.0155231301 0.0212744996
v 0.0327974483 0.01317399 0.0212744996
v 0.0332548618 0.0119724805 0.0212744996
v 0.0336682685 0.0107551198 0.0212744996
v 0.0340371691 0.00952356961 0.0212744996
v 0.0343610011 0.00827938318 0.0212744996
v 0.0346393511 0.00702422811 0.0212744996
v 0.0350583084 0.00448775198 0.0212744996
v 0.0351983309 0.00320976903 0.0212744996
v 0.035291791 0.00192755403 0.0212744996
v 0.035338521 0.000642815023 0.0212744996
v 0.035338521 -0.000642815023 0.0212744996
v 0.035291791 -0.00192755403 0.0212744996
v 0.0350583084 -0.00448775198 0.0212744996
v 0.0348719284 -0.00575983478 0.0212744996
v 0.0346393511 -0.00702422811 0.0212744996
v 0.0343610011 -0.00827938318 0.0212744996
v 0.0340371691 -0.00952356961 0.0212744996
v 0.0336682685 -0.0107551198 0.0212744996
v 0.0327974483 -0.01317399 0.0212744996
v 0.0322965905 -0.0143580399 0.0212744996
v 0.0317530595 -0.0155231301 0.0212744996
v 0.0311674997 -0.0166676603 0.0212744996
v 0.0305406991 -0.0177901294 0.0212744996
v 0.0291668102 -0.0199630205 0.0212744996
v 0.0284214597 -0.0210105702 0.0212744996
v 0.0276385508 -0.0220303498 0.0212744996
v 0.0268190503 -0.0230209194 0.0212744996
v 0.0259640794 -0.0239810292 0.0212744996
v 0.0250747707 -0.0249094293 0.0212744996
v 0.0231977701 -0.0266662203 0.0212744996
v 0.0222126208 -0.0274922196 0.0212744996
v 0.0211980902 -0.0282818601 0.0212744996
v 0.0201554801 -0.0290341303 0.0212744996
v 0.0190862399 -0.0297479592 0.0212744996
v 0.0179917198 -0.0304223802 0.0212744996
v 0.0157327596 -0.0316497013 0.0212744996
v 0.0145712998 -0.0322009288 0.0212744996
v 0.0133905997 -0.0327095911 0.0212744996
v 0.0121921301 -0.0331749283 0.0212744996
v 0.0109775597 -0.033596389 0.0212744996
v 0.00974845793 -0.0339733884 0.0212744996
v 0.00725317001 -0.0345921516 0.0212744996
v 0.00599032594 -0.0348330699 0.0212744996
v 0.00471955491 -0.0350278616 0.0212744996
v 0.00344252493 -0.0351763293 0.0212744996
v 0.00216090609 -0.0352782607 0.0212744996
v 0.00087652402 -0.0353335105 0.0212744996
v 0.000866067014 -0.0349119902 0.0215034392
v 0.000855115009 -0.0344704911 0.0216908995
v 0.000843767019 -0.0340130888 0.0218352005
v 0.000832128979 -0.033543881 0.0219349805
v 0.00213515689 0.0348573886 0.0215034392
v 0.00340145803 0.0347567201 0.0215034392
v 0.00466322806 0.0346099697 0.0215034392
v 0.00591885997 0.03441751 0.0215034392
v 0.00716668321 0.0341795012 0.0215034392
v 0.00840497017 0.0338962004 0.0215034392
v 0.0096321702 0.0335681401 0.0215034392
v 0.0108466102 0.0331956111 0.0215034392
v 0.0120466901 0.0327791497 0.0215034392
v 0.0132308602 0.0323193595 0.0215034392
v 0.0143975001 0.0318168402 0.0215034392
v 0.0155451205 0.0312721692 0.0215034392
v 0.0166721307 0.0306861401 0.0215034392
v 0.0177770797 0.0300594494 0.0215034392
v 0.0188585501 0.0293930694 0.0215034392
v 0.0199150406 0.0286877695 0.0215034392
v 0.0209451895 0.0279444996 0.0215034392
v 0.02194768 0.0271642804 0.0215034392
v 0.0229210798 0.0263481103 0.0215034392
v 0.02386415 0.0254970696 0.0215034392
v 0.0247756205 0.0246123001 0.0215034392
v 0.02565437 0.0236949902 0.0215034392
v 0.0264991503 0.0227463208 0.0215034392
v 0.0273088198 0.0217674896 0.0215034392
v 0.0280824304 0.0207599401 0.0215034392
v 0.0288188402 0.0197248999 0.0215034392
v 0.02951717 0.0186637603 0.0215034392
v 0.0301763993 0.0175779406 0.0215034392
v 0.0307956897 0.0164688192 0.0215034392
v 0.0313742682 0.0153379403 0.0215034392
v 0.0319113098 0.0141867297 0.0215034392
v 0.0324061513 0.0130168097 0.0215034392
v 0.0328581296 0.01182961 0.0215034392
v 0.0332666002 0.0106267901 0.0215034392
v 0.0336310789 0.00940996408 0.0215034392
v 0.0339511 0.00818061829 0.0215034392
v 0.0342261083 0.00694042398 0.0215034392
v 0.0344558917 0.00569111109 0.0215034392
v 0.0346400701 0.00443422701 0.0215034392
v 0.0347784087 0.00317150308 0.0215034392
v 0.03487074 0.00190454698 0.0215034392
v 0.0349169895 0.000635145989 0.0215034392
v 0.0349169895 -0.000635145989 0.0215034392
v 0.03487074 -0.00190454698 0.0215034392
v 0.0347784087 -0.00317150308 0.0215034392
v 0.0346400701 -0.00443422701 0.0215034392
v 0.0344558917 -0.00569111109 0.0215034392
v 0.0342261083 -0.00694042398 0.0215034392
v 0.0339511 -0.00818061829 0.0215034392
v 0.0336310789 -0.00940996408 0.0215034392
v 0.0332666002 -0.0106267901 0.0215034392
v 0.0328581296 -0.01182961 0.0215034392
v 0.0324061513 -0.0130168097 0.0215034392
v 0.0319113098 -0.0141867297 0.0215034392
v 0.0313742682 -0.0153379403 0.0215034392
v 0.0307956897 -0.0164688192 0.0215034392
v 0.0301763993 -0.0175779406 0.0215034392
v 0.02951717 -0.0186637603 0.0215034392
v 0.0288188402 -0.0197248999 0.0215034392
v 0.0280824304 -0.0207599401 0.0215034392
v 0.0273088198 -0.0217674896 0.0215034392
v 0.0264991503 -0.0227463208 0.0215034392
v 0.02565437 -0.0236949902 0.0215034392
v 0.0247756205 -0.0246123001 0.0215034392
v 0.02386415 -0.0254970696 0.0215034392
v 0.0229210798 -0.0263481103 0.0215034392
v 0.02194768 -0.0271642804 0.0215034392
v 0.0209451895 -0.0279444996 0.0215034392
v 0.0199150406 -0.0286877695 0.0215034392
v 0.0188585501 -0.0293930694 0.0215034392
v 0.0177770797 -0.0300594494 0.0215034392
v 0.0166721307 -0.0306861401 0.0215034392
v 0.0155451205 -0.0312721692 0.0215034392
v 0.0143975001 -0.0318168402 0.0215034392
v 0.0132308602 -0.0323193595 0.0215034392
v 0.0120466901 -0.0327791497 0.0215034392
v 0.0108466102 -0.0331956111 0.0215034392
v 0.0096321702 -0.0335681401 0.0215034392
v 0.00840497017 -0.0338962004 0.0215034392
v 0.00716668321 -0.0341795012 0.0215034392
v 0.00591885997 -0.03441751 0.0215034392
v 0.00466322806 -0.0346099697 0.0215034392
v 0.00340145803 -0.0347567201 0.0215034392
v 0.00213515689 -0.0348573886 0.0215034392
v 0.00210815598 0.0344166085 0.0216908995
v 0.00335842301 0.0343171284 0.0216908995
v 0.00460427906 0.0341722891 0.0216908995
v 0.005843997 0.0339822695 0.0216908995
v 0.00707602501 0.0337472484 0.0216908995
v 0.00829869509 0.0334675908 0.0216908995
v 0.00951033831 0.0331436284 0.0216908995
v 0.0107094599 0.0327758119 0.0216908995
v 0.0118943397 0.032364659 0.0216908995
v 0.0130635398 0.0319106504 0.0216908995
v 0.0142154004 0.0314144418 0.0216908995
v 0.0153484903 0.0308766905 0.0216908995
v 0.0164613109 0.0302980505 0.0216908995
v 0.0175523106 0.0296793506 0.0216908995
v 0.0186200701 0.0290213209 0.0216908995
v 0.0196632091 0.0283249598 0.0216908995
v 0.0206803605 0.0275911 0.0216908995
v 0.0216700993 0.0268207695 0.0216908995
v 0.0226311609 0.0260149203 0.0216908995
v 0.0235623103 0.0251746103 0.0216908995
v 0.0244623404 0.0243010502 0.0216908995
v 0.02532994 0.0233952906 0.0216908995
v 0.0261639897 0.0224586092 0.0216908995
v 0.0269634705 0.0214922391 0.0216908995
v 0.0277273003 0.0204973798 0.0216908995
v 0.0284544192 0.0194754601 0.0216908995
v 0.0291438606 0.0184277203 0.0216908995
v 0.0297947507 0.0173556209 0.0216908995
v 0.0304062292 0.0162605606 0.0216908995
v 0.0309774801 0.0151439896 0.0216908995
v 0.0315077901 0.0140073197 0.0216908995
v 0.0319963582 0.0128521901 0.0216908995
v 0.0324426182 0.0116800601 0.0216908995
v 0.0328459106 0.0104924403 0.0216908995
v 0.0332057998 0.00929093268 0.0216908995
v 0.0335217118 0.00807714369 0.0216908995
v 0.0337933302 0.00685268594 0.0216908995
v 0.0340201817 0.00561910821 0.0216908995
v 0.0342020318 0.00437813904 0.0216908995
v 0.0343385898 0.00313138892 0.0216908995
v 0.0344297811 0.00188046601 0.0216908995
v 0.0344753787 0.000627113972 0.0216908995
v 0.0344753787 -0.000627113972 0.0216908995
v 0.0344297811 -0.00188046601 0.0216908995
v 0.0343385898 -0.00313138892 0.0216908995
v 0.0342020318 -0.00437813904 0.0216908995
v 0.0340201817 -0.00561910821 0.0216908995
v 0.0337933302 -0.00685268594 0.0216908995
v 0.0335217118 -0.00807714369 0.0216908995
v 0.0332057998 -0.00929093268 0.0216908995
v 0.0328459106 -0.0104924403 0.0216908995
v 0.0324426182 -0.0116800601 0.0216908995
v 0.0319963582 -0.0128521901 0.0216908995
v 0.0315077901 -0.0140073197 0.0216908995
v 0.0309774801 -0.0151439896 0.0216908995
v 0.0304062292 -0.0162605606 0.0216908995
v 0.0297947507 -0.0173556209 0.0216908995
v 0.0291438606 -0.0184277203 0.0216908995
v 0.0284544192 -0.0194754601 0.0216908995
v 0.0277273003 -0.0204973798 0.0216908995
v 0.0269634705 -0.0214922391 0.0216908995
v 0.0261639897 -0.0224586092 0.0216908995
v 0.02532994 -0.0233952906 0.0216908995
v 0.0244623404 -0.0243010502 0.0216908995
v 0.0235623103 -0.0251746103 0.0216908995
v 0.0226311609 -0.0260149203 0.0216908995
v 0.0216700993 -0.0268207695 0.0216908995
v 0.0206803605 -0.0275911 0.0216908995
v 0.0196632091 -0.0283249598 0.0216908995
v 0.0186200701 -0.0290213209 0.0216908995
v 0.0175523106 -0.0296793506 0.0216908995
v 0.0164613109 -0.0302980505 0.0216908995
v 0.0153484903 -0.0308766905 0.0216908995
v 0.0142154004 -0.0314144418 0.0216908995
v 0.0130635398 -0.0319106504 0.0216908995
v 0.0118943397 -0.032364659 0.0216908995
v 0.0107094599 -0.0327758119 0.0216908995
v 0.00951033831 -0.0331436284 0.0216908995
v 0.00829869509 -0.0334675908 0.0216908995
v 0.00707602501 -0.0337472484 0.0216908995
v 0.005843997 -0.0339822695 0.0216908995
v 0.00460427906 -0.0341722891 0.0216908995
v 0.00335842301 -0.0343171284 0.0216908995
v 0.00210815598 -0.0344166085 0.0216908995
v 0.0020802021 0.0339598618 0.0218352005
v 0.00331383897 0.0338617489 0.0218352005
v 0.00454318477 0.0337188207 0.0218352005
v 0.00576645089 0.0335313007 0.0218352005
v 0.00698214723 0.0332993791 0.0218352005
v 0.00818854477 0.0330234095 0.0218352005
v 0.00938415527 0.0327038094 0.0218352005
v 0.0105673 0.0323408805 0.0218352005
v 0.0117365103 0.0319351517 0.0218352005
v 0.0128901601 0.0314871594 0.0218352005
v 0.0140267601 0.0309975706 0.0218352005
v 0.0151448203 0.0304669105 0.0218352005
v 0.0162428599 0.0298959594 0.0218352005
v 0.0173193794 0.0292854905 0.0218352005
v 0.0183729492 0.0286362097 0.0218352005
v 0.01940226 0.0279490892 0.0218352005
v 0.0204058792 0.0272249505 0.0218352005
v 0.0213825107 0.0264648106 0.0218352005
v 0.0223308802 0.0256696902 0.0218352005
v 0.0232496802 0.02484053 0.0218352005
v 0.0241376702 0.0239785891 0.0218352005
v 0.0249937698 0.0230848696 0.0218352005
v 0.0258167908 0.0221605804 0.0218352005
v 0.0266056601 0.0212070309 0.0218352005
v 0.0273593608 0.0202254001 0.0218352005
v 0.0280768201 0.0192170106 0.0218352005
v 0.0287570897 0.0181831699 0.0218352005
v 0.0293993894 0.0171252992 0.0218352005
v 0.0300027691 0.0160447899 0.0218352005
v 0.0305664502 0.0149429999 0.0218352005
v 0.0310896598 0.0138214799 0.0218352005
v 0.0315717384 0.0126816602 0.0218352005
v 0.0320121013 0.0115250302 0.0218352005
v 0.0324100181 0.0103532001 0.0218352005
v 0.0327651501 0.00916761067 0.0218352005
v 0.0330768786 0.00796997454 0.0218352005
v 0.0333448611 0.00676172879 0.0218352005
v 0.0335686803 0.0055445428 0.0218352005
v 0.0337481387 0.00432008505 0.0218352005
v 0.0338829085 0.00308984495 0.0218352005
v 0.0339729115 0.00185555196 0.0218352005
v 0.0340179205 0.000618792023 0.0218352005
v 0.0340179205 -0.000618792023 0.0218352005
v 0.0339729115 -0.00185555196 0.0218352005
v 0.0338829085 -0.00308984495 0.0218352005
v 0.0337481387 -0.00432008505 0.0218352005
v 0.0335686803 -0.0055445428 0.0218352005
v 0.0333448611 -0.00676172879 0.0218352005
v 0.0330768786 -0.00796997454 0.0218352005
v 0.0327651501 -0.00916761067 0.0218352005
v 0.0324100181 -0.0103532001 0.0218352005
v 0.0320121013 -0.0115250302 0.0218352005
v 0.0315717384 -0.0126816602 0.0218352005
v 0.0310896598 -0.0138214799 0.0218352005
v 0.0305664502 -0.0149429999 0.0218352005
v 0.0300027691 -0.0160447899 0.0218352005
v 0.0293993894 -0.0171252992 0.0218352005
v 0.0287570897 -0.0181831699 0.0218352005
v 0.0280768201 -0.0192170106 0.0218352005
v 0.0273593608 -0.0202254001 0.0218352005
v 0.0266056601 -0.0212070309 0.0218352005
v 0.0258167908 -0.0221605804 0.0218352005
v 0.0249937698 -0.0230848696 0.0218352005
v 0.0241376702 -0.0239785891 0.0218352005
v 0.0232496802 -0.02484053 0.0218352005
v 0.0223308802 -0.0256696902 0.0218352005
v 0.0213825107 -0.0264648106 0.0218352005
v 0.0204058792 -0.0272249505 0.0218352005
v 0.01940226 -0.0279490892 0.0218352005
v 0.0183729492 -0.0286362097 0.0218352005
v 0.0173193794 -0.0292854905 0.0218352005
v 0.0162428599 -0.0298959594 0.0218352005
v 0.0151448203 -0.0304669105 0.0218352005
v 0.0140267601 -0.0309975706 0.0218352005
v 0.0128901601 -0.0314871594 0.0218352005
v 0.0117365103 -0.0319351517 0.0218352005
v 0.0105673 -0.0323408805 0.0218352005
v 0.00938415527 -0.0327038094 0.0218352005
v 0.00818854477 -0.0330234095 0.0218352005
v 0.00698214723 -0.0332993791 0.0218352005
v 0.00576645089 -0.0335313007 0.0218352005
v 0.00454318477 -0.0337188207 0.0218352005
v 0.00331383897 -0.0338617489 0.0218352005
v 0.0020802021 -0.0339598618 0.0218352005
v 0.00205147197 0.0334914289 0.0219349805
v 0.00326818204 0.0333946906 0.0219349805
v 0.00448048115 0.0332537182 0.0219349805
v 0.00568693783 0.0330687687 0.0219349805
v 0.00688582612 0.0328400694 0.0219349805
v 0.00807559397 0.0325679109 0.0219349805
v 0.00925469305 0.0322526582 0.0219349805
v 0.0104215704 0.0318947993 0.0219349805
v 0.0115746204 0.0314946696 0.0219349805
v 0.0127123501 0.03105288 0.0219349805
v 0.0138332797 0.0305700302 0.0219349805
v 0.0149359703 0.0300466996 0.0219349805
v 0.0160188004 0.0294836108 0.0219349805
v 0.0170804802 0.0288815405 0.0219349805
v 0.0181195699 0.0282412097 0.0219349805
v 0.0191346407 0.0275635701 0.0219349805
v 0.0201244298 0.0268494394 0.0219349805
v 0.0210875794 0.0260997992 0.0219349805
v 0.0220228396 0.0253155809 0.0219349805
v 0.0229289494 0.0244979206 0.0219349805
v 0.0238047205 0.0236478392 0.0219349805
v 0.0246490203 0.0227664709 0.0219349805
v 0.0254607201 0.0218549296 0.0219349805
v 0.0262386706 0.0209144894 0.0219349805
v 0.0269819405 0.0199463908 0.0219349805
v 0.0276895091 0.0189519506 0.0219349805
v 0.0283604804 0.0179323498 0.0219349805
v 0.0289938394 0.0168890897 0.0219349805
v 0.0295889303 0.0158234797 0.0219349805
v 0.0301448107 0.0147368899 0.0219349805
v 0.0306608006 0.0136307999 0.0219349805
v 0.0311362706 0.0125067197 0.0219349805
v 0.0315705501 0.01136606 0.0219349805
v 0.0319629908 0.0102103902 0.0219349805
v 0.0323132202 0.00904119015 0.0219349805
v 0.032620661 0.00786000397 0.0219349805
v 0.0328848884 0.00666844798 0.0219349805
v 0.0331056714 0.00546807004 0.0219349805
v 0.0332826301 0.00426047994 0.0219349805
v 0.0334155485 0.00304722693 0.0219349805
v 0.0335042998 0.00182992197 0.0219349805
v 0.033548709 0.000610256975 0.0219349805
v 0.033548709 -0.000610256975 0.0219349805
v 0.0335042998 -0.00182992197 0.0219349805
v 0.0334155485 -0.00304722693 0.0219349805
v 0.0332826301 -0.00426047994 0.0219349805
v 0.0331056714 -0.00546807004 0.0219349805
v 0.0328848884 -0.00666844798 0.0219349805
v 0.032620661 -0.00786000397 0.0219349805
v 0.0323132202 -0.00904119015 0.0219349805
v 0.0319629908 -0.0102103902 0.0219349805
v 0.0315705501 -0.01136606 0.0219349805
v 0.0311362706 -0.0125067197 0.0219349805
v 0.0306608006 -0.0136307999 0.0219349805
v 0.0301448107 -0.0147368899 0.0219349805
v 0.0295889303 -0.0158234797 0.0219349805
v 0.0289938394 -0.0168890897 0.0219349805
v 0.0283604804 -0.0179323498 0.0219349805
v 0.0276895091 -0.0189519506 0.0219349805
v 0.0269819405 -0.0199463908 0.0219349805
v 0.0262386706 -0.0209144894 0.0219349805
v 0.0254607201 -0.0218549296 0.0219349805
v 0.0246490203 -0.0227664709 0.0219349805
v 0.0238047205 -0.0236478392 0.0219349805
v 0.0229289494 -0.0244979206 0.0219349805
v 0.0220228396 -0.0253155809 0.0219349805
v 0.0210875794 -0.0260997992 0.0219349805
v 0.0201244298 -0.0268494394 0.0219349805
v 0.0191346407 -0.0275635701 0.0219349805
v 0.0181195699 -0.0282412097 0.0219349805
v 0.0170804802 -0.0288815405 0.0219349805
v 0.0160188004 -0.0294836108 0.0219349805
v 0.0149359703 -0.0300466996 0.0219349805
v 0.0138332797 -0.0305700302 0.0219349805
v 0.0127123501 -0.03105288 0.0219349805
v 0.0115746204 -0.0314946696 0.0219349805
v 0.0104215704 -0.0318947993 0.0219349805
v 0.00925469305 -0.0322526582 0.0219349805
v 0.00807559397 -0.0325679109 0.0219349805
v 0.00688582612 -0.0328400694 0.0219349805
v 0.00568693783 -0.0330687687 0.0219349805
v 0.00448048115 -0.0332537182 0.0219349805
v 0.00326818204 -0.0333946906 0.0219349805
v 0.00205147197 -0.0334914289 0.0219349805
v 0.00114375295 -0.052783899 0.00888472702
v 0.00269257999 -0.0522813685 0.00936889555
v 0.00113409699 -0.0523383617 0.00936889555
v 0.00424867822 -0.0521779582 0.00936889555
v 0.00580102205 -0.0520282313 0.00936889555
v 0.00734817889 -0.0518323705 0.00936889555
v 0.00888883974 -0.0515904985 0.00936889555
v 0.0104215704 -0.0513028502 0.00936889555
v 0.0119451201 -0.0509696603 0.00936889555
v 0.0134580098 -0.0505912304 0.00936889555
v 0.0179197695 -0.0491881296 0.00936889555
v 0.01644665 -0.0497000813 0.00936889555
v 0.0149589702 -0.0501679108 0.00936889555
v 0.0193769895 -0.0486325584 0.00936889555
v 0.0208169799 -0.0480337702 0.00936889555
v 0.0222384892 -0.0473924205 0.00936889555
v 0.0236402694 -0.0467090011 0.00936889555
v 0.0250210706 -0.0459840782 0.00936889555
v 0.0263797008 -0.0452184007 0.00936889555
v 0.0277149007 -0.0444125496 0.00936889555
v 0.0315682814 -0.0417616293 0.00936889555
v 0.0303103309 -0.0426834188 0.00936889555
v 0.0290254895 -0.0435673483 0.00936889555
v 0.0327982306 -0.040802829 0.00936889555
v 0.0339990184 -0.0398077294 0.00936889555
v 0.035169661 -0.0387773514 0.00936889555
v 0.0363091193 -0.0377125703 0.00936889555
v 0.0374163315 -0.0366142914 0.00936889555
v 0.0384903513 -0.0354835913 0.00936889555
v 0.0395302102 -0.0343213007 0.00936889555
v 0.0424357615 -0.03065609 0.00936889555
v 0.0415037796 -0.0319065414 0.00936889555
v 0.0405349694 -0.0331286117 0.00936889555
v 0.0433300696 -0.0293785296 0.00936889555
v 0.044185929 -0.0280747991 0.00936889555
v 0.0450025685 -0.0267462097 0.00936889555
v 0.0465153418 -0.0240189992 0.00936889555
v 0.0457792804 -0.0253938399 0.00936889555
v 0.0478630587 -0.0212065503 0.00936889555
v 0.0472101495 -0.02262282 0.00936889555
v 0.0484735295 -0.0197714493 0.00936889555
v 0.0490409099 -0.0183188301 0.00936889555
v 0.049564831 -0.0168499295 0.00936889555
v 0.0508709513 -0.0123588396 0.00936889555
v 0.0504802391 -0.0138686197 0.00936889555
v 0.0500447117 -0.01536607 0.00936889555
v 0.0512164794 -0.0108380904 0.00936889555
v 0.0515165888 -0.00930768158 0.00936889555
v 0.0517709814 -0.00776904821 0.00936889555
v 0.0519794188 -0.00622349884 0.00936889555
v 0.0521417186 -0.00467246678 0.00936889555
v 0.0522577688 -0.00311726308 0.00936889555
v 0.0523274504 -0.001559317 0.00936889555
v 0.0522577688 0.00311726308 0.00936889555
v 0.0523274504 0.001559317 0.00936889555
v 0.0523506403 0 0.00936889555
v 0.0521417186 0.00467246678 0.00936889555
v 0.0519794188 0.00622349884 0.00936889555
v 0.0517709814 0.00776904821 0.00936889555
v 0.0515165888 0.00930768158 0.00936889555
v 0.0512164794 0.0108380904 0.00936889555
v 0.0508709513 0.0123588396 0.00936889555
v 0.0504802391 0.0138686197 0.00936889555
v 0.0490409099 0.0183188301 0.00936889555
v 0.049564831 0.0168499295 0.00936889555
v 0.0500447117 0.01536607 0.00936889555
v 0.0484735295 0.0197714493 0.00936889555
v 0.0478630587 0.0212065503 0.00936889555
v 0.0472101495 0.02262282 0.00936889555
v 0.0465153418 0.0240189992 0.00936889555
v 0.0457792804 0.0253938399 0.00936889555
v 0.0450025685 0.0267462097 0.00936889555
v 0.044185929 0.0280747991 0.00936889555
v 0.0415037796 0.0319065414 0.00936889555
v 0.0424357615 0.03065609 0.00936889555
v 0.0433300696 0.0293785296 0.00936889555
v 0.0405349694 0.0331286117 0.00936889555
v 0.0395302102 0.0343213007 0.00936889555
v 0.0384903513 0.0354835913 0.00936889555
v 0.0374163315 0.0366142914 0.00936889555
v 0.0363091193 0.0377125703 0.00936889555
v 0.035169661 0.0387773514 0.00936889555
v 0.0339990184 0.0398077294 0.00936889555
v 0.0303103309 0.0426834188 0.00936889555
v 0.0315682814 0.0417616293 0.00936889555
v 0.0327982306 0.040802829 0.00936889555
v 0.0290254895 0.0435673483 0.00936889555
v 0.0277149007 0.0444125496 0.00936889555
v 0.0263797008 0.0452184007 0.00936889555
v 0.0236402694 0.0467090011 0.00936889555
v 0.0250210706 0.0459840782 0.00936889555
v 0.0208169799 0.0480337702 0.00936889555
v 0.0222384892 0.0473924205 0.00936889555
v 0.0193769895 0.0486325584 0.00936889555
v 0.0179197695 0.0491881296 0.00936889555
v 0.01644665 0.0497000813 0.00936889555
v 0.0119451201 0.0509696603 0.00936889555
v 0.0134580098 0.0505912304 0.00936889555
v 0.0149589702 0.0501679108 0.00936889555
v 0.0104215704 0.0513028502 0.00936889555
v 0.00888883974 0.0515904985 0.00936889555
v 0.00734817889 0.0518323705 0.00936889555
v 0.00580102205 0.0520282313 0.00936889555
v 0.00113409699 0.0523383617 0.00936889555
v 0.00269257999 0.0522813685 0.00936889555
v 0.00424867822 0.0521779582 0.00936889555
v 0.00113928295 0.0525771305 0.00914156437
v 0.00114375295 0.052783899 0.00888472702
v 0.00114750804 0.052955091 0.00860291719
v 0.00115036895 0.0530876517 0.00830101874
v 0.00115233602 0.0531793796 0.00798434019
v 0.00115340902 0.0532286689 0.00765830185
v 0.00273841596 0.053170681 0.00765830185
v 0.00115358795 0.0532374904 0.00744855404
v 0.000611989002 0.0532433316 0.00744855404
v 0.00432097912 0.053065531 0.00765830185
v 0.00285464502 0.0531718098 0.00744855404
v 0.00273883296 0.0531794988 0.00744855404
v 0.00589966681 0.0529132411 0.00765830185
v 0.00509190513 0.0530000292 0.00744855404
v 0.00432169391 0.0530743003 0.00744855404
v 0.00953584909 0.0523839518 0.00744855404
v 0.00904154684 0.05247676 0.00744855404
v 0.00903999805 0.0524680614 0.00765830185
v 0.00747442199 0.0527228117 0.00744855404
v 0.00747316983 0.0527140386 0.00765830185
v 0.00732087996 0.0527422391 0.00744855404
v 0.00590068102 0.0529220104 0.00744855404
v 0.0106006199 0.0521841608 0.00744855404
v 0.0105988299 0.0521755219 0.00765830185
v 0.0117345396 0.0519361384 0.00744855404
v 0.0121482601 0.0518366583 0.00765830185
v 0.0121502802 0.0518452488 0.00744855404
v 0.0136869503 0.0514517985 0.00765830185
v 0.0136892097 0.0514603183 0.00744855404
v 0.0167264305 0.0505455099 0.00765830185
v 0.0160648804 0.0507627688 0.00744855404
v 0.0152134197 0.0510212705 0.00765830185
v 0.0152159296 0.0510297418 0.00744855404
v 0.0139126098 0.0513973199 0.00744855404
v 0.0202814303 0.0492303297 0.00744855404
v 0.0197098199 0.0494679809 0.00744855404
v 0.0197065398 0.0494598113 0.00765830185
v 0.0182275698 0.0500331484 0.00744855404
v 0.0182245895 0.0500248596 0.00765830185
v 0.0181910302 0.0500458404 0.00744855404
v 0.0167291705 0.0505538508 0.00744855404
v 0.0211745501 0.0488589406 0.00744855404
v 0.0211710893 0.0488508306 0.00765830185
v 0.0223383904 0.04833382 0.00744855404
v 0.0226167403 0.0481985807 0.00765830185
v 0.0226204898 0.0482065603 0.00744855404
v 0.0240424201 0.047503531 0.00765830185
v 0.0240463596 0.0475113913 0.00744855404
v 0.0281863194 0.0451680385 0.00765830185
v 0.0268328693 0.0459951684 0.00744855404
v 0.0268284008 0.045987539 0.00765830185
v 0.0263272505 0.0462801382 0.00744855404
v 0.0254467092 0.0467662811 0.00765830185
v 0.0254509393 0.0467740186 0.00744855404
v 0.0243546907 0.0473495089 0.00744855404
v 0.0295192003 0.0443084203 0.00765830185
v 0.0282559898 0.0451335907 0.00744855404
v 0.0281909704 0.045175489 0.00744855404
v 0.0308259092 0.0434094593 0.00765830185
v 0.0301297307 0.0438991114 0.00744855404
v 0.0295240805 0.0443157516 0.00744855404
v 0.0337191187 0.0412074886 0.00744855404
v 0.03336161 0.04150372 0.00744855404
v 0.0333561301 0.0414968692 0.00765830185
v 0.0321105719 0.0424790308 0.00744855404
v 0.0321052596 0.0424720012 0.00765830185
v 0.0319545195 0.0425933488 0.00744855404
v 0.0308310296 0.0434166715 0.00744855404
v 0.0345830917 0.040491581 0.00744855404
v 0.0345773585 0.0404849015 0.00765830185
v 0.0354253612 0.0397502705 0.00744855404
v 0.0357679091 0.0394369885 0.00765830185
v 0.0357738696 0.0394434892 0.00744855404
v 0.0369267389 0.0383540913 0.00765830185
v 0.0369328782 0.0383604094 0.00744855404
v 0.0391450487 0.0360871516 0.00765830185
v 0.0386453196 0.0366261601 0.00744855404
v 0.0380527899 0.0372371599 0.00765830185
v 0.0380591117 0.0372432992 0.00744855404
v 0.037070211 0.0382242203 0.00744855404
v 0.0415918194 0.0332429409 0.00744855404
v 0.0412313305 0.0336977206 0.00744855404
v 0.0412244685 0.0336921811 0.00765830185
v 0.0402092896 0.0349109098 0.00744855404
v 0.0402026102 0.0349051282 0.00765830185
v 0.0401576683 0.0349686109 0.00744855404
v 0.0391515382 0.0360931084 0.00744855404
v 0.0422167704 0.0324546583 0.00744855404
v 0.0422097407 0.0324492417 0.00765830185
v 0.0429566503 0.0314619504 0.00744855404
v 0.0431575701 0.0311775804 0.00765830185
v 0.0431647301 0.0311827604 0.00744855404
v 0.0440671407 0.0298782494 0.00765830185
v 0.0440744087 0.0298832003 0.00744855404
v 0.0465580188 0.0258257892 0.00765830185
v 0.0457756482 0.0272056405 0.00744855404
v 0.0457680784 0.0272011701 0.00765830185
v 0.0454514585 0.0277330205 0.00744855404
v 0.044937551 0.0285523497 0.00765830185
v 0.0449450016 0.0285571199 0.00744855404
v 0.0442442782 0.0296244603 0.00744855404
v 0.0473065898 0.0244275909 0.00765830185
v 0.0465839505 0.0257959906 0.00744855404
v 0.0465657115 0.02583009 0.00744855404
v 0.0480132103 0.0230076294 0.00765830185
v 0.0476246998 0.0238081198 0.00744855404
v 0.0473144017 0.0244315807 0.00744855404
v 0.0494610593 0.0197146498 0.00744855404
v 0.0493062101 0.0201110803 0.00744855404
v 0.0492980406 0.0201077405 0.00765830185
v 0.0486853085 0.0215708595 0.00744855404
v 0.0486772582 0.0215672795 0.00765830185
v 0.0485880896 0.0217816196 0.00744855404
v 0.0480211899 0.0230114404 0.00744855404
v 0.0498833582 0.0186334793 0.00744855404
v 0.0498751402 0.0186304394 0.00765830185
v 0.0502473116 0.0176131092 0.00744855404
v 0.0504079387 0.0171365701 0.00765830185
v 0.0504162908 0.0171393696 0.00744855404
v 0.0508959815 0.0156274401 0.00765830185
v 0.0509044491 0.0156300608 0.00744855404
v 0.0517362282 0.0125690596 0.00765830185
v 0.0515509807 0.0133202597 0.00744855404
v 0.0513389111 0.0141044799 0.00765830185
v 0.0513474308 0.0141068604 0.00744855404
v 0.0509476587 0.0154814702 0.00744855404
v 0.0524899289 0.0089331856 0.00744855404
v 0.0524015389 0.00946760084 0.00744855404
v 0.0523928888 0.00946599245 0.00765830185
v 0.0520962998 0.0110242302 0.00744855404
v 0.0520876609 0.0110224402 0.00765830185
v 0.0520706102 0.0111374203 0.00744855404
v 0.0517448112 0.0125710899 0.00744855404
v 0.0526603386 0.00790250301 0.00744855404
v 0.0526515804 0.00790119078 0.00765830185
v 0.0528206192 0.00671386719 0.00744855404
v 0.0528635904 0.00632941723 0.00765830185
v 0.0528723486 0.00633043004 0.00744855404
v 0.0530286394 0.00475197984 0.00765830185
v 0.0530374609 0.00475275517 0.00744855404
v 0.0532175303 -0.00158584095 0.00765830185
v 0.0532499515 0 0.00744855404
v 0.05324113 0 0.00765830185
v 0.0532263517 0.00158607902 0.00744855404
v 0.0532175303 0.00158584095 0.00765830185
v 0.0531969592 0.00224316097 0.00744855404
v 0.0531466603 0.00317031099 0.00765830185
v 0.0531554818 0.00317084696 0.00744855404
v 0.053057611 0.00448268605 0.00744855404
v 0.0531466603 -0.00317031099 0.00765830185
v 0.0531969592 -0.00224316097 0.00744855404
v 0.0532263517 -0.00158607902 0.00744855404
v 0.0528206192 -0.00671386719 0.00744855404
v 0.0528723486 -0.00633043004 0.00744855404
v 0.0528635904 -0.00632941723 0.00765830185
v 0.0530374609 -0.00475275517 0.00744855404
v 0.0530286394 -0.00475197984 0.00765830185
v 0.053057611 -0.00448268605 0.00744855404
v 0.0531554818 -0.00317084696 0.00744855404
v 0.0526603386 -0.00790250301 0.00744855404
v 0.0526515804 -0.00790119078 0.00765830185
v 0.0524899289 -0.0089331856 0.00744855404
v 0.0523928888 -0.00946599245 0.00765830185
v 0.0524015389 -0.00946760084 0.00744855404
v 0.0520876609 -0.0110224402 0.00765830185
v 0.0520962998 -0.0110242302 0.00744855404
v 0.0520706102 -0.0111374203 0.00744855404
v 0.0517362282 -0.0125690596 0.00765830185
v 0.0517448112 -0.0125710899 0.00744855404
v 0.0515509807 -0.0133202597 0.00744855404
v 0.0513389111 -0.0141044799 0.00765830185
v 0.0513474308 -0.0141068604 0.00744855404
v 0.0509476587 -0.0154814702 0.00744855404
v 0.0508959815 -0.0156274401 0.00765830185
v 0.0509044491 -0.0156300608 0.00744855404
v 0.0504079387 -0.0171365701 0.00765830185
v 0.0504162908 -0.0171393696 0.00744855404
v 0.0485880896 -0.0217816196 0.00744855404
v 0.0486853085 -0.0215708595 0.00744855404
v 0.0486772582 -0.0215672795 0.00765830185
v 0.0493062101 -0.0201110803 0.00744855404
v 0.0492980406 -0.0201077405 0.00765830185
v 0.0494610593 -0.0197146498 0.00744855404
v 0.0498751402 -0.0186304394 0.00765830185
v 0.0498833582 -0.0186334793 0.00744855404
v 0.0502473116 -0.0176131092 0.00744855404
v 0.0480211899 -0.0230114404 0.00744855404
v 0.0480132103 -0.0230076294 0.00765830185
v 0.0476246998 -0.0238081198 0.00744855404
v 0.0473065898 -0.0244275909 0.00765830185
v 0.0473144017 -0.0244315807 0.00744855404
v 0.0465839505 -0.0257959906 0.00744855404
v 0.0465580188 -0.0258257892 0.00765830185
v 0.0465657115 -0.02583009 0.00744855404
v 0.0457680784 -0.0272011701 0.00765830185
v 0.0457756482 -0.0272056405 0.00744855404
v 0.0429566503 -0.0314619504 0.00744855404
v 0.0431647301 -0.0311827604 0.00744855404
v 0.0431575701 -0.0311775804 0.00765830185
v 0.0440744087 -0.0298832003 0.00744855404
v 0.0440671407 -0.0298782494 0.00765830185
v 0.0442442782 -0.0296244603 0.00744855404
v 0.044937551 -0.0285523497 0.00765830185
v 0.0449450016 -0.0285571199 0.00744855404
v 0.0454514585 -0.0277330205 0.00744855404
v 0.0422167704 -0.0324546583 0.00744855404
v 0.0422097407 -0.0324492417 0.00765830185
v 0.0415918194 -0.0332429409 0.00744855404
v 0.0412244685 -0.0336921811 0.00765830185
v 0.0412313305 -0.0336977206 0.00744855404
v 0.0402026102 -0.0349051282 0.00765830185
v 0.0402092896 -0.0349109098 0.00744855404
v 0.0401576683 -0.0349686109 0.00744855404
v 0.0391450487 -0.0360871516 0.00765830185
v 0.0391515382 -0.0360931084 0.00744855404
v 0.0386453196 -0.0366261601 0.00744855404
v 0.0380527899 -0.0372371599 0.00765830185
v 0.0380591117 -0.0372432992 0.00744855404
v 0.037070211 -0.0382242203 0.00744855404
v 0.0369267389 -0.0383540913 0.00765830185
v 0.0369328782 -0.0383604094 0.00744855404
v 0.0357679091 -0.0394369885 0.00765830185
v 0.0357738696 -0.0394434892 0.00744855404
v 0.0319545195 -0.0425933488 0.00744855404
v 0.0321105719 -0.0424790308 0.00744855404
v 0.0321052596 -0.0424720012 0.00765830185
v 0.03336161 -0.04150372 0.00744855404
v 0.0333561301 -0.0414968692 0.00765830185
v 0.0337191187 -0.0412074886 0.00744855404
v 0.0345773585 -0.0404849015 0.00765830185
v 0.0345830917 -0.040491581 0.00744855404
v 0.0354253612 -0.0397502705 0.00744855404
v 0.0308310296 -0.0434166715 0.00744855404
v 0.0308259092 -0.0434094593 0.00765830185
v 0.0301297307 -0.0438991114 0.00744855404
v 0.0295192003 -0.0443084203 0.00765830185
v 0.0295240805 -0.0443157516 0.00744855404
v 0.0282559898 -0.0451335907 0.00744855404
v 0.0281863194 -0.0451680385 0.00765830185
v 0.0281909704 -0.045175489 0.00744855404
v 0.0268284008 -0.045987539 0.00765830185
v 0.0268328693 -0.0459951684 0.00744855404
v 0.0223383904 -0.04833382 0.00744855404
v 0.0226204898 -0.0482065603 0.00744855404
v 0.0226167403 -0.0481985807 0.00765830185
v 0.0240463596 -0.0475113913 0.00744855404
v 0.0240424201 -0.047503531 0.00765830185
v 0.0243546907 -0.0473495089 0.00744855404
v 0.0254467092 -0.0467662811 0.00765830185
v 0.0254509393 -0.0467740186 0.00744855404
v 0.0263272505 -0.0462801382 0.00744855404
v 0.0211745501 -0.0488589406 0.00744855404
v 0.0211710893 -0.0488508306 0.00765830185
v 0.0202814303 -0.0492303297 0.00744855404
v 0.0197065398 -0.0494598113 0.00765830185
v 0.0197098199 -0.0494679809 0.00744855404
v 0.0182245895 -0.0500248596 0.00765830185
v 0.0182275698 -0.0500331484 0.00744855404
v 0.0181910302 -0.0500458404 0.00744855404
v 0.0167264305 -0.0505455099 0.00765830185
v 0.0167291705 -0.0505538508 0.00744855404
v 0.0160648804 -0.0507627688 0.00744855404
v 0.0152134197 -0.0510212705 0.00765830185
v 0.0152159296 -0.0510297418 0.00744855404
v 0.0139126098 -0.0513973199 0.00744855404
v 0.0136869503 -0.0514517985 0.00765830185
v 0.0136892097 -0.0514603183 0.00744855404
v 0.0121482601 -0.0518366583 0.00765830185
v 0.0121502802 -0.0518452488 0.00744855404
v 0.00732087996 -0.0527422391 0.00744855404
v 0.00747442199 -0.0527228117 0.00744855404
v 0.00747316983 -0.0527140386 0.00765830185
v 0.00904154684 -0.05247676 0.00744855404
v 0.00903999805 -0.0524680614 0.00765830185
v 0.00953584909 -0.0523839518 0.00744855404
v 0.0105988299 -0.0521755219 0.00765830185
v 0.0106006199 -0.0521841608 0.00744855404
v 0.0117345396 -0.0519361384 0.00744855404
v 0.00590068102 -0.0529220104 0.00744855404
v 0.00589966681 -0.0529132411 0.00765830185
v 0.00509190513 -0.0530000292 0.00744855404
v 0.00432097912 -0.053065531 0.00765830185
v 0.00432169391 -0.0530743003 0.00744855404
v 0.00285464502 -0.0531718098 0.00744855404
v 0.00273841596 -0.053170681 0.00765830185
v 0.00273883296 -0.0531794988 0.00744855404
v 0.00115340902 -0.0532286689 0.00765830185
v 0.00115358795 -0.0532374904 0.00744855404
v 0.000611989002 -0.0532433316 0.00744855404
v 0.00115233602 -0.0531793796 0.00798434019
v 0.00115036895 -0.0530876517 0.00830101874
v 0.00114750804 -0.052955091 0.00860291719
v 0.00113928295 -0.0525771305 0.00914156437
v 0.00273585296 0.0531214997 0.00798434019
v 0.00431698514 0.0530164205 0.00798434019
v 0.00589424279 0.0528643094 0.00798434019
v 0.00746625615 0.0526652895 0.00798434019
v 0.0090316534 0.0524195395 0.00798434019
v 0.0105890604 0.0521272384 0.00798434019
v 0.0121370498 0.0517886803 0.00798434019
v 0.0136742499 0.0514041707 0.00798434019
v 0.0151993604 0.050974071 0.00798434019
v 0.0167109296 0.0504987203 0.00798434019
v 0.0182077195 0.0499785505 0.00798434019
v 0.0196883008 0.0494140312 0.00798434019
v 0.0211514793 0.0488056503 0.00798434019
v 0.0225958191 0.0481539294 0.00798434019
v 0.0240201298 0.047459539 0.00798434019
v 0.0254231598 0.0467230007 0.00798434019
v 0.0268036108 0.0459449813 0.00798434019
v 0.0281602107 0.0451262482 0.00798434019
v 0.0294918995 0.0442674085 0.00798434019
v 0.0307974201 0.0433692895 0.00798434019
v 0.0320755206 0.0424327217 0.00798434019
v 0.0333252512 0.0414584801 0.00798434019
v 0.0345453583 0.0404474102 0.00798434019
v 0.0357348286 0.0394005105 0.00798434019
v 0.0368925892 0.0383185707 0.00798434019
v 0.038017571 0.0372026488 0.00798434019
v 0.0391088687 0.0360537693 0.00798434019
v 0.0401654206 0.0348728187 0.00798434019
v 0.041186329 0.0336610004 0.00798434019
v 0.0421706997 0.0324192606 0.00798434019
v 0.0431176387 0.0311487298 0.00798434019
v 0.0440263115 0.0298506003 0.00798434019
v 0.0448959395 0.0285259392 0.00798434019
v 0.0457256995 0.0271760207 0.00798434019
v 0.0465149209 0.0258019492 0.00798434019
v 0.04726284 0.0244049393 0.00798434019
v 0.0479688011 0.0229863506 0.00798434019
v 0.0486322008 0.0215473101 0.00798434019
v 0.0492524505 0.0200891402 0.00798434019
v 0.0498289391 0.0186131503 0.00798434019
v 0.0503612682 0.0171207096 0.00798434019
v 0.0508489013 0.0156130102 0.00798434019
v 0.0512913987 0.0140914302 0.00798434019
v 0.0516883694 0.0125573799 0.00798434019
v 0.0520395003 0.01101219 0.00798434019
v 0.0523443818 0.00945722964 0.00798434019
v 0.0526028797 0.00789391901 0.00798434019
v 0.0528146587 0.0063235159 0.00798434019
v 0.0529795811 0.0047475691 0.00798434019
v 0.053097479 0.00316738989 0.00798434019
v 0.0531682894 0.00158435095 0.00798434019
v 0.0531919003 0 0.00798434019
v 0.0531682894 -0.00158435095 0.00798434019
v 0.053097479 -0.00316738989 0.00798434019
v 0.0529795811 -0.0047475691 0.00798434019
v 0.0528146587 -0.0063235159 0.00798434019
v 0.0526028797 -0.00789391901 0.00798434019
v 0.0523443818 -0.00945722964 0.00798434019
v 0.0520395003 -0.01101219 0.00798434019
v 0.0516883694 -0.0125573799 0.00798434019
v 0.0512913987 -0.0140914302 0.00798434019
v 0.0508489013 -0.0156130102 0.00798434019
v 0.0503612682 -0.0171207096 0.00798434019
v 0.0498289391 -0.0186131503 0.00798434019
v 0.0492524505 -0.0200891402 0.00798434019
v 0.0486322008 -0.0215473101 0.00798434019
v 0.0479688011 -0.0229863506 0.00798434019
v 0.04726284 -0.0244049393 0.00798434019
v 0.0465149209 -0.0258019492 0.00798434019
v 0.0457256995 -0.0271760207 0.00798434019
v 0.0448959395 -0.0285259392 0.00798434019
v 0.0440263115 -0.0298506003 0.00798434019
v 0.0431176387 -0.0311487298 0.00798434019
v 0.0421706997 -0.0324192606 0.00798434019
v 0.041186329 -0.0336610004 0.00798434019
v 0.0401654206 -0.0348728187 0.00798434019
v 0.0391088687 -0.0360537693 0.00798434019
v 0.038017571 -0.0372026488 0.00798434019
v 0.0368925892 -0.0383185707 0.00798434019
v 0.0357348286 -0.0394005105 0.00798434019
v 0.0345453583 -0.0404474102 0.00798434019
v 0.0333252512 -0.0414584801 0.00798434019
v 0.0320755206 -0.0424327217 0.00798434019
v 0.0307974201 -0.0433692895 0.00798434019
v 0.0294918995 -0.0442674085 0.00798434019
v 0.0281602107 -0.0451262482 0.00798434019
v 0.0268036108 -0.0459449813 0.00798434019
v 0.0254231598 -0.0467230007 0.00798434019
v 0.0240201298 -0.047459539 0.00798434019
v 0.0225958191 -0.0481539294 0.00798434019
v 0.0211514793 -0.0488056503 0.00798434019
v 0.0196883008 -0.0494140312 0.00798434019
v 0.0182077195 -0.0499785505 0.00798434019
v 0.0167109296 -0.0504987203 0.00798434019
v 0.0151993604 -0.050974071 0.00798434019
v 0.0136742499 -0.0514041707 0.00798434019
v 0.0121370498 -0.0517886803 0.00798434019
v 0.0105890604 -0.0521272384 0.00798434019
v 0.0090316534 -0.0524195395 0.00798434019
v 0.00746625615 -0.0526652895 0.00798434019
v 0.00589424279 -0.0528643094 0.00798434019
v 0.00431698514 -0.0530164205 0.00798434019
v 0.00273585296 -0.0531214997 0.00798434019
v 0.00273114396 0.0530298315 0.00830101874
v 0.00430953503 0.0529249907 0.00830101874
v 0.00588405086 0.0527731106 0.00830101874
v 0.00745338202 0.0525744483 0.00830101874
v 0.00901609566 0.0523291193 0.00830101874
v 0.0105707599 0.0520372912 0.00830101874
v 0.0121161304 0.0516993403 0.00830101874
v 0.0136506502 0.0513155386 0.00830101874
v 0.0151731297 0.0508861504 0.00830101874
v 0.0166821405 0.0504116416 0.00830101874
v 0.0181763098 0.0498923585 0.00830101874
v 0.0196543895 0.0493288003 0.00830101874
v 0.0211149994 0.0487214886 0.00830101874
v 0.0225568395 0.0480709001 0.00830101874
v 0.0239787102 0.0473777018 0.00830101874
v 0.0253793001 0.046642419 0.00830101874
v 0.0267573502 0.0458657704 0.00830101874
v 0.0281116907 0.0450484082 0.00830101874
v 0.0294410493 0.0441910587 0.00830101874
v 0.0307442509 0.0432944782 0.00830101874
v 0.0320202112 0.0423595309 0.00830101874
v 0.033267729 0.0413869582 0.00830101874
v 0.0344857499 0.040377669 0.00830101874
v 0.0356732011 0.0393325016 0.00830101874
v 0.0368289314 0.0382524692 0.00830101874
v 0.0379519984 0.0371385217 0.00830101874
v 0.0390413888 0.0359915383 0.00830101874
v 0.04009616 0.0348126814 0.00830101874
v 0.0411152802 0.0336028896 0.00830101874
v 0.0420979783 0.0323632918 0.00830101874
v 0.0430432484 0.0310950205 0.00830101874
v 0.0439503714 0.0297991 0.00830101874
v 0.0448185205 0.0284767691 0.00830101874
v 0.0456468388 0.0271291099 0.00830101874
v 0.0464347005 0.0257574301 0.00830101874
v 0.0471813008 0.0243628602 0.00830101874
v 0.0478860699 0.0229466502 0.00830101874
v 0.0485482812 0.0215101205 0.00830101874
v 0.0491674505 0.0200545099 0.00830101874
v 0.0497429892 0.0185810905 0.00830101874
v 0.0502744317 0.0170911495 0.00830101874
v 0.0507611595 0.0155860698 0.00830101874
v 0.0512028895 0.0140671702 0.00830101874
v 0.0515992008 0.0125357499 0.00830101874
v 0.0519497283 0.0109932404 0.00830101874
v 0.0522541404 0.00944095757 0.00830101874
v 0.0525121614 0.00788026955 0.00830101874
v 0.0527235791 0.00631260779 0.00830101874
v 0.0528882109 0.00473934412 0.00830101874
v 0.05300593 0.00316190696 0.00830101874
v 0.0530765615 0.00158166804 0.00830101874
v 0.0531001016 0 0.00830101874
v 0.0530765615 -0.00158166804 0.00830101874
v 0.05300593 -0.00316190696 0.00830101874
v 0.0528882109 -0.00473934412 0.00830101874
v 0.0527235791 -0.00631260779 0.00830101874
v 0.0525121614 -0.00788026955 0.00830101874
v 0.0522541404 -0.00944095757 0.00830101874
v 0.0519497283 -0.0109932404 0.00830101874
v 0.0515992008 -0.0125357499 0.00830101874
v 0.0512028895 -0.0140671702 0.00830101874
v 0.0507611595 -0.0155860698 0.00830101874
v 0.0502744317 -0.0170911495 0.00830101874
v 0.0497429892 -0.0185810905 0.00830101874
v 0.0491674505 -0.0200545099 0.00830101874
v 0.0485482812 -0.0215101205 0.00830101874
v 0.0478860699 -0.0229466502 0.00830101874
v 0.0471813008 -0.0243628602 0.00830101874
v 0.0464347005 -0.0257574301 0.00830101874
v 0.0456468388 -0.0271291099 0.00830101874
v 0.0448185205 -0.0284767691 0.00830101874
v 0.0439503714 -0.0297991 0.00830101874
v 0.0430432484 -0.0310950205 0.00830101874
v 0.0420979783 -0.0323632918 0.00830101874
v 0.0411152802 -0.0336028896 0.00830101874
v 0.04009616 -0.0348126814 0.00830101874
v 0.0390413888 -0.0359915383 0.00830101874
v 0.0379519984 -0.0371385217 0.00830101874
v 0.0368289314 -0.0382524692 0.00830101874
v 0.0356732011 -0.0393325016 0.00830101874
v 0.0344857499 -0.040377669 0.00830101874
v 0.033267729 -0.0413869582 0.00830101874
v 0.0320202112 -0.0423595309 0.00830101874
v 0.0307442509 -0.0432944782 0.00830101874
v 0.0294410493 -0.0441910587 0.00830101874
v 0.0281116907 -0.0450484082 0.00830101874
v 0.0267573502 -0.0458657704 0.00830101874
v 0.0253793001 -0.046642419 0.00830101874
v 0.0239787102 -0.0473777018 0.00830101874
v 0.0225568395 -0.0480709001 0.00830101874
v 0.0211149994 -0.0487214886 0.00830101874
v 0.0196543895 -0.0493288003 0.00830101874
v 0.0181763098 -0.0498923585 0.00830101874
v 0.0166821405 -0.0504116416 0.00830101874
v 0.0151731297 -0.0508861504 0.00830101874
v 0.0136506502 -0.0513155386 0.00830101874
v 0.0121161304 -0.0516993403 0.00830101874
v 0.0105707599 -0.0520372912 0.00830101874
v 0.00901609566 -0.0523291193 0.00830101874
v 0.00745338202 -0.0525744483 0.00830101874
v 0.00588405086 -0.0527731106 0.00830101874
v 0.00430953503 -0.0529249907 0.00830101874
v 0.00273114396 -0.0530298315 0.00830101874
v 0.00272434903 0.05289739 0.00860291719
v 0.00429874612 0.0527927801 0.00860291719
v 0.00586932804 0.0526412688 0.00860291719
v 0.0074347849 0.0524430797 0.00860291719
v 0.00899356604 0.05219841 0.00860291719
v 0.0105443504 0.0519073606 0.00860291719
v 0.0120858504 0.0515702292 0.00860291719
v 0.01361656 0.051187329 0.00860291719
v 0.0151352203 0.05075901 0.00860291719
v 0.0166404806 0.0502856895 0.00860291719
v 0.0181308892 0.0497677289 0.00860291719
v 0.0196052697 0.0492056012 0.00860291719
v 0.0210622493 0.0485997684 0.00860291719
v 0.0225005094 0.0479508005 0.00860291719
v 0.0239188001 0.0472593307 0.00860291719
v 0.0253158808 0.0465258881 0.00860291719
v 0.0266905408 0.0457512103 0.00860291719
v 0.0280414205 0.0449358784 0.00860291719
v 0.0293675009 0.0440806709 0.00860291719
v 0.0306674801 0.0431863591 0.00860291719
v 0.0319402218 0.042253729 0.00860291719
v 0.0331846401 0.0412835404 0.00860291719
v 0.0343996212 0.0402768217 0.00860291719
v 0.0355840884 0.0392342806 0.00860291719
v 0.0367369615 0.0381569192 0.00860291719
v 0.0378572308 0.0370457098 0.00860291719
v 0.0389438793 0.0359016582 0.00860291719
v 0.0399959609 0.0347257182 0.00860291719
v 0.0410125814 0.03351897 0.00860291719
v 0.0419928394 0.0322824717 0.00860291719
v 0.0429357812 0.0310173593 0.00860291719
v 0.0438405797 0.0297246501 0.00860291719
v 0.0447065793 0.0284055993 0.00860291719
v 0.0455328189 0.0270613395 0.00860291719
v 0.0463186987 0.0256930497 0.00860291719
v 0.0470634587 0.0243020002 0.00860291719
v 0.0477664396 0.0228893701 0.00860291719
v 0.0484270416 0.0214564204 0.00860291719
v 0.0490446612 0.0200043898 0.00860291719
v 0.0496187806 0.0185346603 0.00860291719
v 0.050148841 0.0170484707 0.00860291719
v 0.0506343804 0.0155471498 0.00860291719
v 0.0510750413 0.0140319997 0.00860291719
v 0.0514703318 0.01250445 0.00860291719
v 0.0518199801 0.0109657599 0.00860291719
v 0.0521235988 0.00941735506 0.00860291719
v 0.0523809716 0.00786060002 0.00860291719
v 0.0525918603 0.00629687309 0.00860291719
v 0.0527561307 0.00472754193 0.00860291719
v 0.0528734885 0.00315403892 0.00860291719
v 0.0529440008 0.00157767499 0.00860291719
v 0.0529674813 0 0.00860291719
v 0.0529440008 -0.00157767499 0.00860291719
v 0.0528734885 -0.00315403892 0.00860291719
v 0.0527561307 -0.00472754193 0.00860291719
v 0.0525918603 -0.00629687309 0.00860291719
v 0.0523809716 -0.00786060002 0.00860291719
v 0.0521235988 -0.00941735506 0.00860291719
v 0.0518199801 -0.0109657599 0.00860291719
v 0.0514703318 -0.01250445 0.00860291719
v 0.0510750413 -0.0140319997 0.00860291719
v 0.0506343804 -0.0155471498 0.00860291719
v 0.050148841 -0.0170484707 0.00860291719
v 0.0496187806 -0.0185346603 0.00860291719
v 0.0490446612 -0.0200043898 0.00860291719
v 0.0484270416 -0.0214564204 0.00860291719
v 0.0477664396 -0.0228893701 0.00860291719
v 0.0470634587 -0.0243020002 0.00860291719
v 0.0463186987 -0.0256930497 0.00860291719
v 0.0455328189 -0.0270613395 0.00860291719
v 0.0447065793 -0.0284055993 0.00860291719
v 0.0438405797 -0.0297246501 0.00860291719
v 0.0429357812 -0.0310173593 0.00860291719
v 0.0419928394 -0.0322824717 0.00860291719
v 0.0410125814 -0.03351897 0.00860291719
v 0.0399959609 -0.0347257182 0.00860291719
v 0.0389438793 -0.0359016582 0.00860291719
v 0.0378572308 -0.0370457098 0.00860291719
v 0.0367369615 -0.0381569192 0.00860291719
v 0.0355840884 -0.0392342806 0.00860291719
v 0.0343996212 -0.0402768217 0.00860291719
v 0.0331846401 -0.0412835404 0.00860291719
v 0.0319402218 -0.042253729 0.00860291719
v 0.0306674801 -0.0431863591 0.00860291719
v 0.0293675009 -0.0440806709 0.00860291719
v 0.0280414205 -0.0449358784 0.00860291719
v 0.0266905408 -0.0457512103 0.00860291719
v 0.0253158808 -0.0465258881 0.00860291719
v 0.0239188001 -0.0472593307 0.00860291719
v 0.0225005094 -0.0479508005 0.00860291719
v 0.0210622493 -0.0485997684 0.00860291719
v 0.0196052697 -0.0492056012 0.00860291719
v 0.0181308892 -0.0497677289 0.00860291719
v 0.0166404806 -0.0502856895 0.00860291719
v 0.0151352203 -0.05075901 0.00860291719
v 0.01361656 -0.051187329 0.00860291719
v 0.0120858504 -0.0515702292 0.00860291719
v 0.0105443504 -0.0519073606 0.00860291719
v 0.00899356604 -0.05219841 0.00860291719
v 0.0074347849 -0.0524430797 0.00860291719
v 0.00586932804 -0.0526412688 0.00860291719
v 0.00429874612 -0.0527927801 0.00860291719
v 0.00272434903 -0.05289739 0.00860291719
v 0.00271552801 0.0527263805 0.00888472702
v 0.00428485777 0.0526221283 0.00888472702
v 0.00585037377 0.0524711609 0.00888472702
v 0.00741070509 0.0522735715 0.00888472702
v 0.00896447804 0.0520296618 0.00888472702
v 0.0105103198 0.0517395698 0.00888472702
v 0.0120467497 0.0514035188 0.00888472702
v 0.0135725699 0.0510218702 0.00888472702
v 0.0150862904 0.0505949818 0.00888472702
v 0.0165866595 0.0501231514 0.00888472702
v 0.0180722997 0.0496068485 0.00888472702
v 0.0195419099 0.049046509 0.00888472702
v 0.0209941808 0.0484426618 0.00888472702
v 0.0224277899 0.0477958284 0.00888472702
v 0.0238415003 0.0471065603 0.00888472702
v 0.0252340995 0.0463755094 0.00888472702
v 0.0266042296 0.0456032716 0.00888472702
v 0.0279508196 0.0447906218 0.00888472702
v 0.0292725507 0.0439381488 0.00888472702
v 0.0305683594 0.0430467688 0.00888472702
v 0.0318369791 0.0421171114 0.00888472702
v 0.0330774114 0.041150149 0.00888472702
v 0.0342884585 0.0401465818 0.00888472702
v 0.0354690515 0.0391074382 0.00888472702
v 0.0366181694 0.0380336009 0.00888472702
v 0.0377348587 0.0369259715 0.00888472702
v 0.0388180017 0.0357856117 0.00888472702
v 0.0398666784 0.0346134901 0.00888472702
v 0.0408800207 0.0334106013 0.00888472702
v 0.04185706 0.0321781598 0.00888472702
v 0.0427969582 0.0309171006 0.00888472702
v 0.0436988994 0.0296285693 0.00888472702
v 0.0445620418 0.02831381 0.00888472702
v 0.0453856513 0.0269738995 0.00888472702
v 0.0461689793 0.0256100204 0.00888472702
v 0.0469112918 0.0242234394 0.00888472702
v 0.0476120114 0.0228154007 0.00888472702
v 0.0482705198 0.0213870406 0.00888472702
v 0.0488861203 0.0199397802 0.00888472702
v 0.0494583808 0.0184747502 0.00888472702
v 0.0499867201 0.0169933401 0.00888472702
v 0.0504706986 0.0154969003 0.00888472702
v 0.050909929 0.0139866397 0.00888472702
v 0.051303979 0.01246404 0.00888472702
v 0.0516524315 0.0109302904 0.00888472702
v 0.0519551001 0.00938689709 0.00888472702
v 0.0522116385 0.00783520937 0.00888472702
v 0.0524218604 0.00627648784 0.00888472702
v 0.0525856018 0.00471222401 0.00888472702
v 0.0527025983 0.00314378692 0.00888472702
v 0.0527728684 0.00157260802 0.00888472702
v 0.0527963005 0 0.00888472702
v 0.0527728684 -0.00157260802 0.00888472702
v 0.0527025983 -0.00314378692 0.00888472702
v 0.0525856018 -0.00471222401 0.00888472702
v 0.0524218604 -0.00627648784 0.00888472702
v 0.0522116385 -0.00783520937 0.00888472702
v 0.0519551001 -0.00938689709 0.00888472702
v 0.0516524315 -0.0109302904 0.00888472702
v 0.051303979 -0.01246404 0.00888472702
v 0.050909929 -0.0139866397 0.00888472702
v 0.0504706986 -0.0154969003 0.00888472702
v 0.0499867201 -0.0169933401 0.00888472702
v 0.0494583808 -0.0184747502 0.00888472702
v 0.0488861203 -0.0199397802 0.00888472702
v 0.0482705198 -0.0213870406 0.00888472702
v 0.0476120114 -0.0228154007 0.00888472702
v 0.0469112918 -0.0242234394 0.00888472702
v 0.0461689793 -0.0256100204 0.00888472702
v 0.0453856513 -0.0269738995 0.00888472702
v 0.0445620418 -0.02831381 0.00888472702
v 0.0436988994 -0.0296285693 0.00888472702
v 0.0427969582 -0.0309171006 0.00888472702
v 0.04185706 -0.0321781598 0.00888472702
v 0.0408800207 -0.0334106013 0.00888472702
v 0.0398666784 -0.0346134901 0.00888472702
v 0.0388180017 -0.0357856117 0.00888472702
v 0.0377348587 -0.0369259715 0.00888472702
v 0.0366181694 -0.0380336009 0.00888472702
v 0.0354690515 -0.0391074382 0.00888472702
v 0.0342884585 -0.0401465818 0.00888472702
v 0.0330774114 -0.041150149 0.00888472702
v 0.0318369791 -0.0421171114 0.00888472702
v 0.0305683594 -0.0430467688 0.00888472702
v 0.0292725507 -0.0439381488 0.00888472702
v 0.0279508196 -0.0447906218 0.00888472702
v 0.0266042296 -0.0456032716 0.00888472702
v 0.0252340995 -0.0463755094 0.00888472702
v 0.0238415003 -0.0471065603 0.00888472702
v 0.0224277899 -0.0477958284 0.00888472702
v 0.0209941808 -0.0484426618 0.00888472702
v 0.0195419099 -0.049046509 0.00888472702
v 0.0180722997 -0.0496068485 0.00888472702
v 0.0165866595 -0.0501231514 0.00888472702
v 0.0150862904 -0.0505949818 0.00888472702
v 0.0135725699 -0.0510218702 0.00888472702
v 0.0120467497 -0.0514035188 0.00888472702
v 0.0105103198 -0.0517395698 0.00888472702
v 0.00896447804 -0.0520296618 0.00888472702
v 0.00741070509 -0.0522735715 0.00888472702
v 0.00585037377 -0.0524711609 0.00888472702
v 0.00428485777 -0.0526221283 0.00888472702
v 0.00271552801 -0.0527263805 0.00888472702
v 0.00270485808 0.0525198504 0.00914156437
v 0.00426805019 0.0524160191 0.00914156437
v 0.00582748605 0.0522655807 0.00914156437
v 0.00738167716 0.0520688184 0.00914156437
v 0.0089293709 0.051825881 0.00914156437
v 0.0104691302 0.0515368506 0.00914156437
v 0.0119995996 0.0512021706 0.00914156437
v 0.0135193998 0.0508220084 0.00914156437
v 0.0150272204 0.0503968 0.00914156437
v 0.0165216904 0.04992681 0.00914156437
v 0.0180014893 0.0494125411 0.00914156437
v 0.0194653794 0.0488544106 0.00914156437
v 0.0209119301 0.0482529402 0.00914156437
v 0.0223399401 0.0476086102 0.00914156437
v 0.0237480905 0.0469220206 0.00914156437
v 0.0251352098 0.0461938307 0.00914156437
v 0.0265000407 0.0454246886 0.00914156437
v 0.0278413203 0.0446151383 0.00914156437
v 0.0291578695 0.0437660813 0.00914156437
v 0.03044861 0.0428781509 0.00914156437
v 0.0317122899 0.0419521295 0.00914156437
v 0.0329478309 0.0409889184 0.00914156437
v 0.0341541097 0.0399893485 0.00914156437
v 0.0353301093 0.0389542505 0.00914156437
v 0.0364747606 0.0378845893 0.00914156437
v 0.0375870392 0.0367813706 0.00914156437
v 0.0386659503 0.0356454216 0.00914156437
v 0.0397105217 0.0344778784 0.00914156437
v 0.0407198593 0.0332797691 0.00914156437
v 0.0416930914 0.0320520885 0.00914156437
v 0.0426293612 0.0307959896 0.00914156437
v 0.0435277186 0.0295125209 0.00914156437
v 0.0443875082 0.0282028895 0.00914156437
v 0.0452078506 0.0268682204 0.00914156437
v 0.0459881388 0.0255097095 0.00914156437
v 0.0467275307 0.0241285507 0.00914156437
v 0.047425501 0.02272599 0.00914156437
v 0.0480813906 0.0213032905 0.00914156437
v 0.0486946106 0.0198616292 0.00914156437
v 0.0492646582 0.0184023902 0.00914156437
v 0.0497909114 0.0169267599 0.00914156437
v 0.0502730012 0.0154361697 0.00914156437
v 0.0507104918 0.0139318705 0.00914156437
v 0.0511029884 0.0124151697 0.00914156437
v 0.0514501296 0.0108874999 0.00914156437
v 0.0517516099 0.00935012102 0.00914156437
v 0.0520071313 0.00780451205 0.00914156437
v 0.0522165187 0.00625193119 0.00914156437
v 0.0523796007 0.00469380617 0.00914156437
v 0.0524961315 0.0031315079 0.00914156437
v 0.0525661707 0.00156640995 0.00914156437
v 0.0525894687 0 0.00914156437
v 0.0525661707 -0.00156640995 0.00914156437
v 0.0524961315 -0.0031315079 0.00914156437
v 0.0523796007 -0.00469380617 0.00914156437
v 0.0522165187 -0.00625193119 0.00914156437
v 0.0520071313 -0.00780451205 0.00914156437
v 0.0517516099 -0.00935012102 0.00914156437
v 0.0514501296 -0.0108874999 0.00914156437
v 0.0511029884 -0.0124151697 0.00914156437
v 0.0507104918 -0.0139318705 0.00914156437
v 0.0502730012 -0.0154361697 0.00914156437
v 0.0497909114 -0.0169267599 0.00914156437
v 0.0492646582 -0.0184023902 0.00914156437
v 0.0486946106 -0.0198616292 0.00914156437
v 0.0480813906 -0.0213032905 0.00914156437
v 0.047425501 -0.02272599 0.00914156437
v 0.0467275307 -0.0241285507 0.00914156437
v 0.0459881388 -0.0255097095 0.00914156437
v 0.0452078506 -0.0268682204 0.00914156437
v 0.0443875082 -0.0282028895 0.00914156437
v 0.0435277186 -0.0295125209 0.00914156437
v 0.0426293612 -0.0307959896 0.00914156437
v 0.0416930914 -0.0320520885 0.00914156437
v 0.0407198593 -0.0332797691 0.00914156437
v 0.0397105217 -0.0344778784 0.00914156437
v 0.0386659503 -0.0356454216 0.00914156437
v 0.0375870392 -0.0367813706 0.00914156437
v 0.0364747606 -0.0378845893 0.00914156437
v 0.0353301093 -0.0389542505 0.00914156437
v 0.0341541097 -0.0399893485 0.00914156437
v 0.0329478309 -0.0409889184 0.00914156437
v 0.0317122899 -0.0419521295 0.00914156437
v 0.03044861 -0.0428781509 0.00914156437
v 0.0291578695 -0.0437660813 0.00914156437
v 0.0278413203 -0.0446151383 0.00914156437
v 0.0265000407 -0.0454246886 0.00914156437
v 0.0251352098 -0.0461938307 0.00914156437
v 0.0237480905 -0.0469220206 0.00914156437
v 0.0223399401 -0.0476086102 0.00914156437
v 0.0209119301 -0.0482529402 0.00914156437
v 0.0194653794 -0.0488544106 0.00914156437
v 0.0180014893 -0.0494125411 0.00914156437
v 0.0165216904 -0.04992681 0.00914156437
v 0.0150272204 -0.0503968 0.00914156437
v 0.0135193998 -0.0508220084 0.00914156437
v 0.0119995996 -0.0512021706 0.00914156437
v 0.0104691302 -0.0515368506 0.00914156437
v 0.0089293709 -0.051825881 0.00914156437
v 0.00738167716 -0.0520688184 0.00914156437
v 0.00582748605 -0.0522655807 0.00914156437
v 0.00426805019 -0.0524160191 0.00914156437
v 0.00270485808 -0.0525198504 0.00914156437
v 0 -0.0532499515 0.00372427702
v 0 -0.0532499515 0.00551193906
v -0.0285764895 0.0353125893 0.00799995568
v -0.0299999695 0.0354999788 0.00799995568
v -0.0333481394 0.0343634412 0.00799995568
v -0.0354528986 0.0307178404 0.00799995568
v -0.0246874001 0.0314235017 0.00799995568
v -0.0252368394 0.0327499509 0.00799995568
v -0.0261108801 0.0338890515 0.00799995568
v -0.0266517904 0.0343634412 0.00799995568
v -0.02563655 0.0333481394 0.00799995568
v -0.0249186102 0.0321047306 0.00799995568
v -0.0245470405 0.0307178404 0.00799995568
v -0.0244999509 0.0299999695 0.00799995568
v -0.0246874001 0.0285764895 0.00799995568
v -0.0245470405 0.0292820893 0.00799995568
v -0.0249186102 0.0278952103 0.00799995568
v -0.0252368394 0.02724999 0.00799995568
v -0.02563655 0.0266517904 0.00799995568
v -0.0261108801 0.0261108801 0.00799995568
v -0.0266517904 0.02563655 0.00799995568
v -0.02724999 0.0252368394 0.00799995568
v -0.0278952103 0.0249186102 0.00799995568
v -0.0285764895 0.0246874001 0.00799995568
v -0.0292820893 0.0245470405 0.00799995568
v -0.0299999695 0.0244999509 0.00799995568
v -0.0307178404 0.0245470405 0.00799995568
v -0.0314235017 0.0246874001 0.00799995568
v -0.0321047306 0.0249186102 0.00799995568
v -0.0327499509 0.0252368394 0.00799995568
v -0.0333481394 0.02563655 0.00799995568
v -0.0338890515 0.0261108801 0.00799995568
v -0.0343634412 0.0266517904 0.00799995568
v -0.0347630903 0.02724999 0.00799995568
v -0.0350813195 0.0278952103 0.00799995568
v -0.0353125893 0.0285764895 0.00799995568
v -0.0354528986 0.0292820893 0.00799995568
v -0.0354999788 0.0299999695 0.00799995568
v -0.0353125893 0.0314235017 0.00799995568
v -0.0350813195 0.0321047306 0.00799995568
v -0.0343634412 0.0333481394 0.00799995568
v -0.0347630903 0.0327499509 0.00799995568
v -0.0338890515 0.0338890515 0.00799995568
v -0.0327499509 0.0347630903 0.00799995568
v -0.0321047306 0.0350813195 0.00799995568
v -0.0314235017 0.0353125893 0.00799995568
v -0.0307178404 0.0354528986 0.00799995568
v -0.0292820893 0.0354528986 0.00799995568
v -0.0278952103 0.0350813195 0.00799995568
v -0.02724999 0.0347630903 0.00799995568
v 0.02724999 -0.0347630903 0.00799995568
v 0.0266517904 -0.0343634412 0.00799995568
v 0.0261108801 -0.0338890515 0.00799995568
v 0.02563655 -0.0333481394 0.00799995568
v 0.0252368394 -0.0327499509 0.00799995568
v 0.0249186102 -0.0321047306 0.00799995568
v 0.0246874001 -0.0314235017 0.00799995568
v 0.0245470405 -0.0307178404 0.00799995568
v 0.0244999509 -0.0299999695 0.00799995568
v 0.0245470405 -0.0292820893 0.00799995568
v 0.0246874001 -0.0285764895 0.00799995568
v 0.0249186102 -0.0278952103 0.00799995568
v 0.0252368394 -0.02724999 0.00799995568
v 0.02563655 -0.0266517904 0.00799995568
v 0.0261108801 -0.0261108801 0.00799995568
v 0.0266517904 -0.02563655 0.00799995568
v 0.02724999 -0.0252368394 0.00799995568
v 0.0278952103 -0.0249186102 0.00799995568
v 0.0285764895 -0.0246874001 0.00799995568
v 0.0292820893 -0.0245470405 0.00799995568
v 0.0299999695 -0.0244999509 0.00799995568
v 0.0307178404 -0.0245470405 0.00799995568
v 0.0321047306 -0.0249186102 0.00799995568
v 0.0314235017 -0.0246874001 0.00799995568
v 0.0327499509 -0.0252368394 0.00799995568
v 0.0333481394 -0.02563655 0.00799995568
v 0.0338890515 -0.0261108801 0.00799995568
v 0.0343634412 -0.0266517904 0.00799995568
v 0.0347630903 -0.02724999 0.00799995568
v 0.0350813195 -0.0278952103 0.00799995568
v 0.0353125893 -0.0285764895 0.00799995568
v 0.0354528986 -0.0292820893 0.00799995568
v 0.0354528986 -0.0307178404 0.00799995568
v 0.0354999788 -0.0299999695 0.00799995568
v 0.0353125893 -0.0314235017 0.00799995568
v 0.0350813195 -0.0321047306 0.00799995568
v 0.0347630903 -0.0327499509 0.00799995568
v 0.0343634412 -0.0333481394 0.00799995568
v 0.0333481394 -0.0343634412 0.00799995568
v 0.0338890515 -0.0338890515 0.00799995568
v 0.0327499509 -0.0347630903 0.00799995568
v 0.0321047306 -0.0350813195 0.00799995568
v 0.0314235017 -0.0353125893 0.00799995568
v 0.0307178404 -0.0354528986 0.00799995568
v 0.0299999695 -0.0354999788 0.00799995568
v 0.0292820893 -0.0354528986 0.00799995568
v 0.0285764895 -0.0353125893 0.00799995568
v 0.0278952103 -0.0350813195 0.00799995568
v 0.0314235017 0.0353125893 0.00799995568
v 0.0266517904 0.0343634412 0.00799995568
v 0.02724999 0.0347630903 0.00799995568
v 0.0278952103 0.0350813195 0.00799995568
v 0.0285764895 0.0353125893 0.00799995568
v 0.0292820893 0.0354528986 0.00799995568
v 0.0299999695 0.0354999788 0.00799995568
v 0.0307178404 0.0354528986 0.00799995568
v 0.0321047306 0.0350813195 0.00799995568
v 0.0327499509 0.0347630903 0.00799995568
v 0.0333481394 0.0343634412 0.00799995568
v 0.0338890515 0.0338890515 0.00799995568
v 0.0343634412 0.0333481394 0.00799995568
v 0.0347630903 0.0327499509 0.00799995568
v 0.0350813195 0.0321047306 0.00799995568
v 0.0353125893 0.0314235017 0.00799995568
v 0.0354528986 0.0307178404 0.00799995568
v 0.0354999788 0.0299999695 0.00799995568
v 0.0354528986 0.0292820893 0.00799995568
v 0.0353125893 0.0285764895 0.00799995568
v 0.0350813195 0.0278952103 0.00799995568
v 0.0347630903 0.02724999 0.00799995568
v 0.0343634412 0.0266517904 0.00799995568
v 0.0338890515 0.0261108801 0.00799995568
v 0.0333481394 0.02563655 0.00799995568
v 0.0327499509 0.0252368394 0.00799995568
v 0.0321047306 0.0249186102 0.00799995568
v 0.0314235017 0.0246874001 0.00799995568
v 0.0307178404 0.0245470405 0.00799995568
v 0.0299999695 0.0244999509 0.00799995568
v 0.0292820893 0.0245470405 0.00799995568
v 0.0285764895 0.0246874001 0.00799995568
v 0.0278952103 0.0249186102 0.00799995568
v 0.02724999 0.0252368394 0.00799995568
v 0.0266517904 0.02563655 0.00799995568
v 0.0261108801 0.0261108801 0.00799995568
v 0.02563655 0.0266517904 0.00799995568
v 0.0252368394 0.02724999 0.00799995568
v 0.0249186102 0.0278952103 0.00799995568
v 0.0246874001 0.0285764895 0.00799995568
v 0.0245470405 0.0292820893 0.00799995568
v 0.0244999509 0.0299999695 0.00799995568
v 0.0245470405 0.0307178404 0.00799995568
v 0.0246874001 0.0314235017 0.00799995568
v 0.0249186102 0.0321047306 0.00799995568
v 0.0252368394 0.0327499509 0.00799995568
v 0.02563655 0.0333481394 0.00799995568
v 0.0261108801 0.0338890515 0.00799995568
v -0.0249186102 -0.0278952103 0.00799995568
v -0.0252368394 -0.02724999 0.00799995568
v -0.02563655 -0.0266517904 0.00799995568
v -0.0266517904 -0.02563655 0.00799995568
v -0.0292820893 -0.0245470405 0.00799995568
v -0.0314235017 -0.0246874001 0.00799995568
v -0.0327499509 -0.0252368394 0.00799995568
v -0.0327499509 -0.0347630903 0.00799995568
v -0.0321047306 -0.0350813195 0.00799995568
v -0.0333481394 -0.0343634412 0.00799995568
v -0.0338890515 -0.0338890515 0.00799995568
v -0.0343634412 -0.0333481394 0.00799995568
v -0.0347630903 -0.0327499509 0.00799995568
v -0.0350813195 -0.0321047306 0.00799995568
v -0.0353125893 -0.0314235017 0.00799995568
v -0.0354528986 -0.0307178404 0.00799995568
v -0.0354999788 -0.0299999695 0.00799995568
v -0.0354528986 -0.0292820893 0.00799995568
v -0.0353125893 -0.0285764895 0.00799995568
v -0.0347630903 -0.02724999 0.00799995568
v -0.0350813195 -0.0278952103 0.00799995568
v -0.0343634412 -0.0266517904 0.00799995568
v -0.0338890515 -0.0261108801 0.00799995568
v -0.0333481394 -0.02563655 0.00799995568
v -0.0321047306 -0.0249186102 0.00799995568
v -0.0307178404 -0.0245470405 0.00799995568
v -0.0299999695 -0.0244999509 0.00799995568
v -0.0285764895 -0.0246874001 0.00799995568
v -0.0278952103 -0.0249186102 0.00799995568
v -0.02724999 -0.0252368394 0.00799995568
v -0.0261108801 -0.0261108801 0.00799995568
v -0.0246874001 -0.0285764895 0.00799995568
v -0.0245470405 -0.0292820893 0.00799995568
v -0.0244999509 -0.0299999695 0.00799995568
v -0.0245470405 -0.0307178404 0.00799995568
v -0.0246874001 -0.0314235017 0.00799995568
v -0.0249186102 -0.0321047306 0.00799995568
v -0.0252368394 -0.0327499509 0.00799995568
v -0.02563655 -0.0333481394 0.00799995568
v -0.0261108801 -0.0338890515 0.00799995568
v -0.0266517904 -0.0343634412 0.00799995568
v -0.02724999 -0.0347630903 0.00799995568
v -0.0278952103 -0.0350813195 0.00799995568
v -0.0285764895 -0.0353125893 0.00799995568
v -0.0292820893 -0.0354528986 0.00799995568
v -0.0299999695 -0.0354999788 0.00799995568
v -0.0307178404 -0.0354528986 0.00799995568
v -0.0314235017 -0.0353125893 0.00799995568
v -0.0294961892 -0.0136463596 0.0584999882
v -0.0268998705 -0.0182385407 0.0584999882
v -0.0247702505 -0.0210400205 0.0584999882
v -0.00175946904 -0.0324522816 0.0584999882
v 0 -0.0324999616 0.0584999882
v -0.00351381302 -0.0323094688 0.0584999882
v -0.00525790406 -0.0320718214 0.0584999882
v -0.0069864979 -0.0317401215 0.0584999882
v -0.00869464781 -0.0313153192 0.0584999882
v -0.0103772804 -0.0307987295 0.0584999882
v -0.0120294597 -0.0301917102 0.0584999882
v -0.0136463596 -0.0294961892 0.0584999882
v -0.01522326 -0.0287141204 0.0584999882
v -0.0167554598 -0.0278478209 0.0584999882
v -0.0182385407 -0.0268998705 0.0584999882
v -0.01966816 -0.0258729998 0.0584999882
v -0.0210400205 -0.0247702505 0.0584999882
v -0.0223501902 -0.0235948507 0.0584999882
v -0.0235948507 -0.0223501902 0.0584999882
v -0.0258729998 -0.01966816 0.0584999882
v -0.0278478209 -0.0167554598 0.0584999882
v -0.0287141204 -0.01522326 0.0584999882
v -0.0301917102 -0.0120294597 0.0584999882
v -0.0307987295 -0.0103772804 0.0584999882
v -0.0313153192 -0.00869464781 0.0584999882
v -0.0317401215 -0.0069864979 0.0584999882
v -0.0320718214 -0.00525790406 0.0584999882
v -0.0323094688 -0.00351381302 0.0584999882
v -0.0324999616 0 0.0584999882
v -0.0324522816 -0.00175946904 0.0584999882
v -0.0324522816 0.00175946904 0.0584999882
v -0.0323094688 0.00351381302 0.0584999882
v -0.0317401215 0.0069864979 0.0584999882
v -0.0320718214 0.00525790406 0.0584999882
v -0.0313153192 0.00869464781 0.0584999882
v -0.0307987295 0.0103772804 0.0584999882
v -0.0301917102 0.0120294597 0.0584999882
v -0.0294961892 0.0136463596 0.0584999882
v -0.0287141204 0.01522326 0.0584999882
v -0.0278478209 0.0167554598 0.0584999882
v -0.0268998705 0.0182385407 0.0584999882
v -0.0258729998 0.01966816 0.0584999882
v -0.0247702505 0.0210400205 0.0584999882
v -0.0235948507 0.0223501902 0.0584999882
v -0.0223501902 0.0235948507 0.0584999882
v -0.0210400205 0.0247702505 0.0584999882
v -0.01966816 0.0258729998 0.0584999882
v -0.0182385407 0.0268998705 0.0584999882
v -0.0167554598 0.0278478209 0.0584999882
v -0.01522326 0.0287141204 0.0584999882
v -0.0136463596 0.0294961892 0.0584999882
v -0.0120294597 0.0301917102 0.0584999882
v -0.00869464781 0.0313153192 0.0584999882
v -0.0103772804 0.0307987295 0.0584999882
v -0.0069864979 0.0317401215 0.0584999882
v -0.00525790406 0.0320718214 0.0584999882
v -0.00351381302 0.0323094688 0.0584999882
v -0.00175946904 0.0324522816 0.0584999882
v 0 0.0324999616 0.0584999882
v 0.00175946904 -0.0324522816 0.0584999882
v 0.00351381302 -0.0323094688 0.0584999882
v 0.00525790406 -0.0320718214 0.0584999882
v 0.0069864979 -0.0317401215 0.0584999882
v 0.00869464781 -0.0313153192 0.0584999882
v 0.0103772804 -0.0307987295 0.0584999882
v 0.0120294597 -0.0301917102 0.0584999882
v 0.0136463596 -0.0294961892 0.0584999882
v 0.01522326 -0.0287141204 0.0584999882
v 0.0167554598 -0.0278478209 0.0584999882
v 0.0182385407 -0.0268998705 0.0584999882
v 0.01966816 -0.0258729998 0.0584999882
v 0.0210400205 -0.0247702505 0.0584999882
v 0.0223501902 -0.0235948507 0.0584999882
v 0.0235948507 -0.0223501902 0.0584999882
v 0.0247702505 -0.0210400205 0.0584999882
v 0.0258729998 -0.01966816 0.0584999882
v 0.0268998705 -0.0182385407 0.0584999882
v 0.0278478209 -0.0167554598 0.0584999882
v 0.0287141204 -0.01522326 0.0584999882
v 0.0294961892 -0.0136463596 0.0584999882
v 0.0301917102 -0.0120294597 0.0584999882
v 0.0307987295 -0.0103772804 0.0584999882
v 0.0313153192 -0.00869464781 0.0584999882
v 0.0317401215 -0.0069864979 0.0584999882
v 0.0320718214 -0.00525790406 0.0584999882
v 0.0323094688 -0.00351381302 0.0584999882
v 0.0324522816 -0.00175946904 0.0584999882
v 0.0324999616 0 0.0584999882
v 0.0324522816 0.00175946904 0.0584999882
v 0.0323094688 0.00351381302 0.0584999882
v 0.0320718214 0.00525790406 0.0584999882
v 0.0317401215 0.0069864979 0.0584999882
v 0.0313153192 0.00869464781 0.0584999882
v 0.0307987295 0.0103772804 0.0584999882
v 0.0301917102 0.0120294597 0.0584999882
v 0.0294961892 0.0136463596 0.0584999882
v 0.0287141204 0.01522326 0.0584999882
v 0.0278478209 0.0167554598 0.0584999882
v 0.0268998705 0.0182385407 0.0584999882
v 0.0258729998 0.01966816 0.0584999882
v 0.0247702505 0.0210400205 0.0584999882
v 0.0235948507 0.0223501902 0.0584999882
v 0.0223501902 0.0235948507 0.0584999882
v 0.0210400205 0.0247702505 0.0584999882
v 0.01966816 0.0258729998 0.0584999882
v 0.0182385407 0.0268998705 0.0584999882
v 0.0167554598 0.0278478209 0.0584999882
v 0.01522326 0.0287141204 0.0584999882
v 0.0136463596 0.0294961892 0.0584999882
v 0.0120294597 0.0301917102 0.0584999882
v 0.0103772804 0.0307987295 0.0584999882
v 0.00869464781 0.0313153192 0.0584999882
v 0.0069864979 0.0317401215 0.0584999882
v 0.00525790406 0.0320718214 0.0584999882
v 0.00351381302 0.0323094688 0.0584999882
v 0.00175946904 0.0324522816 0.0584999882
v 0 0 0.0584999882
f 1 2 3
f 4 5 6
f 7 8 9
f 10 11 12
f 13 14 15
f 16 17 18
f 19 20 21
f 22 23 24
f 25 26 27
f 28 29 30
f 31 32 33
f 34 35 36
f 37 38 39
f 40 41 42
f 43 44 45
f 46 47 48
f 49 50 51
f 52 53 54
f 55 56 57
f 58 59 60
f 61 62 63
f 64 65 66
f 67 68 69
f 70 71 72
f 73 74 75
f 76 77 78
f 79 80 81
f 82 83 84
f 85 86 87
f 88 89 90
f 91 92 93
f 94 95 96
f 96 95 21
f 20 97 21
f 21 97 98
f 21 98 96
f 99 100 101
f 101 100 102
f 101 102 103
f 104 105 102
f 102 105 106
f 102 106 103
f 89 107 90
f 90 107 108
f 90 108 109
f 109 108 110
f 109 110 104
f 104 110 111
f 104 111 105
f 112 113 114
f 114 113 87
f 114 87 115
f 115 87 86
f 116 117 118
f 118 117 119
f 120 121 117
f 117 121 122
f 117 122 119
f 123 124 120
f 120 124 125
f 125 126 120
f 120 126 127
f 120 127 121
f 80 128 81
f 81 128 129
f 81 129 130
f 131 132 133
f 133 132 134
f 135 136 133
f 133 136 137
f 133 137 131
f 138 139 135
f 139 138 140
f 140 138 141
f 140 141 142
f 143 144 145
f 145 144 146
f 145 146 141
f 141 146 147
f 141 147 142
f 143 145 148
f 148 145 149
f 148 149 150
f 150 149 151
f 151 149 152
f 151 152 153
f 153 152 154
f 154 152 155
f 154 155 156
f 156 155 157
f 157 155 158
f 157 158 159
f 160 161 162
f 162 161 163
f 162 163 158
f 158 163 164
f 158 164 159
f 160 162 165
f 165 162 166
f 165 166 167
f 168 169 166
f 166 169 170
f 166 170 167
f 171 172 173
f 173 172 174
f 173 174 168
f 168 174 175
f 168 175 169
f 171 173 176
f 176 173 177
f 176 177 178
f 179 180 181
f 181 180 182
f 181 182 177
f 177 182 183
f 177 183 178
f 179 181 184
f 184 181 185
f 184 185 186
f 186 185 187
f 187 185 188
f 187 188 189
f 76 190 77
f 77 190 191
f 77 191 188
f 188 191 192
f 188 192 189
f 193 194 195
f 195 194 196
f 193 197 194
f 194 197 198
f 194 198 78
f 78 198 199
f 78 199 76
f 196 194 200
f 200 194 201
f 200 201 202
f 202 201 203
f 202 203 204
f 205 206 204
f 204 206 207
f 204 207 202
f 74 208 75
f 75 208 209
f 75 209 210
f 210 209 211
f 210 211 212
f 73 75 213
f 213 75 214
f 213 214 215
f 216 217 218
f 218 217 219
f 219 217 220
f 220 217 221
f 220 221 222
f 222 221 223
f 223 221 224
f 223 224 225
f 226 227 228
f 228 227 229
f 228 229 224
f 224 229 230
f 224 230 225
f 231 232 233
f 233 232 226
f 233 226 234
f 234 226 228
f 235 236 237
f 237 236 238
f 237 238 239
f 240 241 242
f 242 241 235
f 243 244 245
f 246 247 248
f 248 247 249
f 248 249 250
f 251 252 72
f 72 252 253
f 72 253 254
f 72 71 251
f 251 71 255
f 251 255 256
f 256 257 251
f 251 257 258
f 251 258 259
f 260 261 262
f 260 262 263
f 259 258 262
f 262 258 264
f 262 264 263
f 261 265 262
f 262 265 266
f 262 266 267
f 268 269 72
f 270 271 272
f 272 271 273
f 272 273 274
f 268 72 275
f 274 276 272
f 272 276 277
f 272 277 72
f 72 277 278
f 72 278 275
f 269 279 72
f 72 279 280
f 72 280 281
f 281 282 72
f 72 282 283
f 72 283 284
f 284 285 72
f 72 285 286
f 72 286 70
f 287 288 289
f 289 288 290
f 289 290 291
f 291 292 289
f 289 292 293
f 289 293 294
f 294 295 289
f 289 295 296
f 289 296 272
f 272 296 297
f 272 297 298
f 298 299 272
f 272 299 300
f 272 300 270
f 301 302 303
f 303 302 304
f 303 304 305
f 305 306 303
f 303 306 307
f 303 307 308
f 308 309 303
f 303 309 310
f 303 310 311
f 311 312 303
f 303 312 313
f 303 313 287
f 314 315 316
f 316 315 317
f 316 317 301
f 317 318 301
f 301 318 319
f 301 319 320
f 320 321 301
f 301 321 322
f 301 322 323
f 323 324 301
f 301 324 325
f 301 325 302
f 326 327 328
f 328 327 329
f 330 331 316
f 331 332 316
f 316 332 333
f 316 333 314
f 334 335 336
f 336 335 337
f 336 337 338
f 338 339 336
f 336 339 340
f 336 340 341
f 342 343 328
f 328 343 344
f 328 344 326
f 345 346 347
f 347 348 349
f 349 350 347
f 347 350 351
f 347 351 352
f 352 353 347
f 347 353 354
f 347 354 345
f 355 356 69
f 69 356 357
f 357 358 69
f 69 358 359
f 69 359 360
f 361 362 363
f 363 362 364
f 363 364 365
f 365 366 363
f 363 366 367
f 363 367 368
f 368 369 363
f 363 369 370
f 363 370 371
f 371 372 363
f 363 372 373
f 363 373 374
f 374 375 363
f 363 375 376
f 363 376 377
f 377 378 363
f 363 378 379
f 363 379 380
f 380 381 363
f 363 381 382
f 363 382 347
f 347 382 383
f 347 383 348
f 384 385 68
f 384 68 386
f 385 387 68
f 68 387 388
f 68 388 389
f 389 390 68
f 68 390 391
f 68 391 392
f 392 393 68
f 68 393 394
f 68 394 69
f 69 394 395
f 69 395 355
f 396 397 398
f 398 397 399
f 396 400 397
f 397 400 401
f 397 401 402
f 402 403 397
f 397 403 404
f 397 404 405
f 405 404 406
f 405 406 68
f 68 406 407
f 68 407 386
f 408 399 409
f 409 399 397
f 409 397 410
f 410 397 405
f 67 69 411
f 411 69 412
f 411 412 413
f 413 412 414
f 413 414 415
f 416 417 418
f 418 417 419
f 418 419 420
f 420 419 421
f 420 421 414
f 414 421 422
f 414 422 415
f 416 418 423
f 423 418 424
f 423 424 425
f 425 424 426
f 425 426 427
f 428 429 430
f 430 429 431
f 430 431 432
f 428 433 429
f 429 433 434
f 429 434 435
f 436 437 438
f 438 437 439
f 438 439 440
f 440 439 441
f 440 441 442
f 442 441 443
f 444 445 446
f 444 446 447
f 447 446 448
f 447 448 449
f 448 450 449
f 449 450 451
f 449 451 452
f 452 451 453
f 452 453 454
f 455 456 452
f 452 456 457
f 452 457 449
f 458 459 460
f 460 459 461
f 460 461 462
f 462 461 463
f 461 464 463
f 463 464 465
f 463 465 466
f 466 465 467
f 466 467 468
f 468 467 469
f 468 469 470
f 470 469 471
f 470 471 472
f 472 471 473
f 473 471 64
f 473 64 474
f 474 64 66
f 474 66 475
f 460 455 458
f 458 455 452
f 458 452 476
f 476 452 454
f 477 478 438
f 438 478 479
f 444 436 445
f 445 436 438
f 445 438 480
f 480 438 479
f 440 481 482
f 440 482 438
f 438 482 483
f 438 483 477
f 484 485 486
f 486 485 442
f 486 442 435
f 435 442 443
f 485 487 442
f 442 487 488
f 442 488 440
f 440 488 489
f 440 489 481
f 434 490 435
f 435 490 491
f 435 491 486
f 486 491 492
f 486 492 484
f 431 493 432
f 432 493 427
f 432 427 494
f 494 427 426
f 494 426 495
f 495 426 496
f 424 497 498
f 498 499 424
f 424 499 500
f 424 500 426
f 426 500 501
f 426 501 496
f 502 503 418
f 503 504 418
f 418 504 505
f 418 505 424
f 424 505 506
f 424 506 497
f 507 508 420
f 507 420 509
f 508 510 420
f 420 510 511
f 420 511 418
f 418 511 512
f 418 512 502
f 414 513 514
f 514 515 414
f 414 515 516
f 414 516 420
f 420 516 517
f 420 517 509
f 518 519 412
f 412 519 520
f 520 521 412
f 412 521 522
f 412 522 414
f 414 522 523
f 414 523 513
f 524 525 526
f 527 528 363
f 363 528 529
f 363 529 530
f 530 531 363
f 363 531 532
f 363 532 526
f 526 532 533
f 526 533 524
f 534 535 347
f 347 535 536
f 347 536 537
f 537 538 347
f 347 538 539
f 347 539 540
f 540 541 347
f 347 541 542
f 347 542 363
f 363 542 543
f 363 543 527
f 346 334 347
f 347 334 336
f 347 336 534
f 534 336 544
f 534 544 545
f 545 544 546
f 547 544 548
f 548 544 63
f 548 63 549
f 549 63 62
f 547 550 544
f 544 550 551
f 544 551 552
f 552 553 544
f 544 553 554
f 544 554 546
f 555 556 63
f 59 557 60
f 60 557 558
f 60 558 63
f 63 558 559
f 63 559 555
f 556 560 63
f 63 560 561
f 63 561 61
f 562 563 564
f 564 563 565
f 565 566 564
f 564 566 567
f 564 567 60
f 60 567 568
f 60 568 58
f 569 570 571
f 571 570 572
f 573 574 564
f 564 574 575
f 564 575 562
f 576 577 578
f 576 578 571
f 571 578 579
f 571 579 569
f 580 581 582
f 582 581 583
f 582 583 584
f 584 583 585
f 586 55 587
f 56 585 57
f 57 585 583
f 57 583 588
f 588 583 581
f 588 581 589
f 589 581 590
f 591 592 593
f 593 592 594
f 593 594 595
f 595 594 596
f 595 596 597
f 597 596 598
f 597 598 599
f 586 587 600
f 600 587 601
f 600 601 602
f 602 601 603
f 602 603 604
f 604 603 605
f 604 605 606
f 606 605 607
f 606 607 608
f 608 607 609
f 608 609 610
f 611 612 613
f 613 612 614
f 613 614 615
f 615 614 616
f 615 616 617
f 617 616 618
f 617 618 619
f 619 618 620
f 619 620 621
f 622 623 624
f 621 623 625
f 625 623 622
f 625 622 626
f 627 626 628
f 628 626 622
f 628 622 49
f 49 622 624
f 49 624 50
f 629 627 630
f 630 627 628
f 630 628 631
f 631 628 49
f 631 49 632
f 632 49 51
f 632 51 633
f 634 629 635
f 635 629 630
f 635 630 636
f 636 630 631
f 636 631 637
f 637 631 632
f 637 632 638
f 638 632 633
f 638 633 639
f 52 54 640
f 640 54 641
f 640 641 642
f 642 641 643
f 642 643 42
f 580 53 581
f 581 53 52
f 581 52 590
f 590 52 640
f 590 640 644
f 644 640 642
f 644 642 645
f 645 642 42
f 645 42 646
f 646 42 41
f 55 57 587
f 587 57 588
f 587 588 601
f 601 588 589
f 601 589 603
f 603 589 590
f 603 590 605
f 605 590 644
f 605 644 607
f 607 644 645
f 607 645 609
f 609 645 646
f 609 646 610
f 643 647 42
f 42 647 648
f 42 648 40
f 45 649 650
f 650 649 651
f 650 651 652
f 652 651 653
f 652 653 654
f 654 653 655
f 654 655 656
f 656 655 657
f 656 657 658
f 658 657 659
f 658 659 660
f 43 45 661
f 661 45 650
f 661 650 662
f 662 650 652
f 662 652 591
f 591 652 654
f 591 654 592
f 592 654 656
f 592 656 594
f 594 656 658
f 594 658 596
f 596 658 660
f 596 660 598
f 663 634 664
f 664 634 635
f 664 635 665
f 665 635 636
f 665 636 666
f 666 636 637
f 666 637 667
f 667 637 638
f 667 638 668
f 668 638 639
f 668 639 38
f 38 37 668
f 668 37 669
f 668 669 667
f 667 669 670
f 667 670 666
f 666 670 671
f 666 671 665
f 665 671 46
f 665 46 664
f 664 46 48
f 664 48 663
f 612 599 614
f 614 599 598
f 614 598 616
f 616 598 660
f 616 660 618
f 618 660 659
f 618 659 620
f 620 659 657
f 620 657 672
f 672 657 655
f 672 655 673
f 673 655 653
f 673 653 674
f 674 653 651
f 674 651 675
f 675 651 649
f 675 649 676
f 676 649 45
f 676 45 677
f 677 45 44
f 677 44 678
f 621 620 623
f 623 620 672
f 623 672 624
f 624 672 673
f 624 673 50
f 50 673 674
f 50 674 51
f 51 674 675
f 51 675 633
f 633 675 676
f 633 676 639
f 639 676 677
f 639 677 38
f 38 677 678
f 38 678 39
f 33 32 679
f 679 32 680
f 679 680 681
f 682 681 683
f 683 681 680
f 683 680 684
f 684 680 32
f 684 32 685
f 685 32 31
f 685 31 686
f 33 687 688
f 35 34 689
f 689 34 690
f 689 690 691
f 648 692 40
f 40 692 693
f 40 693 694
f 694 693 695
f 694 695 696
f 696 695 697
f 696 697 690
f 690 697 698
f 690 698 691
f 47 46 699
f 699 46 671
f 699 671 700
f 700 671 670
f 700 670 701
f 701 670 669
f 701 669 36
f 36 669 37
f 36 37 34
f 34 37 39
f 34 39 690
f 690 39 678
f 690 678 696
f 696 678 44
f 696 44 694
f 694 44 43
f 694 43 40
f 40 43 661
f 40 661 41
f 41 661 662
f 41 662 646
f 646 662 591
f 646 591 610
f 610 591 593
f 610 593 608
f 608 593 595
f 608 595 606
f 606 595 597
f 606 597 604
f 604 597 599
f 604 599 602
f 602 599 612
f 602 612 600
f 600 612 611
f 600 611 586
f 329 330 328
f 328 330 316
f 328 316 702
f 303 703 301
f 301 703 704
f 301 704 316
f 316 704 705
f 316 705 702
f 706 707 708
f 708 707 709
f 708 709 710
f 710 709 711
f 710 711 712
f 713 714 715
f 715 714 716
f 715 716 717
f 717 716 718
f 717 718 719
f 719 718 720
f 719 720 721
f 721 720 722
f 721 722 723
f 723 722 724
f 723 724 725
f 724 726 725
f 725 726 727
f 725 727 728
f 729 28 730
f 730 28 30
f 730 30 731
f 731 30 732
f 731 732 711
f 711 732 733
f 711 733 712
f 734 735 736
f 736 735 737
f 738 739 740
f 741 742 743
f 743 742 740
f 743 740 744
f 744 740 739
f 744 739 745
f 741 27 22
f 27 26 22
f 22 26 746
f 22 746 23
f 29 747 30
f 30 747 748
f 30 748 732
f 732 748 749
f 732 749 733
f 733 749 750
f 733 750 712
f 572 573 571
f 571 573 564
f 571 564 751
f 751 564 60
f 751 60 752
f 752 60 63
f 752 63 753
f 753 63 544
f 753 544 702
f 702 544 336
f 702 336 328
f 328 336 341
f 328 341 342
f 33 688 31
f 31 688 754
f 31 754 686
f 686 754 755
f 686 755 756
f 714 682 716
f 716 682 683
f 716 683 718
f 718 683 684
f 718 684 720
f 720 684 685
f 720 685 722
f 722 685 686
f 722 686 724
f 724 686 756
f 724 756 726
f 360 361 69
f 69 361 363
f 69 363 412
f 412 363 526
f 412 526 518
f 518 526 525
f 100 757 102
f 102 757 758
f 102 758 19
f 96 91 94
f 94 91 93
f 94 93 759
f 759 93 760
f 759 760 761
f 109 762 90
f 90 762 113
f 90 113 88
f 88 113 112
f 19 21 102
f 102 21 95
f 102 95 104
f 104 95 763
f 104 763 109
f 109 763 764
f 109 764 762
f 116 85 117
f 117 85 87
f 117 87 765
f 765 87 113
f 765 113 766
f 766 113 762
f 766 762 767
f 767 762 764
f 768 769 770
f 770 769 771
f 767 772 766
f 766 772 773
f 766 773 765
f 765 773 774
f 765 774 117
f 117 774 775
f 117 775 120
f 772 776 773
f 773 776 777
f 773 777 774
f 774 777 778
f 774 778 775
f 775 778 779
f 775 779 120
f 120 779 84
f 120 84 123
f 123 84 83
f 129 82 130
f 130 82 84
f 130 84 780
f 780 84 779
f 780 779 781
f 781 779 778
f 781 778 782
f 782 778 777
f 782 777 783
f 783 777 776
f 771 784 770
f 770 784 785
f 770 785 786
f 786 785 787
f 786 787 788
f 788 787 789
f 788 789 790
f 789 791 790
f 790 791 792
f 790 792 793
f 794 795 796
f 797 798 799
f 799 798 800
f 799 800 801
f 801 800 802
f 801 802 803
f 803 802 804
f 803 804 805
f 805 804 806
f 805 806 807
f 807 806 808
f 807 808 809
f 809 808 810
f 809 810 811
f 811 810 812
f 811 812 813
f 813 812 814
f 813 814 815
f 815 814 816
f 815 816 817
f 818 819 820
f 821 822 823
f 823 822 824
f 823 824 825
f 825 824 826
f 825 826 827
f 827 826 828
f 827 828 829
f 830 16 831
f 831 16 18
f 831 18 832
f 832 18 833
f 832 833 834
f 834 833 835
f 834 835 836
f 836 835 837
f 838 839 840
f 841 842 843
f 843 842 844
f 843 844 845
f 844 846 845
f 845 846 847
f 845 847 848
f 17 13 18
f 18 13 15
f 18 15 833
f 833 15 849
f 833 849 835
f 835 849 850
f 835 850 837
f 837 850 851
f 852 853 854
f 854 853 768
f 854 768 855
f 855 768 770
f 855 770 856
f 856 770 786
f 856 786 857
f 857 786 788
f 857 788 858
f 858 788 790
f 858 790 859
f 859 790 793
f 859 793 860
f 860 793 861
f 860 861 862
f 862 861 863
f 862 863 864
f 864 863 865
f 864 865 866
f 866 865 867
f 866 867 868
f 868 867 869
f 868 797 866
f 866 797 799
f 866 799 864
f 864 799 801
f 864 801 862
f 862 801 803
f 862 803 860
f 860 803 805
f 860 805 859
f 859 805 807
f 859 807 858
f 858 807 809
f 858 809 857
f 857 809 811
f 857 811 856
f 856 811 813
f 856 813 855
f 855 813 815
f 855 815 854
f 854 815 817
f 854 817 852
f 792 794 793
f 793 794 796
f 793 796 861
f 861 796 870
f 861 870 863
f 863 870 871
f 863 871 865
f 865 871 872
f 865 872 867
f 867 872 873
f 867 873 869
f 869 873 874
f 795 875 796
f 796 875 876
f 796 876 870
f 870 876 877
f 870 877 871
f 871 877 878
f 871 878 872
f 872 878 879
f 872 879 873
f 873 879 880
f 873 880 874
f 874 880 881
f 874 881 882
f 882 881 883
f 882 883 884
f 884 883 885
f 884 885 886
f 886 885 887
f 886 887 3
f 888 889 890
f 890 889 891
f 890 891 892
f 892 891 893
f 892 893 894
f 894 893 895
f 894 895 896
f 896 895 897
f 896 897 898
f 898 897 899
f 898 899 900
f 900 899 901
f 900 901 902
f 903 819 888
f 888 819 818
f 888 818 889
f 783 821 782
f 782 821 823
f 782 823 781
f 781 823 825
f 781 825 780
f 780 825 827
f 780 827 130
f 130 827 829
f 130 829 81
f 822 820 824
f 824 820 819
f 824 819 826
f 826 819 903
f 826 903 828
f 828 903 904
f 828 904 829
f 829 904 133
f 829 133 81
f 81 133 134
f 81 134 79
f 2 902 3
f 3 902 901
f 3 901 886
f 886 901 899
f 886 899 884
f 884 899 897
f 884 897 882
f 882 897 895
f 882 895 874
f 874 895 893
f 874 893 869
f 869 893 891
f 869 891 868
f 868 891 889
f 868 889 797
f 797 889 818
f 797 818 798
f 798 818 820
f 798 820 800
f 800 820 822
f 800 822 802
f 802 822 821
f 802 821 804
f 804 821 783
f 804 783 806
f 806 783 776
f 806 776 808
f 808 776 772
f 808 772 810
f 810 772 767
f 810 767 812
f 812 767 764
f 812 764 814
f 814 764 763
f 814 763 816
f 816 763 95
f 816 95 817
f 817 95 94
f 817 94 852
f 852 94 759
f 852 759 853
f 853 759 761
f 853 761 768
f 768 761 905
f 768 905 769
f 847 906 848
f 848 906 907
f 848 907 908
f 907 909 908
f 908 909 910
f 908 910 911
f 839 841 840
f 840 841 843
f 840 843 912
f 912 843 845
f 912 845 913
f 913 845 848
f 913 848 914
f 914 848 908
f 914 908 915
f 915 908 911
f 915 911 916
f 14 917 15
f 15 917 918
f 15 918 849
f 849 918 919
f 849 919 850
f 850 919 920
f 850 920 851
f 851 920 921
f 851 921 922
f 922 921 923
f 922 923 924
f 924 923 925
f 924 925 926
f 927 5 928
f 928 5 4
f 928 4 929
f 930 931 932
f 932 931 933
f 932 933 926
f 875 830 876
f 876 830 831
f 876 831 877
f 877 831 832
f 877 832 878
f 878 832 834
f 878 834 879
f 879 834 836
f 879 836 880
f 880 836 837
f 880 837 881
f 881 837 851
f 881 851 883
f 883 851 922
f 883 922 885
f 885 922 924
f 885 924 887
f 887 924 926
f 887 926 3
f 3 926 933
f 3 933 1
f 1 933 931
f 934 935 936
f 936 935 937
f 936 937 938
f 938 937 939
f 938 939 916
f 910 940 911
f 911 940 941
f 911 941 916
f 916 941 942
f 916 942 938
f 938 942 943
f 938 943 936
f 936 943 944
f 936 944 934
f 934 944 945
f 917 838 918
f 918 838 840
f 918 840 919
f 919 840 912
f 919 912 920
f 920 912 913
f 920 913 921
f 921 913 914
f 921 914 923
f 923 914 915
f 923 915 925
f 925 915 916
f 925 916 926
f 926 916 939
f 926 939 932
f 932 939 937
f 932 937 930
f 930 937 935
f 946 947 948
f 948 947 949
f 948 949 950
f 950 949 951
f 950 951 952
f 927 7 5
f 5 7 9
f 5 9 6
f 6 9 953
f 6 953 954
f 954 953 955
f 954 955 956
f 11 929 12
f 12 929 4
f 12 4 957
f 957 4 6
f 957 6 958
f 958 6 954
f 958 954 959
f 959 954 956
f 959 956 960
f 135 133 138
f 138 133 904
f 138 904 141
f 141 904 903
f 141 903 145
f 145 903 888
f 145 888 149
f 149 888 890
f 149 890 152
f 152 890 892
f 152 892 155
f 155 892 894
f 155 894 158
f 158 894 896
f 158 896 162
f 162 896 898
f 162 898 166
f 166 898 900
f 166 900 168
f 168 900 902
f 168 902 173
f 173 902 2
f 173 2 177
f 177 2 1
f 177 1 181
f 181 1 931
f 181 931 185
f 185 931 930
f 185 930 188
f 188 930 935
f 188 935 77
f 77 935 934
f 77 934 78
f 78 934 945
f 78 945 194
f 941 10 942
f 942 10 12
f 942 12 943
f 943 12 957
f 943 957 944
f 944 957 958
f 944 958 945
f 945 958 959
f 945 959 194
f 194 959 960
f 194 960 201
f 951 961 952
f 952 961 962
f 952 962 963
f 963 962 964
f 963 964 965
f 965 964 966
f 965 966 967
f 967 966 968
f 967 968 969
f 969 968 970
f 969 970 971
f 971 970 972
f 971 972 973
f 973 972 974
f 973 974 975
f 975 974 976
f 975 976 977
f 955 978 956
f 956 978 979
f 956 979 960
f 960 979 980
f 960 980 201
f 201 980 981
f 201 981 203
f 203 981 982
f 203 982 204
f 204 982 983
f 204 983 205
f 205 983 984
f 205 984 985
f 985 984 986
f 985 986 987
f 987 986 988
f 987 988 989
f 215 214 216
f 216 214 990
f 216 990 217
f 217 990 991
f 217 991 221
f 221 991 992
f 221 992 224
f 224 992 993
f 224 993 228
f 228 993 994
f 228 994 234
f 234 994 995
f 234 995 233
f 996 995 997
f 997 995 994
f 997 994 998
f 998 994 993
f 998 993 999
f 999 993 992
f 999 992 1000
f 1000 992 991
f 1000 991 989
f 989 991 990
f 989 990 987
f 987 990 214
f 987 214 985
f 985 214 75
f 985 75 205
f 205 75 210
f 205 210 206
f 206 210 212
f 1001 1002 996
f 996 1002 237
f 996 237 995
f 995 237 239
f 995 239 233
f 233 239 231
f 8 946 9
f 9 946 948
f 9 948 953
f 953 948 950
f 953 950 955
f 955 950 952
f 955 952 978
f 978 952 963
f 978 963 979
f 979 963 965
f 979 965 980
f 980 965 967
f 980 967 981
f 981 967 969
f 981 969 982
f 982 969 971
f 982 971 983
f 983 971 973
f 983 973 984
f 984 973 975
f 984 975 986
f 986 975 977
f 986 977 988
f 988 977 1003
f 988 1003 989
f 989 1003 1004
f 989 1004 1000
f 1000 1004 1005
f 1000 1005 999
f 999 1005 1006
f 999 1006 998
f 998 1006 1007
f 998 1007 997
f 997 1007 1008
f 997 1008 996
f 996 1008 1009
f 996 1009 1001
f 734 736 1010
f 1010 736 1011
f 1010 1011 1012
f 1012 1011 1013
f 1012 1013 1014
f 1014 1013 1015
f 1014 1015 1016
f 1016 1015 1017
f 1016 1017 1018
f 1018 1017 1019
f 1018 1019 1020
f 1020 1019 1021
f 1020 1021 1022
f 1022 1021 1023
f 1022 1023 1024
f 1024 1023 1025
f 1024 1025 1026
f 1026 1025 243
f 1026 243 242
f 242 243 245
f 242 245 240
f 235 237 242
f 242 237 1002
f 242 1002 1026
f 1026 1002 1001
f 1026 1001 1024
f 1024 1001 713
f 1024 713 1022
f 1022 713 715
f 1022 715 1020
f 1020 715 717
f 1020 717 1018
f 1018 717 719
f 1018 719 1016
f 1016 719 721
f 1016 721 1014
f 1014 721 723
f 1014 723 1012
f 1012 723 725
f 1012 725 1010
f 1010 725 728
f 1010 728 734
f 747 25 748
f 748 25 27
f 748 27 749
f 749 27 741
f 749 741 750
f 750 741 743
f 750 743 712
f 712 743 744
f 712 744 710
f 710 744 745
f 710 745 708
f 708 745 1027
f 708 1027 706
f 706 1027 289
f 706 289 1028
f 1028 289 272
f 1028 272 1029
f 1029 272 72
f 1029 72 248
f 248 72 254
f 248 254 246
f 244 243 250
f 250 243 1025
f 250 1025 248
f 248 1025 1023
f 248 1023 1029
f 1029 1023 1021
f 1029 1021 1028
f 1028 1021 1019
f 1028 1019 706
f 706 1019 1017
f 706 1017 707
f 707 1017 1015
f 707 1015 709
f 709 1015 1013
f 709 1013 711
f 711 1013 1011
f 711 1011 731
f 731 1011 736
f 731 736 730
f 730 736 737
f 730 737 729
f 691 1030 689
f 689 1030 687
f 689 687 35
f 35 687 33
f 35 33 36
f 36 33 679
f 36 679 701
f 701 679 681
f 701 681 700
f 700 681 682
f 700 682 699
f 699 682 714
f 699 714 47
f 47 714 713
f 47 713 48
f 48 713 1001
f 48 1001 663
f 663 1001 1009
f 663 1009 634
f 634 1009 1008
f 634 1008 629
f 629 1008 1007
f 629 1007 627
f 627 1007 1006
f 627 1006 626
f 626 1006 1005
f 626 1005 625
f 625 1005 1004
f 625 1004 621
f 621 1004 1003
f 621 1003 619
f 619 1003 977
f 619 977 617
f 617 977 976
f 617 976 615
f 615 976 974
f 615 974 613
f 613 974 972
f 613 972 611
f 611 972 970
f 611 970 586
f 586 970 968
f 586 968 55
f 55 968 966
f 55 966 56
f 56 966 964
f 56 964 585
f 585 964 962
f 585 962 584
f 584 962 961
f 738 740 1031
f 1031 740 742
f 1031 742 1032
f 1032 742 741
f 1032 741 1033
f 1033 741 22
f 1033 22 1034
f 1034 22 24
f 1034 24 1035
f 287 289 303
f 303 289 1027
f 303 1027 703
f 703 1027 745
f 703 745 704
f 704 745 739
f 704 739 705
f 705 739 738
f 705 738 702
f 702 738 1031
f 702 1031 753
f 753 1031 1032
f 753 1032 752
f 752 1032 1033
f 752 1033 751
f 751 1033 1034
f 751 1034 571
f 571 1034 1035
f 571 1035 576
f 1036 1037 1038
f 1038 1037 1039
f 1040 1041 1036
f 1041 1040 1042
f 1043 1044 1045
f 1044 1043 1046
f 1045 1047 1048
f 1049 1050 1051
f 1052 1053 1054
f 1055 1056 1057
f 1058 1059 1060
f 1061 1062 1063
f 1064 1065 1066
f 756 755 1067
f 1068 1069 1070
f 737 735 1071
f 728 727 1072
f 1073 693 692
f 1074 691 698
f 754 688 1075
f 697 695 1076
f 1077 1078 1079
f 1080 1081 1082
f 1083 1084 1085
f 1086 1087 1088
f 1089 1090 1091
f 1092 1093 1094
f 1095 577 576
f 1096 1097 1098
f 1099 1100 1101
f 1102 1103 1104
f 1105 1106 1107
f 1108 1109 1110
f 1111 1112 1113
f 1114 1115 1116
f 1117 1118 1119
f 1117 1119 1120
f 1120 1119 1121
f 1120 1121 1122
f 1123 1124 1125
f 1125 1124 1126
f 1125 1126 1127
f 1127 1126 1128
f 1127 1128 1122
f 1122 1128 1129
f 1122 1129 1120
f 1125 1130 1123
f 1123 1130 1131
f 1123 1131 1132
f 1132 1131 1133
f 1132 1133 1134
f 1134 1133 1135
f 1136 1137 1138
f 1138 1137 1139
f 1138 1139 1135
f 1135 1139 1140
f 1135 1140 1134
f 1136 1141 1142
f 1142 1141 1143
f 1144 1145 1141
f 1141 1145 1146
f 1141 1146 1143
f 1143 1146 1147
f 1143 1147 1148
f 1148 1147 1149
f 1150 1151 1152
f 1152 1151 1153
f 1152 1153 1154
f 1154 1153 1148
f 1154 1148 1155
f 1155 1148 1149
f 1150 1156 1157
f 1157 1156 1158
f 1157 1158 1159
f 1160 1161 1162
f 1162 1161 1163
f 1162 1163 1158
f 1158 1163 1164
f 1158 1164 1159
f 1116 1115 1165
f 1165 1115 1166
f 1165 1166 1167
f 1168 1169 1170
f 1170 1169 1171
f 1170 1171 1172
f 1173 1174 1171
f 1171 1174 1175
f 1171 1175 1172
f 1176 1177 1173
f 1173 1177 1178
f 1173 1178 1174
f 1179 1180 1181
f 1181 1180 1182
f 1181 1182 1176
f 1176 1182 1183
f 1176 1183 1177
f 1184 1185 1186
f 1187 1188 1184
f 1184 1188 1189
f 1184 1189 1185
f 1187 1190 1191
f 1187 1191 1188
f 1188 1191 1192
f 1188 1192 1193
f 1193 1194 1188
f 1188 1194 1195
f 1188 1195 1196
f 1196 1197 1188
f 1188 1197 1198
f 1188 1198 1199
f 1199 1200 1188
f 1188 1200 1201
f 1188 1201 1202
f 1203 1204 1205
f 1202 1206 1188
f 1188 1206 1205
f 1188 1205 1207
f 1207 1205 1204
f 1203 1208 1209
f 1209 1208 1210
f 1209 1210 1211
f 1203 1205 1208
f 1208 1205 1212
f 1208 1212 1213
f 1213 1214 1208
f 1208 1214 1215
f 1208 1215 1216
f 1216 1217 1208
f 1208 1217 1218
f 1208 1218 1210
f 1219 1220 1221
f 1221 1220 1222
f 1222 1223 1221
f 1221 1223 1224
f 1221 1224 1225
f 1225 1226 1221
f 1221 1226 1227
f 1221 1227 1228
f 1228 1229 1221
f 1221 1229 1230
f 1221 1230 1231
f 1231 1232 1221
f 1221 1232 1233
f 1221 1233 1234
f 1234 1235 1221
f 1221 1235 1236
f 1221 1236 1237
f 1237 1238 1221
f 1221 1238 1239
f 1221 1239 1240
f 1241 1242 1187
f 1242 1243 1187
f 1187 1243 1244
f 1187 1244 1245
f 1245 1246 1187
f 1187 1246 1247
f 1187 1247 1190
f 1248 1249 1219
f 1250 1251 1219
f 1250 1219 1252
f 1251 1253 1219
f 1219 1253 1254
f 1219 1254 1248
f 1249 1255 1219
f 1219 1255 1256
f 1219 1256 1220
f 1257 1258 1259
f 1259 1260 1257
f 1257 1260 1261
f 1257 1261 1262
f 1262 1261 1263
f 1263 1264 1262
f 1262 1264 1265
f 1262 1265 1266
f 1266 1267 1262
f 1262 1267 1268
f 1262 1268 1252
f 1269 1270 1257
f 1271 1272 1273
f 1273 1274 1271
f 1271 1274 1275
f 1271 1275 1269
f 1270 1276 1257
f 1257 1276 1277
f 1257 1277 1258
f 1278 1279 1280
f 1280 1279 1281
f 1278 1282 1279
f 1279 1282 1283
f 1279 1283 1284
f 1284 1285 1279
f 1279 1285 1286
f 1279 1286 1271
f 1271 1286 1287
f 1271 1287 1272
f 1288 1289 1290
f 1290 1291 1288
f 1288 1291 1292
f 1288 1292 1293
f 1293 1294 1288
f 1288 1294 1295
f 1288 1295 1296
f 1296 1297 1288
f 1288 1297 1298
f 1288 1298 1279
f 1279 1298 1299
f 1279 1299 1281
f 1300 1301 1302
f 1303 1304 1305
f 1304 1306 1305
f 1305 1306 1307
f 1305 1307 1308
f 1308 1309 1305
f 1305 1309 1310
f 1305 1310 1311
f 1311 1312 1305
f 1305 1312 1313
f 1305 1313 1288
f 1288 1313 1314
f 1288 1314 1289
f 1315 1316 1317
f 1317 1316 1318
f 1317 1318 1319
f 1319 1320 1317
f 1317 1320 1321
f 1317 1321 1322
f 1322 1323 1317
f 1317 1323 1324
f 1317 1324 1325
f 1326 1327 1300
f 1325 1328 1317
f 1317 1328 1329
f 1317 1329 1330
f 1327 1331 1300
f 1300 1331 1332
f 1300 1332 1333
f 1333 1334 1300
f 1300 1334 1335
f 1300 1335 1301
f 1336 1337 1317
f 1317 1337 1338
f 1317 1338 1315
f 1339 1340 1341
f 1341 1340 1342
f 1341 1342 1343
f 1343 1342 1344
f 1343 1344 1345
f 1345 1346 1343
f 1343 1346 1347
f 1343 1347 1348
f 1348 1347 1349
f 1348 1349 1336
f 1336 1349 1350
f 1336 1350 1337
f 1351 1352 1353
f 1353 1354 1351
f 1351 1354 1355
f 1351 1355 1317
f 1317 1355 1356
f 1317 1356 1336
f 1357 1358 1112
f 1112 1358 1359
f 1112 1359 1113
f 1360 1361 1362
f 1362 1361 1363
f 1364 1365 1366
f 1366 1365 1367
f 1366 1367 1368
f 1369 1370 1110
f 1110 1370 1371
f 1110 1371 1108
f 1372 1373 1369
f 1369 1373 1374
f 1369 1374 1370
f 1375 1376 1372
f 1372 1376 1377
f 1372 1377 1373
f 1372 1378 1375
f 1375 1378 1379
f 1375 1379 1380
f 1381 1382 1379
f 1379 1382 1383
f 1379 1383 1380
f 1384 1385 1386
f 1384 1386 1107
f 1107 1386 1387
f 1107 1387 1105
f 1388 1389 1384
f 1384 1389 1390
f 1384 1390 1385
f 1391 1392 1388
f 1388 1392 1393
f 1388 1393 1389
f 1394 1395 1396
f 1394 1396 1397
f 1397 1396 1398
f 1397 1398 1399
f 1399 1400 1397
f 1397 1400 1401
f 1397 1401 1402
f 1104 1103 1394
f 1394 1103 1403
f 1394 1403 1395
f 1404 1405 1406
f 1406 1405 1407
f 1407 1408 1406
f 1406 1408 1409
f 1406 1409 1104
f 1104 1409 1410
f 1104 1410 1102
f 1411 1412 1413
f 1413 1412 1414
f 1413 1414 1404
f 1404 1414 1415
f 1404 1415 1405
f 1101 1100 1413
f 1413 1100 1416
f 1413 1416 1411
f 1417 1418 1419
f 1419 1418 1420
f 1420 1421 1419
f 1419 1421 1422
f 1419 1422 1101
f 1101 1422 1423
f 1101 1423 1099
f 1097 1424 1098
f 1098 1424 1425
f 1098 1425 1417
f 1417 1425 1426
f 1417 1426 1418
f 1427 1428 1429
f 1429 1428 1430
f 1429 1430 1431
f 1427 1432 1428
f 1428 1432 1098
f 1098 1432 1433
f 1098 1433 1096
f 1434 1435 1430
f 1430 1435 1436
f 1430 1436 1431
f 1437 1438 1439
f 1439 1438 1440
f 1439 1440 1434
f 1434 1440 1441
f 1434 1441 1435
f 1442 1443 1444
f 1444 1443 1445
f 1444 1445 1446
f 1442 1447 1443
f 1443 1447 1448
f 1443 1448 1439
f 1439 1448 1449
f 1439 1449 1437
f 1450 1451 1452
f 1452 1451 1453
f 1452 1453 1445
f 1445 1453 1454
f 1445 1454 1446
f 1455 1456 1457
f 1457 1456 1458
f 1457 1458 1459
f 1460 1461 1462
f 1462 1461 1463
f 1462 1463 1464
f 1465 1466 1467
f 1467 1466 1468
f 1469 1470 1471
f 1471 1470 1472
f 1472 1473 1474
f 1475 1476 1477
f 1477 1476 1478
f 1477 1478 1479
f 1480 1481 1482
f 1483 1484 1480
f 1480 1484 1485
f 1480 1485 1481
f 1486 1487 1488
f 1488 1487 1489
f 1488 1489 1490
f 1491 1492 1493
f 1493 1492 1494
f 1494 1486 1493
f 1493 1486 1488
f 1493 1488 1480
f 1480 1488 1490
f 1480 1490 1483
f 1495 1496 1497
f 1497 1496 1498
f 1497 1498 1491
f 1495 1497 1499
f 1499 1497 1500
f 1499 1500 1501
f 1502 1503 1504
f 1504 1503 1505
f 1502 1504 1506
f 1506 1504 1507
f 1506 1507 1508
f 1509 1510 1511
f 1509 1511 1512
f 1513 1514 1515
f 1093 1516 1094
f 1094 1516 1517
f 1094 1517 576
f 576 1517 1518
f 576 1518 1095
f 1092 1094 1519
f 1519 1094 1520
f 1519 1520 1521
f 1070 1522 1523
f 1523 1524 1070
f 1070 1524 1525
f 1070 1525 1526
f 1527 1528 1520
f 1528 1529 1520
f 1520 1529 1530
f 1520 1530 1521
f 1069 1531 1532
f 1532 1533 1069
f 1069 1533 1534
f 1069 1534 1535
f 1535 1536 1069
f 1069 1536 1537
f 1069 1537 1070
f 1070 1537 1538
f 1070 1538 1522
f 1539 1540 1541
f 1541 1540 1542
f 1542 1543 1541
f 1541 1543 1544
f 1541 1544 1545
f 1546 1547 1069
f 1069 1547 1548
f 1069 1548 1531
f 1549 1219 1550
f 1550 1219 1551
f 1549 1552 1219
f 1219 1552 1553
f 1219 1553 1554
f 1554 1555 1219
f 1219 1555 1556
f 1219 1556 1541
f 1541 1556 1557
f 1541 1557 1539
f 1091 1558 1221
f 1221 1558 1559
f 1221 1559 1560
f 1560 1561 1221
f 1221 1561 1562
f 1221 1562 1563
f 1563 1564 1221
f 1221 1564 1565
f 1221 1565 1219
f 1219 1565 1566
f 1219 1566 1551
f 1090 1567 1091
f 1091 1567 1568
f 1091 1568 1558
f 1569 1184 1181
f 1181 1184 1186
f 1181 1186 1179
f 1569 1570 1184
f 1184 1570 1571
f 1184 1571 1572
f 1573 1574 1181
f 1181 1574 1575
f 1181 1575 1569
f 1173 1576 1176
f 1176 1576 1577
f 1176 1577 1578
f 1578 1579 1176
f 1176 1579 1580
f 1176 1580 1581
f 1581 1582 1176
f 1176 1582 1583
f 1176 1583 1181
f 1181 1583 1584
f 1181 1584 1573
f 1585 1586 1173
f 1173 1586 1587
f 1173 1587 1576
f 1588 1589 1171
f 1171 1589 1590
f 1171 1590 1173
f 1173 1590 1591
f 1173 1591 1585
f 1592 1593 1169
f 1169 1593 1594
f 1169 1594 1171
f 1171 1594 1595
f 1171 1595 1588
f 1167 1166 1168
f 1168 1166 1596
f 1168 1596 1169
f 1169 1596 1597
f 1169 1597 1592
f 1598 1599 1600
f 1600 1599 1601
f 1601 1602 1600
f 1600 1602 1603
f 1600 1603 1604
f 1605 1162 1606
f 1606 1162 1158
f 1606 1158 1607
f 1607 1158 1608
f 1605 1598 1162
f 1162 1598 1600
f 1162 1600 1160
f 1160 1600 1604
f 1160 1604 1116
f 1116 1604 1609
f 1116 1609 1114
f 1610 1611 1156
f 1156 1611 1612
f 1156 1612 1158
f 1158 1612 1613
f 1158 1613 1608
f 1150 1152 1156
f 1156 1152 1614
f 1156 1614 1610
f 1136 1138 1141
f 1141 1138 1615
f 1141 1615 1144
f 1616 1087 1617
f 1617 1087 1086
f 1617 1086 1618
f 1619 1620 1621
f 1621 1620 1622
f 1621 1622 1623
f 1623 1622 1624
f 1623 1624 1625
f 1625 1624 1626
f 1625 1626 1627
f 1627 1626 1628
f 1627 1628 1088
f 1088 1628 1629
f 1088 1629 1086
f 1086 1629 1630
f 1086 1630 1618
f 1618 1630 1631
f 1618 1631 1632
f 1084 1633 1634
f 1635 1636 1637
f 1638 1639 1640
f 1640 1639 1641
f 1640 1641 1642
f 1642 1641 1643
f 1642 1643 1083
f 1083 1085 1642
f 1642 1085 1644
f 1642 1644 1640
f 1640 1644 1645
f 1640 1645 1638
f 1084 1634 1085
f 1085 1634 1646
f 1085 1646 1644
f 1644 1646 1647
f 1644 1647 1645
f 1645 1647 1648
f 1645 1648 1638
f 1619 1649 1650
f 1650 1649 1651
f 1650 1651 1652
f 1080 1082 1653
f 1654 1655 1656
f 1656 1655 1657
f 1656 1657 1658
f 1658 1657 1659
f 1658 1659 1660
f 1660 1659 1661
f 1660 1661 1662
f 1662 1661 1082
f 1662 1082 1663
f 1663 1082 1081
f 1664 1665 1666
f 1667 1668 1669
f 1669 1668 1670
f 1669 1670 1671
f 1635 1637 1672
f 1672 1637 1673
f 1672 1673 1674
f 1674 1673 1675
f 1674 1675 1676
f 1676 1675 1677
f 1676 1677 1678
f 1678 1677 1679
f 1678 1679 1680
f 1680 1648 1678
f 1678 1648 1647
f 1678 1647 1676
f 1676 1647 1646
f 1676 1646 1674
f 1674 1646 1634
f 1674 1634 1672
f 1672 1634 1633
f 1672 1633 1635
f 1632 1631 1681
f 1681 1631 1682
f 1681 1682 1683
f 1683 1682 1684
f 1683 1684 1685
f 1686 1687 1685
f 1685 1687 1667
f 1685 1667 1683
f 1683 1667 1669
f 1683 1669 1681
f 1681 1669 1671
f 1681 1671 1632
f 1686 1688 1687
f 1687 1688 1689
f 1687 1689 1667
f 1667 1689 648
f 1667 648 1668
f 1668 648 647
f 1620 1636 1622
f 1622 1636 1635
f 1622 1635 1624
f 1624 1635 1633
f 1624 1633 1626
f 1626 1633 1084
f 1626 1084 1628
f 1628 1084 1083
f 1628 1083 1629
f 1629 1083 1643
f 1629 1643 1630
f 1630 1643 1641
f 1630 1641 1631
f 1631 1641 1639
f 1631 1639 1682
f 1682 1639 1638
f 1682 1638 1684
f 1684 1638 1648
f 1684 1648 1685
f 1685 1648 1680
f 1685 1680 1686
f 1686 1680 1679
f 1651 1690 1652
f 1652 1690 1691
f 1652 1691 1692
f 1692 1691 1693
f 1692 1693 1694
f 1694 1693 1695
f 1694 1695 1696
f 1696 1695 1697
f 1696 1697 1698
f 1698 1697 1699
f 1698 1699 1700
f 1700 1699 1701
f 1700 1701 1702
f 1703 1701 1704
f 1704 1701 1699
f 1704 1699 1705
f 1705 1699 1697
f 1705 1697 1706
f 1706 1697 1695
f 1706 1695 1707
f 1707 1695 1693
f 1707 1693 1653
f 1653 1693 1691
f 1653 1691 1080
f 1080 1691 1690
f 1080 1690 1081
f 1081 1690 1651
f 1081 1651 1663
f 1077 1079 1708
f 1708 1079 1709
f 1708 1709 1710
f 1710 1709 1711
f 1710 1711 1712
f 1712 1711 1713
f 1712 1713 1714
f 695 693 1076
f 1076 693 1073
f 1076 1073 1715
f 1715 1073 1716
f 1715 1716 1702
f 1702 1701 1715
f 1715 1701 1703
f 1715 1703 1076
f 1076 1703 1717
f 1076 1717 697
f 1074 1718 1719
f 1719 1718 1714
f 1720 1713 1721
f 1721 1713 1711
f 1721 1711 1722
f 1722 1711 1709
f 1722 1709 1723
f 1723 1709 1079
f 1723 1079 1724
f 1724 1079 1078
f 1724 1078 1725
f 691 1074 1030
f 1714 1713 1719
f 1719 1713 1720
f 1719 1720 1074
f 1074 1720 687
f 1074 687 1030
f 1664 1666 1726
f 1726 1666 1727
f 1726 1727 1728
f 1728 1727 1729
f 1728 1729 1730
f 1730 1729 1731
f 1730 1731 1732
f 1732 1731 1733
f 1732 1733 1734
f 1734 1733 1067
f 1734 1067 1075
f 1075 1067 755
f 1075 755 754
f 688 687 1075
f 1075 687 1720
f 1075 1720 1734
f 1734 1720 1721
f 1734 1721 1732
f 1732 1721 1722
f 1732 1722 1730
f 1730 1722 1723
f 1730 1723 1728
f 1728 1723 1724
f 1728 1724 1726
f 1726 1724 1725
f 1726 1725 1664
f 1655 1665 1657
f 1657 1665 1664
f 1657 1664 1659
f 1659 1664 1725
f 1659 1725 1661
f 1661 1725 1078
f 1661 1078 1082
f 1082 1078 1077
f 1082 1077 1653
f 1653 1077 1708
f 1653 1708 1707
f 1707 1708 1710
f 1707 1710 1706
f 1706 1710 1712
f 1706 1712 1705
f 1705 1712 1714
f 1705 1714 1704
f 1704 1714 1718
f 1704 1718 1703
f 1703 1718 1074
f 1703 1074 1717
f 1717 1074 698
f 1717 698 697
f 1619 1650 1620
f 1620 1650 1652
f 1620 1652 1636
f 1636 1652 1692
f 1636 1692 1637
f 1637 1692 1694
f 1637 1694 1673
f 1673 1694 1696
f 1673 1696 1675
f 1675 1696 1698
f 1675 1698 1677
f 1677 1698 1700
f 1677 1700 1679
f 1679 1700 1702
f 1679 1702 1686
f 1686 1702 1716
f 1686 1716 1688
f 1688 1716 1073
f 1688 1073 1689
f 1689 1073 692
f 1689 692 648
f 1302 1303 1300
f 1300 1303 1305
f 1300 1305 1735
f 1269 1257 1271
f 1271 1257 1736
f 1271 1736 1279
f 1279 1736 1737
f 1279 1737 1288
f 1288 1737 1738
f 1288 1738 1305
f 1739 1740 1741
f 1741 1740 1742
f 1741 1742 1743
f 1743 1742 1744
f 1743 1744 1745
f 1745 1744 1746
f 1745 1746 1747
f 1747 1746 1748
f 1747 1748 1749
f 1749 1748 1750
f 1751 1752 1753
f 1753 1752 1754
f 1753 1754 1755
f 1755 1754 1756
f 1755 1756 1757
f 1757 1756 1758
f 1757 1758 1759
f 1759 1758 1760
f 1759 1760 1761
f 1761 1760 1762
f 1761 1762 1763
f 1763 1762 1072
f 1763 1072 1764
f 1764 1072 727
f 1764 727 726
f 1765 1766 1767
f 1767 1766 1768
f 1767 1768 1769
f 1769 1768 1770
f 1769 1770 1771
f 1771 1770 1772
f 1771 1772 1773
f 1773 1772 1071
f 1773 1071 1774
f 1774 1071 735
f 1774 735 734
f 1752 1765 1754
f 1754 1765 1767
f 1754 1767 1756
f 1756 1767 1769
f 1756 1769 1758
f 1758 1769 1771
f 1758 1771 1760
f 1760 1771 1773
f 1760 1773 1762
f 1762 1773 1774
f 1762 1774 1072
f 1072 1774 734
f 1072 734 728
f 1775 1776 1777
f 1777 1776 1778
f 1777 1778 1779
f 1779 1778 1780
f 1779 1780 1781
f 1781 1780 1782
f 1782 29 1781
f 1781 29 28
f 1781 28 729
f 1766 1775 1768
f 1768 1775 1777
f 1768 1777 1770
f 1770 1777 1779
f 1770 1779 1772
f 1772 1779 1781
f 1772 1781 1071
f 1071 1781 729
f 1071 729 737
f 1545 1546 1541
f 1541 1546 1069
f 1541 1069 1783
f 1783 1069 1068
f 1783 1068 1784
f 1785 1786 1787
f 1787 1786 1788
f 1787 1788 1789
f 1790 1785 1791
f 1791 1785 1787
f 1791 1787 1750
f 1750 1787 1789
f 1750 1789 1749
f 1740 1792 1742
f 1742 1792 1793
f 1742 1793 1744
f 1744 1793 1794
f 1744 1794 1746
f 1746 1794 1795
f 1746 1795 1748
f 1748 1795 1796
f 1748 1796 1750
f 1750 1796 1797
f 1750 1797 1791
f 1791 1797 1798
f 1791 1798 1790
f 1790 1798 1799
f 1035 24 1799
f 1799 24 23
f 1799 23 1790
f 1790 23 746
f 1790 746 1785
f 1785 746 26
f 1785 26 1786
f 1786 26 25
f 1786 25 747
f 1800 1784 1801
f 1801 1784 1068
f 1801 1068 1802
f 1802 1068 1070
f 1802 1070 1520
f 1520 1070 1526
f 1520 1526 1527
f 747 29 1786
f 1786 29 1782
f 1786 1782 1788
f 1788 1782 1780
f 1788 1780 1789
f 1789 1780 1778
f 1789 1778 1749
f 1749 1778 1776
f 1749 1776 1747
f 1747 1776 1775
f 1747 1775 1745
f 1745 1775 1766
f 1745 1766 1743
f 1743 1766 1765
f 1743 1765 1741
f 1741 1765 1752
f 1741 1752 1739
f 1739 1752 1751
f 1739 1751 1803
f 1803 1751 1654
f 1252 1219 1262
f 1262 1219 1541
f 1262 1541 1257
f 1257 1541 1783
f 1257 1783 1736
f 1736 1783 1784
f 1736 1784 1737
f 1737 1784 1800
f 1737 1800 1738
f 1654 1751 1655
f 1655 1751 1753
f 1655 1753 1665
f 1665 1753 1755
f 1665 1755 1666
f 1666 1755 1757
f 1666 1757 1727
f 1727 1757 1759
f 1727 1759 1729
f 1729 1759 1761
f 1729 1761 1731
f 1731 1761 1763
f 1731 1763 1733
f 1733 1763 1764
f 1733 1764 1067
f 1067 1764 726
f 1067 726 756
f 1240 1241 1221
f 1221 1241 1187
f 1221 1187 1091
f 1091 1187 1184
f 1091 1184 1089
f 1089 1184 1572
f 1804 1805 1504
f 1504 1805 1806
f 1504 1806 1507
f 1510 1804 1511
f 1511 1804 1504
f 1511 1504 1500
f 1500 1504 1505
f 1500 1505 1501
f 1491 1493 1497
f 1497 1493 1807
f 1497 1807 1500
f 1500 1807 1808
f 1500 1808 1511
f 1809 1810 1811
f 1811 1810 1812
f 1811 1812 1813
f 1814 1809 1815
f 1815 1809 1811
f 1815 1811 1816
f 1816 1811 1813
f 1816 1813 1817
f 1482 1818 1480
f 1480 1818 1819
f 1480 1819 1493
f 1493 1819 1820
f 1493 1820 1807
f 1807 1820 1821
f 1807 1821 1808
f 1822 1814 1823
f 1823 1814 1815
f 1823 1815 1824
f 1824 1815 1816
f 1824 1816 1825
f 1825 1816 1817
f 1825 1817 1826
f 1827 1822 1828
f 1828 1822 1823
f 1828 1823 1829
f 1829 1823 1824
f 1829 1824 1830
f 1830 1824 1825
f 1830 1825 1831
f 1831 1825 1826
f 1831 1826 1832
f 1833 1834 1835
f 1835 1834 1836
f 1835 1836 1837
f 1837 1836 1838
f 1837 1838 1839
f 1839 1838 1840
f 1839 1840 1841
f 1841 1840 1842
f 1841 1842 1843
f 1843 1842 1513
f 1843 1513 1844
f 1844 1513 1515
f 1844 1515 1845
f 1482 1475 1818
f 1818 1475 1477
f 1818 1477 1471
f 1471 1477 1479
f 1471 1479 1469
f 1472 1474 1471
f 1471 1474 1846
f 1471 1846 1818
f 1818 1846 1847
f 1818 1847 1819
f 1819 1847 1848
f 1819 1848 1820
f 1820 1848 1849
f 1820 1849 1821
f 1821 1849 1850
f 1821 1850 1808
f 1808 1850 1844
f 1808 1844 1511
f 1511 1844 1845
f 1511 1845 1512
f 1851 1827 1852
f 1852 1827 1828
f 1852 1828 1853
f 1853 1828 1829
f 1853 1829 1854
f 1854 1829 1830
f 1854 1830 1855
f 1855 1830 1831
f 1855 1831 1856
f 1856 1831 1832
f 1856 1832 1857
f 1858 1859 1860
f 1860 1859 1861
f 1860 1861 1833
f 1833 1861 1862
f 1833 1862 1834
f 1863 1864 1865
f 1865 1864 1064
f 1866 1851 1867
f 1867 1851 1852
f 1867 1852 1868
f 1868 1852 1853
f 1868 1853 1869
f 1869 1853 1854
f 1869 1854 1870
f 1870 1854 1855
f 1870 1855 1871
f 1871 1855 1856
f 1871 1856 1872
f 1872 1856 1857
f 1872 1857 1873
f 1874 1875 1876
f 1876 1875 1863
f 1877 1878 1879
f 1879 1878 1874
f 1880 1881 1882
f 1882 1881 1883
f 1882 1883 1877
f 1884 1885 1880
f 1886 1887 1888
f 1888 1887 1889
f 1888 1889 1890
f 1891 1892 1886
f 1886 1892 1893
f 1886 1893 1887
f 1894 1895 1891
f 1896 1897 1898
f 1898 1897 1899
f 1880 1882 1884
f 1884 1882 1900
f 1884 1900 1901
f 1901 1900 1902
f 1901 1902 1903
f 1903 1902 1904
f 1903 1904 1905
f 1906 1059 1907
f 1907 1059 1058
f 1907 1058 1908
f 1874 1876 1879
f 1879 1876 1909
f 1879 1909 1910
f 1910 1909 1911
f 1910 1911 1912
f 1912 1911 1913
f 1912 1913 1914
f 1914 1913 1915
f 1914 1915 1916
f 1916 1915 1917
f 1916 1917 1918
f 1918 1917 1919
f 1918 1919 1920
f 1920 1919 1921
f 1920 1921 1922
f 1863 1865 1876
f 1876 1865 1923
f 1876 1923 1909
f 1909 1923 1924
f 1909 1924 1911
f 1911 1924 1925
f 1911 1925 1913
f 1913 1925 1926
f 1913 1926 1915
f 1915 1926 1908
f 1915 1908 1917
f 1917 1908 1058
f 1917 1058 1919
f 1919 1058 1060
f 1919 1060 1921
f 1056 1055 1927
f 1927 1055 1928
f 1927 1928 1929
f 1062 1061 1930
f 1930 1061 1931
f 1930 1931 1932
f 1904 1933 1905
f 1905 1933 1934
f 1905 1934 1935
f 1935 1934 1936
f 1935 1936 1937
f 1937 1936 1938
f 1937 1938 1939
f 1939 1938 1940
f 1939 1940 1941
f 1933 1063 1934
f 1934 1063 1062
f 1934 1062 1936
f 1936 1062 1930
f 1936 1930 1938
f 1938 1930 1932
f 1938 1932 1940
f 1942 1057 1943
f 1943 1057 1056
f 1943 1056 1944
f 1944 1056 1927
f 1944 1927 1945
f 1945 1927 1929
f 1945 1929 1946
f 1877 1879 1882
f 1882 1879 1910
f 1882 1910 1900
f 1900 1910 1912
f 1900 1912 1902
f 1902 1912 1914
f 1902 1914 1904
f 1904 1914 1916
f 1904 1916 1933
f 1933 1916 1918
f 1933 1918 1063
f 1063 1918 1920
f 1063 1920 1061
f 1061 1920 1922
f 1061 1922 1931
f 1888 1947 1886
f 1886 1947 1948
f 1886 1948 1949
f 1949 1948 1950
f 1949 1950 1951
f 1951 1950 1952
f 1951 1952 1953
f 1064 1066 1865
f 1865 1066 1954
f 1865 1954 1923
f 1923 1954 1955
f 1923 1955 1924
f 1924 1955 1956
f 1924 1956 1925
f 1925 1956 1957
f 1925 1957 1926
f 1926 1957 1958
f 1926 1958 1908
f 1908 1958 1959
f 1908 1959 1907
f 1907 1959 1960
f 1907 1960 1906
f 1473 1468 1474
f 1474 1468 1466
f 1474 1466 1462
f 1462 1466 1465
f 1462 1465 1460
f 1462 1873 1474
f 1474 1873 1857
f 1474 1857 1846
f 1846 1857 1832
f 1846 1832 1847
f 1847 1832 1826
f 1847 1826 1848
f 1848 1826 1817
f 1848 1817 1849
f 1849 1817 1813
f 1849 1813 1850
f 1850 1813 1812
f 1850 1812 1844
f 1844 1812 1810
f 1844 1810 1843
f 1843 1810 1809
f 1843 1809 1841
f 1841 1809 1814
f 1841 1814 1839
f 1839 1814 1822
f 1839 1822 1837
f 1837 1822 1827
f 1837 1827 1835
f 1835 1827 1851
f 1835 1851 1833
f 1833 1851 1866
f 1833 1866 1860
f 1459 1450 1457
f 1457 1450 1452
f 1457 1452 1961
f 1961 1452 1962
f 1464 1455 1462
f 1462 1455 1457
f 1462 1457 1873
f 1873 1457 1961
f 1873 1961 1872
f 1872 1961 1962
f 1872 1962 1871
f 1871 1962 1963
f 1871 1963 1870
f 1870 1963 1964
f 1870 1964 1869
f 1869 1964 1965
f 1869 1965 1868
f 1868 1965 1966
f 1868 1966 1867
f 1867 1966 1967
f 1867 1967 1866
f 1866 1967 1968
f 1866 1968 1860
f 1860 1968 1969
f 1860 1969 1858
f 1858 1969 1970
f 1053 1896 1054
f 1054 1896 1898
f 1054 1898 1971
f 1971 1972 1054
f 1054 1972 1051
f 1054 1051 1052
f 1052 1051 1050
f 1891 1886 1894
f 1894 1886 1949
f 1894 1949 1973
f 1973 1949 1951
f 1973 1951 1974
f 1974 1951 1953
f 1974 1953 1975
f 1049 1051 1976
f 1976 1051 1972
f 1976 1972 1977
f 1977 1972 1978
f 1977 1978 1979
f 1979 1978 1980
f 1979 1980 1981
f 1981 1980 1982
f 1982 1980 1983
f 1982 1983 1984
f 1984 1983 1985
f 1985 1983 1986
f 1985 1986 1987
f 1988 1989 1990
f 1990 1989 1991
f 1990 1991 1992
f 1993 1986 1994
f 1994 1986 1983
f 1994 1983 1995
f 1995 1983 1980
f 1995 1980 1996
f 1996 1980 1978
f 1996 1978 1975
f 1975 1978 1972
f 1975 1972 1974
f 1974 1972 1971
f 1974 1971 1973
f 1973 1971 1898
f 1973 1898 1894
f 1894 1898 1899
f 1894 1899 1895
f 1997 1998 1999
f 1999 1998 2000
f 1999 2000 2001
f 1402 2002 1397
f 1397 2002 2003
f 1397 2003 1394
f 1394 2003 2004
f 1394 2004 1104
f 1104 2004 2005
f 1104 2005 1406
f 1406 2005 2006
f 1406 2006 1404
f 1404 2006 2007
f 1404 2007 1413
f 1413 2007 2008
f 1413 2008 1101
f 1101 2008 2009
f 1101 2009 1419
f 1419 2009 1941
f 1419 1941 1417
f 1417 1941 1940
f 1417 1940 1098
f 1098 1940 1932
f 1098 1932 1428
f 1428 1932 1931
f 1428 1931 1430
f 1430 1931 1922
f 1430 1922 1434
f 1434 1922 1921
f 1434 1921 1439
f 1439 1921 1060
f 1439 1060 1443
f 1443 1060 1059
f 1443 1059 1445
f 1445 1059 1906
f 1445 1906 1452
f 1452 1906 1960
f 1452 1960 1962
f 1962 1960 1959
f 1962 1959 1963
f 1963 1959 1958
f 1963 1958 1964
f 1964 1958 1957
f 1964 1957 1965
f 1965 1957 1956
f 1965 1956 1966
f 1966 1956 1955
f 1966 1955 1967
f 1967 1955 1954
f 1967 1954 1968
f 1968 1954 1066
f 1968 1066 1969
f 1969 1066 1065
f 1969 1065 1970
f 2010 2011 2012
f 2012 2011 2013
f 2012 2013 2014
f 2014 2013 1997
f 2014 1997 2015
f 2015 1997 1999
f 2015 1999 1988
f 1988 1999 2001
f 1988 2001 1989
f 2011 1046 2013
f 2013 1046 1043
f 2013 1043 1997
f 1997 1043 1045
f 1997 1045 1998
f 1998 1045 1048
f 1998 1048 2000
f 1947 1942 1948
f 1948 1942 1943
f 1948 1943 1950
f 1950 1943 1944
f 1950 1944 1952
f 1952 1944 1945
f 1952 1945 1953
f 1953 1945 1946
f 1953 1946 1975
f 1975 1946 2016
f 1975 2016 1996
f 1996 2016 2017
f 1996 2017 1995
f 1995 2017 2018
f 1995 2018 1994
f 1994 2018 2019
f 1994 2019 1993
f 1993 2019 2020
f 1993 2020 2021
f 2021 2020 2022
f 2021 2022 2023
f 2023 2022 2024
f 2023 2024 2025
f 2025 2024 2026
f 2025 2026 2027
f 2027 2026 2028
f 2027 2028 2029
f 2029 2028 2030
f 2029 2010 2027
f 2027 2010 2012
f 2027 2012 2025
f 2025 2012 2014
f 2025 2014 2023
f 2023 2014 2015
f 2023 2015 2021
f 2021 2015 1988
f 2021 1988 1993
f 1993 1988 1990
f 1993 1990 1986
f 1986 1990 1992
f 1986 1992 1987
f 2031 2030 2032
f 2032 2030 2028
f 2032 2028 2033
f 2033 2028 2026
f 2033 2026 2002
f 2002 2026 2024
f 2002 2024 2003
f 2003 2024 2022
f 2003 2022 2004
f 2004 2022 2020
f 2004 2020 2005
f 2005 2020 2019
f 2005 2019 2006
f 2006 2019 2018
f 2006 2018 2007
f 2007 2018 2017
f 2007 2017 2008
f 2008 2017 2016
f 2008 2016 2009
f 2009 2016 1946
f 2009 1946 1941
f 1941 1946 1929
f 1941 1929 1939
f 1939 1929 1928
f 1939 1928 1937
f 1937 1928 1055
f 1937 1055 1935
f 1935 1055 1057
f 1935 1057 1905
f 1905 1057 1942
f 1905 1942 1903
f 1903 1942 1947
f 1903 1947 1901
f 1901 1947 1888
f 1901 1888 1884
f 1884 1888 1890
f 1884 1890 1885
f 1107 2034 1384
f 1384 2034 2035
f 1384 2035 1388
f 1388 2035 2036
f 1388 2036 1391
f 1391 2036 2037
f 1391 2037 2038
f 2038 2037 2039
f 2038 2039 2040
f 2040 2039 2041
f 1106 1381 1107
f 1107 1381 2042
f 1107 2042 2034
f 2034 2042 1037
f 2034 1037 2035
f 2035 1037 1036
f 2035 1036 2036
f 2036 1036 1041
f 2036 1041 2037
f 2037 1041 1042
f 2037 1042 2039
f 1381 1379 2042
f 2042 1379 1378
f 2042 1378 2043
f 2043 1378 1372
f 2043 1372 2044
f 2044 1372 1369
f 2044 1369 2045
f 2045 1369 1110
f 2045 1110 2046
f 2046 1110 1109
f 2046 1109 1367
f 1367 1109 2047
f 1367 2047 1368
f 1402 2041 2002
f 2002 2041 2039
f 2002 2039 2033
f 2033 2039 1042
f 2033 1042 2032
f 2032 1042 1040
f 2032 1040 2031
f 2031 1040 1036
f 2031 1036 2048
f 2048 1036 1038
f 1039 2049 2050
f 2050 2049 2051
f 2050 2051 2052
f 2052 2051 2053
f 2052 2053 2054
f 2054 2053 2055
f 2054 2055 2056
f 2056 2055 2057
f 2056 2057 2058
f 2058 2057 2059
f 2058 2059 2060
f 1363 1357 1362
f 1362 1357 1112
f 1362 1112 2061
f 2061 1112 1111
f 2061 1111 1351
f 1351 1111 2062
f 1351 2062 1352
f 1039 1037 2049
f 2049 1037 2042
f 2049 2042 2051
f 2051 2042 2043
f 2051 2043 2053
f 2053 2043 2044
f 2053 2044 2055
f 2055 2044 2045
f 2055 2045 2057
f 2057 2045 2046
f 2057 2046 2059
f 2059 2046 1367
f 2059 1367 2060
f 2060 1367 1365
f 2060 1365 2063
f 1330 1326 1317
f 1317 1326 1300
f 1317 1300 1351
f 1351 1300 1735
f 1351 1735 2061
f 1616 1047 1087
f 1087 1047 1045
f 1087 1045 1088
f 1088 1045 1044
f 1088 1044 1627
f 1627 1044 1046
f 1627 1046 1625
f 1625 1046 2011
f 1625 2011 1623
f 1623 2011 2010
f 1623 2010 1621
f 1621 2010 2029
f 1621 2029 1619
f 1619 2029 2030
f 1619 2030 1649
f 1649 2030 2031
f 1649 2031 1651
f 1651 2031 2048
f 1651 2048 1663
f 1663 2048 1038
f 1663 1038 1662
f 1662 1038 1039
f 1662 1039 1660
f 1660 1039 2050
f 1660 2050 1658
f 1658 2050 2052
f 1658 2052 1656
f 1656 2052 2054
f 1656 2054 1654
f 1654 2054 2056
f 1654 2056 1803
f 1803 2056 2058
f 1803 2058 1739
f 1739 2058 2060
f 1739 2060 1740
f 1740 2060 2063
f 1740 2063 1792
f 576 1035 1094
f 1094 1035 1799
f 1094 1799 1520
f 1520 1799 1798
f 1520 1798 1802
f 1802 1798 1797
f 1802 1797 1801
f 1801 1797 1796
f 1801 1796 1800
f 1800 1796 1795
f 1800 1795 1738
f 1738 1795 1794
f 1738 1794 1305
f 1305 1794 1793
f 1305 1793 1735
f 1735 1793 1792
f 1735 1792 2061
f 2061 1792 2063
f 2061 2063 1362
f 1362 2063 1365
f 1362 1365 1360
f 1360 1365 1364
f 2064 2065 2066
f 2067 2068 2069
f 2070 2066 2071
f 2072 2073 2066
f 2066 2073 2074
f 2066 2074 2071
f 2065 2075 2076
f 2076 2077 2065
f 2065 2077 2078
f 2065 2078 2079
f 2080 2081 2066
f 2079 2082 2065
f 2065 2082 2083
f 2065 2083 2084
f 2084 2085 2065
f 2065 2085 2086
f 2065 2086 2066
f 2066 2086 2087
f 2066 2087 2080
f 2081 2088 2066
f 2066 2088 2089
f 2066 2089 2090
f 2090 2091 2066
f 2066 2091 2092
f 2066 2092 2072
f 2093 2094 2095
f 2094 2096 2095
f 2095 2096 2097
f 2095 2097 2098
f 2098 2097 2099
f 2098 2099 2065
f 2065 2099 2100
f 2065 2100 2075
f 2101 2102 2103
f 2103 2102 2104
f 2103 2104 2105
f 2105 2104 2106
f 2101 2107 2102
f 2102 2107 2108
f 2102 2108 2109
f 2109 2108 2110
f 2109 2110 2095
f 2095 2110 2111
f 2095 2111 2093
f 2112 2113 2114
f 2114 2113 2115
f 2113 2116 2115
f 2115 2116 2117
f 2115 2117 2106
f 2106 2117 2118
f 2106 2118 2105
f 2119 2120 2121
f 2121 2122 2119
f 2119 2122 2123
f 2119 2123 2124
f 2124 2123 2125
f 2124 2125 2126
f 2126 2125 2127
f 2126 2127 2114
f 2114 2127 2128
f 2114 2128 2112
f 2129 2130 2131
f 2131 2130 2132
f 2131 2132 2133
f 2133 2134 2131
f 2131 2134 2135
f 2131 2135 2136
f 2120 2119 2136
f 2136 2119 2137
f 2136 2137 2131
f 2138 2139 2140
f 2140 2139 2141
f 2140 2141 2142
f 2142 2141 2143
f 2144 2145 2146
f 2144 2146 2147
f 2140 2148 2138
f 2138 2148 2149
f 2138 2149 2150
f 2145 2151 2146
f 2146 2151 2152
f 2146 2152 2153
f 2153 2152 2154
f 2153 2154 2131
f 2131 2154 2155
f 2131 2155 2129
f 2156 2157 2158
f 2158 2157 2159
f 2158 2159 2143
f 2159 2160 2143
f 2143 2160 2161
f 2143 2161 2162
f 2162 2163 2143
f 2143 2163 2164
f 2143 2164 2165
f 2165 2166 2143
f 2143 2166 2167
f 2143 2167 2142
f 2168 2156 2169
f 2168 2169 2170
f 2168 2171 2156
f 2156 2171 2172
f 2156 2172 2173
f 2173 2174 2156
f 2156 2174 2175
f 2156 2175 2157
f 2169 2176 2170
f 2170 2176 2177
f 2170 2177 2178
f 2178 2177 2179
f 2180 2181 2182
f 2182 2181 2183
f 2182 2183 2177
f 2177 2183 2184
f 2177 2184 2179
f 2185 2186 2187
f 2187 2186 2188
f 2188 2189 2187
f 2187 2189 2190
f 2187 2190 2191
f 2190 2192 2191
f 2191 2192 2193
f 2191 2193 2180
f 2180 2193 2194
f 2180 2194 2181
f 2195 2196 2197
f 2197 2196 2198
f 2197 2198 2199
f 2070 2071 2197
f 2197 2071 2200
f 2197 2200 2195
f 2199 2201 2197
f 2197 2201 2202
f 2197 2202 2203
f 2203 2202 2185
f 2203 2185 2204
f 2204 2185 2187
f 2205 2206 2207
f 2207 2206 2208
f 2207 2208 2209
f 2210 2211 2212
f 2212 2211 2213
f 2212 2213 2214
f 2214 2215 2212
f 2212 2215 2216
f 2212 2216 2217
f 2218 2219 2068
f 2068 2219 2220
f 2068 2220 2221
f 2221 2222 2068
f 2068 2222 2223
f 2068 2223 2224
f 2224 2225 2068
f 2068 2225 2226
f 2068 2226 2069
f 2069 2226 2227
f 2069 2227 2228
f 2228 2229 2069
f 2069 2229 2230
f 2069 2230 2231
f 2232 2233 2234
f 2234 2233 2235
f 2234 2235 2236
f 2237 2238 2239
f 2239 2238 2240
f 2239 2240 2241
f 2242 2243 2234
f 2234 2243 2244
f 2234 2244 2232
f 2241 2245 2239
f 2239 2245 2246
f 2239 2246 2247
f 2248 2249 2234
f 2234 2249 2250
f 2234 2250 2242
f 2247 2251 2239
f 2239 2251 2252
f 2239 2252 2253
f 2236 2254 2234
f 2234 2254 2255
f 2234 2255 2256
f 2257 2258 2259
f 2259 2258 2260
f 2259 2260 2261
f 2257 2262 2258
f 2258 2262 2263
f 2258 2263 2264
f 2264 2265 2258
f 2258 2265 2266
f 2258 2266 2267
f 2267 2266 2268
f 2267 2268 2239
f 2239 2268 2269
f 2239 2269 2237
f 2270 2271 2272
f 2273 2274 2275
f 2275 2276 2273
f 2273 2276 2277
f 2273 2277 2272
f 2272 2277 2278
f 2272 2278 2270
f 2260 2279 2261
f 2261 2279 2272
f 2261 2272 2280
f 2280 2272 2271
f 2281 2282 2283
f 2283 2284 2281
f 2281 2284 2285
f 2281 2285 2286
f 2286 2285 2287
f 2286 2287 2274
f 2274 2287 2288
f 2274 2288 2275
f 2289 2290 2291
f 2292 2293 2291
f 2291 2293 2294
f 2291 2294 2289
f 2290 2295 2291
f 2291 2295 2296
f 2291 2296 2297
f 2297 2296 2282
f 2297 2282 2298
f 2298 2282 2281
f 2299 2300 2301
f 2299 2301 2302
f 2303 2304 2301
f 2301 2304 2305
f 2301 2305 2302
f 2300 2306 2301
f 2301 2306 2307
f 2301 2307 2308
f 2292 2291 2308
f 2308 2291 2309
f 2308 2309 2301
f 2310 2311 2312
f 2312 2311 2313
f 2312 2313 2314
f 2313 2315 2314
f 2314 2315 2316
f 2314 2316 2317
f 2318 2319 2320
f 2319 2321 2320
f 2320 2321 2322
f 2320 2322 2323
f 2303 2301 2324
f 2324 2301 2325
f 2324 2325 2323
f 2323 2325 2326
f 2323 2326 2320
f 2327 2328 2310
f 2310 2328 2329
f 2310 2329 2330
f 2330 2331 2310
f 2310 2331 2332
f 2310 2332 2311
f 2333 2334 2335
f 2336 2337 2338
f 2338 2337 2339
f 2338 2339 2340
f 2340 2339 2341
f 2340 2341 2310
f 2310 2341 2342
f 2310 2342 2327
f 2335 2334 2338
f 2338 2334 2343
f 2338 2343 2336
f 2344 2345 2346
f 2346 2347 2344
f 2344 2347 2348
f 2344 2348 2349
f 2349 2348 2350
f 2349 2350 2351
f 2335 2352 2333
f 2333 2352 2349
f 2333 2349 2353
f 2353 2349 2351
f 2354 2355 2356
f 2356 2355 2357
f 2356 2357 2358
f 2358 2357 2359
f 2358 2359 2345
f 2345 2359 2360
f 2345 2360 2346
f 2361 2362 2363
f 2256 2255 2363
f 2363 2255 2364
f 2363 2364 2365
f 2365 2366 2363
f 2363 2366 2367
f 2363 2367 2361
f 2354 2356 2362
f 2362 2356 2368
f 2362 2368 2363
f 2369 2370 2371
f 2369 2371 2372
f 2069 2373 2067
f 2067 2373 2374
f 2067 2374 2375
f 2375 2374 2370
f 2375 2370 2376
f 2376 2370 2369
f 2371 2377 2372
f 2372 2377 2378
f 2372 2378 2379
f 2379 2378 2380
f 2379 2380 2381
f 2381 2380 2382
f 2381 2382 2383
f 2383 2382 2384
f 2383 2384 2385
f 2385 2384 2386
f 2385 2386 2387
f 2387 2386 2388
f 2387 2388 2389
f 2389 2388 2390
f 2389 2390 2391
f 2392 2393 2394
f 2394 2393 2395
f 2394 2395 2396
f 2390 2397 2391
f 2391 2397 2398
f 2391 2398 2399
f 2399 2398 2400
f 2399 2400 2401
f 2401 2400 2402
f 2401 2402 2403
f 2403 2402 2392
f 2403 2392 2404
f 2404 2392 2394
f 2395 2405 2396
f 2396 2405 2406
f 2396 2406 2407
f 2407 2406 2408
f 2407 2408 2409
f 2409 2408 2410
f 2409 2410 2411
f 2411 2410 2412
f 2411 2412 2413
f 2413 2412 2414
f 2413 2414 2415
f 2415 2414 2416
f 2415 2416 2417
f 2417 2416 2418
f 2417 2418 2419
f 2419 2418 2420
f 2419 2420 2421
f 2421 2420 2422
f 2421 2422 2423
f 2253 2248 2239
f 2239 2248 2234
f 2239 2234 2424
f 2424 2234 2425
f 2424 2425 2426
f 2426 2425 2427
f 2426 2427 2428
f 2428 2427 2429
f 2428 2429 2430
f 2430 2429 2431
f 2430 2431 2432
f 2432 2431 2433
f 2432 2433 2434
f 2434 2433 2423
f 2434 2423 2435
f 2435 2423 2422
f 2317 2318 2314
f 2314 2318 2320
f 2314 2320 2436
f 2436 2320 2437
f 2436 2437 2438
f 2438 2437 2439
f 2438 2439 2440
f 2441 2442 2443
f 2441 2443 2444
f 2439 2445 2440
f 2440 2445 2446
f 2440 2446 2447
f 2447 2446 2442
f 2447 2442 2448
f 2448 2442 2441
f 2443 2449 2444
f 2444 2449 2450
f 2444 2450 2451
f 2451 2450 2452
f 2451 2452 2453
f 2453 2452 2454
f 2453 2454 2455
f 2455 2454 2456
f 2455 2456 2457
f 2457 2456 2458
f 2457 2458 2459
f 2459 2458 2460
f 2459 2460 2461
f 2461 2460 2462
f 2461 2462 2463
f 2464 2465 2466
f 2466 2465 2467
f 2466 2467 2468
f 2462 2469 2463
f 2463 2469 2470
f 2463 2470 2471
f 2471 2470 2472
f 2471 2472 2473
f 2473 2472 2474
f 2473 2474 2475
f 2475 2474 2464
f 2475 2464 2476
f 2476 2464 2466
f 2467 2477 2468
f 2468 2477 2478
f 2468 2478 2479
f 2479 2478 2480
f 2479 2480 2481
f 2481 2480 2482
f 2481 2482 2483
f 2483 2482 2484
f 2483 2484 2485
f 2485 2484 2486
f 2485 2486 2487
f 2487 2486 2488
f 2487 2488 2489
f 2489 2488 2490
f 2489 2490 2491
f 2491 2490 2492
f 2491 2492 2493
f 2493 2492 2494
f 2493 2494 2495
f 2494 2496 2495
f 2495 2496 2497
f 2495 2497 2498
f 2498 2497 2499
f 2498 2499 2500
f 2500 2499 2501
f 2500 2501 2502
f 2502 2501 2503
f 2502 2503 2504
f 2504 2503 2505
f 2504 2505 2506
f 2506 2505 2507
f 2506 2507 2508
f 2508 2507 2509
f 2508 2509 2510
f 2510 2509 2511
f 2510 2511 2512
f 2512 2511 2513
f 2512 2513 2514
f 2513 2515 2514
f 2514 2515 2516
f 2514 2516 2517
f 2517 2516 2518
f 2517 2518 2519
f 2519 2518 2520
f 2519 2520 2521
f 2521 2520 2522
f 2521 2522 2523
f 2523 2522 2524
f 2523 2524 2525
f 2525 2524 2526
f 2525 2526 2527
f 2527 2526 2528
f 2527 2528 2529
f 2528 2530 2529
f 2529 2530 2531
f 2529 2531 2532
f 2532 2531 2533
f 2532 2533 2534
f 2534 2533 2535
f 2534 2535 2536
f 2536 2535 2537
f 2536 2537 2538
f 2538 2537 2539
f 2538 2539 2540
f 2540 2539 2541
f 2540 2541 2542
f 2542 2541 2543
f 2542 2543 2544
f 2544 2543 2545
f 2544 2545 2546
f 2545 2547 2546
f 2546 2547 2548
f 2546 2548 2549
f 2549 2548 2550
f 2549 2550 2551
f 2551 2550 2552
f 2551 2552 2553
f 2553 2552 2554
f 2553 2554 2555
f 2555 2554 2556
f 2555 2556 2557
f 2557 2556 2558
f 2557 2558 2559
f 2559 2558 2560
f 2559 2560 2561
f 2561 2560 2562
f 2561 2562 2563
f 2563 2562 2564
f 2563 2564 2565
f 2565 2564 2566
f 2565 2566 2146
f 2146 2566 2138
f 2146 2138 2147
f 2147 2138 2150
f 2567 2568 2569
f 2567 2569 2570
f 2066 2571 2064
f 2064 2571 2572
f 2064 2572 2573
f 2573 2572 2568
f 2573 2568 2574
f 2574 2568 2567
f 2569 2575 2570
f 2570 2575 2576
f 2570 2576 2577
f 2577 2576 2578
f 2577 2578 2579
f 2579 2578 2580
f 2579 2580 2581
f 2581 2580 2582
f 2581 2582 2583
f 2583 2582 2584
f 2583 2584 2585
f 2585 2584 2586
f 2585 2586 2587
f 2587 2586 2588
f 2587 2588 2589
f 2588 2590 2589
f 2589 2590 2591
f 2589 2591 2592
f 2592 2591 2593
f 2592 2593 2594
f 2594 2593 2595
f 2594 2595 2596
f 2596 2595 2597
f 2596 2597 2598
f 2598 2597 2599
f 2598 2599 2600
f 2599 2601 2600
f 2600 2601 2602
f 2600 2602 2603
f 2603 2602 2604
f 2603 2604 2605
f 2605 2604 2606
f 2605 2606 2607
f 2607 2606 2608
f 2607 2608 2609
f 2609 2608 2610
f 2609 2610 2611
f 2611 2610 2612
f 2611 2612 2613
f 2613 2612 2614
f 2613 2614 2615
f 2615 2614 2616
f 2615 2616 2617
f 2617 2616 2618
f 2617 2618 2619
f 2619 2618 2620
f 2619 2620 2621
f 2209 2210 2207
f 2207 2210 2212
f 2207 2212 2622
f 2622 2212 2623
f 2622 2623 2624
f 2624 2623 2625
f 2624 2625 2626
f 2626 2625 2627
f 2626 2627 2628
f 2628 2627 2629
f 2628 2629 2630
f 2630 2629 2631
f 2630 2631 2632
f 2632 2631 2621
f 2632 2621 2633
f 2633 2621 2620
f 2634 2635 2636
f 2636 2635 2637
f 2636 2637 2638
f 2639 2640 2634
f 2641 2642 2643
f 85 116 2644
f 2645 2646 2647
f 2648 2649 2650
f 2651 2652 2653
f 2654 2655 2656
f 2656 2657 2658
f 2659 2660 2661
f 2649 2648 2662
f 2663 2664 2665
f 108 107 2666
f 111 110 2663
f 2667 2668 2669
f 2670 2671 2672
f 2673 2674 2675
f 2676 2677 2678
f 2679 2680 2681
f 2682 2683 2684
f 2685 2686 2687
f 2688 2689 2690
f 2691 2692 2690
f 2693 2694 2695
f 472 473 2696
f 443 441 2697
f 2698 2699 2700
f 2701 2702 2703
f 2704 2705 2706
f 2707 2708 2709
f 2710 2711 2712
f 2712 2711 2713
f 2714 2715 2716
f 2717 2718 2719
f 2720 2721 2722
f 2723 2724 2725
f 2726 2727 2728
f 2728 2729 2730
f 206 212 2731
f 2732 2733 2734
f 193 195 2731
f 183 182 2735
f 2722 2721 2736
f 2737 2738 2739
f 2740 2741 2742
f 2743 2744 2745
f 2746 2747 2748
f 2749 2750 2751
f 2752 2753 2754
f 2755 2756 2757
f 2757 2756 2758
f 2757 2758 2759
f 2760 2761 2755
f 2755 2761 2762
f 2755 2762 2756
f 2760 2755 2763
f 2763 2755 2764
f 2763 2764 2765
f 2765 2764 2766
f 2765 2766 2767
f 2768 2769 2770
f 2770 2769 2771
f 2770 2771 2772
f 2772 2771 2773
f 2772 2773 2774
f 2768 2770 2775
f 2775 2770 2776
f 2775 2776 2777
f 409 410 2778
f 2778 410 405
f 2778 405 68
f 2778 2779 2780
f 2778 2780 409
f 409 2780 2781
f 409 2781 408
f 2782 2783 2784
f 2784 2783 2785
f 2784 2785 2778
f 2778 2785 2786
f 2778 2786 2779
f 2787 2788 2789
f 2788 2790 2789
f 2789 2790 2791
f 2789 2791 2792
f 2793 2794 2795
f 2793 2795 2796
f 2794 2797 2795
f 2795 2797 2798
f 2795 2798 2799
f 2799 2800 2795
f 2795 2800 2801
f 2795 2801 2754
f 2754 2801 2802
f 2754 2802 2752
f 2803 2804 2789
f 2804 2805 2789
f 2789 2805 2806
f 2789 2806 2787
f 2807 2808 2809
f 2809 2808 2810
f 2809 2810 2811
f 2750 2812 2751
f 2751 2812 2813
f 2751 2813 2809
f 2809 2813 2814
f 2809 2814 2807
f 267 2815 262
f 262 2815 2816
f 262 2816 259
f 259 2816 251
f 125 124 2817
f 2818 123 2819
f 2819 123 83
f 2819 83 82
f 2820 2821 2822
f 2822 2821 2818
f 2643 2823 2824
f 2824 2823 2825
f 2824 2825 2826
f 82 129 2819
f 2819 129 128
f 2819 128 2827
f 2827 128 80
f 2827 80 79
f 131 2828 132
f 132 2828 2827
f 132 2827 134
f 134 2827 79
f 131 137 2828
f 2828 137 136
f 2828 136 2829
f 140 2830 139
f 139 2830 2829
f 139 2829 135
f 135 2829 136
f 146 2831 147
f 147 2831 2830
f 147 2830 142
f 142 2830 140
f 2822 2747 2820
f 2820 2747 2746
f 2820 2746 2832
f 2833 2834 2835
f 2835 2834 2836
f 2835 2836 2837
f 2837 2836 2838
f 2837 2838 2839
f 146 144 2831
f 2831 144 143
f 2831 143 2840
f 2840 143 148
f 2840 148 150
f 151 153 2841
f 153 154 2841
f 2841 154 156
f 2841 156 157
f 2818 2819 2822
f 2822 2819 2827
f 2822 2827 2747
f 2747 2827 2828
f 2747 2828 2748
f 2748 2828 2829
f 2748 2829 2842
f 2842 2829 2830
f 2842 2830 2843
f 2843 2830 2831
f 2843 2831 2844
f 2844 2831 2840
f 2844 2840 2845
f 164 2846 159
f 159 2846 2847
f 159 2847 157
f 157 2847 2845
f 157 2845 2841
f 2841 2845 2840
f 2841 2840 151
f 151 2840 150
f 169 2848 170
f 170 2848 2849
f 170 2849 167
f 167 2849 165
f 164 163 2846
f 2846 163 161
f 2846 161 2850
f 2850 161 160
f 2850 160 2849
f 2849 160 165
f 172 2851 174
f 174 2851 2848
f 174 2848 175
f 175 2848 169
f 178 2852 176
f 176 2852 2851
f 176 2851 171
f 171 2851 172
f 2853 2832 2854
f 2854 2832 2746
f 2854 2746 2855
f 2855 2746 2748
f 2855 2748 2856
f 2856 2748 2842
f 2856 2842 2857
f 2857 2842 2843
f 2857 2843 2858
f 2858 2843 2844
f 2858 2844 2859
f 2859 2844 2845
f 2859 2845 2860
f 2860 2845 2847
f 2860 2847 2861
f 2861 2847 2846
f 2861 2846 2862
f 2862 2846 2850
f 2862 2850 2863
f 2863 2850 2849
f 2863 2849 2864
f 2864 2849 2848
f 2864 2848 2865
f 2865 2848 2851
f 2865 2851 2866
f 2866 2851 2852
f 2866 2852 2867
f 2733 2732 2868
f 2867 2869 2866
f 2866 2869 2870
f 2866 2870 2865
f 2865 2870 2871
f 2865 2871 2864
f 2864 2871 2872
f 2864 2872 2863
f 2863 2872 2873
f 2863 2873 2862
f 2862 2873 2874
f 2862 2874 2861
f 2861 2874 2875
f 2861 2875 2860
f 2860 2875 2876
f 2860 2876 2859
f 2859 2876 2877
f 2859 2877 2858
f 2858 2877 2878
f 2858 2878 2857
f 2857 2878 2879
f 2857 2879 2856
f 2856 2879 2880
f 2856 2880 2855
f 2855 2880 2881
f 2855 2881 2854
f 2854 2881 2882
f 2854 2882 2853
f 2853 2882 2745
f 182 180 2735
f 2735 180 179
f 2735 179 2883
f 2883 179 184
f 2883 184 186
f 187 189 2884
f 190 2885 191
f 191 2885 2884
f 191 2884 192
f 192 2884 189
f 198 2886 199
f 199 2886 2885
f 199 2885 76
f 76 2885 190
f 198 197 2886
f 2886 197 193
f 2886 193 2887
f 2887 193 2731
f 186 187 2883
f 2883 187 2884
f 2883 2884 2888
f 2888 2884 2885
f 2888 2885 2889
f 2889 2885 2886
f 2889 2886 2890
f 2890 2886 2887
f 2891 2892 2893
f 2893 2892 2894
f 2893 2894 2895
f 2895 2894 2896
f 2895 2896 2897
f 2897 2896 2898
f 2897 2898 2734
f 2734 2898 2899
f 2734 2899 2732
f 212 2891 2731
f 2731 2891 2893
f 2731 2893 2887
f 2887 2893 2895
f 2887 2895 2890
f 2890 2895 2897
f 2890 2897 2889
f 2889 2897 2734
f 2889 2734 2888
f 2888 2734 2733
f 2888 2733 2883
f 2883 2733 2868
f 2883 2868 2735
f 200 202 196
f 196 202 195
f 195 202 2731
f 2731 202 207
f 2731 207 206
f 2900 2743 2901
f 2901 2743 2745
f 2901 2745 2902
f 2902 2745 2882
f 2902 2882 2903
f 2903 2882 2881
f 2903 2881 2904
f 2904 2881 2880
f 2904 2880 2905
f 2905 2880 2879
f 2905 2879 2906
f 2906 2879 2878
f 2906 2878 2907
f 2907 2878 2877
f 2907 2877 2908
f 2908 2877 2876
f 2908 2876 2909
f 2909 2876 2875
f 2909 2875 2910
f 2910 2875 2874
f 2910 2874 2911
f 2911 2874 2873
f 2911 2873 2912
f 2912 2873 2872
f 2912 2872 2913
f 2913 2872 2871
f 2913 2871 2914
f 2914 2871 2870
f 2914 2870 2915
f 2915 2870 2869
f 2915 2869 2916
f 2869 2917 2916
f 2916 2917 2918
f 2916 2918 2919
f 2919 2918 2920
f 2920 2918 2921
f 2920 2921 2922
f 2922 2921 2923
f 2922 2923 2924
f 2924 2923 2925
f 2924 2925 213
f 213 215 2924
f 2924 215 2926
f 2924 2926 2922
f 2922 2926 2927
f 2922 2927 2920
f 2920 2927 2928
f 2920 2928 2919
f 2919 2928 2929
f 2919 2929 2916
f 212 211 2891
f 2891 211 209
f 2891 209 2892
f 2892 209 2930
f 2892 2930 2894
f 2894 2930 2931
f 2894 2931 2896
f 2896 2931 2932
f 2896 2932 2898
f 2898 2932 2933
f 2898 2933 2899
f 2899 2933 2934
f 2899 2934 2732
f 2732 2934 2935
f 2732 2935 2868
f 208 74 2925
f 2925 74 73
f 2925 73 213
f 178 183 2852
f 2852 183 2735
f 2852 2735 2867
f 2867 2735 2868
f 2867 2868 2869
f 2869 2868 2935
f 2869 2935 2917
f 2917 2935 2934
f 2917 2934 2918
f 2918 2934 2933
f 2918 2933 2921
f 2921 2933 2932
f 2921 2932 2923
f 2923 2932 2931
f 2923 2931 2925
f 2925 2931 2930
f 2925 2930 208
f 208 2930 209
f 2908 2936 2907
f 2907 2936 2937
f 2907 2937 2906
f 2906 2937 2938
f 2906 2938 2905
f 2905 2938 2939
f 2905 2939 2904
f 2904 2939 2940
f 2904 2940 2903
f 2903 2940 2941
f 2903 2941 2902
f 2902 2941 2942
f 2902 2942 2901
f 2901 2942 2742
f 2901 2742 2900
f 2900 2742 2741
f 2936 2943 2937
f 2937 2943 2944
f 2937 2944 2938
f 2938 2944 2945
f 2938 2945 2939
f 2939 2945 2946
f 2939 2946 2940
f 2940 2946 2947
f 2940 2947 2941
f 2941 2947 2839
f 2941 2839 2942
f 2942 2839 2838
f 2942 2838 2742
f 2742 2838 2836
f 2742 2836 2740
f 2740 2836 2834
f 2948 2949 2950
f 2950 2949 2951
f 2950 2951 2952
f 2952 2951 2953
f 2952 2953 2954
f 2954 2953 2955
f 2954 2955 2956
f 2956 2955 2957
f 2956 2957 2958
f 2958 2957 2959
f 2958 2959 2960
f 2960 2959 2961
f 2960 2961 2962
f 2962 2961 2963
f 2962 2963 2964
f 2965 2966 2967
f 2967 2966 2964
f 2967 2964 2968
f 2968 2964 2963
f 230 229 2969
f 230 2969 225
f 2966 2970 2964
f 2964 2970 2971
f 2964 2971 2962
f 2962 2971 2972
f 2962 2972 2960
f 2960 2972 2973
f 2960 2973 2958
f 2958 2973 2974
f 2958 2974 2956
f 2956 2974 2975
f 2956 2975 2954
f 2954 2975 2976
f 2954 2976 2952
f 2952 2976 2977
f 2952 2977 2950
f 2950 2977 2978
f 2950 2978 2948
f 2948 2978 2979
f 2980 2981 2982
f 2983 2984 2985
f 2986 2987 2988
f 2988 2987 2985
f 2984 2989 2985
f 2985 2989 2990
f 2985 2990 2988
f 2988 2990 2991
f 2988 2991 2986
f 2992 2987 2993
f 2993 2987 2986
f 2993 2986 2994
f 2994 2986 2991
f 2994 2991 2995
f 2995 2991 2996
f 2995 2996 2997
f 2997 2996 2998
f 2997 2998 2999
f 2999 2998 3000
f 2725 2724 3001
f 2725 3002 2723
f 2723 3002 3003
f 2723 3003 3004
f 3004 3003 3005
f 3004 3005 3006
f 3005 3007 3006
f 3006 3007 3008
f 3006 3008 3004
f 3004 3008 3009
f 3004 3009 2723
f 2723 3009 3010
f 2723 3010 2724
f 3011 240 3012
f 3012 240 245
f 3012 245 3013
f 3001 241 2725
f 2725 241 240
f 2725 240 3002
f 3002 240 3011
f 3002 3011 3003
f 3003 3011 3012
f 3003 3012 3005
f 3005 3012 3013
f 3005 3013 3007
f 239 238 3014
f 3014 238 236
f 3014 236 3001
f 3001 236 235
f 3001 235 241
f 2727 3015 2728
f 2728 3015 3016
f 2728 3016 2729
f 2729 3016 3017
f 2729 3017 2730
f 229 227 2969
f 2969 227 226
f 2969 226 2983
f 2983 226 232
f 2983 232 231
f 2982 2981 3018
f 3018 2981 3019
f 3018 3019 3020
f 3020 3019 3021
f 3020 3021 3022
f 3022 3021 3023
f 3022 3023 3024
f 3024 3023 3025
f 3024 3025 3026
f 3026 3025 3027
f 3026 3027 3028
f 3028 3027 3029
f 3028 3029 3030
f 3030 3029 3031
f 3030 3031 3032
f 3032 3031 3033
f 3032 3033 3034
f 3034 3033 3035
f 3034 3035 3036
f 215 216 2926
f 2926 216 218
f 2926 218 219
f 220 222 3037
f 219 220 2926
f 2926 220 3037
f 2926 3037 2927
f 2927 3037 2965
f 2927 2965 2928
f 2928 2965 2967
f 2928 2967 2929
f 2929 2967 2968
f 2929 2968 2916
f 2916 2968 2963
f 2916 2963 2915
f 2915 2963 2961
f 2915 2961 2914
f 2914 2961 2959
f 2914 2959 2913
f 2913 2959 2957
f 2913 2957 2912
f 2912 2957 2955
f 2912 2955 2911
f 2911 2955 2953
f 2911 2953 2910
f 2910 2953 2951
f 2910 2951 2909
f 2909 2951 2949
f 2909 2949 2908
f 2908 2949 2948
f 2908 2948 2936
f 2936 2948 2979
f 2936 2979 2943
f 3038 2737 3036
f 3036 2737 2739
f 3036 2739 3034
f 3034 2739 3039
f 3034 3039 3032
f 3032 3039 3040
f 3032 3040 3030
f 3030 3040 3041
f 3030 3041 3028
f 3028 3041 3042
f 3028 3042 3026
f 3026 3042 3043
f 3026 3043 3024
f 3024 3043 3044
f 3024 3044 3022
f 3022 3044 3045
f 3022 3045 3020
f 3020 3045 3046
f 3020 3046 3018
f 3018 3046 3047
f 3018 3047 2982
f 3048 2736 3049
f 3049 2736 2721
f 3049 2721 3050
f 3050 2721 2720
f 3051 3052 3053
f 3054 3051 3055
f 3055 3051 3053
f 3055 3053 3056
f 3056 3053 3057
f 3056 3057 3058
f 3058 3057 3059
f 3060 3061 3062
f 3062 3061 3063
f 3064 3059 3065
f 3065 3059 3057
f 3065 3057 3066
f 3066 3057 3053
f 3066 3053 3067
f 3067 3053 3052
f 3067 3052 3068
f 3068 3069 3067
f 3067 3069 3070
f 3067 3070 3066
f 3066 3070 3071
f 3066 3071 3065
f 3065 3071 3072
f 3065 3072 3064
f 3064 3072 3073
f 3074 2718 3075
f 3075 2718 2717
f 3075 2717 3076
f 3077 3078 3079
f 3079 3078 3080
f 3079 3080 3081
f 3082 3083 3084
f 3085 3086 3087
f 3087 3086 3088
f 3087 3088 3089
f 3089 3088 3090
f 3085 3091 3092
f 3092 3091 3083
f 3093 3094 3095
f 3095 3094 3096
f 3095 3096 3097
f 3097 3096 3098
f 3099 3100 3101
f 3084 3093 3082
f 3082 3093 3095
f 3082 3095 3101
f 3101 3095 3097
f 3101 3097 3099
f 3099 3097 3098
f 2715 2714 3102
f 3098 2714 3099
f 3099 2714 2716
f 3099 2716 3100
f 3100 2716 3103
f 3100 3103 3104
f 3104 3103 3105
f 3104 3105 3106
f 3083 3082 3092
f 3092 3082 3101
f 3092 3101 3085
f 3085 3101 3100
f 3085 3100 3086
f 3086 3100 3104
f 3086 3104 3088
f 3088 3104 3106
f 3088 3106 3090
f 3077 3079 3107
f 3107 3079 3081
f 3107 3081 3108
f 3109 3038 3110
f 3110 3038 3036
f 3110 3036 3111
f 3111 3036 3035
f 3111 3035 3112
f 3112 3035 3033
f 3112 3033 3113
f 3113 3033 3031
f 3113 3031 3114
f 3114 3031 3029
f 3114 3029 3115
f 3115 3029 3027
f 3115 3027 3116
f 3116 3027 3025
f 3116 3025 3117
f 3117 3025 3023
f 3117 3023 3118
f 3118 3023 3021
f 3118 3021 3119
f 3119 3021 3019
f 3119 3019 3120
f 3120 3019 2981
f 3120 2981 3121
f 3121 2981 2980
f 3121 2980 2713
f 3122 2708 3123
f 3123 2708 2707
f 3123 2707 3015
f 3122 3124 3125
f 3122 3125 2708
f 2708 3125 3126
f 2708 3126 2709
f 3047 3127 2982
f 2982 3127 3017
f 2982 3017 2980
f 2980 3017 3016
f 2980 3016 2713
f 2713 3016 3015
f 2713 3015 2712
f 2712 3015 2707
f 2712 2707 2710
f 2710 2707 2709
f 249 247 3124
f 3124 247 246
f 3124 246 3125
f 3125 246 254
f 3125 254 3126
f 3126 254 253
f 3126 253 252
f 252 251 3126
f 3126 251 2816
f 3126 2816 2709
f 2709 2816 3128
f 2709 3128 2710
f 2710 3128 3129
f 2710 3129 2711
f 2711 3129 3130
f 2711 3130 2713
f 2713 3130 3131
f 2713 3131 3121
f 3121 3131 3132
f 3121 3132 3120
f 3120 3132 3133
f 3120 3133 3119
f 3119 3133 3134
f 3119 3134 3118
f 3118 3134 3135
f 3118 3135 3117
f 3117 3135 3136
f 3117 3136 3116
f 3116 3136 3137
f 3116 3137 3115
f 3115 3137 3138
f 3115 3138 3114
f 3114 3138 3139
f 3114 3139 3113
f 3113 3139 3140
f 3113 3140 3112
f 3112 3140 3141
f 3112 3141 3111
f 3111 3141 3142
f 3111 3142 3110
f 3110 3142 2719
f 3110 2719 3109
f 3109 2719 2718
f 3109 2718 3143
f 3143 2718 3074
f 3143 3074 3068
f 3068 3074 3075
f 3068 3075 3069
f 3069 3075 3076
f 3069 3076 3070
f 2810 2803 2811
f 2811 2803 2789
f 2811 2789 3144
f 3144 2789 3145
f 3144 3145 3146
f 3146 3145 3147
f 3146 3147 3148
f 3148 3147 3149
f 3148 3149 3150
f 3150 3149 3151
f 3150 3151 3152
f 3152 3151 3153
f 3152 3153 3154
f 3154 3153 3155
f 3154 3155 3156
f 3156 3155 3157
f 3156 3157 3158
f 3158 3157 3159
f 3158 3159 3160
f 3160 3159 3161
f 3160 3161 3162
f 3163 3164 3165
f 3165 3164 3166
f 3165 3166 3167
f 3167 3166 3168
f 3167 3168 3169
f 3169 3168 3170
f 2792 2796 2789
f 2789 2796 2795
f 2789 2795 3145
f 3145 2795 3171
f 3145 3171 3147
f 3147 3171 3172
f 3147 3172 3149
f 3149 3172 3173
f 3149 3173 3151
f 3151 3173 3174
f 3151 3174 3153
f 3153 3174 3175
f 3153 3175 3155
f 3155 3175 3176
f 3155 3176 3157
f 3157 3176 3177
f 3157 3177 3159
f 3159 3177 3178
f 3159 3178 3161
f 2753 2782 2754
f 2754 2782 2784
f 2754 2784 2795
f 2795 2784 3179
f 2795 3179 3171
f 3171 3179 3180
f 3171 3180 3172
f 3172 3180 3181
f 3172 3181 3173
f 3173 3181 3182
f 3173 3182 3174
f 3174 3182 3183
f 3174 3183 3175
f 3175 3183 3184
f 3175 3184 3176
f 3176 3184 3185
f 3176 3185 3177
f 3177 3185 3186
f 3177 3186 3178
f 3094 3187 3096
f 3096 3187 3188
f 3096 3188 3098
f 3098 3188 3189
f 3098 3189 2714
f 2714 3189 3190
f 2714 3190 3102
f 3102 3190 3191
f 3102 3191 3192
f 3192 3191 3193
f 3194 244 250
f 3127 3195 3017
f 3017 3195 2992
f 3017 2992 2730
f 2730 2992 2993
f 2730 2993 2728
f 2728 2993 2994
f 2728 2994 2726
f 2726 2994 2995
f 2726 2995 2727
f 2727 2995 2997
f 2727 2997 3015
f 3015 2997 2999
f 3015 2999 3123
f 3123 2999 3000
f 3123 3000 3122
f 3122 3000 3194
f 3122 3194 3124
f 3124 3194 250
f 3124 250 249
f 231 239 2983
f 2983 239 3014
f 2983 3014 2984
f 2984 3014 3001
f 2984 3001 2989
f 2989 3001 2724
f 2989 2724 2990
f 2990 2724 3010
f 2990 3010 2991
f 2991 3010 3009
f 2991 3009 2996
f 2996 3009 3008
f 2996 3008 2998
f 2998 3008 3007
f 2998 3007 3000
f 3000 3007 3013
f 3000 3013 3194
f 3194 3013 245
f 3194 245 244
f 3196 3197 3198
f 3198 3197 3199
f 3198 3199 3200
f 3200 3199 3201
f 3200 3201 3202
f 3202 3201 3203
f 3202 3203 3204
f 3204 3203 3205
f 3204 3205 3206
f 3206 3205 3207
f 3206 3207 3208
f 3208 3207 3209
f 3208 3209 3210
f 3210 3209 3211
f 3210 3211 3212
f 3212 3211 3213
f 3212 3213 3214
f 3215 3216 3217
f 3217 3216 3218
f 3217 3218 3219
f 3219 3218 3220
f 3219 3220 3221
f 3222 3223 3224
f 3224 3223 3225
f 3224 3225 3226
f 3226 3225 3227
f 3226 3227 3228
f 3229 3230 3231
f 3231 3230 3232
f 3231 3232 3233
f 3233 3232 3234
f 3233 3234 3235
f 3236 3237 3238
f 3238 3237 3239
f 3238 3239 3240
f 3240 3239 3229
f 3240 3229 3222
f 3222 3229 3231
f 3222 3231 3223
f 3223 3231 3233
f 3223 3233 3225
f 3225 3233 3235
f 3225 3235 3227
f 3241 3236 3242
f 3242 3236 3238
f 3242 3238 3243
f 3243 3238 3240
f 3243 3240 3244
f 3244 3240 3222
f 3244 3222 3215
f 3215 3222 3224
f 3215 3224 3216
f 3216 3224 3226
f 3216 3226 3218
f 3218 3226 3228
f 3218 3228 3220
f 3245 3246 2704
f 2704 3246 3247
f 2704 3247 2705
f 2705 3247 3248
f 2705 3248 3249
f 2702 3245 2703
f 2703 3245 2704
f 2703 2704 3250
f 3250 2704 2706
f 3250 2706 3251
f 3252 2701 3253
f 3253 2701 2703
f 3253 2703 3254
f 3254 2703 3250
f 3254 3250 3255
f 3255 3250 3251
f 3255 3251 3256
f 3257 3258 3256
f 3256 3258 3259
f 3256 3259 3255
f 3255 3259 3260
f 3255 3260 3254
f 3254 3260 3261
f 3254 3261 3253
f 3253 3261 3262
f 3253 3262 3252
f 3197 3249 3199
f 3199 3249 3248
f 3199 3248 3201
f 3201 3248 3247
f 3201 3247 3203
f 3203 3247 3246
f 3203 3246 3205
f 3205 3246 3245
f 3205 3245 3207
f 3207 3245 2702
f 3207 2702 3209
f 3209 2702 2701
f 3209 2701 3211
f 3211 2701 3252
f 3211 3252 3213
f 3263 3264 3265
f 3265 3264 3266
f 3267 3268 3269
f 3270 3271 3272
f 3272 3271 3273
f 3272 3273 3274
f 3274 3273 3265
f 3274 3265 3275
f 3275 3265 3266
f 3276 3263 3277
f 3277 3263 3265
f 3277 3265 3278
f 3278 3265 3273
f 3278 3273 3279
f 3279 3273 3271
f 3280 3281 3282
f 3282 3281 3283
f 3282 3283 3284
f 3284 3283 3285
f 3284 3285 3286
f 3286 3285 3287
f 3187 3288 3188
f 3188 3288 3289
f 3188 3289 3189
f 3189 3289 3290
f 3189 3290 3190
f 3190 3290 3291
f 3190 3291 3191
f 3191 3291 3292
f 3191 3292 3193
f 3193 3241 3192
f 3192 3241 3242
f 3192 3242 3102
f 3102 3242 3243
f 3102 3243 2715
f 2715 3243 3244
f 2715 3244 2716
f 2716 3244 3215
f 2716 3215 3103
f 3103 3215 3217
f 3103 3217 3105
f 3105 3217 3219
f 3105 3219 3106
f 3106 3219 3221
f 3106 3221 3090
f 3292 3293 3193
f 3193 3293 3257
f 3193 3257 3241
f 3241 3257 3256
f 3241 3256 3236
f 3236 3256 3251
f 3236 3251 3237
f 3237 3251 2706
f 3237 2706 3239
f 3239 2706 2705
f 3239 2705 3229
f 3229 2705 3249
f 3229 3249 3230
f 3230 3249 3197
f 3230 3197 3232
f 3232 3197 3196
f 3232 3196 3234
f 3081 3294 3108
f 3108 3294 3295
f 3108 3295 3296
f 3296 3295 3297
f 3296 3297 3298
f 3298 3297 3299
f 3298 3299 3300
f 3300 3299 3301
f 3294 3163 3295
f 3295 3163 3165
f 3295 3165 3297
f 3297 3165 3167
f 3297 3167 3299
f 3299 3167 3169
f 3299 3169 3301
f 3301 3169 3170
f 3301 3170 3302
f 68 67 2778
f 2778 67 3303
f 2778 3303 2784
f 2784 3303 3304
f 2784 3304 3179
f 3179 3304 3305
f 3179 3305 3180
f 3180 3305 3306
f 3180 3306 3181
f 3181 3306 3307
f 3181 3307 3182
f 3182 3307 3308
f 3182 3308 3183
f 3183 3308 3309
f 3183 3309 3184
f 3184 3309 3310
f 3184 3310 3185
f 3185 3310 3302
f 3185 3302 3186
f 3186 3302 3170
f 3186 3170 3178
f 3178 3170 3168
f 3178 3168 3161
f 3161 3168 3166
f 3161 3166 3162
f 3162 3166 3164
f 417 416 3311
f 3311 416 423
f 3311 423 425
f 2700 2699 3312
f 3312 2699 3313
f 3312 3313 3314
f 3314 3313 3315
f 3314 3315 3316
f 3316 3315 3317
f 3316 3317 3318
f 3318 3317 3319
f 3318 3319 3320
f 3320 3319 3321
f 3320 3321 3322
f 3322 3321 3323
f 3322 3323 3324
f 3324 3323 3325
f 3324 3325 3326
f 3326 3325 3327
f 3326 3327 3311
f 3311 3327 3328
f 3311 3328 417
f 422 421 3328
f 3328 421 419
f 3328 419 417
f 67 411 3303
f 3303 411 413
f 3303 413 415
f 2698 3300 2699
f 2699 3300 3301
f 2699 3301 3313
f 3313 3301 3302
f 3313 3302 3315
f 3315 3302 3310
f 3315 3310 3317
f 3317 3310 3309
f 3317 3309 3319
f 3319 3309 3308
f 3319 3308 3321
f 3321 3308 3307
f 3321 3307 3323
f 3323 3307 3306
f 3323 3306 3325
f 3325 3306 3305
f 3325 3305 3327
f 3327 3305 3304
f 3327 3304 3328
f 3328 3304 3303
f 3328 3303 422
f 422 3303 415
f 3267 3329 3268
f 3268 3329 3330
f 3268 3330 3331
f 3275 3269 3274
f 3274 3269 3268
f 3274 3268 3272
f 3272 3268 3331
f 3272 3331 3270
f 3270 3331 3332
f 443 2697 435
f 429 435 3333
f 3333 435 2697
f 3333 2697 3334
f 3334 2697 3335
f 3334 3335 3336
f 3336 3335 3337
f 3336 3337 3338
f 3338 3337 3339
f 3338 3339 3340
f 3340 3339 3341
f 3340 3341 3342
f 3342 3341 3343
f 3342 3343 3344
f 3344 3343 3345
f 3344 3345 3346
f 3346 3345 3347
f 3346 3347 3348
f 3348 3347 3349
f 3348 3349 3350
f 3350 3349 3351
f 3350 3351 3352
f 3352 3351 3353
f 3352 3353 3354
f 3354 3353 3355
f 3354 3355 3356
f 3356 3355 3357
f 3356 3357 3358
f 3358 3357 3359
f 3358 3359 3360
f 3360 3359 3361
f 3360 3361 3362
f 3362 3361 3363
f 3330 3364 3331
f 3331 3364 3365
f 3331 3365 3332
f 3332 3365 3366
f 3332 3366 3367
f 3367 3366 3368
f 3367 3368 3369
f 3369 3368 3370
f 3369 3370 3371
f 3371 3370 3372
f 3371 3372 3373
f 3373 3372 3374
f 3373 3374 3375
f 3376 3377 3378
f 2217 3379 3380
f 3380 3379 3381
f 3380 3381 3382
f 3382 3381 3377
f 3382 3377 3383
f 3383 3377 3376
f 3384 3385 3386
f 3387 3388 3389
f 3386 3390 3389
f 3391 3392 3393
f 3393 3392 3394
f 3393 3394 3395
f 3395 3394 3396
f 3395 3396 3397
f 3397 3396 3398
f 3397 3398 3399
f 3399 3398 3400
f 3399 3400 3401
f 3401 3400 3402
f 3401 3402 3403
f 3403 3402 3404
f 3403 3404 3405
f 3405 3404 3406
f 3405 3406 3407
f 3406 455 460
f 466 468 3408
f 3408 468 470
f 3386 3385 3390
f 3390 3385 3409
f 3390 3409 3410
f 3410 3409 3408
f 3410 3408 2696
f 2696 3408 470
f 2696 470 472
f 3406 460 3407
f 3407 460 462
f 3407 462 463
f 3411 3391 3412
f 3412 3391 3393
f 3412 3393 3413
f 3413 3393 3395
f 3413 3395 3414
f 3414 3395 3397
f 3414 3397 3415
f 3415 3397 3399
f 3415 3399 3416
f 3416 3399 3401
f 3416 3401 3384
f 3384 3401 3403
f 3384 3403 3385
f 3385 3403 3405
f 3385 3405 3409
f 3409 3405 3407
f 3409 3407 3408
f 3408 3407 463
f 3408 463 466
f 3388 3387 3417
f 3417 3387 3418
f 3417 3418 3419
f 3419 3418 3420
f 3419 3420 3421
f 444 447 3422
f 449 457 3406
f 3406 457 456
f 3406 456 455
f 447 449 3422
f 3422 449 3406
f 3422 3406 3423
f 3423 3406 3404
f 3423 3404 3375
f 3375 3404 3402
f 3375 3402 3373
f 3373 3402 3400
f 3373 3400 3371
f 3371 3400 3398
f 3371 3398 3369
f 3369 3398 3396
f 3369 3396 3367
f 3367 3396 3394
f 3367 3394 3332
f 3332 3394 3392
f 3332 3392 3270
f 3270 3392 3391
f 3270 3391 3271
f 3271 3391 3411
f 3271 3411 3279
f 3424 3425 3426
f 3426 3425 3427
f 3426 3427 3378
f 3378 3427 3428
f 3378 3428 3376
f 439 437 3422
f 3422 437 436
f 3422 436 444
f 427 493 3333
f 3333 493 431
f 3333 431 429
f 2209 3429 2210
f 2210 3429 3430
f 2210 3430 2211
f 2211 3430 3431
f 2211 3431 2213
f 2213 3431 3432
f 2213 3432 2214
f 2214 3432 3433
f 2214 3433 2215
f 2215 3433 3379
f 2215 3379 2216
f 2216 3379 2217
f 3434 3435 3436
f 3437 3438 3434
f 3439 3440 3441
f 3438 3437 3442
f 3442 3437 3443
f 3442 3443 3444
f 3445 3441 3446
f 3447 3448 3449
f 3449 3448 3450
f 3449 3450 3451
f 3452 3453 3454
f 3454 3453 3455
f 3454 3455 3456
f 3451 3457 3449
f 3449 3457 3456
f 3449 3456 3447
f 3447 3456 3455
f 3447 3455 3458
f 3458 3455 3453
f 3444 3459 3460
f 3460 3459 3461
f 3436 3439 3462
f 3462 3439 3441
f 3462 3441 3463
f 3463 3441 3445
f 3463 3445 3464
f 3464 3445 3465
f 3466 3465 3467
f 3467 3465 3445
f 3467 3445 3468
f 3468 3445 3446
f 3469 3470 3471
f 3471 3470 3472
f 3473 3474 3475
f 3476 3477 3478
f 3478 3477 3479
f 3478 3479 3480
f 3481 3466 3482
f 3482 3466 3467
f 3482 3467 3483
f 3483 3467 3468
f 3483 3468 3484
f 3484 3468 3446
f 3484 3446 3485
f 2687 2691 3486
f 3486 2691 2690
f 3486 2690 3470
f 3470 2690 2689
f 3470 2689 3472
f 3487 3488 2692
f 2692 3488 3489
f 2692 3489 2690
f 2690 3489 3490
f 2690 3490 2688
f 3434 3436 3437
f 3437 3436 3462
f 3437 3462 3443
f 3443 3462 3463
f 3443 3463 3491
f 3491 3463 3464
f 3491 3464 3492
f 3492 3464 3465
f 3492 3465 3493
f 3493 3465 3466
f 3493 3466 3494
f 3494 3466 3481
f 3494 3481 3495
f 2687 2686 2691
f 2691 2686 3496
f 2691 3496 2692
f 2692 3496 3497
f 2692 3497 3487
f 3479 3498 3480
f 3480 3498 3499
f 3480 3499 3500
f 3501 3502 3497
f 3497 3502 3503
f 3497 3503 3487
f 3444 3443 3459
f 3459 3443 3491
f 3459 3491 3504
f 3504 3491 3492
f 3504 3492 3505
f 3505 3492 3493
f 3505 3493 3506
f 3506 3493 3494
f 3506 3494 3507
f 3507 3494 3495
f 3507 3495 3508
f 2684 3509 2685
f 2685 3509 2686
f 2686 3509 3510
f 2686 3510 3496
f 3496 3510 3511
f 3496 3511 3497
f 3497 3511 3512
f 3497 3512 3501
f 3513 3514 3512
f 3512 3514 3515
f 3512 3515 3501
f 2684 2683 3509
f 3509 2683 3516
f 3509 3516 3510
f 3510 3516 3517
f 3510 3517 3511
f 3511 3517 3518
f 3511 3518 3512
f 3512 3518 3519
f 3512 3519 3513
f 3473 3475 3520
f 3520 3475 3521
f 3520 3521 3522
f 3522 3521 3523
f 3522 3523 3524
f 3524 3523 3525
f 3524 3525 3526
f 3526 3525 3527
f 3526 3527 3528
f 3528 3527 3529
f 3528 3529 3530
f 3531 3532 3533
f 3530 2682 3508
f 3508 2682 2684
f 3508 2684 3507
f 3507 2684 2685
f 3507 2685 3506
f 3506 2685 2687
f 3506 2687 3505
f 3505 2687 3486
f 3505 3486 3504
f 3504 3486 3470
f 3504 3470 3459
f 3459 3470 3469
f 3459 3469 3461
f 3534 3533 3535
f 3535 3533 3532
f 3535 3532 3536
f 3536 3532 3500
f 3536 3500 3537
f 3537 3500 3499
f 3534 3535 3538
f 3538 3535 3536
f 3538 3536 3539
f 3539 3536 3537
f 3539 3537 3540
f 3540 3537 3499
f 3540 3499 3541
f 3541 3499 3498
f 3541 3498 3542
f 3542 3498 3479
f 3542 3479 3543
f 3543 3479 3477
f 3543 3477 3544
f 3544 3477 3476
f 3544 3476 2695
f 3545 3546 3547
f 3547 3546 3548
f 3547 3548 3549
f 3549 3548 3550
f 3549 3550 3551
f 3546 3552 3548
f 3548 3552 3531
f 3548 3531 3550
f 3550 3531 3533
f 3550 3533 3551
f 3551 3533 3534
f 3553 3554 2693
f 3555 3556 3557
f 3557 3556 3558
f 3557 3558 3559
f 3559 3558 3560
f 3559 3560 3561
f 3561 3560 3562
f 3561 3562 3563
f 3563 3562 3564
f 3563 3564 3565
f 3565 3564 3566
f 3565 3566 3567
f 3567 3566 3568
f 3567 3568 3569
f 3569 3568 3570
f 3569 3570 3571
f 3571 3570 3572
f 3571 3572 3573
f 3573 3572 3574
f 3573 3574 3575
f 3575 3574 3576
f 3575 3576 3577
f 3577 3576 3578
f 3577 3578 3579
f 3579 3578 3580
f 3579 3580 3581
f 3581 3580 3582
f 3581 3582 3583
f 3555 3584 3585
f 3555 3585 3556
f 3556 3585 3586
f 3556 3586 3558
f 3558 3586 3587
f 3558 3587 3560
f 3560 3587 3588
f 3560 3588 3562
f 3562 3588 3589
f 3562 3589 3564
f 3564 3589 3590
f 3564 3590 3566
f 3566 3590 3591
f 3566 3591 3568
f 3568 3591 3592
f 3568 3592 3570
f 3570 3592 3593
f 3570 3593 3572
f 3572 3593 3594
f 3572 3594 3574
f 3574 3594 3595
f 3574 3595 3576
f 3576 3595 3596
f 3576 3596 3578
f 3578 3596 3554
f 3578 3554 3580
f 3580 3554 3553
f 3580 3553 3582
f 2693 3554 2694
f 2694 3554 3596
f 2694 3596 3597
f 3597 3596 3595
f 3597 3595 3598
f 3598 3595 3594
f 3598 3594 3599
f 3599 3594 3593
f 3599 3593 3600
f 3600 3593 3592
f 3600 3592 3601
f 3601 3592 3591
f 3601 3591 3602
f 3602 3591 3590
f 3602 3590 3603
f 3603 3590 3589
f 3603 3589 3604
f 3604 3589 3588
f 3604 3588 3605
f 3605 3588 3587
f 3605 3587 2681
f 2681 3587 3586
f 2681 3586 2679
f 2679 3586 3585
f 2679 3585 3606
f 3606 3585 3584
f 3606 3584 3607
f 2695 2694 3544
f 3544 2694 3597
f 3544 3597 3543
f 3543 3597 3598
f 3543 3598 3542
f 3542 3598 3599
f 3542 3599 3541
f 3541 3599 3600
f 3541 3600 3540
f 3540 3600 3601
f 3540 3601 3539
f 3539 3601 3602
f 3539 3602 3538
f 3538 3602 3603
f 3538 3603 3534
f 3534 3603 3604
f 3534 3604 3551
f 3551 3604 3605
f 3551 3605 3549
f 3549 3605 2681
f 3549 2681 3547
f 3547 2681 2680
f 3547 2680 3545
f 3608 3609 3519
f 3519 3609 3610
f 3519 3610 3513
f 3611 3612 3613
f 3613 3612 3614
f 3615 3616 3617
f 2676 2678 3618
f 3619 3620 3621
f 3621 3620 3622
f 3623 3624 3625
f 3625 3624 3626
f 3622 2673 3621
f 3621 2673 2675
f 3621 2675 3627
f 3627 2675 3628
f 3627 3628 3629
f 3629 3628 3630
f 3629 3630 3631
f 3631 3630 3632
f 3631 3632 3633
f 3633 3632 3634
f 3633 3634 3635
f 3635 3634 3636
f 3635 3636 3637
f 3637 3636 3638
f 3637 3638 3639
f 3639 3638 3640
f 3639 3640 3641
f 3642 3643 3644
f 3643 3642 3645
f 3646 3647 3648
f 3648 3647 3649
f 3650 3651 3652
f 3652 3651 3653
f 3652 3653 3654
f 3654 3653 3655
f 3654 3655 3656
f 3656 3655 3657
f 3656 3657 3658
f 3658 3657 3659
f 3658 3659 3660
f 3660 3659 3661
f 3660 3661 3642
f 3642 3661 3662
f 3642 3662 3645
f 3645 3662 2672
f 3645 2672 3663
f 3663 2672 2671
f 3663 2671 3664
f 3647 3665 3649
f 3649 3665 3666
f 3649 3666 3667
f 3667 3666 3668
f 3667 3668 3669
f 3669 3668 3670
f 3669 3670 3671
f 3671 3670 3672
f 3671 3672 3673
f 3673 3674 3671
f 3671 3674 3675
f 3671 3675 3669
f 3669 3675 3676
f 3669 3676 3667
f 3676 3677 3667
f 3667 3677 3678
f 3667 3678 3649
f 3649 3678 3679
f 3649 3679 3648
f 3680 3681 3682
f 3682 3683 3680
f 3680 3683 3684
f 3680 3684 3685
f 3685 3684 3686
f 3685 3686 3687
f 3686 3688 3687
f 3687 3688 3689
f 3687 3689 3673
f 3673 3689 3690
f 3673 3690 3674
f 3626 3619 3625
f 3625 3619 3621
f 3625 3621 3691
f 3691 3621 3627
f 3691 3627 3692
f 3692 3627 3629
f 3692 3629 3693
f 3693 3629 3631
f 3693 3631 3694
f 3694 3631 3633
f 3694 3633 3695
f 3695 3633 3635
f 3695 3635 3696
f 3696 3635 3637
f 3696 3637 3697
f 3697 3637 3639
f 3697 3639 3698
f 3698 3639 3641
f 3698 3641 3699
f 3700 3701 3702
f 2208 2206 3703
f 3703 2206 2205
f 3703 2205 3681
f 3681 2205 3704
f 3681 3704 3682
f 2677 3615 2678
f 2678 3615 3617
f 2678 3617 3705
f 3705 3617 3706
f 3705 3706 3707
f 3707 3706 3708
f 3707 3708 3709
f 3709 3708 3710
f 3709 3710 3711
f 3711 3710 3712
f 3711 3712 3713
f 3713 3712 3714
f 3713 3714 3715
f 3715 3714 3716
f 3715 3716 3717
f 3717 3716 3718
f 3717 3718 3719
f 3719 3718 3720
f 3719 3720 3721
f 3721 3720 3722
f 3721 3722 3723
f 3723 3722 3724
f 3723 3724 3725
f 3725 3724 3726
f 3725 3726 3727
f 3727 3726 3728
f 3727 3728 3729
f 3729 3728 3730
f 3729 3730 3731
f 3731 3730 3732
f 3731 3732 3733
f 3733 3732 3734
f 3733 3734 3735
f 3735 3734 3736
f 3735 3736 3737
f 3737 3736 3738
f 3737 3738 3739
f 3739 3738 3287
f 3739 3287 3740
f 3740 3287 3285
f 3740 3285 3741
f 3741 3285 3283
f 3741 3283 3742
f 3742 3283 3281
f 3742 3281 2700
f 2700 3281 3280
f 2700 3280 2698
f 3616 3611 3617
f 3617 3611 3613
f 3617 3613 3706
f 3706 3613 3743
f 3706 3743 3708
f 3708 3743 3744
f 3708 3744 3710
f 3710 3744 3745
f 3710 3745 3712
f 3712 3745 3746
f 3712 3746 3714
f 3714 3746 3747
f 3714 3747 3716
f 3716 3747 3748
f 3716 3748 3718
f 3718 3748 3749
f 3718 3749 3720
f 3720 3749 3750
f 3720 3750 3722
f 3722 3750 3751
f 3722 3751 3724
f 3724 3751 3752
f 3724 3752 3726
f 3726 3752 3753
f 3726 3753 3728
f 3728 3753 3754
f 3728 3754 3730
f 3730 3754 3755
f 3730 3755 3732
f 3732 3755 3756
f 3732 3756 3734
f 3734 3756 3757
f 3734 3757 3736
f 3736 3757 3758
f 3736 3758 3738
f 3738 3758 3759
f 3738 3759 3287
f 3702 3701 3760
f 3760 3701 3761
f 3760 3761 3762
f 3763 3700 3764
f 3764 3700 3702
f 3764 3702 3765
f 3765 3702 3760
f 2669 3766 3767
f 3767 3766 3768
f 3767 3768 3769
f 3640 3770 3641
f 3641 3770 3771
f 3641 3771 3699
f 3699 3771 3769
f 3699 3769 3772
f 3772 3769 3768
f 3770 3763 3771
f 3771 3763 3764
f 3771 3764 3769
f 3769 3764 3765
f 3769 3765 3767
f 3767 3765 3760
f 3767 3760 2669
f 2669 3760 3762
f 2669 3762 2667
f 441 439 2697
f 2697 439 3422
f 2697 3422 3335
f 3335 3422 3423
f 3335 3423 3337
f 3337 3423 3375
f 3337 3375 3339
f 3339 3375 3374
f 3339 3374 3341
f 3341 3374 3372
f 3341 3372 3343
f 3343 3372 3370
f 3343 3370 3345
f 3345 3370 3368
f 3345 3368 3347
f 3347 3368 3366
f 3347 3366 3349
f 3349 3366 3365
f 3349 3365 3351
f 3351 3365 3364
f 3351 3364 3353
f 3353 3364 3330
f 3353 3330 3355
f 3355 3330 3329
f 3355 3329 3357
f 3357 3329 3267
f 3357 3267 3359
f 3359 3267 3269
f 3359 3269 3361
f 3361 3269 3275
f 3361 3275 3363
f 3363 3275 3266
f 3363 3266 3773
f 3773 3266 3264
f 3773 3264 3774
f 3774 3264 3263
f 3774 3263 3775
f 3775 3263 3276
f 3775 3276 3776
f 2668 3362 2669
f 2669 3362 3363
f 2669 3363 3766
f 3766 3363 3773
f 3766 3773 3768
f 3768 3773 3774
f 3768 3774 3772
f 3772 3774 3775
f 3772 3775 3699
f 3699 3775 3776
f 3699 3776 3698
f 3698 3776 3777
f 3698 3777 3697
f 3697 3777 3778
f 3697 3778 3696
f 3696 3778 3650
f 3696 3650 3695
f 3695 3650 3652
f 3695 3652 3694
f 3694 3652 3654
f 3694 3654 3693
f 3693 3654 3656
f 3693 3656 3692
f 3692 3656 3658
f 3692 3658 3691
f 3691 3658 3660
f 3691 3660 3625
f 3625 3660 3642
f 3625 3642 3623
f 3623 3642 3644
f 425 427 3311
f 3311 427 3333
f 3311 3333 3326
f 3326 3333 3334
f 3326 3334 3324
f 3324 3334 3336
f 3324 3336 3322
f 3322 3336 3338
f 3322 3338 3320
f 3320 3338 3340
f 3320 3340 3318
f 3318 3340 3342
f 3318 3342 3316
f 3316 3342 3344
f 3316 3344 3314
f 3314 3344 3346
f 3314 3346 3312
f 3312 3346 3348
f 3312 3348 2700
f 2700 3348 3350
f 2700 3350 3742
f 3742 3350 3352
f 3742 3352 3741
f 3741 3352 3354
f 3741 3354 3740
f 3740 3354 3356
f 3740 3356 3739
f 3739 3356 3358
f 3739 3358 3737
f 3737 3358 3360
f 3737 3360 3735
f 3735 3360 3362
f 3735 3362 3733
f 3733 3362 2668
f 3733 2668 3731
f 3731 2668 2667
f 3731 2667 3729
f 3729 2667 3762
f 3729 3762 3727
f 3727 3762 3761
f 3727 3761 3725
f 3725 3761 3701
f 3725 3701 3723
f 3723 3701 3700
f 3723 3700 3721
f 3721 3700 3763
f 3721 3763 3719
f 3719 3763 3770
f 3719 3770 3717
f 3717 3770 3640
f 3717 3640 3715
f 3715 3640 3638
f 3715 3638 3713
f 3713 3638 3636
f 3713 3636 3711
f 3711 3636 3634
f 3711 3634 3709
f 3709 3634 3632
f 3709 3632 3707
f 3707 3632 3630
f 3707 3630 3705
f 3705 3630 3628
f 3705 3628 2678
f 2678 3628 2675
f 2678 2675 3618
f 3618 2675 2674
f 3214 3607 3212
f 3212 3607 3584
f 3212 3584 3210
f 3210 3584 3555
f 3210 3555 3208
f 3208 3555 3557
f 3208 3557 3206
f 3206 3557 3559
f 3206 3559 3204
f 3204 3559 3561
f 3204 3561 3202
f 3202 3561 3563
f 3202 3563 3200
f 3200 3563 3565
f 3200 3565 3198
f 3198 3565 3567
f 3198 3567 3196
f 3196 3567 3569
f 3196 3569 3234
f 3234 3569 3571
f 3234 3571 3235
f 3235 3571 3573
f 3235 3573 3227
f 3227 3573 3575
f 3227 3575 3228
f 3228 3575 3577
f 3228 3577 3220
f 3220 3577 3579
f 3220 3579 3221
f 3221 3579 3581
f 3221 3581 3090
f 3090 3581 3583
f 3090 3583 3089
f 3779 3780 3781
f 99 101 3782
f 3782 101 3783
f 3782 3783 3784
f 3784 3783 3781
f 3784 3781 3785
f 3785 3781 3780
f 3786 3787 3788
f 3788 3787 3789
f 3788 3789 3779
f 3790 3791 3786
f 3786 3791 3792
f 3786 3792 3787
f 3793 3794 3795
f 3795 3794 3796
f 3795 3796 3797
f 3798 3799 3790
f 3799 3800 3790
f 3790 3800 3801
f 3790 3801 3791
f 101 103 3783
f 3783 103 106
f 3783 106 3802
f 3802 106 105
f 3802 105 111
f 111 3803 3802
f 3802 3803 3804
f 3802 3804 3783
f 3783 3804 3805
f 3783 3805 3781
f 111 2663 3803
f 3803 2663 2665
f 3803 2665 3804
f 3804 2665 3806
f 3804 3806 3805
f 3805 3806 3807
f 3805 3807 3781
f 3786 3793 3790
f 3790 3793 3795
f 3790 3795 3808
f 3808 3795 3797
f 3808 3797 3809
f 3810 3811 3812
f 3812 3811 3813
f 3812 3813 3814
f 3810 3815 3811
f 3811 3815 3816
f 3811 3816 2766
f 2766 3816 3817
f 2766 3817 2767
f 2660 3818 2661
f 2661 3818 3819
f 2661 3819 3813
f 3813 3819 3820
f 3813 3820 3814
f 3779 3781 3788
f 3788 3781 3807
f 3788 3807 3786
f 3786 3807 3806
f 3786 3806 3793
f 3793 3806 2665
f 3793 2665 3794
f 3794 2665 2664
f 3794 2664 3796
f 3796 2664 3821
f 3796 3821 3797
f 3797 3821 3822
f 3797 3822 3809
f 3809 3822 3823
f 3809 3823 3824
f 3824 3823 3825
f 3824 3825 3826
f 3826 3825 3827
f 3826 3827 3828
f 3828 3827 3829
f 3828 3829 3830
f 3830 3829 3831
f 3830 3831 3832
f 3832 3831 3833
f 3832 3833 3834
f 110 108 2663
f 2663 108 2666
f 2663 2666 2664
f 2664 2666 3835
f 2664 3835 3821
f 3821 3835 3836
f 3821 3836 3822
f 3822 3836 3837
f 3822 3837 3823
f 3823 3837 3838
f 3823 3838 3825
f 3825 3838 3839
f 3825 3839 3827
f 3827 3839 3840
f 3827 3840 3829
f 3829 3840 3841
f 3829 3841 3831
f 3831 3841 3842
f 3831 3842 3833
f 112 114 3843
f 89 88 3844
f 3844 88 3845
f 3844 3845 3846
f 3846 3845 3847
f 2659 2661 3848
f 3848 2661 3849
f 3848 3849 3850
f 3851 3852 3853
f 3853 3852 3854
f 3853 3854 3855
f 3855 3856 3853
f 3853 3856 3857
f 3853 3857 3849
f 3849 3857 3858
f 3849 3858 3850
f 3851 3853 3859
f 3859 3853 3849
f 3859 3849 3860
f 3860 3849 2661
f 3860 2661 3861
f 3861 2661 3813
f 3861 3813 3862
f 3862 3813 3811
f 3862 3811 3863
f 3863 3811 2766
f 3863 2766 3864
f 3864 2766 2764
f 3864 2764 3865
f 3865 2764 2755
f 3865 2755 3866
f 3866 2755 2757
f 3866 2757 3867
f 3867 2757 2759
f 3867 2759 3798
f 3798 3790 3867
f 3867 3790 3808
f 3867 3808 3866
f 3866 3808 3809
f 3866 3809 3865
f 3865 3809 3824
f 3865 3824 3864
f 3864 3824 3826
f 3864 3826 3863
f 3863 3826 3828
f 3863 3828 3862
f 3862 3828 3830
f 3862 3830 3861
f 3861 3830 3832
f 3861 3832 3860
f 3860 3832 3834
f 3860 3834 3859
f 3859 3834 3868
f 3859 3868 3851
f 3869 3870 3852
f 3852 3870 3871
f 3852 3871 3854
f 2655 3872 2656
f 2656 3872 3873
f 2656 3873 2657
f 3874 3875 3876
f 3876 3875 3877
f 2774 3878 2772
f 2772 3878 3879
f 2772 3879 3880
f 3880 3879 3881
f 3880 3881 3882
f 3883 3884 3885
f 3885 3884 3886
f 3885 3886 3887
f 3887 3886 3888
f 3887 3888 3876
f 3876 3888 3880
f 3876 3880 3874
f 3874 3880 3882
f 3889 3883 3890
f 3890 3883 3885
f 3890 3885 2658
f 2658 3885 3887
f 2658 3887 2656
f 2656 3887 3876
f 2656 3876 2654
f 2654 3876 3877
f 3891 3883 3892
f 3892 3883 3889
f 3892 3889 2650
f 3842 2662 3833
f 3833 2662 2648
f 3833 2648 3834
f 3834 2648 2650
f 3834 2650 3868
f 3868 2650 3889
f 3868 3889 3851
f 3851 3889 3890
f 3851 3890 3852
f 3852 3890 2658
f 3852 2658 3869
f 3869 2658 2657
f 3869 2657 3893
f 3893 2657 3873
f 3894 2652 3895
f 3895 2652 2651
f 3895 2651 3896
f 3897 3894 3898
f 3898 3894 3895
f 3898 3895 3899
f 3899 3895 3896
f 3899 3896 3900
f 3901 3897 3902
f 3902 3897 3898
f 3902 3898 3903
f 3903 3898 3899
f 3903 3899 3904
f 3904 3899 3900
f 3905 3906 3907
f 3907 3906 3908
f 3907 3908 3909
f 3908 3910 3909
f 3909 3910 3911
f 3909 3911 3912
f 3912 3911 3913
f 3912 3913 3914
f 3914 3913 3915
f 3914 3915 3916
f 3917 3918 3919
f 3919 3918 3920
f 3919 3920 2776
f 2776 3920 3921
f 2776 3921 2777
f 3435 3922 3436
f 3436 3922 3923
f 3436 3923 3917
f 3924 3925 3926
f 3926 3925 3927
f 3926 3927 3928
f 3924 3929 3925
f 3925 3929 3930
f 3925 3930 3927
f 3927 3930 3931
f 3932 3933 3934
f 3934 3933 3931
f 3934 3931 3935
f 3935 3931 3930
f 3933 3936 3931
f 3931 3936 3937
f 3931 3937 3927
f 3927 3937 3938
f 3927 3938 3928
f 3939 3940 3941
f 3941 3940 3942
f 3941 3942 3943
f 3943 3942 3944
f 3943 3944 3945
f 3945 3944 3946
f 3945 3946 3947
f 3947 3946 3948
f 3929 3948 3930
f 3930 3948 3946
f 3930 3946 3935
f 3935 3946 3944
f 3935 3944 3934
f 3934 3944 3942
f 3934 3942 3932
f 3932 3942 3940
f 3949 3452 3950
f 3950 3452 3454
f 3950 3454 3951
f 3951 3454 3456
f 3951 3456 3952
f 3952 3456 3457
f 3952 3457 3953
f 3953 3457 3451
f 3914 2653 3912
f 3912 2653 2652
f 3912 2652 3909
f 3909 2652 3894
f 3909 3894 3907
f 3907 3894 3897
f 3907 3897 3905
f 3905 3897 3901
f 3900 3954 3955
f 3900 3955 3904
f 3904 3955 3956
f 3904 3956 3903
f 3903 3956 3957
f 3903 3957 3902
f 3902 3957 3958
f 3902 3958 3901
f 3954 3959 3955
f 3955 3959 3960
f 3955 3960 3956
f 3956 3960 3961
f 3956 3961 3957
f 3957 3961 3962
f 3957 3962 3958
f 3958 3962 3963
f 3958 3963 3901
f 3901 3963 3964
f 3901 3964 3905
f 3905 3964 3939
f 3905 3939 3906
f 3906 3939 3941
f 3906 3941 3908
f 3908 3941 3943
f 3908 3943 3910
f 3910 3943 3945
f 3910 3945 3911
f 3911 3945 3947
f 3911 3947 3913
f 3913 3947 3948
f 3913 3948 3915
f 3915 3948 3929
f 3915 3929 3916
f 3916 3929 3924
f 2646 2645 3965
f 3965 2645 3966
f 3965 3966 3967
f 3967 3966 3968
f 3967 3968 3969
f 3969 3968 3970
f 3969 3970 3971
f 3972 3973 3974
f 3974 3973 3975
f 3974 3975 3976
f 3976 3975 3977
f 3976 3977 3978
f 3978 3977 3979
f 3978 3979 3980
f 3980 3979 3981
f 3982 3983 3984
f 3984 3983 3985
f 3984 3985 3986
f 3986 3985 3987
f 3986 3987 3988
f 3988 3987 3989
f 3988 3989 3990
f 3990 3989 3991
f 3990 3991 3992
f 3992 3991 3993
f 3992 3993 3994
f 3994 3993 3995
f 3994 3995 3996
f 3996 3995 3997
f 3996 3997 3998
f 3998 3997 3999
f 3998 3999 4000
f 4000 3999 4001
f 4000 4001 4002
f 4002 4001 4003
f 3843 114 4004
f 4004 114 115
f 4004 115 86
f 86 85 4004
f 4004 85 2644
f 4004 2644 3843
f 3843 2644 4005
f 3843 4005 4006
f 4007 118 119
f 2641 122 121
f 2641 121 2642
f 2642 121 127
f 2642 127 2817
f 2817 127 126
f 2817 126 125
f 2826 4008 4009
f 4009 4008 4010
f 4009 4010 4011
f 2826 4009 2824
f 2824 4009 4011
f 2824 4011 2643
f 2643 4011 4007
f 2643 4007 2641
f 2641 4007 119
f 2641 119 122
f 88 112 3845
f 3845 112 3843
f 3845 3843 3847
f 3847 3843 4006
f 3847 4006 4012
f 4012 4006 4013
f 4012 4013 4014
f 4014 4013 2744
f 4014 2744 4015
f 4015 2744 2743
f 4015 2743 4016
f 4016 2743 2900
f 4016 2900 4017
f 4017 2900 2741
f 4017 2741 4018
f 4018 2741 2740
f 4018 2740 4019
f 4019 2740 2834
f 4019 2834 4020
f 4020 2834 2833
f 116 118 2644
f 2644 118 4007
f 2644 4007 4005
f 4005 4007 4011
f 4005 4011 4006
f 4006 4011 4010
f 4006 4010 4013
f 4013 4010 4008
f 4013 4008 2744
f 2744 4008 2826
f 2744 2826 2745
f 2745 2826 2825
f 2745 2825 2853
f 2853 2825 2823
f 2853 2823 2832
f 2832 2823 2643
f 2832 2643 2820
f 2820 2643 2642
f 2820 2642 2821
f 2821 2642 2817
f 2821 2817 2818
f 2818 2817 124
f 2818 124 123
f 4021 3982 4022
f 4022 3982 3984
f 4022 3984 4023
f 4023 3984 3986
f 4023 3986 4024
f 4024 3986 3988
f 4024 3988 4025
f 4025 3988 3990
f 4025 3990 4026
f 4026 3990 3992
f 4026 3992 4027
f 4027 3992 3994
f 4027 3994 4028
f 4028 3994 3996
f 4028 3996 4029
f 4029 3996 3998
f 4029 3998 4030
f 4030 3998 4000
f 4030 4000 4031
f 4031 4000 4002
f 4031 4002 4032
f 4032 4002 4003
f 4032 4003 4033
f 4034 4035 4036
f 4036 4035 4037
f 4036 4037 4038
f 4038 4037 4039
f 4038 4039 4040
f 4041 4021 4042
f 4042 4021 4022
f 4042 4022 4043
f 4043 4022 4023
f 4043 4023 4044
f 4044 4023 4024
f 4044 4024 4020
f 4020 4024 4025
f 4020 4025 4019
f 4019 4025 4026
f 4019 4026 4018
f 4018 4026 4027
f 4018 4027 4017
f 4017 4027 4028
f 4017 4028 4016
f 4016 4028 4029
f 4016 4029 4015
f 4015 4029 4030
f 4015 4030 4014
f 4014 4030 4031
f 4014 4031 4012
f 4012 4031 4032
f 4012 4032 3847
f 3847 4032 4033
f 3847 4033 3846
f 4045 4046 4047
f 4047 4046 4048
f 4047 4048 4049
f 4050 4051 4052
f 4052 4051 4053
f 4053 4048 4052
f 4052 4048 4046
f 4052 4046 4050
f 4050 4046 4045
f 4050 4045 4054
f 4054 4045 3959
f 4054 3959 4055
f 4055 3959 3954
f 4055 3954 3891
f 3891 3954 3900
f 3891 3900 3883
f 3883 3900 3896
f 3883 3896 3884
f 3884 3896 2651
f 3884 2651 3886
f 3886 2651 2653
f 3886 2653 3888
f 3888 2653 3914
f 3888 3914 3880
f 3880 3914 3916
f 3880 3916 2772
f 2772 3916 3924
f 2772 3924 2770
f 2770 3924 3926
f 2770 3926 2776
f 2776 3926 3928
f 2776 3928 3919
f 4040 4056 4038
f 4038 4056 4057
f 4038 4057 4036
f 4036 4057 2647
f 4036 2647 4034
f 4034 2647 2646
f 3447 3485 3448
f 3448 3485 3446
f 3448 3446 3450
f 3450 3446 3441
f 3450 3441 3451
f 3451 3441 3440
f 3451 3440 3953
f 3953 3440 4058
f 3953 4058 3952
f 3952 4058 4059
f 3952 4059 3951
f 3951 4059 4060
f 3951 4060 3950
f 3950 4060 4061
f 3950 4061 3949
f 3949 4061 3971
f 3949 3971 4062
f 4062 3971 3970
f 4062 3970 4063
f 4063 3970 3968
f 4063 3968 4064
f 4064 3968 3966
f 4064 3966 4065
f 4065 3966 2645
f 4065 2645 4066
f 4066 2645 2647
f 4066 2647 4067
f 4067 2647 4057
f 4067 4057 4068
f 4068 4057 4056
f 4069 3981 4070
f 4070 3981 3979
f 4070 3979 4071
f 4071 3979 3977
f 4071 3977 4072
f 4072 3977 3975
f 4072 3975 4073
f 4073 3975 3973
f 4073 3973 2637
f 2637 3973 3972
f 2637 3972 2638
f 4040 2639 4056
f 4056 2639 2634
f 4056 2634 4068
f 4068 2634 2636
f 4068 2636 4067
f 4067 2636 2638
f 4067 2638 4066
f 4066 2638 3972
f 4066 3972 4065
f 4065 3972 3974
f 4065 3974 4064
f 4064 3974 3976
f 4064 3976 4063
f 4063 3976 3978
f 4063 3978 4062
f 4062 3978 3980
f 4062 3980 3949
f 3949 3980 3981
f 3949 3981 3452
f 3452 3981 4069
f 3452 4069 3453
f 4053 4074 4048
f 4048 4074 4075
f 4048 4075 4049
f 4049 4075 4076
f 4049 4076 4077
f 3917 3919 3436
f 3436 3919 3928
f 3436 3928 3439
f 3439 3928 3938
f 3439 3938 3440
f 3440 3938 3937
f 3440 3937 4058
f 4058 3937 3936
f 4058 3936 4059
f 4059 3936 3933
f 4059 3933 4060
f 4060 3933 3932
f 4060 3932 4061
f 4061 3932 3940
f 4061 3940 3971
f 3971 3940 3939
f 3971 3939 3969
f 3969 3939 3964
f 3969 3964 3967
f 3967 3964 3963
f 3967 3963 3965
f 3965 3963 3962
f 3965 3962 2646
f 2646 3962 3961
f 2646 3961 4034
f 4034 3961 3960
f 4034 3960 4035
f 4035 3960 3959
f 4035 3959 4037
f 4037 3959 4045
f 4037 4045 4039
f 4039 4045 4047
f 4039 4047 4040
f 4040 4047 4049
f 4040 4049 2639
f 2639 4049 4077
f 2639 4077 2640
f 2720 4078 3050
f 3050 4078 4079
f 3050 4079 4080
f 4080 4079 4081
f 4082 4083 4084
f 4084 4083 4085
f 4084 4085 4086
f 4086 4085 4087
f 4086 4087 4088
f 4088 4087 4089
f 4088 4089 4090
f 4090 4089 4091
f 2722 4082 2720
f 2720 4082 4084
f 2720 4084 4078
f 4078 4084 4086
f 4078 4086 4079
f 4079 4086 4088
f 4079 4088 4081
f 4081 4088 4090
f 4050 4092 4051
f 4051 4092 4093
f 4051 4093 4053
f 4053 4093 4094
f 4053 4094 4074
f 4074 4094 4095
f 4074 4095 4075
f 4075 4095 4096
f 4075 4096 4076
f 4076 4096 4097
f 4076 4097 4077
f 4077 4097 4098
f 3048 2738 2736
f 2736 2738 2737
f 2736 2737 2722
f 2722 2737 3038
f 2722 3038 4082
f 4082 3038 3109
f 4082 3109 4083
f 4083 3109 3143
f 4083 3143 4085
f 4085 3143 3068
f 4085 3068 4087
f 4087 3068 3052
f 4087 3052 4089
f 4089 3052 3051
f 4089 3051 4091
f 4091 3051 3054
f 4099 4100 4101
f 4101 4100 4102
f 4101 4102 4103
f 4104 4105 4106
f 4106 4105 4107
f 4108 4109 4110
f 4110 4109 4111
f 4110 4111 4112
f 4112 4111 4113
f 4112 4113 4114
f 4114 4113 4115
f 4114 4115 4116
f 4116 4115 4117
f 4116 4117 4118
f 4118 4117 4119
f 4118 4119 4120
f 4120 4119 4099
f 4120 4099 4104
f 4104 4099 4101
f 4104 4101 4105
f 4105 4101 4103
f 4105 4103 4107
f 4121 4122 4123
f 4123 4122 4124
f 4123 4124 4125
f 4125 4124 4126
f 4125 4126 4127
f 4127 4126 4128
f 4127 4128 4129
f 4129 4128 4130
f 4129 4130 4131
f 4131 4130 4132
f 4131 4132 4133
f 4134 4135 4136
f 4136 4135 4137
f 4136 4137 4138
f 4138 4137 4139
f 4138 4139 4140
f 4140 4139 4141
f 4140 4141 4142
f 4142 4141 4143
f 4142 4143 4144
f 4144 4143 4145
f 4144 4145 4146
f 4146 4145 4147
f 4146 4147 4148
f 4148 4147 4149
f 4148 4149 4150
f 3530 3508 3528
f 3528 3508 3495
f 3528 3495 3526
f 3526 3495 3481
f 3526 3481 3524
f 3524 3481 3482
f 3524 3482 3522
f 3522 3482 3483
f 3522 3483 3520
f 3520 3483 3484
f 3520 3484 3473
f 3473 3484 3485
f 3473 3485 3474
f 3474 3485 3447
f 3474 3447 4151
f 4151 3447 3458
f 4151 3458 4152
f 4152 3458 3453
f 4152 3453 4108
f 4108 3453 4069
f 4108 4069 4109
f 4109 4069 4070
f 4109 4070 4111
f 4111 4070 4071
f 4111 4071 4113
f 4113 4071 4072
f 4113 4072 4115
f 4115 4072 4073
f 4115 4073 4117
f 4117 4073 2637
f 4117 2637 4119
f 4119 2637 2635
f 4119 2635 4099
f 4099 2635 2634
f 4099 2634 4100
f 4100 2634 2640
f 4100 2640 4102
f 4102 2640 4077
f 4102 4077 4103
f 4103 4077 4098
f 4103 4098 4107
f 4107 4098 4153
f 4107 4153 4106
f 2815 2749 2816
f 2816 2749 2751
f 2816 2751 3128
f 3128 2751 2809
f 3128 2809 3129
f 3129 2809 2811
f 3129 2811 3130
f 3130 2811 3144
f 3130 3144 3131
f 3131 3144 3146
f 3131 3146 3132
f 3132 3146 3148
f 3132 3148 3133
f 3133 3148 3150
f 3133 3150 3134
f 3134 3150 3152
f 3134 3152 3135
f 3135 3152 3154
f 3135 3154 3136
f 3136 3154 3156
f 3136 3156 3137
f 3137 3156 3158
f 3137 3158 3138
f 3138 3158 3160
f 3138 3160 3139
f 3139 3160 3162
f 3139 3162 3140
f 3140 3162 3164
f 3140 3164 3141
f 3141 3164 3163
f 3141 3163 3142
f 3142 3163 3294
f 3142 3294 2719
f 2719 3294 3081
f 2719 3081 2717
f 2717 3081 3080
f 2717 3080 3076
f 3076 3080 3078
f 3076 3078 3070
f 3070 3078 3060
f 3070 3060 3071
f 3071 3060 3062
f 3071 3062 3072
f 3072 3062 3063
f 3072 3063 3073
f 3073 3063 4154
f 3073 4154 4155
f 4155 4154 4156
f 4155 4156 4121
f 4121 4156 4157
f 4121 4157 4122
f 4122 4157 4150
f 4122 4150 4124
f 4124 4150 4149
f 4124 4149 4126
f 4126 4149 4147
f 4126 4147 4128
f 4128 4147 4145
f 4128 4145 4130
f 4130 4145 4143
f 4130 4143 4132
f 4132 4143 4141
f 4132 4141 4133
f 222 223 3037
f 3037 223 225
f 3037 225 2965
f 2965 225 2969
f 2965 2969 2966
f 2966 2969 2983
f 2966 2983 2970
f 2970 2983 2985
f 2970 2985 2971
f 2971 2985 2987
f 2971 2987 2972
f 2972 2987 2992
f 2972 2992 2973
f 2973 2992 3195
f 2973 3195 2974
f 2974 3195 3127
f 2974 3127 2975
f 2975 3127 3047
f 2975 3047 2976
f 2976 3047 3046
f 2976 3046 2977
f 2977 3046 3045
f 2977 3045 2978
f 2978 3045 3044
f 2978 3044 2979
f 2979 3044 3043
f 2979 3043 2943
f 2943 3043 3042
f 2943 3042 2944
f 2944 3042 3041
f 2944 3041 2945
f 2945 3041 3040
f 2945 3040 2946
f 2946 3040 3039
f 2946 3039 2947
f 2947 3039 2739
f 2947 2739 2839
f 2839 2739 2738
f 2839 2738 2837
f 2837 2738 3048
f 2837 3048 2835
f 2835 3048 3049
f 2835 3049 2833
f 2833 3049 3050
f 2833 3050 4020
f 4020 3050 4080
f 4020 4080 4044
f 4044 4080 4081
f 4044 4081 4043
f 4043 4081 4090
f 4043 4090 4042
f 4042 4090 4091
f 4042 4091 4041
f 4041 4091 3054
f 107 89 2666
f 2666 89 3844
f 2666 3844 3835
f 3835 3844 3846
f 3835 3846 3836
f 3836 3846 4033
f 3836 4033 3837
f 3837 4033 4003
f 3837 4003 3838
f 3838 4003 4001
f 3838 4001 3839
f 3839 4001 3999
f 3839 3999 3840
f 3840 3999 3997
f 3840 3997 3841
f 3841 3997 3995
f 3841 3995 3842
f 3842 3995 3993
f 3842 3993 2662
f 2662 3993 3991
f 2662 3991 2649
f 2649 3991 3989
f 2649 3989 2650
f 2650 3989 3987
f 2650 3987 3892
f 3892 3987 3985
f 3892 3985 3891
f 3891 3985 3983
f 3891 3983 4055
f 4055 3983 3982
f 4055 3982 4054
f 4054 3982 4021
f 4054 4021 4050
f 4050 4021 4041
f 4050 4041 4092
f 4092 4041 3054
f 4092 3054 4093
f 4093 3054 3055
f 4093 3055 4094
f 4094 3055 3056
f 4094 3056 4095
f 4095 3056 3058
f 4095 3058 4096
f 4096 3058 3059
f 4096 3059 4097
f 4097 3059 3064
f 4097 3064 4098
f 4098 3064 3073
f 4098 3073 4153
f 4153 3073 4155
f 4153 4155 4106
f 4106 4155 4121
f 4106 4121 4104
f 4104 4121 4123
f 4104 4123 4120
f 4120 4123 4125
f 4120 4125 4118
f 4118 4125 4127
f 4118 4127 4116
f 4116 4127 4129
f 4116 4129 4114
f 4114 4129 4131
f 4114 4131 4112
f 4112 4131 4133
f 4112 4133 4110
f 4110 4133 4141
f 4110 4141 4108
f 4108 4141 4139
f 4108 4139 4152
f 4152 4139 4137
f 4152 4137 4151
f 4151 4137 4135
f 4151 4135 3474
f 3474 4135 4134
f 3474 4134 3475
f 474 475 3420
f 3420 475 4158
f 3420 4158 3421
f 3389 3390 3387
f 3387 3390 3410
f 3387 3410 3418
f 3418 3410 2696
f 3418 2696 3420
f 3420 2696 473
f 3420 473 474
f 3389 3424 3386
f 3386 3424 3426
f 3386 3426 3384
f 3384 3426 3378
f 3384 3378 3416
f 3416 3378 3377
f 3416 3377 3415
f 3415 3377 3381
f 3415 3381 3414
f 3414 3381 3379
f 3414 3379 3413
f 3413 3379 3433
f 3413 3433 3412
f 3412 3433 3432
f 3412 3432 3411
f 3411 3432 3431
f 3411 3431 3279
f 3279 3431 3430
f 3279 3430 3278
f 3278 3430 3429
f 3278 3429 3277
f 3277 3429 2209
f 3277 2209 3276
f 3276 2209 2208
f 3276 2208 3776
f 3776 2208 3703
f 3776 3703 3777
f 3777 3703 3681
f 3777 3681 3778
f 3778 3681 3680
f 3778 3680 3650
f 3650 3680 3685
f 3650 3685 3651
f 3651 3685 3687
f 3651 3687 3653
f 3653 3687 3673
f 3653 3673 3655
f 3655 3673 3672
f 3655 3672 3657
f 3657 3672 3670
f 3657 3670 3659
f 3659 3670 3668
f 3659 3668 3661
f 3661 3668 3666
f 3661 3666 3662
f 3662 3666 3665
f 3662 3665 2672
f 2672 3665 3647
f 2672 3647 2670
f 2670 3647 3646
f 3614 3608 3613
f 3613 3608 3519
f 3613 3519 3743
f 3743 3519 3518
f 3743 3518 3744
f 3744 3518 3517
f 3744 3517 3745
f 3745 3517 3516
f 3745 3516 3746
f 3746 3516 2683
f 3746 2683 3747
f 3747 2683 2682
f 3747 2682 3748
f 3748 2682 3530
f 3748 3530 3749
f 3749 3530 3529
f 3749 3529 3750
f 3750 3529 3552
f 3750 3552 3751
f 3751 3552 3546
f 3751 3546 3752
f 3752 3546 3545
f 3752 3545 3753
f 3753 3545 2680
f 3753 2680 3754
f 3754 2680 2679
f 3754 2679 3755
f 3755 2679 3606
f 3755 3606 3756
f 3756 3606 3607
f 3756 3607 3757
f 3757 3607 3214
f 3757 3214 3758
f 3758 3214 3213
f 3758 3213 3759
f 3759 3213 3252
f 3759 3252 3287
f 3287 3252 3262
f 3287 3262 3286
f 3286 3262 3261
f 3286 3261 3284
f 3284 3261 3260
f 3284 3260 3282
f 3282 3260 3259
f 3282 3259 3280
f 3280 3259 3258
f 3280 3258 2698
f 2698 3258 3257
f 2698 3257 3300
f 3300 3257 3293
f 3300 3293 3298
f 3298 3293 3292
f 3298 3292 3296
f 3296 3292 3291
f 3296 3291 3108
f 3108 3291 3290
f 3108 3290 3107
f 3107 3290 3289
f 3107 3289 3077
f 3077 3289 3288
f 3077 3288 3078
f 3078 3288 3187
f 3078 3187 3060
f 3060 3187 3094
f 3060 3094 3061
f 3061 3094 3093
f 3061 3093 3063
f 3063 3093 3084
f 3063 3084 4154
f 4154 3084 3083
f 4154 3083 4156
f 4156 3083 3091
f 4156 3091 4157
f 4157 3091 3085
f 4157 3085 4150
f 4150 3085 3087
f 4150 3087 4148
f 4148 3087 3089
f 4148 3089 4146
f 4146 3089 3583
f 4146 3583 4144
f 4144 3583 3582
f 4144 3582 4142
f 4142 3582 3553
f 4142 3553 4140
f 4140 3553 2693
f 4140 2693 4138
f 4138 2693 2695
f 4138 2695 4136
f 4136 2695 3476
f 4136 3476 4134
f 4134 3476 3478
f 4134 3478 3475
f 3475 3478 3480
f 3475 3480 3521
f 3521 3480 3500
f 3521 3500 3523
f 3523 3500 3532
f 3523 3532 3525
f 3525 3532 3531
f 3525 3531 3527
f 3527 3531 3552
f 3527 3552 3529
f 4159 4160 4161
f 4162 4163 4164
f 4165 4166 4167
f 4168 4169 4170
f 1475 1482 4171
f 4172 4173 4174
f 4175 4176 4177
f 4178 4179 4180
f 4181 4182 4183
f 4184 4185 4186
f 4187 4188 4189
f 4190 4191 4192
f 4193 4194 4195
f 4196 4197 4198
f 4199 4200 4201
f 4202 2230 2229
f 4203 4204 4205
f 2230 4202 2231
f 4206 4207 4208
f 4205 4204 4209
f 4209 4210 4211
f 4212 4213 4214
f 4215 4216 4217
f 4218 4219 4220
f 4221 4222 4223
f 4224 4225 4222
f 4226 4227 4228
f 4229 4230 4231
f 4232 4233 4234
f 4235 4236 4237
f 4238 4239 4240
f 4241 4242 4243
f 4244 4245 4246
f 1179 1186 4247
f 1178 1177 4248
f 4249 4250 4251
f 4252 4253 4254
f 4255 4256 4257
f 4258 4259 4260
f 4261 4262 4263
f 4264 4265 4266
f 4267 4268 4269
f 4270 4271 4272
f 4273 4274 4275
f 4276 4277 4278
f 4279 4280 4281
f 1383 1382 4282
f 4283 4284 4285
f 4286 4287 4288
f 4282 4289 4290
f 1393 1392 4291
f 4292 4293 4294
f 1426 1425 4295
f 1097 1096 4296
f 1436 1435 4297
f 4298 4299 4300
f 4301 4302 4303
f 4304 4305 4306
f 4299 4298 4307
f 1461 1460 4308
f 4309 4310 4311
f 4312 4313 4314
f 4314 4313 4315
f 4314 4315 4316
f 4316 4315 4317
f 4317 4315 4318
f 4318 4315 4319
f 4318 4319 4320
f 4321 4322 4323
f 4323 4322 4324
f 4325 4326 4327
f 4327 4326 4328
f 4327 4328 4324
f 4324 4328 4329
f 4324 4329 4323
f 4325 4327 4330
f 4330 4327 4331
f 4330 4331 4332
f 4333 4334 4195
f 4195 4334 4335
f 4336 4337 4338
f 4338 4337 4339
f 4338 4339 4340
f 4340 4339 4341
f 4341 4342 4340
f 4340 4342 1339
f 4340 1339 1341
f 4343 4344 4345
f 4345 4344 4346
f 4345 4346 4347
f 4348 4349 4350
f 4350 4349 4351
f 4350 4351 4352
f 4352 4351 4353
f 4352 4353 4354
f 4355 4356 4357
f 4356 4358 4357
f 4357 4358 4359
f 4357 4359 4360
f 4360 4361 4357
f 4357 4361 4362
f 4357 4362 4350
f 4350 4362 4363
f 4350 4363 4364
f 4364 4365 4350
f 4350 4365 4366
f 4350 4366 4348
f 4367 4368 4369
f 4369 4370 4367
f 4367 4370 4371
f 4367 4371 4372
f 4310 4373 4374
f 4374 4373 4367
f 4367 4373 4375
f 4367 4375 4368
f 1209 1211 4376
f 1207 1204 4311
f 4311 1204 1203
f 4311 1203 1209
f 1209 4376 4311
f 4311 4376 4377
f 4311 4377 4309
f 4378 4379 1469
f 1470 4380 1472
f 1472 4380 1473
f 4381 4380 4379
f 4379 4380 1470
f 4379 1470 1469
f 1460 1465 4308
f 4308 1465 1467
f 4308 1467 4380
f 4380 1467 1468
f 4380 1468 1473
f 4382 4383 4384
f 1458 1456 4385
f 4385 1456 1455
f 4385 1455 4386
f 4386 1455 1464
f 4386 1464 1463
f 1454 1453 4387
f 1453 1451 4387
f 4387 1451 1450
f 4387 1450 1459
f 1459 1458 4387
f 4387 1458 4385
f 4387 4385 4388
f 4388 4385 4386
f 4388 4386 4389
f 4382 4384 4389
f 4389 4384 4390
f 4389 4390 4388
f 4388 4390 4391
f 4388 4391 4387
f 4387 4391 4392
f 4387 4392 1454
f 4393 4394 4395
f 4301 4303 4396
f 4307 4397 4299
f 4299 4397 4398
f 4299 4398 4300
f 4300 4398 4399
f 4400 4401 4402
f 4402 4401 4403
f 4402 4403 4404
f 4404 4403 4405
f 4404 4405 4393
f 4393 4395 4404
f 4404 4395 4406
f 4404 4406 4402
f 4402 4406 4407
f 4402 4407 4400
f 1442 1444 4392
f 4392 1444 1446
f 4392 1446 1454
f 4305 4304 4408
f 4408 4304 4409
f 4408 4409 4383
f 4383 4409 4410
f 4383 4410 4384
f 4384 4410 4411
f 4384 4411 4390
f 4390 4411 4412
f 4390 4412 4391
f 4391 4412 4413
f 4391 4413 4392
f 4392 4413 4414
f 4392 4414 1442
f 1449 1448 4414
f 4414 1448 1447
f 4414 1447 1442
f 1441 1440 4415
f 4415 1440 1438
f 4415 1438 1437
f 4396 4399 4306
f 4306 4399 4398
f 4306 4398 4304
f 4304 4398 4397
f 4304 4397 4409
f 4409 4397 4307
f 4409 4307 4410
f 4410 4307 4298
f 4410 4298 4411
f 4411 4298 4416
f 4411 4416 4412
f 4412 4416 4417
f 4412 4417 4413
f 4413 4417 4418
f 4413 4418 4414
f 4414 4418 4415
f 4414 4415 1449
f 1449 4415 1437
f 4396 4303 4399
f 4399 4303 4419
f 4399 4419 4300
f 4300 4419 4420
f 4300 4420 4298
f 4298 4420 4421
f 4298 4421 4416
f 4416 4421 4422
f 4416 4422 4417
f 4417 4422 4423
f 4417 4423 4418
f 4418 4423 4424
f 4418 4424 4415
f 4419 4425 4420
f 4420 4425 4426
f 4420 4426 4421
f 4421 4426 4427
f 4421 4427 4422
f 4422 4427 4428
f 4422 4428 4423
f 4423 4428 4429
f 4423 4429 4424
f 4424 4429 4297
f 4424 4297 4415
f 4415 4297 1435
f 4415 1435 1441
f 1427 1429 4430
f 4430 1429 1431
f 1097 4296 1424
f 1432 4431 1433
f 4432 4433 4434
f 4434 4433 4435
f 4434 4435 4431
f 4431 4435 4296
f 4431 4296 1433
f 1433 4296 1096
f 1422 1421 4436
f 4436 1421 1420
f 4436 1420 4295
f 4295 1420 1418
f 4295 1418 1426
f 1431 1436 4430
f 4430 1436 4297
f 4430 4297 4437
f 4437 4297 4429
f 4437 4429 4438
f 4438 4429 4428
f 4438 4428 4439
f 4439 4428 4427
f 4439 4427 4440
f 4440 4427 4426
f 4440 4426 4441
f 4441 4426 4425
f 4441 4425 4400
f 4400 4425 4419
f 4400 4419 4401
f 4401 4419 4303
f 4401 4303 4403
f 4403 4303 4302
f 4403 4302 4405
f 1422 4436 1423
f 1423 4436 4442
f 1423 4442 1099
f 1412 4443 4444
f 1412 1411 4443
f 4443 1411 1416
f 4443 1416 4442
f 4442 1416 1100
f 4442 1100 1099
f 4444 4445 4446
f 1405 1415 4444
f 4444 1415 1414
f 4444 1414 1412
f 1410 1409 4446
f 4446 1409 1408
f 4446 1408 4444
f 4444 1408 1407
f 4444 1407 1405
f 1396 1395 4292
f 1395 1403 4292
f 4292 1403 1103
f 4292 1103 1102
f 4445 4293 4446
f 4446 4293 4292
f 4446 4292 1410
f 1410 4292 1102
f 1398 1396 4447
f 1398 4447 1399
f 1399 4447 4448
f 1399 4448 1400
f 4449 4450 4451
f 4451 4450 4452
f 4451 4452 4453
f 4453 4452 4454
f 4455 4456 4454
f 4454 4456 4457
f 4454 4457 4453
f 4458 4459 4460
f 4460 4459 4461
f 4460 4461 4462
f 1396 4292 4447
f 4447 4292 4294
f 4447 4294 4448
f 4448 4294 4463
f 4448 4463 4464
f 4464 4463 4465
f 4464 4465 4466
f 4466 4465 4467
f 4466 4467 4468
f 1400 4448 4291
f 4291 4448 4464
f 4291 4464 4469
f 4469 4464 4466
f 4469 4466 4470
f 4470 4466 4468
f 4470 4468 4471
f 2040 2041 1402
f 1392 1391 4291
f 4291 1391 2038
f 4291 2038 1400
f 1400 2038 2040
f 1400 2040 1401
f 1401 2040 1402
f 4455 4454 4459
f 4459 4454 4452
f 4459 4452 4461
f 4461 4452 4450
f 4461 4450 4462
f 4472 4473 4474
f 4474 4473 4458
f 4474 4458 4475
f 4475 4458 4460
f 4475 4460 4476
f 4476 4460 4462
f 4476 4462 4477
f 4477 4462 4450
f 4477 4450 4478
f 4478 4450 4449
f 4478 4449 4479
f 4479 4449 4480
f 4479 4480 4481
f 4481 4480 4482
f 4481 4482 4483
f 4483 4482 4484
f 4483 4484 4485
f 4485 4484 4486
f 4485 4486 4487
f 1381 1106 4472
f 4472 1106 1105
f 4472 1105 4473
f 1382 1381 4282
f 4282 1381 4472
f 4282 4472 4289
f 4289 4472 4474
f 4289 4474 4488
f 4488 4474 4475
f 4488 4475 4489
f 4489 4475 4476
f 4489 4476 4490
f 4490 4476 4477
f 4490 4477 4491
f 4491 4477 4478
f 4491 4478 4492
f 4492 4478 4479
f 4492 4479 4493
f 4493 4479 4481
f 4493 4481 4494
f 4494 4481 4483
f 4494 4483 4495
f 4495 4483 4485
f 4495 4485 4496
f 4496 4485 4487
f 4496 4487 4497
f 1105 1387 4473
f 4473 1387 1386
f 4473 1386 1385
f 1393 4291 1389
f 1389 4291 4469
f 1389 4469 1390
f 1390 4469 4470
f 1390 4470 1385
f 1385 4470 4471
f 1385 4471 4473
f 4473 4471 4468
f 4473 4468 4458
f 4458 4468 4467
f 4458 4467 4459
f 4459 4467 4465
f 4459 4465 4455
f 4455 4465 4463
f 4455 4463 4456
f 4456 4463 4294
f 4456 4294 4457
f 4457 4294 4293
f 4457 4293 4453
f 4453 4293 4445
f 4453 4445 4451
f 4451 4445 4444
f 4451 4444 4449
f 4449 4444 4443
f 4449 4443 4480
f 4480 4443 4442
f 4480 4442 4482
f 4482 4442 4436
f 4482 4436 4484
f 4484 4436 4295
f 4484 4295 4486
f 4290 4289 4498
f 4498 4289 4488
f 4498 4488 4499
f 4499 4488 4489
f 4499 4489 4500
f 4500 4489 4490
f 4500 4490 4501
f 4501 4490 4491
f 4501 4491 4502
f 4502 4491 4492
f 4502 4492 4503
f 4503 4492 4493
f 4503 4493 4504
f 4504 4493 4494
f 4504 4494 4505
f 4505 4494 4495
f 4505 4495 4506
f 4506 4495 4496
f 4506 4496 4507
f 4507 4496 4497
f 4507 4497 4508
f 1373 1377 4290
f 4290 1377 4509
f 4290 4509 4282
f 1374 1373 4510
f 4510 1373 4290
f 4510 4290 4511
f 4511 4290 4498
f 4511 4498 4512
f 4512 4498 4499
f 4512 4499 4513
f 4513 4499 4500
f 4513 4500 4514
f 4514 4500 4501
f 4514 4501 4515
f 4515 4501 4502
f 4515 4502 4516
f 4516 4502 4503
f 4516 4503 4517
f 4517 4503 4504
f 4517 4504 4518
f 4518 4504 4505
f 4518 4505 4519
f 4519 4505 4506
f 4519 4506 4520
f 4520 4506 4507
f 4520 4507 4521
f 4521 4507 4508
f 4521 4508 4522
f 4523 4288 4524
f 4524 4288 4525
f 4524 4525 4526
f 4288 4287 4525
f 4525 4287 4527
f 4525 4527 4526
f 4526 4527 4528
f 4526 4528 4529
f 4529 4528 4530
f 4529 4530 4531
f 4531 4530 4532
f 4531 4532 4533
f 4533 4532 4534
f 4533 4534 4535
f 4535 4534 4536
f 4535 4536 4537
f 4537 4536 4538
f 4537 4538 4539
f 4539 4538 4540
f 4539 4540 4541
f 4541 4540 4542
f 4541 4542 4543
f 4543 4542 4544
f 4543 4544 4545
f 4545 4544 4546
f 4545 4546 4547
f 1360 1364 4548
f 4548 1364 1366
f 4549 4550 4551
f 4551 4550 4552
f 4551 4552 4553
f 4553 4554 4551
f 4551 4554 4555
f 4551 4555 4549
f 1366 1368 4548
f 4548 1368 4556
f 4548 4556 4557
f 4557 4556 4549
f 4557 4549 4558
f 4558 4549 4555
f 4558 4555 4559
f 4559 4555 4554
f 4560 4561 4562
f 4547 4563 4545
f 4545 4563 4564
f 4545 4564 4543
f 4543 4564 4565
f 4543 4565 4541
f 4541 4565 4566
f 4541 4566 4539
f 4539 4566 4567
f 4539 4567 4537
f 4537 4567 4568
f 4537 4568 4535
f 4535 4568 4569
f 4535 4569 4533
f 4533 4569 4570
f 4533 4570 4531
f 4531 4570 4571
f 4531 4571 4529
f 4529 4571 4572
f 4529 4572 4526
f 4526 4572 4573
f 4526 4573 4524
f 4524 4573 4574
f 4524 4574 4523
f 4523 4574 4575
f 4523 4575 4576
f 4576 4575 4577
f 4576 4577 4578
f 4578 4577 4562
f 4284 4579 4285
f 4285 4579 4580
f 4285 4580 4581
f 1357 4582 4583
f 4560 4584 4583
f 4583 4584 4585
f 4583 4585 1357
f 1357 4585 1358
f 4582 1357 4586
f 4586 1357 1363
f 4586 1363 1361
f 4553 4561 4554
f 4554 4561 4560
f 4554 4560 4559
f 4559 4560 4583
f 4559 4583 4558
f 4558 4583 4582
f 4558 4582 4557
f 4557 4582 4586
f 4557 4586 4548
f 4548 4586 1361
f 4548 1361 1360
f 2047 1109 4587
f 4562 4561 4578
f 4578 4561 4553
f 4578 4553 4576
f 4576 4553 4552
f 4576 4552 4523
f 4523 4552 4550
f 4523 4550 4288
f 4288 4550 4549
f 4288 4549 4286
f 4286 4549 4556
f 4286 4556 4587
f 4587 4556 1368
f 4587 1368 2047
f 1108 1371 4510
f 4510 1371 1370
f 4510 1370 1374
f 1109 1108 4587
f 4587 1108 4510
f 4587 4510 4286
f 4286 4510 4511
f 4286 4511 4287
f 4287 4511 4512
f 4287 4512 4527
f 4527 4512 4513
f 4527 4513 4528
f 4528 4513 4514
f 4528 4514 4530
f 4530 4514 4515
f 4530 4515 4532
f 4532 4515 4516
f 4532 4516 4534
f 4534 4516 4517
f 4534 4517 4536
f 4536 4517 4518
f 4536 4518 4538
f 4538 4518 4519
f 4538 4519 4540
f 4540 4519 4520
f 4540 4520 4542
f 4542 4520 4521
f 4542 4521 4544
f 4544 4521 4522
f 4544 4522 4546
f 1377 1376 4509
f 4509 1376 1375
f 4509 1375 4282
f 4282 1375 1380
f 4282 1380 1383
f 4588 4589 4590
f 1425 1424 4295
f 4295 1424 4296
f 4295 4296 4486
f 4486 4296 4435
f 4486 4435 4487
f 4487 4435 4433
f 4487 4433 4497
f 4497 4433 4432
f 4497 4432 4508
f 4508 4432 4591
f 4508 4591 4522
f 4522 4591 4592
f 4522 4592 4546
f 4546 4592 4593
f 4546 4593 4547
f 4547 4593 4588
f 4547 4588 4563
f 4563 4588 4590
f 4563 4590 4564
f 4564 4590 4594
f 4564 4594 4565
f 4565 4594 4595
f 4565 4595 4566
f 4566 4595 4596
f 4566 4596 4567
f 4567 4596 4597
f 4567 4597 4568
f 4568 4597 4598
f 4568 4598 4569
f 4569 4598 4599
f 4569 4599 4570
f 4570 4599 4600
f 4570 4600 4571
f 4571 4600 4601
f 4571 4601 4572
f 4572 4601 4602
f 4572 4602 4573
f 4573 4602 4603
f 4573 4603 4574
f 4574 4603 4266
f 4574 4266 4575
f 4575 4266 4265
f 4575 4265 4577
f 4604 4605 4606
f 4607 4608 4609
f 4609 4608 4610
f 4609 4610 4611
f 4611 4610 4612
f 4613 4614 4615
f 4615 4614 4616
f 4161 4160 4617
f 4617 4160 4618
f 4617 4618 4619
f 4619 4618 4620
f 4619 4620 4621
f 4621 4620 4622
f 4621 4622 4623
f 4612 4610 4624
f 4624 4610 4625
f 4624 4625 4626
f 4627 4628 4623
f 4280 4279 4629
f 4629 4279 4630
f 4629 4630 4631
f 4631 4630 4632
f 4631 4632 4633
f 4633 4632 4634
f 4633 4634 4635
f 4628 4627 4636
f 4605 4637 4606
f 4606 4637 4638
f 4606 4638 4639
f 4640 4641 4642
f 4643 4644 4642
f 4642 4644 4645
f 4642 4645 4640
f 4646 4647 4644
f 4644 4647 4648
f 4644 4648 4645
f 4645 4648 4649
f 4645 4649 4640
f 4650 4651 4652
f 4652 4651 4653
f 4652 4653 4654
f 4654 4653 4655
f 4656 4657 4275
f 4275 4657 4658
f 4275 4658 4273
f 4273 4658 4659
f 4636 4627 4660
f 4660 4627 4277
f 4660 4277 4661
f 4661 4277 4276
f 4661 4276 4662
f 4663 4264 4664
f 4664 4264 4266
f 4664 4266 4665
f 4665 4266 4603
f 4665 4603 4666
f 4666 4603 4602
f 4666 4602 4667
f 4667 4602 4601
f 4667 4601 4668
f 4668 4601 4600
f 4668 4600 4669
f 4669 4600 4599
f 4669 4599 4670
f 4670 4599 4598
f 4670 4598 4671
f 4671 4598 4597
f 4671 4597 4672
f 4672 4597 4596
f 4672 4596 4673
f 4673 4596 4595
f 4673 4595 4674
f 4674 4595 4594
f 4674 4594 4675
f 4675 4594 4590
f 4675 4590 4676
f 4676 4590 4589
f 4676 4589 4616
f 4616 4589 4677
f 4616 4677 4615
f 1354 1353 4678
f 4678 1353 1352
f 4678 1352 2062
f 4678 4679 1354
f 1354 4679 4680
f 1354 4680 1355
f 1355 4680 1356
f 4681 4682 4683
f 4683 4682 4684
f 4683 4684 4685
f 4685 4684 4686
f 4685 4686 4687
f 4687 4686 4688
f 4687 4688 4689
f 4689 4688 4690
f 4691 4692 4693
f 4693 4692 4694
f 4693 4694 4695
f 4695 4694 4696
f 4695 4696 4678
f 4678 4696 4697
f 4678 4697 4679
f 4679 4697 4698
f 4679 4698 4680
f 4680 4698 4699
f 4680 4699 4340
f 4340 4699 4345
f 4340 4345 4338
f 4338 4345 4347
f 4338 4347 4336
f 4694 4700 4696
f 4696 4700 4701
f 4696 4701 4697
f 4697 4701 4702
f 4697 4702 4698
f 4698 4702 4703
f 4698 4703 4699
f 4699 4703 4352
f 4699 4352 4345
f 4345 4352 4354
f 4345 4354 4343
f 4704 4681 4705
f 4705 4681 4683
f 4705 4683 4706
f 4706 4683 4685
f 4706 4685 4707
f 4707 4685 4687
f 4707 4687 4708
f 4708 4687 4689
f 1341 1343 4340
f 4340 1343 1348
f 4340 1348 4680
f 4680 1348 1336
f 4680 1336 1356
f 4267 4269 4709
f 4709 4269 4710
f 4709 4710 4711
f 4711 4710 4712
f 4711 4712 4713
f 4713 4712 4714
f 4713 4714 4715
f 4716 4704 4717
f 4717 4704 4705
f 4717 4705 4718
f 4718 4705 4706
f 4718 4706 4719
f 4719 4706 4707
f 4719 4707 4720
f 4720 4707 4708
f 4721 4716 4722
f 4722 4716 4717
f 4722 4717 4723
f 4723 4717 4718
f 4723 4718 4724
f 4724 4718 4719
f 4724 4719 4725
f 4725 4719 4720
f 2062 1111 4678
f 4678 1111 4283
f 4678 4283 4695
f 4695 4283 4285
f 4695 4285 4693
f 4693 4285 4581
f 4693 4581 4691
f 4726 4727 4728
f 4729 4730 4731
f 4731 4730 4732
f 4731 4732 4733
f 4263 4732 4734
f 4734 4732 4730
f 4734 4730 4735
f 4735 4730 4729
f 4735 4729 4227
f 4227 4226 4735
f 4735 4226 4736
f 4735 4736 4734
f 4734 4736 4737
f 4734 4737 4263
f 4738 4739 4740
f 4656 4738 4657
f 4657 4738 4740
f 4657 4740 4658
f 4658 4740 4741
f 4658 4741 4659
f 4659 4741 4742
f 4659 4742 4273
f 4273 4742 4743
f 4273 4743 4274
f 4274 4743 4281
f 4263 4262 4732
f 4732 4262 4744
f 4732 4744 4733
f 4733 4744 4745
f 4733 4745 4726
f 4726 4745 4746
f 4726 4746 4727
f 4747 4748 4749
f 4749 4748 4750
f 4749 4750 4751
f 4751 4750 4752
f 4751 4752 4739
f 4739 4752 4753
f 4739 4753 4740
f 4740 4753 4662
f 4740 4662 4741
f 4741 4662 4276
f 4741 4276 4742
f 4742 4276 4278
f 4742 4278 4743
f 4754 4755 4756
f 4757 4758 4759
f 4755 4754 4760
f 4760 4754 4761
f 4760 4761 4762
f 4763 4764 4765
f 4765 4764 4766
f 4765 4766 4767
f 4767 4766 4768
f 4767 4768 4769
f 4770 4762 4771
f 4771 4762 4761
f 4771 4761 4772
f 4759 4773 4774
f 4774 4773 4775
f 4774 4775 4776
f 4254 4253 4777
f 4775 4245 4776
f 4776 4245 4244
f 4776 4244 4778
f 4778 4244 4777
f 4778 4777 4779
f 4779 4777 4253
f 4780 2225 4781
f 4781 2225 2224
f 4781 2224 4782
f 4257 4256 4783
f 4783 4256 4784
f 4783 4784 4785
f 4786 4787 4788
f 4788 4787 4789
f 4788 4789 4790
f 4790 4789 4791
f 4790 4791 4792
f 4792 4791 4793
f 4792 4793 4794
f 4794 4793 4795
f 4794 4795 4796
f 4796 4795 4797
f 4796 4797 4798
f 4748 4786 4750
f 4750 4786 4788
f 4750 4788 4752
f 4752 4788 4790
f 4752 4790 4753
f 4753 4790 4792
f 4753 4792 4662
f 4662 4792 4794
f 4662 4794 4661
f 4661 4794 4796
f 4661 4796 4660
f 4660 4796 4798
f 4660 4798 4636
f 4270 4272 4799
f 4799 4272 4800
f 4799 4800 4801
f 4801 4800 4802
f 4801 4802 4803
f 4803 4802 4804
f 4803 4804 4805
f 4805 4804 4806
f 4805 4806 4807
f 4808 4715 4807
f 4807 4715 4714
f 4807 4714 4805
f 4805 4714 4712
f 4805 4712 4803
f 4803 4712 4710
f 4803 4710 4801
f 4801 4710 4269
f 4801 4269 4799
f 4799 4269 4268
f 4799 4268 4270
f 4747 4809 4748
f 4748 4809 4810
f 4748 4810 4786
f 4786 4810 4811
f 4786 4811 4787
f 4787 4811 4812
f 4787 4812 4789
f 4789 4812 4813
f 4789 4813 4791
f 4791 4813 4814
f 4791 4814 4793
f 4793 4814 4815
f 4793 4815 4795
f 4795 4815 4816
f 4795 4816 4797
f 4817 4818 4819
f 4819 4818 4820
f 4819 4820 4821
f 4821 4820 4822
f 4821 4822 4823
f 4824 4721 4825
f 4825 4721 4722
f 4825 4722 4826
f 4826 4722 4723
f 4826 4723 4827
f 4827 4723 4724
f 4827 4724 4808
f 4808 4724 4725
f 4808 4725 4715
f 4715 4725 4720
f 4715 4720 4713
f 4713 4720 4708
f 4713 4708 4711
f 4711 4708 4689
f 4711 4689 4709
f 4709 4689 4690
f 4709 4690 4267
f 4310 4374 4311
f 4311 4374 4828
f 4311 4828 4247
f 4247 4828 4829
f 4247 4829 4248
f 1186 1185 4247
f 4247 1185 1189
f 4247 1189 4311
f 4311 1189 1188
f 4311 1188 1207
f 4830 4824 4831
f 4831 4824 4825
f 4831 4825 4832
f 4832 4825 4826
f 4832 4826 4833
f 4833 4826 4827
f 4833 4827 4834
f 4834 4827 4808
f 4834 4808 4835
f 4835 4808 4807
f 4835 4807 4836
f 4836 4807 4806
f 4837 4830 4838
f 4838 4830 4831
f 4838 4831 4839
f 4839 4831 4832
f 4839 4832 4840
f 4840 4832 4833
f 4840 4833 4841
f 4841 4833 4834
f 4841 4834 4842
f 4842 4834 4835
f 4842 4835 4809
f 4809 4835 4836
f 4809 4836 4810
f 4810 4836 4806
f 4810 4806 4811
f 4811 4806 4804
f 4811 4804 4812
f 4812 4804 4802
f 4812 4802 4813
f 4813 4802 4800
f 4813 4800 4814
f 4814 4800 4272
f 4814 4272 4815
f 4815 4272 4271
f 4815 4271 4816
f 1170 1172 4249
f 4249 1172 1175
f 4249 1175 1174
f 4829 4250 4248
f 4248 4250 4249
f 4248 4249 1178
f 1178 4249 1174
f 1177 1183 4248
f 4248 1183 1182
f 4248 1182 4247
f 4247 1182 1180
f 4247 1180 1179
f 4255 4843 4256
f 4256 4843 4844
f 4256 4844 4784
f 4818 4785 4820
f 4820 4785 4784
f 4820 4784 4822
f 4822 4784 4844
f 4822 4844 4823
f 4823 4844 4843
f 4823 4843 4845
f 4845 4843 4846
f 4845 4846 4847
f 4847 4846 4848
f 4257 4252 4255
f 4255 4252 4254
f 4255 4254 4843
f 4843 4254 4777
f 4843 4777 4846
f 4846 4777 4244
f 4846 4244 4848
f 4848 4244 4246
f 4848 4246 4849
f 4850 4851 4852
f 4852 4851 4853
f 4852 4853 4854
f 4854 4853 4855
f 4854 4855 4856
f 4856 4855 4857
f 4856 4857 4858
f 4858 4857 4859
f 4860 4251 4861
f 4861 4251 4250
f 4861 4250 4862
f 4862 4250 4829
f 4862 4829 4863
f 4863 4829 4828
f 4863 4828 4864
f 4864 4828 4374
f 4864 4374 4865
f 4865 4374 4367
f 4865 4367 4357
f 4357 4367 4372
f 4357 4372 4355
f 4866 4860 4867
f 4868 1163 1161
f 1161 1160 4869
f 4869 1160 1116
f 4870 4850 4871
f 4871 4850 4852
f 4871 4852 4872
f 4872 4852 4854
f 4872 4854 4873
f 4873 4854 4856
f 4873 4856 4874
f 4874 4856 4858
f 4875 4870 4876
f 4876 4870 4871
f 4876 4871 4877
f 4877 4871 4872
f 4877 4872 4878
f 4878 4872 4873
f 4878 4873 4879
f 4879 4873 4874
f 4879 4874 4880
f 4880 4874 4858
f 4880 4858 4881
f 4881 4858 4859
f 4881 4859 4882
f 4759 4758 4773
f 4773 4758 4883
f 4773 4883 4775
f 4775 4883 4884
f 4775 4884 4245
f 4245 4884 4885
f 4245 4885 4246
f 4246 4885 4886
f 4246 4886 4849
f 4849 4886 4887
f 4849 4887 4888
f 4888 4887 4889
f 4888 4889 4890
f 4890 4889 4891
f 4890 4891 4892
f 4892 4891 4893
f 4892 4893 4894
f 4895 4896 4897
f 4895 4897 4898
f 4896 4895 4899
f 4899 4895 4900
f 4899 4900 4901
f 4894 4875 4892
f 4892 4875 4876
f 4892 4876 4890
f 4890 4876 4877
f 4890 4877 4888
f 4888 4877 4878
f 4888 4878 4849
f 4849 4878 4879
f 4849 4879 4848
f 4848 4879 4880
f 4848 4880 4847
f 4847 4880 4881
f 4847 4881 4845
f 4845 4881 4882
f 4845 4882 4823
f 1161 4869 4868
f 4868 4869 4866
f 4868 4866 4902
f 4902 4866 4867
f 4902 4867 4903
f 4243 4904 4241
f 4241 4904 4905
f 4241 4905 4906
f 4906 4907 4241
f 4241 4907 4908
f 4241 4908 4242
f 4242 4908 4909
f 4242 4909 4910
f 4910 4909 4911
f 4912 1140 4913
f 4913 1140 1139
f 4913 1139 1137
f 4914 1129 1128
f 4914 1128 4915
f 4915 1128 1126
f 4915 1126 1124
f 1124 1123 4915
f 4915 1123 1132
f 4915 1132 4912
f 4912 1132 1134
f 4912 1134 1140
f 1137 1136 4913
f 4913 1136 1142
f 4913 1142 1143
f 4239 4916 4240
f 4240 4916 4917
f 4240 4917 4918
f 4918 4917 4914
f 4918 4914 4919
f 4919 4914 4915
f 4919 4915 4920
f 4920 4915 4912
f 4920 4912 4921
f 4921 4912 4913
f 4921 4913 4922
f 4922 4913 1143
f 4922 1143 1148
f 4897 4923 4898
f 4898 4923 4924
f 4898 4924 4904
f 4904 4924 4925
f 4904 4925 4905
f 1157 1159 4868
f 4868 1159 1164
f 4868 1164 1163
f 1148 1153 4922
f 4922 1153 1151
f 4922 1151 1150
f 4911 4238 4910
f 4910 4238 4240
f 4910 4240 4242
f 4242 4240 4918
f 4242 4918 4243
f 4243 4918 4919
f 4243 4919 4926
f 4926 4919 4920
f 4926 4920 4903
f 4903 4920 4921
f 4903 4921 4902
f 4902 4921 4922
f 4902 4922 4868
f 4868 4922 1150
f 4868 1150 1157
f 4927 2219 4928
f 4928 2219 2218
f 4928 2218 4900
f 4900 2218 4929
f 4900 4929 4901
f 1116 1165 4869
f 4869 1165 1167
f 4869 1167 1168
f 4860 4866 4251
f 4251 4866 4869
f 4251 4869 4249
f 4249 4869 1168
f 4249 1168 1170
f 2224 2223 4782
f 4782 2223 2222
f 4782 2222 4930
f 4930 2222 2221
f 4930 2221 4927
f 4927 2221 2220
f 4927 2220 2219
f 4931 4932 4933
f 4933 4932 4934
f 4933 4934 4935
f 4936 4937 4938
f 4938 4937 4939
f 4938 4939 4940
f 4941 4942 4943
f 4943 4942 4944
f 4943 4944 4945
f 4945 4944 4946
f 4945 4946 4947
f 4948 4232 4949
f 4237 4236 4950
f 4950 4236 4951
f 4950 4951 4949
f 4949 4951 4952
f 4949 4952 4948
f 4953 4954 4955
f 4955 4954 4234
f 4955 4234 4956
f 4956 4234 4233
f 4947 4957 4945
f 4945 4957 4958
f 4945 4958 4959
f 4960 4961 4962
f 4962 4961 4963
f 4962 4963 4964
f 4947 4965 4957
f 4957 4965 4966
f 4957 4966 4958
f 4958 4966 4967
f 4958 4967 4968
f 4953 4969 4954
f 4954 4969 4970
f 4954 4970 4971
f 4970 4972 4971
f 4971 4972 4973
f 4971 4973 4974
f 4974 4973 4975
f 4975 4976 4974
f 4974 4976 4977
f 4974 4977 4978
f 4978 4977 4979
f 4979 4980 4978
f 4978 4980 4981
f 4978 4981 4982
f 4982 4981 4983
f 4984 4985 4986
f 4986 4985 4987
f 4988 4989 4990
f 4990 4989 4991
f 4990 4991 4992
f 4992 4991 4993
f 4992 4993 4994
f 4994 4993 4995
f 4994 4995 4996
f 4997 4998 4999
f 4999 4998 5000
f 4999 5000 5001
f 5001 5000 5002
f 5001 5002 5003
f 5003 5002 5004
f 5003 5004 5005
f 5005 5004 5006
f 5005 5006 5007
f 5007 5006 5008
f 5007 5008 5009
f 5009 5008 5010
f 5009 5010 4960
f 4960 5010 5011
f 4960 5011 4961
f 5012 5013 5014
f 5014 5013 5015
f 5014 5015 5016
f 5016 5015 5017
f 5016 5017 5018
f 5018 5017 5019
f 5018 5019 5020
f 5020 5019 5021
f 5020 5021 5022
f 5022 5021 5023
f 5022 5023 5024
f 5024 5023 5025
f 5024 5025 5026
f 4962 5012 4960
f 4960 5012 5014
f 4960 5014 5009
f 5009 5014 5016
f 5009 5016 5007
f 5007 5016 5018
f 5007 5018 5005
f 5005 5018 5020
f 5005 5020 5003
f 5003 5020 5022
f 5003 5022 5001
f 5001 5022 5024
f 5001 5024 4999
f 4999 5024 5026
f 4999 5026 4997
f 4230 4229 5027
f 5027 4229 5028
f 5027 5028 5029
f 5029 5028 5030
f 5029 5030 5031
f 5031 5030 5032
f 5031 5032 5033
f 5033 5032 5034
f 5033 5034 5035
f 5036 4261 5035
f 5035 4261 4263
f 5035 4263 5033
f 5033 4263 4737
f 5033 4737 5031
f 5031 4737 4736
f 5031 4736 5029
f 5029 4736 4226
f 5029 4226 5027
f 5027 4226 4228
f 5027 4228 4230
f 5013 4231 5015
f 5015 4231 4230
f 5015 4230 5017
f 5017 4230 4228
f 5017 4228 5019
f 5019 4228 4227
f 5019 4227 5021
f 5021 4227 4729
f 5021 4729 5023
f 5023 4729 4731
f 5023 4731 5025
f 5025 4731 4733
f 5025 4733 5026
f 5026 4733 4726
f 5026 4726 4997
f 4997 4726 4728
f 4997 4728 4998
f 5037 5038 5039
f 5039 5038 5040
f 5039 5040 5041
f 5041 5040 5042
f 5041 5042 5043
f 5043 5042 5044
f 5043 5044 5045
f 5045 5044 5046
f 5045 5046 5047
f 5047 5046 5048
f 5047 5048 5049
f 5049 5048 5050
f 5049 5050 5051
f 5051 5050 5052
f 5053 5054 5055
f 5055 5054 5056
f 5055 5056 5057
f 5057 5056 5058
f 5057 5058 5059
f 5059 5058 5060
f 5059 5060 5061
f 5061 5060 5062
f 5061 5062 5063
f 5063 5062 5064
f 5063 5064 5065
f 5065 5064 5066
f 5065 5066 5067
f 5067 5066 5068
f 5067 5068 5069
f 5069 5068 5070
f 5069 5070 5071
f 5071 5070 5072
f 4968 5073 5074
f 5074 5073 5075
f 5074 5075 5076
f 5076 5075 5077
f 5076 5077 5078
f 5078 5077 5079
f 5078 5079 5080
f 5080 5079 5081
f 5080 5081 5082
f 5082 5081 5083
f 5082 5083 5084
f 5084 5083 5085
f 4965 5086 4966
f 4966 5086 5087
f 4966 5087 4967
f 4967 5087 4996
f 4967 4996 5088
f 5088 4996 4995
f 5088 4995 5089
f 5089 4995 4993
f 5089 4993 5090
f 5090 4993 4991
f 5090 4991 5091
f 5091 4991 4989
f 5091 4989 5092
f 5092 4989 5093
f 5092 5093 5094
f 4968 4967 5073
f 5073 4967 5088
f 5073 5088 5075
f 5075 5088 5089
f 5075 5089 5077
f 5077 5089 5090
f 5077 5090 5079
f 5079 5090 5091
f 5079 5091 5081
f 5081 5091 5092
f 5081 5092 5083
f 5083 5092 5094
f 5083 5094 5085
f 5085 5052 5084
f 5084 5052 5050
f 5084 5050 5082
f 5082 5050 5048
f 5082 5048 5080
f 5080 5048 5046
f 5080 5046 5078
f 5078 5046 5044
f 5078 5044 5076
f 5076 5044 5042
f 5076 5042 5074
f 5074 5042 5040
f 5074 5040 4968
f 4968 5040 5038
f 4968 5038 4958
f 4958 5038 5037
f 4958 5037 4959
f 4936 4941 4937
f 4937 4941 4943
f 4937 4943 4939
f 4939 4943 4945
f 4939 4945 5095
f 5095 4945 4959
f 5095 4959 5096
f 5096 4959 5037
f 5096 5037 5097
f 5097 5037 5039
f 5097 5039 5098
f 5098 5039 5041
f 5098 5041 5099
f 5099 5041 5043
f 5099 5043 5100
f 5100 5043 5045
f 5100 5045 5101
f 5101 5045 5047
f 5101 5047 5102
f 5102 5047 5049
f 5102 5049 5103
f 5103 5049 5051
f 4964 5104 4962
f 4962 5104 5105
f 4962 5105 5012
f 5012 5105 5106
f 5012 5106 5013
f 5013 5106 5107
f 5013 5107 4231
f 4231 5107 5108
f 4231 5108 4229
f 4229 5108 5109
f 4229 5109 5028
f 5028 5109 5110
f 5028 5110 5030
f 5030 5110 5111
f 5030 5111 5032
f 5032 5111 5112
f 5032 5112 5034
f 5034 5112 5113
f 5034 5113 5035
f 5035 5113 4769
f 5035 4769 5036
f 5036 4769 4768
f 5114 5115 5116
f 5116 5115 4982
f 5116 4982 5117
f 5117 4982 4983
f 5114 5118 5115
f 5115 5118 5119
f 5115 5119 5120
f 4225 5121 5122
f 5122 5121 5123
f 5122 5123 5124
f 5124 5123 5125
f 5124 5125 5126
f 5126 5125 5127
f 5126 5127 5128
f 5121 5129 5123
f 5123 5129 4984
f 5123 4984 5125
f 5125 4984 4986
f 5125 4986 5127
f 4225 4224 5121
f 5121 4224 5130
f 5121 5130 5129
f 5129 5130 5131
f 5129 5131 4984
f 4984 5131 5132
f 4984 5132 4985
f 5133 5134 5135
f 5135 5134 5120
f 5135 5120 5136
f 5136 5120 5119
f 5133 5137 5134
f 5134 5137 5138
f 5134 5138 5139
f 4222 4221 4224
f 4224 4221 5140
f 4224 5140 5130
f 5130 5140 5141
f 5130 5141 5131
f 5131 5141 5142
f 5131 5142 5132
f 5132 5142 5143
f 5132 5143 4985
f 4985 5143 5144
f 4985 5144 4987
f 5086 5128 5087
f 5087 5128 5127
f 5087 5127 4996
f 4996 5127 4986
f 4996 4986 4994
f 4994 4986 4987
f 4994 4987 4992
f 4992 4987 5144
f 4992 5144 4990
f 4990 5144 5143
f 4990 5143 4988
f 4988 5143 5142
f 4988 5142 5145
f 5145 5142 5141
f 5145 5141 5146
f 5146 5141 5140
f 5146 5140 5147
f 5147 5140 4221
f 5147 4221 5148
f 5148 4221 4223
f 5148 4223 5149
f 5138 5150 5139
f 5139 5150 5151
f 5139 5151 5152
f 5152 5151 5153
f 5153 5154 5152
f 5152 5154 5155
f 5152 5155 5156
f 5156 5155 5157
f 5158 5159 5160
f 5160 5159 5161
f 5160 5161 5162
f 5162 5161 5163
f 5162 5163 5164
f 5164 5163 5165
f 5164 5165 5166
f 5166 5165 5167
f 5166 5167 5168
f 5168 5167 5169
f 5168 5169 5170
f 5170 5169 5171
f 5170 5171 5172
f 5172 5171 5173
f 5172 5173 5174
f 5174 5173 5175
f 5174 5175 5176
f 5176 5175 5177
f 5176 5177 5178
f 5178 5177 5179
f 5178 5179 5180
f 5180 5179 5181
f 5180 5181 5182
f 5182 5181 5183
f 5182 5183 5184
f 5184 5183 5185
f 5157 5186 5156
f 5156 5186 5187
f 5156 5187 5188
f 5188 5187 5189
f 5190 5191 5192
f 5189 5193 5188
f 5188 5193 5194
f 5188 5194 5192
f 5192 5194 5195
f 5192 5195 5190
f 5190 5195 4218
f 5196 4234 5197
f 5197 4234 4954
f 5197 4954 5198
f 5198 4954 4971
f 5198 4971 5199
f 5199 4971 4974
f 5199 4974 5200
f 5200 4974 4978
f 5200 4978 5201
f 5201 4978 4982
f 5201 4982 5202
f 5202 4982 5115
f 5202 5115 5203
f 5203 5115 5120
f 5203 5120 5204
f 5204 5120 5134
f 5204 5134 5205
f 5205 5134 5139
f 5205 5139 5206
f 5206 5139 5152
f 5206 5152 5207
f 5207 5152 5156
f 5207 5156 5208
f 5208 5156 5188
f 5208 5188 5209
f 5209 5188 5192
f 5209 5192 5210
f 5210 5192 5191
f 5210 5191 5211
f 5211 5191 5212
f 5211 5212 5213
f 5213 5212 5214
f 4218 4220 5190
f 5190 4220 5215
f 5190 5215 5191
f 5191 5215 5216
f 5191 5216 5212
f 5212 5216 5217
f 5212 5217 5214
f 5213 5218 5211
f 5211 5218 5219
f 5211 5219 5210
f 5210 5219 5220
f 5210 5220 5209
f 5209 5220 5221
f 5209 5221 5208
f 5208 5221 5222
f 5208 5222 5207
f 5207 5222 5223
f 5207 5223 5206
f 5206 5223 5224
f 5206 5224 5205
f 5205 5224 5225
f 5205 5225 5204
f 5204 5225 5226
f 5204 5226 5203
f 5203 5226 5227
f 5203 5227 5202
f 5202 5227 5228
f 5202 5228 5201
f 5201 5228 5229
f 5201 5229 5200
f 5200 5229 5230
f 5200 5230 5199
f 5199 5230 5231
f 5199 5231 5198
f 5198 5231 5232
f 5198 5232 5197
f 5197 5232 5233
f 5197 5233 5196
f 5218 5234 5219
f 5219 5234 5235
f 5219 5235 5220
f 5220 5235 5236
f 5220 5236 5221
f 5221 5236 5237
f 5221 5237 5222
f 5222 5237 5238
f 5222 5238 5223
f 5223 5238 5239
f 5223 5239 5224
f 5224 5239 5240
f 5224 5240 5225
f 5225 5240 5241
f 5225 5241 5226
f 5226 5241 5242
f 5226 5242 5227
f 5227 5242 5243
f 5227 5243 5228
f 5228 5243 5244
f 5228 5244 5229
f 5229 5244 5245
f 5229 5245 5230
f 5230 5245 5246
f 5230 5246 5231
f 5231 5246 5247
f 5231 5247 5232
f 5232 5247 4935
f 5232 4935 5233
f 5233 4935 4934
f 5233 4934 5196
f 5234 5158 5235
f 5235 5158 5160
f 5235 5160 5236
f 5236 5160 5162
f 5236 5162 5237
f 5237 5162 5164
f 5237 5164 5238
f 5238 5164 5166
f 5238 5166 5239
f 5239 5166 5168
f 5239 5168 5240
f 5240 5168 5170
f 5240 5170 5241
f 5241 5170 5172
f 5241 5172 5242
f 5242 5172 5174
f 5242 5174 5243
f 5243 5174 5176
f 5243 5176 5244
f 5244 5176 5178
f 5244 5178 5245
f 5245 5178 5180
f 5245 5180 5246
f 5246 5180 5182
f 5246 5182 5247
f 5247 5182 5184
f 5247 5184 4935
f 4935 5184 5185
f 4935 5185 4933
f 4214 4215 5248
f 5248 4215 4217
f 5248 4217 5249
f 5249 4217 5250
f 5249 5250 5251
f 5251 5250 5252
f 5251 5252 5253
f 5253 5252 5254
f 5253 5254 5255
f 5255 5254 5256
f 5255 5256 5257
f 4212 5258 5259
f 5259 5258 5260
f 5259 5260 5261
f 5261 5262 5259
f 5259 5262 5263
f 5259 5263 5264
f 5264 5263 5265
f 5264 5265 5266
f 4214 4213 4215
f 4215 4213 5267
f 4215 5267 4216
f 5268 5269 5258
f 5258 5269 5270
f 5258 5270 5260
f 4206 4208 5271
f 5272 4210 5273
f 5273 4210 4209
f 5273 4209 5274
f 5274 4209 4204
f 4212 5259 4213
f 4213 5259 5264
f 4213 5264 5267
f 5267 5264 5266
f 5267 5266 5275
f 5275 4203 5267
f 5267 4203 4205
f 5267 4205 4216
f 4216 4205 4209
f 4216 4209 4217
f 4217 4209 4211
f 4217 4211 5250
f 5250 4211 5276
f 5250 5276 5252
f 5252 5276 5277
f 5252 5277 5254
f 5254 5277 5278
f 5254 5278 5256
f 5279 5280 5281
f 5280 5282 5281
f 5281 5282 5283
f 5281 5283 5284
f 5284 5283 5285
f 5284 5285 5286
f 5286 5285 5287
f 5286 5287 5288
f 5279 5289 5290
f 5290 5289 5291
f 5290 5291 5292
f 5292 5291 5293
f 5292 5293 4258
f 4258 5293 5294
f 4258 5294 4259
f 5295 4200 5296
f 5296 4200 4199
f 5296 4199 5297
f 5289 5295 5291
f 5291 5295 5296
f 5291 5296 5293
f 5293 5296 5297
f 5293 5297 5294
f 5279 5281 5289
f 5289 5281 5284
f 5289 5284 5295
f 5295 5284 5286
f 5295 5286 4200
f 4200 5286 5288
f 4200 5288 4201
f 5298 4756 5299
f 5299 4756 4755
f 5299 4755 5300
f 5300 4755 4760
f 5300 4760 5301
f 5301 4760 4762
f 5301 4762 4763
f 4763 4762 4770
f 4763 4770 4764
f 5302 5303 5304
f 5304 5303 5305
f 5304 5305 5306
f 5306 5305 5307
f 5306 5307 5308
f 5308 5307 5309
f 4772 4761 5310
f 5310 4761 4754
f 5310 4754 5309
f 5309 4754 4756
f 5309 4756 5308
f 5308 4756 5298
f 5308 5298 5306
f 5306 5298 5311
f 5306 5311 5304
f 5304 5311 5278
f 5304 5278 5302
f 5302 5278 5277
f 5302 5277 5303
f 4759 5312 4757
f 4757 5312 5313
f 4757 5313 5314
f 5314 5313 5315
f 5314 5315 5316
f 5317 5318 5316
f 5316 5318 5319
f 5316 5319 5314
f 5314 5319 5320
f 5314 5320 4757
f 4757 5320 5321
f 4757 5321 4758
f 4758 5321 5322
f 4758 5322 4883
f 4883 5322 5323
f 4883 5323 4884
f 4884 5323 5324
f 4884 5324 4885
f 4885 5324 5325
f 4885 5325 4886
f 4886 5325 5326
f 4886 5326 4887
f 4887 5326 5327
f 4887 5327 4889
f 4889 5327 5328
f 4889 5328 4891
f 4891 5328 5329
f 4891 5329 4893
f 5272 5271 4210
f 4210 5271 4208
f 4210 4208 4211
f 4211 4208 5317
f 4211 5317 5276
f 5276 5317 5316
f 5276 5316 5277
f 5277 5316 5315
f 5277 5315 5303
f 5303 5315 5313
f 5303 5313 5305
f 5305 5313 5312
f 5305 5312 5307
f 5307 5312 4759
f 5307 4759 5309
f 5309 4759 4774
f 5309 4774 5310
f 5310 4774 4776
f 5310 4776 4772
f 4772 4776 4778
f 4772 4778 4771
f 4771 4778 4779
f 4771 4779 4770
f 4770 4779 4253
f 4770 4253 4764
f 4764 4253 4252
f 4764 4252 4766
f 4766 4252 4257
f 4766 4257 4768
f 4768 4257 4783
f 4768 4783 5036
f 5036 4783 4785
f 5036 4785 4261
f 4261 4785 4818
f 4261 4818 4262
f 4262 4818 4817
f 4262 4817 4744
f 4744 4817 5330
f 4744 5330 4745
f 4745 5330 5331
f 4745 5331 4746
f 5282 5257 5283
f 5283 5257 5256
f 5283 5256 5285
f 5285 5256 5278
f 5285 5278 5287
f 5287 5278 5311
f 5287 5311 5288
f 5288 5311 5298
f 5288 5298 4201
f 4201 5298 5299
f 4201 5299 4199
f 4199 5299 5300
f 4199 5300 5297
f 5297 5300 5301
f 5297 5301 5294
f 5294 5301 4763
f 5294 4763 4259
f 4259 4763 4765
f 4259 4765 4260
f 4260 4765 4767
f 4260 4767 5072
f 5072 4767 4769
f 5072 4769 5071
f 5071 4769 5113
f 5071 5113 5069
f 5069 5113 5112
f 5069 5112 5067
f 5067 5112 5111
f 5067 5111 5065
f 5065 5111 5110
f 5065 5110 5063
f 5063 5110 5109
f 5063 5109 5061
f 5061 5109 5108
f 5061 5108 5059
f 5059 5108 5107
f 5059 5107 5057
f 5057 5107 5106
f 5057 5106 5055
f 5055 5106 5105
f 5055 5105 5053
f 5053 5105 5104
f 1508 5332 1506
f 1506 5332 5333
f 4196 4198 5334
f 5335 5336 5337
f 5335 5337 5332
f 5338 1503 5333
f 5333 1503 1502
f 5333 1502 1506
f 5332 5337 5333
f 5333 5337 5339
f 5333 5339 5338
f 5338 5339 5340
f 5338 5340 5341
f 5342 5343 5344
f 5344 5343 5345
f 4197 5342 4198
f 4198 5342 5344
f 4198 5344 5346
f 5346 5344 5347
f 5346 5347 5348
f 4194 5349 4195
f 4195 5349 5350
f 4195 5350 4333
f 5336 5334 5337
f 5337 5334 4198
f 5337 4198 5339
f 5339 4198 5346
f 5339 5346 5340
f 5340 5346 5348
f 5340 5348 5341
f 5351 1495 5352
f 5352 1495 1499
f 5352 1499 5341
f 5341 1499 1501
f 5341 1501 5338
f 5338 1501 1505
f 5338 1505 1503
f 5353 5354 5355
f 5356 5351 5357
f 5357 5351 5352
f 5357 5352 5353
f 5353 5352 5341
f 5353 5341 5354
f 5354 5341 5348
f 5354 5348 5355
f 5355 5348 5347
f 5358 4193 5359
f 5359 4193 4195
f 5359 4195 4331
f 4331 4195 4335
f 4331 4335 4332
f 5360 5361 4187
f 4321 5362 4322
f 4322 5362 5363
f 4322 5363 4192
f 4192 5363 5364
f 4192 5364 5365
f 5366 4188 5367
f 5367 4188 4187
f 5367 4187 5368
f 5368 4187 5361
f 5369 5370 5371
f 5371 5370 5372
f 5371 5372 5373
f 5373 5372 5374
f 5373 5374 5375
f 5375 5374 5376
f 5375 5376 5377
f 5377 5376 5378
f 5377 5378 5379
f 5379 5378 5380
f 5379 5380 5381
f 5381 5380 4184
f 4184 4186 5381
f 5381 4186 5382
f 5381 5382 5379
f 5379 5382 5383
f 5379 5383 5377
f 5377 5383 5384
f 5377 5384 5375
f 5375 5384 5385
f 5375 5385 5373
f 5373 5385 4191
f 5373 4191 5371
f 5371 4191 4190
f 5371 4190 5369
f 1491 1498 5351
f 5351 1498 1496
f 5351 1496 1495
f 5386 1492 1491
f 1492 5386 1494
f 1494 5386 5387
f 1494 5387 1486
f 1486 5387 5388
f 1486 5388 5389
f 1491 5351 5386
f 5386 5351 5356
f 5386 5356 5387
f 5387 5356 5390
f 5387 5390 5388
f 5388 5390 5391
f 5388 5391 5389
f 5392 5393 5394
f 5394 5393 5395
f 5394 5395 5396
f 5396 5395 5397
f 5396 5397 5398
f 5398 5397 5399
f 5398 5399 5400
f 5400 5399 5401
f 5400 5401 5402
f 5402 5401 5403
f 5402 5403 5404
f 5404 5403 5405
f 5404 5405 5406
f 5406 5405 5407
f 5370 5392 5372
f 5372 5392 5394
f 5372 5394 5374
f 5374 5394 5396
f 5374 5396 5376
f 5376 5396 5398
f 5376 5398 5378
f 5378 5398 5400
f 5378 5400 5380
f 5380 5400 5402
f 5380 5402 4184
f 4184 5402 5404
f 4184 5404 4185
f 4185 5404 5406
f 5366 5408 4188
f 4188 5408 5409
f 4188 5409 5410
f 5411 5412 5413
f 5413 5412 5414
f 5413 5414 5415
f 5416 5417 5418
f 5418 5417 5411
f 5419 4189 5420
f 5420 4189 4188
f 5420 4188 5418
f 5418 4188 5410
f 5418 5410 5416
f 5421 5422 5423
f 5424 5425 5426
f 5426 5425 5427
f 5426 5427 5428
f 4181 4183 5428
f 5429 5430 5431
f 5431 5432 5429
f 5429 5432 5433
f 5429 5433 5434
f 5435 5436 4319
f 5436 5437 4319
f 4319 5437 5438
f 4319 5438 4320
f 5439 5440 5441
f 5441 5440 5442
f 5441 5442 5443
f 5428 4183 5426
f 5426 4183 5444
f 5426 5444 5424
f 5424 5444 5445
f 5424 5445 5446
f 5446 5445 5447
f 5446 5447 5448
f 5448 5447 5449
f 5448 5449 5450
f 5451 5450 5452
f 5452 5450 5449
f 5452 5449 5453
f 5453 5449 5447
f 5453 5447 5454
f 5454 5447 5445
f 5454 5445 5455
f 5455 5445 5444
f 5455 5444 5456
f 5456 5444 4183
f 5456 4183 5429
f 5429 4183 4182
f 5429 4182 5430
f 5451 5457 5450
f 5450 5457 5458
f 5450 5458 5448
f 5448 5458 5459
f 5448 5459 5446
f 5446 5459 5421
f 5446 5421 5424
f 5424 5421 5423
f 5424 5423 5425
f 5442 5460 5443
f 5443 5460 5461
f 5443 5461 5462
f 5462 5461 5463
f 5462 5463 5464
f 5440 4179 5442
f 5442 4179 4178
f 5442 4178 5460
f 5460 4178 5465
f 5460 5465 5461
f 5461 5465 5466
f 5461 5466 5463
f 5439 5467 5440
f 5440 5467 5468
f 5440 5468 4179
f 4179 5468 5469
f 4179 5469 4180
f 4312 5470 4313
f 4313 5470 5471
f 4313 5471 5472
f 5473 5435 5439
f 5439 5435 4319
f 5439 4319 5467
f 5467 4319 4315
f 5467 4315 5468
f 5468 4315 4313
f 5468 4313 5469
f 5469 4313 5472
f 5469 5472 5474
f 5475 5476 5477
f 5476 5478 5477
f 5477 5478 5479
f 5477 5479 5480
f 4232 4234 4949
f 4949 4234 5196
f 4949 5196 4950
f 4950 5196 4934
f 4950 4934 4237
f 4237 4934 4932
f 4237 4932 5481
f 5481 4932 4931
f 5481 4931 4175
f 4175 4931 5482
f 4175 5482 4176
f 5482 5483 4176
f 4176 5483 5484
f 4176 5484 4177
f 4177 5484 5485
f 4177 5485 5486
f 5486 5485 5487
f 5471 5475 5472
f 5472 5475 5477
f 5472 5477 5474
f 5474 5477 5488
f 5474 5488 5469
f 5469 5488 5489
f 5469 5489 4180
f 4180 5489 5490
f 4180 5490 4178
f 4178 5490 5491
f 4178 5491 5465
f 5465 5491 5492
f 5465 5492 5466
f 5493 5494 5495
f 5495 5494 5496
f 5495 5496 5497
f 4172 4174 5498
f 5499 5500 5501
f 5501 5500 5502
f 5501 5502 4174
f 4174 5502 5503
f 4174 5503 5498
f 4173 4940 4174
f 4174 4940 5504
f 4174 5504 5501
f 5500 5505 5502
f 5502 5505 5506
f 5502 5506 5507
f 5498 5487 4172
f 4172 5487 5485
f 4172 5485 4173
f 4173 5485 5484
f 4173 5484 4940
f 4940 5484 5483
f 4940 5483 4938
f 4938 5483 5482
f 4938 5482 4936
f 4936 5482 4931
f 4936 4931 4941
f 4941 4931 4933
f 4941 4933 4942
f 4942 4933 5185
f 4942 5185 4944
f 4944 5185 5183
f 4944 5183 4946
f 4946 5183 5181
f 4946 5181 4947
f 4947 5181 5179
f 4947 5179 4965
f 4965 5179 5177
f 4965 5177 5086
f 5086 5177 5175
f 5086 5175 5128
f 5128 5175 5173
f 5128 5173 5126
f 5126 5173 5171
f 5126 5171 5124
f 5124 5171 5169
f 5124 5169 5122
f 5122 5169 5167
f 5122 5167 4225
f 4225 5167 5165
f 4225 5165 4222
f 4222 5165 5163
f 4222 5163 4223
f 4223 5163 5161
f 4223 5161 5149
f 5149 5161 5159
f 5411 5413 5418
f 5418 5413 5508
f 5418 5508 5420
f 5420 5508 5509
f 5420 5509 5419
f 5419 5509 5510
f 5419 5510 5511
f 5511 5510 5512
f 5511 5512 5513
f 5506 5514 5507
f 5507 5514 5515
f 5507 5515 5516
f 5516 5515 5517
f 5516 5517 5518
f 5518 5517 5519
f 5518 5519 5520
f 5520 5519 5521
f 5520 5521 5522
f 5523 5457 5524
f 5524 5457 5451
f 5524 5451 5525
f 5525 5451 5452
f 5525 5452 5526
f 5526 5452 5453
f 5526 5453 5464
f 5464 5453 5454
f 5464 5454 5462
f 5462 5454 5455
f 5462 5455 5443
f 5443 5455 5456
f 5443 5456 5441
f 5441 5456 5429
f 5441 5429 5439
f 5439 5429 5434
f 5439 5434 5473
f 5527 5512 5523
f 5523 5512 5510
f 5523 5510 5457
f 5457 5510 5509
f 5457 5509 5458
f 5458 5509 5508
f 5458 5508 5459
f 5459 5508 5413
f 5459 5413 5421
f 5421 5413 5415
f 5421 5415 5422
f 5528 5527 5529
f 5529 5527 5523
f 5529 5523 5530
f 5530 5523 5524
f 5530 5524 5531
f 5531 5524 5525
f 5531 5525 5532
f 5532 5525 5526
f 5532 5526 5533
f 5533 5526 5464
f 5533 5464 5497
f 5497 5464 5463
f 5497 5463 5495
f 5495 5463 5466
f 5495 5466 5493
f 5493 5466 5492
f 5517 5534 5519
f 5519 5534 5535
f 5519 5535 5521
f 5521 5535 5536
f 5521 5536 5522
f 5522 5536 5537
f 5499 5538 5500
f 5500 5538 5539
f 5500 5539 5505
f 5505 5539 5540
f 5505 5540 5506
f 5506 5540 5541
f 5506 5541 5514
f 5514 5541 5542
f 5514 5542 5515
f 5515 5542 5543
f 5515 5543 5517
f 5517 5543 5544
f 5517 5544 5534
f 5545 5546 5547
f 5547 5546 5548
f 5547 5548 5549
f 5549 5548 5550
f 5549 5550 5551
f 5551 5550 5552
f 5551 5552 5553
f 5553 5552 5554
f 5553 5554 5555
f 5555 5554 5556
f 5555 5556 5557
f 5557 5556 5558
f 5557 5558 5559
f 5546 5560 5548
f 5548 5560 5561
f 5548 5561 5550
f 5550 5561 5562
f 5550 5562 5552
f 5552 5562 5563
f 5552 5563 5554
f 5554 5563 4167
f 5554 4167 5556
f 5556 4167 4166
f 5556 4166 5558
f 5393 5564 5395
f 5395 5564 5565
f 5395 5565 5397
f 5397 5565 5566
f 5397 5566 5399
f 5399 5566 5567
f 5399 5567 5401
f 5401 5567 5568
f 5401 5568 5403
f 5403 5568 5569
f 5403 5569 5405
f 5405 5569 5570
f 5405 5570 5407
f 5407 5570 5571
f 1490 1489 5389
f 5389 1489 1487
f 5389 1487 1486
f 1485 1484 5572
f 5572 1484 1483
f 5572 1483 5573
f 5574 5391 5575
f 5575 5391 5390
f 5575 5390 5576
f 5576 5390 5356
f 5576 5356 5577
f 5577 5356 5357
f 5577 5357 5578
f 5578 5357 5353
f 5578 5353 5579
f 5579 5353 5355
f 5579 5355 5358
f 5358 5355 5347
f 5358 5347 4193
f 4193 5347 5344
f 4193 5344 4194
f 4194 5344 5345
f 4194 5345 5349
f 5564 5580 5565
f 5565 5580 5581
f 5565 5581 5566
f 5566 5581 5582
f 5566 5582 5567
f 5567 5582 5583
f 5567 5583 5568
f 5568 5583 5584
f 5568 5584 5569
f 5569 5584 5585
f 5569 5585 5570
f 5570 5585 5586
f 5570 5586 5571
f 5571 5586 5587
f 5571 5587 5588
f 5588 5587 5589
f 5588 5589 5590
f 5590 5589 5591
f 4171 1482 5572
f 5572 1482 1481
f 5572 1481 1485
f 4381 5592 5593
f 5593 5592 4171
f 5593 4171 5574
f 5574 4171 5572
f 5574 5572 5391
f 5391 5572 5573
f 5391 5573 5389
f 5389 5573 1483
f 5389 1483 1490
f 1469 1479 4378
f 4378 1479 1478
f 4378 1478 1476
f 4381 4379 5592
f 5592 4379 4378
f 5592 4378 4171
f 4171 4378 1476
f 4171 1476 1475
f 4192 4191 4322
f 4322 4191 5385
f 4322 5385 4324
f 4324 5385 5384
f 4324 5384 4327
f 4327 5384 5383
f 4327 5383 4331
f 4331 5383 5382
f 4331 5382 5359
f 5359 5382 4186
f 5359 4186 5358
f 5358 4186 4185
f 5358 4185 5579
f 5579 4185 5406
f 5579 5406 5578
f 5578 5406 5407
f 5578 5407 5577
f 5577 5407 5571
f 5577 5571 5576
f 5576 5571 5588
f 5576 5588 5575
f 5575 5588 5590
f 5575 5590 5574
f 5574 5590 5591
f 5574 5591 5593
f 5580 5594 5581
f 5581 5594 5595
f 5581 5595 5582
f 5582 5595 5596
f 5582 5596 5583
f 5583 5596 5597
f 5583 5597 5584
f 5584 5597 5598
f 5584 5598 5585
f 5585 5598 5599
f 5585 5599 5586
f 5586 5599 5600
f 5586 5600 5587
f 5587 5600 5601
f 5587 5601 5589
f 5589 5601 5602
f 5589 5602 5591
f 5591 5602 5603
f 5591 5603 5593
f 5604 5528 5605
f 5605 5528 5529
f 5605 5529 5537
f 5537 5529 5530
f 5537 5530 5522
f 5522 5530 5531
f 5522 5531 5520
f 5520 5531 5532
f 5520 5532 5518
f 5518 5532 5533
f 5518 5533 5516
f 5516 5533 5497
f 5516 5497 5507
f 5507 5497 5496
f 5507 5496 5502
f 5502 5496 5494
f 5502 5494 5503
f 5503 5494 5493
f 5503 5493 5498
f 5498 5493 5492
f 5498 5492 5487
f 5487 5492 5491
f 5487 5491 5486
f 5486 5491 5490
f 5486 5490 4177
f 4177 5490 5489
f 4177 5489 4175
f 4175 5489 5488
f 4175 5488 5481
f 5481 5488 5477
f 5481 5477 4237
f 4237 5477 5480
f 4237 5480 4235
f 4163 4168 4164
f 4164 4168 4170
f 4164 4170 5606
f 5606 4170 5607
f 5606 5607 5608
f 5608 5607 5609
f 5608 5609 5610
f 5610 5609 5611
f 5612 5559 5613
f 5613 5559 5558
f 5613 5558 5614
f 5614 5558 4166
f 5614 4166 5615
f 5615 4166 4165
f 5615 4165 5616
f 5617 5618 5619
f 5620 5621 5622
f 5623 4162 5624
f 5624 4162 4164
f 5624 4164 5625
f 5625 4164 5606
f 5625 5606 5626
f 5626 5606 5608
f 5626 5608 5627
f 5627 5608 5610
f 5628 5629 5630
f 5630 5629 5631
f 5630 5631 5632
f 5632 5631 5633
f 5632 5633 5634
f 5634 5633 5635
f 5634 5635 4394
f 4394 5635 4613
f 4394 4613 4395
f 4395 4613 4615
f 4395 4615 4406
f 4406 4615 4677
f 4406 4677 4407
f 4407 4677 4589
f 4407 4589 4400
f 4400 4589 4588
f 4400 4588 4441
f 4441 4588 4593
f 4441 4593 4440
f 4440 4593 4592
f 4440 4592 4439
f 4439 4592 4591
f 4439 4591 4438
f 4438 4591 4432
f 4438 4432 4437
f 4437 4432 4434
f 4437 4434 4430
f 4430 4434 4431
f 4430 4431 1427
f 1427 4431 1432
f 4281 4743 4279
f 4279 4743 4278
f 4279 4278 4630
f 4630 4278 4277
f 4630 4277 4632
f 4632 4277 4627
f 4632 4627 4634
f 4634 4627 4623
f 4634 4623 4635
f 4635 4623 4622
f 4635 4622 5636
f 5636 4622 4620
f 5636 4620 5637
f 5637 4620 4618
f 5637 4618 5638
f 5638 4618 4160
f 5638 4160 5639
f 5639 4160 4159
f 5639 4159 5640
f 5629 5640 5631
f 5631 5640 4159
f 5631 4159 5633
f 5633 4159 4161
f 5633 4161 5635
f 5635 4161 4617
f 5635 4617 4613
f 4613 4617 4619
f 4613 4619 4614
f 4614 4619 4621
f 4614 4621 4616
f 4616 4621 4623
f 4616 4623 4676
f 4676 4623 4628
f 4676 4628 4675
f 4675 4628 4636
f 4675 4636 4674
f 4674 4636 4798
f 4674 4798 4673
f 4673 4798 4797
f 4673 4797 4672
f 4672 4797 4816
f 4672 4816 4671
f 4671 4816 4271
f 4671 4271 4670
f 4670 4271 4270
f 4670 4270 4669
f 4669 4270 4268
f 4669 4268 4668
f 4668 4268 4267
f 4668 4267 4667
f 4667 4267 4690
f 4667 4690 4666
f 4666 4690 4688
f 4666 4688 4665
f 4665 4688 4686
f 4665 4686 4664
f 4664 4686 4684
f 4664 4684 4663
f 4663 4684 4682
f 5513 5512 5641
f 5641 5512 5527
f 5641 5527 5642
f 5642 5527 5528
f 5642 5528 5643
f 5643 5528 5604
f 5643 5604 5644
f 5644 5604 5645
f 5644 5645 5646
f 5646 5645 5647
f 5646 5647 5648
f 5648 5647 5649
f 5648 5649 5650
f 5650 5649 5651
f 5650 5651 5652
f 5652 5651 5653
f 5652 5653 4650
f 4650 5653 5654
f 4650 5654 4651
f 4626 5655 4624
f 4624 5655 5656
f 4624 5656 4612
f 4612 5656 5657
f 4612 5657 4611
f 4611 5657 5658
f 4611 5658 4609
f 4609 5658 5659
f 4609 5659 4607
f 4607 5659 5660
f 5661 4605 5662
f 5662 4605 4604
f 5662 4604 5663
f 5611 5612 5610
f 5610 5612 5613
f 5610 5613 5627
f 5627 5613 5614
f 5627 5614 5626
f 5626 5614 5615
f 5626 5615 5625
f 5625 5615 5616
f 5625 5616 5624
f 5624 5616 5664
f 5624 5664 5623
f 5623 5664 5665
f 5623 5665 4162
f 4162 5665 5661
f 4162 5661 4163
f 4163 5661 5662
f 4163 5662 4168
f 4168 5662 5663
f 4168 5663 4169
f 4650 4626 5652
f 5652 4626 4625
f 5652 4625 5650
f 5650 4625 4610
f 5650 4610 5648
f 5648 4610 4608
f 5648 4608 5646
f 5646 4608 4607
f 5646 4607 5644
f 5644 4607 5660
f 5644 5660 5643
f 4851 4837 4853
f 4853 4837 4838
f 4853 4838 4855
f 4855 4838 4839
f 4855 4839 4857
f 4857 4839 4840
f 4857 4840 4859
f 4859 4840 4841
f 4859 4841 4882
f 4882 4841 4842
f 4882 4842 4823
f 4823 4842 4809
f 4823 4809 4821
f 4821 4809 4747
f 4821 4747 4819
f 4819 4747 4749
f 4819 4749 4817
f 4817 4749 4751
f 4817 4751 5330
f 5330 4751 4739
f 5330 4739 5331
f 5331 4739 4738
f 5331 4738 4746
f 4746 4738 4656
f 4746 4656 4727
f 4727 4656 4275
f 4727 4275 4655
f 4655 4275 4274
f 4655 4274 4654
f 4654 4274 4281
f 4654 4281 4652
f 4652 4281 4280
f 4652 4280 4650
f 4650 4280 4629
f 4650 4629 4626
f 4626 4629 4631
f 4626 4631 5655
f 5655 4631 4633
f 5655 4633 5656
f 5656 4633 4635
f 5656 4635 5657
f 5657 4635 5636
f 5657 5636 5658
f 5658 5636 5637
f 5658 5637 5659
f 5659 5637 5638
f 5659 5638 5660
f 5660 5638 5639
f 5660 5639 5643
f 5643 5639 5640
f 5643 5640 5642
f 5642 5640 5629
f 5642 5629 5641
f 5641 5629 5628
f 5641 5628 5513
f 5666 5667 5668
f 5617 5619 5666
f 5666 5619 5669
f 5666 5669 5667
f 5667 5669 5670
f 5667 5670 5671
f 5672 5668 5673
f 5673 5668 5667
f 5673 5667 5674
f 5674 5667 5671
f 5674 5671 5675
f 4642 5676 4643
f 4643 5676 5677
f 4643 5677 5678
f 5678 5677 5679
f 5678 5679 5680
f 5680 5679 5681
f 5680 5681 5682
f 5620 5622 5683
f 5683 5622 5684
f 5683 5684 5685
f 5685 5684 5686
f 5685 5686 5687
f 5687 5686 5688
f 5687 5688 5689
f 5689 5688 5690
f 5689 5690 4646
f 4646 4644 5689
f 5689 4644 4643
f 5689 4643 5687
f 5687 4643 5678
f 5687 5678 5685
f 5685 5678 5680
f 5685 5680 5683
f 5683 5680 5682
f 5683 5682 5620
f 5672 5673 5691
f 5691 5673 5674
f 5691 5674 5692
f 5692 5674 5675
f 5692 5675 4641
f 4641 5675 5671
f 4641 5671 4642
f 4642 5671 5670
f 4642 5670 5676
f 5676 5670 5669
f 5676 5669 5677
f 5677 5669 5619
f 5677 5619 5679
f 5679 5619 5618
f 5679 5618 5681
f 4649 4639 4640
f 4640 4639 4638
f 4640 4638 4641
f 4641 4638 4637
f 4641 4637 5692
f 5692 4637 4605
f 5692 4605 5691
f 5691 4605 5661
f 5691 5661 5672
f 5672 5661 5665
f 5672 5665 5668
f 5668 5665 5664
f 5668 5664 5666
f 5666 5664 5616
f 5666 5616 5617
f 5617 5616 4165
f 5617 4165 5618
f 5618 4165 4167
f 5618 4167 5681
f 5681 4167 5563
f 5681 5563 5682
f 5682 5563 5562
f 5682 5562 5620
f 5620 5562 5561
f 5620 5561 5621
f 5621 5561 5560
f 5365 5360 4192
f 4192 5360 4187
f 4192 4187 4190
f 4190 4187 4189
f 4190 4189 5369
f 5369 4189 5419
f 5369 5419 5370
f 5370 5419 5511
f 5370 5511 5392
f 5392 5511 5513
f 5392 5513 5393
f 5393 5513 5628
f 5393 5628 5564
f 5564 5628 5630
f 5564 5630 5580
f 5580 5630 5632
f 5580 5632 5594
f 5594 5632 5634
f 5594 5634 5595
f 5595 5634 4394
f 5595 4394 5596
f 5596 4394 4393
f 5596 4393 5597
f 5597 4393 4405
f 5597 4405 5598
f 5598 4405 4302
f 5598 4302 5599
f 5599 4302 4301
f 5599 4301 5600
f 5600 4301 4396
f 5600 4396 5601
f 5601 4396 4306
f 5601 4306 5602
f 5602 4306 4305
f 5602 4305 5603
f 5603 4305 4408
f 5603 4408 5593
f 5593 4408 4383
f 5593 4383 4381
f 4381 4383 4382
f 4381 4382 4380
f 4380 4382 4389
f 4380 4389 4308
f 4308 4389 4386
f 4308 4386 1461
f 1461 4386 1463
f 4916 5693 4917
f 4917 5693 5694
f 4917 5694 5695
f 1129 4914 1120
f 1120 4914 4917
f 1120 4917 1117
f 1117 4917 5695
f 1117 5695 1118
f 2228 2227 4780
f 4780 2227 2226
f 4780 2226 2225
f 4207 2231 4208
f 4208 2231 4202
f 4208 4202 5317
f 5317 4202 2229
f 5317 2229 5318
f 5318 2229 2228
f 5318 2228 5319
f 5319 2228 4780
f 5319 4780 5320
f 5320 4780 4781
f 5320 4781 5321
f 5321 4781 4782
f 5321 4782 5322
f 5322 4782 4930
f 5322 4930 5323
f 5323 4930 4927
f 5323 4927 5324
f 5324 4927 4928
f 5324 4928 5325
f 5325 4928 4900
f 5325 4900 5326
f 5326 4900 4895
f 5326 4895 5327
f 5327 4895 4898
f 5327 4898 5328
f 5328 4898 4904
f 5328 4904 5329
f 5329 4904 4243
f 5329 4243 4893
f 4893 4243 4926
f 4893 4926 4894
f 4894 4926 4903
f 4894 4903 4875
f 4875 4903 4867
f 4875 4867 4870
f 4870 4867 4860
f 4870 4860 4850
f 4850 4860 4861
f 4850 4861 4851
f 4851 4861 4862
f 4851 4862 4837
f 4837 4862 4863
f 4837 4863 4830
f 4830 4863 4864
f 4830 4864 4824
f 4824 4864 4865
f 4824 4865 4721
f 4721 4865 4357
f 4721 4357 4716
f 4716 4357 4350
f 4716 4350 4704
f 4704 4350 4352
f 4704 4352 4681
f 4681 4352 4703
f 4681 4703 4682
f 4682 4703 4702
f 4682 4702 4663
f 4663 4702 4701
f 4663 4701 4264
f 4264 4701 4700
f 4264 4700 4265
f 4265 4700 4694
f 4265 4694 4577
f 4577 4694 4692
f 4577 4692 4562
f 4562 4692 4691
f 4562 4691 4560
f 4560 4691 4581
f 4560 4581 4584
f 4584 4581 4580
f 4584 4580 4585
f 4585 4580 4579
f 4585 4579 1358
f 1358 4579 4284
f 1358 4284 1359
f 1359 4284 4283
f 1359 4283 1113
f 1113 4283 1111
f 5214 5268 5213
f 5213 5268 5258
f 5213 5258 5218
f 5218 5258 4212
f 5218 4212 5234
f 5234 4212 4214
f 5234 4214 5158
f 5158 4214 5248
f 5158 5248 5159
f 5159 5248 5249
f 5159 5249 5149
f 5149 5249 5251
f 5149 5251 5148
f 5148 5251 5253
f 5148 5253 5147
f 5147 5253 5255
f 5147 5255 5146
f 5146 5255 5257
f 5146 5257 5145
f 5145 5257 5282
f 5145 5282 4988
f 4988 5282 5280
f 4988 5280 4989
f 4989 5280 5279
f 4989 5279 5093
f 5093 5279 5290
f 5093 5290 5094
f 5094 5290 5292
f 5094 5292 5085
f 5085 5292 4258
f 5085 4258 5052
f 5052 4258 4260
f 5052 4260 5051
f 5051 4260 5072
f 5051 5072 5103
f 5103 5072 5070
f 5103 5070 5102
f 5102 5070 5068
f 5102 5068 5101
f 5101 5068 5066
f 5101 5066 5100
f 5100 5066 5064
f 5100 5064 5099
f 5099 5064 5062
f 5099 5062 5098
f 5098 5062 5060
f 5098 5060 5097
f 5097 5060 5058
f 5097 5058 5096
f 5096 5058 5056
f 5096 5056 5095
f 5095 5056 5054
f 5095 5054 4939
f 4939 5054 5053
f 4939 5053 4940
f 4940 5053 5104
f 4940 5104 5504
f 5504 5104 4964
f 5504 4964 5501
f 5501 4964 4963
f 5501 4963 5499
f 5499 4963 4961
f 5499 4961 5538
f 5538 4961 5011
f 5538 5011 5545
f 5545 5011 5010
f 5545 5010 5546
f 5546 5010 5008
f 5546 5008 5560
f 5560 5008 5006
f 5560 5006 5621
f 5621 5006 5004
f 5621 5004 5622
f 5622 5004 5002
f 5622 5002 5684
f 5684 5002 5000
f 5684 5000 5686
f 5686 5000 4998
f 5686 4998 5688
f 5688 4998 4728
f 5688 4728 5690
f 5690 4728 4727
f 5690 4727 4646
f 4646 4727 4655
f 4646 4655 4647
f 4647 4655 4653
f 4647 4653 4648
f 4648 4653 4651
f 4648 4651 4649
f 4649 4651 5654
f 4649 5654 4639
f 4639 5654 5653
f 4639 5653 4606
f 4606 5653 5651
f 4606 5651 4604
f 4604 5651 5649
f 4604 5649 5663
f 5663 5649 5647
f 5663 5647 4169
f 4169 5647 5645
f 4169 5645 4170
f 4170 5645 5604
f 4170 5604 5607
f 5607 5604 5605
f 5607 5605 5609
f 5609 5605 5537
f 5609 5537 5611
f 5611 5537 5536
f 5611 5536 5612
f 5612 5536 5535
f 5612 5535 5559
f 5559 5535 5534
f 5559 5534 5557
f 5557 5534 5544
f 5557 5544 5555
f 5555 5544 5543
f 5555 5543 5553
f 5553 5543 5542
f 5553 5542 5551
f 5551 5542 5541
f 5551 5541 5549
f 5549 5541 5540
f 5549 5540 5547
f 5547 5540 5539
f 5547 5539 5545
f 5545 5539 5538
f 5696 5697 5698
f 5698 5697 5699
f 5698 5699 5700
f 5700 5699 5701
f 5700 5701 5702
f 5702 5701 5703
f 5702 5703 5704
f 5704 5703 5705
f 5704 5705 5706
f 5706 5705 5707
f 5706 5707 5708
f 5708 5707 5709
f 5708 5709 5710
f 5710 5709 5711
f 5710 5711 5712
f 5712 5711 5713
f 5712 5713 5714
f 5714 5713 5715
f 5714 5715 5716
f 5716 5715 5717
f 5716 5717 5718
f 5718 5717 5719
f 5718 5719 5720
f 5720 5719 5721
f 5720 5721 5722
f 5722 5721 5723
f 5722 5723 5724
f 5724 5723 5725
f 5724 5725 5726
f 5726 5725 5727
f 5726 5727 5728
f 5728 5727 5729
f 5728 5729 5730
f 5730 5729 5731
f 5730 5731 5732
f 5732 5731 5733
f 5732 5733 5734
f 5734 5733 5735
f 5734 5735 5736
f 5736 5735 5737
f 5736 5737 5738
f 5738 5737 5739
f 5738 5739 5740
f 5740 5739 5741
f 5740 5741 5742
f 5742 5741 5743
f 5742 5743 5744
f 5744 5743 5745
f 5744 5745 5746
f 5746 5745 5747
f 5746 5747 5748
f 5748 5747 5749
f 5748 5749 5750
f 5750 5749 5751
f 5750 5751 5752
f 5752 5751 5753
f 5752 5753 5754
f 5754 5753 5755
f 5754 5755 5756
f 5756 5755 5757
f 5756 5757 5758
f 5758 5757 5759
f 5758 5759 5760
f 5760 5759 5761
f 5760 5761 5762
f 5762 5761 5763
f 5762 5763 5764
f 5764 5763 5765
f 5764 5765 5766
f 5766 5765 5767
f 5766 5767 5768
f 5768 5767 5769
f 5768 5769 5770
f 5770 5769 5771
f 5770 5771 5772
f 5772 5771 5773
f 5772 5773 5774
f 5774 5773 5775
f 5774 5775 5776
f 5776 5775 5777
f 5776 5777 5778
f 5778 5777 5779
f 5778 5779 5696
f 5696 5779 5697
f 5780 5781 5782
f 5782 5781 5783
f 5782 5783 5784
f 5784 5783 5785
f 5784 5785 5786
f 5786 5785 5787
f 5786 5787 5788
f 5788 5787 5789
f 5788 5789 5790
f 5790 5789 5791
f 5790 5791 5792
f 5792 5791 5793
f 5792 5793 5794
f 5794 5793 5795
f 5794 5795 5796
f 5796 5795 5797
f 5796 5797 5798
f 5798 5797 5799
f 5798 5799 5800
f 5800 5799 5801
f 5800 5801 5802
f 5802 5801 5803
f 5802 5803 5804
f 5804 5803 5805
f 5804 5805 5806
f 5806 5805 5807
f 5806 5807 5808
f 5808 5807 5809
f 5808 5809 5810
f 5810 5809 5811
f 5810 5811 5812
f 5812 5811 5813
f 5812 5813 5814
f 5814 5813 5815
f 5814 5815 5816
f 5816 5815 5817
f 5816 5817 5818
f 5818 5817 5819
f 5818 5819 5820
f 5820 5819 5821
f 5820 5821 5822
f 5822 5821 5823
f 5822 5823 5824
f 5824 5823 5825
f 5824 5825 5826
f 5826 5825 5827
f 5826 5827 5828
f 5828 5827 5829
f 5828 5829 5830
f 5830 5829 5831
f 5830 5831 5832
f 5832 5831 5833
f 5832 5833 5834
f 5834 5833 5835
f 5834 5835 5836
f 5836 5835 5837
f 5836 5837 5838
f 5838 5837 5839
f 5838 5839 5840
f 5840 5839 5841
f 5840 5841 5842
f 5842 5841 5843
f 5842 5843 5844
f 5844 5843 5845
f 5844 5845 5846
f 5846 5845 5847
f 5846 5847 5848
f 5848 5847 5849
f 5848 5849 5850
f 5850 5849 5851
f 5850 5851 5852
f 5852 5851 5853
f 5852 5853 5854
f 5854 5853 5855
f 5854 5855 5856
f 5856 5855 5857
f 5856 5857 5858
f 5858 5857 5859
f 5858 5859 5860
f 5860 5859 5861
f 5860 5861 5862
f 5862 5861 5863
f 5862 5863 5780
f 5780 5863 5781
f 5864 5865 5866
f 5866 5865 5867
f 5866 5867 5868
f 5868 5867 5869
f 5868 5869 5870
f 5870 5869 5871
f 5870 5871 5872
f 5872 5871 5873
f 5872 5873 5874
f 5874 5873 5875
f 5874 5875 5876
f 5876 5875 5877
f 5876 5877 5878
f 5878 5877 5879
f 5878 5879 5880
f 5880 5879 5881
f 5880 5881 5882
f 5882 5881 5883
f 5882 5883 5884
f 5884 5883 5885
f 5884 5885 5886
f 5886 5885 5887
f 5886 5887 5888
f 5888 5887 5889
f 5888 5889 5890
f 5890 5889 5891
f 5890 5891 5892
f 5892 5891 5893
f 5892 5893 5894
f 5894 5893 5895
f 5894 5895 5896
f 5896 5895 5897
f 5896 5897 5898
f 5898 5897 5899
f 5898 5899 5900
f 5900 5899 5901
f 5900 5901 5902
f 5902 5901 5903
f 5902 5903 5904
f 5904 5903 5905
f 5904 5905 5906
f 5906 5905 5907
f 5906 5907 5908
f 5908 5907 5909
f 5908 5909 5910
f 5910 5909 5911
f 5910 5911 5912
f 5912 5911 5913
f 5912 5913 5914
f 5914 5913 5915
f 5914 5915 5916
f 5916 5915 5917
f 5916 5917 5918
f 5918 5917 5919
f 5918 5919 5920
f 5920 5919 5921
f 5920 5921 5922
f 5922 5921 5923
f 5922 5923 5924
f 5924 5923 5925
f 5924 5925 5926
f 5926 5925 5927
f 5926 5927 5928
f 5928 5927 5929
f 5928 5929 5930
f 5930 5929 5931
f 5930 5931 5932
f 5932 5931 5933
f 5932 5933 5934
f 5934 5933 5935
f 5934 5935 5936
f 5936 5935 5937
f 5936 5937 5938
f 5938 5937 5939
f 5938 5939 5940
f 5940 5939 5941
f 5940 5941 5942
f 5942 5941 5943
f 5942 5943 5944
f 5944 5943 5945
f 5944 5945 5946
f 5946 5945 5947
f 5946 5947 5864
f 5864 5947 5865
f 5948 5949 5950
f 5950 5949 5951
f 5950 5951 5952
f 5952 5951 5953
f 5952 5953 5954
f 5954 5953 5955
f 5954 5955 5956
f 5956 5955 5957
f 5956 5957 5958
f 5958 5957 5959
f 5958 5959 5960
f 5960 5959 5961
f 5960 5961 5962
f 5962 5961 5963
f 5962 5963 5964
f 5964 5963 5965
f 5964 5965 5966
f 5966 5965 5967
f 5966 5967 5968
f 5968 5967 5969
f 5968 5969 5970
f 5970 5969 5971
f 5970 5971 5972
f 5972 5971 5973
f 5972 5973 5974
f 5974 5973 5975
f 5974 5975 5976
f 5976 5975 5977
f 5976 5977 5978
f 5978 5977 5979
f 5978 5979 5980
f 5980 5979 5981
f 5980 5981 5982
f 5982 5981 5983
f 5982 5983 5984
f 5984 5983 5985
f 5984 5985 5986
f 5986 5985 5987
f 5986 5987 5988
f 5988 5987 5989
f 5988 5989 5990
f 5990 5989 5991
f 5990 5991 5992
f 5992 5991 5993
f 5992 5993 5994
f 5994 5993 5995
f 5994 5995 5996
f 5996 5995 5997
f 5996 5997 5998
f 5998 5997 5999
f 5998 5999 6000
f 6000 5999 6001
f 6000 6001 6002
f 6002 6001 6003
f 6002 6003 6004
f 6004 6003 6005
f 6004 6005 6006
f 6006 6005 6007
f 6006 6007 6008
f 6008 6007 6009
f 6008 6009 6010
f 6010 6009 6011
f 6010 6011 6012
f 6012 6011 6013
f 6012 6013 6014
f 6014 6013 6015
f 6014 6015 6016
f 6016 6015 6017
f 6016 6017 6018
f 6018 6017 6019
f 6018 6019 6020
f 6020 6019 6021
f 6020 6021 6022
f 6022 6021 6023
f 6022 6023 6024
f 6024 6023 6025
f 6024 6025 6026
f 6026 6025 6027
f 6026 6027 6028
f 6028 6027 6029
f 6028 6029 6030
f 6030 6029 6031
f 6030 6031 5948
f 5948 6031 5949
f 5901 5899 5857
f 6032 6033 5939
f 6034 6035 5827
f 5951 5949 6036
f 6015 6037 6017
f 6017 6037 6019
f 5779 5777 6037
f 5839 5837 6038
f 6039 6040 5967
f 5949 6031 6036
f 6036 6031 6029
f 6036 6029 6037
f 6037 6029 6027
f 6037 6027 6025
f 6025 6023 6037
f 6037 6023 6021
f 6037 6021 6019
f 5875 5873 6015
f 5771 5769 6037
f 6041 6042 5919
f 5837 5835 6038
f 6038 5835 5833
f 6038 5833 6043
f 6043 5833 6044
f 6044 5833 6045
f 6045 5833 5831
f 6045 5831 6046
f 5863 6011 5781
f 5781 6011 6009
f 5781 6009 5783
f 5769 5767 6037
f 6037 5767 5765
f 6037 5765 5763
f 5763 5761 6037
f 6037 5761 5759
f 6037 5759 5947
f 6047 6048 5947
f 6049 6050 5945
f 6051 6052 5943
f 6053 6054 5941
f 5851 6038 5853
f 5853 6038 6055
f 5851 5849 6038
f 6038 5849 5847
f 6038 5847 5845
f 5845 5843 6038
f 6038 5843 5841
f 6038 5841 5839
f 5899 5897 5857
f 5857 5897 5895
f 5857 5895 5893
f 5893 5891 5857
f 5857 5891 5889
f 5857 5889 5887
f 5863 5883 5881
f 5701 5699 6037
f 6037 5699 5697
f 6037 5697 5779
f 5947 5759 5865
f 5865 5759 5757
f 5865 5757 5867
f 5867 5757 5755
f 5867 5755 5753
f 5753 5751 5867
f 5867 5751 5749
f 5867 5749 5747
f 5747 5745 5867
f 5867 5745 5743
f 5867 5743 5741
f 5741 5739 5867
f 5867 5739 5737
f 5867 5737 5735
f 6056 6057 5947
f 6058 6059 6060
f 5943 6061 5945
f 5945 6061 6062
f 6054 6063 5941
f 5941 6063 6064
f 5941 6064 6065
f 5827 6035 5829
f 5829 6035 6066
f 5829 6066 5831
f 5831 6066 6067
f 5831 6067 6046
f 6034 5827 6068
f 6068 5827 5825
f 6068 5825 6069
f 6069 5825 5823
f 6069 5823 6070
f 6070 5823 5821
f 6070 5821 6071
f 6071 5821 5819
f 6071 5819 6072
f 6072 5819 5817
f 6072 5817 6073
f 5875 6015 5877
f 5877 6015 6013
f 5877 6013 6011
f 5729 5727 5867
f 5867 5727 5725
f 5867 5725 5723
f 5777 5775 6037
f 6037 5775 5773
f 6037 5773 5771
f 5947 6074 6075
f 6075 6076 5947
f 5947 6076 6077
f 5947 6077 6078
f 6078 6079 5947
f 5947 6079 6080
f 5947 6080 6047
f 6056 5947 6081
f 6060 6037 6058
f 6058 6037 5947
f 6058 5947 6082
f 6082 5947 6057
f 6083 6084 6085
f 6085 6084 6086
f 6062 6087 5945
f 5945 6087 6088
f 5945 6088 6089
f 6065 6090 5941
f 5941 6090 6091
f 5941 6091 5943
f 5943 6091 6092
f 5943 6092 6093
f 6052 6094 5943
f 5943 6094 6095
f 5943 6095 6061
f 5855 6096 6097
f 6055 6098 5853
f 5853 6098 6099
f 5853 6099 5855
f 5855 6099 6100
f 5855 6100 6096
f 5791 5789 6009
f 5863 5881 6011
f 6011 5881 5879
f 6011 5879 5877
f 6015 5711 5709
f 5735 5733 5867
f 5867 5733 5731
f 5867 5731 5729
f 6089 6101 5945
f 5945 6101 6102
f 5945 6102 6049
f 6050 6103 5945
f 5945 6103 6104
f 5945 6104 6105
f 5939 6033 5941
f 5941 6033 6106
f 5941 6106 6053
f 5919 6042 5921
f 5921 6042 6107
f 5921 6107 5923
f 5923 6107 6108
f 5923 6108 5925
f 5925 6108 6109
f 5925 6109 5927
f 5927 6109 6110
f 5927 6110 5929
f 5929 6110 6111
f 5929 6111 5931
f 5931 6111 6112
f 5931 6112 5933
f 6113 5971 6114
f 6114 5971 5969
f 6114 5969 6115
f 6116 6117 5957
f 5883 5863 5885
f 5885 5863 5861
f 5885 5861 5887
f 5887 5861 5859
f 5887 5859 5857
f 5719 5717 6015
f 5717 5715 6015
f 6015 5715 5713
f 6015 5713 5711
f 6118 6119 5947
f 5947 6119 6120
f 5947 6120 6121
f 6121 6122 5947
f 5947 6122 6123
f 5947 6123 6074
f 6048 6124 5947
f 5947 6124 6125
f 5947 6125 6081
f 6126 6127 6128
f 6128 6127 6129
f 6130 6131 6128
f 6128 6131 6132
f 6128 6132 6126
f 6130 6133 6131
f 6131 6133 6086
f 6131 6086 6134
f 6134 6086 6084
f 6134 6084 6135
f 6093 6136 5943
f 5943 6136 6137
f 5943 6137 6138
f 6138 6139 5943
f 5943 6139 6140
f 5943 6140 6051
f 5935 6141 5937
f 5937 6141 6142
f 6142 6143 5937
f 5937 6143 6144
f 5937 6144 5939
f 5939 6144 6145
f 5939 6145 6032
f 6112 6146 5933
f 5933 6146 6147
f 5933 6147 5935
f 5935 6147 6148
f 5935 6148 6141
f 5855 5905 5857
f 5857 5905 5903
f 5857 5903 5901
f 5817 5815 6073
f 6073 5815 5813
f 6073 5813 6149
f 6149 5813 5811
f 6149 5811 6150
f 6150 5811 5809
f 6150 5809 6151
f 6151 5809 5807
f 6151 5807 6152
f 6152 5807 5805
f 6152 5805 6153
f 5805 5803 6153
f 6153 5803 5801
f 6153 5801 5799
f 5799 5797 6153
f 6153 5797 5795
f 6153 5795 5793
f 5789 5787 6009
f 6009 5787 5785
f 6009 5785 5783
f 6007 6154 6155
f 6156 6157 6005
f 6005 6157 6158
f 6156 6005 6159
f 6159 6005 6003
f 6159 6003 6001
f 6001 5999 6159
f 6159 5999 5997
f 6159 5997 5995
f 6160 6161 5975
f 6162 6163 5973
f 6113 6164 5971
f 5971 6164 6165
f 5971 6165 6166
f 6167 6168 5965
f 6169 5961 6170
f 6170 5961 5959
f 6117 6171 5957
f 5957 6171 6172
f 5957 6172 6173
f 6174 5955 6036
f 6036 5955 5953
f 6036 5953 5951
f 5709 5707 6015
f 6015 5707 5705
f 6015 5705 6037
f 6037 5705 5703
f 6037 5703 5701
f 6105 6175 5945
f 5945 6175 6176
f 5945 6176 5947
f 5947 6176 6177
f 5995 5993 6159
f 6159 5993 5991
f 6159 5991 5989
f 6178 6179 5977
f 6163 6180 5973
f 5973 6180 6181
f 5973 6181 5975
f 5975 6181 6182
f 5975 6182 6160
f 6166 6183 5971
f 5971 6183 6184
f 5971 6184 5973
f 5973 6184 6185
f 5973 6185 6162
f 6186 6187 5969
f 6188 6189 5963
f 5963 6189 6190
f 5963 6190 6191
f 6191 6192 5963
f 5963 6192 6193
f 5963 6193 5965
f 5965 6193 6194
f 5965 6194 6167
f 5961 6195 6196
f 6197 5959 6198
f 6198 5959 5957
f 6198 5957 6199
f 6199 5957 6173
f 6174 6200 5955
f 5955 6200 6201
f 5955 6201 6202
f 6155 6203 6007
f 6007 6203 6153
f 6007 6153 6009
f 6009 6153 5793
f 6009 5793 5791
f 6158 6204 6005
f 6005 6204 6205
f 6005 6205 6007
f 6007 6205 6206
f 6007 6206 6154
f 5989 5987 6159
f 6159 5987 5985
f 6159 5985 6207
f 6161 6208 5975
f 5975 6208 6209
f 5975 6209 5977
f 5977 6209 6210
f 5977 6210 6211
f 6212 5979 6213
f 6213 5979 5977
f 6213 5977 6214
f 6214 5977 6179
f 5967 6040 5969
f 5969 6040 6215
f 5969 6215 6186
f 6187 6216 5969
f 5969 6216 6217
f 5969 6217 6115
f 6168 6218 5965
f 5965 6218 6219
f 5965 6219 5967
f 5967 6219 6220
f 5967 6220 6039
f 6169 6221 5961
f 5961 6221 6222
f 5961 6222 6223
f 6223 6224 5961
f 5961 6224 6225
f 5961 6225 6195
f 6196 6226 5961
f 5961 6226 6227
f 5961 6227 5963
f 5963 6227 6228
f 5963 6228 6188
f 6197 6229 5959
f 5959 6229 6230
f 5959 6230 6231
f 5955 6202 6232
f 5955 6232 5957
f 5957 6232 6233
f 5957 6233 6116
f 5723 5721 5867
f 5867 5721 5719
f 5867 5719 5869
f 5869 5719 6015
f 5869 6015 5871
f 5871 6015 5873
f 6177 6234 5947
f 5947 6234 6235
f 5947 6235 6236
f 6129 6237 6128
f 6128 6237 6238
f 6128 6238 6239
f 6212 6240 5979
f 5979 6240 6241
f 5979 6241 6242
f 6211 6243 5977
f 5977 6243 6244
f 5977 6244 6178
f 6231 6245 5959
f 5959 6245 6246
f 5959 6246 6170
f 6236 6247 5947
f 5947 6247 6248
f 5947 6248 6118
f 6097 6249 5855
f 5855 6249 6250
f 5855 6250 6251
f 6252 6253 5855
f 5855 6253 6254
f 5919 5917 6041
f 6041 5917 5915
f 6041 5915 6255
f 6255 5915 5913
f 6255 5913 6256
f 6256 5913 5911
f 6256 5911 6257
f 6257 5911 5909
f 6257 5909 6258
f 6258 5909 5907
f 6258 5907 6259
f 6259 5907 5905
f 6259 5905 6260
f 6260 5905 5855
f 6260 5855 6261
f 6261 5855 6254
f 6262 6263 5979
f 5979 6263 6264
f 5979 6264 5981
f 5981 6264 6265
f 6266 6267 5981
f 5981 6267 6268
f 5981 6268 5983
f 6242 6269 5979
f 5979 6269 6270
f 5979 6270 6262
f 6058 6271 6059
f 6059 6271 6128
f 6059 6128 6272
f 6272 6128 6239
f 6265 6273 5981
f 5981 6273 6274
f 5981 6274 6275
f 6268 6276 5983
f 5983 6276 6277
f 5983 6277 6278
f 6279 6280 5983
f 5983 6280 6281
f 5983 6281 6282
f 6282 6283 5983
f 5983 6283 6284
f 5983 6284 5985
f 5985 6284 6285
f 5985 6285 6207
f 6286 6287 5981
f 5981 6287 6288
f 5981 6288 6266
f 6251 6289 5855
f 5855 6289 6290
f 5855 6290 6252
f 6278 6291 5983
f 5983 6291 6292
f 5983 6292 6279
f 6275 6293 5981
f 5981 6293 6294
f 5981 6294 6286
f 6295 92 91
f 99 6117 100
f 100 6117 6116
f 100 6116 757
f 757 6116 758
f 6174 91 6200
f 6200 91 96
f 6200 96 6201
f 6201 96 98
f 6201 98 6202
f 6174 6036 91
f 91 6036 6296
f 91 6296 6295
f 98 97 6202
f 6202 97 20
f 6202 20 19
f 6202 19 6232
f 6232 19 758
f 6232 758 6233
f 6233 758 6116
f 6184 6183 2771
f 6117 99 6171
f 6171 99 3782
f 6171 3782 6172
f 2771 6183 2773
f 2773 6183 6166
f 2773 6166 2774
f 2774 6166 6165
f 2774 6165 3878
f 3878 6165 6164
f 3878 6164 3879
f 6246 2758 6170
f 6170 2758 2756
f 6170 2756 6169
f 6169 2756 2762
f 6169 2762 6221
f 6221 2762 2761
f 6221 2761 6222
f 6222 2761 2760
f 6222 2760 6223
f 6223 2760 2763
f 6223 2763 6224
f 3782 3784 6172
f 6172 3784 3785
f 6172 3785 6173
f 6173 3785 3780
f 6173 3780 6199
f 6280 3663 6281
f 6281 3663 3664
f 6281 3664 6282
f 3623 3644 6279
f 6279 3644 3643
f 6279 3643 6280
f 6280 3643 3645
f 6280 3645 3663
f 6279 6292 3623
f 3623 6292 6291
f 3623 6291 3624
f 3624 6291 6278
f 3624 6278 3626
f 3626 6278 3619
f 3619 6278 6277
f 3619 6277 3620
f 3620 6277 6276
f 3620 6276 3622
f 3622 6276 6268
f 3622 6268 2673
f 2673 6268 6267
f 2673 6267 2674
f 2674 6267 6266
f 2674 6266 3618
f 3618 6266 6288
f 3618 6288 2676
f 2676 6288 2677
f 2677 6288 6287
f 2677 6287 3615
f 3615 6287 6286
f 3615 6286 3616
f 3616 6286 6294
f 3616 6294 3611
f 3611 6294 6293
f 3611 6293 3612
f 3612 6293 6275
f 3612 6275 3614
f 3614 6275 6274
f 3614 6274 3608
f 3608 6274 3609
f 3609 6274 6273
f 3609 6273 6265
f 6242 3503 6269
f 6269 3503 3502
f 6269 3502 6270
f 6270 3502 3501
f 6270 3501 6262
f 6262 3501 3515
f 6262 3515 6263
f 6263 3515 3514
f 6263 3514 6264
f 6264 3514 3513
f 6264 3513 6265
f 6265 3513 3610
f 6265 3610 3609
f 3461 3469 6178
f 6178 3469 3471
f 6178 3471 6179
f 6179 3471 3472
f 6179 3472 6214
f 6214 3472 2689
f 6214 2689 6213
f 6213 2689 2688
f 6213 2688 6212
f 6212 2688 3490
f 6212 3490 6240
f 6240 3490 3489
f 6240 3489 6241
f 6241 3489 3488
f 6241 3488 6242
f 6242 3488 3487
f 6242 3487 3503
f 3442 3444 6243
f 6178 6244 3461
f 3461 6244 6243
f 3461 6243 3460
f 3460 6243 3444
f 6243 6211 3442
f 3442 6211 6210
f 3442 6210 3438
f 3438 6210 6209
f 3438 6209 3434
f 3434 6209 3435
f 6209 6208 3435
f 3435 6208 6161
f 3435 6161 3922
f 3922 6161 6160
f 2771 2769 6184
f 6184 2769 2768
f 6184 2768 6185
f 6185 2768 2775
f 6185 2775 6162
f 6162 2775 2777
f 6162 2777 6163
f 6163 2777 3921
f 6163 3921 6180
f 6180 3921 3920
f 6180 3920 6181
f 6181 3920 3918
f 6181 3918 6182
f 6182 3918 3917
f 6182 3917 6160
f 6160 3917 3923
f 6160 3923 3922
f 3874 3882 6113
f 6113 3882 6164
f 6164 3882 3881
f 6164 3881 3879
f 6186 2655 6187
f 6187 2655 2654
f 6187 2654 6216
f 6216 2654 3877
f 6216 3877 6217
f 6217 3877 3875
f 6217 3875 6115
f 6115 3875 3874
f 6115 3874 6114
f 6114 3874 6113
f 6167 3856 6168
f 6168 3856 3855
f 6168 3855 6218
f 6218 3855 3854
f 6218 3854 6219
f 6219 3854 3871
f 6219 3871 6220
f 6220 3871 3870
f 6220 3870 6039
f 6039 3870 3869
f 6039 3869 6040
f 6040 3869 3893
f 6040 3893 6215
f 6215 3893 3873
f 6215 3873 6186
f 6186 3873 3872
f 6186 3872 2655
f 6190 2660 6191
f 6191 2660 2659
f 6191 2659 6192
f 6192 2659 3848
f 6192 3848 6193
f 6193 3848 3850
f 6193 3850 6194
f 6194 3850 3858
f 6194 3858 6167
f 6167 3858 3857
f 6167 3857 3856
f 2763 2765 6224
f 6224 2765 2767
f 6224 2767 6225
f 6225 2767 3817
f 6225 3817 6195
f 6195 3817 3816
f 6195 3816 6196
f 6196 3816 3815
f 6196 3815 6226
f 6226 3815 3810
f 6226 3810 6227
f 6227 3810 3812
f 6227 3812 6228
f 6228 3812 3814
f 6228 3814 6188
f 6188 3814 3820
f 6188 3820 6189
f 6189 3820 3819
f 6189 3819 6190
f 6190 3819 3818
f 6190 3818 2660
f 3780 3779 6199
f 6199 3779 3789
f 6199 3789 6198
f 3789 3787 6198
f 6198 3787 3792
f 6198 3792 6197
f 6197 3792 3791
f 6197 3791 6229
f 6229 3791 3801
f 6229 3801 6230
f 6230 3801 3800
f 6230 3800 6231
f 6231 3800 3799
f 6231 3799 6245
f 6245 3799 3798
f 6245 3798 6246
f 6246 3798 2759
f 6246 2759 2758
f 6036 838 6296
f 6296 838 6295
f 940 910 6036
f 6036 910 909
f 847 846 6036
f 6036 846 844
f 6036 844 842
f 11 6036 929
f 929 6036 928
f 11 10 6036
f 6036 10 941
f 6036 941 940
f 909 907 6036
f 6036 907 906
f 6036 906 847
f 842 841 6036
f 6036 841 839
f 6036 839 838
f 917 14 795
f 1880 1885 1864
f 1864 1885 1890
f 1864 1890 1889
f 1889 1887 1864
f 1864 1887 1893
f 1864 1893 1892
f 1899 1897 1864
f 1864 1897 1896
f 1864 1896 1053
f 1065 1064 1050
f 1050 1064 1864
f 1050 1864 1052
f 1052 1864 1053
f 1992 1991 6037
f 6037 1991 1989
f 6037 1989 2001
f 785 784 838
f 838 784 771
f 838 771 769
f 1513 1842 1050
f 1050 1842 1840
f 1840 1838 1050
f 1050 1838 1836
f 1050 1836 1834
f 1834 1862 1050
f 1050 1862 1861
f 1050 1861 1859
f 1892 1891 1864
f 1864 1891 1895
f 1864 1895 1899
f 1049 6037 1050
f 1050 6037 1514
f 1050 1514 1513
f 14 13 17
f 17 16 830
f 792 791 838
f 1859 1858 1050
f 1050 1858 1970
f 1050 1970 1065
f 1880 1864 1881
f 1881 1864 1863
f 1881 1863 1875
f 1049 1976 6037
f 6037 1976 1977
f 6037 1977 1979
f 2001 2000 6037
f 6037 2000 1048
f 6037 1048 1047
f 14 17 795
f 795 17 830
f 795 830 875
f 917 795 838
f 838 795 794
f 838 794 792
f 791 789 838
f 838 789 787
f 838 787 785
f 769 905 838
f 838 905 761
f 838 761 760
f 760 93 838
f 838 93 92
f 838 92 6295
f 1875 1874 1881
f 1881 1874 1878
f 1881 1878 1883
f 1883 1878 1877
f 1979 1981 6037
f 6037 1981 1982
f 6037 1982 1984
f 1984 1985 6037
f 6037 1985 1987
f 6037 1987 1992
f 1047 1616 6037
f 6037 1616 1617
f 6037 1617 1618
f 1618 1632 6037
f 6037 1632 1671
f 6037 1671 1670
f 1670 1668 6037
f 6037 1668 647
f 6037 647 6036
f 6036 647 643
f 643 641 6036
f 6036 641 54
f 6036 54 53
f 53 580 6036
f 6036 580 582
f 6036 582 584
f 584 961 6036
f 6036 961 951
f 6036 951 949
f 949 947 6036
f 6036 947 946
f 6036 946 8
f 8 7 6036
f 6036 7 927
f 6036 927 928
f 66 65 6297
f 6298 6299 6300
f 6300 6299 6301
f 6300 6301 6302
f 6301 6303 6302
f 6302 6303 6304
f 6302 6304 6297
f 6297 6304 6305
f 6297 6305 66
f 66 6305 6306
f 66 6306 475
f 6307 6308 6309
f 6310 6311 6312
f 6312 6311 6313
f 6312 6313 6314
f 6315 6316 6317
f 6317 6316 6318
f 6317 6318 6319
f 6319 6318 6320
f 6319 6320 6298
f 6298 6320 6321
f 6298 6321 6299
f 6322 6323 6324
f 6324 6323 6325
f 6324 6325 6326
f 6327 6328 6329
f 6329 6328 6330
f 6329 6330 6331
f 6332 6333 6334
f 6334 6333 6335
f 6334 6335 6336
f 6313 6337 6314
f 6314 6337 6338
f 6314 6338 6339
f 6339 6338 6340
f 6339 6340 6332
f 6332 6340 6341
f 6332 6341 6333
f 6342 6343 6344
f 6344 6343 6345
f 6344 6345 6310
f 6310 6345 6346
f 6310 6346 6311
f 6347 6348 6349
f 6349 6348 6350
f 6349 6350 6351
f 6352 6353 6354
f 6354 6353 6355
f 6354 6355 6356
f 6308 1121 6309
f 6309 1121 1119
f 6309 1119 6357
f 6357 1119 1118
f 6358 6359 6360
f 6360 6359 6361
f 6360 6361 6322
f 6322 6361 6362
f 6322 6362 6323
f 6363 6364 6365
f 6365 6364 6366
f 6365 6366 6358
f 6358 6366 6367
f 6358 6367 6359
f 6368 6369 6370
f 6370 6369 6371
f 6370 6371 6363
f 6363 6371 6372
f 6363 6372 6364
f 6335 6373 6336
f 6336 6373 6374
f 6336 6374 6375
f 6375 6374 6376
f 6375 6376 6327
f 6327 6376 6377
f 6327 6377 6328
f 6350 6378 6351
f 6351 6378 6379
f 6351 6379 6380
f 6380 6379 6381
f 6380 6381 6342
f 6342 6381 6382
f 6342 6382 6343
f 6355 6383 6356
f 6356 6383 6384
f 6356 6384 6385
f 6385 6384 6386
f 6385 6386 6387
f 6387 6386 6388
f 6387 6388 6389
f 6309 6390 6307
f 6307 6390 6391
f 6307 6391 6392
f 6392 6391 6393
f 6392 6393 6352
f 6352 6393 6394
f 6352 6394 6353
f 6395 6396 6397
f 6397 6396 6398
f 6397 6398 6315
f 6315 6398 6399
f 6315 6399 6316
f 6400 6401 6402
f 6402 6401 6403
f 6402 6403 6404
f 6325 6405 6326
f 6326 6405 6406
f 6326 6406 6407
f 6407 6406 6408
f 6407 6408 6395
f 6395 6408 6409
f 6395 6409 6396
f 6330 6410 6331
f 6331 6410 6411
f 6331 6411 6412
f 6412 6411 6413
f 6412 6413 6368
f 6368 6413 6414
f 6368 6414 6369
f 6415 6416 6417
f 6417 6416 6418
f 6417 6418 6347
f 6347 6418 6419
f 6347 6419 6348
f 6420 6421 6422
f 6422 6421 6423
f 6422 6423 6424
f 6403 6425 6404
f 6404 6425 6426
f 6404 6426 6427
f 6427 6426 6428
f 6427 6428 6415
f 6415 6428 6429
f 6415 6429 6416
f 6423 6430 6424
f 6424 6430 6431
f 6424 6431 6432
f 6432 6431 6433
f 6432 6433 6400
f 6400 6433 6434
f 6400 6434 6401
f 6388 6435 6389
f 6389 6435 6436
f 6389 6436 6437
f 6437 6436 6438
f 6437 6438 6420
f 6420 6438 6439
f 6420 6439 6421
f 2389 2391 6440
f 2417 2419 6441
f 2356 2358 6442
f 2438 2440 6443
f 2461 2463 6444
f 2489 2491 6445
f 2517 2519 6446
f 2544 2546 6447
f 2146 2153 6448
f 2095 2098 6449
f 2587 2589 6450
f 2615 2617 6451
f 3421 4158 6452
f 1118 5695 6453
f 1118 6453 6357
f 6357 6453 6454
f 6357 6454 6309
f 6309 6454 6455
f 6309 6455 6390
f 6390 6455 6456
f 6390 6456 6391
f 6391 6456 6457
f 6391 6457 6393
f 6393 6457 6458
f 6393 6458 6394
f 6394 6458 6459
f 6394 6459 6353
f 6353 6459 6460
f 6353 6460 6355
f 6355 6460 6461
f 6355 6461 6383
f 6383 6461 6462
f 6383 6462 6384
f 6384 6462 6463
f 6384 6463 6386
f 6386 6463 6464
f 6386 6464 6388
f 6388 6464 6465
f 6388 6465 6435
f 6435 6465 6466
f 6435 6466 6436
f 6436 6466 6467
f 6436 6467 6438
f 6438 6467 6468
f 6438 6468 6439
f 6439 6468 6469
f 6439 6469 6421
f 6421 6469 6470
f 6421 6470 6423
f 6423 6470 6471
f 6423 6471 6430
f 6430 6471 6472
f 6430 6472 6431
f 6431 6472 6473
f 6431 6473 6433
f 6433 6473 6474
f 6433 6474 6434
f 6434 6474 6475
f 6434 6475 6401
f 6401 6475 6476
f 6401 6476 6403
f 6403 6476 6477
f 6403 6477 6425
f 6425 6477 6478
f 6425 6478 6426
f 6426 6478 6479
f 6426 6479 6428
f 6428 6479 6480
f 6428 6480 6429
f 6429 6480 6481
f 6429 6481 6416
f 6416 6481 6482
f 6416 6482 6418
f 6418 6482 6483
f 6418 6483 6419
f 6419 6483 6484
f 6419 6484 6348
f 6348 6484 6485
f 6348 6485 6350
f 6350 6485 6486
f 6350 6486 6378
f 6378 6486 6487
f 6378 6487 6379
f 6379 6487 6488
f 6379 6488 6381
f 6381 6488 6489
f 6381 6489 6382
f 6382 6489 6490
f 6382 6490 6343
f 6343 6490 6491
f 6343 6491 6345
f 6345 6491 6492
f 6345 6492 6346
f 6346 6492 6493
f 6346 6493 6311
f 6311 6493 6494
f 6311 6494 6313
f 6313 6494 6495
f 6313 6495 6337
f 6337 6495 6496
f 6337 6496 6338
f 6338 6496 6497
f 6338 6497 6340
f 6340 6497 6498
f 6340 6498 6341
f 6341 6498 6499
f 6341 6499 6333
f 6333 6499 6500
f 6333 6500 6335
f 6335 6500 6501
f 6335 6501 6373
f 6373 6501 6502
f 6373 6502 6374
f 6374 6502 6503
f 6374 6503 6376
f 6376 6503 6504
f 6376 6504 6377
f 6377 6504 6505
f 6377 6505 6328
f 6328 6505 6506
f 6328 6506 6330
f 6330 6506 6507
f 6330 6507 6410
f 6410 6507 6508
f 6410 6508 6411
f 6411 6508 6509
f 6411 6509 6413
f 6413 6509 6510
f 6413 6510 6414
f 6414 6510 6511
f 6414 6511 6369
f 6369 6511 6512
f 6369 6512 6371
f 6371 6512 6513
f 6371 6513 6372
f 6372 6513 6514
f 6372 6514 6364
f 6364 6514 6515
f 6364 6515 6366
f 6366 6515 6516
f 6366 6516 6367
f 6367 6516 6517
f 6367 6517 6359
f 6359 6517 6518
f 6359 6518 6361
f 6361 6518 6519
f 6361 6519 6362
f 6362 6519 6520
f 6362 6520 6323
f 6323 6520 6521
f 6323 6521 6325
f 6325 6521 6522
f 6325 6522 6405
f 6405 6522 6523
f 6405 6523 6406
f 6406 6523 6524
f 6406 6524 6408
f 6408 6524 6525
f 6408 6525 6409
f 6409 6525 6526
f 6409 6526 6396
f 6396 6526 6527
f 6396 6527 6398
f 6398 6527 6528
f 6398 6528 6399
f 6399 6528 6529
f 6399 6529 6316
f 6316 6529 6530
f 6316 6530 6318
f 6318 6530 6531
f 6318 6531 6320
f 6320 6531 6532
f 6320 6532 6321
f 6321 6532 6533
f 6321 6533 6299
f 6299 6533 6534
f 6299 6534 6301
f 6301 6534 6535
f 6301 6535 6303
f 6303 6535 6536
f 6303 6536 6304
f 6304 6536 6537
f 6304 6537 6305
f 6305 6537 6452
f 6305 6452 6306
f 6306 6452 4158
f 6306 4158 475
f 3388 3417 6538
f 6538 3417 3419
f 6538 3419 3421
f 3424 3389 6539
f 6539 3389 3388
f 3428 3427 6540
f 6540 3427 3425
f 6540 3425 3424
f 3383 3376 6541
f 6541 3376 3428
f 6542 3382 3383
f 6542 2623 2212
f 3382 6542 3380
f 3380 6542 2212
f 3380 2212 2217
f 2623 6542 2625
f 2625 6542 6543
f 2625 6543 2627
f 2627 6543 6544
f 2627 6544 2629
f 2629 6544 2631
f 2631 6544 6545
f 2631 6545 2621
f 6451 2617 6545
f 6545 2617 2619
f 6545 2619 2621
f 2615 6451 2613
f 2613 6451 6546
f 2613 6546 2611
f 2611 6546 6547
f 2611 6547 2609
f 2609 6547 2607
f 2607 6547 6548
f 2607 6548 2605
f 2605 6548 2603
f 2603 6548 6549
f 2603 6549 2600
f 2600 6549 6550
f 2600 6550 2598
f 2598 6550 2596
f 2596 6550 6551
f 2596 6551 2594
f 6450 2589 6551
f 6551 2589 2592
f 6551 2592 2594
f 2587 6450 2585
f 2585 6450 6552
f 2585 6552 2583
f 2583 6552 6553
f 2583 6553 2581
f 2581 6553 2579
f 2579 6553 6554
f 2579 6554 2577
f 2577 6554 2570
f 2570 6554 6555
f 2570 6555 2567
f 2567 6555 6556
f 2567 6556 2574
f 2574 6556 2573
f 2573 6556 6557
f 2573 6557 2064
f 6449 2098 6557
f 6557 2098 2065
f 6557 2065 2064
f 2095 6449 2109
f 2109 6449 6558
f 2109 6558 2102
f 2102 6558 6559
f 2102 6559 2104
f 2104 6559 2106
f 2106 6559 6560
f 2106 6560 2115
f 2115 6560 2114
f 2114 6560 6561
f 2114 6561 2126
f 2126 6561 6562
f 2126 6562 2124
f 2124 6562 2119
f 2119 6562 6563
f 2119 6563 2137
f 6448 2153 6563
f 6563 2153 2131
f 6563 2131 2137
f 2146 6448 2565
f 2565 6448 6564
f 2565 6564 2563
f 2563 6564 6565
f 2563 6565 2561
f 2561 6565 2559
f 2559 6565 6566
f 2559 6566 2557
f 2557 6566 6567
f 2557 6567 2555
f 2555 6567 2553
f 2553 6567 6568
f 2553 6568 2551
f 6447 2546 6568
f 6568 2546 2549
f 6568 2549 2551
f 2544 6447 2542
f 2542 6447 6569
f 2542 6569 2540
f 2540 6569 6570
f 2540 6570 2538
f 2538 6570 2536
f 2536 6570 6571
f 2536 6571 2534
f 2534 6571 2532
f 2532 6571 6572
f 2532 6572 2529
f 2529 6572 6573
f 2529 6573 2527
f 2527 6573 2525
f 2525 6573 6574
f 2525 6574 2523
f 6446 2519 6574
f 6574 2519 2521
f 6574 2521 2523
f 2517 6446 2514
f 2514 6446 6575
f 2514 6575 2512
f 2512 6575 6576
f 2512 6576 2510
f 2510 6576 2508
f 2508 6576 6577
f 2508 6577 2506
f 2506 6577 2504
f 2504 6577 6578
f 2504 6578 2502
f 2502 6578 6579
f 2502 6579 2500
f 2500 6579 2498
f 2498 6579 6580
f 2498 6580 2495
f 6445 2491 6580
f 6580 2491 2493
f 6580 2493 2495
f 2489 6445 2487
f 2487 6445 6581
f 2487 6581 2485
f 2485 6581 6582
f 2485 6582 2483
f 2483 6582 2481
f 2481 6582 6583
f 2481 6583 2479
f 2479 6583 2468
f 2468 6583 6584
f 2468 6584 2466
f 2466 6584 6585
f 2466 6585 2476
f 2476 6585 2475
f 2475 6585 6586
f 2475 6586 2473
f 6444 2463 6586
f 6586 2463 2471
f 6586 2471 2473
f 2461 6444 2459
f 2459 6444 6587
f 2459 6587 2457
f 2457 6587 6588
f 2457 6588 2455
f 2455 6588 2453
f 2453 6588 6589
f 2453 6589 2451
f 2451 6589 2444
f 2444 6589 6590
f 2444 6590 2441
f 2441 6590 6591
f 2441 6591 2448
f 6443 2440 6591
f 6591 2440 2447
f 6591 2447 2448
f 2438 6443 2436
f 2436 6443 6592
f 2436 6592 2314
f 2314 6592 6593
f 2314 6593 2312
f 2312 6593 2310
f 2310 6593 6594
f 2310 6594 2340
f 2340 6594 2338
f 2338 6594 6595
f 2338 6595 2335
f 2335 6595 6596
f 2335 6596 2352
f 2352 6596 2349
f 2349 6596 6597
f 2349 6597 2344
f 6442 2358 6597
f 6597 2358 2345
f 6597 2345 2344
f 2356 6442 2368
f 2368 6442 6598
f 2368 6598 2363
f 2363 6598 6599
f 2363 6599 2256
f 2256 6599 2234
f 2234 6599 6600
f 2234 6600 2425
f 2425 6600 2427
f 2427 6600 6601
f 2427 6601 2429
f 2429 6601 6602
f 2429 6602 2431
f 2431 6602 2433
f 2433 6602 6603
f 2433 6603 2423
f 6441 2419 6603
f 6603 2419 2421
f 6603 2421 2423
f 2417 6441 2415
f 2415 6441 6604
f 2415 6604 2413
f 2413 6604 6605
f 2413 6605 2411
f 2411 6605 2409
f 2409 6605 6606
f 2409 6606 2407
f 2407 6606 2396
f 2396 6606 6607
f 2396 6607 2394
f 2394 6607 6608
f 2394 6608 2404
f 2404 6608 2403
f 2403 6608 6609
f 2403 6609 2401
f 6440 2391 6609
f 6609 2391 2399
f 6609 2399 2401
f 2389 6440 2387
f 2387 6440 6610
f 2387 6610 2385
f 2385 6610 6611
f 2385 6611 2383
f 2383 6611 2381
f 2381 6611 6612
f 2381 6612 2379
f 2379 6612 2372
f 2372 6612 6613
f 2372 6613 2369
f 2369 6613 6614
f 2369 6614 2376
f 2376 6614 2375
f 2375 6614 6615
f 2375 6615 2067
f 6615 4901 4929
f 4929 2218 6615
f 6615 2218 2068
f 6615 2068 2067
f 4923 4897 6616
f 6616 4897 4896
f 6616 4896 4899
f 6617 4925 4924
f 6618 4909 4908
f 4908 4907 6618
f 6618 4907 4906
f 6618 4906 4905
f 4239 4238 6619
f 6619 4238 4911
f 5695 5694 6453
f 6453 5694 5693
f 6453 5693 4916
f 3383 6541 6542
f 6542 6541 6620
f 6542 6620 6543
f 6543 6620 6621
f 6543 6621 6544
f 6544 6621 6622
f 6544 6622 6545
f 6545 6622 6623
f 6545 6623 6451
f 6451 6623 6624
f 6451 6624 6546
f 6546 6624 6625
f 6546 6625 6547
f 6547 6625 6626
f 6547 6626 6548
f 6548 6626 6627
f 6548 6627 6549
f 6549 6627 6628
f 6549 6628 6550
f 6550 6628 6629
f 6550 6629 6551
f 6551 6629 6630
f 6551 6630 6450
f 6450 6630 6631
f 6450 6631 6552
f 6552 6631 6632
f 6552 6632 6553
f 6553 6632 6633
f 6553 6633 6554
f 6554 6633 6634
f 6554 6634 6555
f 6555 6634 6635
f 6555 6635 6556
f 6556 6635 6636
f 6556 6636 6557
f 6557 6636 6637
f 6557 6637 6449
f 6449 6637 6638
f 6449 6638 6558
f 6558 6638 6639
f 6558 6639 6559
f 6559 6639 6640
f 6559 6640 6560
f 6560 6640 6641
f 6560 6641 6561
f 6561 6641 6642
f 6561 6642 6562
f 6562 6642 6643
f 6562 6643 6563
f 6563 6643 6644
f 6563 6644 6448
f 6448 6644 6645
f 6448 6645 6564
f 6564 6645 6646
f 6564 6646 6565
f 6565 6646 6647
f 6565 6647 6566
f 6566 6647 6648
f 6566 6648 6567
f 6567 6648 6649
f 6567 6649 6568
f 6568 6649 6650
f 6568 6650 6447
f 6447 6650 6651
f 6447 6651 6569
f 6569 6651 6652
f 6569 6652 6570
f 6570 6652 6653
f 6570 6653 6571
f 6571 6653 6654
f 6571 6654 6572
f 6572 6654 6655
f 6572 6655 6573
f 6573 6655 6656
f 6573 6656 6574
f 6574 6656 6657
f 6574 6657 6446
f 6446 6657 6658
f 6446 6658 6575
f 6575 6658 6659
f 6575 6659 6576
f 6576 6659 6660
f 6576 6660 6577
f 6577 6660 6661
f 6577 6661 6578
f 6578 6661 6662
f 6578 6662 6579
f 6579 6662 6663
f 6579 6663 6580
f 6580 6663 6664
f 6580 6664 6445
f 6445 6664 6665
f 6445 6665 6581
f 6581 6665 6666
f 6581 6666 6582
f 6582 6666 6667
f 6582 6667 6583
f 6583 6667 6668
f 6583 6668 6584
f 6584 6668 6669
f 6584 6669 6585
f 6585 6669 6670
f 6585 6670 6586
f 6586 6670 6671
f 6586 6671 6444
f 6444 6671 6672
f 6444 6672 6587
f 6587 6672 6673
f 6587 6673 6588
f 6588 6673 6674
f 6588 6674 6589
f 6589 6674 6675
f 6589 6675 6590
f 6590 6675 6676
f 6590 6676 6591
f 6591 6676 6677
f 6591 6677 6443
f 6443 6677 6678
f 6443 6678 6592
f 6592 6678 6679
f 6592 6679 6593
f 6593 6679 6680
f 6593 6680 6594
f 6594 6680 6681
f 6594 6681 6595
f 6595 6681 6682
f 6595 6682 6596
f 6596 6682 6683
f 6596 6683 6597
f 6597 6683 6684
f 6597 6684 6442
f 6442 6684 6685
f 6442 6685 6598
f 6598 6685 6686
f 6598 6686 6599
f 6599 6686 6687
f 6599 6687 6600
f 6600 6687 6688
f 6600 6688 6601
f 6601 6688 6689
f 6601 6689 6602
f 6602 6689 6690
f 6602 6690 6603
f 6603 6690 6691
f 6603 6691 6441
f 6441 6691 6692
f 6441 6692 6604
f 6604 6692 6693
f 6604 6693 6605
f 6605 6693 6694
f 6605 6694 6606
f 6606 6694 6695
f 6606 6695 6607
f 6607 6695 6696
f 6607 6696 6608
f 6608 6696 6697
f 6608 6697 6609
f 6609 6697 6698
f 6609 6698 6440
f 6440 6698 6699
f 6440 6699 6610
f 6610 6699 6700
f 6610 6700 6611
f 6611 6700 6701
f 6611 6701 6612
f 6612 6701 6702
f 6612 6702 6613
f 6613 6702 6703
f 6613 6703 6614
f 6614 6703 6616
f 6614 6616 6615
f 6615 6616 4899
f 6615 4899 4901
f 3428 6540 6541
f 6541 6540 6704
f 6541 6704 6620
f 6620 6704 6705
f 6620 6705 6621
f 6621 6705 6706
f 6621 6706 6622
f 6622 6706 6707
f 6622 6707 6623
f 6623 6707 6708
f 6623 6708 6624
f 6624 6708 6709
f 6624 6709 6625
f 6625 6709 6710
f 6625 6710 6626
f 6626 6710 6711
f 6626 6711 6627
f 6627 6711 6712
f 6627 6712 6628
f 6628 6712 6713
f 6628 6713 6629
f 6629 6713 6714
f 6629 6714 6630
f 6630 6714 6715
f 6630 6715 6631
f 6631 6715 6716
f 6631 6716 6632
f 6632 6716 6717
f 6632 6717 6633
f 6633 6717 6718
f 6633 6718 6634
f 6634 6718 6719
f 6634 6719 6635
f 6635 6719 6720
f 6635 6720 6636
f 6636 6720 6721
f 6636 6721 6637
f 6637 6721 6722
f 6637 6722 6638
f 6638 6722 6723
f 6638 6723 6639
f 6639 6723 6724
f 6639 6724 6640
f 6640 6724 6725
f 6640 6725 6641
f 6641 6725 6726
f 6641 6726 6642
f 6642 6726 6727
f 6642 6727 6643
f 6643 6727 6728
f 6643 6728 6644
f 6644 6728 6729
f 6644 6729 6645
f 6645 6729 6730
f 6645 6730 6646
f 6646 6730 6731
f 6646 6731 6647
f 6647 6731 6732
f 6647 6732 6648
f 6648 6732 6733
f 6648 6733 6649
f 6649 6733 6734
f 6649 6734 6650
f 6650 6734 6735
f 6650 6735 6651
f 6651 6735 6736
f 6651 6736 6652
f 6652 6736 6737
f 6652 6737 6653
f 6653 6737 6738
f 6653 6738 6654
f 6654 6738 6739
f 6654 6739 6655
f 6655 6739 6740
f 6655 6740 6656
f 6656 6740 6741
f 6656 6741 6657
f 6657 6741 6742
f 6657 6742 6658
f 6658 6742 6743
f 6658 6743 6659
f 6659 6743 6744
f 6659 6744 6660
f 6660 6744 6745
f 6660 6745 6661
f 6661 6745 6746
f 6661 6746 6662
f 6662 6746 6747
f 6662 6747 6663
f 6663 6747 6748
f 6663 6748 6664
f 6664 6748 6749
f 6664 6749 6665
f 6665 6749 6750
f 6665 6750 6666
f 6666 6750 6751
f 6666 6751 6667
f 6667 6751 6752
f 6667 6752 6668
f 6668 6752 6753
f 6668 6753 6669
f 6669 6753 6754
f 6669 6754 6670
f 6670 6754 6755
f 6670 6755 6671
f 6671 6755 6756
f 6671 6756 6672
f 6672 6756 6757
f 6672 6757 6673
f 6673 6757 6758
f 6673 6758 6674
f 6674 6758 6759
f 6674 6759 6675
f 6675 6759 6760
f 6675 6760 6676
f 6676 6760 6761
f 6676 6761 6677
f 6677 6761 6762
f 6677 6762 6678
f 6678 6762 6763
f 6678 6763 6679
f 6679 6763 6764
f 6679 6764 6680
f 6680 6764 6765
f 6680 6765 6681
f 6681 6765 6766
f 6681 6766 6682
f 6682 6766 6767
f 6682 6767 6683
f 6683 6767 6768
f 6683 6768 6684
f 6684 6768 6769
f 6684 6769 6685
f 6685 6769 6770
f 6685 6770 6686
f 6686 6770 6771
f 6686 6771 6687
f 6687 6771 6772
f 6687 6772 6688
f 6688 6772 6773
f 6688 6773 6689
f 6689 6773 6774
f 6689 6774 6690
f 6690 6774 6775
f 6690 6775 6691
f 6691 6775 6776
f 6691 6776 6692
f 6692 6776 6777
f 6692 6777 6693
f 6693 6777 6778
f 6693 6778 6694
f 6694 6778 6779
f 6694 6779 6695
f 6695 6779 6780
f 6695 6780 6696
f 6696 6780 6781
f 6696 6781 6697
f 6697 6781 6782
f 6697 6782 6698
f 6698 6782 6783
f 6698 6783 6699
f 6699 6783 6784
f 6699 6784 6700
f 6700 6784 6785
f 6700 6785 6701
f 6701 6785 6786
f 6701 6786 6702
f 6702 6786 6787
f 6702 6787 6703
f 6703 6787 6617
f 6703 6617 6616
f 6616 6617 4924
f 6616 4924 4923
f 3424 6539 6540
f 6540 6539 6788
f 6540 6788 6704
f 6704 6788 6789
f 6704 6789 6705
f 6705 6789 6790
f 6705 6790 6706
f 6706 6790 6791
f 6706 6791 6707
f 6707 6791 6792
f 6707 6792 6708
f 6708 6792 6793
f 6708 6793 6709
f 6709 6793 6794
f 6709 6794 6710
f 6710 6794 6795
f 6710 6795 6711
f 6711 6795 6796
f 6711 6796 6712
f 6712 6796 6797
f 6712 6797 6713
f 6713 6797 6798
f 6713 6798 6714
f 6714 6798 6799
f 6714 6799 6715
f 6715 6799 6800
f 6715 6800 6716
f 6716 6800 6801
f 6716 6801 6717
f 6717 6801 6802
f 6717 6802 6718
f 6718 6802 6803
f 6718 6803 6719
f 6719 6803 6804
f 6719 6804 6720
f 6720 6804 6805
f 6720 6805 6721
f 6721 6805 6806
f 6721 6806 6722
f 6722 6806 6807
f 6722 6807 6723
f 6723 6807 6808
f 6723 6808 6724
f 6724 6808 6809
f 6724 6809 6725
f 6725 6809 6810
f 6725 6810 6726
f 6726 6810 6811
f 6726 6811 6727
f 6727 6811 6812
f 6727 6812 6728
f 6728 6812 6813
f 6728 6813 6729
f 6729 6813 6814
f 6729 6814 6730
f 6730 6814 6815
f 6730 6815 6731
f 6731 6815 6816
f 6731 6816 6732
f 6732 6816 6817
f 6732 6817 6733
f 6733 6817 6818
f 6733 6818 6734
f 6734 6818 6819
f 6734 6819 6735
f 6735 6819 6820
f 6735 6820 6736
f 6736 6820 6821
f 6736 6821 6737
f 6737 6821 6822
f 6737 6822 6738
f 6738 6822 6823
f 6738 6823 6739
f 6739 6823 6824
f 6739 6824 6740
f 6740 6824 6825
f 6740 6825 6741
f 6741 6825 6826
f 6741 6826 6742
f 6742 6826 6827
f 6742 6827 6743
f 6743 6827 6828
f 6743 6828 6744
f 6744 6828 6829
f 6744 6829 6745
f 6745 6829 6830
f 6745 6830 6746
f 6746 6830 6831
f 6746 6831 6747
f 6747 6831 6832
f 6747 6832 6748
f 6748 6832 6833
f 6748 6833 6749
f 6749 6833 6834
f 6749 6834 6750
f 6750 6834 6835
f 6750 6835 6751
f 6751 6835 6836
f 6751 6836 6752
f 6752 6836 6837
f 6752 6837 6753
f 6753 6837 6838
f 6753 6838 6754
f 6754 6838 6839
f 6754 6839 6755
f 6755 6839 6840
f 6755 6840 6756
f 6756 6840 6841
f 6756 6841 6757
f 6757 6841 6842
f 6757 6842 6758
f 6758 6842 6843
f 6758 6843 6759
f 6759 6843 6844
f 6759 6844 6760
f 6760 6844 6845
f 6760 6845 6761
f 6761 6845 6846
f 6761 6846 6762
f 6762 6846 6847
f 6762 6847 6763
f 6763 6847 6848
f 6763 6848 6764
f 6764 6848 6849
f 6764 6849 6765
f 6765 6849 6850
f 6765 6850 6766
f 6766 6850 6851
f 6766 6851 6767
f 6767 6851 6852
f 6767 6852 6768
f 6768 6852 6853
f 6768 6853 6769
f 6769 6853 6854
f 6769 6854 6770
f 6770 6854 6855
f 6770 6855 6771
f 6771 6855 6856
f 6771 6856 6772
f 6772 6856 6857
f 6772 6857 6773
f 6773 6857 6858
f 6773 6858 6774
f 6774 6858 6859
f 6774 6859 6775
f 6775 6859 6860
f 6775 6860 6776
f 6776 6860 6861
f 6776 6861 6777
f 6777 6861 6862
f 6777 6862 6778
f 6778 6862 6863
f 6778 6863 6779
f 6779 6863 6864
f 6779 6864 6780
f 6780 6864 6865
f 6780 6865 6781
f 6781 6865 6866
f 6781 6866 6782
f 6782 6866 6867
f 6782 6867 6783
f 6783 6867 6868
f 6783 6868 6784
f 6784 6868 6869
f 6784 6869 6785
f 6785 6869 6870
f 6785 6870 6786
f 6786 6870 6871
f 6786 6871 6787
f 6787 6871 6618
f 6787 6618 6617
f 6617 6618 4905
f 6617 4905 4925
f 3388 6538 6539
f 6539 6538 6872
f 6539 6872 6788
f 6788 6872 6873
f 6788 6873 6789
f 6789 6873 6874
f 6789 6874 6790
f 6790 6874 6875
f 6790 6875 6791
f 6791 6875 6876
f 6791 6876 6792
f 6792 6876 6877
f 6792 6877 6793
f 6793 6877 6878
f 6793 6878 6794
f 6794 6878 6879
f 6794 6879 6795
f 6795 6879 6880
f 6795 6880 6796
f 6796 6880 6881
f 6796 6881 6797
f 6797 6881 6882
f 6797 6882 6798
f 6798 6882 6883
f 6798 6883 6799
f 6799 6883 6884
f 6799 6884 6800
f 6800 6884 6885
f 6800 6885 6801
f 6801 6885 6886
f 6801 6886 6802
f 6802 6886 6887
f 6802 6887 6803
f 6803 6887 6888
f 6803 6888 6804
f 6804 6888 6889
f 6804 6889 6805
f 6805 6889 6890
f 6805 6890 6806
f 6806 6890 6891
f 6806 6891 6807
f 6807 6891 6892
f 6807 6892 6808
f 6808 6892 6893
f 6808 6893 6809
f 6809 6893 6894
f 6809 6894 6810
f 6810 6894 6895
f 6810 6895 6811
f 6811 6895 6896
f 6811 6896 6812
f 6812 6896 6897
f 6812 6897 6813
f 6813 6897 6898
f 6813 6898 6814
f 6814 6898 6899
f 6814 6899 6815
f 6815 6899 6900
f 6815 6900 6816
f 6816 6900 6901
f 6816 6901 6817
f 6817 6901 6902
f 6817 6902 6818
f 6818 6902 6903
f 6818 6903 6819
f 6819 6903 6904
f 6819 6904 6820
f 6820 6904 6905
f 6820 6905 6821
f 6821 6905 6906
f 6821 6906 6822
f 6822 6906 6907
f 6822 6907 6823
f 6823 6907 6908
f 6823 6908 6824
f 6824 6908 6909
f 6824 6909 6825
f 6825 6909 6910
f 6825 6910 6826
f 6826 6910 6911
f 6826 6911 6827
f 6827 6911 6912
f 6827 6912 6828
f 6828 6912 6913
f 6828 6913 6829
f 6829 6913 6914
f 6829 6914 6830
f 6830 6914 6915
f 6830 6915 6831
f 6831 6915 6916
f 6831 6916 6832
f 6832 6916 6917
f 6832 6917 6833
f 6833 6917 6918
f 6833 6918 6834
f 6834 6918 6919
f 6834 6919 6835
f 6835 6919 6920
f 6835 6920 6836
f 6836 6920 6921
f 6836 6921 6837
f 6837 6921 6922
f 6837 6922 6838
f 6838 6922 6923
f 6838 6923 6839
f 6839 6923 6924
f 6839 6924 6840
f 6840 6924 6925
f 6840 6925 6841
f 6841 6925 6926
f 6841 6926 6842
f 6842 6926 6927
f 6842 6927 6843
f 6843 6927 6928
f 6843 6928 6844
f 6844 6928 6929
f 6844 6929 6845
f 6845 6929 6930
f 6845 6930 6846
f 6846 6930 6931
f 6846 6931 6847
f 6847 6931 6932
f 6847 6932 6848
f 6848 6932 6933
f 6848 6933 6849
f 6849 6933 6934
f 6849 6934 6850
f 6850 6934 6935
f 6850 6935 6851
f 6851 6935 6936
f 6851 6936 6852
f 6852 6936 6937
f 6852 6937 6853
f 6853 6937 6938
f 6853 6938 6854
f 6854 6938 6939
f 6854 6939 6855
f 6855 6939 6940
f 6855 6940 6856
f 6856 6940 6941
f 6856 6941 6857
f 6857 6941 6942
f 6857 6942 6858
f 6858 6942 6943
f 6858 6943 6859
f 6859 6943 6944
f 6859 6944 6860
f 6860 6944 6945
f 6860 6945 6861
f 6861 6945 6946
f 6861 6946 6862
f 6862 6946 6947
f 6862 6947 6863
f 6863 6947 6948
f 6863 6948 6864
f 6864 6948 6949
f 6864 6949 6865
f 6865 6949 6950
f 6865 6950 6866
f 6866 6950 6951
f 6866 6951 6867
f 6867 6951 6952
f 6867 6952 6868
f 6868 6952 6953
f 6868 6953 6869
f 6869 6953 6954
f 6869 6954 6870
f 6870 6954 6955
f 6870 6955 6871
f 6871 6955 6619
f 6871 6619 6618
f 6618 6619 4911
f 6618 4911 4909
f 3421 6452 6538
f 6538 6452 6537
f 6538 6537 6872
f 6872 6537 6536
f 6872 6536 6873
f 6873 6536 6535
f 6873 6535 6874
f 6874 6535 6534
f 6874 6534 6875
f 6875 6534 6533
f 6875 6533 6876
f 6876 6533 6532
f 6876 6532 6877
f 6877 6532 6531
f 6877 6531 6878
f 6878 6531 6530
f 6878 6530 6879
f 6879 6530 6529
f 6879 6529 6880
f 6880 6529 6528
f 6880 6528 6881
f 6881 6528 6527
f 6881 6527 6882
f 6882 6527 6526
f 6882 6526 6883
f 6883 6526 6525
f 6883 6525 6884
f 6884 6525 6524
f 6884 6524 6885
f 6885 6524 6523
f 6885 6523 6886
f 6886 6523 6522
f 6886 6522 6887
f 6887 6522 6521
f 6887 6521 6888
f 6888 6521 6520
f 6888 6520 6889
f 6889 6520 6519
f 6889 6519 6890
f 6890 6519 6518
f 6890 6518 6891
f 6891 6518 6517
f 6891 6517 6892
f 6892 6517 6516
f 6892 6516 6893
f 6893 6516 6515
f 6893 6515 6894
f 6894 6515 6514
f 6894 6514 6895
f 6895 6514 6513
f 6895 6513 6896
f 6896 6513 6512
f 6896 6512 6897
f 6897 6512 6511
f 6897 6511 6898
f 6898 6511 6510
f 6898 6510 6899
f 6899 6510 6509
f 6899 6509 6900
f 6900 6509 6508
f 6900 6508 6901
f 6901 6508 6507
f 6901 6507 6902
f 6902 6507 6506
f 6902 6506 6903
f 6903 6506 6505
f 6903 6505 6904
f 6904 6505 6504
f 6904 6504 6905
f 6905 6504 6503
f 6905 6503 6906
f 6906 6503 6502
f 6906 6502 6907
f 6907 6502 6501
f 6907 6501 6908
f 6908 6501 6500
f 6908 6500 6909
f 6909 6500 6499
f 6909 6499 6910
f 6910 6499 6498
f 6910 6498 6911
f 6911 6498 6497
f 6911 6497 6912
f 6912 6497 6496
f 6912 6496 6913
f 6913 6496 6495
f 6913 6495 6914
f 6914 6495 6494
f 6914 6494 6915
f 6915 6494 6493
f 6915 6493 6916
f 6916 6493 6492
f 6916 6492 6917
f 6917 6492 6491
f 6917 6491 6918
f 6918 6491 6490
f 6918 6490 6919
f 6919 6490 6489
f 6919 6489 6920
f 6920 6489 6488
f 6920 6488 6921
f 6921 6488 6487
f 6921 6487 6922
f 6922 6487 6486
f 6922 6486 6923
f 6923 6486 6485
f 6923 6485 6924
f 6924 6485 6484
f 6924 6484 6925
f 6925 6484 6483
f 6925 6483 6926
f 6926 6483 6482
f 6926 6482 6927
f 6927 6482 6481
f 6927 6481 6928
f 6928 6481 6480
f 6928 6480 6929
f 6929 6480 6479
f 6929 6479 6930
f 6930 6479 6478
f 6930 6478 6931
f 6931 6478 6477
f 6931 6477 6932
f 6932 6477 6476
f 6932 6476 6933
f 6933 6476 6475
f 6933 6475 6934
f 6934 6475 6474
f 6934 6474 6935
f 6935 6474 6473
f 6935 6473 6936
f 6936 6473 6472
f 6936 6472 6937
f 6937 6472 6471
f 6937 6471 6938
f 6938 6471 6470
f 6938 6470 6939
f 6939 6470 6469
f 6939 6469 6940
f 6940 6469 6468
f 6940 6468 6941
f 6941 6468 6467
f 6941 6467 6942
f 6942 6467 6466
f 6942 6466 6943
f 6943 6466 6465
f 6943 6465 6944
f 6944 6465 6464
f 6944 6464 6945
f 6945 6464 6463
f 6945 6463 6946
f 6946 6463 6462
f 6946 6462 6947
f 6947 6462 6461
f 6947 6461 6948
f 6948 6461 6460
f 6948 6460 6949
f 6949 6460 6459
f 6949 6459 6950
f 6950 6459 6458
f 6950 6458 6951
f 6951 6458 6457
f 6951 6457 6952
f 6952 6457 6456
f 6952 6456 6953
f 6953 6456 6455
f 6953 6455 6954
f 6954 6455 6454
f 6954 6454 6955
f 6955 6454 6453
f 6955 6453 6619
f 6619 6453 4916
f 6619 4916 4239
f 4204 4203 6956
f 2069 2231 4207
f 2370 2374 6957
f 6957 2374 2373
f 6957 2373 6958
f 6958 2373 2069
f 2370 6957 2371
f 2371 6957 6959
f 2371 6959 2377
f 2377 6959 6960
f 2377 6960 2378
f 2378 6960 6961
f 2378 6961 2380
f 2380 6961 2382
f 2382 6961 6962
f 2382 6962 2384
f 2384 6962 2386
f 2386 6962 6963
f 2386 6963 2388
f 2388 6963 2390
f 2390 6963 6964
f 2390 6964 2397
f 2397 6964 6965
f 2397 6965 2398
f 2405 2395 6966
f 6966 2395 2393
f 6966 2393 6967
f 6967 2393 2392
f 6967 2392 6968
f 6968 2392 2402
f 6968 2402 6965
f 6965 2402 2400
f 6965 2400 2398
f 2405 6966 2406
f 2406 6966 6969
f 2406 6969 2408
f 2408 6969 6970
f 2408 6970 2410
f 2410 6970 6971
f 2410 6971 2412
f 2412 6971 2414
f 2414 6971 6972
f 2414 6972 2416
f 2416 6972 2418
f 2418 6972 6973
f 2418 6973 2420
f 2420 6973 2422
f 2422 6973 6974
f 2422 6974 2435
f 2435 6974 6975
f 2435 6975 2434
f 2239 2424 6976
f 6976 2424 2426
f 6976 2426 6977
f 6977 2426 2428
f 6977 2428 6978
f 6978 2428 2430
f 6978 2430 6975
f 6975 2430 2432
f 6975 2432 2434
f 2239 6976 2267
f 2267 6976 6979
f 2267 6979 2258
f 2258 6979 6980
f 2258 6980 2260
f 2260 6980 6981
f 2260 6981 2279
f 2279 6981 2272
f 2272 6981 6982
f 2272 6982 2273
f 2273 6982 2274
f 2274 6982 6983
f 2274 6983 2286
f 2286 6983 2281
f 2281 6983 6984
f 2281 6984 2298
f 2298 6984 6985
f 2298 6985 2297
f 2320 2326 6986
f 6986 2326 2325
f 6986 2325 6987
f 6987 2325 2301
f 6987 2301 6988
f 6988 2301 2309
f 6988 2309 6985
f 6985 2309 2291
f 6985 2291 2297
f 2320 6986 2437
f 2437 6986 6989
f 2437 6989 2439
f 2439 6989 6990
f 2439 6990 2445
f 2445 6990 6991
f 2445 6991 2446
f 6992 2449 6993
f 6993 2449 2443
f 6993 2443 6991
f 6991 2443 2442
f 6991 2442 2446
f 2458 2456 6994
f 6994 2456 2454
f 6994 2454 6995
f 6995 2454 2452
f 6995 2452 6992
f 6992 2452 2450
f 6992 2450 2449
f 2458 6994 2460
f 2460 6994 6996
f 2460 6996 2462
f 2462 6996 6997
f 2462 6997 2469
f 2469 6997 6998
f 2469 6998 2470
f 2477 2467 6999
f 6999 2467 2465
f 6999 2465 7000
f 7000 2465 2464
f 7000 2464 7001
f 7001 2464 2474
f 7001 2474 6998
f 6998 2474 2472
f 6998 2472 2470
f 2477 6999 2478
f 2478 6999 7002
f 2478 7002 2480
f 2480 7002 7003
f 2480 7003 2482
f 2482 7003 2484
f 2484 7003 7004
f 2484 7004 2486
f 2486 7004 7005
f 2486 7005 2488
f 2488 7005 2490
f 2490 7005 7006
f 2490 7006 2492
f 2492 7006 2494
f 2494 7006 7007
f 2494 7007 2496
f 2496 7007 7008
f 2496 7008 2497
f 2509 2507 7009
f 7009 2507 2505
f 7009 2505 7010
f 7010 2505 2503
f 7010 2503 7011
f 7011 2503 2501
f 7011 2501 7008
f 7008 2501 2499
f 7008 2499 2497
f 2509 7009 2511
f 2511 7009 7012
f 2511 7012 2513
f 2513 7012 7013
f 2513 7013 2515
f 2515 7013 7014
f 2515 7014 2516
f 2516 7014 2518
f 2518 7014 7015
f 2518 7015 2520
f 2520 7015 2522
f 2522 7015 7016
f 2522 7016 2524
f 2524 7016 2526
f 2526 7016 7017
f 2526 7017 2528
f 2528 7017 7018
f 2528 7018 2530
f 2541 2539 7019
f 7019 2539 2537
f 7019 2537 7020
f 7020 2537 2535
f 7020 2535 7021
f 7021 2535 2533
f 7021 2533 7018
f 7018 2533 2531
f 7018 2531 2530
f 2541 7019 2543
f 2543 7019 7022
f 2543 7022 2545
f 2545 7022 7023
f 2545 7023 2547
f 2547 7023 7024
f 2547 7024 2548
f 2548 7024 2550
f 2550 7024 7025
f 2550 7025 2552
f 2552 7025 2554
f 2554 7025 7026
f 2554 7026 2556
f 2556 7026 2558
f 2558 7026 7027
f 2558 7027 2560
f 2560 7027 7028
f 2560 7028 2562
f 2143 2141 7029
f 7029 2141 2139
f 7029 2139 7030
f 7030 2139 2138
f 7030 2138 7031
f 7031 2138 2566
f 7031 2566 7028
f 7028 2566 2564
f 7028 2564 2562
f 2143 7029 2158
f 2158 7029 7032
f 2158 7032 2156
f 2156 7032 7033
f 2156 7033 2169
f 2169 7033 7034
f 2169 7034 2176
f 2176 7034 2177
f 2177 7034 7035
f 2177 7035 2182
f 2182 7035 2180
f 2180 7035 7036
f 2180 7036 2191
f 2191 7036 2187
f 2187 7036 7037
f 2187 7037 2204
f 2204 7037 7038
f 2204 7038 2203
f 2568 2572 7039
f 7039 2572 2571
f 7039 2571 7040
f 7040 2571 2066
f 7040 2066 7041
f 7041 2066 2070
f 7041 2070 7038
f 7038 2070 2197
f 7038 2197 2203
f 2568 7039 2569
f 2569 7039 7042
f 2569 7042 2575
f 2575 7042 7043
f 2575 7043 2576
f 2576 7043 7044
f 2576 7044 2578
f 7045 2584 7046
f 7046 2584 2582
f 7046 2582 7044
f 7044 2582 2580
f 7044 2580 2578
f 2593 2591 7047
f 7047 2591 2590
f 7047 2590 7048
f 7048 2590 2588
f 7048 2588 7045
f 7045 2588 2586
f 7045 2586 2584
f 2593 7047 2595
f 2595 7047 7049
f 2595 7049 2597
f 2597 7049 7050
f 2597 7050 2599
f 2599 7050 7051
f 2599 7051 2601
f 2612 2610 7052
f 7052 2610 2608
f 7052 2608 7053
f 7053 2608 2606
f 7053 2606 7054
f 7054 2606 2604
f 7054 2604 7051
f 7051 2604 2602
f 7051 2602 2601
f 2612 7052 2614
f 2614 7052 7055
f 2614 7055 2616
f 2616 7055 7056
f 2616 7056 2618
f 2618 7056 2620
f 2620 7056 7057
f 2620 7057 2633
f 2633 7057 7058
f 2633 7058 2632
f 2207 2622 7059
f 7059 2622 2624
f 7059 2624 7060
f 7060 2624 2626
f 7060 2626 7061
f 7061 2626 2628
f 7061 2628 7058
f 7058 2628 2630
f 7058 2630 2632
f 2205 2207 3704
f 3704 2207 7059
f 3704 7059 3682
f 3682 7059 3683
f 3686 3684 7062
f 7062 3684 3683
f 7063 3688 3686
f 3674 3690 7063
f 7063 3690 3689
f 7063 3689 3688
f 3676 3675 7064
f 7064 3675 3674
f 3678 3677 7065
f 7065 3677 3676
f 3646 3648 7066
f 7066 3648 3679
f 7066 3679 3678
f 3664 2671 7067
f 7067 2671 2670
f 7067 2670 3646
f 7068 7069 7067
f 7067 7069 7070
f 7067 7070 3664
f 7071 7072 7068
f 7068 7072 7073
f 7068 7073 7069
f 7074 7075 7071
f 7071 7075 7076
f 7071 7076 7072
f 7077 7078 7079
f 7079 7078 7080
f 7079 7080 7081
f 7081 7080 7082
f 7081 7082 7074
f 7074 7082 7083
f 7074 7083 7075
f 7077 7079 7084
f 7084 7079 7085
f 7084 7085 7086
f 7086 7085 7087
f 7086 7087 7088
f 7088 7087 7089
f 7088 7089 7090
f 7091 7092 7093
f 7093 7092 7094
f 7093 7094 7089
f 7089 7094 7095
f 7089 7095 7090
f 7096 7097 7098
f 7098 7097 7099
f 7098 7099 7100
f 7100 7099 7101
f 7100 7101 7091
f 7091 7101 7102
f 7091 7102 7092
f 7096 7098 7103
f 7103 7098 7104
f 7103 7104 7105
f 7105 7104 7106
f 7105 7106 7107
f 7107 7106 7108
f 7107 7108 7109
f 7110 7111 7112
f 7112 7111 7113
f 7112 7113 7114
f 7114 7113 7115
f 7114 7115 7108
f 7108 7115 7116
f 7108 7116 7109
f 7117 7118 7110
f 7110 7118 7119
f 7110 7119 7111
f 7120 7121 7117
f 7117 7121 7122
f 7117 7122 7118
f 7123 7124 7125
f 7125 7124 7126
f 7125 7126 7127
f 7127 7126 7128
f 7127 7128 7120
f 7120 7128 7129
f 7120 7129 7121
f 7123 7125 7130
f 7130 7125 7131
f 7130 7131 7132
f 7132 7131 7133
f 7132 7133 7134
f 7134 7133 7135
f 7134 7135 7136
f 7137 7138 7139
f 7139 7138 7140
f 7139 7140 7135
f 7135 7140 7141
f 7135 7141 7136
f 7142 7143 7144
f 7144 7143 7145
f 7144 7145 7146
f 7146 7145 7147
f 7146 7147 7137
f 7137 7147 7148
f 7137 7148 7138
f 7142 7144 7149
f 7149 7144 7150
f 7149 7150 7151
f 7151 7150 7152
f 7151 7152 7153
f 7153 7152 7154
f 7153 7154 7155
f 7156 7157 7158
f 7158 7157 7159
f 7158 7159 7160
f 7160 7159 7161
f 7160 7161 7154
f 7154 7161 7162
f 7154 7162 7155
f 7163 7164 7156
f 7156 7164 7165
f 7156 7165 7157
f 7166 7167 7163
f 7163 7167 7168
f 7163 7168 7164
f 7169 7170 7171
f 7171 7170 7172
f 7171 7172 7173
f 7173 7172 7174
f 7173 7174 7166
f 7166 7174 7175
f 7166 7175 7167
f 7169 7171 7176
f 7176 7171 7177
f 7176 7177 7178
f 7178 7177 7179
f 7178 7179 7180
f 7180 7179 7181
f 7180 7181 7182
f 7183 7184 7185
f 7185 7184 7186
f 7185 7186 7181
f 7181 7186 7187
f 7181 7187 7182
f 7188 7189 7190
f 7190 7189 7191
f 7190 7191 7192
f 7192 7191 7193
f 7192 7193 7183
f 7183 7193 7194
f 7183 7194 7184
f 7188 7190 7195
f 7195 7190 7196
f 7195 7196 7197
f 7197 7196 7198
f 7197 7198 7199
f 7199 7198 7200
f 7199 7200 7201
f 7202 7203 7204
f 7204 7203 7205
f 7204 7205 7206
f 7206 7205 7207
f 7206 7207 7208
f 7208 7207 7209
f 7208 7209 7200
f 7200 7209 7210
f 7200 7210 7201
f 7211 7212 7202
f 7202 7212 7213
f 7202 7213 7203
f 7214 7215 7216
f 7216 7215 7217
f 7216 7217 7218
f 7218 7217 7219
f 7218 7219 7211
f 7211 7219 7220
f 7211 7220 7212
f 7214 7216 7221
f 7221 7216 7222
f 7221 7222 7223
f 7223 7222 7224
f 7223 7224 7225
f 7225 7224 7226
f 7225 7226 7227
f 7227 7226 7228
f 7228 7226 7229
f 7228 7229 7230
f 7230 7229 7231
f 7231 7229 7232
f 7231 7232 7233
f 7233 7232 7234
f 7234 7232 7235
f 7234 7235 7236
f 7236 7235 7237
f 7236 7237 7238
f 7239 7240 7241
f 7241 7240 7242
f 7241 7242 7243
f 7243 7242 7244
f 7243 7244 7245
f 7245 7244 7246
f 7245 7246 7237
f 7237 7246 7247
f 7237 7247 7238
f 7239 7241 7248
f 7248 7241 7249
f 7248 7249 7250
f 7250 7249 7251
f 7250 7251 7252
f 7252 7251 7253
f 7253 7251 7254
f 7253 7254 7255
f 7255 7254 7256
f 7255 7256 7257
f 7258 7259 7260
f 7260 7259 7261
f 7260 7261 7262
f 7262 7261 7263
f 7262 7263 7264
f 7264 7263 7265
f 7264 7265 7256
f 7256 7265 7266
f 7256 7266 7257
f 7258 7260 7267
f 7267 7260 7268
f 7267 7268 7269
f 7269 7268 7270
f 7269 7270 7271
f 7271 7270 7272
f 7271 7272 7273
f 7273 7272 7274
f 7274 7272 7275
f 7274 7275 7276
f 7276 7275 7277
f 7277 7275 7278
f 7277 7278 7279
f 7279 7278 7280
f 7280 7278 7281
f 7280 7281 7282
f 7282 7281 7283
f 7282 7283 7284
f 7285 7286 7287
f 7287 7286 7288
f 7287 7288 7289
f 7289 7288 7290
f 7289 7290 7291
f 7291 7290 7292
f 7291 7292 7283
f 7283 7292 7293
f 7283 7293 7284
f 7285 7287 7294
f 7294 7287 7295
f 7294 7295 7296
f 7296 7295 7297
f 7296 7297 7298
f 7298 7297 7299
f 7299 7297 7300
f 7299 7300 7301
f 7301 7300 7302
f 7301 7302 7303
f 7304 7305 7306
f 7306 7305 7307
f 7306 7307 7308
f 7308 7307 7309
f 7308 7309 7310
f 7310 7309 7311
f 7310 7311 7302
f 7302 7311 7312
f 7302 7312 7303
f 7304 7306 7313
f 7313 7306 7314
f 7313 7314 7315
f 7315 7314 7316
f 7315 7316 7317
f 7317 7316 7318
f 7317 7318 7319
f 7319 7318 7320
f 7320 7318 7321
f 7320 7321 7322
f 7322 7321 7323
f 7323 7321 7324
f 7323 7324 7325
f 7325 7324 7326
f 7326 7324 7327
f 7326 7327 7328
f 7328 7327 7329
f 7328 7329 7330
f 7331 7332 7333
f 7333 7332 7334
f 7333 7334 7335
f 7335 7334 7336
f 7335 7336 7337
f 7337 7336 7338
f 7337 7338 7329
f 7329 7338 7339
f 7329 7339 7330
f 7331 7333 7340
f 7340 7333 7341
f 7340 7341 7342
f 7342 7341 7343
f 7342 7343 7344
f 7344 7343 7345
f 7345 7343 7346
f 7345 7346 7347
f 7347 7346 7348
f 7347 7348 7349
f 7348 5215 4220
f 7349 7348 7350
f 7350 7348 4220
f 7350 4220 4219
f 5268 5214 7351
f 7351 5214 5217
f 7351 5217 5216
f 5261 5260 7352
f 7352 5260 5270
f 7352 5270 5269
f 7353 5263 5262
f 4203 5275 6956
f 6956 5275 5266
f 6956 5266 5265
f 5272 5273 7354
f 7354 5273 5274
f 2069 4207 6958
f 6958 4207 4206
f 6958 4206 5271
f 3646 7066 7067
f 7067 7066 7355
f 7067 7355 7068
f 7068 7355 7356
f 7068 7356 7071
f 7071 7356 7357
f 7071 7357 7074
f 7074 7357 7358
f 7074 7358 7081
f 7081 7358 7359
f 7081 7359 7079
f 7079 7359 7360
f 7079 7360 7085
f 7085 7360 7361
f 7085 7361 7087
f 7087 7361 7362
f 7087 7362 7089
f 7089 7362 7363
f 7089 7363 7093
f 7093 7363 7364
f 7093 7364 7091
f 7091 7364 7365
f 7091 7365 7100
f 7100 7365 7366
f 7100 7366 7098
f 7098 7366 7367
f 7098 7367 7104
f 7104 7367 7368
f 7104 7368 7106
f 7106 7368 7369
f 7106 7369 7108
f 7108 7369 7370
f 7108 7370 7114
f 7114 7370 7371
f 7114 7371 7112
f 7112 7371 7372
f 7112 7372 7110
f 7110 7372 7373
f 7110 7373 7117
f 7117 7373 7374
f 7117 7374 7120
f 7120 7374 7375
f 7120 7375 7127
f 7127 7375 7376
f 7127 7376 7125
f 7125 7376 7377
f 7125 7377 7131
f 7131 7377 7378
f 7131 7378 7133
f 7133 7378 7379
f 7133 7379 7135
f 7135 7379 7380
f 7135 7380 7139
f 7139 7380 7381
f 7139 7381 7137
f 7137 7381 7382
f 7137 7382 7146
f 7146 7382 7383
f 7146 7383 7144
f 7144 7383 7384
f 7144 7384 7150
f 7150 7384 7385
f 7150 7385 7152
f 7152 7385 7386
f 7152 7386 7154
f 7154 7386 7387
f 7154 7387 7160
f 7160 7387 7388
f 7160 7388 7158
f 7158 7388 7389
f 7158 7389 7156
f 7156 7389 7390
f 7156 7390 7163
f 7163 7390 7391
f 7163 7391 7166
f 7166 7391 7392
f 7166 7392 7173
f 7173 7392 7393
f 7173 7393 7171
f 7171 7393 7394
f 7171 7394 7177
f 7177 7394 7395
f 7177 7395 7179
f 7179 7395 7396
f 7179 7396 7181
f 7181 7396 7397
f 7181 7397 7185
f 7185 7397 7398
f 7185 7398 7183
f 7183 7398 7399
f 7183 7399 7192
f 7192 7399 7400
f 7192 7400 7190
f 7190 7400 7401
f 7190 7401 7196
f 7196 7401 7402
f 7196 7402 7198
f 7198 7402 7403
f 7198 7403 7200
f 7200 7403 7404
f 7200 7404 7208
f 7208 7404 7405
f 7208 7405 7206
f 7206 7405 7406
f 7206 7406 7204
f 7204 7406 7407
f 7204 7407 7202
f 7202 7407 7408
f 7202 7408 7211
f 7211 7408 7409
f 7211 7409 7218
f 7218 7409 7410
f 7218 7410 7216
f 7216 7410 7411
f 7216 7411 7222
f 7222 7411 7412
f 7222 7412 7224
f 7224 7412 7413
f 7224 7413 7226
f 7226 7413 7414
f 7226 7414 7229
f 7229 7414 7415
f 7229 7415 7232
f 7232 7415 7416
f 7232 7416 7235
f 7235 7416 7417
f 7235 7417 7237
f 7237 7417 7418
f 7237 7418 7245
f 7245 7418 7419
f 7245 7419 7243
f 7243 7419 7420
f 7243 7420 7241
f 7241 7420 7421
f 7241 7421 7249
f 7249 7421 7422
f 7249 7422 7251
f 7251 7422 7423
f 7251 7423 7254
f 7254 7423 7424
f 7254 7424 7256
f 7256 7424 7425
f 7256 7425 7264
f 7264 7425 7426
f 7264 7426 7262
f 7262 7426 7427
f 7262 7427 7260
f 7260 7427 7428
f 7260 7428 7268
f 7268 7428 7429
f 7268 7429 7270
f 7270 7429 7430
f 7270 7430 7272
f 7272 7430 7431
f 7272 7431 7275
f 7275 7431 7432
f 7275 7432 7278
f 7278 7432 7433
f 7278 7433 7281
f 7281 7433 7434
f 7281 7434 7283
f 7283 7434 7435
f 7283 7435 7291
f 7291 7435 7436
f 7291 7436 7289
f 7289 7436 7437
f 7289 7437 7287
f 7287 7437 7438
f 7287 7438 7295
f 7295 7438 7439
f 7295 7439 7297
f 7297 7439 7440
f 7297 7440 7300
f 7300 7440 7441
f 7300 7441 7302
f 7302 7441 7442
f 7302 7442 7310
f 7310 7442 7443
f 7310 7443 7308
f 7308 7443 7444
f 7308 7444 7306
f 7306 7444 7445
f 7306 7445 7314
f 7314 7445 7446
f 7314 7446 7316
f 7316 7446 7447
f 7316 7447 7318
f 7318 7447 7448
f 7318 7448 7321
f 7321 7448 7449
f 7321 7449 7324
f 7324 7449 7450
f 7324 7450 7327
f 7327 7450 7451
f 7327 7451 7329
f 7329 7451 7452
f 7329 7452 7337
f 7337 7452 7453
f 7337 7453 7335
f 7335 7453 7454
f 7335 7454 7333
f 7333 7454 7455
f 7333 7455 7341
f 7341 7455 7456
f 7341 7456 7343
f 7343 7456 7457
f 7343 7457 7346
f 7346 7457 7351
f 7346 7351 7348
f 7348 7351 5216
f 7348 5216 5215
f 3678 7065 7066
f 7066 7065 7458
f 7066 7458 7355
f 7355 7458 7459
f 7355 7459 7356
f 7356 7459 7460
f 7356 7460 7357
f 7357 7460 7461
f 7357 7461 7358
f 7358 7461 7462
f 7358 7462 7359
f 7359 7462 7463
f 7359 7463 7360
f 7360 7463 7464
f 7360 7464 7361
f 7361 7464 7465
f 7361 7465 7362
f 7362 7465 7466
f 7362 7466 7363
f 7363 7466 7467
f 7363 7467 7364
f 7364 7467 7468
f 7364 7468 7365
f 7365 7468 7469
f 7365 7469 7366
f 7366 7469 7470
f 7366 7470 7367
f 7367 7470 7471
f 7367 7471 7368
f 7368 7471 7472
f 7368 7472 7369
f 7369 7472 7473
f 7369 7473 7370
f 7370 7473 7474
f 7370 7474 7371
f 7371 7474 7475
f 7371 7475 7372
f 7372 7475 7476
f 7372 7476 7373
f 7373 7476 7477
f 7373 7477 7374
f 7374 7477 7478
f 7374 7478 7375
f 7375 7478 7479
f 7375 7479 7376
f 7376 7479 7480
f 7376 7480 7377
f 7377 7480 7481
f 7377 7481 7378
f 7378 7481 7482
f 7378 7482 7379
f 7379 7482 7483
f 7379 7483 7380
f 7380 7483 7484
f 7380 7484 7381
f 7381 7484 7485
f 7381 7485 7382
f 7382 7485 7486
f 7382 7486 7383
f 7383 7486 7487
f 7383 7487 7384
f 7384 7487 7488
f 7384 7488 7385
f 7385 7488 7489
f 7385 7489 7386
f 7386 7489 7490
f 7386 7490 7387
f 7387 7490 7491
f 7387 7491 7388
f 7388 7491 7492
f 7388 7492 7389
f 7389 7492 7493
f 7389 7493 7390
f 7390 7493 7494
f 7390 7494 7391
f 7391 7494 7495
f 7391 7495 7392
f 7392 7495 7496
f 7392 7496 7393
f 7393 7496 7497
f 7393 7497 7394
f 7394 7497 7498
f 7394 7498 7395
f 7395 7498 7499
f 7395 7499 7396
f 7396 7499 7500
f 7396 7500 7397
f 7397 7500 7501
f 7397 7501 7398
f 7398 7501 7502
f 7398 7502 7399
f 7399 7502 7503
f 7399 7503 7400
f 7400 7503 7504
f 7400 7504 7401
f 7401 7504 7505
f 7401 7505 7402
f 7402 7505 7506
f 7402 7506 7403
f 7403 7506 7507
f 7403 7507 7404
f 7404 7507 7508
f 7404 7508 7405
f 7405 7508 7509
f 7405 7509 7406
f 7406 7509 7510
f 7406 7510 7407
f 7407 7510 7511
f 7407 7511 7408
f 7408 7511 7512
f 7408 7512 7409
f 7409 7512 7513
f 7409 7513 7410
f 7410 7513 7514
f 7410 7514 7411
f 7411 7514 7515
f 7411 7515 7412
f 7412 7515 7516
f 7412 7516 7413
f 7413 7516 7517
f 7413 7517 7414
f 7414 7517 7518
f 7414 7518 7415
f 7415 7518 7519
f 7415 7519 7416
f 7416 7519 7520
f 7416 7520 7417
f 7417 7520 7521
f 7417 7521 7418
f 7418 7521 7522
f 7418 7522 7419
f 7419 7522 7523
f 7419 7523 7420
f 7420 7523 7524
f 7420 7524 7421
f 7421 7524 7525
f 7421 7525 7422
f 7422 7525 7526
f 7422 7526 7423
f 7423 7526 7527
f 7423 7527 7424
f 7424 7527 7528
f 7424 7528 7425
f 7425 7528 7529
f 7425 7529 7426
f 7426 7529 7530
f 7426 7530 7427
f 7427 7530 7531
f 7427 7531 7428
f 7428 7531 7532
f 7428 7532 7429
f 7429 7532 7533
f 7429 7533 7430
f 7430 7533 7534
f 7430 7534 7431
f 7431 7534 7535
f 7431 7535 7432
f 7432 7535 7536
f 7432 7536 7433
f 7433 7536 7537
f 7433 7537 7434
f 7434 7537 7538
f 7434 7538 7435
f 7435 7538 7539
f 7435 7539 7436
f 7436 7539 7540
f 7436 7540 7437
f 7437 7540 7541
f 7437 7541 7438
f 7438 7541 7542
f 7438 7542 7439
f 7439 7542 7543
f 7439 7543 7440
f 7440 7543 7544
f 7440 7544 7441
f 7441 7544 7545
f 7441 7545 7442
f 7442 7545 7546
f 7442 7546 7443
f 7443 7546 7547
f 7443 7547 7444
f 7444 7547 7548
f 7444 7548 7445
f 7445 7548 7549
f 7445 7549 7446
f 7446 7549 7550
f 7446 7550 7447
f 7447 7550 7551
f 7447 7551 7448
f 7448 7551 7552
f 7448 7552 7449
f 7449 7552 7553
f 7449 7553 7450
f 7450 7553 7554
f 7450 7554 7451
f 7451 7554 7555
f 7451 7555 7452
f 7452 7555 7556
f 7452 7556 7453
f 7453 7556 7557
f 7453 7557 7454
f 7454 7557 7558
f 7454 7558 7455
f 7455 7558 7559
f 7455 7559 7456
f 7456 7559 7560
f 7456 7560 7457
f 7457 7560 7352
f 7457 7352 7351
f 7351 7352 5269
f 7351 5269 5268
f 3676 7064 7065
f 7065 7064 7561
f 7065 7561 7458
f 7458 7561 7562
f 7458 7562 7459
f 7459 7562 7563
f 7459 7563 7460
f 7460 7563 7564
f 7460 7564 7461
f 7461 7564 7565
f 7461 7565 7462
f 7462 7565 7566
f 7462 7566 7463
f 7463 7566 7567
f 7463 7567 7464
f 7464 7567 7568
f 7464 7568 7465
f 7465 7568 7569
f 7465 7569 7466
f 7466 7569 7570
f 7466 7570 7467
f 7467 7570 7571
f 7467 7571 7468
f 7468 7571 7572
f 7468 7572 7469
f 7469 7572 7573
f 7469 7573 7470
f 7470 7573 7574
f 7470 7574 7471
f 7471 7574 7575
f 7471 7575 7472
f 7472 7575 7576
f 7472 7576 7473
f 7473 7576 7577
f 7473 7577 7474
f 7474 7577 7578
f 7474 7578 7475
f 7475 7578 7579
f 7475 7579 7476
f 7476 7579 7580
f 7476 7580 7477
f 7477 7580 7581
f 7477 7581 7478
f 7478 7581 7582
f 7478 7582 7479
f 7479 7582 7583
f 7479 7583 7480
f 7480 7583 7584
f 7480 7584 7481
f 7481 7584 7585
f 7481 7585 7482
f 7482 7585 7586
f 7482 7586 7483
f 7483 7586 7587
f 7483 7587 7484
f 7484 7587 7588
f 7484 7588 7485
f 7485 7588 7589
f 7485 7589 7486
f 7486 7589 7590
f 7486 7590 7487
f 7487 7590 7591
f 7487 7591 7488
f 7488 7591 7592
f 7488 7592 7489
f 7489 7592 7593
f 7489 7593 7490
f 7490 7593 7594
f 7490 7594 7491
f 7491 7594 7595
f 7491 7595 7492
f 7492 7595 7596
f 7492 7596 7493
f 7493 7596 7597
f 7493 7597 7494
f 7494 7597 7598
f 7494 7598 7495
f 7495 7598 7599
f 7495 7599 7496
f 7496 7599 7600
f 7496 7600 7497
f 7497 7600 7601
f 7497 7601 7498
f 7498 7601 7602
f 7498 7602 7499
f 7499 7602 7603
f 7499 7603 7500
f 7500 7603 7604
f 7500 7604 7501
f 7501 7604 7605
f 7501 7605 7502
f 7502 7605 7606
f 7502 7606 7503
f 7503 7606 7607
f 7503 7607 7504
f 7504 7607 7608
f 7504 7608 7505
f 7505 7608 7609
f 7505 7609 7506
f 7506 7609 7610
f 7506 7610 7507
f 7507 7610 7611
f 7507 7611 7508
f 7508 7611 7612
f 7508 7612 7509
f 7509 7612 7613
f 7509 7613 7510
f 7510 7613 7614
f 7510 7614 7511
f 7511 7614 7615
f 7511 7615 7512
f 7512 7615 7616
f 7512 7616 7513
f 7513 7616 7617
f 7513 7617 7514
f 7514 7617 7618
f 7514 7618 7515
f 7515 7618 7619
f 7515 7619 7516
f 7516 7619 7620
f 7516 7620 7517
f 7517 7620 7621
f 7517 7621 7518
f 7518 7621 7622
f 7518 7622 7519
f 7519 7622 7623
f 7519 7623 7520
f 7520 7623 7624
f 7520 7624 7521
f 7521 7624 7625
f 7521 7625 7522
f 7522 7625 7626
f 7522 7626 7523
f 7523 7626 7627
f 7523 7627 7524
f 7524 7627 7628
f 7524 7628 7525
f 7525 7628 7629
f 7525 7629 7526
f 7526 7629 7630
f 7526 7630 7527
f 7527 7630 7631
f 7527 7631 7528
f 7528 7631 7632
f 7528 7632 7529
f 7529 7632 7633
f 7529 7633 7530
f 7530 7633 7634
f 7530 7634 7531
f 7531 7634 7635
f 7531 7635 7532
f 7532 7635 7636
f 7532 7636 7533
f 7533 7636 7637
f 7533 7637 7534
f 7534 7637 7638
f 7534 7638 7535
f 7535 7638 7639
f 7535 7639 7536
f 7536 7639 7640
f 7536 7640 7537
f 7537 7640 7641
f 7537 7641 7538
f 7538 7641 7642
f 7538 7642 7539
f 7539 7642 7643
f 7539 7643 7540
f 7540 7643 7644
f 7540 7644 7541
f 7541 7644 7645
f 7541 7645 7542
f 7542 7645 7646
f 7542 7646 7543
f 7543 7646 7647
f 7543 7647 7544
f 7544 7647 7648
f 7544 7648 7545
f 7545 7648 7649
f 7545 7649 7546
f 7546 7649 7650
f 7546 7650 7547
f 7547 7650 7651
f 7547 7651 7548
f 7548 7651 7652
f 7548 7652 7549
f 7549 7652 7653
f 7549 7653 7550
f 7550 7653 7654
f 7550 7654 7551
f 7551 7654 7655
f 7551 7655 7552
f 7552 7655 7656
f 7552 7656 7553
f 7553 7656 7657
f 7553 7657 7554
f 7554 7657 7658
f 7554 7658 7555
f 7555 7658 7659
f 7555 7659 7556
f 7556 7659 7660
f 7556 7660 7557
f 7557 7660 7661
f 7557 7661 7558
f 7558 7661 7662
f 7558 7662 7559
f 7559 7662 7663
f 7559 7663 7560
f 7560 7663 7353
f 7560 7353 7352
f 7352 7353 5262
f 7352 5262 5261
f 3674 7063 7064
f 7064 7063 7664
f 7064 7664 7561
f 7561 7664 7665
f 7561 7665 7562
f 7562 7665 7666
f 7562 7666 7563
f 7563 7666 7667
f 7563 7667 7564
f 7564 7667 7668
f 7564 7668 7565
f 7565 7668 7669
f 7565 7669 7566
f 7566 7669 7670
f 7566 7670 7567
f 7567 7670 7671
f 7567 7671 7568
f 7568 7671 7672
f 7568 7672 7569
f 7569 7672 7673
f 7569 7673 7570
f 7570 7673 7674
f 7570 7674 7571
f 7571 7674 7675
f 7571 7675 7572
f 7572 7675 7676
f 7572 7676 7573
f 7573 7676 7677
f 7573 7677 7574
f 7574 7677 7678
f 7574 7678 7575
f 7575 7678 7679
f 7575 7679 7576
f 7576 7679 7680
f 7576 7680 7577
f 7577 7680 7681
f 7577 7681 7578
f 7578 7681 7682
f 7578 7682 7579
f 7579 7682 7683
f 7579 7683 7580
f 7580 7683 7684
f 7580 7684 7581
f 7581 7684 7685
f 7581 7685 7582
f 7582 7685 7686
f 7582 7686 7583
f 7583 7686 7687
f 7583 7687 7584
f 7584 7687 7688
f 7584 7688 7585
f 7585 7688 7689
f 7585 7689 7586
f 7586 7689 7690
f 7586 7690 7587
f 7587 7690 7691
f 7587 7691 7588
f 7588 7691 7692
f 7588 7692 7589
f 7589 7692 7693
f 7589 7693 7590
f 7590 7693 7694
f 7590 7694 7591
f 7591 7694 7695
f 7591 7695 7592
f 7592 7695 7696
f 7592 7696 7593
f 7593 7696 7697
f 7593 7697 7594
f 7594 7697 7698
f 7594 7698 7595
f 7595 7698 7699
f 7595 7699 7596
f 7596 7699 7700
f 7596 7700 7597
f 7597 7700 7701
f 7597 7701 7598
f 7598 7701 7702
f 7598 7702 7599
f 7599 7702 7703
f 7599 7703 7600
f 7600 7703 7704
f 7600 7704 7601
f 7601 7704 7705
f 7601 7705 7602
f 7602 7705 7706
f 7602 7706 7603
f 7603 7706 7707
f 7603 7707 7604
f 7604 7707 7708
f 7604 7708 7605
f 7605 7708 7709
f 7605 7709 7606
f 7606 7709 7710
f 7606 7710 7607
f 7607 7710 7711
f 7607 7711 7608
f 7608 7711 7712
f 7608 7712 7609
f 7609 7712 7713
f 7609 7713 7610
f 7610 7713 7714
f 7610 7714 7611
f 7611 7714 7715
f 7611 7715 7612
f 7612 7715 7716
f 7612 7716 7613
f 7613 7716 7717
f 7613 7717 7614
f 7614 7717 7718
f 7614 7718 7615
f 7615 7718 7719
f 7615 7719 7616
f 7616 7719 7720
f 7616 7720 7617
f 7617 7720 7721
f 7617 7721 7618
f 7618 7721 7722
f 7618 7722 7619
f 7619 7722 7723
f 7619 7723 7620
f 7620 7723 7724
f 7620 7724 7621
f 7621 7724 7725
f 7621 7725 7622
f 7622 7725 7726
f 7622 7726 7623
f 7623 7726 7727
f 7623 7727 7624
f 7624 7727 7728
f 7624 7728 7625
f 7625 7728 7729
f 7625 7729 7626
f 7626 7729 7730
f 7626 7730 7627
f 7627 7730 7731
f 7627 7731 7628
f 7628 7731 7732
f 7628 7732 7629
f 7629 7732 7733
f 7629 7733 7630
f 7630 7733 7734
f 7630 7734 7631
f 7631 7734 7735
f 7631 7735 7632
f 7632 7735 7736
f 7632 7736 7633
f 7633 7736 7737
f 7633 7737 7634
f 7634 7737 7738
f 7634 7738 7635
f 7635 7738 7739
f 7635 7739 7636
f 7636 7739 7740
f 7636 7740 7637
f 7637 7740 7741
f 7637 7741 7638
f 7638 7741 7742
f 7638 7742 7639
f 7639 7742 7743
f 7639 7743 7640
f 7640 7743 7744
f 7640 7744 7641
f 7641 7744 7745
f 7641 7745 7642
f 7642 7745 7746
f 7642 7746 7643
f 7643 7746 7747
f 7643 7747 7644
f 7644 7747 7748
f 7644 7748 7645
f 7645 7748 7749
f 7645 7749 7646
f 7646 7749 7750
f 7646 7750 7647
f 7647 7750 7751
f 7647 7751 7648
f 7648 7751 7752
f 7648 7752 7649
f 7649 7752 7753
f 7649 7753 7650
f 7650 7753 7754
f 7650 7754 7651
f 7651 7754 7755
f 7651 7755 7652
f 7652 7755 7756
f 7652 7756 7653
f 7653 7756 7757
f 7653 7757 7654
f 7654 7757 7758
f 7654 7758 7655
f 7655 7758 7759
f 7655 7759 7656
f 7656 7759 7760
f 7656 7760 7657
f 7657 7760 7761
f 7657 7761 7658
f 7658 7761 7762
f 7658 7762 7659
f 7659 7762 7763
f 7659 7763 7660
f 7660 7763 7764
f 7660 7764 7661
f 7661 7764 7765
f 7661 7765 7662
f 7662 7765 7766
f 7662 7766 7663
f 7663 7766 6956
f 7663 6956 7353
f 7353 6956 5265
f 7353 5265 5263
f 3686 7062 7063
f 7063 7062 7767
f 7063 7767 7664
f 7664 7767 7768
f 7664 7768 7665
f 7665 7768 7769
f 7665 7769 7666
f 7666 7769 7770
f 7666 7770 7667
f 7667 7770 7771
f 7667 7771 7668
f 7668 7771 7772
f 7668 7772 7669
f 7669 7772 7773
f 7669 7773 7670
f 7670 7773 7774
f 7670 7774 7671
f 7671 7774 7775
f 7671 7775 7672
f 7672 7775 7776
f 7672 7776 7673
f 7673 7776 7777
f 7673 7777 7674
f 7674 7777 7778
f 7674 7778 7675
f 7675 7778 7779
f 7675 7779 7676
f 7676 7779 7780
f 7676 7780 7677
f 7677 7780 7781
f 7677 7781 7678
f 7678 7781 7782
f 7678 7782 7679
f 7679 7782 7783
f 7679 7783 7680
f 7680 7783 7784
f 7680 7784 7681
f 7681 7784 7785
f 7681 7785 7682
f 7682 7785 7786
f 7682 7786 7683
f 7683 7786 7787
f 7683 7787 7684
f 7684 7787 7788
f 7684 7788 7685
f 7685 7788 7789
f 7685 7789 7686
f 7686 7789 7790
f 7686 7790 7687
f 7687 7790 7791
f 7687 7791 7688
f 7688 7791 7792
f 7688 7792 7689
f 7689 7792 7793
f 7689 7793 7690
f 7690 7793 7794
f 7690 7794 7691
f 7691 7794 7795
f 7691 7795 7692
f 7692 7795 7796
f 7692 7796 7693
f 7693 7796 7797
f 7693 7797 7694
f 7694 7797 7798
f 7694 7798 7695
f 7695 7798 7799
f 7695 7799 7696
f 7696 7799 7800
f 7696 7800 7697
f 7697 7800 7801
f 7697 7801 7698
f 7698 7801 7802
f 7698 7802 7699
f 7699 7802 7803
f 7699 7803 7700
f 7700 7803 7804
f 7700 7804 7701
f 7701 7804 7805
f 7701 7805 7702
f 7702 7805 7806
f 7702 7806 7703
f 7703 7806 7807
f 7703 7807 7704
f 7704 7807 7808
f 7704 7808 7705
f 7705 7808 7809
f 7705 7809 7706
f 7706 7809 7810
f 7706 7810 7707
f 7707 7810 7811
f 7707 7811 7708
f 7708 7811 7812
f 7708 7812 7709
f 7709 7812 7813
f 7709 7813 7710
f 7710 7813 7814
f 7710 7814 7711
f 7711 7814 7815
f 7711 7815 7712
f 7712 7815 7816
f 7712 7816 7713
f 7713 7816 7817
f 7713 7817 7714
f 7714 7817 7818
f 7714 7818 7715
f 7715 7818 7819
f 7715 7819 7716
f 7716 7819 7820
f 7716 7820 7717
f 7717 7820 7821
f 7717 7821 7718
f 7718 7821 7822
f 7718 7822 7719
f 7719 7822 7823
f 7719 7823 7720
f 7720 7823 7824
f 7720 7824 7721
f 7721 7824 7825
f 7721 7825 7722
f 7722 7825 7826
f 7722 7826 7723
f 7723 7826 7827
f 7723 7827 7724
f 7724 7827 7828
f 7724 7828 7725
f 7725 7828 7829
f 7725 7829 7726
f 7726 7829 7830
f 7726 7830 7727
f 7727 7830 7831
f 7727 7831 7728
f 7728 7831 7832
f 7728 7832 7729
f 7729 7832 7833
f 7729 7833 7730
f 7730 7833 7834
f 7730 7834 7731
f 7731 7834 7835
f 7731 7835 7732
f 7732 7835 7836
f 7732 7836 7733
f 7733 7836 7837
f 7733 7837 7734
f 7734 7837 7838
f 7734 7838 7735
f 7735 7838 7839
f 7735 7839 7736
f 7736 7839 7840
f 7736 7840 7737
f 7737 7840 7841
f 7737 7841 7738
f 7738 7841 7842
f 7738 7842 7739
f 7739 7842 7843
f 7739 7843 7740
f 7740 7843 7844
f 7740 7844 7741
f 7741 7844 7845
f 7741 7845 7742
f 7742 7845 7846
f 7742 7846 7743
f 7743 7846 7847
f 7743 7847 7744
f 7744 7847 7848
f 7744 7848 7745
f 7745 7848 7849
f 7745 7849 7746
f 7746 7849 7850
f 7746 7850 7747
f 7747 7850 7851
f 7747 7851 7748
f 7748 7851 7852
f 7748 7852 7749
f 7749 7852 7853
f 7749 7853 7750
f 7750 7853 7854
f 7750 7854 7751
f 7751 7854 7855
f 7751 7855 7752
f 7752 7855 7856
f 7752 7856 7753
f 7753 7856 7857
f 7753 7857 7754
f 7754 7857 7858
f 7754 7858 7755
f 7755 7858 7859
f 7755 7859 7756
f 7756 7859 7860
f 7756 7860 7757
f 7757 7860 7861
f 7757 7861 7758
f 7758 7861 7862
f 7758 7862 7759
f 7759 7862 7863
f 7759 7863 7760
f 7760 7863 7864
f 7760 7864 7761
f 7761 7864 7865
f 7761 7865 7762
f 7762 7865 7866
f 7762 7866 7763
f 7763 7866 7867
f 7763 7867 7764
f 7764 7867 7868
f 7764 7868 7765
f 7765 7868 7869
f 7765 7869 7766
f 7766 7869 7354
f 7766 7354 6956
f 6956 7354 5274
f 6956 5274 4204
f 3683 7059 7062
f 7062 7059 7060
f 7062 7060 7767
f 7767 7060 7061
f 7767 7061 7768
f 7768 7061 7058
f 7768 7058 7769
f 7769 7058 7057
f 7769 7057 7770
f 7770 7057 7056
f 7770 7056 7771
f 7771 7056 7055
f 7771 7055 7772
f 7772 7055 7052
f 7772 7052 7773
f 7773 7052 7053
f 7773 7053 7774
f 7774 7053 7054
f 7774 7054 7775
f 7775 7054 7051
f 7775 7051 7776
f 7776 7051 7050
f 7776 7050 7777
f 7777 7050 7049
f 7777 7049 7778
f 7778 7049 7047
f 7778 7047 7779
f 7779 7047 7048
f 7779 7048 7780
f 7780 7048 7045
f 7780 7045 7781
f 7781 7045 7046
f 7781 7046 7782
f 7782 7046 7044
f 7782 7044 7783
f 7783 7044 7043
f 7783 7043 7784
f 7784 7043 7042
f 7784 7042 7785
f 7785 7042 7039
f 7785 7039 7786
f 7786 7039 7040
f 7786 7040 7787
f 7787 7040 7041
f 7787 7041 7788
f 7788 7041 7038
f 7788 7038 7789
f 7789 7038 7037
f 7789 7037 7790
f 7790 7037 7036
f 7790 7036 7791
f 7791 7036 7035
f 7791 7035 7792
f 7792 7035 7034
f 7792 7034 7793
f 7793 7034 7033
f 7793 7033 7794
f 7794 7033 7032
f 7794 7032 7795
f 7795 7032 7029
f 7795 7029 7796
f 7796 7029 7030
f 7796 7030 7797
f 7797 7030 7031
f 7797 7031 7798
f 7798 7031 7028
f 7798 7028 7799
f 7799 7028 7027
f 7799 7027 7800
f 7800 7027 7026
f 7800 7026 7801
f 7801 7026 7025
f 7801 7025 7802
f 7802 7025 7024
f 7802 7024 7803
f 7803 7024 7023
f 7803 7023 7804
f 7804 7023 7022
f 7804 7022 7805
f 7805 7022 7019
f 7805 7019 7806
f 7806 7019 7020
f 7806 7020 7807
f 7807 7020 7021
f 7807 7021 7808
f 7808 7021 7018
f 7808 7018 7809
f 7809 7018 7017
f 7809 7017 7810
f 7810 7017 7016
f 7810 7016 7811
f 7811 7016 7015
f 7811 7015 7812
f 7812 7015 7014
f 7812 7014 7813
f 7813 7014 7013
f 7813 7013 7814
f 7814 7013 7012
f 7814 7012 7815
f 7815 7012 7009
f 7815 7009 7816
f 7816 7009 7010
f 7816 7010 7817
f 7817 7010 7011
f 7817 7011 7818
f 7818 7011 7008
f 7818 7008 7819
f 7819 7008 7007
f 7819 7007 7820
f 7820 7007 7006
f 7820 7006 7821
f 7821 7006 7005
f 7821 7005 7822
f 7822 7005 7004
f 7822 7004 7823
f 7823 7004 7003
f 7823 7003 7824
f 7824 7003 7002
f 7824 7002 7825
f 7825 7002 6999
f 7825 6999 7826
f 7826 6999 7000
f 7826 7000 7827
f 7827 7000 7001
f 7827 7001 7828
f 7828 7001 6998
f 7828 6998 7829
f 7829 6998 6997
f 7829 6997 7830
f 7830 6997 6996
f 7830 6996 7831
f 7831 6996 6994
f 7831 6994 7832
f 7832 6994 6995
f 7832 6995 7833
f 7833 6995 6992
f 7833 6992 7834
f 7834 6992 6993
f 7834 6993 7835
f 7835 6993 6991
f 7835 6991 7836
f 7836 6991 6990
f 7836 6990 7837
f 7837 6990 6989
f 7837 6989 7838
f 7838 6989 6986
f 7838 6986 7839
f 7839 6986 6987
f 7839 6987 7840
f 7840 6987 6988
f 7840 6988 7841
f 7841 6988 6985
f 7841 6985 7842
f 7842 6985 6984
f 7842 6984 7843
f 7843 6984 6983
f 7843 6983 7844
f 7844 6983 6982
f 7844 6982 7845
f 7845 6982 6981
f 7845 6981 7846
f 7846 6981 6980
f 7846 6980 7847
f 7847 6980 6979
f 7847 6979 7848
f 7848 6979 6976
f 7848 6976 7849
f 7849 6976 6977
f 7849 6977 7850
f 7850 6977 6978
f 7850 6978 7851
f 7851 6978 6975
f 7851 6975 7852
f 7852 6975 6974
f 7852 6974 7853
f 7853 6974 6973
f 7853 6973 7854
f 7854 6973 6972
f 7854 6972 7855
f 7855 6972 6971
f 7855 6971 7856
f 7856 6971 6970
f 7856 6970 7857
f 7857 6970 6969
f 7857 6969 7858
f 7858 6969 6966
f 7858 6966 7859
f 7859 6966 6967
f 7859 6967 7860
f 7860 6967 6968
f 7860 6968 7861
f 7861 6968 6965
f 7861 6965 7862
f 7862 6965 6964
f 7862 6964 7863
f 7863 6964 6963
f 7863 6963 7864
f 7864 6963 6962
f 7864 6962 7865
f 7865 6962 6961
f 7865 6961 7866
f 7866 6961 6960
f 7866 6960 7867
f 7867 6960 6959
f 7867 6959 7868
f 7868 6959 6957
f 7868 6957 7869
f 7869 6957 6958
f 7869 6958 7354
f 7354 6958 5271
f 7354 5271 5272
f 7870 6054 6053
f 6283 6282 7070
f 7070 6282 3664
f 7350 4219 7871
f 7871 7870 7350
f 7350 7870 6053
f 7350 6053 7349
f 7349 6053 6106
f 7349 6106 7347
f 6033 7344 6106
f 6106 7344 7345
f 6106 7345 7347
f 6032 7340 6033
f 6033 7340 7342
f 6033 7342 7344
f 7336 7334 6145
f 6145 7334 7332
f 6145 7332 6032
f 6032 7332 7331
f 6032 7331 7340
f 7336 6145 7338
f 7338 6145 6144
f 7338 6144 7339
f 7339 6144 7330
f 7330 6144 6143
f 7330 6143 7328
f 6142 7325 6143
f 6143 7325 7326
f 6143 7326 7328
f 6141 7322 6142
f 6142 7322 7323
f 6142 7323 7325
f 7315 7317 6148
f 6148 7317 7319
f 6148 7319 6141
f 6141 7319 7320
f 6141 7320 7322
f 7315 6148 7313
f 7313 6148 6147
f 7313 6147 7304
f 7304 6147 7305
f 7305 6147 6146
f 7305 6146 7307
f 6112 7311 6146
f 6146 7311 7309
f 6146 7309 7307
f 7299 7301 6111
f 6111 7301 7303
f 6111 7303 6112
f 6112 7303 7312
f 6112 7312 7311
f 7299 6111 7298
f 7298 6111 6110
f 7298 6110 7296
f 7296 6110 7294
f 7294 6110 6109
f 7294 6109 7285
f 7285 6109 7286
f 7286 6109 6108
f 7286 6108 7288
f 6107 7292 6108
f 6108 7292 7290
f 6108 7290 7288
f 7280 7282 6042
f 6042 7282 7284
f 6042 7284 6107
f 6107 7284 7293
f 6107 7293 7292
f 7280 6042 7279
f 7279 6042 6041
f 7279 6041 7277
f 7277 6041 7276
f 7276 6041 6255
f 7276 6255 7274
f 7274 6255 7273
f 7273 6255 6256
f 7273 6256 7271
f 6257 7267 6256
f 6256 7267 7269
f 6256 7269 7271
f 7263 7261 6258
f 6258 7261 7259
f 6258 7259 6257
f 6257 7259 7258
f 6257 7258 7267
f 7263 6258 7265
f 7265 6258 6259
f 7265 6259 7266
f 7266 6259 7257
f 7257 6259 6260
f 7257 6260 7255
f 6261 7252 6260
f 6260 7252 7253
f 6260 7253 7255
f 6254 7248 6261
f 6261 7248 7250
f 6261 7250 7252
f 7244 7242 6253
f 6253 7242 7240
f 6253 7240 6254
f 6254 7240 7239
f 6254 7239 7248
f 7244 6253 7246
f 7246 6253 6252
f 7246 6252 7247
f 7247 6252 7238
f 7238 6252 6290
f 7238 6290 7236
f 6289 7233 6290
f 6290 7233 7234
f 6290 7234 7236
f 6251 7230 6289
f 6289 7230 7231
f 6289 7231 7233
f 7223 7225 6250
f 6250 7225 7227
f 6250 7227 6251
f 6251 7227 7228
f 6251 7228 7230
f 7223 6250 7221
f 7221 6250 6249
f 7221 6249 7214
f 7214 6249 7215
f 7215 6249 6097
f 7215 6097 7217
f 6096 7220 6097
f 6097 7220 7219
f 6097 7219 7217
f 6100 7213 6096
f 6096 7213 7212
f 6096 7212 7220
f 6099 7205 6100
f 6100 7205 7203
f 6100 7203 7213
f 6098 7209 6099
f 6099 7209 7207
f 6099 7207 7205
f 7197 7199 6055
f 6055 7199 7201
f 6055 7201 6098
f 6098 7201 7210
f 6098 7210 7209
f 7197 6055 7195
f 7195 6055 6038
f 7195 6038 7188
f 7188 6038 7189
f 7189 6038 6043
f 7189 6043 7191
f 6044 7194 6043
f 6043 7194 7193
f 6043 7193 7191
f 6045 7186 6044
f 6044 7186 7184
f 6044 7184 7194
f 7178 7180 6046
f 6046 7180 7182
f 6046 7182 6045
f 6045 7182 7187
f 6045 7187 7186
f 7178 6046 7176
f 7176 6046 6067
f 7176 6067 7169
f 7169 6067 7170
f 7170 6067 6066
f 7170 6066 7172
f 6035 7175 6066
f 6066 7175 7174
f 6066 7174 7172
f 6034 7168 6035
f 6035 7168 7167
f 6035 7167 7175
f 7159 7157 6068
f 6068 7157 7165
f 6068 7165 6034
f 6034 7165 7164
f 6034 7164 7168
f 7159 6068 7161
f 7161 6068 6069
f 7161 6069 7162
f 7162 6069 7155
f 7155 6069 6070
f 7155 6070 7153
f 6071 7149 6070
f 6070 7149 7151
f 6070 7151 7153
f 7147 7145 6072
f 6072 7145 7143
f 6072 7143 6071
f 6071 7143 7142
f 6071 7142 7149
f 7147 6072 7148
f 7148 6072 6073
f 7148 6073 7138
f 7138 6073 7140
f 7140 6073 6149
f 7140 6149 7141
f 7141 6149 7136
f 7136 6149 6150
f 7136 6150 7134
f 6151 7130 6150
f 6150 7130 7132
f 6150 7132 7134
f 7128 7126 6152
f 6152 7126 7124
f 6152 7124 6151
f 6151 7124 7123
f 6151 7123 7130
f 7128 6152 7129
f 7129 6152 6153
f 7129 6153 7121
f 7121 6153 7122
f 7122 6153 6203
f 7122 6203 7118
f 7118 6203 7119
f 7119 6203 6155
f 7119 6155 7111
f 6154 7115 6155
f 6155 7115 7113
f 6155 7113 7111
f 7105 7107 6206
f 6206 7107 7109
f 6206 7109 6154
f 6154 7109 7116
f 6154 7116 7115
f 7105 6206 7103
f 7103 6206 6205
f 7103 6205 7096
f 7096 6205 7097
f 7097 6205 6204
f 7097 6204 7099
f 6158 7102 6204
f 6204 7102 7101
f 6204 7101 7099
f 6157 7094 6158
f 6158 7094 7092
f 6158 7092 7102
f 7086 7088 6156
f 6156 7088 7090
f 6156 7090 6157
f 6157 7090 7095
f 6157 7095 7094
f 7086 6156 7084
f 7084 6156 6159
f 7084 6159 7077
f 7077 6159 7078
f 7078 6159 6207
f 7078 6207 7080
f 6285 7083 6207
f 6207 7083 7082
f 6207 7082 7080
f 6284 7076 6285
f 6285 7076 7075
f 6285 7075 7083
f 7070 7069 6283
f 6283 7069 7073
f 6283 7073 6284
f 6284 7073 7072
f 6284 7072 7076
f 1514 6037 6060
f 6059 1845 6060
f 6060 1845 1515
f 6060 1515 1514
f 6237 6129 1508
f 6239 1510 6272
f 6272 1510 1509
f 6272 1509 6059
f 6059 1509 1512
f 6059 1512 1845
f 1508 1507 6237
f 6237 1507 1806
f 6237 1806 6238
f 6238 1806 1805
f 6238 1805 6239
f 6239 1805 1804
f 6239 1804 1510
f 6080 6079 5415
f 7871 4219 4218
f 6085 6086 4325
f 6130 4329 6133
f 6133 4329 4328
f 6133 4328 6086
f 6086 4328 4326
f 6086 4326 4325
f 6271 5362 6128
f 6128 5362 4321
f 6128 4321 6130
f 6130 4321 4323
f 6130 4323 4329
f 6120 6119 5437
f 6247 4317 6248
f 6248 4317 4318
f 6248 4318 6118
f 6118 4318 4320
f 6118 4320 6119
f 6119 4320 5438
f 6119 5438 5437
f 1508 6129 5332
f 5332 6129 6127
f 6126 5336 6127
f 6127 5336 5335
f 6127 5335 5332
f 4325 4330 6085
f 6085 4330 4332
f 6085 4332 6083
f 7871 4218 7870
f 7870 4218 6063
f 7870 6063 6054
f 4218 5195 6063
f 6063 5195 5194
f 6063 5194 6064
f 6064 5194 5193
f 6064 5193 6065
f 5193 5189 6065
f 6065 5189 5187
f 6065 5187 6090
f 6090 5187 5186
f 6090 5186 6091
f 5186 5157 6091
f 6091 5157 5155
f 6091 5155 6092
f 6092 5155 5154
f 6092 5154 6093
f 5154 5153 6093
f 6093 5153 5151
f 6093 5151 6136
f 6136 5151 5150
f 6136 5150 6137
f 5150 5138 6137
f 6137 5138 5137
f 6137 5137 6138
f 6138 5137 5133
f 6138 5133 6139
f 5133 5135 6139
f 6139 5135 5136
f 6139 5136 6140
f 6140 5136 5119
f 6140 5119 6051
f 6051 5119 5118
f 6051 5118 6052
f 6052 5118 5114
f 5114 5116 6052
f 6052 5116 5117
f 6052 5117 6094
f 6094 5117 4983
f 6094 4983 6095
f 4983 4981 6095
f 6095 4981 4980
f 6095 4980 6061
f 6061 4980 4979
f 6061 4979 6062
f 4979 4977 6062
f 6062 4977 4976
f 6062 4976 6087
f 6087 4976 4975
f 6087 4975 6088
f 6101 4953 6102
f 6102 4953 4955
f 6102 4955 6049
f 4975 4973 6088
f 6088 4973 4972
f 6088 4972 6089
f 6089 4972 4970
f 6089 4970 6101
f 6101 4970 4969
f 6101 4969 4953
f 4955 4956 6049
f 6049 4956 4233
f 6049 4233 6050
f 6050 4233 4232
f 6050 4232 6103
f 6103 4232 4948
f 6103 4948 6104
f 6104 4948 4952
f 4952 4951 6104
f 6104 4951 4236
f 6104 4236 6105
f 6105 4236 4235
f 6105 4235 6175
f 4235 5480 6175
f 6175 5480 5479
f 6175 5479 6176
f 6176 5479 5478
f 6176 5478 6177
f 5478 5476 6177
f 6177 5476 5475
f 6177 5475 6234
f 6234 5475 5471
f 6234 5471 6235
f 5471 5470 6235
f 6235 5470 4312
f 6235 4312 6236
f 6236 4312 4314
f 6236 4314 6247
f 6247 4314 4316
f 6247 4316 4317
f 5437 5436 6120
f 6120 5436 5435
f 6120 5435 6121
f 6121 5435 5473
f 6121 5473 6122
f 5473 5434 6122
f 6122 5434 5433
f 6122 5433 6123
f 6123 5433 5432
f 6123 5432 6074
f 6074 5432 5431
f 5431 5430 6074
f 6074 5430 4182
f 6074 4182 6075
f 6075 4182 4181
f 6075 4181 6076
f 4181 5428 6076
f 6076 5428 5427
f 6076 5427 6077
f 6077 5427 5425
f 6077 5425 6078
f 6078 5425 5423
f 6078 5423 6079
f 6079 5423 5422
f 6079 5422 5415
f 5415 5414 6080
f 6080 5414 5412
f 6080 5412 6047
f 6047 5412 5411
f 6047 5411 6048
f 5411 5417 6048
f 6048 5417 5416
f 6048 5416 6124
f 5416 5410 6124
f 6124 5410 5409
f 6124 5409 6125
f 6125 5409 6081
f 5409 5408 6081
f 6081 5408 5366
f 6081 5366 6056
f 6056 5366 5367
f 6056 5367 6057
f 5367 5368 6057
f 6057 5368 5361
f 6057 5361 6082
f 6082 5361 5360
f 6082 5360 6058
f 5360 5365 6058
f 6058 5365 5364
f 6058 5364 6271
f 6271 5364 5363
f 6271 5363 5362
f 4332 4335 6083
f 6083 4335 4334
f 6083 4334 6084
f 6084 4334 4333
f 6084 4333 6135
f 4333 5350 6135
f 6135 5350 5349
f 6135 5349 6134
f 5349 5345 6134
f 6134 5345 5343
f 6134 5343 6131
f 5343 5342 6131
f 6131 5342 4197
f 6131 4197 6132
f 6132 4197 4196
f 6132 4196 6126
f 6126 4196 5334
f 6126 5334 5336
f 2799 2798 7872
f 2791 2790 7873
f 260 263 7874
f 276 274 7875
f 392 391 7876
f 384 386 7877
f 401 400 7878
f 7878 400 7879
f 400 396 7879
f 7879 396 398
f 7879 398 399
f 7877 386 7880
f 7880 386 407
f 7880 407 406
f 406 404 7880
f 7880 404 403
f 7880 403 7878
f 7878 403 402
f 7878 402 401
f 389 388 7881
f 7881 388 387
f 7881 387 7877
f 7877 387 385
f 7877 385 384
f 7876 391 7881
f 7881 391 390
f 7881 390 389
f 355 7882 356
f 356 7882 7883
f 355 395 7882
f 7882 395 394
f 7882 394 7876
f 7876 394 393
f 7876 393 392
f 359 358 7883
f 7883 358 357
f 7883 357 356
f 7884 365 364
f 7884 364 7885
f 364 362 7885
f 7885 362 361
f 7885 361 7883
f 7883 361 360
f 7883 360 359
f 7886 367 7884
f 7884 367 366
f 7884 366 365
f 371 370 7887
f 7887 370 369
f 7887 369 7886
f 7886 369 368
f 7886 368 367
f 375 374 7888
f 7888 374 373
f 7888 373 7887
f 7887 373 372
f 7887 372 371
f 375 7888 376
f 376 7888 7889
f 376 7889 377
f 7890 382 381
f 381 380 7890
f 7890 380 379
f 7890 379 7889
f 7889 379 378
f 7889 378 377
f 350 349 7891
f 7891 349 348
f 7891 348 7890
f 7890 348 383
f 7890 383 382
f 350 7891 351
f 351 7891 7892
f 351 7892 352
f 346 345 7893
f 7893 345 354
f 7893 354 7892
f 7892 354 353
f 7892 353 352
f 338 337 7894
f 7894 337 335
f 7894 335 7893
f 7893 335 334
f 7893 334 346
f 342 341 7895
f 7895 341 340
f 7895 340 7894
f 7894 340 339
f 7894 339 338
f 327 326 7896
f 7896 326 344
f 7896 344 7895
f 7895 344 343
f 7895 343 342
f 332 331 7897
f 7897 331 330
f 7897 330 7896
f 7896 330 329
f 7896 329 327
f 315 7897 317
f 317 7897 7898
f 315 314 7897
f 7897 314 333
f 7897 333 332
f 321 320 7899
f 7899 320 319
f 7899 319 7898
f 7898 319 318
f 7898 318 317
f 321 7899 322
f 322 7899 7900
f 322 7900 323
f 304 302 7901
f 7901 302 325
f 7901 325 7900
f 7900 325 324
f 7900 324 323
f 7902 309 308
f 308 307 7902
f 7902 307 306
f 7902 306 7901
f 7901 306 305
f 7901 305 304
f 309 7902 310
f 310 7902 7903
f 310 7903 311
f 7904 290 288
f 288 287 7904
f 7904 287 313
f 7904 313 7903
f 7903 313 312
f 7903 312 311
f 290 7904 291
f 291 7904 7905
f 291 7905 292
f 296 295 7906
f 7906 295 294
f 7906 294 7905
f 7905 294 293
f 7905 293 292
f 299 298 7906
f 7906 298 297
f 7906 297 296
f 274 273 7875
f 7875 273 271
f 7875 271 7907
f 7907 271 270
f 7907 270 7906
f 7906 270 300
f 7906 300 299
f 268 7908 269
f 269 7908 7909
f 269 7909 279
f 279 7909 280
f 268 275 7908
f 7908 275 278
f 7908 278 7875
f 7875 278 277
f 7875 277 276
f 7910 285 7911
f 7911 285 284
f 284 283 7911
f 7911 283 282
f 7911 282 7909
f 7909 282 281
f 7909 281 280
f 71 7910 255
f 255 7910 7912
f 71 70 7910
f 7910 70 286
f 7910 286 285
f 7874 263 7912
f 7912 263 264
f 7912 264 258
f 258 257 7912
f 7912 257 256
f 7912 256 255
f 267 266 7913
f 7913 266 265
f 7913 265 7874
f 7874 265 261
f 7874 261 260
f 267 7913 2815
f 2815 7913 7914
f 2815 7914 2749
f 2813 7914 2814
f 2814 7914 7915
f 2813 2812 7914
f 7914 2812 2750
f 7914 2750 2749
f 2803 2810 7915
f 2810 2808 7915
f 7915 2808 2807
f 7915 2807 2814
f 7873 2790 7916
f 7916 2790 2788
f 7916 2788 2787
f 2787 2806 7916
f 7916 2806 2805
f 7916 2805 7915
f 7915 2805 2804
f 7915 2804 2803
f 2794 2793 7917
f 7917 2793 2796
f 7917 2796 7873
f 7873 2796 2792
f 7873 2792 2791
f 7872 2798 7917
f 7917 2798 2797
f 7917 2797 2794
f 7918 2801 7872
f 7872 2801 2800
f 7872 2800 2799
f 2753 7918 2782
f 2782 7918 7919
f 2753 2752 7918
f 7918 2752 2802
f 7918 2802 2801
f 399 408 7879
f 7879 408 2781
f 7879 2781 7919
f 2781 2780 7919
f 7919 2780 2779
f 7919 2779 2786
f 2786 2785 7919
f 7919 2785 2783
f 7919 2783 2782
f 5970 7873 5968
f 5968 7873 7916
f 5968 7916 5966
f 5966 7916 7915
f 5966 7915 5964
f 5964 7915 7914
f 5964 7914 5962
f 5962 7914 7913
f 5962 7913 5960
f 5960 7913 7874
f 5960 7874 5958
f 5958 7874 7912
f 5958 7912 5956
f 6026 7903 6024
f 6024 7903 7902
f 6024 7902 6022
f 6022 7902 7901
f 6022 7901 6020
f 6020 7901 7900
f 6020 7900 6018
f 6018 7900 7899
f 6018 7899 6016
f 6016 7899 7898
f 6016 7898 6014
f 6014 7898 7897
f 6014 7897 6012
f 7912 7910 5956
f 5956 7910 7911
f 5956 7911 5954
f 5954 7911 7909
f 5954 7909 5952
f 5952 7909 7908
f 5952 7908 5950
f 5950 7908 7875
f 5950 7875 5948
f 5948 7875 7907
f 5948 7907 6030
f 6030 7907 7906
f 6030 7906 6028
f 6028 7906 7905
f 6028 7905 6026
f 6026 7905 7904
f 6026 7904 7903
f 5984 7877 5982
f 5982 7877 7880
f 5982 7880 5980
f 5980 7880 7878
f 5980 7878 5978
f 5978 7878 7879
f 5978 7879 5976
f 5976 7879 7919
f 5976 7919 5974
f 5974 7919 7918
f 5974 7918 5972
f 5972 7918 7872
f 5972 7872 5970
f 5970 7872 7917
f 5970 7917 7873
f 5998 7887 5996
f 5996 7887 7886
f 5996 7886 5994
f 5994 7886 7884
f 5994 7884 5992
f 5992 7884 7885
f 5992 7885 5990
f 5990 7885 7883
f 5990 7883 5988
f 5988 7883 7882
f 5988 7882 5986
f 5986 7882 7876
f 5986 7876 5984
f 5984 7876 7881
f 5984 7881 7877
f 7897 7896 6012
f 6012 7896 7895
f 6012 7895 6010
f 6010 7895 7894
f 6010 7894 6008
f 6008 7894 7893
f 6008 7893 6006
f 6006 7893 7892
f 6006 7892 6004
f 6004 7892 7891
f 6004 7891 6002
f 6002 7891 7890
f 6002 7890 6000
f 6000 7890 7889
f 6000 7889 5998
f 5998 7889 7888
f 5998 7888 7887
f 7920 7921 2246
f 7922 2251 7921
f 7921 2251 2247
f 7921 2247 2246
f 7923 2253 7922
f 7922 2253 2252
f 7922 2252 2251
f 7924 2249 7923
f 7923 2249 2248
f 7923 2248 2253
f 7925 2242 7924
f 7924 2242 2250
f 7924 2250 2249
f 7926 2244 7925
f 7925 2244 2243
f 7925 2243 2242
f 7927 2233 7926
f 7926 2233 2232
f 7926 2232 2244
f 7928 2236 7927
f 7927 2236 2235
f 7927 2235 2233
f 2365 2364 7929
f 7929 2364 2255
f 7929 2255 7928
f 7928 2255 2254
f 7928 2254 2236
f 2365 7929 2366
f 2366 7929 7930
f 2366 7930 2367
f 2367 7930 2361
f 2361 7930 7931
f 2361 7931 2362
f 2362 7931 2354
f 2354 7931 7932
f 2354 7932 2355
f 2355 7932 2357
f 2357 7932 7933
f 2357 7933 2359
f 2359 7933 2360
f 2360 7933 7934
f 2360 7934 2346
f 7935 2348 7934
f 7934 2348 2347
f 7934 2347 2346
f 7936 2351 7935
f 7935 2351 2350
f 7935 2350 2348
f 2334 2333 7936
f 7936 2333 2353
f 7936 2353 2351
f 2334 7936 2343
f 2343 7936 7937
f 2343 7937 2336
f 2336 7937 7938
f 2336 7938 2337
f 2337 7938 2339
f 2339 7938 7939
f 2339 7939 2341
f 2341 7939 2342
f 2342 7939 7940
f 2342 7940 2327
f 7941 2329 7940
f 7940 2329 2328
f 7940 2328 2327
f 7942 2313 7943
f 7943 2313 2311
f 2311 2332 7943
f 7943 2332 2331
f 7943 2331 7941
f 7941 2331 2330
f 7941 2330 2329
f 7944 7945 2318
f 2318 2317 7944
f 7944 2317 2316
f 7944 2316 7942
f 7942 2316 2315
f 7942 2315 2313
f 7946 7947 2323
f 2323 2322 7946
f 7946 2322 2321
f 7946 2321 7945
f 7945 2321 2319
f 7945 2319 2318
f 7948 7949 2305
f 2305 2304 7948
f 7948 2304 2303
f 7948 2303 7947
f 7947 2303 2324
f 7947 2324 2323
f 7950 7951 2306
f 2306 2300 7950
f 7950 2300 2299
f 7950 2299 7949
f 7949 2299 2302
f 7949 2302 2305
f 7952 2294 7953
f 7953 2294 2293
f 2293 2292 7953
f 7953 2292 2308
f 7953 2308 7951
f 7951 2308 2307
f 7951 2307 2306
f 7954 7955 2296
f 2296 2295 7954
f 7954 2295 2290
f 7954 2290 7952
f 7952 2290 2289
f 7952 2289 2294
f 7956 7957 2285
f 2285 2284 7956
f 7956 2284 2283
f 7956 2283 7955
f 7955 2283 2282
f 7955 2282 2296
f 7958 2277 2276
f 7958 2276 7959
f 2276 2275 7959
f 7959 2275 2288
f 7959 2288 7957
f 7957 2288 2287
f 7957 2287 2285
f 2277 7958 2278
f 2278 7958 7960
f 2278 7960 2270
f 2270 7960 2271
f 2271 7960 7961
f 2271 7961 2280
f 2280 7961 2261
f 2261 7961 7962
f 2261 7962 2259
f 7963 2262 7962
f 7962 2262 2257
f 7962 2257 2259
f 7964 2264 7963
f 7963 2264 2263
f 7963 2263 2262
f 7965 2266 7964
f 7964 2266 2265
f 7964 2265 2264
f 7966 2269 7965
f 7965 2269 2268
f 7965 2268 2266
f 7967 2238 7966
f 7966 2238 2237
f 7966 2237 2269
f 2246 2245 7920
f 7920 2245 2241
f 7920 2241 7967
f 7967 2241 2240
f 7967 2240 2238
f 5928 7964 5926
f 5926 7964 7963
f 5926 7963 5924
f 5924 7963 7962
f 5924 7962 5922
f 5922 7962 7961
f 5922 7961 5920
f 5920 7961 7960
f 5920 7960 5918
f 5918 7960 7958
f 5918 7958 5916
f 5916 7958 7959
f 5916 7959 5914
f 7959 7957 5914
f 5914 7957 7956
f 5914 7956 5912
f 5912 7956 7955
f 5912 7955 5910
f 5910 7955 7954
f 5910 7954 5908
f 5908 7954 7952
f 5908 7952 5906
f 5906 7952 7953
f 5906 7953 5904
f 5904 7953 7951
f 5904 7951 5902
f 5902 7951 7950
f 5902 7950 5900
f 5886 7940 5884
f 5884 7940 7939
f 5884 7939 5882
f 5882 7939 7938
f 5882 7938 5880
f 5880 7938 7937
f 5880 7937 5878
f 5878 7937 7936
f 5878 7936 5876
f 5876 7936 7935
f 5876 7935 5874
f 5874 7935 7934
f 5874 7934 5872
f 7950 7949 5900
f 5900 7949 7948
f 5900 7948 5898
f 5898 7948 7947
f 5898 7947 5896
f 5896 7947 7946
f 5896 7946 5894
f 5894 7946 7945
f 5894 7945 5892
f 5892 7945 7944
f 5892 7944 5890
f 5890 7944 7942
f 5890 7942 5888
f 5888 7942 7943
f 5888 7943 5886
f 5886 7943 7941
f 5886 7941 7940
f 5942 7924 5940
f 5940 7924 7923
f 5940 7923 5938
f 5938 7923 7922
f 5938 7922 5936
f 5936 7922 7921
f 5936 7921 5934
f 5934 7921 7920
f 5934 7920 5932
f 5932 7920 7967
f 5932 7967 5930
f 5930 7967 7966
f 5930 7966 5928
f 5928 7966 7965
f 5928 7965 7964
f 7934 7933 5872
f 5872 7933 7932
f 5872 7932 5870
f 5870 7932 7931
f 5870 7931 5868
f 5868 7931 7930
f 5868 7930 5866
f 5866 7930 7929
f 5866 7929 5864
f 5864 7929 7928
f 5864 7928 5946
f 5946 7928 7927
f 5946 7927 5944
f 5944 7927 7926
f 5944 7926 5942
f 5942 7926 7925
f 5942 7925 7924
f 2202 2201 7968
f 7969 7970 2090
f 7971 7972 2073
f 2073 2072 7971
f 7971 2072 2092
f 7971 2092 7970
f 7970 2092 2091
f 7970 2091 2090
f 7973 7974 2195
f 2195 2200 7973
f 7973 2200 2071
f 7973 2071 7972
f 7972 2071 2074
f 7972 2074 2073
f 7968 2201 7975
f 2201 2199 7975
f 7975 2199 2198
f 7975 2198 7974
f 7974 2198 2196
f 7974 2196 2195
f 2202 7968 2185
f 2185 7968 7976
f 2185 7976 2186
f 7977 7978 2192
f 2192 2190 7977
f 7977 2190 2189
f 7977 2189 7976
f 7976 2189 2188
f 7976 2188 2186
f 7979 2194 7978
f 7978 2194 2193
f 7978 2193 2192
f 7980 2183 7979
f 7979 2183 2181
f 7979 2181 2194
f 7981 2179 7980
f 7980 2179 2184
f 7980 2184 2183
f 7982 2170 7981
f 7981 2170 2178
f 7981 2178 2179
f 7983 2171 7982
f 7982 2171 2168
f 7982 2168 2170
f 7984 2173 7983
f 7983 2173 2172
f 7983 2172 2171
f 2159 2157 7985
f 7985 2157 2175
f 7985 2175 7984
f 7984 2175 2174
f 7984 2174 2173
f 2159 7985 2160
f 2160 7985 7986
f 2160 7986 2161
f 2161 7986 2162
f 2162 7986 7987
f 2162 7987 2163
f 2163 7987 2164
f 2164 7987 7988
f 2164 7988 2165
f 2165 7988 2166
f 2166 7988 7989
f 2166 7989 2167
f 2167 7989 2142
f 2142 7989 7990
f 2142 7990 2140
f 2140 7990 2148
f 2148 7990 7991
f 2148 7991 2149
f 2149 7991 2150
f 2150 7991 7992
f 2150 7992 2147
f 2147 7992 2144
f 2144 7992 7993
f 2144 7993 2145
f 2145 7993 2151
f 2151 7993 7994
f 2151 7994 2152
f 2152 7994 2154
f 2154 7994 7995
f 2154 7995 2155
f 7996 2130 7995
f 7995 2130 2129
f 7995 2129 2155
f 7997 2133 7996
f 7996 2133 2132
f 7996 2132 2130
f 7998 2135 7997
f 7997 2135 2134
f 7997 2134 2133
f 7999 2120 7998
f 7998 2120 2136
f 7998 2136 2135
f 8000 2122 7999
f 7999 2122 2121
f 7999 2121 2120
f 2127 2125 8000
f 8000 2125 2123
f 8000 2123 2122
f 2127 8000 2128
f 2128 8000 8001
f 2128 8001 2112
f 2112 8001 8002
f 2112 8002 2113
f 2113 8002 2116
f 2116 8002 8003
f 2116 8003 2117
f 8004 2105 8003
f 8003 2105 2118
f 8003 2118 2117
f 8005 2101 8004
f 8004 2101 2103
f 8004 2103 2105
f 8006 2108 8005
f 8005 2108 2107
f 8005 2107 2101
f 8007 2111 8006
f 8006 2111 2110
f 8006 2110 2108
f 8008 2094 8007
f 8007 2094 2093
f 8007 2093 2111
f 8009 2100 8008
f 8008 2100 2099
f 2099 2097 8008
f 8008 2097 2096
f 8008 2096 2094
f 8010 8011 2078
f 2078 2077 8010
f 8010 2077 2076
f 8010 2076 8009
f 8009 2076 2075
f 8009 2075 2100
f 8012 8013 2084
f 2084 2083 8012
f 8012 2083 2082
f 8012 2082 8011
f 8011 2082 2079
f 8011 2079 2078
f 8014 8015 2080
f 2080 2087 8014
f 8014 2087 2086
f 8014 2086 8013
f 8013 2086 2085
f 8013 2085 2084
f 2090 2089 7969
f 7969 2089 2088
f 7969 2088 8015
f 8015 2088 2081
f 8015 2081 2080
f 5802 7974 5800
f 5800 7974 7973
f 5800 7973 5798
f 5798 7973 7972
f 5798 7972 5796
f 5796 7972 7971
f 5796 7971 5794
f 5794 7971 7970
f 5794 7970 5792
f 5792 7970 7969
f 5792 7969 5790
f 5790 7969 8015
f 5790 8015 5788
f 5816 7981 5814
f 5814 7981 7980
f 5814 7980 5812
f 5812 7980 7979
f 5812 7979 5810
f 5810 7979 7978
f 5810 7978 5808
f 5808 7978 7977
f 5808 7977 5806
f 5806 7977 7976
f 5806 7976 5804
f 5804 7976 7968
f 5804 7968 5802
f 5802 7968 7975
f 5802 7975 7974
f 5844 7997 5842
f 5842 7997 7996
f 5842 7996 5840
f 5840 7996 7995
f 5840 7995 5838
f 5838 7995 7994
f 5838 7994 5836
f 5836 7994 7993
f 5836 7993 5834
f 5834 7993 7992
f 5834 7992 5832
f 5832 7992 7991
f 5832 7991 5830
f 7991 7990 5830
f 5830 7990 7989
f 5830 7989 5828
f 5828 7989 7988
f 5828 7988 5826
f 5826 7988 7987
f 5826 7987 5824
f 5824 7987 7986
f 5824 7986 5822
f 5822 7986 7985
f 5822 7985 5820
f 5820 7985 7984
f 5820 7984 5818
f 5818 7984 7983
f 5818 7983 5816
f 5816 7983 7982
f 5816 7982 7981
f 5858 8005 5856
f 5856 8005 8004
f 5856 8004 5854
f 5854 8004 8003
f 5854 8003 5852
f 5852 8003 8002
f 5852 8002 5850
f 5850 8002 8001
f 5850 8001 5848
f 5848 8001 8000
f 5848 8000 5846
f 5846 8000 7999
f 5846 7999 5844
f 5844 7999 7998
f 5844 7998 7997
f 8015 8014 5788
f 5788 8014 8013
f 5788 8013 5786
f 5786 8013 8012
f 5786 8012 5784
f 5784 8012 8011
f 5784 8011 5782
f 5782 8011 8010
f 5782 8010 5780
f 5780 8010 8009
f 5780 8009 5862
f 5862 8009 8008
f 5862 8008 5860
f 5860 8008 8007
f 5860 8007 5858
f 5858 8007 8006
f 5858 8006 8005
f 1237 1236 8016
f 1234 1233 8017
f 1231 1230 8018
f 1224 1223 8019
f 1266 1265 8020
f 1269 1275 8021
f 1284 1283 8022
f 8023 1342 1340
f 4341 8024 4342
f 4342 8024 8023
f 4342 8023 1339
f 1339 8023 1340
f 1342 8023 1344
f 1344 8023 8025
f 1344 8025 1345
f 1350 1349 8026
f 8026 1349 1347
f 8026 1347 8025
f 8025 1347 1346
f 8025 1346 1345
f 1316 1315 8027
f 8027 1315 1338
f 8027 1338 8026
f 8026 1338 1337
f 8026 1337 1350
f 1321 1320 8028
f 8028 1320 1319
f 8028 1319 8027
f 8027 1319 1318
f 8027 1318 1316
f 1325 1324 8029
f 8029 1324 1323
f 8029 1323 8028
f 8028 1323 1322
f 8028 1322 1321
f 1325 8029 1328
f 1328 8029 8030
f 1328 8030 1329
f 1333 1332 8031
f 8031 1332 1331
f 1331 1327 8031
f 8031 1327 1326
f 8031 1326 8030
f 8030 1326 1330
f 8030 1330 1329
f 1302 1301 8032
f 8032 1301 1335
f 8032 1335 8031
f 8031 1335 1334
f 8031 1334 1333
f 1307 8033 1308
f 1308 8033 8034
f 1308 8034 1309
f 1307 1306 8033
f 8033 1306 1304
f 8033 1304 8032
f 8032 1304 1303
f 8032 1303 1302
f 8035 1289 8036
f 8036 1289 1314
f 8036 1314 1313
f 1313 1312 8036
f 8036 1312 1311
f 8036 1311 8034
f 8034 1311 1310
f 8034 1310 1309
f 8037 1293 8035
f 8035 1293 1292
f 1292 1291 8035
f 8035 1291 1290
f 8035 1290 1289
f 8038 1295 8037
f 8037 1295 1294
f 8037 1294 1293
f 1278 1280 8039
f 8039 1280 1281
f 8039 1281 8038
f 8038 1281 1299
f 8038 1299 1298
f 1298 1297 8038
f 8038 1297 1296
f 8038 1296 1295
f 8022 1283 8039
f 8039 1283 1282
f 8039 1282 1278
f 1273 1272 8040
f 8021 1275 8040
f 8040 1275 1274
f 8040 1274 1273
f 1272 1287 8040
f 8040 1287 1286
f 8040 1286 8022
f 8022 1286 1285
f 8022 1285 1284
f 1258 1277 8041
f 8041 1277 1276
f 8041 1276 8021
f 8021 1276 1270
f 8021 1270 1269
f 1263 1261 8042
f 8042 1261 1260
f 8042 1260 8041
f 8041 1260 1259
f 8041 1259 1258
f 8020 1265 8042
f 8042 1265 1264
f 8042 1264 1263
f 1250 1252 8043
f 8043 1252 1268
f 8043 1268 8020
f 8020 1268 1267
f 8020 1267 1266
f 1248 1254 8044
f 8044 1254 1253
f 8044 1253 8043
f 8043 1253 1251
f 8043 1251 1250
f 1220 1256 8045
f 8045 1256 1255
f 8045 1255 8044
f 8044 1255 1249
f 8044 1249 1248
f 8019 1223 8045
f 8045 1223 1222
f 8045 1222 1220
f 8018 1230 8046
f 8046 1230 1229
f 8046 1229 1228
f 1228 1227 8046
f 8046 1227 1226
f 8046 1226 8019
f 8019 1226 1225
f 8019 1225 1224
f 8017 1233 8018
f 8018 1233 1232
f 8018 1232 1231
f 8016 1236 8017
f 8017 1236 1235
f 8017 1235 1234
f 8047 1239 8016
f 8016 1239 1238
f 8016 1238 1237
f 1242 1241 8047
f 8047 1241 1240
f 8047 1240 1239
f 1242 8047 1243
f 1243 8047 8048
f 1243 8048 1244
f 1244 8048 8049
f 1244 8049 1245
f 1191 1190 8050
f 8050 1190 1247
f 8050 1247 8049
f 8049 1247 1246
f 8049 1246 1245
f 1195 1194 8051
f 8051 1194 1193
f 8051 1193 8050
f 8050 1193 1192
f 8050 1192 1191
f 1199 1198 8052
f 8052 1198 1197
f 8052 1197 8051
f 8051 1197 1196
f 8051 1196 1195
f 1199 8052 1200
f 1200 8052 8053
f 1200 8053 1201
f 1214 1213 8054
f 8054 1213 1212
f 1212 1205 8054
f 8054 1205 1206
f 8054 1206 8053
f 8053 1206 1202
f 8053 1202 1201
f 1214 8054 1215
f 1215 8054 8055
f 1215 8055 1216
f 1211 1210 8056
f 8056 1210 1218
f 8056 1218 8055
f 8055 1218 1217
f 8055 1217 1216
f 4373 4310 8057
f 4310 4309 8057
f 8057 4309 4377
f 8057 4377 8056
f 8056 4377 4376
f 8056 4376 1211
f 4370 4369 8058
f 8058 4369 4368
f 8058 4368 8057
f 8057 4368 4375
f 8057 4375 4373
f 8059 4358 4356
f 4356 4355 8059
f 8059 4355 4372
f 8059 4372 8058
f 8058 4372 4371
f 8058 4371 4370
f 4358 8059 4359
f 4359 8059 8060
f 4359 8060 4360
f 4364 4363 8061
f 8061 4363 4362
f 8061 4362 8060
f 8060 4362 4361
f 8060 4361 4360
f 4349 4348 8062
f 8062 4348 4366
f 8062 4366 8061
f 8061 4366 4365
f 8061 4365 4364
f 4343 4354 8063
f 8063 4354 4353
f 8063 4353 8062
f 8062 4353 4351
f 8062 4351 4349
f 4341 4339 8024
f 8024 4339 4337
f 8024 4337 4336
f 4336 4347 8024
f 8024 4347 4346
f 8024 4346 8063
f 8063 4346 4344
f 8063 4344 4343
f 5760 8061 5758
f 5758 8061 8060
f 5758 8060 5756
f 5756 8060 8059
f 5756 8059 5754
f 5754 8059 8058
f 5754 8058 5752
f 5752 8058 8057
f 5752 8057 5750
f 5750 8057 8056
f 5750 8056 5748
f 5748 8056 8055
f 5748 8055 5746
f 5704 8035 5702
f 5702 8035 8036
f 5702 8036 5700
f 5700 8036 8034
f 5700 8034 5698
f 5698 8034 8033
f 5698 8033 5696
f 5696 8033 8032
f 5696 8032 5778
f 5778 8032 8031
f 5778 8031 5776
f 5776 8031 8030
f 5776 8030 5774
f 5718 8042 5716
f 5716 8042 8041
f 5716 8041 5714
f 5714 8041 8021
f 5714 8021 5712
f 5712 8021 8040
f 5712 8040 5710
f 5710 8040 8022
f 5710 8022 5708
f 5708 8022 8039
f 5708 8039 5706
f 5706 8039 8038
f 5706 8038 5704
f 5704 8038 8037
f 5704 8037 8035
f 8055 8054 5746
f 5746 8054 8053
f 5746 8053 5744
f 5744 8053 8052
f 5744 8052 5742
f 5742 8052 8051
f 5742 8051 5740
f 5740 8051 8050
f 5740 8050 5738
f 5738 8050 8049
f 5738 8049 5736
f 5736 8049 8048
f 5736 8048 5734
f 5734 8048 8047
f 5734 8047 5732
f 8030 8029 5774
f 5774 8029 8028
f 5774 8028 5772
f 5772 8028 8027
f 5772 8027 5770
f 5770 8027 8026
f 5770 8026 5768
f 5768 8026 8025
f 5768 8025 5766
f 5766 8025 8023
f 5766 8023 5764
f 5764 8023 8024
f 5764 8024 5762
f 5762 8024 8063
f 5762 8063 5760
f 5760 8063 8062
f 5760 8062 8061
f 8047 8016 5732
f 5732 8016 8017
f 5732 8017 5730
f 5730 8017 8018
f 5730 8018 5728
f 5728 8018 8046
f 5728 8046 5726
f 5726 8046 8019
f 5726 8019 5724
f 5724 8019 8045
f 5724 8045 5722
f 5722 8045 8044
f 5722 8044 5720
f 5720 8044 8043
f 5720 8043 5718
f 5718 8043 8020
f 5718 8020 8042
f 1545 1544 8064
f 1549 1550 8065
f 1562 1561 8066
f 8067 1131 8068
f 8068 1131 1130
f 1130 1125 8068
f 8068 1125 1127
f 8068 1127 1122
f 1615 1138 8067
f 1147 1146 8069
f 8069 1146 1145
f 8069 1145 8067
f 8067 1145 1144
f 8067 1144 1615
f 1138 1135 8067
f 8067 1135 1133
f 8067 1133 1131
f 8070 1155 8069
f 8069 1155 1149
f 8069 1149 1147
f 8071 1611 8070
f 8070 1611 1610
f 8070 1610 1614
f 1614 1152 8070
f 8070 1152 1154
f 8070 1154 1155
f 1608 1613 8071
f 8071 1613 1612
f 8071 1612 1611
f 1608 8071 1607
f 1607 8071 8072
f 1607 8072 1606
f 1599 1598 8072
f 8072 1598 1605
f 8072 1605 1606
f 1604 1603 8073
f 8073 1603 1602
f 8073 1602 8072
f 8072 1602 1601
f 8072 1601 1599
f 1604 8073 1609
f 1609 8073 8074
f 1609 8074 1114
f 1596 1166 8074
f 8074 1166 1115
f 8074 1115 1114
f 1594 8075 1595
f 1595 8075 8076
f 1594 1593 8075
f 8075 1593 1592
f 8075 1592 8074
f 8074 1592 1597
f 8074 1597 1596
f 1590 1589 8076
f 8076 1589 1588
f 8076 1588 1595
f 1576 1587 8077
f 1587 1586 8077
f 8077 1586 1585
f 8077 1585 8076
f 8076 1585 1591
f 8076 1591 1590
f 1580 1579 8078
f 8078 1579 1578
f 8078 1578 8077
f 8077 1578 1577
f 8077 1577 1576
f 1584 1583 8079
f 8079 1583 1582
f 8079 1582 8078
f 8078 1582 1581
f 8078 1581 1580
f 1569 1575 8080
f 8080 1575 1574
f 8080 1574 8079
f 8079 1574 1573
f 8079 1573 1584
f 1089 8081 1090
f 1090 8081 8082
f 1090 8082 1567
f 1089 1572 8081
f 8081 1572 1571
f 8081 1571 8080
f 8080 1571 1570
f 8080 1570 1569
f 8066 1561 8082
f 8082 1561 1560
f 8082 1560 1559
f 1559 1558 8082
f 8082 1558 1568
f 8082 1568 1567
f 8065 1550 8083
f 8083 1550 1551
f 8083 1551 1566
f 1566 1565 8083
f 8083 1565 1564
f 8083 1564 8066
f 8066 1564 1563
f 8066 1563 1562
f 1556 1555 8084
f 1555 1554 8084
f 8084 1554 1553
f 8084 1553 8065
f 8065 1553 1552
f 8065 1552 1549
f 8064 1544 8085
f 8085 1544 1543
f 8085 1543 1542
f 1542 1540 8085
f 8085 1540 1539
f 8085 1539 8084
f 8084 1539 1557
f 8084 1557 1556
f 1531 1548 8086
f 8086 1548 1547
f 8086 1547 8064
f 8064 1547 1546
f 8064 1546 1545
f 1535 1534 8087
f 8087 1534 1533
f 8087 1533 8086
f 8086 1533 1532
f 8086 1532 1531
f 8088 1537 8087
f 8087 1537 1536
f 8087 1536 1535
f 1524 1523 8089
f 8089 1523 1522
f 8089 1522 8088
f 8088 1522 1538
f 8088 1538 1537
f 1528 1527 8090
f 8090 1527 1526
f 8090 1526 8089
f 8089 1526 1525
f 8089 1525 1524
f 1528 8090 1529
f 1529 8090 8091
f 1529 8091 1530
f 1092 1519 8091
f 8091 1519 1521
f 8091 1521 1530
f 8092 577 8093
f 8093 577 1095
f 8093 1095 1518
f 1518 1517 8093
f 8093 1517 1516
f 8093 1516 8091
f 8091 1516 1093
f 8091 1093 1092
f 570 569 8094
f 8094 569 579
f 8094 579 8092
f 8092 579 578
f 8092 578 577
f 570 8094 572
f 572 8094 8095
f 572 8095 573
f 562 575 8095
f 8095 575 574
f 8095 574 573
f 8096 568 8097
f 8097 568 567
f 567 566 8097
f 8097 566 565
f 8097 565 8095
f 8095 565 563
f 8095 563 562
f 8098 559 8096
f 8096 559 558
f 8096 558 557
f 557 59 8096
f 8096 59 58
f 8096 58 568
f 561 560 8099
f 8099 560 556
f 8099 556 8098
f 8098 556 555
f 8098 555 559
f 549 62 8099
f 8099 62 61
f 8099 61 561
f 549 8099 548
f 548 8099 8100
f 548 8100 547
f 547 8100 8101
f 547 8101 550
f 554 553 8102
f 8102 553 552
f 8102 552 8101
f 8101 552 551
f 8101 551 550
f 535 534 8103
f 8103 534 545
f 8103 545 8102
f 8102 545 546
f 8102 546 554
f 539 538 8104
f 8104 538 537
f 8104 537 8103
f 8103 537 536
f 8103 536 535
f 8105 527 543
f 543 542 8105
f 8105 542 541
f 8105 541 8104
f 8104 541 540
f 8104 540 539
f 527 8105 528
f 528 8105 8106
f 528 8106 529
f 533 532 8107
f 8107 532 531
f 8107 531 8106
f 8106 531 530
f 8106 530 529
f 520 519 8108
f 519 518 8108
f 8108 518 525
f 8108 525 8107
f 8107 525 524
f 8107 524 533
f 513 523 8109
f 8109 523 522
f 8109 522 8108
f 8108 522 521
f 8108 521 520
f 8110 509 517
f 517 516 8110
f 8110 516 515
f 8110 515 8109
f 8109 515 514
f 8109 514 513
f 509 8110 507
f 507 8110 8111
f 507 8111 508
f 503 502 8112
f 502 512 8112
f 8112 512 511
f 8112 511 8111
f 8111 511 510
f 8111 510 508
f 497 506 8113
f 8113 506 505
f 8113 505 8112
f 8112 505 504
f 8112 504 503
f 501 500 8114
f 8114 500 499
f 8114 499 8113
f 8113 499 498
f 8113 498 497
f 428 430 8115
f 8115 430 432
f 432 494 8115
f 8115 494 495
f 8115 495 8114
f 8114 495 496
f 8114 496 501
f 490 434 8115
f 8115 434 433
f 8115 433 428
f 487 485 8116
f 8116 485 484
f 8116 484 8117
f 8117 484 492
f 8117 492 8115
f 8115 492 491
f 8115 491 490
f 482 481 8118
f 8118 481 489
f 8118 489 8116
f 8116 489 488
f 8116 488 487
f 480 479 8119
f 480 8119 445
f 479 478 8119
f 8119 478 477
f 8119 477 8118
f 8118 477 483
f 8118 483 482
f 451 450 8120
f 8120 450 448
f 8120 448 8119
f 8119 448 446
f 8119 446 445
f 464 461 8121
f 459 458 461
f 461 458 476
f 461 476 8121
f 8121 476 454
f 8121 454 8120
f 8120 454 453
f 8120 453 451
f 471 469 8122
f 8122 469 467
f 8122 467 8121
f 8121 467 465
f 8121 465 464
f 1122 1121 8068
f 8068 1121 6308
f 8068 6308 8123
f 8123 6308 6307
f 8123 6307 8124
f 8124 6307 6392
f 8124 6392 8125
f 8125 6392 6352
f 8125 6352 8126
f 8126 6352 6354
f 8126 6354 8127
f 8127 6354 6356
f 8127 6356 8128
f 8128 6356 6385
f 8128 6385 8129
f 8129 6385 6387
f 8129 6387 8130
f 8130 6387 6389
f 8130 6389 8131
f 8131 6389 6437
f 8131 6437 8132
f 8132 6437 6420
f 8132 6420 8133
f 8133 6420 6422
f 8133 6422 8134
f 8134 6422 6424
f 8134 6424 8135
f 8135 6424 6432
f 8135 6432 8136
f 8136 6432 6400
f 8136 6400 8137
f 8137 6400 6402
f 8137 6402 8138
f 8138 6402 6404
f 8138 6404 8139
f 8139 6404 6427
f 8139 6427 8140
f 8140 6427 6415
f 8140 6415 8141
f 8141 6415 6417
f 8141 6417 8142
f 8142 6417 6347
f 8142 6347 8143
f 8143 6347 6349
f 8143 6349 8144
f 8144 6349 6351
f 8144 6351 8145
f 8145 6351 6380
f 8145 6380 8146
f 8146 6380 6342
f 8146 6342 8147
f 8147 6342 6344
f 8147 6344 8148
f 8148 6344 6310
f 8148 6310 8149
f 8149 6310 6312
f 8149 6312 8150
f 8150 6312 6314
f 8150 6314 8151
f 8151 6314 6339
f 8151 6339 8152
f 8152 6339 6332
f 8152 6332 8153
f 8153 6332 6334
f 8153 6334 8154
f 8154 6334 6336
f 8154 6336 8155
f 8155 6336 6375
f 8155 6375 8156
f 8156 6375 6327
f 8156 6327 8157
f 8157 6327 6329
f 8157 6329 8158
f 8158 6329 6331
f 8158 6331 8159
f 8159 6331 6412
f 8159 6412 8160
f 8160 6412 6368
f 8160 6368 8161
f 8161 6368 6370
f 8161 6370 8162
f 8162 6370 6363
f 8162 6363 8163
f 8163 6363 6365
f 8163 6365 8164
f 8164 6365 6358
f 8164 6358 8165
f 8165 6358 6360
f 8165 6360 8166
f 8166 6360 6322
f 8166 6322 8167
f 8167 6322 6324
f 8167 6324 8168
f 8168 6324 6326
f 8168 6326 8169
f 8169 6326 6407
f 8169 6407 8170
f 8170 6407 6395
f 8170 6395 8171
f 8171 6395 6397
f 8171 6397 8172
f 8172 6397 6315
f 8172 6315 8173
f 8173 6315 6317
f 8173 6317 8174
f 8174 6317 6319
f 8174 6319 8175
f 8175 6319 6298
f 8175 6298 8176
f 8176 6298 6300
f 8176 6300 8177
f 8177 6300 6302
f 8177 6302 8178
f 8178 6302 6297
f 8178 6297 8179
f 8179 6297 65
f 8179 65 8122
f 8122 65 64
f 8122 64 471
f 8151 8152 8180
f 8151 8180 8150
f 8147 8148 8180
f 8180 8148 8149
f 8180 8149 8150
f 8144 8145 8180
f 8180 8145 8146
f 8180 8146 8147
f 8141 8142 8180
f 8180 8142 8143
f 8180 8143 8144
f 8138 8139 8180
f 8180 8139 8140
f 8180 8140 8141
f 8135 8136 8180
f 8180 8136 8137
f 8180 8137 8138
f 8132 8133 8180
f 8180 8133 8134
f 8180 8134 8135
f 8129 8130 8180
f 8180 8130 8131
f 8180 8131 8132
f 8126 8127 8180
f 8180 8127 8128
f 8180 8128 8129
f 8123 8124 8180
f 8180 8124 8125
f 8180 8125 8126
f 8069 8067 8180
f 8180 8067 8068
f 8180 8068 8123
f 8072 8071 8180
f 8180 8071 8070
f 8180 8070 8069
f 8075 8074 8180
f 8180 8074 8073
f 8180 8073 8072
f 8078 8077 8180
f 8180 8077 8076
f 8180 8076 8075
f 8081 8080 8180
f 8180 8080 8079
f 8180 8079 8078
f 8083 8066 8180
f 8180 8066 8082
f 8180 8082 8081
f 8085 8084 8180
f 8180 8084 8065
f 8180 8065 8083
f 8087 8086 8180
f 8180 8086 8064
f 8180 8064 8085
f 8090 8089 8180
f 8180 8089 8088
f 8180 8088 8087
f 8092 8093 8180
f 8180 8093 8091
f 8180 8091 8090
f 8097 8095 8180
f 8180 8095 8094
f 8180 8094 8092
f 8099 8098 8180
f 8180 8098 8096
f 8180 8096 8097
f 8102 8101 8180
f 8180 8101 8100
f 8180 8100 8099
f 8105 8104 8180
f 8180 8104 8103
f 8180 8103 8102
f 8108 8107 8180
f 8180 8107 8106
f 8180 8106 8105
f 8111 8110 8180
f 8180 8110 8109
f 8180 8109 8108
f 8114 8113 8180
f 8180 8113 8112
f 8180 8112 8111
f 8116 8117 8180
f 8180 8117 8115
f 8180 8115 8114
f 8120 8119 8180
f 8180 8119 8118
f 8180 8118 8116
f 8179 8122 8180
f 8180 8122 8121
f 8180 8121 8120
f 8176 8177 8180
f 8180 8177 8178
f 8180 8178 8179
f 8173 8174 8180
f 8180 8174 8175
f 8180 8175 8176
f 8170 8171 8180
f 8180 8171 8172
f 8180 8172 8173
f 8167 8168 8180
f 8180 8168 8169
f 8180 8169 8170
f 8164 8165 8180
f 8180 8165 8166
f 8180 8166 8167
f 8161 8162 8180
f 8180 8162 8163
f 8180 8163 8164
f 8158 8159 8180
f 8180 8159 8160
f 8180 8160 8161
f 8155 8156 8180
f 8180 8156 8157
f 8180 8157 8158
f 8152 8153 8180
f 8180 8153 8154
f 8180 8154 8155
