# Converted from resources/robots/b2z1_pcl/meshes/visual/z1_Link05.dae
# DAE scene node transforms intentionally not baked; URDF link frames already define mesh placement.
o geom_0_prim_0
v 0.0379999802 0.0187998395 -0.0265106503
v 0.0379999802 0.0188511591 -0.0264727995
v 0.0488999411 0.0188518092 -0.0264736991
v 0.0379999802 0.0294929091 -0.01365369
v 0.0379999802 0.0295605008 -0.0134998504
v 0.0488999411 0.0295630004 -0.0135009801
v 0.0379999802 0.0317302905 0.00703114178
v 0.0379999802 0.0315777585 0.0076606269
v 0.0488999411 0.0315838382 0.00766211702
v 0.0379999802 0.0307993796 0.0103589203
v 0.0379999802 0.0307108704 0.0106291696
v 0.0488999411 0.0307124797 0.0106297098
v 0.0379999802 0.0235445406 0.0224031806
v 0.0379999802 0.0235208794 0.0224270802
v 0.0488999411 0.0235213004 0.0224275496
v 0.0379999802 0.00637376308 0.0318688117
v 0.0379999802 0.00615000678 0.0319090411
v 0.0488999411 0.00615066197 0.0319126807
v 0.0488999411 -0.0175707899 -0.0273407102
v 0.0488999411 -0.0188518092 -0.0264736991
v 0.0379999802 -0.0186149403 -0.0266411901
v 0.0379999802 -0.0202810094 -0.0253890697
v 0.0379999802 -0.0200901609 -0.0255467203
v 0.0488999411 -0.0200901609 -0.0255467203
v 0.0379999802 -0.0192623101 -0.0261664297
v 0.0379999802 -0.0188518092 -0.0264736991
v 0.0488999411 -0.0224275496 -0.0235213004
v 0.0379999802 -0.0221887194 -0.0237384401
v 0.0488999411 -0.0212829709 -0.0245618206
v 0.0379999802 -0.0212829709 -0.0245618206
v 0.0379999802 -0.0212576296 -0.0245827399
v 0.0488999411 -0.0235213004 -0.0224275496
v 0.0379999802 -0.0230849907 -0.0228639208
v 0.0379999802 -0.0224275496 -0.0235213004
v 0.0488999411 -0.0245618206 -0.0212829709
v 0.0379999802 -0.0239491407 -0.0219569206
v 0.0379999802 -0.0235213004 -0.0224275496
v 0.0488999411 -0.0255467203 -0.0200901609
v 0.0379999802 -0.0247833692 -0.0210146308
v 0.0379999802 -0.0245618206 -0.0212829709
v 0.0488999411 -0.0264736991 -0.0188518092
v 0.0379999802 -0.0263618194 -0.0190048795
v 0.0379999802 -0.0260000192 -0.0194999501
v 0.0379999802 -0.02558982 -0.0200340096
v 0.0379999802 -0.0255467203 -0.0200901609
v 0.0488999411 -0.0273407102 -0.0175707899
v 0.0379999802 -0.0271012709 -0.0179245397
v 0.0379999802 -0.0264736991 -0.0188518092
v 0.0488999411 -0.0281457901 -0.0162499491
v 0.0379999802 -0.0278105102 -0.0168000404
v 0.0379999802 -0.0273407102 -0.0175707899
v 0.0488999411 -0.0288871508 -0.0148923304
v 0.0379999802 -0.0288070999 -0.0150388395
v 0.0379999802 -0.0284821298 -0.0156340003
v 0.0379999802 -0.0281587206 -0.0162262898
v 0.0379999802 -0.0281457901 -0.0162499491
v 0.0379999802 -0.0295630004 -0.0135009801
v 0.0379999802 -0.0294103008 -0.0138152801
v 0.0488999411 -0.0295630004 -0.0135009801
v 0.0379999802 -0.0291116796 -0.0144300396
v 0.0379999802 -0.0288871508 -0.0148923304
v 0.0379999802 -0.0296952706 -0.0131921098
v 0.0488999411 -0.0301719308 -0.0120789995
v 0.0379999802 -0.0299657509 -0.0125604803
v 0.0379999802 -0.0307106897 -0.0106345396
v 0.0379999802 -0.0304700099 -0.0112798205
v 0.0379999802 -0.0302293301 -0.0119250398
v 0.0379999802 -0.0301719308 -0.0120789995
v 0.0379999802 -0.0307124797 -0.0106297098
v 0.0488999411 -0.0307124797 -0.0106297098
v 0.0379999802 -0.0309204403 -0.00997918844
v 0.0488999411 -0.0311834794 -0.00915628579
v 0.0379999802 -0.0311296508 -0.00932461023
v 0.0379999802 -0.0315838382 -0.00766211702
v 0.0379999802 -0.0314921699 -0.00800418761
v 0.0488999411 -0.0315838382 -0.00766211702
v 0.0379999802 -0.0313152 -0.00866472721
v 0.0379999802 -0.0311834794 -0.00915628579
v 0.0379999802 -0.0316534005 -0.0073423381
v 0.0488999411 -0.0319126807 -0.00615066197
v 0.0379999802 -0.0317976996 -0.00667911721
v 0.0379999802 -0.0321691595 -0.00462520123
v 0.0379999802 -0.0320463702 -0.00535535812
v 0.0488999411 -0.0321691595 -0.00462520123
v 0.0379999802 -0.0319349691 -0.00601792289
v 0.0379999802 -0.0319126807 -0.00615066197
v 0.0379999802 -0.0322392508 -0.00403892901
v 0.0488999411 -0.0323528014 -0.00308930804
v 0.0379999802 -0.0323528014 -0.00308930804
v 0.0379999802 -0.0323781297 -0.00273489906
v 0.0488999411 -0.0324631892 -0.00154638197
v 0.0379999802 -0.0324631892 -0.00154638197
v 0.0379999802 -0.0324655101 -0.00144714105
v 0.0488999411 -0.0324999616 0
v 0.0379999802 -0.03249567 -0.000179713999
v 0.0488999411 -0.0324631892 0.00154638197
v 0.0379999802 -0.0324746296 0.001064896
v 0.0379999802 -0.0324999616 0
v 0.0488999411 -0.0323528014 0.00308930804
v 0.0379999802 -0.0324100181 0.00228953292
v 0.0379999802 -0.0324631892 0.00154638197
v 0.0488999411 -0.0321691595 0.00462520123
v 0.0379999802 -0.0323042795 0.00349533511
v 0.0379999802 -0.0323528014 0.00308930804
v 0.0379999802 -0.0319126807 0.00615066197
v 0.0379999802 -0.0319627486 0.00585263921
v 0.0488999411 -0.0319126807 0.00615066197
v 0.0379999802 -0.032159321 0.00468361285
v 0.0379999802 -0.0321691595 0.00462520123
v 0.0379999802 -0.0317270085 0.00700402213
v 0.0488999411 -0.0315838382 0.00766211702
v 0.0379999802 -0.0315838382 0.00766211702
v 0.0379999802 -0.0314560495 0.00813901424
v 0.0488999411 -0.0311834794 0.00915628579
v 0.0379999802 -0.0311834794 0.00915628579
v 0.0379999802 -0.0311508104 0.00925850775
v 0.0488999411 -0.0307124797 0.0106297098
v 0.0379999802 -0.0307990909 0.0103588104
v 0.0488999411 -0.0301719308 0.0120789995
v 0.0379999802 -0.0304095708 0.0114419404
v 0.0379999802 -0.0307124797 0.0106297098
v 0.0488999411 -0.0295630004 0.0135009801
v 0.0379999802 -0.0299874507 0.0125098797
v 0.0379999802 -0.0301719308 0.0120789995
v 0.0379999802 -0.0288871508 0.0148923304
v 0.0379999802 -0.0290312693 0.0145955598
v 0.0488999411 -0.0288871508 0.0148923304
v 0.0379999802 -0.0295327306 0.0135633303
v 0.0379999802 -0.0295630004 0.0135009801
v 0.0379999802 -0.0284946505 0.0156111103
v 0.0488999411 -0.0281457901 0.0162499491
v 0.0379999802 -0.0281457901 0.0162499491
v 0.0379999802 -0.0279253107 0.0166117493
v 0.0488999411 -0.0273407102 0.0175707899
v 0.0379999802 -0.0273407102 0.0175707899
v 0.0379999802 -0.0273225307 0.0175976697
v 0.0488999411 -0.0264736991 0.0188518092
v 0.0379999802 -0.0266750995 0.0185542107
v 0.0488999411 -0.0255467203 0.0200901609
v 0.0379999802 -0.0260152202 0.0194642507
v 0.0379999802 -0.0264736991 0.0188518092
v 0.0379999802 -0.0245618206 0.0212829709
v 0.0379999802 -0.0246338807 0.0211957004
v 0.0488999411 -0.0245618206 0.0212829709
v 0.0379999802 -0.0253395997 0.0203409698
v 0.0379999802 -0.0255467203 0.0200901609
v 0.0379999802 -0.0238789897 0.0220340993
v 0.0488999411 -0.0235213004 0.0224275496
v 0.0379999802 -0.0235213004 0.0224275496
v 0.0379999802 -0.0231014993 0.0228473507
v 0.0488999411 -0.0224275496 0.0235213004
v 0.0379999802 -0.0224275496 0.0235213004
v 0.0379999802 -0.0223114397 0.0236268602
v 0.0488999411 -0.0212829709 0.0245618206
v 0.0379999802 -0.0214685705 0.0243930798
v 0.0488999411 -0.0200901609 0.0255467203
v 0.0379999802 -0.0205338001 0.0251803901
v 0.0379999802 -0.0212829709 0.0245618206
v 0.0379999802 -0.0188694 0.0264605209
v 0.0379999802 -0.0194427893 0.0260313097
v 0.0379999802 -0.0200107601 0.0256060902
v 0.0379999802 -0.0200901609 0.0255467203
v 0.0379999802 -0.0188518092 0.0264736991
v 0.0488999411 -0.0188518092 0.0264736991
v 0.0379999802 -0.0182716809 0.0268663093
v 0.0488999411 -0.0175707899 0.0273407102
v 0.0379999802 -0.0176684801 0.0272745993
v 0.0379999802 -0.0162499491 0.0281457901
v 0.0379999802 -0.01641386 0.0280458909
v 0.0488999411 -0.0162499491 0.0281457901
v 0.0379999802 -0.0170449 0.0276612602
v 0.0379999802 -0.0175707899 0.0273407102
v 0.0379999802 -0.0157656595 0.0284102503
v 0.0488999411 -0.0148923304 0.0288871508
v 0.0379999802 -0.0151089402 0.02876883
v 0.0379999802 -0.0135009801 0.0295630004
v 0.0379999802 -0.0137581797 0.0294380691
v 0.0488999411 -0.0135009801 0.0295630004
v 0.0379999802 -0.01443779 0.0291079208
v 0.0379999802 -0.0148923304 0.0288871508
v 0.0379999802 -0.01306694 0.0297488496
v 0.0488999411 -0.0120789995 0.0301719308
v 0.0379999802 -0.0123679601 0.0300481897
v 0.0379999802 -0.0106297098 0.0307124797
v 0.0379999802 -0.0109451404 0.0305948202
v 0.0488999411 -0.0106297098 0.0307124797
v 0.0379999802 -0.0116598001 0.03032827
v 0.0379999802 -0.0120789995 0.0301719308
v 0.0379999802 -0.0102236802 0.0308423005
v 0.0488999411 -0.00915628579 0.0311834794
v 0.0379999802 -0.00949704554 0.0310745798
v 0.0379999802 -0.00766211702 0.0315838382
v 0.0379999802 -0.00803112891 0.0314849615
v 0.0488999411 -0.00766211702 0.0315838382
v 0.0379999802 -0.00876581576 0.0312880799
v 0.0379999802 -0.00915628579 0.0311834794
v 0.0379999802 -0.00729417801 0.0316638909
v 0.0488999411 -0.00615066197 0.0319126807
v 0.0379999802 -0.00655543804 0.0318245813
v 0.0379999802 -0.00462520123 0.0321691595
v 0.0379999802 -0.00507825613 0.032092981
v 0.0488999411 -0.00462520123 0.0321691595
v 0.0379999802 -0.00581687596 0.0319687687
v 0.0379999802 -0.00615066197 0.0319126807
v 0.0379999802 -0.00434213784 0.0322030112
v 0.0488999411 -0.00308930804 0.0323528014
v 0.0379999802 -0.00360751105 0.0322908685
v 0.0379999802 -0.00154638197 0.0324631892
v 0.0379999802 -0.00214952207 0.0324200317
v 0.0488999411 -0.00154638197 0.0324631892
v 0.0379999802 -0.0028770559 0.0323680006
v 0.0379999802 -0.00308930804 0.0323528014
v 0.0379999802 -0.00142759003 0.0324659906
v 0.0488999411 0 0.0324999616
v 0.0379999802 -0.000710473978 0.0324830413
v 0.0488999411 0.00154638197 0.0324631892
v 0.0379999802 0.00154614402 0.0324587785
v 0.0379999802 0.00142747106 0.0324658118
v 0.0379999802 0.00127243903 0.0324749313
v 0.0379999802 0.000710568973 0.0324860215
v 0.0379999802 0 0.0324999616
v 0.0379999802 0.00308865309 0.0323465988
v 0.0379999802 0.00287687709 0.03236752
v 0.0488999411 0.00308930804 0.0323528014
v 0.0379999802 0.00255846907 0.0323989913
v 0.0379999802 0.00214982009 0.0324231312
v 0.0379999802 0.00462436583 0.0321633816
v 0.0379999802 0.00434201909 0.0322026014
v 0.0488999411 0.00462520123 0.0321691595
v 0.0379999802 0.00384181691 0.0322721601
v 0.0379999802 0.0036081071 0.0322952792
v 0.0379999802 0.00581681682 0.0319689512
v 0.0379999802 0.00511562778 0.0320950709
v 0.0379999802 0.0050795069 0.0321000814
v 0.0379999802 0.00762253907 0.0315931402
v 0.0379999802 0.00729453517 0.0316655599
v 0.0488999411 0.00766211702 0.0315838382
v 0.0379999802 0.00655627204 0.031828519
v 0.0379999802 0.00886386633 0.0312677585
v 0.0379999802 0.00876718666 0.0312930904
v 0.0488999411 0.00915628579 0.0311834794
v 0.0379999802 0.00803142693 0.0314859711
v 0.0379999802 0.00766187906 0.0315828286
v 0.0379999802 0.0109457299 0.0305961296
v 0.0379999802 0.0106277401 0.0307069402
v 0.0488999411 0.0106297098 0.0307124797
v 0.0379999802 0.0102251703 0.0308471899
v 0.0379999802 0.0100890901 0.0308945701
v 0.0379999802 0.00949722528 0.0310748797
v 0.0379999802 0.00915491488 0.0311791301
v 0.0488999411 0.0120789995 0.0301719308
v 0.0379999802 0.0120769702 0.0301668607
v 0.0379999802 0.0116605703 0.0303305294
v 0.0379999802 0.0112901898 0.0304760896
v 0.0379999802 0.01349991 0.0295605604
v 0.0379999802 0.0130674196 0.0297502205
v 0.0488999411 0.0135009801 0.0295630004
v 0.0379999802 0.0124664297 0.0300137904
v 0.0379999802 0.0123695703 0.03005182
v 0.0379999802 0.0151088797 0.0287686493
v 0.0379999802 0.0148911998 0.0288850609
v 0.0488999411 0.0148923304 0.0288871508
v 0.0379999802 0.0147701995 0.0289497301
v 0.0379999802 0.0144390399 0.0291105509
v 0.0379999802 0.0137594296 0.0294405799
v 0.0379999802 0.0136276996 0.0295045301
v 0.0379999802 0.0157686993 0.0284157898
v 0.0488999411 0.0162499491 0.0281457901
v 0.0379999802 0.0158861801 0.0283529703
v 0.0379999802 0.0170485899 0.0276673995
v 0.0379999802 0.0169686601 0.0277184807
v 0.0488999411 0.0175707899 0.0273407102
v 0.0379999802 0.0164129697 0.0280442201
v 0.0379999802 0.0162473302 0.0281413104
v 0.0488999411 0.0188518092 0.0264736991
v 0.0379999802 0.0182741806 0.0268701296
v 0.0379999802 0.0180234909 0.0270442907
v 0.0379999802 0.0176669899 0.0272721592
v 0.0379999802 0.0175675694 0.0273356996
v 0.0379999802 0.0200538002 0.0255752206
v 0.0379999802 0.0200115405 0.0256070998
v 0.0379999802 0.0194448195 0.0260340497
v 0.0379999802 0.0190536901 0.0263286196
v 0.0379999802 0.01886761 0.0264579002
v 0.0379999802 0.0188495498 0.0264704805
v 0.0379999802 0.0200896207 0.0255460702
v 0.0488999411 0.0200901609 0.0255467203
v 0.0379999802 0.0205359999 0.0251830202
v 0.0488999411 0.0212829709 0.0245618206
v 0.0379999802 0.0209544804 0.0248426702
v 0.0379999802 0.0217911601 0.0241120998
v 0.0379999802 0.0223100092 0.0236254893
v 0.0488999411 0.0224275496 0.0235213004
v 0.0379999802 0.0214689896 0.0243933704
v 0.0379999802 0.0212799907 0.0245584194
v 0.0379999802 0.0231034104 0.0228493195
v 0.0379999802 0.0226666294 0.0232910495
v 0.0379999802 0.0224245097 0.0235180799
v 0.0488999411 0.0245618206 0.0212829709
v 0.0379999802 0.0245597903 0.0212811809
v 0.0379999802 0.0244154297 0.0214507505
v 0.0379999802 0.0238806605 0.0220355894
v 0.0379999802 0.0255420804 0.0200864598
v 0.0379999802 0.0253400207 0.0203414503
v 0.0488999411 0.0255467203 0.0200901609
v 0.0379999802 0.0250751302 0.0206757095
v 0.0379999802 0.0246331003 0.0211949907
v 0.0488999411 0.0264736991 0.0188518092
v 0.0379999802 0.0260191504 0.0194672309
v 0.0379999802 0.0258588102 0.0196868107
v 0.0488999411 0.0273407102 0.0175707899
v 0.0379999802 0.0273405891 0.0175707303
v 0.0379999802 0.0273225307 0.0175977293
v 0.0379999802 0.0266789105 0.0185568295
v 0.0379999802 0.0266188309 0.0186463501
v 0.0379999802 0.0264704805 0.0188494902
v 0.0379999802 0.0281422697 0.0162479803
v 0.0379999802 0.0280123893 0.0164790098
v 0.0488999411 0.0281457901 0.0162499491
v 0.0379999802 0.0279293004 0.0166141298
v 0.0379999802 0.0273446403 0.0175647698
v 0.0379999802 0.0284990594 0.0156134898
v 0.0488999411 0.0288871508 0.0148923304
v 0.0379999802 0.0286335293 0.0153743597
v 0.0488999411 0.0295630004 0.0135009801
v 0.0379999802 0.0295286104 0.0135614797
v 0.0379999802 0.0292115808 0.0142452698
v 0.0379999802 0.0290321093 0.0145958001
v 0.0379999802 0.0288817193 0.0148895299
v 0.0379999802 0.0301691797 0.0120778596
v 0.0379999802 0.0299888197 0.0125105297
v 0.0488999411 0.0301719308 0.0120789995
v 0.0379999802 0.0297467094 0.0130912
v 0.0379999802 0.0295578204 0.01349854
v 0.0379999802 0.0306815505 0.0107186995
v 0.0379999802 0.0304124895 0.0114430096
v 0.0379999802 0.0302376691 0.0119135901
v 0.0379999802 0.0310786292 0.00950598717
v 0.0488999411 0.0311834794 0.00915628579
v 0.0379999802 0.0311491992 0.00925809145
v 0.0379999802 0.0314614698 0.00814050436
v 0.0379999802 0.0314289294 0.00827473402
v 0.0379999802 0.0311785303 0.0091548562
v 0.0379999802 0.0319824181 0.0057763448
v 0.0488999411 0.0319126807 0.00615066197
v 0.0379999802 0.0321576484 0.00468337489
v 0.0488999411 0.0321691595 0.00462520123
v 0.0379999802 0.0319669209 0.005853354
v 0.0379999802 0.0319074318 0.00614959002
v 0.0379999802 0.0317353606 0.00700586988
v 0.0379999802 0.0323392116 0.00323027303
v 0.0379999802 0.0323073193 0.00349575211
v 0.0488999411 0.0323528014 0.00308930804
v 0.0379999802 0.0321855508 0.00450927019
v 0.0379999802 0.03216701 0.00462484313
v 0.0379999802 0.0324578211 0.00154614402
v 0.0379999802 0.0324416086 0.00194960798
v 0.0488999411 0.0324631892 0.00154638197
v 0.0379999802 0.0324144289 0.00228983094
v 0.0379999802 0.0323504806 0.00308912899
v 0.0488999411 0.0324999616 0
v 0.0379999802 0.0324931704 0.000666023989
v 0.0379999802 0.0324772 0.001064896
v 0.0379999802 0.0324646793 -0.00144702103
v 0.0379999802 0.0324749313 -0.00127351203
v 0.0488999411 0.0324631892 -0.00154638197
v 0.0379999802 0.0324964486 -0.000179736002
v 0.0379999802 0.0324999616 0
v 0.0379999802 0.0323466584 -0.00308871199
v 0.0379999802 0.0323816501 -0.00273501803
v 0.0488999411 0.0323528014 -0.00308930804
v 0.0379999802 0.0323987603 -0.002562701
v 0.0379999802 0.0324588418 -0.00154614402
v 0.0379999802 0.0322715007 -0.00384765794
v 0.0488999411 0.0321691595 -0.00462520123
v 0.0379999802 0.0322447382 -0.00403952505
v 0.0379999802 0.0320516787 -0.00535625219
v 0.0379999802 0.0319326483 -0.00601744605
v 0.0488999411 0.0319126807 -0.00615066197
v 0.0379999802 0.0320938192 -0.00512224389
v 0.0379999802 0.0321632586 -0.00462436583
v 0.0379999802 0.031654831 -0.00734263612
v 0.0379999802 0.03180122 -0.00667989207
v 0.0379999802 0.031866841 -0.00638282206
v 0.0379999802 0.0319088101 -0.00614994718
v 0.0379999802 0.0312634706 -0.00888007786
v 0.0379999802 0.0313196704 -0.0086659193
v 0.0488999411 0.0311834794 -0.00915628579
v 0.0379999802 0.0314933583 -0.00800454617
v 0.0488999411 0.0315838382 -0.00766211702
v 0.0379999802 0.0315833017 -0.00766199781
v 0.0379999802 0.0315896198 -0.00763785793
v 0.0379999802 0.0307050291 -0.0106325699
v 0.0379999802 0.0307067595 -0.0106276805
v 0.0488999411 0.0307124797 -0.0106297098
v 0.0379999802 0.0308904592 -0.01010131
v 0.0379999802 0.0309271198 -0.00998133421
v 0.0379999802 0.0311278105 -0.00932407286
v 0.0379999802 0.0311794803 -0.00915503502
v 0.0379999802 0.0301665608 -0.01207685
v 0.0379999802 0.0302267 -0.0119238999
v 0.0488999411 0.0301719308 -0.0120789995
v 0.0379999802 0.0304719806 -0.0113002602
v 0.0379999802 0.0304780602 -0.0112827998
v 0.0379999802 0.0296955705 -0.0131921703
v 0.0379999802 0.0299718305 -0.0125630395
v 0.0379999802 0.0300055109 -0.0124862697
v 0.0379999802 0.02888548 -0.01489144
v 0.0379999802 0.0289379302 -0.0147936298
v 0.0488999411 0.0288871508 -0.0148923304
v 0.0379999802 0.0291143004 -0.0144313499
v 0.0379999802 0.0294135194 -0.0138168298
v 0.0488999411 0.0281457901 -0.0162499491
v 0.0379999802 0.0281411391 -0.0162472092
v 0.0379999802 0.0281547904 -0.0162239596
v 0.0379999802 0.0283443909 -0.0159008503
v 0.0379999802 0.0284861904 -0.0156362597
v 0.0379999802 0.0288066193 -0.0150386002
v 0.0379999802 0.0278150998 -0.0168028399
v 0.0488999411 0.0273407102 -0.0175707899
v 0.0379999802 0.0277072098 -0.0169867203
v 0.0488999411 0.0264736991 -0.0188518092
v 0.0379999802 0.0264703594 -0.0188494902
v 0.0379999802 0.0270286202 -0.0180471502
v 0.0379999802 0.0271053296 -0.0179273393
v 0.0379999802 0.0273355804 -0.0175675098
v 0.0488999411 0.0255467203 -0.0200901609
v 0.0379999802 0.0255420208 -0.0200864598
v 0.0379999802 0.0255855899 -0.0200306699
v 0.0379999802 0.0260000192 -0.0194999501
v 0.0379999802 0.0263137799 -0.0190744903
v 0.0379999802 0.0263620596 -0.0190051105
v 0.0379999802 0.0252214596 -0.0204968993
v 0.0488999411 0.0245618206 -0.0212829709
v 0.0379999802 0.0247837305 -0.0210148003
v 0.0379999802 0.0239512306 -0.0219587609
v 0.0379999802 0.0244123898 -0.0214542095
v 0.0379999802 0.0245590806 -0.0212806407
v 0.0379999802 0.0224242192 -0.02351778
v 0.0379999802 0.0226676408 -0.0232900307
v 0.0488999411 0.0224275496 -0.0235213004
v 0.0379999802 0.0230868403 -0.02286583
v 0.0488999411 0.0235213004 -0.0224275496
v 0.0379999802 0.0235206392 -0.0224268399
v 0.0379999802 0.0235583093 -0.0223886892
v 0.0379999802 0.0212539993 -0.0245785695
v 0.0379999802 0.0212788507 -0.0245571099
v 0.0488999411 0.0212829709 -0.0245618206
v 0.0379999802 0.0217360202 -0.0241618101
v 0.0379999802 0.0221885405 -0.0237383209
v 0.0379999802 0.0207694098 -0.0249975305
v 0.0488999411 0.0200901609 -0.0255467203
v 0.0379999802 0.0202802401 -0.0253879409
v 0.0379999802 0.0192639194 -0.0261685196
v 0.0379999802 0.0197641794 -0.0257997494
v 0.0379999802 0.0200867001 -0.0255423691
v 0.0488999411 0.0175707899 -0.0273407102
v 0.0379999802 0.0175701901 -0.0273398105
v 0.0379999802 0.0180094205 -0.0270545408
v 0.0379999802 0.0186149403 -0.0266411304
v 0.0379999802 0.0173945408 -0.0274538901
v 0.0488999411 0.0162499491 -0.0281457901
v 0.0379999802 0.0167704206 -0.0278393608
v 0.0379999802 0.0148920398 -0.0288865492
v 0.0379999802 0.01549369 -0.02856916
v 0.0488999411 0.0148923304 -0.0288871508
v 0.0379999802 0.0161368195 -0.0282111093
v 0.0379999802 0.0162494704 -0.0281450097
v 0.0379999802 0.01483976 -0.0289141499
v 0.0488999411 0.0135009801 -0.0295630004
v 0.0379999802 0.0141665302 -0.0292500202
v 0.0488999411 0.0120789995 -0.0301719308
v 0.0379999802 0.0121493302 -0.0301443897
v 0.0379999802 0.0128270304 -0.0298621599
v 0.0379999802 0.0134993698 -0.0295640808
v 0.0379999802 0.0106294705 -0.0307118203
v 0.0379999802 0.0107773496 -0.0306617003
v 0.0488999411 0.0106297098 -0.0307124797
v 0.0379999802 0.0114662005 -0.0304108802
v 0.0379999802 0.0120789995 -0.0301718693
v 0.0379999802 0.0100826602 -0.0308969598
v 0.0488999411 0.00915628579 -0.0311834794
v 0.0379999802 0.00938194897 -0.0311167203
v 0.0379999802 0.00766164018 -0.0315818116
v 0.0379999802 0.00796175003 -0.03150969
v 0.0488999411 0.00766211702 -0.0315838382
v 0.0379999802 0.00867509842 -0.0313209184
v 0.0379999802 0.00915586855 -0.0311820507
v 0.0379999802 0.00722247316 -0.0316873714
v 0.0488999411 0.00615066197 -0.0319126807
v 0.0379999802 0.00649505807 -0.0318446718
v 0.0379999802 0.00462502195 -0.0321680307
v 0.0379999802 0.00504821492 -0.0321062803
v 0.0488999411 0.00462520123 -0.0321691595
v 0.0379999802 0.00577235222 -0.0319837891
v 0.0379999802 0.00615030481 -0.0319110118
v 0.0379999802 0.00432258798 -0.0322121307
v 0.0488999411 0.00308930804 -0.0323528014
v 0.0379999802 0.00359517289 -0.0323014185
v 0.0379999802 0.00154632295 -0.0324621685
v 0.0379999802 0.00213438203 -0.0324303508
v 0.0488999411 0.00154638197 -0.0324631892
v 0.0379999802 0.00286584999 -0.0323741399
v 0.0379999802 0.00308918906 -0.0323518515
v 0.0379999802 -0.0175707899 -0.0273407102
v 0.0379999802 -0.0162499491 -0.0281457901
v 0.0488999411 -0.0162499491 -0.0281457901
v 0.0379999802 -0.0148923304 -0.0288871508
v 0.0488999411 -0.0148923304 -0.0288871508
v 0.0379999802 -0.0135009801 -0.0295630004
v 0.0488999411 -0.0135009801 -0.0295630004
v 0.0379999802 -0.0120789995 -0.0301719308
v 0.0488999411 -0.0120789995 -0.0301719308
v 0.0379999802 -0.0106297098 -0.0307124797
v 0.0488999411 -0.0106297098 -0.0307124797
v 0.0379999802 -0.00915628579 -0.0311834794
v 0.0488999411 -0.00915628579 -0.0311834794
v 0.0379999802 -0.00766211702 -0.0315838382
v 0.0488999411 -0.00766211702 -0.0315838382
v 0.0379999802 -0.00615066197 -0.0319126807
v 0.0488999411 -0.00615066197 -0.0319126807
v 0.0379999802 -0.00462520123 -0.0321691595
v 0.0488999411 -0.00462520123 -0.0321691595
v 0.0379999802 -0.00308930804 -0.0323528014
v 0.0488999411 -0.00308930804 -0.0323528014
v 0.0379999802 -0.00154638197 -0.0324631892
v 0.0488999411 -0.00154638197 -0.0324631892
v 0.0379999802 0 -0.0324999616
v 0.0488999411 0 -0.0324999616
v 0.0379999802 0.000664442021 -0.0324932896
v 0.0379999802 0.00140064897 -0.0324700996
v 0.0488999411 0 0
v 0.00199997402 0.0324999616 0.0277987104
v 0.00199997402 0.0324999616 0.0227999594
v 0.000951192982 0.0324830413 0.0227999594
v 0.000951308 -0.0324788615 0.0287153702
v 0.000951192982 -0.0324830413 0.0227999594
v 0.00199997402 -0.0324999616 0.0227999594
v 0.00199997402 -0.0324999616 0.0277987104
v 0.00199997402 -0.0324999616 0.0286832396
v 0.00165301503 -0.0324981213 0.0287153702
v 0.00199997402 -0.0324999616 0.0287153702
v 0.00199997402 0.0324999616 0.0287153702
v 0.00199997402 0.0324999616 0.0286832396
v 0.00165301503 0.0324981213 0.0287153702
v 0.000951308 0.0324788615 0.0287153702
v 0.000563114008 0.0324681886 0.0287153702
v -0.000584778027 0.0323970318 0.0227999594
v -0.000525214011 0.0324017406 0.0287153702
v -0.00211495091 0.0322384201 0.0227999594
v -0.00161069597 0.0322987996 0.0287153702
v -0.000584687979 0.0323960707 0.0287153702
v -0.0036358831 0.0320075713 0.0227999594
v -0.00269210292 0.0321594998 0.0287153702
v -0.0021143551 0.0322338901 0.0287153702
v -0.00514334394 0.0317013785 0.0287153702
v -0.00483787013 0.0317724906 0.0287153702
v -0.00514423801 0.0317050219 0.0227999594
v -0.00376820494 0.0319839716 0.0287153702
v -0.00363558508 0.0320056006 0.0287153702
v -0.00589984609 0.0315252505 0.0287153702
v -0.00663655903 0.0313314088 0.0227999594
v -0.00663554622 0.0313277207 0.0287153702
v -0.00695288088 0.0312424805 0.0287153702
v -0.00810950901 0.0308876 0.0227999594
v -0.00799590256 0.0309246108 0.0287153702
v -0.00955981016 0.0303746406 0.0227999594
v -0.00902760029 0.0305718705 0.0287153702
v -0.00810891297 0.0308859292 0.0287153702
v -0.0109842401 0.0297935605 0.0227999594
v -0.01004689 0.0301847402 0.0287153702
v -0.0095581999 0.0303703509 0.0287153702
v -0.0123777296 0.0291420799 0.0287153702
v -0.0120437704 0.0293090306 0.0287153702
v -0.0123795802 0.0291457698 0.0227999594
v -0.0110526597 0.0297636297 0.0287153702
v -0.0109838201 0.0297924802 0.0287153702
v -0.0130190197 0.0288214609 0.0287153702
v -0.0137426797 0.0284326598 0.0227999594
v -0.0137410704 0.0284296796 0.0287153702
v -0.0139773404 0.0283014104 0.0287153702
v -0.0150705501 0.0276558306 0.0227999594
v -0.0149177304 0.0277495291 0.0287153702
v -0.0163601004 0.02681702 0.0227999594
v -0.0158390906 0.0271664206 0.0287153702
v -0.0150691802 0.0276536904 0.0287153702
v -0.0176085792 0.0259181801 0.0227999594
v -0.0167403203 0.0265527293 0.0287153702
v -0.0163576007 0.0268133208 0.0287153702
v -0.0188102704 0.0249578897 0.0287153702
v -0.0184785705 0.0252364203 0.0287153702
v -0.0188130699 0.0249612294 0.0227999594
v -0.0176205002 0.0259091798 0.0287153702
v -0.0176084004 0.0259179398 0.0287153702
v -0.0193135701 0.0245352294 0.0287153702
v -0.0199709497 0.0239483695 0.0227999594
v -0.0199691001 0.0239462201 0.0287153702
v -0.0201246105 0.0238065105 0.0287153702
v -0.0210796501 0.0228818003 0.0227999594
v -0.0209107306 0.0230509602 0.0287153702
v -0.0221365597 0.0217640307 0.0227999594
v -0.0216711108 0.0222694203 0.0287153702
v -0.0210773908 0.0228796601 0.0287153702
v -0.0231388807 0.0205970407 0.0287153702
v -0.0231110398 0.0206321403 0.0287153702
v -0.0231394097 0.0205974504 0.0227999594
v -0.0224047806 0.0214628503 0.0287153702
v -0.0221334007 0.0217611697 0.0287153702
v -0.0237889793 0.0197781902 0.0287153702
v -0.0240859892 0.0193847399 0.0227999594
v -0.0240823608 0.0193820503 0.0287153702
v -0.0244379006 0.0189019404 0.0287153702
v -0.0249740407 0.0181286298 0.0227999594
v -0.0249723103 0.0181273799 0.0287153702
v -0.02505707 0.0180044696 0.0287153702
v -0.0258017108 0.0168318693 0.0227999594
v -0.0256458502 0.0170866791 0.0287153702
v -0.0265670996 0.0154973799 0.0227999594
v -0.0262034498 0.0161496904 0.0287153702
v -0.0257986095 0.0168300197 0.0287153702
v -0.0272669699 0.0141275497 0.0287153702
v -0.0272228103 0.0142222596 0.0287153702
v -0.02726846 0.0141281998 0.0227999594
v -0.0267292801 0.0151945297 0.0287153702
v -0.0265636407 0.0154954698 0.0287153702
v -0.0276834909 0.01323401 0.0287153702
v -0.0279042106 0.0127273202 0.0227999594
v -0.0279000401 0.0127255302 0.0287153702
v -0.0281106792 0.0122308098 0.0287153702
v -0.0284730103 0.0112979999 0.0227999594
v -0.0284717008 0.0112974597 0.0287153702
v -0.0285040103 0.0112138903 0.0287153702
v -0.0289735105 0.00984328892 0.0227999594
v -0.0288630109 0.0101843402 0.0287153702
v -0.0294045806 0.00836652517 0.0227999594
v -0.0291873198 0.00914329197 0.0287153702
v -0.0289696399 0.00984209683 0.0287153702
v -0.0297630392 0.00687056687 0.0287153702
v -0.0297302008 0.00703155901 0.0287153702
v -0.0297653005 0.00687104417 0.0227999594
v -0.0294764601 0.00809198618 0.0287153702
v -0.0294011794 0.0083656311 0.0287153702
v -0.0299482308 0.00596320583 0.0287153702
v -0.0300548598 0.0053601861 0.0227999594
v -0.0300504491 0.00535941077 0.0287153702
v -0.0301302597 0.00488817599 0.0287153702
v -0.0302726608 0.00383728696 0.0227999594
v -0.0302721206 0.00383722689 0.0287153702
v -0.03027617 0.00380760408 0.0287153702
v -0.0304180905 0.00230580498 0.0227999594
v -0.0303857308 0.00272279908 0.0287153702
v -0.0304908697 0.000769187987 0.0227999594
v -0.0304588005 0.00163489499 0.0287153702
v -0.0304137394 0.00230550696 0.0287153702
v -0.0304878894 -0.000769087987 0.0287153702
v -0.0304953996 -0.000545178016 0.0287153702
v -0.0304908697 -0.000769187987 0.0227999594
v -0.0304953996 0.000545178016 0.0287153702
v -0.0304878894 0.000769087987 0.0287153702
v -0.0304588005 -0.00163489499 0.0287153702
v -0.0304180905 -0.00230580498 0.0227999594
v -0.0304137394 -0.00230550696 0.0287153702
v -0.0303857308 -0.00272279908 0.0287153702
v -0.0302726608 -0.00383728696 0.0227999594
v -0.03027617 -0.00380760408 0.0287153702
v -0.0300548598 -0.0053601861 0.0227999594
v -0.0301302597 -0.00488817599 0.0287153702
v -0.0302721206 -0.00383722689 0.0287153702
v -0.0297653005 -0.00687104417 0.0227999594
v -0.0299482308 -0.00596320583 0.0287153702
v -0.0300504491 -0.00535941077 0.0287153702
v -0.0294011794 -0.0083656311 0.0287153702
v -0.0294764601 -0.00809198618 0.0287153702
v -0.0294045806 -0.00836652517 0.0227999594
v -0.0297302008 -0.00703155901 0.0287153702
v -0.0297630392 -0.00687056687 0.0287153702
v -0.0291873198 -0.00914329197 0.0287153702
v -0.0289735105 -0.00984328892 0.0227999594
v -0.0289696399 -0.00984209683 0.0287153702
v -0.0288630109 -0.0101843402 0.0287153702
v -0.0284730103 -0.0112979999 0.0227999594
v -0.0285040103 -0.0112138903 0.0287153702
v -0.0279042106 -0.0127273202 0.0227999594
v -0.0281106792 -0.0122308098 0.0287153702
v -0.0284717008 -0.0112974597 0.0287153702
v -0.02726846 -0.0141281998 0.0227999594
v -0.0276834909 -0.01323401 0.0287153702
v -0.0279000401 -0.0127255302 0.0287153702
v -0.0265636407 -0.0154954698 0.0287153702
v -0.0267292801 -0.0151945297 0.0287153702
v -0.0265670996 -0.0154973799 0.0227999594
v -0.0272228103 -0.0142222596 0.0287153702
v -0.0272669699 -0.0141275497 0.0287153702
v -0.0262034498 -0.0161496904 0.0287153702
v -0.0258017108 -0.0168318693 0.0227999594
v -0.0257986095 -0.0168300197 0.0287153702
v -0.0256458502 -0.0170866791 0.0287153702
v -0.0249740407 -0.0181286298 0.0227999594
v -0.02505707 -0.0180044696 0.0287153702
v -0.0240859892 -0.0193847399 0.0227999594
v -0.0244379006 -0.0189019404 0.0287153702
v -0.0249723103 -0.0181273799 0.0287153702
v -0.0231394097 -0.0205974504 0.0227999594
v -0.0237889793 -0.0197781902 0.0287153702
v -0.0240823608 -0.0193820503 0.0287153702
v -0.0221334007 -0.0217611697 0.0287153702
v -0.0224047806 -0.0214628503 0.0287153702
v -0.0221365597 -0.0217640307 0.0227999594
v -0.0231110398 -0.0206321403 0.0287153702
v -0.0231388807 -0.0205970407 0.0287153702
v -0.0216711108 -0.0222694203 0.0287153702
v -0.0210796501 -0.0228818003 0.0227999594
v -0.0210773908 -0.0228796601 0.0287153702
v -0.0209107306 -0.0230509602 0.0287153702
v -0.0199709497 -0.0239483695 0.0227999594
v -0.0201246105 -0.0238065105 0.0287153702
v -0.0184785705 -0.0252364203 0.0287153702
v -0.0188102704 -0.0249578897 0.0287153702
v -0.0188130699 -0.0249612294 0.0227999594
v -0.0193135701 -0.0245352294 0.0287153702
v -0.0199691001 -0.0239462201 0.0287153702
v -0.0163601004 -0.02681702 0.0227999594
v -0.0167403203 -0.0265527293 0.0287153702
v -0.0176085792 -0.0259181801 0.0227999594
v -0.0176084004 -0.0259179398 0.0287153702
v -0.0176205002 -0.0259091798 0.0287153702
v -0.0150705501 -0.0276558306 0.0227999594
v -0.0158390906 -0.0271664206 0.0287153702
v -0.0163576007 -0.0268133208 0.0287153702
v -0.0137410704 -0.0284296796 0.0287153702
v -0.0139773404 -0.0283014104 0.0287153702
v -0.0137426797 -0.0284326598 0.0227999594
v -0.0149177304 -0.0277495291 0.0287153702
v -0.0150691802 -0.0276536904 0.0287153702
v -0.0130190197 -0.0288214609 0.0287153702
v -0.0123795802 -0.0291457698 0.0227999594
v -0.0123777296 -0.0291420799 0.0287153702
v -0.0120437704 -0.0293090306 0.0287153702
v -0.0109842401 -0.0297935605 0.0227999594
v -0.0110526597 -0.0297636297 0.0287153702
v -0.00955981016 -0.0303746406 0.0227999594
v -0.01004689 -0.0301847402 0.0287153702
v -0.0109838201 -0.0297924802 0.0287153702
v -0.00810950901 -0.0308876 0.0227999594
v -0.00902760029 -0.0305718705 0.0287153702
v -0.0095581999 -0.0303703509 0.0287153702
v -0.00663554622 -0.0313277207 0.0287153702
v -0.00695288088 -0.0312424805 0.0287153702
v -0.00663655903 -0.0313314088 0.0227999594
v -0.00799590256 -0.0309246108 0.0287153702
v -0.00810891297 -0.0308859292 0.0287153702
v -0.00589984609 -0.0315252505 0.0287153702
v -0.00514423801 -0.0317050219 0.0227999594
v -0.00514334394 -0.0317013785 0.0287153702
v -0.00483787013 -0.0317724906 0.0287153702
v -0.0036358831 -0.0320075713 0.0227999594
v -0.00376820494 -0.0319839716 0.0287153702
v -0.00211495091 -0.0322384201 0.0227999594
v -0.00269210292 -0.0321594998 0.0287153702
v -0.00363558508 -0.0320056006 0.0287153702
v -0.000584778027 -0.0323970318 0.0227999594
v -0.00161069597 -0.0322987996 0.0287153702
v -0.0021143551 -0.0322338901 0.0287153702
v 0.000563114008 -0.0324681886 0.0287153702
v -0.000525214011 -0.0324017406 0.0287153702
v -0.000584687979 -0.0323960707 0.0287153702
v -0.0139899803 -0.0226559006 0.0345872603
v -0.0138152204 -0.0227819607 0.0345872603
v -0.0127691003 -0.0212749802 0.034959849
v -0.0246092603 0.00780111505 0.0345872603
v -0.0247076098 0.00747275306 0.0345872603
v -0.0229409896 0.00697845221 0.034959849
v -0.0147415297 0.0221074801 0.0345872603
v -0.0154293701 0.0215721093 0.0345872603
v -0.0142764999 0.0201451704 0.034959849
v -0.000154491994 0.02764499 0.0345872603
v -0.000701233977 0.0276014805 0.0345872603
v -0.000522557995 0.0257757902 0.034959849
v 0.000774051994 0.0277016703 0.0345872603
v 0.000304374 0.0276814606 0.0345872603
v 0.000416532013 0.0258504692 0.034959849
v 0.00197076704 0.000476296991 0.0374991186
v 0.001988112 0.00047704301 0.0374991186
v 0.00194549502 0.00219649007 0.0374816582
v 0.00162756396 -0.00216537691 0.0374816582
v 0.00193625595 -0.000472916989 0.0374991186
v 0.00191909005 -0.000470286992 0.0374991186
v 0.00199997402 0 0.0374999605
v 0.000441218988 -0.00154846895 0.0374816582
v 0.00167387701 -0.000348395988 0.0374991186
v 0.00166141905 -0.000336307014 0.0374991186
v -0.000167824997 -0.000358063 0.0374816582
v 0.00153231598 -9.48356974e-05 0.0374991186
v 0.00152915705 -7.77645982e-05 0.0374991186
v 2.6058e-05 0.000965001003 0.0374816582
v 0.00156390597 0.000193850006 0.0374991186
v 0.00157129695 0.000209580001 0.0374991186
v 0.00195348193 0.000474920991 0.0374991186
v 0.00199997402 -0.0207653008 0.0358650014
v 0.00199997402 -0.0204040408 0.0359233618
v 0.00149398996 -0.0203977805 0.0359233618
v 0.001988112 -0.00047704301 0.0374991186
v 0.00199997402 -0.000477190013 0.0374991186
v 0.00199997402 0.0110387197 0.0370347388
v 0.00199997402 0.0112847602 0.0370126888
v 0.00172012998 0.0112817204 0.0370176993
v 0.00199997402 0.0164711997 0.03646731
v 0.00199997402 0.0167507492 0.0364317186
v 0.00158452895 0.0167462807 0.0364373289
v 0.00170391705 0.0277296901 0.0345872603
v 0.00131219602 0.0277248602 0.0345872603
v 0.00135767402 0.0258909408 0.034959849
v 0.00199997402 0.0259878598 0.0349367186
v 0.00199997402 0.02773338 0.0345872603
v 0.00199997402 0.0258978605 0.0349547192
v 0.00199997402 0.0251344405 0.0351075493
v 0.00140315201 0.0240575001 0.0353068709
v 0.00199997402 0.0240638796 0.0353010818
v 0.00199997402 0.0241536405 0.0352848098
v 0.00199997402 0.0222329404 0.0356253907
v 0.00199997402 0.0223889295 0.0356000587
v 0.00144857098 0.0222265106 0.0356279612
v 0.00199997402 0.0225902703 0.0355673991
v 0.00199997402 0.0202949606 0.0359401703
v 0.00199997402 0.0204039197 0.0359224603
v 0.00149398996 0.0203977805 0.0359233618
v 0.00199997402 0.0207651202 0.0358638093
v 0.00199997402 0.01786834 0.0362893306
v 0.00199997402 0.0180563908 0.0362653695
v 0.00153928902 0.0185710695 0.0361930691
v 0.00199997402 0.0185763203 0.0361898504
v 0.00199997402 0.0192914009 0.0360859595
v 0.00199997402 0.0149273202 0.0366514884
v 0.00199997402 0.0150955301 0.0366331898
v 0.00162976899 0.0149232699 0.0366560817
v 0.00199997402 0.0155952498 0.0365788899
v 0.00199997402 0.0123833399 0.0369142182
v 0.00199997402 0.0131045496 0.0368496105
v 0.00167495001 0.0131018097 0.0368494913
v 0.00199997402 0.0137342801 0.0367811918
v 0.00176525104 0.00946289301 0.0371606313
v 0.00199997402 0.0094653964 0.0371546112
v 0.00199997402 0.00969600584 0.0371384583
v 0.00199997402 0.0105560403 0.0370780192
v 0.00199997402 0.00835168269 0.0372328684
v 0.00181031204 0.00764513016 0.0372784697
v 0.00199997402 0.00799709465 0.0372577906
v 0.00199997402 0.00764733506 0.037275549
v 0.00190043403 0.00401210692 0.0374389812
v 0.00199997402 0.00401312113 0.0374325514
v 0.00199997402 0.00426608277 0.0374246798
v 0.00199997402 0.00540792895 0.0373891518
v 0.00199997402 0.00564086391 0.0373772904
v 0.00185537303 0.00582826091 0.0373712704
v 0.00199997402 0.00582986977 0.0373677611
v 0.00199997402 0.00700110104 0.0373083316
v 0.00199997402 0.00278913905 0.0374706313
v 0.00199997402 0.00287204911 0.0374680087
v 0.00199997402 0.00145196903 0.0374866687
v 0.00199997402 0.00219714595 0.0374777317
v 0.00199997402 0.000387464999 0.0374994203
v 0.00199997402 0.000477180991 0.0374983512
v 0.00199997402 -0.00145202805 0.0374892317
v 0.00194549502 -0.00219649007 0.0374816582
v 0.00199997402 -0.00219714595 0.0374816582
v 0.00199997402 -0.00287198997 0.0374658108
v 0.00190043403 -0.00401210692 0.0374389812
v 0.00199997402 -0.00401329901 0.0374389812
v 0.00185537303 -0.00582826091 0.0373712704
v 0.00199997402 -0.00583004905 0.0373712704
v 0.00199997402 -0.00564092305 0.0373783112
v 0.00199997402 -0.00426620198 0.0374295712
v 0.00199997402 -0.00700127985 0.0373114906
v 0.00181031204 -0.00764513016 0.0372784697
v 0.00199997402 -0.00764745381 0.0372784697
v 0.00199997402 -0.00835174322 0.0372328684
v 0.00176525104 -0.00946289301 0.0371606313
v 0.00199997402 -0.00946581271 0.0371606313
v 0.00172012998 -0.0112817204 0.0370176993
v 0.00199997402 -0.0112851802 0.0370176993
v 0.00199997402 -0.0110388901 0.0370370112
v 0.00199997402 -0.00969630387 0.0371425115
v 0.00199997402 -0.0123835197 0.0369162485
v 0.00167495001 -0.0131018097 0.0368494913
v 0.00199997402 -0.0131058004 0.0368494913
v 0.00158452895 -0.0167462807 0.0364373289
v 0.00199997402 -0.0167514607 0.0364373289
v 0.00199997402 -0.0164716803 0.03647089
v 0.00162976899 -0.0149232699 0.0366560817
v 0.00199997402 -0.0150958197 0.0366359316
v 0.00199997402 -0.0149278603 0.0366560817
v 0.00199997402 -0.0137344496 0.0367828012
v 0.00199997402 -0.0178680997 0.0362879001
v 0.00153928902 -0.0185710695 0.0361930691
v 0.00199997402 -0.0185768008 0.0361930691
v 0.00199997402 -0.01929163 0.0360875688
v 0.00199997402 -0.0222333595 0.0356279612
v 0.00144857098 -0.0222265106 0.0356279612
v 0.00199997402 -0.0223889891 0.0356006585
v 0.00140315201 -0.0240575001 0.0353068709
v 0.00199997402 -0.0240649506 0.0353068709
v 0.00199997402 -0.0241545402 0.0352898799
v 0.00135767402 -0.0258909408 0.034959849
v 0.00199997402 -0.0258989297 0.034959849
v 0.00131219602 -0.0277248602 0.0345872603
v 0.00170391705 -0.0277296901 0.0345872603
v 0.00199997402 -0.0259888098 0.0349415503
v 0.00199997402 -0.02773338 0.0345872603
v 0.00186562503 0.002193033 0.0374816582
v 0.00193625595 0.000472916989 0.0374991186
v -0.00153905095 0.00189256598 0.0374389812
v 6.24614986e-05 0.00103610696 0.0374816582
v 0.00157916499 0.000225033 0.0374991186
v -0.00198084093 -0.000509590027 0.0374389812
v -0.000179413997 -0.000278986001 0.0374816582
v 0.00152665295 -6.05905007e-05 0.0374991186
v -0.000948224973 -0.00272303796 0.0374389812
v 0.000385932013 -0.00149077096 0.0374816582
v 0.00164943899 -0.000323771994 0.0374991186
v 0.00117635704 -0.00392788602 0.0374389812
v 0.001549065 -0.00215041591 0.0374816582
v 0.001902043 -0.000467033999 0.0374991186
v 0.00178599299 0.0021867149 0.0374816582
v 0.001754581 0.0040058489 0.0374389812
v 0.00191909005 0.000470286992 0.0374991186
v -0.00303769112 0.00293445494 0.0373712704
v -0.001467883 0.00202006102 0.0374389812
v 0.000101423997 0.001105904 0.0374816582
v 0.00158762897 0.000240188005 0.0374991186
v -0.00380593492 -0.000529461016 0.0373712704
v -0.0019967549 -0.00036447501 0.0374389812
v -0.000188115999 -0.000199539994 0.0374816582
v 0.00152474595 -4.33362984e-05 0.0374991186
v -0.00242376304 -0.00379729201 0.0373712704
v -0.00104528596 -0.00261402107 0.0374389812
v 0.000332783995 -0.00143104699 0.0374816582
v 0.00163787603 -0.000310809002 0.0374991186
v 0.000596854021 -0.00565868616 0.0373712704
v 0.00103408005 -0.00389534188 0.0374389812
v 0.00147116103 -0.00213259389 0.0374816582
v 0.00188511598 -0.000463164004 0.0374991186
v 0.00170659996 0.00217747595 0.0374816582
v 0.00160908594 0.00399422599 0.0374389812
v 0.00164353801 0.00581914093 0.0373712704
v 0.001902043 0.000467033999 0.0374991186
v -0.00446373178 0.00408702996 0.0372784697
v -0.0029276011 0.0031157129 0.0373712704
v -0.00139212597 0.00214481307 0.0374389812
v 0.000142902005 0.00117421104 0.0374816582
v 0.00159662904 0.000255024992 0.0374991186
v -0.005636096 -0.000417075003 0.0372784697
v -0.00382137205 -0.00031795699 0.0373712704
v -0.00200736499 -0.000218878005 0.0374389812
v -0.000193928005 -0.000119828997 0.0374816582
v 0.00152349402 -2.60246998e-05 0.0374991186
v -0.00398015883 -0.00476670219 0.0372784697
v -0.00255894591 -0.00363385607 0.0373712704
v -0.00113832904 -0.00250148703 0.0374389812
v 0.00028184001 -0.00136947597 0.0374816582
v 0.00162684906 -0.000297435006 0.0374991186
v -0.000109289002 -0.00735086203 0.0372784697
v 0.000391985988 -0.00560390903 0.0373712704
v 0.000893060002 -0.00385767198 0.0374389812
v 0.00139397301 -0.00211191108 0.0374816582
v 0.00186836696 -0.000458680996 0.0374991186
v 0.00162756396 0.00216537691 0.0374816582
v 0.00146406796 0.00397735788 0.0374389812
v 0.00143211999 0.00580233289 0.0373712704
v 0.001532375 0.00763314916 0.0372784697
v 0.00188511598 0.000463164004 0.0374991186
v -0.00581133319 0.00534641696 0.0371606313
v -0.00431084586 0.00431936886 0.0372784697
v -0.00281107402 0.0032928579 0.0373712704
v -0.00131183804 0.00226676394 0.0374389812
v 0.000186834004 0.00124096801 0.0374816582
v 0.00160616601 0.000269523996 0.0374991186
v -0.00746423006 -0.000172157001 0.0371606313
v -0.00564622786 -0.000139085998 0.0372784697
v -0.00382906105 -0.000106031999 0.0373712704
v -0.00201267004 -7.29915992e-05 0.0374389812
v -0.000196833993 -3.99607998e-05 0.0374816582
v 0.00152283895 -8.67874041e-06 0.0374991186
v -0.00561171677 -0.00562697602 0.0371606313
v -0.00414955616 -0.00454604579 0.0372784697
v -0.00268810894 -0.003465652 0.0373712704
v -0.00122725905 -0.00238573505 0.0374389812
v 0.000233169005 -0.001306116 0.0374816582
v 0.00161623897 -0.000283667003 0.0374991186
v -0.000939983991 -0.00899767783 0.0371606313
v -0.000375230011 -0.0072692628 0.0372784697
v 0.000189244005 -0.00554168178 0.0373712704
v 0.000753495027 -0.00381481601 0.0374389812
v 0.00131755997 -0.00208848692 0.0374816582
v 0.00185173703 -0.000453590008 0.0374991186
v 0.001549065 0.00215041591 0.0374816582
v 0.00131976604 0.00395524502 0.0374389812
v 0.00122147705 0.00577783491 0.0373712704
v 0.00125509501 0.00761109497 0.0372784697
v 0.00142121303 0.00944811106 0.0371606313
v 0.00186836696 0.000458680996 0.0374991186
v -0.00707477285 0.00670850184 0.0370176993
v -0.00561171677 0.00562697602 0.0371606313
v -0.00414955616 0.00454604579 0.0372784697
v -0.00268810894 0.003465652 0.0373712704
v -0.00122725905 0.00238573505 0.0374389812
v 0.000233169005 0.001306116 0.0374816582
v 0.00161623897 0.000283667003 0.0374991186
v -0.00928330421 0.000205246004 0.0370176993
v -0.00746423006 0.000172157001 0.0371606313
v -0.00564622786 0.000139085998 0.0372784697
v -0.00382906105 0.000106031999 0.0373712704
v -0.00201267004 7.29915992e-05 0.0374389812
v -0.000196833993 3.99607998e-05 0.0374816582
v 0.00152283895 8.67874041e-06 0.0374991186
v -0.00731271505 -0.00637406111 0.0370176993
v -0.00581133319 -0.00534641696 0.0371606313
v -0.00431084586 -0.00431936886 0.0372784697
v -0.00281107402 -0.0032928579 0.0373712704
v -0.00131183804 -0.00226676394 0.0374389812
v 0.000186834004 -0.00124096801 0.0374816582
v 0.00160616601 -0.000269523996 0.0374991186
v -0.00189286401 -0.0105925202 0.0370176993
v -0.00126522698 -0.00888478663 0.0371606313
v -0.000638030993 -0.00717806816 0.0372784697
v -1.11017998e-05 -0.00547218323 0.0373712704
v 0.000615578028 -0.00376701308 0.0374389812
v 0.00124204101 -0.00206232001 0.0374816582
v 0.00183534599 -0.000447900005 0.0374991186
v 0.00147116103 0.00213259389 0.0374816582
v 0.00117635704 0.00392788602 0.0374389812
v 0.00101184798 0.00574570801 0.0373712704
v 0.000978820026 0.007578969 0.0372784697
v 0.00107800902 0.00942081213 0.0371606313
v 0.00130998995 0.0112640802 0.0370176993
v 0.00185173703 0.000453590008 0.0374991186
v -0.00824844837 0.00816893484 0.0368494913
v -0.00682479097 0.00703412201 0.0370176993
v -0.00540202809 0.00590008404 0.0371606313
v -0.00398015883 0.00476670219 0.0372784697
v -0.00255894591 0.00363385607 0.0373712704
v -0.00113832904 0.00250148703 0.0374389812
v 0.00028184001 0.00136947597 0.0374816582
v 0.00162684906 0.000297435006 0.0374991186
v -0.0110863401 0.000714758993 0.0368494913
v -0.00926840305 0.000615467026 0.0370176993
v -0.00745171309 0.000516241998 0.0371606313
v -0.005636096 0.000417075003 0.0372784697
v -0.00382137205 0.00031795699 0.0373712704
v -0.00200736499 0.000218878005 0.0374389812
v -0.000193928005 0.000119828997 0.0374816582
v 0.00152349402 2.60246998e-05 0.0374991186
v -0.00907719135 -0.00700414088 0.0368494913
v -0.00753837777 -0.00603115512 0.0370176993
v -0.00600063801 -0.00505876495 0.0371606313
v -0.00446373178 -0.00408702996 0.0372784697
v -0.0029276011 -0.0031157129 0.0373712704
v -0.00139212597 -0.00214481307 0.0374389812
v 0.000142902005 -0.00117421104 0.0374816582
v 0.00159662904 -0.000255024992 0.0374991186
v -0.00296527101 -0.0121288197 0.0368494913
v -0.00227552606 -0.0104439203 0.0370176993
v -0.00158619799 -0.00876015425 0.0371606313
v -0.000897341 -0.00707739498 0.0372784697
v -0.000208787998 -0.00539541198 0.0373712704
v 0.000479492999 -0.003714144 0.0374389812
v 0.00116753497 -0.00203335192 0.0374816582
v 0.00181919301 -0.000441617012 0.0374991186
v 0.00139397301 0.00211191108 0.0374816582
v 0.00103408005 0.00389534188 0.0374389812
v 0.000803582021 0.00570595218 0.0373712704
v 0.000703860016 0.00753682805 0.0372784697
v 0.000736016023 0.0093810549 0.0371606313
v 0.000900819025 0.0112315398 0.0370176993
v 0.00119864906 0.0130813103 0.0368494913
v 0.00183534599 0.000447900005 0.0374991186
v -0.0093271127 0.00972294807 0.0366560817
v -0.00794458296 0.00853621867 0.0368494913
v -0.00656312704 0.00735038519 0.0370176993
v -0.00518256379 0.00616538478 0.0371606313
v -0.00380283501 0.00498104002 0.0372784697
v -0.00242376304 0.00379729201 0.0373712704
v -0.00104528596 0.00261402107 0.0374389812
v 0.000332783995 0.00143104699 0.0374816582
v 0.00163787603 0.000310809002 0.0374991186
v -0.0128661301 0.00135564804 0.0366560817
v -0.0110516502 0.00119018496 0.0368494913
v -0.00923854113 0.00102484203 0.0370176993
v -0.00742667913 0.000859645021 0.0371606313
v -0.00561589003 0.000694511982 0.0372784697
v -0.00380593492 0.000529461016 0.0373712704
v -0.0019967549 0.00036447501 0.0374389812
v -0.000188115999 0.000199539994 0.0374816582
v 0.00152474595 4.33362984e-05 0.0374991186
v -0.0108989999 -0.00751370098 0.0366560817
v -0.00932461023 -0.00659662392 0.0368494913
v -0.00775140477 -0.00568026304 0.0370176993
v -0.00617927313 -0.00476449681 0.0371606313
v -0.00460809423 -0.00384926703 0.0372784697
v -0.00303769112 -0.00293445494 0.0373712704
v -0.001467883 -0.00202006102 0.0374389812
v 0.000101423997 -0.001105904 0.0374816582
v 0.00158762897 -0.000240188005 0.0374991186
v -0.004154264 -0.0136002302 0.0366560817
v -0.00340306689 -0.0119402399 0.0368494913
v -0.00265252497 -0.0102815004 0.0370176993
v -0.00190240098 -0.0086239567 0.0371606313
v -0.00115281297 -0.00696730614 0.0372784697
v -0.000403549988 -0.00531154778 0.0373712704
v 0.000345423003 -0.0036563871 0.0374389812
v 0.001094162 -0.00200176192 0.0374816582
v 0.00180321897 -0.000434749993 0.0374991186
v 0.00131755997 0.00208848692 0.0374816582
v 0.000893060002 0.00385767198 0.0374389812
v 0.000596854021 0.00565868616 0.0373712704
v 0.000430612999 0.00748473406 0.0372784697
v 0.000395681011 0.00932884216 0.0371606313
v 0.000493071973 0.0111841504 0.0370176993
v 0.000723487989 0.01304352 0.0368494913
v 0.001087307 0.0148999002 0.0366560817
v 0.00181919301 0.000441617012 0.0374991186
v -0.0103056403 0.01136583 0.0364373289
v -0.00896602776 0.0101284897 0.0366560817
v -0.00762754586 0.00889223814 0.0368494913
v -0.00629013684 0.00765699102 0.0370176993
v -0.00495362189 0.00642251922 0.0371606313
v -0.00361782289 0.00518876314 0.0372784697
v -0.00228273799 0.00395566178 0.0373712704
v -0.000948224973 0.00272303796 0.0374389812
v 0.000385932013 0.00149077096 0.0374816582
v 0.00164943899 0.000323771994 0.0374991186
v -0.0146158896 0.00212699105 0.0364373289
v -0.0128070097 0.00189542701 0.0366560817
v -0.0109997299 0.00166404201 0.0368494913
v -0.00919383671 0.00143289496 0.0370176993
v -0.00738918688 0.00120186806 0.0371606313
v -0.0055855508 0.000971029978 0.0372784697
v -0.00378286792 0.000740264019 0.0373712704
v -0.00198084093 0.000509590027 0.0374389812
v -0.000179413997 0.000278986001 0.0374816582
v 0.00152665295 6.05905007e-05 0.0374991186
v -0.0127718402 -0.00789964106 0.0364373289
v -0.0111637097 -0.00703966618 0.0366560817
v -0.00955700781 -0.00618040515 0.0368494913
v -0.0079515567 -0.00532185985 0.0370176993
v -0.00634717895 -0.00446385099 0.0371606313
v -0.00474369479 -0.00360637903 0.0372784697
v -0.0031410451 -0.00274932291 0.0373712704
v -0.00153905095 -0.00189256598 0.0374389812
v 6.24614986e-05 -0.00103610696 0.0374816582
v 0.00157916499 -0.000225033 0.0374991186
v -0.00545650721 -0.0150003396 0.0364373289
v -0.00464481115 -0.0133674098 0.0366560817
v -0.00383377005 -0.0117357904 0.0368494913
v -0.00302332593 -0.0101054898 0.0370176993
v -0.00221347809 -0.008476316 0.0371606313
v -0.00140410603 -0.00684803678 0.0372784697
v -0.000595130026 -0.00522059202 0.0373712704
v 0.000213541003 -0.00359380199 0.0374389812
v 0.00102192105 -0.00196748902 0.0374816582
v 0.00178754295 -0.000427307998 0.0374991186
v 0.00124204101 0.00206232001 0.0374816582
v 0.000753495027 0.00381481601 0.0374389812
v 0.000391985988 0.00560390903 0.0373712704
v 0.000159446005 0.00742268516 0.0372784697
v 5.74658989e-05 0.00926434901 0.0371606313
v 8.73203971e-05 0.0111219203 0.0370176993
v 0.000249962992 0.0129884398 0.0368494913
v 0.000546023017 0.0148568703 0.0366560817
v 0.000975809991 0.0167201106 0.0364373289
v 0.00180321897 0.000434749993 0.0374991186
v -0.0111791398 0.0130922701 0.0361930691
v -0.00988417771 0.0118058296 0.0364373289
v -0.00859040022 0.0105206296 0.0366560817
v -0.00729781296 0.00923651364 0.0368494913
v -0.00600618077 0.00795340538 0.0370176993
v -0.00471544219 0.00667113019 0.0371606313
v -0.0034254191 0.00538968993 0.0372784697
v -0.00213605096 0.00410878612 0.0373712704
v -0.000847243005 0.00282841898 0.0374389812
v 0.000441218988 0.00154846895 0.0374816582
v 0.00166141905 0.000336307014 0.0374991186
v -0.0163284503 0.00302731898 0.0361930691
v -0.0145274904 0.00272983289 0.0364373289
v -0.0127282701 0.0024326439 0.0366560817
v -0.0109305903 0.00213575293 0.0368494913
v -0.00913435221 0.00183904101 0.0370176993
v -0.00733923912 0.00154256797 0.0371606313
v -0.00554525806 0.00124621298 0.0372784697
v -0.00375211192 0.000950088026 0.0373712704
v -0.00195968105 0.000654030999 0.0374389812
v -0.000167824997 0.000358063 0.0374816582
v 0.00152915705 7.77645982e-05 0.0374991186
v -0.0146891996 -0.00815886166 0.0361930691
v -0.0130493604 -0.00735718012 0.0364373289
v -0.0114110699 -0.00655627204 0.0366560817
v -0.00977414846 -0.00575602008 0.0368494913
v -0.00813853741 -0.00495642377 0.0370176993
v -0.00650399877 -0.00415730383 0.0371606313
v -0.0048704138 -0.00335872103 0.0372784697
v -0.003237664 -0.0025604961 0.0373712704
v -0.00160551001 -0.00176262797 0.0374389812
v 2.6058e-05 -0.000965001003 0.0374816582
v 0.00157129695 -0.000209580001 0.0374991186
v -0.00686854078 -0.0163231399 0.0361930691
v -0.00599712087 -0.0147192404 0.0364373289
v -0.00512653496 -0.0131168896 0.0366560817
v -0.00425672485 -0.0115159098 0.0368494913
v -0.00338756992 -0.0099161258 0.0370176993
v -0.00251895096 -0.00831746962 0.0371606313
v -0.00165086903 -0.00671970798 0.0372784697
v -0.000783280004 -0.00512277987 0.0373712704
v 8.40197972e-05 -0.00352644897 0.0374389812
v 0.000951054972 -0.00193059398 0.0374816582
v 0.00177216495 -0.000419299991 0.0374991186
v 0.00116753497 0.00203335192 0.0374816582
v 0.000615578028 0.00376701308 0.0374389812
v 0.000189244005 0.00554168178 0.0373712704
v -0.000109289002 0.00735086203 0.0372784697
v -0.00027817901 0.00918757915 0.0371606313
v -0.000315901008 0.0110450303 0.0370176993
v -0.000221249007 0.0129161999 0.0368494913
v 6.66413007e-06 0.0147941699 0.0366560817
v 0.000368404988 0.0166717693 0.0364373289
v 0.000864206988 0.0185420495 0.0361930691
v 0.00178754295 0.000427307998 0.0374991186
v -0.0119429203 0.0148969796 0.0359233618
v -0.0106942598 0.0135629103 0.0361930691
v -0.00944691803 0.01223021 0.0364373289
v -0.00820082426 0.0108988201 0.0366560817
v -0.0069557419 0.00956857204 0.0368494913
v -0.00571161509 0.00823932793 0.0370176993
v -0.00446838094 0.00691097882 0.0371606313
v -0.00322580291 0.00558340503 0.0372784697
v -0.00198388007 0.00425648596 0.0373712704
v -0.000742491975 0.00293010403 0.0374389812
v 0.00049856602 0.00160413899 0.0374816582
v 0.00167387701 0.000348395988 0.0374991186
v -0.0179970209 0.00405502319 0.0359233618
v -0.0162062608 0.003691911 0.0361930691
v -0.0144172898 0.00332909799 0.0364373289
v -0.0126301004 0.00296670105 0.0366560817
v -0.0108444002 0.00260460307 0.0368494913
v -0.00906008389 0.00224274304 0.0370176993
v -0.00727701094 0.00188118196 0.0371606313
v -0.0054949522 0.001519799 0.0372784697
v -0.00371372607 0.00115865399 0.0373712704
v -0.00193327595 0.000797606015 0.0374389812
v -0.000153367 0.000436666014 0.0374816582
v 0.00153231598 9.48356974e-05 0.0374991186
v -0.0166445896 -0.00828879979 0.0359233618
v -0.0149748903 -0.007546484 0.0361930691
v -0.0133069698 -0.00680500222 0.0364373289
v -0.0116405999 -0.00606417609 0.0366560817
v -0.00997567084 -0.00532400608 0.0368494913
v -0.0083120456 -0.00458437204 0.0370176993
v -0.00664955284 -0.00384533405 0.0371606313
v -0.00498801423 -0.00310665299 0.0372784697
v -0.00332731009 -0.00236833002 0.0373712704
v -0.00166726101 -0.00163030601 0.0374389812
v -7.73039028e-06 -0.000892574026 0.0374816582
v 0.00156390597 -0.000193850006 0.0374991186
v -0.0083864918 -0.0175626203 0.0359233618
v -0.00745636178 -0.01598984 0.0361930691
v -0.00652718497 -0.0144186597 0.0364373289
v -0.00559890177 -0.0128490301 0.0366560817
v -0.00467139389 -0.0112807099 0.0368494913
v -0.00374460197 -0.00971364882 0.0370176993
v -0.002818465 -0.00814759731 0.0371606313
v -0.00189286401 -0.00658249808 0.0372784697
v -0.000967748987 -0.00501817418 0.0373712704
v -4.29641987e-05 -0.00345444609 0.0374389812
v 0.00088153698 -0.00189119496 0.0374816582
v 0.00175708497 -0.000410737994 0.0374991186
v 0.001094162 0.00200176192 0.0374816582
v 0.000479492999 0.003714144 0.0374389812
v -1.11017998e-05 0.00547218323 0.0373712704
v -0.000375230011 0.0072692628 0.0372784697
v -0.000610810006 0.00909864902 0.0371606313
v -0.000716057024 0.0109534804 0.0370176993
v -0.000689522014 0.0128268497 0.0368494913
v -0.000530057005 0.0147118503 0.0366560817
v -0.000236843 0.0166014396 0.0364373289
v 0.000190614999 0.0184884593 0.0361930691
v 0.000752490014 0.0203658901 0.0359233618
v 0.00177216495 0.000419299991 0.0374991186
v -0.0125925504 0.0167743508 0.0356279612
v -0.0113918697 0.0153942099 0.0359233618
v -0.0101926299 0.0140156103 0.0361930691
v -0.00899457932 0.0126384404 0.0364373289
v -0.00779765798 0.0112625901 0.0366560817
v -0.00660180999 0.0098879328 0.0368494913
v -0.00540685607 0.00851434376 0.0370176993
v -0.00421273708 0.00714164879 0.0371606313
v -0.00301933195 0.00576978922 0.0372784697
v -0.00182646501 0.0043985839 0.0373712704
v -0.000634111988 0.00302791502 0.0374389812
v 0.000557899009 0.00165766396 0.0374816582
v 0.00168675103 0.000360025006 0.0374991186
v -0.0196147505 0.00520813419 0.0356279612
v -0.0178363305 0.00477963593 0.0359233618
v -0.0160599295 0.00435155584 0.0361930691
v -0.01428538 0.00392401218 0.0364373289
v -0.0125125004 0.003496825 0.0366560817
v -0.0107411696 0.0030699959 0.0368494913
v -0.00897121429 0.0026435249 0.0370176993
v -0.007202446 0.00221735192 0.0371606313
v -0.00543469097 0.00179141702 0.0372784697
v -0.00366783096 0.00136566104 0.0373712704
v -0.00190168596 0.000940126018 0.0374389812
v -0.000136062998 0.000514691987 0.0374816582
v 0.00153607095 0.000111781002 0.0374991186
v -0.0186312106 -0.00828707218 0.0356279612
v -0.0169336703 -0.00760519505 0.0359233618
v -0.0152380997 -0.00692415191 0.0361930691
v -0.0135443201 -0.00624376489 0.0364373289
v -0.0118521396 -0.00556409312 0.0366560817
v -0.0101613896 -0.0048849578 0.0368494913
v -0.00847196486 -0.00420635892 0.0370176993
v -0.00678366423 -0.00352817704 0.0371606313
v -0.00509637501 -0.00285041309 0.0372784697
v -0.00340992189 -0.00217300607 0.0373712704
v -0.00172412302 -0.00149589696 0.0374389812
v -3.88625995e-05 -0.000818966015 0.0374816582
v 0.001557171 -0.000177864 0.0374991186
v -0.01000618 -0.0187129304 0.0356279612
v -0.00901836064 -0.0171732306 0.0359233618
v -0.00803160574 -0.0156353097 0.0361930691
v -0.0070459242 -0.014099 0.0364373289
v -0.00606113579 -0.0125641804 0.0366560817
v -0.00507724192 -0.0110306097 0.0368494913
v -0.00409406377 -0.00949829817 0.0370176993
v -0.00311159994 -0.00796699524 0.0371606313
v -0.00212967303 -0.00643658591 0.0372784697
v -0.00114828302 -0.00490689185 0.0373712704
v -0.000167246995 -0.00337785389 0.0374389812
v 0.000813495019 -0.00184923399 0.0374816582
v 0.00174230302 -0.000401631987 0.0374991186
v 0.00102192105 0.00196748902 0.0374816582
v 0.000345423003 0.0036563871 0.0374389812
v -0.000208787998 0.00539541198 0.0373712704
v -0.000638030993 0.00717806816 0.0372784697
v -0.000939983991 0.00899767783 0.0371606313
v -0.00111257995 0.01084744 0.0370176993
v -0.00115418399 0.0127205802 0.0368494913
v -0.001063406 0.0146101099 0.0366560817
v -0.000839130022 0.0165091101 0.0364373289
v -0.000480580988 0.0184104405 0.0361930691
v 1.26431996e-05 0.0203070007 0.0359233618
v 0.000640644983 0.0221917592 0.0356279612
v 0.00175708497 0.000410737994 0.0374991186
v -0.0131239202 0.0187186506 0.0353068709
v -0.0119728399 0.0172939803 0.0356279612
v -0.0108231902 0.0158710405 0.0359233618
v -0.00967484713 0.0144497696 0.0361930691
v -0.0085276356 0.0130299302 0.0364373289
v -0.00738161802 0.0116114598 0.0366560817
v -0.00623649312 0.0101942401 0.0368494913
v -0.0050923219 0.00877803471 0.0370176993
v -0.00394892599 0.00736284209 0.0371606313
v -0.00280612707 0.00594848301 0.0372784697
v -0.00166398205 0.00453484012 0.0373712704
v -0.000522249029 0.00312173297 0.0374389812
v 0.000619143015 0.00170904305 0.0374816582
v 0.00170010305 0.000371177011 0.0374991186
v -0.0211748406 0.0064842701 0.0353068709
v -0.01941102 0.00599074317 0.0356279612
v -0.0176493507 0.0054978719 0.0359233618
v -0.0158897005 0.00500547793 0.0361930691
v -0.0141318999 0.00451368 0.0364373289
v -0.0123757096 0.00402229978 0.0366560817
v -0.0106210699 0.00353133609 0.0368494913
v -0.00886780024 0.00304079009 0.0370176993
v -0.00711572077 0.00255054189 0.0371606313
v -0.00536465598 0.00206059194 0.0372784697
v -0.00361442496 0.00157087995 0.0373712704
v -0.00186491001 0.001081347 0.0374389812
v -0.000115930998 0.000592035998 0.0374816582
v 0.00154042197 0.000128579006 0.0374991186
v -0.0206422191 -0.00815171003 0.0353068709
v -0.0189189296 -0.00753128482 0.0356279612
v -0.0171977803 -0.00691157486 0.0359233618
v -0.0154785505 -0.00629264116 0.0361930691
v -0.0137611004 -0.00567430211 0.0364373289
v -0.0120453201 -0.00505661918 0.0366560817
v -0.01033103 -0.00443941308 0.0368494913
v -0.00861799717 -0.00382268406 0.0370176993
v -0.00690621091 -0.00320643093 0.0371606313
v -0.00519537879 -0.002590477 0.0372784697
v -0.0034853809 -0.00197482109 0.0373712704
v -0.00177603902 -0.00135946204 0.0374389812
v -6.7301502e-05 -0.000744274002 0.0374816582
v 0.001550972 -0.000161642005 0.0374991186
v -0.0117232697 -0.0197684709 0.0353068709
v -0.0106788203 -0.0182638709 0.0356279612
v -0.00963562727 -0.01676118 0.0359233618
v -0.00859361794 -0.0152601497 0.0361930691
v -0.00755268289 -0.0137606803 0.0364373289
v -0.00651276112 -0.0122627001 0.0366560817
v -0.00547373202 -0.0107659604 0.0368494913
v -0.00443547918 -0.00927037001 0.0370176993
v -0.00339794089 -0.00777578307 0.0371606313
v -0.00236105896 -0.00628209114 0.0372784697
v -0.00132465304 -0.00478917314 0.0373712704
v -0.000288662006 -0.00329679204 0.0374389812
v 0.000747025013 -0.00180488802 0.0374816582
v 0.00172787905 -0.000391993992 0.0374991186
v 0.000951054972 0.00193059398 0.0374816582
v 0.000213541003 0.00359380199 0.0374389812
v -0.000403549988 0.00531154778 0.0373712704
v -0.000897341 0.00707739498 0.0372784697
v -0.00126522698 0.00888478663 0.0371606313
v -0.00150501705 0.0107271001 0.0370176993
v -0.00161474897 0.0125974398 0.0368494913
v -0.00159269501 0.01448905 0.0366560817
v -0.00143760396 0.0163949095 0.0364373289
v -0.00114846195 0.0183080398 0.0361930691
v -0.000724576996 0.0202212892 0.0359233618
v -0.000165534002 0.0221276805 0.0356279612
v 0.000528662989 0.0240198895 0.0353068709
v -0.0135331098 0.0207238104 0.034959849
v -0.0124331703 0.01925629 0.0353068709
v -0.0113346502 0.0177907292 0.0356279612
v -0.0102375103 0.0163269006 0.0359233618
v -0.00914156437 0.0148647996 0.0361930691
v -0.00804680493 0.0134041896 0.0364373289
v -0.00695312023 0.0119449403 0.0366560817
v -0.00586032821 0.01048702 0.0368494913
v -0.00476837112 0.00903016329 0.0370176993
v -0.00367718888 0.00757431891 0.0371606313
v -0.00258660293 0.00611936999 0.0372784697
v -0.00149661303 0.0046650758 0.0373712704
v -0.000407048006 0.00321137905 0.0374389812
v 0.000682212005 0.00175809802 0.0374816582
v 0.00171375205 0.000381838006 0.0374991186
v -0.0226707403 0.00788092613 0.034959849
v -0.02092373 0.00732284691 0.0353068709
v -0.0191789791 0.00676548388 0.0356279612
v -0.0174364392 0.00620883703 0.0359233618
v -0.0156958103 0.00565278484 0.0361930691
v -0.0139570804 0.00509738922 0.0364373289
v -0.0122199599 0.00454246905 0.0366560817
v -0.0104843304 0.00398802711 0.0368494913
v -0.00875002146 0.00343400193 0.0370176993
v -0.0070168972 0.00288039399 0.0371606313
v -0.00528478622 0.00232708408 0.0372784697
v -0.00355356908 0.00177401304 0.0373712704
v -0.00182300794 0.00122123898 0.0374389812
v -9.29985981e-05 0.000668597 0.0374816582
v 0.001545429 0.000145206999 0.0374991186
v -0.0226707403 -0.00788092613 0.034959849
v -0.02092373 -0.00732284691 0.0353068709
v -0.0191789791 -0.00676548388 0.0356279612
v -0.0174364392 -0.00620883703 0.0359233618
v -0.0156958103 -0.00565278484 0.0361930691
v -0.0139570804 -0.00509738922 0.0364373289
v -0.0122199599 -0.00454246905 0.0366560817
v -0.0104843304 -0.00398802711 0.0368494913
v -0.00875002146 -0.00343400193 0.0370176993
v -0.0070168972 -0.00288039399 0.0371606313
v -0.00528478622 -0.00232708408 0.0372784697
v -0.00355356908 -0.00177401304 0.0373712704
v -0.00182300794 -0.00122123898 0.0374389812
v -9.29985981e-05 -0.000668597 0.0374816582
v 0.001545429 -0.000145206999 0.0374991186
v -0.0135331098 -0.0207238104 0.034959849
v -0.0124331703 -0.01925629 0.0353068709
v -0.0113346502 -0.0177907292 0.0356279612
v -0.0102375103 -0.0163269006 0.0359233618
v -0.00914156437 -0.0148647996 0.0361930691
v -0.00804680493 -0.0134041896 0.0364373289
v -0.00695312023 -0.0119449403 0.0366560817
v -0.00586032821 -0.01048702 0.0368494913
v -0.00476837112 -0.00903016329 0.0370176993
v -0.00367718888 -0.00757431891 0.0371606313
v -0.00258660293 -0.00611936999 0.0372784697
v -0.00149661303 -0.0046650758 0.0373712704
v -0.000407048006 -0.00321137905 0.0374389812
v 0.000682212005 -0.00175809802 0.0374816582
v 0.00171375205 -0.000381838006 0.0374991186
v -0.00145828701 0.0256669503 0.034959849
v -0.00238943007 0.0255241897 0.034959849
v -0.00207865192 0.0237167999 0.0353068709
v -0.00203162408 0.0162590705 0.0364373289
v -0.00181221904 0.0181814395 0.0361930691
v -0.00247091008 0.0180307608 0.0361930691
v -0.00218719197 0.0199697595 0.0359233618
v -0.00291067292 0.0198042896 0.0359233618
v -0.00256258203 0.0217601601 0.0356279612
v -0.0033509729 0.0215798598 0.0356279612
v -0.00293844892 0.0235527698 0.0353068709
v -0.00379174901 0.0233575702 0.0353068709
v -0.00331485202 0.0253477003 0.034959849
v -0.00423318101 0.0251376592 0.034959849
v -0.00207048608 0.0124576604 0.0368494913
v -0.00211727596 0.0143488003 0.0366560817
v -0.00263643195 0.0141896 0.0366560817
v -0.00262027909 0.0161016509 0.0364373289
v -0.00320279505 0.0159230195 0.0364373289
v -0.00312369992 0.0178562403 0.0361930691
v -0.0037697549 0.0176580492 0.0361930691
v -0.00362771703 0.0196126103 0.0359233618
v -0.00433725119 0.0193949305 0.0359233618
v -0.00413226988 0.0213709399 0.0356279612
v -0.00490540219 0.0211337805 0.0356279612
v -0.00463742018 0.0231314804 0.0353068709
v -0.00547426892 0.0228747707 0.0353068709
v -0.00514328387 0.0248942897 0.034959849
v -0.00604391005 0.0246180203 0.034959849
v -0.00158619799 0.00876015425 0.0371606313
v -0.00189286401 0.0105925202 0.0370176993
v -0.00227552606 0.0104439203 0.0370176993
v -0.00252085901 0.0123013798 0.0368494913
v -0.00296527101 0.0121288197 0.0368494913
v -0.00314938999 0.01401156 0.0366560817
v -0.00365555193 0.0138150398 0.0366560817
v -0.00377845694 0.0157232191 0.0364373289
v -0.00434642984 0.0155026903 0.0364373289
v -0.00440812111 0.0174365602 0.0361930691
v -0.00503802206 0.0171919409 0.0361930691
v -0.00503844023 0.0191516206 0.0359233618
v -0.00573027087 0.0188829806 0.0359233618
v -0.00566947414 0.0208686497 0.0356279612
v -0.00642335415 0.0205759406 0.0356279612
v -0.00630128291 0.0225878302 0.0353068709
v -0.00711727096 0.02227097 0.0353068709
v -0.006933867 0.0243092105 0.034959849
v -0.00781208184 0.0239682104 0.034959849
v -0.000595130026 0.00522059202 0.0373712704
v -0.00115281297 0.00696730614 0.0372784697
v -0.00140410603 0.00684803678 0.0372784697
v -0.00190240098 0.0086239567 0.0371606313
v -0.00221347809 0.008476316 0.0371606313
v -0.00265252497 0.0102815004 0.0370176993
v -0.00302332593 0.0101054898 0.0370176993
v -0.00340306689 0.0119402399 0.0368494913
v -0.00383377005 0.0117357904 0.0368494913
v -0.004154264 0.0136002302 0.0366560817
v -0.00464481115 0.0133674098 0.0366560817
v -0.00490605785 0.0152616501 0.0364373289
v -0.00545650721 0.0150003396 0.0364373289
v -0.00565856602 0.0169246104 0.0361930691
v -0.00626903679 0.0166348796 0.0361930691
v -0.00641191006 0.01858937 0.0359233618
v -0.00708240177 0.0182711408 0.0359233618
v -0.00716608716 0.0202559792 0.0356279612
v -0.00789672136 0.0199092608 0.0356279612
v -0.00792115927 0.0219246708 0.0353068709
v -0.00871199276 0.0215493403 0.0353068709
v -0.00867724419 0.0235955101 0.034959849
v -0.00952833798 0.0231916308 0.034959849
v 0.00088153698 0.00189119496 0.0374816582
v 8.40197972e-05 0.00352644897 0.0374389812
v -4.29641987e-05 0.00345444609 0.0374389812
v -0.000783280004 0.00512277987 0.0373712704
v -0.000967748987 0.00501817418 0.0373712704
v -0.00165086903 0.00671970798 0.0372784697
v -0.00189286401 0.00658249808 0.0372784697
v -0.00251895096 0.00831746962 0.0371606313
v -0.002818465 0.00814759731 0.0371606313
v -0.00338756992 0.0099161258 0.0370176993
v -0.00374460197 0.00971364882 0.0370176993
v -0.00425672485 0.0115159098 0.0368494913
v -0.00467139389 0.0112807099 0.0368494913
v -0.00512653496 0.0131168896 0.0366560817
v -0.00559890177 0.0128490301 0.0366560817
v -0.00599712087 0.0147192404 0.0364373289
v -0.00652718497 0.0144186597 0.0364373289
v -0.00686854078 0.0163231399 0.0361930691
v -0.00745636178 0.01598984 0.0361930691
v -0.00774091389 0.0179287102 0.0359233618
v -0.0083864918 0.0175626203 0.0359233618
v -0.00861424208 0.0195361301 0.0356279612
v -0.00931769609 0.0191372 0.0356279612
v -0.00948858168 0.0211455207 0.0353068709
v -0.0102500301 0.0207136795 0.0353068709
v -0.0103641702 0.02275699 0.034959849
v -0.0111836102 0.0222922508 0.034959849
v 0.00174230302 0.000401631987 0.0374991186
v 0.00172787905 0.000391993992 0.0374991186
v 0.000813495019 0.00184923399 0.0374816582
v 0.000747025013 0.00180488802 0.0374816582
v -0.000167246995 0.00337785389 0.0374389812
v -0.000288662006 0.00329679204 0.0374389812
v -0.00114828302 0.00490689185 0.0373712704
v -0.00132465304 0.00478917314 0.0373712704
v -0.00212967303 0.00643658591 0.0372784697
v -0.00236105896 0.00628209114 0.0372784697
v -0.00311159994 0.00796699524 0.0371606313
v -0.00339794089 0.00777578307 0.0371606313
v -0.00409406377 0.00949829817 0.0370176993
v -0.00443547918 0.00927037001 0.0370176993
v -0.00507724192 0.0110306097 0.0368494913
v -0.00547373202 0.0107659604 0.0368494913
v -0.00606113579 0.0125641804 0.0366560817
v -0.00651276112 0.0122627001 0.0366560817
v -0.0070459242 0.014099 0.0364373289
v -0.00755268289 0.0137606803 0.0364373289
v -0.00803160574 0.0156353097 0.0361930691
v -0.00859361794 0.0152601497 0.0361930691
v -0.00901836064 0.0171732306 0.0359233618
v -0.00963562727 0.01676118 0.0359233618
v -0.01000618 0.0187129304 0.0356279612
v -0.0106788203 0.0182638709 0.0356279612
v -0.0109952604 0.0202544909 0.0353068709
v -0.0117232697 0.0197684709 0.0353068709
v -0.0119855898 0.0217980705 0.034959849
v -0.0127691003 0.0212749802 0.034959849
v -0.0149983699 0.0195398908 0.034959849
v -0.0156977698 0.0189087894 0.034959849
v -0.01444453 0.0175697803 0.0353068709
v -0.0116465604 0.0126042897 0.0361930691
v -0.0124754896 0.0143800303 0.0359233618
v -0.0129888598 0.01384407 0.0359233618
v -0.0137732597 0.0156692807 0.0356279612
v -0.0143327098 0.0150852697 0.0356279612
v -0.01507264 0.0169600807 0.0353068709
v -0.0156781599 0.0163279697 0.0353068709
v -0.0163737498 0.0182526093 0.034959849
v -0.0170254093 0.0175723396 0.034959849
v -0.00967323687 0.00930458307 0.0366560817
v -0.0107108904 0.0109107401 0.0364373289
v -0.0110992696 0.0104412399 0.0364373289
v -0.0120959198 0.01209962 0.0361930691
v -0.0125266304 0.0115789697 0.0361930691
v -0.0134824496 0.0132897999 0.0359233618
v -0.0139555298 0.0127179604 0.0359233618
v -0.0148705197 0.0144812996 0.0356279612
v -0.0153860403 0.0138581302 0.0356279612
v -0.0162602607 0.0156742297 0.0353068709
v -0.0168182794 0.0149998004 0.0353068709
v -0.01765191 0.0168687701 0.034959849
v -0.0182523709 0.0161428992 0.034959849
v -0.00731271505 0.00637406111 0.0370176993
v -0.00853878167 0.00779080298 0.0368494913
v -0.00881516933 0.00740235997 0.0368494913
v -0.0100039197 0.00887387898 0.0366560817
v -0.01031869 0.00843149424 0.0366560817
v -0.0114703104 0.00995796919 0.0364373289
v -0.0118235899 0.00946146157 0.0364373289
v -0.01293814 0.0110430103 0.0361930691
v -0.0133298598 0.0104924403 0.0361930691
v -0.0144075099 0.0121292397 0.0359233618
v -0.01483774 0.0115244901 0.0359233618
v -0.0158784892 0.0132166697 0.0356279612
v -0.0163473394 0.0125577403 0.0356279612
v -0.01735132 0.0143054696 0.0353068709
v -0.0178587995 0.0135922404 0.0353068709
v -0.01882606 0.0153957 0.034959849
v -0.0193722192 0.0146281105 0.034959849
v -0.00460809423 0.00384926703 0.0372784697
v -0.00600063801 0.00505876495 0.0371606313
v -0.00617927313 0.00476449681 0.0371606313
v -0.00753837777 0.00603115512 0.0370176993
v -0.00775140477 0.00568026304 0.0370176993
v -0.00907719135 0.00700414088 0.0368494913
v -0.00932461023 0.00659662392 0.0368494913
v -0.01061719 0.00797790196 0.0366560817
v -0.0108989999 0.00751370098 0.0366560817
v -0.0121585103 0.0089524379 0.0364373289
v -0.0124747697 0.00843161345 0.0364373289
v -0.0137013104 0.00992798805 0.0361930691
v -0.0140520297 0.00935035944 0.0361930691
v -0.0152457301 0.0109045496 0.0359233618
v -0.0156309009 0.0102701103 0.0359233618
v -0.0167919304 0.0118821803 0.0356279612
v -0.0172116105 0.0111908903 0.0356279612
v -0.0183399897 0.0128610097 0.0353068709
v -0.0187942293 0.0121127898 0.0353068709
v -0.0198900606 0.0138411503 0.034959849
v -0.0203789994 0.0130358897 0.034959849
v -0.00160551001 0.00176262797 0.0374389812
v -0.0031410451 0.00274932291 0.0373712704
v -0.003237664 0.0025604961 0.0373712704
v -0.00474369479 0.00360637903 0.0372784697
v -0.0048704138 0.00335872103 0.0372784697
v -0.00634717895 0.00446385099 0.0371606313
v -0.00650399877 0.00415730383 0.0371606313
v -0.0079515567 0.00532185985 0.0370176993
v -0.00813853741 0.00495642377 0.0370176993
v -0.00955700781 0.00618040515 0.0368494913
v -0.00977414846 0.00575602008 0.0368494913
v -0.0111637097 0.00703966618 0.0366560817
v -0.0114110699 0.00655627204 0.0366560817
v -0.0127718402 0.00789964106 0.0364373289
v -0.0130493604 0.00735718012 0.0364373289
v -0.0143814599 0.00876039173 0.0361930691
v -0.0146891996 0.00815886166 0.0361930691
v -0.0159927607 0.00962209702 0.0359233618
v -0.0163307693 0.0089613786 0.0359233618
v -0.0176059008 0.0104847504 0.0356279612
v -0.01797425 0.0097647896 0.0356279612
v -0.0192210004 0.0113484804 0.0353068709
v -0.0196196996 0.0105692102 0.0353068709
v -0.0208382607 0.01221334 0.034959849
v -0.0212673508 0.0113747101 0.034959849
v 0.001557171 0.000177864 0.0374991186
v 0.001550972 0.000161642005 0.0374991186
v -3.88625995e-05 0.000818966015 0.0374816582
v -6.7301502e-05 0.000744274002 0.0374816582
v -0.00172412302 0.00149589696 0.0374389812
v -0.00177603902 0.00135946204 0.0374389812
v -0.00340992189 0.00217300607 0.0373712704
v -0.0034853809 0.00197482109 0.0373712704
v -0.00509637501 0.00285041309 0.0372784697
v -0.00519537879 0.002590477 0.0372784697
v -0.00678366423 0.00352817704 0.0371606313
v -0.00690621091 0.00320643093 0.0371606313
v -0.00847196486 0.00420635892 0.0370176993
v -0.00861799717 0.00382268406 0.0370176993
v -0.0101613896 0.0048849578 0.0368494913
v -0.01033103 0.00443941308 0.0368494913
v -0.0118521396 0.00556409312 0.0366560817
v -0.0120453201 0.00505661918 0.0366560817
v -0.0135443201 0.00624376489 0.0364373289
v -0.0137611004 0.00567430211 0.0364373289
v -0.0152380997 0.00692415191 0.0361930691
v -0.0154785505 0.00629264116 0.0361930691
v -0.0169336703 0.00760519505 0.0359233618
v -0.0171977803 0.00691157486 0.0359233618
v -0.0186312106 0.00828707218 0.0356279612
v -0.0189189296 0.00753128482 0.0356279612
v -0.0203307793 0.00896978285 0.0353068709
v -0.0206422191 0.00815171003 0.0353068709
v -0.0220326092 0.00965332892 0.034959849
v -0.0223677699 0.00877290871 0.034959849
v -0.0231783297 0.00606679916 0.034959849
v -0.0233823005 0.00514703896 0.034959849
v -0.0215849206 0.00478261709 0.0353068709
v -0.0164264403 0.00235873391 0.0361930691
v -0.0181312505 0.00332510401 0.0359233618
v -0.0182389002 0.00259077502 0.0359233618
v -0.0199361406 0.00362318708 0.0356279612
v -0.0200533792 0.00282299495 0.0356279612
v -0.0217432305 0.00392168714 0.0353068709
v -0.0218701307 0.00305557204 0.0353068709
v -0.0235527102 0.00422054483 0.034959849
v -0.02368927 0.00328844693 0.034959849
v -0.0129056498 0.000814128027 0.0366560817
v -0.0146822296 0.001521289 0.0364373289
v -0.0147265103 0.000913581986 0.0364373289
v -0.0165000502 0.00168704905 0.0361930691
v -0.01654917 0.00101310003 0.0361930691
v -0.0183197204 0.00185298896 0.0359233618
v -0.0183736607 0.001112759 0.0359233618
v -0.0201414805 0.00201910711 0.0356279612
v -0.0202002507 0.00121253706 0.0356279612
v -0.0219655 0.00218546297 0.0353068709
v -0.0220291 0.00131243397 0.0353068709
v -0.0237918999 0.00235199905 0.034959849
v -0.0238603298 0.00141245103 0.034959849
v -0.00745171309 -0.000516241998 0.0371606313
v -0.00928330421 -0.000205246004 0.0370176993
v -0.00926840305 -0.000615467026 0.0370176993
v -0.0111036301 -0.000238357999 0.0368494913
v -0.0110863401 -0.000714758993 0.0368494913
v -0.0129253799 -0.000271496014 0.0366560817
v -0.0129056498 -0.000814128027 0.0366560817
v -0.0147486897 -0.000304662011 0.0364373289
v -0.0147265103 -0.000913581986 0.0364373289
v -0.0165737197 -0.000337859994 0.0361930691
v -0.01654917 -0.00101310003 0.0361930691
v -0.0184006598 -0.000371091999 0.0359233618
v -0.0183736607 -0.001112759 0.0359233618
v -0.0202296898 -0.000404362014 0.0356279612
v -0.0202002507 -0.00121253706 0.0356279612
v -0.0220609307 -0.000437673007 0.0353068709
v -0.0220291 -0.00131243397 0.0353068709
v -0.0238946006 -0.000471028005 0.034959849
v -0.0238603298 -0.00141245103 0.034959849
v -0.00378286792 -0.000740264019 0.0373712704
v -0.00561589003 -0.000694511982 0.0372784697
v -0.0055855508 -0.000971029978 0.0372784697
v -0.00742667913 -0.000859645021 0.0371606313
v -0.00738918688 -0.00120186806 0.0371606313
v -0.00923854113 -0.00102484203 0.0370176993
v -0.00919383671 -0.00143289496 0.0370176993
v -0.0110516502 -0.00119018496 0.0368494913
v -0.0109997299 -0.00166404201 0.0368494913
v -0.0128661301 -0.00135564804 0.0366560817
v -0.0128070097 -0.00189542701 0.0366560817
v -0.0146822296 -0.001521289 0.0364373289
v -0.0146158896 -0.00212699105 0.0364373289
v -0.0165000502 -0.00168704905 0.0361930691
v -0.0164264403 -0.00235873391 0.0361930691
v -0.0183197204 -0.00185298896 0.0359233618
v -0.0182389002 -0.00259077502 0.0359233618
v -0.0201414805 -0.00201910711 0.0356279612
v -0.0200533792 -0.00282299495 0.0356279612
v -0.0219655 -0.00218546297 0.0353068709
v -0.0218701307 -0.00305557204 0.0353068709
v -0.0237918999 -0.00235199905 0.034959849
v -0.02368927 -0.00328844693 0.034959849
v -0.000153367 -0.000436666014 0.0374816582
v -0.00195968105 -0.000654030999 0.0374389812
v -0.00193327595 -0.000797606015 0.0374389812
v -0.00375211192 -0.000950088026 0.0373712704
v -0.00371372607 -0.00115865399 0.0373712704
v -0.00554525806 -0.00124621298 0.0372784697
v -0.0054949522 -0.001519799 0.0372784697
v -0.00733923912 -0.00154256797 0.0371606313
v -0.00727701094 -0.00188118196 0.0371606313
v -0.00913435221 -0.00183904101 0.0370176993
v -0.00906008389 -0.00224274304 0.0370176993
v -0.0109305903 -0.00213575293 0.0368494913
v -0.0108444002 -0.00260460307 0.0368494913
v -0.0127282701 -0.0024326439 0.0366560817
v -0.0126301004 -0.00296670105 0.0366560817
v -0.0145274904 -0.00272983289 0.0364373289
v -0.0144172898 -0.00332909799 0.0364373289
v -0.0163284503 -0.00302731898 0.0361930691
v -0.0162062608 -0.003691911 0.0361930691
v -0.0181312505 -0.00332510401 0.0359233618
v -0.0179970209 -0.00405502319 0.0359233618
v -0.0199361406 -0.00362318708 0.0356279612
v -0.0197898708 -0.00441861106 0.0356279612
v -0.0217432305 -0.00392168714 0.0353068709
v -0.0215849206 -0.00478261709 0.0353068709
v -0.0235527102 -0.00422054483 0.034959849
v -0.0233823005 -0.00514703896 0.034959849
v 0.00153607095 -0.000111781002 0.0374991186
v 0.00154042197 -0.000128579006 0.0374991186
v -0.000136062998 -0.000514691987 0.0374816582
v -0.000115930998 -0.000592035998 0.0374816582
v -0.00190168596 -0.000940126018 0.0374389812
v -0.00186491001 -0.001081347 0.0374389812
v -0.00366783096 -0.00136566104 0.0373712704
v -0.00361442496 -0.00157087995 0.0373712704
v -0.00543469097 -0.00179141702 0.0372784697
v -0.00536465598 -0.00206059194 0.0372784697
v -0.007202446 -0.00221735192 0.0371606313
v -0.00711572077 -0.00255054189 0.0371606313
v -0.00897121429 -0.0026435249 0.0370176993
v -0.00886780024 -0.00304079009 0.0370176993
v -0.0107411696 -0.0030699959 0.0368494913
v -0.0106210699 -0.00353133609 0.0368494913
v -0.0125125004 -0.003496825 0.0366560817
v -0.0123757096 -0.00402229978 0.0366560817
v -0.01428538 -0.00392401218 0.0364373289
v -0.0141318999 -0.00451368 0.0364373289
v -0.0160599295 -0.00435155584 0.0361930691
v -0.0158897005 -0.00500547793 0.0361930691
v -0.0178363305 -0.00477963593 0.0359233618
v -0.0176493507 -0.0054978719 0.0359233618
v -0.0196147505 -0.00520813419 0.0356279612
v -0.01941102 -0.00599074317 0.0356279612
v -0.0213953797 -0.00563716795 0.0353068709
v -0.0211748406 -0.0064842701 0.0353068709
v -0.0231783297 -0.00606679916 0.034959849
v -0.0229409896 -0.00697845221 0.034959849
v -0.0223677699 -0.00877290871 0.034959849
v -0.0220326092 -0.00965332892 0.034959849
v -0.0203307793 -0.00896978285 0.0353068709
v -0.0163307693 -0.0089613786 0.0359233618
v -0.0183161404 -0.00903189089 0.0356279612
v -0.01797425 -0.0097647896 0.0356279612
v -0.0199897792 -0.00977593567 0.0353068709
v -0.0196196996 -0.0105692102 0.0353068709
v -0.0216656309 -0.01052099 0.034959849
v -0.0212673508 -0.0113747101 0.034959849
v -0.0124747697 -0.00843161345 0.0364373289
v -0.0143814599 -0.00876039173 0.0361930691
v -0.0140520297 -0.00935035944 0.0361930691
v -0.0159927607 -0.00962209702 0.0359233618
v -0.0156309009 -0.0102701103 0.0359233618
v -0.0176059008 -0.0104847504 0.0356279612
v -0.0172116105 -0.0111908903 0.0356279612
v -0.0192210004 -0.0113484804 0.0353068709
v -0.0187942293 -0.0121127898 0.0353068709
v -0.0208382607 -0.01221334 0.034959849
v -0.0203789994 -0.0130358897 0.034959849
v -0.00881516933 -0.00740235997 0.0368494913
v -0.01061719 -0.00797790196 0.0366560817
v -0.01031869 -0.00843149424 0.0366560817
v -0.0121585103 -0.0089524379 0.0364373289
v -0.0118235899 -0.00946146157 0.0364373289
v -0.0137013104 -0.00992798805 0.0361930691
v -0.0133298598 -0.0104924403 0.0361930691
v -0.0152457301 -0.0109045496 0.0359233618
v -0.01483774 -0.0115244901 0.0359233618
v -0.0167919304 -0.0118821803 0.0356279612
v -0.0163473394 -0.0125577403 0.0356279612
v -0.0183399897 -0.0128610097 0.0353068709
v -0.0178587995 -0.0135922404 0.0353068709
v -0.0198900606 -0.0138411503 0.034959849
v -0.0193722192 -0.0146281105 0.034959849
v -0.00540202809 -0.00590008404 0.0371606313
v -0.00707477285 -0.00670850184 0.0370176993
v -0.00682479097 -0.00703412201 0.0370176993
v -0.00853878167 -0.00779080298 0.0368494913
v -0.00824844837 -0.00816893484 0.0368494913
v -0.0100039197 -0.00887387898 0.0366560817
v -0.00967323687 -0.00930458307 0.0366560817
v -0.0114703104 -0.00995796919 0.0364373289
v -0.0110992696 -0.0104412399 0.0364373289
v -0.01293814 -0.0110430103 0.0361930691
v -0.0125266304 -0.0115789697 0.0361930691
v -0.0144075099 -0.0121292397 0.0359233618
v -0.0139555298 -0.0127179604 0.0359233618
v -0.0158784892 -0.0132166697 0.0356279612
v -0.0153860403 -0.0138581302 0.0356279612
v -0.01735132 -0.0143054696 0.0353068709
v -0.0168182794 -0.0149998004 0.0353068709
v -0.01882606 -0.0153957 0.034959849
v -0.0182523709 -0.0161428992 0.034959849
v -0.00228273799 -0.00395566178 0.0373712704
v -0.00380283501 -0.00498104002 0.0372784697
v -0.00361782289 -0.00518876314 0.0372784697
v -0.00518256379 -0.00616538478 0.0371606313
v -0.00495362189 -0.00642251922 0.0371606313
v -0.00656312704 -0.00735038519 0.0370176993
v -0.00629013684 -0.00765699102 0.0370176993
v -0.00794458296 -0.00853621867 0.0368494913
v -0.00762754586 -0.00889223814 0.0368494913
v -0.0093271127 -0.00972294807 0.0366560817
v -0.00896602776 -0.0101284897 0.0366560817
v -0.0107108904 -0.0109107401 0.0364373289
v -0.0103056403 -0.01136583 0.0364373289
v -0.0120959198 -0.01209962 0.0361930691
v -0.0116465604 -0.0126042897 0.0361930691
v -0.0134824496 -0.0132897999 0.0359233618
v -0.0129888598 -0.01384407 0.0359233618
v -0.0148705197 -0.0144812996 0.0356279612
v -0.0143327098 -0.0150852697 0.0356279612
v -0.0162602607 -0.0156742297 0.0353068709
v -0.0156781599 -0.0163279697 0.0353068709
v -0.01765191 -0.0168687701 0.034959849
v -0.0170254093 -0.0175723396 0.034959849
v 0.00049856602 -0.00160413899 0.0374816582
v -0.000847243005 -0.00282841898 0.0374389812
v -0.000742491975 -0.00293010403 0.0374389812
v -0.00213605096 -0.00410878612 0.0373712704
v -0.00198388007 -0.00425648596 0.0373712704
v -0.0034254191 -0.00538968993 0.0372784697
v -0.00322580291 -0.00558340503 0.0372784697
v -0.00471544219 -0.00667113019 0.0371606313
v -0.00446838094 -0.00691097882 0.0371606313
v -0.00600618077 -0.00795340538 0.0370176993
v -0.00571161509 -0.00823932793 0.0370176993
v -0.00729781296 -0.00923651364 0.0368494913
v -0.0069557419 -0.00956857204 0.0368494913
v -0.00859040022 -0.0105206296 0.0366560817
v -0.00820082426 -0.0108988201 0.0366560817
v -0.00988417771 -0.0118058296 0.0364373289
v -0.00944691803 -0.01223021 0.0364373289
v -0.0111791398 -0.0130922701 0.0361930691
v -0.0106942598 -0.0135629103 0.0361930691
v -0.0124754896 -0.0143800303 0.0359233618
v -0.0119429203 -0.0148969796 0.0359233618
v -0.0137732597 -0.0156692807 0.0356279612
v -0.0131929498 -0.0162325501 0.0356279612
v -0.01507264 -0.0169600807 0.0353068709
v -0.01444453 -0.0175697803 0.0353068709
v -0.0163737498 -0.0182526093 0.034959849
v -0.0156977698 -0.0189087894 0.034959849
v 0.00168675103 -0.000360025006 0.0374991186
v 0.00170010305 -0.000371177011 0.0374991186
v 0.000557899009 -0.00165766396 0.0374816582
v 0.000619143015 -0.00170904305 0.0374816582
v -0.000634111988 -0.00302791502 0.0374389812
v -0.000522249029 -0.00312173297 0.0374389812
v -0.00182646501 -0.0043985839 0.0373712704
v -0.00166398205 -0.00453484012 0.0373712704
v -0.00301933195 -0.00576978922 0.0372784697
v -0.00280612707 -0.00594848301 0.0372784697
v -0.00421273708 -0.00714164879 0.0371606313
v -0.00394892599 -0.00736284209 0.0371606313
v -0.00540685607 -0.00851434376 0.0370176993
v -0.0050923219 -0.00877803471 0.0370176993
v -0.00660180999 -0.0098879328 0.0368494913
v -0.00623649312 -0.0101942401 0.0368494913
v -0.00779765798 -0.0112625901 0.0366560817
v -0.00738161802 -0.0116114598 0.0366560817
v -0.00899457932 -0.0126384404 0.0364373289
v -0.0085276356 -0.0130299302 0.0364373289
v -0.0101926299 -0.0140156103 0.0361930691
v -0.00967484713 -0.0144497696 0.0361930691
v -0.0113918697 -0.0153942099 0.0359233618
v -0.0108231902 -0.0158710405 0.0359233618
v -0.0125925504 -0.0167743508 0.0356279612
v -0.0119728399 -0.0172939803 0.0356279612
v -0.0137946596 -0.0181562304 0.0353068709
v -0.0131239202 -0.0187186506 0.0353068709
v -0.0149983699 -0.0195398908 0.034959849
v -0.0142764999 -0.0201451704 0.034959849
v -0.0119855898 -0.0217980705 0.034959849
v -0.0111836102 -0.0222922508 0.034959849
v -0.0102500301 -0.0207136795 0.0353068709
v -0.00626903679 -0.0166348796 0.0361930691
v -0.00774091389 -0.0179287102 0.0359233618
v -0.00708240177 -0.0182711408 0.0359233618
v -0.00861424208 -0.0195361301 0.0356279612
v -0.00789672136 -0.0199092608 0.0356279612
v -0.00948858168 -0.0211455207 0.0353068709
v -0.00871199276 -0.0215493403 0.0353068709
v -0.0103641702 -0.02275699 0.034959849
v -0.00952833798 -0.0231916308 0.034959849
v -0.00365555193 -0.0138150398 0.0366560817
v -0.00490605785 -0.0152616501 0.0364373289
v -0.00434642984 -0.0155026903 0.0364373289
v -0.00565856602 -0.0169246104 0.0361930691
v -0.00503802206 -0.0171919409 0.0361930691
v -0.00641191006 -0.01858937 0.0359233618
v -0.00573027087 -0.0188829806 0.0359233618
v -0.00716608716 -0.0202559792 0.0356279612
v -0.00642335415 -0.0205759406 0.0356279612
v -0.00792115927 -0.0219246708 0.0353068709
v -0.00711727096 -0.02227097 0.0353068709
v -0.00867724419 -0.0235955101 0.034959849
v -0.00781208184 -0.0239682104 0.034959849
v -0.00150501705 -0.0107271001 0.0370176993
v -0.00252085901 -0.0123013798 0.0368494913
v -0.00207048608 -0.0124576604 0.0368494913
v -0.00314938999 -0.01401156 0.0366560817
v -0.00263643195 -0.0141896 0.0366560817
v -0.00377845694 -0.0157232191 0.0364373289
v -0.00320279505 -0.0159230195 0.0364373289
v -0.00440812111 -0.0174365602 0.0361930691
v -0.0037697549 -0.0176580492 0.0361930691
v -0.00503844023 -0.0191516206 0.0359233618
v -0.00433725119 -0.0193949305 0.0359233618
v -0.00566947414 -0.0208686497 0.0356279612
v -0.00490540219 -0.0211337805 0.0356279612
v -0.00630128291 -0.0225878302 0.0353068709
v -0.00547426892 -0.0228747707 0.0353068709
v -0.006933867 -0.0243092105 0.034959849
v -0.00604391005 -0.0246180203 0.034959849
v 0.000803582021 -0.00570595218 0.0373712704
v 0.000159446005 -0.00742268516 0.0372784697
v 0.000430612999 -0.00748473406 0.0372784697
v -0.00027817901 -0.00918757915 0.0371606313
v 5.74658989e-05 -0.00926434901 0.0371606313
v -0.000716057024 -0.0109534804 0.0370176993
v -0.000315901008 -0.0110450303 0.0370176993
v -0.00115418399 -0.0127205802 0.0368494913
v -0.000689522014 -0.0128268497 0.0368494913
v -0.00159269501 -0.01448905 0.0366560817
v -0.001063406 -0.0146101099 0.0366560817
v -0.00203162408 -0.0162590705 0.0364373289
v -0.00143760396 -0.0163949095 0.0364373289
v -0.00247091008 -0.0180307608 0.0361930691
v -0.00181221904 -0.0181814395 0.0361930691
v -0.00291067292 -0.0198042896 0.0359233618
v -0.00218719197 -0.0199697595 0.0359233618
v -0.0033509729 -0.0215798598 0.0356279612
v -0.00256258203 -0.0217601601 0.0356279612
v -0.00379174901 -0.0233575702 0.0353068709
v -0.00293844892 -0.0235527698 0.0353068709
v -0.00423318101 -0.0251376592 0.034959849
v -0.00331485202 -0.0253477003 0.034959849
v 0.00170659996 -0.00217747595 0.0374816582
v 0.00131976604 -0.00395524502 0.0374389812
v 0.00146406796 -0.00397735788 0.0374389812
v 0.00101184798 -0.00574570801 0.0373712704
v 0.00122147705 -0.00577783491 0.0373712704
v 0.000703860016 -0.00753682805 0.0372784697
v 0.000978820026 -0.007578969 0.0372784697
v 0.000395681011 -0.00932884216 0.0371606313
v 0.000736016023 -0.0093810549 0.0371606313
v 8.73203971e-05 -0.0111219203 0.0370176993
v 0.000493071973 -0.0111841504 0.0370176993
v -0.000221249007 -0.0129161999 0.0368494913
v 0.000249962992 -0.0129884398 0.0368494913
v -0.000530057005 -0.0147118503 0.0366560817
v 6.66413007e-06 -0.0147941699 0.0366560817
v -0.000839130022 -0.0165091101 0.0364373289
v -0.000236843 -0.0166014396 0.0364373289
v -0.00114846195 -0.0183080398 0.0361930691
v -0.000480580988 -0.0184104405 0.0361930691
v -0.00145816803 -0.0201088693 0.0359233618
v -0.000724576996 -0.0202212892 0.0359233618
v -0.00176823104 -0.0219117403 0.0356279612
v -0.000968848006 -0.02203428 0.0356279612
v -0.00207865192 -0.0237167999 0.0353068709
v -0.00121337106 -0.0238494202 0.0353068709
v -0.00238943007 -0.0255241897 0.034959849
v -0.00145828701 -0.0256669503 0.034959849
v 0.00195348193 -0.000474920991 0.0374991186
v 0.00197076704 -0.000476296991 0.0374991186
v 0.00178599299 -0.0021867149 0.0374816582
v 0.00186562503 -0.002193033 0.0374816582
v 0.00160908594 -0.00399422599 0.0374389812
v 0.001754581 -0.0040058489 0.0374389812
v 0.00143211999 -0.00580233289 0.0373712704
v 0.00164353801 -0.00581914093 0.0373712704
v 0.00125509501 -0.00761109497 0.0372784697
v 0.001532375 -0.00763314916 0.0372784697
v 0.00107800902 -0.00942081213 0.0371606313
v 0.00142121303 -0.00944811106 0.0371606313
v 0.000900819025 -0.0112315398 0.0370176993
v 0.00130998995 -0.0112640802 0.0370176993
v 0.000723487989 -0.01304352 0.0368494913
v 0.00119864906 -0.0130813103 0.0368494913
v 0.000546023017 -0.0148568703 0.0366560817
v 0.001087307 -0.0148999002 0.0366560817
v 0.000368404988 -0.0166717693 0.0364373289
v 0.000975809991 -0.0167201106 0.0364373289
v 0.000190614999 -0.0184884593 0.0361930691
v 0.000864206988 -0.0185420495 0.0361930691
v 1.26431996e-05 -0.0203070007 0.0359233618
v 0.000752490014 -0.0203658901 0.0359233618
v -0.000165534002 -0.0221276805 0.0356279612
v 0.000640644983 -0.0221917592 0.0356279612
v -0.000343930005 -0.0239505097 0.0353068709
v 0.000528662989 -0.0240198895 0.0353068709
v -0.000522557995 -0.0257757902 0.034959849
v 0.000416532013 -0.0258504692 0.034959849
v -0.000343930005 0.0239505097 0.0353068709
v -0.00121337106 0.0238494202 0.0353068709
v -0.000968848006 0.02203428 0.0356279612
v -0.00176823104 0.0219117403 0.0356279612
v -0.00145816803 0.0201088693 0.0359233618
v -0.00108063198 0.0275573693 0.0345872603
v -0.00170326198 0.0274850093 0.0345872603
v -0.00200331211 0.0274389908 0.0345872603
v -0.00270038797 0.0273321196 0.0345872603
v -0.00292163994 0.0272899196 0.0345872603
v -0.00369131495 0.0271431208 0.0345872603
v -0.00383448601 0.0271103308 0.0345872603
v -0.00467467308 0.0269181691 0.0345872603
v -0.00474089291 0.0269004703 0.0345872603
v -0.00563979102 0.0266601406 0.0345872603
v -0.00564920902 0.0266576391 0.0345872603
v -0.00652938988 0.02638763 0.0345872603
v -0.00661367085 0.0263618194 0.0345872603
v -0.00740939286 0.0260856692 0.0345872603
v -0.00756668998 0.0260310695 0.0345872603
v -0.00827884581 0.0257545691 0.0345872603
v -0.00850707199 0.0256659295 0.0345872603
v -0.00913673639 0.0253946707 0.0345872603
v -0.00943356659 0.0252668206 0.0345872603
v -0.00998210907 0.0250064693 0.0345872603
v -0.0103449197 0.0248342697 0.0345872603
v -0.0108141303 0.0245903097 0.0345872603
v -0.0112399403 0.0243688803 0.0345872603
v -0.0116317803 0.0241466705 0.0345872603
v -0.0121174399 0.0238713007 0.0345872603
v -0.0124342404 0.0236760303 0.0345872603
v -0.0129762199 0.0233420692 0.0345872603
v -0.0132205999 0.0231789295 0.0345872603
v -0.0138152204 0.0227819607 0.0345872603
v -0.0139899803 0.0226559006 0.0345872603
v -0.0146332895 0.0221916996 0.0345872603
v -0.0154744303 0.02153432 0.0345872603
v -0.0161873605 0.0209365394 0.0345872603
v -0.0137946596 0.0181562304 0.0353068709
v -0.0131929498 0.0162325501 0.0356279612
v -0.0162023902 0.0209239703 0.0345872603
v -0.0168785993 0.0203137305 0.0345872603
v -0.0169513207 0.0202481095 0.0345872603
v -0.0175486803 0.0196682792 0.0345872603
v -0.0176751595 0.0195454899 0.0345872603
v -0.0181968808 0.0190008804 0.0345872603
v -0.0183730107 0.0188170001 0.0345872603
v -0.0188224297 0.0183123294 0.0345872603
v -0.0190438591 0.0180635992 0.0345872603
v -0.0194246694 0.0176032707 0.0345872603
v -0.0196868703 0.0172863603 0.0345872603
v -0.0200030208 0.0168746095 0.0345872603
v -0.0203012191 0.0164861605 0.0345872603
v -0.0205567405 0.0161271002 0.0345872603
v -0.0208860599 0.0156642105 0.0345872603
v -0.0210852604 0.0153614804 0.0345872603
v -0.02144056 0.0148215201 0.0345872603
v -0.0215879604 0.0145787504 0.0345872603
v -0.0219641309 0.0139592197 0.0345872603
v -0.0220643803 0.0137796402 0.0345872603
v -0.0224559307 0.0130784502 0.0345872603
v -0.0225139204 0.0129651399 0.0345872603
v -0.0229154192 0.0121803796 0.0345872603
v -0.0229361001 0.0121360403 0.0345872603
v -7.73039028e-06 0.000892574026 0.0374816582
v -0.00166726101 0.00163030601 0.0374389812
v -0.00332731009 0.00236833002 0.0373712704
v -0.00498801423 0.00310665299 0.0372784697
v -0.00664955284 0.00384533405 0.0371606313
v -0.0083120456 0.00458437204 0.0370176993
v -0.00997567084 0.00532400608 0.0368494913
v -0.0116405999 0.00606417609 0.0366560817
v -0.0133069698 0.00680500222 0.0364373289
v -0.0149748903 0.007546484 0.0361930691
v -0.0166445896 0.00828879979 0.0359233618
v -0.0183161404 0.00903189089 0.0356279612
v -0.0199897792 0.00977593567 0.0353068709
v -0.0216656309 0.01052099 0.034959849
v -0.0233294908 0.0112928096 0.0345872603
v -0.0233418904 0.0112661701 0.0345872603
v -0.0236929003 0.0104362899 0.0345872603
v -0.0237348601 0.0103371097 0.0345872603
v -0.0240275804 0.00956821442 0.0345872603
v -0.0240937993 0.00939434674 0.0345872603
v -0.0243331697 0.00868952181 0.0345872603
v -0.0244181696 0.0084391227 0.0345872603
v -0.0248556696 0.00690406514 0.0345872603
v -0.0213953797 0.00563716795 0.0353068709
v -0.0197898708 0.00441861106 0.0356279612
v -0.0249617007 0.00649648905 0.0345872603
v -0.0250719693 0.0059992671 0.0345872603
v -0.0251801591 0.00551164104 0.0345872603
v -0.0252581201 0.00508779194 0.0345872603
v -0.0253626108 0.00451952219 0.0345872603
v -0.0254137497 0.0041706562 0.0345872603
v -0.0255088806 0.00352138211 0.0345872603
v -0.0255387407 0.00324881007 0.0345872603
v -0.0256187897 0.00251859403 0.0345872603
v -0.02563297 0.00232326891 0.0345872603
v -0.0256920997 0.00151246705 0.0345872603
v -0.0256963894 0.00139504601 0.0345872603
v -0.0111036301 0.000238357999 0.0368494913
v -0.0129253799 0.000271496014 0.0366560817
v -0.0147486897 0.000304662011 0.0364373289
v -0.0165737197 0.000337859994 0.0361930691
v -0.0184006598 0.000371091999 0.0359233618
v -0.0202296898 0.000404362014 0.0356279612
v -0.0220609307 0.000437673007 0.0353068709
v -0.0238946006 0.000471028005 0.034959849
v -0.0257287603 0.000504392025 0.0345872603
v -0.0257287603 0.000465219986 0.0345872603
v -0.0257287603 -0.000465219986 0.0345872603
v -0.0257287603 -0.000504392025 0.0345872603
v -0.0256963894 -0.00139504601 0.0345872603
v -0.0256920997 -0.00151246705 0.0345872603
v -0.02563297 -0.00232326891 0.0345872603
v -0.0256187897 -0.00251859403 0.0345872603
v -0.0255387407 -0.00324881007 0.0345872603
v -0.0255088806 -0.00352138211 0.0345872603
v -0.0254137497 -0.0041706562 0.0345872603
v -0.0253626108 -0.00451952219 0.0345872603
v -0.0252581201 -0.00508779194 0.0345872603
v -0.0251801591 -0.00551164104 0.0345872603
v -0.0250719693 -0.0059992671 0.0345872603
v -0.0249617007 -0.00649648905 0.0345872603
v -0.0248556696 -0.00690406514 0.0345872603
v -0.0247076098 -0.00747275306 0.0345872603
v -0.0246092603 -0.00780111505 0.0345872603
v -0.0244181696 -0.0084391227 0.0345872603
v -0.0243331697 -0.00868952181 0.0345872603
v -0.0240937993 -0.00939434674 0.0345872603
v -0.0240275804 -0.00956821442 0.0345872603
v -0.0237348601 -0.0103371097 0.0345872603
v -0.0236929003 -0.0104362899 0.0345872603
v -0.0233418904 -0.0112661701 0.0345872603
v -0.0233294908 -0.0112928096 0.0345872603
v -0.0229361001 -0.0121360403 0.0345872603
v -0.0229154192 -0.0121803796 0.0345872603
v -0.0225139204 -0.0129651399 0.0345872603
v -0.0224559307 -0.0130784502 0.0345872603
v -0.0220643803 -0.0137796402 0.0345872603
v -0.0219641309 -0.0139592197 0.0345872603
v -0.0215879604 -0.0145787504 0.0345872603
v -0.02144056 -0.0148215201 0.0345872603
v -0.0210852604 -0.0153614804 0.0345872603
v -0.0208860599 -0.0156642105 0.0345872603
v -0.0205567405 -0.0161271002 0.0345872603
v -0.0203012191 -0.0164861605 0.0345872603
v -0.0200030208 -0.0168746095 0.0345872603
v -0.0196868703 -0.0172863603 0.0345872603
v -0.0194246694 -0.0176032707 0.0345872603
v -0.0190438591 -0.0180635992 0.0345872603
v -0.0188224297 -0.0183123294 0.0345872603
v -0.0183730107 -0.0188170001 0.0345872603
v -0.0181968808 -0.0190008804 0.0345872603
v -0.0176751595 -0.0195454899 0.0345872603
v -0.0175486803 -0.0196682792 0.0345872603
v -0.0169513207 -0.0202481095 0.0345872603
v -0.0168785993 -0.0203137305 0.0345872603
v -0.0162023902 -0.0209239703 0.0345872603
v -0.0161873605 -0.0209365394 0.0345872603
v -0.0154744303 -0.02153432 0.0345872603
v -0.0154293701 -0.0215721093 0.0345872603
v -0.0147415297 -0.0221074801 0.0345872603
v -0.0146332895 -0.0221916996 0.0345872603
v -0.0132205999 -0.0231789295 0.0345872603
v -0.0109952604 -0.0202544909 0.0353068709
v -0.00931769609 -0.0191372 0.0356279612
v -0.0129762199 -0.0233420692 0.0345872603
v -0.0124342404 -0.0236760303 0.0345872603
v -0.0121174399 -0.0238713007 0.0345872603
v -0.0116317803 -0.0241466705 0.0345872603
v -0.0112399403 -0.0243688803 0.0345872603
v -0.0108141303 -0.0245903097 0.0345872603
v -0.0103449197 -0.0248342697 0.0345872603
v -0.00998210907 -0.0250064693 0.0345872603
v -0.00943356659 -0.0252668206 0.0345872603
v -0.00913673639 -0.0253946707 0.0345872603
v -0.00850707199 -0.0256659295 0.0345872603
v -0.00827884581 -0.0257545691 0.0345872603
v -0.00756668998 -0.0260310695 0.0345872603
v -0.00740939286 -0.0260856692 0.0345872603
v -0.00661367085 -0.0263618194 0.0345872603
v -0.00652938988 -0.02638763 0.0345872603
v -0.000610810006 -0.00909864902 0.0371606313
v -0.00111257995 -0.01084744 0.0370176993
v -0.00161474897 -0.0125974398 0.0368494913
v -0.00211727596 -0.0143488003 0.0366560817
v -0.00262027909 -0.0161016509 0.0364373289
v -0.00312369992 -0.0178562403 0.0361930691
v -0.00362771703 -0.0196126103 0.0359233618
v -0.00413226988 -0.0213709399 0.0356279612
v -0.00463742018 -0.0231314804 0.0353068709
v -0.00514328387 -0.0248942897 0.034959849
v -0.00564920902 -0.0266576391 0.0345872603
v -0.00563979102 -0.0266601406 0.0345872603
v -0.00474089291 -0.0269004703 0.0345872603
v -0.00467467308 -0.0269181691 0.0345872603
v -0.00383448601 -0.0271103308 0.0345872603
v -0.00369131495 -0.0271431208 0.0345872603
v -0.00292163994 -0.0272899196 0.0345872603
v -0.00270038797 -0.0273321196 0.0345872603
v -0.00200331211 -0.0274389908 0.0345872603
v -0.00170326198 -0.0274850093 0.0345872603
v -0.00108063198 -0.0275573693 0.0345872603
v -0.000701233977 -0.0276014805 0.0345872603
v -0.000154491994 -0.02764499 0.0345872603
v 0.000304374 -0.0276814606 0.0345872603
v 0.000774051994 -0.0277016703 0.0345872603
v 0.00199997402 -0.0277842209 0.0345759317
v 0.00199997402 -0.0277733803 0.034578681
v 0.00170350005 -0.0277717691 0.034578681
v -0.02373158 0.0104520302 0.034578681
v -0.0169069096 0.0203441903 0.034578681
v -0.00654214621 0.0264270902 0.034578681
v 0.00165301503 0.0324979983 0.0287563205
v 0.00199997402 0.0324981213 0.0287561994
v 0.00165325403 0.0324780308 0.0292057898
v 0.00199997402 0.0324774906 0.0292056706
v 0.00199997402 0.0324811898 0.0291257501
v 0.00199997402 0.0324211083 0.0296518207
v 0.00199997402 0.0324325487 0.0295686703
v 0.00165379001 0.0324244983 0.0296525303
v 0.00199997402 0.0324749909 0.0292609297
v 0.00199997402 0.0323332511 0.03009253
v 0.00199997402 0.0323525593 0.0300095603
v 0.00165474403 0.0323375985 0.0300939605
v 0.00199997402 0.0323998295 0.0298061296
v 0.00199997402 0.0322143994 0.0305259209
v 0.00199997402 0.0322408602 0.0304460507
v 0.00165599503 0.0322178602 0.0305277109
v 0.00199997402 0.0322748981 0.0303435903
v 0.00199997402 0.0320647284 0.0309498906
v 0.00199997402 0.0320971608 0.0308756791
v 0.00165766396 0.0320659801 0.0309512001
v 0.00199997402 0.0321016312 0.0308654904
v 0.00165957201 0.0318828188 0.0313621685
v 0.00199997402 0.03188264 0.0313658714
v 0.00199997402 0.0319147706 0.0312924907
v 0.00166189601 0.0316693708 0.0317582414
v 0.00199997402 0.0316676386 0.0317563415
v 0.00199997402 0.0317011401 0.031695541
v 0.00199997402 0.0313094817 0.0323029086
v 0.00199997402 0.0314237401 0.0321339294
v 0.00166445901 0.0314267799 0.0321372114
v 0.00199997402 0.03145843 0.0320826694
v 0.00199997402 0.0316176414 0.0318471082
v 0.00199997402 0.0310130697 0.0326692984
v 0.00199997402 0.0311548691 0.0324940607
v 0.00166737998 0.0311565306 0.0324969217
v 0.00199997402 0.0311886594 0.0324522816
v 0.00167053903 0.0308600608 0.0328353606
v 0.00199997402 0.0308575593 0.0328312516
v 0.00199997402 0.0308889095 0.0327985808
v 0.00199997402 0.0305377804 0.0331470892
v 0.00199997402 0.0305656102 0.0331229493
v 0.00167393603 0.0305390898 0.0331506096
v 0.00199997402 0.0306360703 0.0330617987
v 0.00199997402 0.0301962402 0.0334396884
v 0.00199997402 0.0302195493 0.0334228799
v 0.00167763198 0.0301954094 0.0334409401
v 0.00199997402 0.0302234199 0.0334201418
v 0.00168150605 0.0298309308 0.0337047502
v 0.00199997402 0.0298311692 0.0337027311
v 0.00199997402 0.0298487507 0.0336900912
v 0.00199997402 0.0294468403 0.0339360796
v 0.00199997402 0.0294604301 0.0339280292
v 0.00168561901 0.0294476692 0.0339404307
v 0.00199997402 0.0297788307 0.0337404013
v 0.00199997402 0.0290468894 0.0341412388
v 0.00199997402 0.0290573798 0.0341362283
v 0.00168985105 0.0290479008 0.0341467783
v 0.00199997402 0.0293091498 0.0340172015
v 0.00199997402 0.0286332909 0.0343170092
v 0.00199997402 0.0286419298 0.0343138501
v 0.00169426203 0.02863371 0.0343225487
v 0.00199997402 0.0288198497 0.0342485309
v 0.00199997402 0.0282081906 0.0344631597
v 0.00199997402 0.0282167699 0.0344608389
v 0.001698851 0.0282075405 0.0344667993
v 0.00199997402 0.0283092204 0.0344359204
v 0.00170350005 0.0277717691 0.034578681
v 0.00199997402 0.0277842805 0.0345762298
v 0.00199997402 0.0278093796 0.0345707498
v 0.00199997402 0.0277733803 0.0345785618
v 0.000772084983 0.0277462006 0.034578681
v -0.000157963994 0.0276893899 0.034578681
v -0.00108557905 0.0276014209 0.034578681
v -0.00200968911 0.0274823904 0.034578681
v -0.00292932894 0.0273324195 0.034578681
v -0.00384342601 0.0271517001 0.034578681
v -0.00475090696 0.0269403998 0.034578681
v -0.00565081788 0.0266987607 0.034578681
v -0.00742381811 0.0261256602 0.034578681
v -0.00829488039 0.02579486 0.034578681
v -0.00915437937 0.0254350305 0.034578681
v -0.0100012999 0.0250465199 0.034578681
v -0.0108347498 0.0246298295 0.034578681
v -0.0116537204 0.0241854694 0.034578681
v -0.0124573102 0.0237138197 0.034578681
v -0.0132446801 0.0232155304 0.034578681
v -0.0140148401 0.0226910692 0.034578681
v -0.0147669902 0.0221410897 0.034578681
v -0.0155002996 0.0215662103 0.034578681
v -0.0162138306 0.0209669992 0.034578681
v -0.0175787192 0.0196985602 0.034578681
v -0.0182285309 0.0190306902 0.034578681
v -0.0188555103 0.0183414202 0.034578681
v -0.0194589999 0.0176315308 0.034578681
v -0.0200383607 0.0169017296 0.034578681
v -0.0205929205 0.0161529705 0.034578681
v -0.0211220905 0.0153859798 0.034578681
v -0.0216252208 0.0146017 0.034578681
v -0.0221017003 0.0138009703 0.034578681
v -0.02255111 0.0129847499 0.034578681
v -0.0229728203 0.0121538602 0.034578681
v -0.0233665109 0.0113093201 0.034578681
v -0.0240676906 0.00958299637 0.034578681
v -0.0243744794 0.00870317221 0.034578681
v -0.0246515796 0.00781357195 0.034578681
v -0.0248987004 0.00691515207 0.034578681
v -0.0251155403 0.00600892305 0.034578681
v -0.02530187 0.00509595778 0.034578681
v -0.0254574399 0.00417727185 0.034578681
v -0.0255821291 0.00325387693 0.034578681
v -0.0256757103 0.00232678605 0.034578681
v -0.02573823 0.00139713194 0.034578681
v -0.0257694703 0.000465891004 0.034578681
v -0.0257694703 -0.000465891004 0.034578681
v -0.02573823 -0.00139713194 0.034578681
v -0.0255821291 -0.00325387693 0.034578681
v -0.0256757103 -0.00232678605 0.034578681
v -0.0254574399 -0.00417727185 0.034578681
v -0.02530187 -0.00509595778 0.034578681
v -0.0251155403 -0.00600892305 0.034578681
v -0.0248987004 -0.00691515207 0.034578681
v -0.0246515796 -0.00781357195 0.034578681
v -0.0243744794 -0.00870317221 0.034578681
v -0.0240676906 -0.00958299637 0.034578681
v -0.02373158 -0.0104520302 0.034578681
v -0.0229728203 -0.0121538602 0.034578681
v -0.0233665109 -0.0113093201 0.034578681
v -0.02255111 -0.0129847499 0.034578681
v -0.0221017003 -0.0138009703 0.034578681
v -0.0216252208 -0.0146017 0.034578681
v -0.0211220905 -0.0153859798 0.034578681
v -0.0205929205 -0.0161529705 0.034578681
v -0.0200383607 -0.0169017296 0.034578681
v -0.0194589999 -0.0176315308 0.034578681
v -0.0188555103 -0.0183414202 0.034578681
v -0.0182285309 -0.0190306902 0.034578681
v -0.0175787192 -0.0196985602 0.034578681
v -0.0169069096 -0.0203441903 0.034578681
v -0.0162138306 -0.0209669992 0.034578681
v -0.0155002996 -0.0215662103 0.034578681
v -0.0140148401 -0.0226910692 0.034578681
v -0.0147669902 -0.0221410897 0.034578681
v -0.0132446801 -0.0232155304 0.034578681
v -0.0124573102 -0.0237138197 0.034578681
v -0.0116537204 -0.0241854694 0.034578681
v -0.0108347498 -0.0246298295 0.034578681
v -0.0100012999 -0.0250465199 0.034578681
v -0.00915437937 -0.0254350305 0.034578681
v -0.00829488039 -0.02579486 0.034578681
v -0.00742381811 -0.0261256602 0.034578681
v -0.00654214621 -0.0264270902 0.034578681
v -0.00475090696 -0.0269403998 0.034578681
v -0.00565081788 -0.0266987607 0.034578681
v -0.00384342601 -0.0271517001 0.034578681
v -0.00292932894 -0.0273324195 0.034578681
v -0.00200968911 -0.0274823904 0.034578681
v -0.00108557905 -0.0276014209 0.034578681
v -0.000157963994 -0.0276893899 0.034578681
v 0.000772084983 -0.0277462006 0.034578681
v 0.00199997402 -0.02821761 0.0344639383
v 0.00199997402 -0.0282091405 0.0344667993
v 0.001698851 -0.0282075405 0.0344667993
v 0.00199997402 -0.0286437795 0.0343189798
v 0.00199997402 -0.0286353808 0.0343225487
v 0.00169426203 -0.02863371 0.0343225487
v 0.00199997402 -0.0290598199 0.0341414213
v 0.00199997402 -0.0290495101 0.0341467783
v 0.00168985105 -0.0290479008 0.0341467783
v 0.00199997402 -0.0294628702 0.0339321382
v 0.00199997402 -0.02944934 0.0339404307
v 0.00168561901 -0.0294476692 0.0339404307
v 0.00199997402 -0.0298501197 0.0336920582
v 0.00199997402 -0.0298325997 0.0337047502
v 0.00168150605 -0.0298309308 0.0337047502
v 0.00199997402 -0.0302191302 0.0334224105
v 0.00199997402 -0.0301971398 0.0334409401
v 0.00167763198 -0.0301954094 0.0334409401
v 0.00199997402 -0.0305671003 0.0331248008
v 0.00199997402 -0.0305408798 0.0331506096
v 0.00167393603 -0.0305390898 0.0331506096
v 0.00199997402 -0.0308916494 0.0328012705
v 0.00199997402 -0.0308618508 0.0328353606
v 0.00167053903 -0.0308600608 0.0328353606
v 0.00199997402 -0.0311905704 0.0324539505
v 0.00199997402 -0.0311583206 0.0324969217
v 0.00166737998 -0.0311565306 0.0324969217
v 0.00199997402 -0.0314619504 0.0320851207
v 0.00199997402 -0.0314285718 0.0321372114
v 0.00166445901 -0.0314267799 0.0321372114
v 0.00199997402 -0.0317040607 0.0316971503
v 0.00199997402 -0.031671159 0.0317582414
v 0.00166189601 -0.0316693708 0.0317582414
v 0.00199997402 -0.0319155417 0.0312927887
v 0.00199997402 -0.0318846107 0.0313621685
v 0.00165957201 -0.0318828188 0.0313621685
v 0.00199997402 -0.0320951901 0.0308750197
v 0.00199997402 -0.0320678316 0.0309512001
v 0.00165766396 -0.0320659801 0.0309512001
v 0.00199997402 -0.0322421119 0.0304465797
v 0.00199997402 -0.0322197005 0.0305277109
v 0.00165599503 -0.0322178602 0.0305277109
v 0.00199997402 -0.0323559009 0.0300104003
v 0.00199997402 -0.03233945 0.0300939605
v 0.00165474403 -0.0323375985 0.0300939605
v 0.00199997402 -0.0324363112 0.0295691993
v 0.00199997402 -0.0324263498 0.0296525303
v 0.00165379001 -0.0324244983 0.0296525303
v 0.00199997402 -0.0324834511 0.02912586
v 0.00199997402 -0.0324798785 0.0292057898
v 0.00165325403 -0.0324780308 0.0292057898
v 0.00165301503 -0.0324979983 0.0287563205
v 0.00199997402 -0.0324998386 0.0287563205
v 0.000563118025 -0.0324680805 0.0287563205
v -0.00052520301 -0.0324015617 0.0287563205
v -0.00269204308 -0.032159321 0.0287563205
v -0.00161063601 -0.0322986208 0.0287563205
v -0.00483787013 -0.0317723714 0.0287563205
v -0.00376820494 -0.0319838487 0.0287563205
v -0.00589978602 -0.0315250717 0.0287563205
v -0.00799584296 -0.0309244301 0.0287563205
v -0.00695288088 -0.0312423706 0.0287563205
v -0.00902753975 -0.0305717494 0.0287563205
v -0.01004689 -0.0301846191 0.0287563205
v -0.0110526001 -0.0297635105 0.0287563205
v -0.0120437099 -0.0293089096 0.0287563205
v -0.0130189601 -0.0288213398 0.0287563205
v -0.0139772799 -0.0283012893 0.0287563205
v -0.0149176698 -0.0277494099 0.0287563205
v -0.0158389807 -0.0271662995 0.0287563205
v -0.0167402606 -0.0265526101 0.0287563205
v -0.0176203791 -0.0259090606 0.0287563205
v -0.0184784494 -0.0252362993 0.0287563205
v -0.0193135105 -0.0245351698 0.0287563205
v -0.0201244894 -0.0238063894 0.0287563205
v -0.0209106207 -0.0230508391 0.0287563205
v -0.0216709897 -0.0222692993 0.0287563205
v -0.0224046707 -0.0214627292 0.0287563205
v -0.0231109206 -0.0206320193 0.0287563205
v -0.0244377796 -0.0189018808 0.0287563205
v -0.0237888601 -0.0197780691 0.0287563205
v -0.0256457292 -0.0170866195 0.0287563205
v -0.0250570104 -0.0180043504 0.0287563205
v -0.0262033306 -0.0161496401 0.0287563205
v -0.0272226892 -0.0142222 0.0287563205
v -0.0267291609 -0.0151944701 0.0287563205
v -0.0276833698 -0.0132339504 0.0287563205
v -0.02811056 -0.0122307502 0.0287563205
v -0.0285038892 -0.0112138297 0.0287563205
v -0.0288628899 -0.0101842796 0.0287563205
v -0.0291871391 -0.00914329197 0.0287563205
v -0.0294763409 -0.00809198618 0.0287563205
v -0.0297300797 -0.00703155901 0.0287563205
v -0.0299480502 -0.00596320583 0.0287563205
v -0.0301301405 -0.00488817599 0.0287563205
v -0.0302760005 -0.00380760408 0.0287563205
v -0.0303855501 -0.00272279908 0.0287563205
v -0.0304586794 -0.00163489499 0.0287563205
v -0.0304952804 -0.000545175979 0.0287563205
v -0.0304952804 0.000545175979 0.0287563205
v -0.0304586794 0.00163489499 0.0287563205
v -0.0303855501 0.00272279908 0.0287563205
v -0.0302760005 0.00380760408 0.0287563205
v -0.0299480502 0.00596320583 0.0287563205
v -0.0301301405 0.00488817599 0.0287563205
v -0.0294763409 0.00809198618 0.0287563205
v -0.0297300797 0.00703155901 0.0287563205
v -0.0291871391 0.00914329197 0.0287563205
v -0.0285038892 0.0112138297 0.0287563205
v -0.0288628899 0.0101842796 0.0287563205
v -0.02811056 0.0122307502 0.0287563205
v -0.0276833698 0.0132339504 0.0287563205
v -0.0272226892 0.0142222 0.0287563205
v -0.0267291609 0.0151944701 0.0287563205
v -0.0262033306 0.0161496401 0.0287563205
v -0.0256457292 0.0170866195 0.0287563205
v -0.0250570104 0.0180043504 0.0287563205
v -0.0244377796 0.0189018808 0.0287563205
v -0.0237888601 0.0197780691 0.0287563205
v -0.0231109206 0.0206320193 0.0287563205
v -0.0224046707 0.0214627292 0.0287563205
v -0.0216709897 0.0222692993 0.0287563205
v -0.0209106207 0.0230508391 0.0287563205
v -0.0201244894 0.0238063894 0.0287563205
v -0.0193135105 0.0245351698 0.0287563205
v -0.0184784494 0.0252362993 0.0287563205
v -0.0176203791 0.0259090606 0.0287563205
v -0.0167402606 0.0265526101 0.0287563205
v -0.0158389807 0.0271662995 0.0287563205
v -0.0149176698 0.0277494099 0.0287563205
v -0.0139772799 0.0283012893 0.0287563205
v -0.0130189601 0.0288213398 0.0287563205
v -0.0120437099 0.0293089096 0.0287563205
v -0.0110526001 0.0297635105 0.0287563205
v -0.00902753975 0.0305717494 0.0287563205
v -0.01004689 0.0301846191 0.0287563205
v -0.00695288088 0.0312423706 0.0287563205
v -0.00799584296 0.0309244301 0.0287563205
v -0.00589978602 0.0315250717 0.0287563205
v -0.00376820494 0.0319838487 0.0287563205
v -0.00483787013 0.0317723714 0.0287563205
v -0.00269204308 0.032159321 0.0287563205
v -0.00161063601 0.0322986208 0.0287563205
v 0.000563118025 0.0324680805 0.0287563205
v -0.00052520301 0.0324015617 0.0287563205
v 0.000564000977 -0.0324481092 0.0292057898
v -0.000523652998 -0.0323817097 0.0292057898
v -0.00160843099 -0.0322788283 0.0292057898
v -0.00268918206 -0.0321395881 0.0292057898
v -0.00376468804 -0.0319642387 0.0292057898
v -0.0048336382 -0.0317528807 0.0292057898
v -0.00589495804 -0.0315057598 0.0292057898
v -0.00694733812 -0.0312231705 0.0292057898
v -0.00798970368 -0.0309054796 0.0292057898
v -0.00902080536 -0.0305529796 0.0292057898
v -0.0100395 -0.0301660802 0.0292057898
v -0.0110446196 -0.0297452807 0.0292057898
v -0.01203507 -0.0292909704 0.0292057898
v -0.0130097196 -0.0288036391 0.0292057898
v -0.0139675103 -0.0282839499 0.0292057898
v -0.0149072995 -0.02773243 0.0292057898
v -0.0158280693 -0.0271496698 0.0292057898
v -0.0167287495 -0.0265363399 0.0292057898
v -0.0176083408 -0.0258931499 0.0292057898
v -0.0184658691 -0.0252208095 0.0292057898
v -0.0193003993 -0.0245200898 0.0292057898
v -0.0201109592 -0.02379179 0.0292057898
v -0.0208966099 -0.0230367109 0.0292057898
v -0.0216564499 -0.0222556498 0.0292057898
v -0.0223897006 -0.0214496199 0.0292057898
v -0.0230954792 -0.0206193905 0.0292057898
v -0.0237730704 -0.0197659694 0.0292057898
v -0.0244215708 -0.0188902598 0.0292057898
v -0.0250403807 -0.0179933291 0.0292057898
v -0.02562874 -0.0170761291 0.0292057898
v -0.0261860397 -0.0161397401 0.0292057898
v -0.0267115794 -0.0151851699 0.0292057898
v -0.0272048097 -0.0142134996 0.0292057898
v -0.0276651308 -0.0132258497 0.0292057898
v -0.0280920807 -0.0122232996 0.0292057898
v -0.0284851696 -0.0112069799 0.0292057898
v -0.0288439896 -0.0101780202 0.0292057898
v -0.0291680004 -0.00913769007 0.0292057898
v -0.0294570308 -0.00808697939 0.0292057898
v -0.0297105908 -0.00702720787 0.0292057898
v -0.0299284402 -0.00595956994 0.0292057898
v -0.0301104095 -0.00488513708 0.0292057898
v -0.0302562099 -0.00380527903 0.0292057898
v -0.0303656999 -0.00272112992 0.0292057898
v -0.0304387808 -0.00163388206 0.0292057898
v -0.0304753091 -0.000544840994 0.0292057898
v -0.0304753091 0.000544840994 0.0292057898
v -0.0304387808 0.00163388206 0.0292057898
v -0.0303656999 0.00272112992 0.0292057898
v -0.0302562099 0.00380527903 0.0292057898
v -0.0301104095 0.00488513708 0.0292057898
v -0.0299284402 0.00595956994 0.0292057898
v -0.0297105908 0.00702720787 0.0292057898
v -0.0294570308 0.00808697939 0.0292057898
v -0.0291680004 0.00913769007 0.0292057898
v -0.0288439896 0.0101780202 0.0292057898
v -0.0284851696 0.0112069799 0.0292057898
v -0.0280920807 0.0122232996 0.0292057898
v -0.0276651308 0.0132258497 0.0292057898
v -0.0272048097 0.0142134996 0.0292057898
v -0.0267115794 0.0151851699 0.0292057898
v -0.0261860397 0.0161397401 0.0292057898
v -0.02562874 0.0170761291 0.0292057898
v -0.0250403807 0.0179933291 0.0292057898
v -0.0244215708 0.0188902598 0.0292057898
v -0.0237730704 0.0197659694 0.0292057898
v -0.0230954792 0.0206193905 0.0292057898
v -0.0223897006 0.0214496199 0.0292057898
v -0.0216564499 0.0222556498 0.0292057898
v -0.0208966099 0.0230367109 0.0292057898
v -0.0201109592 0.02379179 0.0292057898
v -0.0193003993 0.0245200898 0.0292057898
v -0.0184658691 0.0252208095 0.0292057898
v -0.0176083408 0.0258931499 0.0292057898
v -0.0167287495 0.0265363399 0.0292057898
v -0.0158280693 0.0271496698 0.0292057898
v -0.0149072995 0.02773243 0.0292057898
v -0.0139675103 0.0282839499 0.0292057898
v -0.0130097196 0.0288036391 0.0292057898
v -0.01203507 0.0292909704 0.0292057898
v -0.0110446196 0.0297452807 0.0292057898
v -0.0100395 0.0301660802 0.0292057898
v -0.00902080536 0.0305529796 0.0292057898
v -0.00798970368 0.0309054796 0.0292057898
v -0.00694733812 0.0312231705 0.0292057898
v -0.00589495804 0.0315057598 0.0292057898
v -0.0048336382 0.0317528807 0.0292057898
v -0.00376468804 0.0319642387 0.0292057898
v -0.00268918206 0.0321395881 0.0292057898
v -0.00160843099 0.0322788283 0.0292057898
v -0.000523652998 0.0323817097 0.0292057898
v 0.000564000977 0.0324481092 0.0292057898
v 0.000566370029 -0.0323946401 0.0296525303
v -0.000519492023 -0.0323283002 0.0296525303
v -0.00160246994 -0.0322256014 0.0296525303
v -0.00268143392 -0.0320866108 0.0296525303
v -0.00375515199 -0.0319114886 0.0296525303
v -0.00482237292 -0.0317004882 0.0296525303
v -0.00588190509 -0.0314537808 0.0296525303
v -0.00693261577 -0.0311717298 0.0296525303
v -0.0079732528 -0.0308545195 0.0296525303
v -0.00900262501 -0.0305026099 0.0296525303
v -0.0100196498 -0.0301163699 0.0296525303
v -0.0110231005 -0.0296962205 0.0296525303
v -0.0120119397 -0.0292426292 0.0296525303
v -0.0129849901 -0.0287561398 0.0296525303
v -0.0139411604 -0.0282373391 0.0296525303
v -0.0148793999 -0.0276866499 0.0296525303
v -0.0157986209 -0.0271048509 0.0296525303
v -0.0166978799 -0.0264925901 0.0296525303
v -0.0175760295 -0.0258504692 0.0296525303
v -0.0184321404 -0.0251791999 0.0296525303
v -0.0192652903 -0.0244796798 0.0296525303
v -0.0200744793 -0.0237525702 0.0296525303
v -0.0208588205 -0.0229986906 0.0296525303
v -0.0216174703 -0.0222189408 0.0296525303
v -0.0223494694 -0.0214142203 0.0296525303
v -0.0230541192 -0.0205853507 0.0296525303
v -0.0237305705 -0.01973336 0.0296525303
v -0.0243779998 -0.0188591406 0.0296525303
v -0.0249958001 -0.0179636404 0.0296525303
v -0.0255832002 -0.0170479994 0.0296525303
v -0.0261395499 -0.0161131006 0.0296525303
v -0.02666419 -0.0151601397 0.0296525303
v -0.0271566492 -0.0141900703 0.0296525303
v -0.0276161991 -0.0132040298 0.0296525303
v -0.0280424897 -0.0122030899 0.0296525303
v -0.0284349304 -0.0111884996 0.0296525303
v -0.0287930891 -0.0101612797 0.0296525303
v -0.0291166306 -0.00912261009 0.0296525303
v -0.0294051096 -0.00807368662 0.0296525303
v -0.0296583101 -0.00701564504 0.0296525303
v -0.0298758093 -0.00594973518 0.0296525303
v -0.0300574806 -0.00487708999 0.0296525303
v -0.0302030407 -0.00379902101 0.0296525303
v -0.03031235 -0.00271659996 0.0296525303
v -0.0303852502 -0.00163119996 0.0296525303
v -0.0304217897 -0.000543943024 0.0296525303
v -0.0304217897 0.000543943024 0.0296525303
v -0.0303852502 0.00163119996 0.0296525303
v -0.03031235 0.00271659996 0.0296525303
v -0.0302030407 0.00379902101 0.0296525303
v -0.0300574806 0.00487708999 0.0296525303
v -0.0298758093 0.00594973518 0.0296525303
v -0.0296583101 0.00701564504 0.0296525303
v -0.0294051096 0.00807368662 0.0296525303
v -0.0291166306 0.00912261009 0.0296525303
v -0.0287930891 0.0101612797 0.0296525303
v -0.0284349304 0.0111884996 0.0296525303
v -0.0280424897 0.0122030899 0.0296525303
v -0.0276161991 0.0132040298 0.0296525303
v -0.0271566492 0.0141900703 0.0296525303
v -0.02666419 0.0151601397 0.0296525303
v -0.0261395499 0.0161131006 0.0296525303
v -0.0255832002 0.0170479994 0.0296525303
v -0.0249958001 0.0179636404 0.0296525303
v -0.0243779998 0.0188591406 0.0296525303
v -0.0237305705 0.01973336 0.0296525303
v -0.0230541192 0.0205853507 0.0296525303
v -0.0223494694 0.0214142203 0.0296525303
v -0.0216174703 0.0222189408 0.0296525303
v -0.0208588205 0.0229986906 0.0296525303
v -0.0200744793 0.0237525702 0.0296525303
v -0.0192652903 0.0244796798 0.0296525303
v -0.0184321404 0.0251791999 0.0296525303
v -0.0175760295 0.0258504692 0.0296525303
v -0.0166978799 0.0264925901 0.0296525303
v -0.0157986209 0.0271048509 0.0296525303
v -0.0148793999 0.0276866499 0.0296525303
v -0.0139411604 0.0282373391 0.0296525303
v -0.0129849901 0.0287561398 0.0296525303
v -0.0120119397 0.0292426292 0.0296525303
v -0.0110231005 0.0296962205 0.0296525303
v -0.0100196498 0.0301163699 0.0296525303
v -0.00900262501 0.0305026099 0.0296525303
v -0.0079732528 0.0308545195 0.0296525303
v -0.00693261577 0.0311717298 0.0296525303
v -0.00588190509 0.0314537808 0.0296525303
v -0.00482237292 0.0317004882 0.0296525303
v -0.00375515199 0.0319114886 0.0296525303
v -0.00268143392 0.0320866108 0.0296525303
v -0.00160246994 0.0322256014 0.0296525303
v -0.000519492023 0.0323283002 0.0296525303
v 0.000566370029 0.0323946401 0.0296525303
v 0.000570210977 -0.0323077999 0.0300939605
v -0.000512741972 -0.0322416984 0.0300939605
v -0.00159281399 -0.0321392417 0.0300939605
v -0.00266891695 -0.0320006609 0.0300939605
v -0.00373971392 -0.0318260118 0.0300939605
v -0.0048041339 -0.0316155516 0.0300939605
v -0.00586080505 -0.0313694999 0.0300939605
v -0.00690865517 -0.0310881697 0.0300939605
v -0.00794649124 -0.0307718497 0.0300939605
v -0.00897312071 -0.0304208901 0.0300939605
v -0.00998741295 -0.0300356708 0.0300939605
v -0.0109882299 -0.0296166502 0.0300939605
v -0.0119743897 -0.0291643105 0.0300939605
v -0.0129448101 -0.0286791306 0.0300939605
v -0.0138984304 -0.0281616393 0.0300939605
v -0.01483416 -0.0276124999 0.0300939605
v -0.0157509409 -0.0270322505 0.0300939605
v -0.0166477505 -0.0264215991 0.0300939605
v -0.0175235793 -0.0257812105 0.0300939605
v -0.0183774196 -0.0251117293 0.0300939605
v -0.0192083102 -0.0244140606 0.0300939605
v -0.0200153496 -0.0236889105 0.0300939605
v -0.0207976103 -0.0229370501 0.0300939605
v -0.0215541702 -0.0221594498 0.0300939605
v -0.02228426 -0.0213568192 0.0300939605
v -0.0229870006 -0.0205302201 0.0300939605
v -0.0236616097 -0.0196805 0.0300939605
v -0.0243073702 -0.0188085996 0.0300939605
v -0.0249234401 -0.0179155394 0.0300939605
v -0.0255092904 -0.0170022808 0.0300939605
v -0.02606415 -0.0160699394 0.0300939605
v -0.0265874192 -0.0151194902 0.0300939605
v -0.0270785 -0.01415205 0.0300939605
v -0.0275368597 -0.0131686302 0.0300939605
v -0.0279619601 -0.0121704303 0.0300939605
v -0.0283533894 -0.0111585204 0.0300939605
v -0.0287106 -0.0101340404 0.0300939605
v -0.0290332399 -0.00909817219 0.0300939605
v -0.0293210093 -0.00805205107 0.0300939605
v -0.0295734406 -0.00699680997 0.0300939605
v -0.0297903996 -0.00593376113 0.0300939605
v -0.0299715307 -0.00486403704 0.0300939605
v -0.0301167294 -0.00378882792 0.0300939605
v -0.0302257501 -0.0027093289 0.0300939605
v -0.0302985292 -0.00162678899 0.0300939605
v -0.0303348806 -0.000542484981 0.0300939605
v -0.0303348806 0.000542484981 0.0300939605
v -0.0302985292 0.00162678899 0.0300939605
v -0.0302257501 0.0027093289 0.0300939605
v -0.0301167294 0.00378882792 0.0300939605
v -0.0299715307 0.00486403704 0.0300939605
v -0.0297903996 0.00593376113 0.0300939605
v -0.0295734406 0.00699680997 0.0300939605
v -0.0293210093 0.00805205107 0.0300939605
v -0.0290332399 0.00909817219 0.0300939605
v -0.0287106 0.0101340404 0.0300939605
v -0.0283533894 0.0111585204 0.0300939605
v -0.0279619601 0.0121704303 0.0300939605
v -0.0275368597 0.0131686302 0.0300939605
v -0.0270785 0.01415205 0.0300939605
v -0.0265874192 0.0151194902 0.0300939605
v -0.02606415 0.0160699394 0.0300939605
v -0.0255092904 0.0170022808 0.0300939605
v -0.0249234401 0.0179155394 0.0300939605
v -0.0243073702 0.0188085996 0.0300939605
v -0.0236616097 0.0196805 0.0300939605
v -0.0229870006 0.0205302201 0.0300939605
v -0.02228426 0.0213568192 0.0300939605
v -0.0215541702 0.0221594498 0.0300939605
v -0.0207976103 0.0229370501 0.0300939605
v -0.0200153496 0.0236889105 0.0300939605
v -0.0192083102 0.0244140606 0.0300939605
v -0.0183774196 0.0251117293 0.0300939605
v -0.0175235793 0.0257812105 0.0300939605
v -0.0166477505 0.0264215991 0.0300939605
v -0.0157509409 0.0270322505 0.0300939605
v -0.01483416 0.0276124999 0.0300939605
v -0.0138984304 0.0281616393 0.0300939605
v -0.0129448101 0.0286791306 0.0300939605
v -0.0119743897 0.0291643105 0.0300939605
v -0.0109882299 0.0296166502 0.0300939605
v -0.00998741295 0.0300356708 0.0300939605
v -0.00897312071 0.0304208901 0.0300939605
v -0.00794649124 0.0307718497 0.0300939605
v -0.00690865517 0.0310881697 0.0300939605
v -0.00586080505 0.0313694999 0.0300939605
v -0.0048041339 0.0316155516 0.0300939605
v -0.00373971392 0.0318260118 0.0300939605
v -0.00266891695 0.0320006609 0.0300939605
v -0.00159281399 0.0321392417 0.0300939605
v -0.000512741972 0.0322416984 0.0300939605
v 0.000570210977 0.0323077999 0.0300939605
v 0.000575505022 -0.0321882293 0.0305277109
v -0.00050343998 -0.0321223103 0.0305277109
v -0.00157952297 -0.0320202708 0.0305277109
v -0.0026516309 -0.0318821594 0.0305277109
v -0.0037184949 -0.0317081809 0.0305277109
v -0.00477892114 -0.0314984918 0.0305277109
v -0.00583171798 -0.03125339 0.0305277109
v -0.00687569287 -0.0309730694 0.0305277109
v -0.00790965464 -0.0306579396 0.0305277109
v -0.00893252995 -0.0303082392 0.0305277109
v -0.00994306803 -0.0299244504 0.0305277109
v -0.0109401299 -0.0295069795 0.0305277109
v -0.01192265 -0.0290563107 0.0305277109
v -0.0128894998 -0.0285729095 0.0305277109
v -0.0138395997 -0.0280573908 0.0305277109
v -0.0147718703 -0.0275102798 0.0305277109
v -0.0156852603 -0.0269321706 0.0305277109
v -0.0165787302 -0.0263237897 0.0305277109
v -0.0174512807 -0.0256857201 0.0305277109
v -0.0183019601 -0.0250188094 0.0305277109
v -0.0191298109 -0.0243237 0.0305277109
v -0.0199338105 -0.0236012302 0.0305277109
v -0.0207132101 -0.0228521805 0.0305277109
v -0.0214669704 -0.0220773797 0.0305277109
v -0.0221943203 -0.0212777797 0.0305277109
v -0.0228944998 -0.0204542205 0.0305277109
v -0.0235665999 -0.0196075998 0.0305277109
v -0.0242099706 -0.0187389795 0.0305277109
v -0.0248237792 -0.0178491995 0.0305277109
v -0.0254074298 -0.0169393402 0.0305277109
v -0.0259602591 -0.0160104595 0.0305277109
v -0.0264815595 -0.0150635196 0.0305277109
v -0.0269708596 -0.0140996501 0.0305277109
v -0.0274274908 -0.0131198699 0.0305277109
v -0.0278510395 -0.0121253701 0.0305277109
v -0.0282409694 -0.0111172097 0.0305277109
v -0.0285968706 -0.0100964904 0.0305277109
v -0.0289183799 -0.00906443503 0.0305277109
v -0.0292050205 -0.00802218914 0.0305277109
v -0.0294565503 -0.00697094202 0.0305277109
v -0.0296726804 -0.00591182709 0.0305277109
v -0.0298532192 -0.00484603597 0.0305277109
v -0.02999782 -0.00377482106 0.0305277109
v -0.0301064197 -0.00269931508 0.0305277109
v -0.0301789008 -0.00162076904 0.0305277109
v -0.0302152 -0.000540476991 0.0305277109
v -0.0302152 0.000540476991 0.0305277109
v -0.0301789008 0.00162076904 0.0305277109
v -0.0301064197 0.00269931508 0.0305277109
v -0.02999782 0.00377482106 0.0305277109
v -0.0298532192 0.00484603597 0.0305277109
v -0.0296726804 0.00591182709 0.0305277109
v -0.0294565503 0.00697094202 0.0305277109
v -0.0292050205 0.00802218914 0.0305277109
v -0.0289183799 0.00906443503 0.0305277109
v -0.0285968706 0.0100964904 0.0305277109
v -0.0282409694 0.0111172097 0.0305277109
v -0.0278510395 0.0121253701 0.0305277109
v -0.0274274908 0.0131198699 0.0305277109
v -0.0269708596 0.0140996501 0.0305277109
v -0.0264815595 0.0150635196 0.0305277109
v -0.0259602591 0.0160104595 0.0305277109
v -0.0254074298 0.0169393402 0.0305277109
v -0.0248237792 0.0178491995 0.0305277109
v -0.0242099706 0.0187389795 0.0305277109
v -0.0235665999 0.0196075998 0.0305277109
v -0.0228944998 0.0204542205 0.0305277109
v -0.0221943203 0.0212777797 0.0305277109
v -0.0214669704 0.0220773797 0.0305277109
v -0.0207132101 0.0228521805 0.0305277109
v -0.0199338105 0.0236012302 0.0305277109
v -0.0191298109 0.0243237 0.0305277109
v -0.0183019601 0.0250188094 0.0305277109
v -0.0174512807 0.0256857201 0.0305277109
v -0.0165787302 0.0263237897 0.0305277109
v -0.0156852603 0.0269321706 0.0305277109
v -0.0147718703 0.0275102798 0.0305277109
v -0.0138395997 0.0280573908 0.0305277109
v -0.0128894998 0.0285729095 0.0305277109
v -0.01192265 0.0290563107 0.0305277109
v -0.0109401299 0.0295069795 0.0305277109
v -0.00994306803 0.0299244504 0.0305277109
v -0.00893252995 0.0303082392 0.0305277109
v -0.00790965464 0.0306579396 0.0305277109
v -0.00687569287 0.0309730694 0.0305277109
v -0.00583171798 0.03125339 0.0305277109
v -0.00477892114 0.0314984918 0.0305277109
v -0.0037184949 0.0317081809 0.0305277109
v -0.0026516309 0.0318821594 0.0305277109
v -0.00157952297 0.0320202708 0.0305277109
v -0.00050343998 0.0321223103 0.0305277109
v 0.000575505022 0.0321882293 0.0305277109
v 0.000582217996 -0.0320364796 0.0309512001
v -0.000491638028 -0.0319709107 0.0309512001
v -0.00156265404 -0.0318692885 0.0309512001
v -0.00262969709 -0.0317318402 0.0309512001
v -0.00369155407 -0.0315586887 0.0309512001
v -0.00474697305 -0.0313500091 0.0309512001
v -0.0057947631 -0.0311060492 0.0309512001
v -0.00683385087 -0.0308270995 0.0309512001
v -0.00786298513 -0.0305134002 0.0309512001
v -0.00888097193 -0.0301653706 0.0309512001
v -0.00988674071 -0.0297834203 0.0309512001
v -0.0108791497 -0.02936792 0.0309512001
v -0.01185703 -0.0289193299 0.0309512001
v -0.0128192902 -0.0284382105 0.0309512001
v -0.0137649104 -0.02792513 0.0309512001
v -0.0146927796 -0.0273805801 0.0309512001
v -0.0156018697 -0.0268052202 0.0309512001
v -0.0164911095 -0.0261996891 0.0309512001
v -0.0173596106 -0.0255646706 0.0309512001
v -0.0182062294 -0.0249008499 0.0309512001
v -0.01903015 -0.0242090207 0.0309512001
v -0.0198304001 -0.0234899502 0.0309512001
v -0.0206061006 -0.0227444097 0.0309512001
v -0.0213563405 -0.02197331 0.0309512001
v -0.0220803004 -0.0211774707 0.0309512001
v -0.0227771401 -0.0203577802 0.0309512001
v -0.0234460793 -0.0195151493 0.0309512001
v -0.0240864102 -0.0186505895 0.0309512001
v -0.0246973597 -0.0177650396 0.0309512001
v -0.0252782106 -0.0168595295 0.0309512001
v -0.0258284193 -0.015935 0.0309512001
v -0.0263472702 -0.0149925305 0.0309512001
v -0.0268342402 -0.01403319 0.0309512001
v -0.0272887908 -0.0130580598 0.0309512001
v -0.0277103093 -0.0120682102 0.0309512001
v -0.0280984603 -0.0110647604 0.0309512001
v -0.0284526292 -0.0100489203 0.0309512001
v -0.0287725907 -0.00902175903 0.0309512001
v -0.0290579107 -0.00798439886 0.0309512001
v -0.0293082502 -0.00693809893 0.0309512001
v -0.0295233708 -0.00588393211 0.0309512001
v -0.0297030192 -0.00482320692 0.0309512001
v -0.0298469607 -0.00375699904 0.0309512001
v -0.0299550798 -0.00268655992 0.0309512001
v -0.0300272107 -0.00161313999 0.0309512001
v -0.0300633293 -0.000537929009 0.0309512001
v -0.0300633293 0.000537929009 0.0309512001
v -0.0300272107 0.00161313999 0.0309512001
v -0.0299550798 0.00268655992 0.0309512001
v -0.0298469607 0.00375699904 0.0309512001
v -0.0297030192 0.00482320692 0.0309512001
v -0.0295233708 0.00588393211 0.0309512001
v -0.0293082502 0.00693809893 0.0309512001
v -0.0290579107 0.00798439886 0.0309512001
v -0.0287725907 0.00902175903 0.0309512001
v -0.0284526292 0.0100489203 0.0309512001
v -0.0280984603 0.0110647604 0.0309512001
v -0.0277103093 0.0120682102 0.0309512001
v -0.0272887908 0.0130580598 0.0309512001
v -0.0268342402 0.01403319 0.0309512001
v -0.0263472702 0.0149925305 0.0309512001
v -0.0258284193 0.015935 0.0309512001
v -0.0252782106 0.0168595295 0.0309512001
v -0.0246973597 0.0177650396 0.0309512001
v -0.0240864102 0.0186505895 0.0309512001
v -0.0234460793 0.0195151493 0.0309512001
v -0.0227771401 0.0203577802 0.0309512001
v -0.0220803004 0.0211774707 0.0309512001
v -0.0213563405 0.02197331 0.0309512001
v -0.0206061006 0.0227444097 0.0309512001
v -0.0198304001 0.0234899502 0.0309512001
v -0.01903015 0.0242090207 0.0309512001
v -0.0182062294 0.0249008499 0.0309512001
v -0.0173596106 0.0255646706 0.0309512001
v -0.0164911095 0.0261996891 0.0309512001
v -0.0156018697 0.0268052202 0.0309512001
v -0.0146927796 0.0273805801 0.0309512001
v -0.0137649104 0.02792513 0.0309512001
v -0.0128192902 0.0284382105 0.0309512001
v -0.01185703 0.0289193299 0.0309512001
v -0.0108791497 0.02936792 0.0309512001
v -0.00988674071 0.0297834203 0.0309512001
v -0.00888097193 0.0301653706 0.0309512001
v -0.00786298513 0.0305134002 0.0309512001
v -0.00683385087 0.0308270995 0.0309512001
v -0.0057947631 0.0311060492 0.0309512001
v -0.00474697305 0.0313500091 0.0309512001
v -0.00369155407 0.0315586887 0.0309512001
v -0.00262969709 0.0317318402 0.0309512001
v -0.00156265404 0.0318692885 0.0309512001
v -0.000491638028 0.0319709107 0.0309512001
v 0.000582217996 0.0320364796 0.0309512001
v 0.000590319978 -0.03185343 0.0313621685
v -0.000477404014 -0.0317882188 0.0313621685
v -0.00154232897 -0.0316872485 0.0313621685
v -0.00260323193 -0.0315505788 0.0313621685
v -0.003659009 -0.031378381 0.0313621685
v -0.00470840884 -0.0311709009 0.0313621685
v -0.00575023796 -0.0309283696 0.0313621685
v -0.0067833662 -0.0306509696 0.0313621685
v -0.00780659914 -0.0303390604 0.0313621685
v -0.00881880522 -0.0299930498 0.0313621685
v -0.00981885102 -0.0296132509 0.0313621685
v -0.0108055398 -0.0292001292 0.0313621685
v -0.0117778704 -0.0287541095 0.0313621685
v -0.0127346497 -0.0282757804 0.0313621685
v -0.0136748496 -0.0277655702 0.0313621685
v -0.0145974103 -0.0272241794 0.0313621685
v -0.0155013204 -0.0266520903 0.0313621685
v -0.0163854901 -0.0260500293 0.0313621685
v -0.0172489807 -0.0254185703 0.0313621685
v -0.0180908404 -0.0247585699 0.0313621685
v -0.0189100504 -0.0240707304 0.0313621685
v -0.0197057091 -0.0233557802 0.0313621685
v -0.0204769298 -0.0226144698 0.0313621685
v -0.0212228801 -0.0218477808 0.0313621685
v -0.0219427291 -0.0210564695 0.0313621685
v -0.0226355698 -0.0202414896 0.0313621685
v -0.0233006999 -0.0194036905 0.0313621685
v -0.0239373408 -0.0185440704 0.0313621685
v -0.0245448295 -0.0176635906 0.0313621685
v -0.0251224004 -0.0167632103 0.0313621685
v -0.0256694499 -0.0158439204 0.0313621685
v -0.02618533 -0.0149068804 0.0313621685
v -0.02666956 -0.0139530301 0.0313621685
v -0.0271214806 -0.0129834404 0.0313621685
v -0.0275406204 -0.0119992401 0.0313621685
v -0.0279265009 -0.0110015804 0.0313621685
v -0.0282786991 -0.00999152567 0.0313621685
v -0.0285968091 -0.00897020102 0.0313621685
v -0.0288804695 -0.00793880224 0.0313621685
v -0.02912944 -0.00689846184 0.0313621685
v -0.0293432996 -0.00585031509 0.0313621685
v -0.0295219403 -0.00479560997 0.0313621685
v -0.0296650492 -0.00373554206 0.0313621685
v -0.0297725201 -0.00267124106 0.0313621685
v -0.0298442803 -0.00160395994 0.0313621685
v -0.0298801605 -0.000534855993 0.0313621685
v -0.0298801605 0.000534855993 0.0313621685
v -0.0298442803 0.00160395994 0.0313621685
v -0.0297725201 0.00267124106 0.0313621685
v -0.0296650492 0.00373554206 0.0313621685
v -0.0295219403 0.00479560997 0.0313621685
v -0.0293432996 0.00585031509 0.0313621685
v -0.02912944 0.00689846184 0.0313621685
v -0.0288804695 0.00793880224 0.0313621685
v -0.0285968091 0.00897020102 0.0313621685
v -0.0282786991 0.00999152567 0.0313621685
v -0.0279265009 0.0110015804 0.0313621685
v -0.0275406204 0.0119992401 0.0313621685
v -0.0271214806 0.0129834404 0.0313621685
v -0.02666956 0.0139530301 0.0313621685
v -0.02618533 0.0149068804 0.0313621685
v -0.0256694499 0.0158439204 0.0313621685
v -0.0251224004 0.0167632103 0.0313621685
v -0.0245448295 0.0176635906 0.0313621685
v -0.0239373408 0.0185440704 0.0313621685
v -0.0233006999 0.0194036905 0.0313621685
v -0.0226355698 0.0202414896 0.0313621685
v -0.0219427291 0.0210564695 0.0313621685
v -0.0212228801 0.0218477808 0.0313621685
v -0.0204769298 0.0226144698 0.0313621685
v -0.0197057091 0.0233557802 0.0313621685
v -0.0189100504 0.0240707304 0.0313621685
v -0.0180908404 0.0247585699 0.0313621685
v -0.0172489807 0.0254185703 0.0313621685
v -0.0163854901 0.0260500293 0.0313621685
v -0.0155013204 0.0266520903 0.0313621685
v -0.0145974103 0.0272241794 0.0313621685
v -0.0136748496 0.0277655702 0.0313621685
v -0.0127346497 0.0282757804 0.0313621685
v -0.0117778704 0.0287541095 0.0313621685
v -0.0108055398 0.0292001292 0.0313621685
v -0.00981885102 0.0296132509 0.0313621685
v -0.00881880522 0.0299930498 0.0313621685
v -0.00780659914 0.0303390604 0.0313621685
v -0.0067833662 0.0306509696 0.0313621685
v -0.00575023796 0.0309283696 0.0313621685
v -0.00470840884 0.0311709009 0.0313621685
v -0.003659009 0.031378381 0.0313621685
v -0.00260323193 0.0315505788 0.0313621685
v -0.00154232897 0.0316872485 0.0313621685
v -0.000477404014 0.0317882188 0.0313621685
v 0.000590319978 0.03185343 0.0313621685
v 0.000599756022 -0.0316401683 0.0317582414
v -0.000460815005 -0.0315753818 0.0317582414
v -0.00151860702 -0.0314750597 0.0317582414
v -0.00257241703 -0.0313393399 0.0317582414
v -0.00362110091 -0.0311683398 0.0317582414
v -0.00466352701 -0.0309622195 0.0317582414
v -0.00569838192 -0.0307212397 0.0317582414
v -0.00672459602 -0.0304457508 0.0317582414
v -0.00774097396 -0.0301359203 0.0317582414
v -0.00874638464 -0.0297922399 0.0317582414
v -0.00973969605 -0.0294149499 0.0317582414
v -0.0107198302 -0.0290046297 0.0317582414
v -0.0116855996 -0.0285615902 0.0317582414
v -0.0126360003 -0.0280864798 0.0317582414
v -0.0135698896 -0.0275796596 0.0317582414
v -0.0144863101 -0.0270418506 0.0317582414
v -0.0153841302 -0.0264736395 0.0317582414
v -0.0162624102 -0.0258755591 0.0317582414
v -0.0171201192 -0.0252484009 0.0317582414
v -0.0179563109 -0.0245928094 0.0317582414
v -0.0187700298 -0.0239095595 0.0317582414
v -0.0195603892 -0.0231993701 0.0317582414
v -0.0203264896 -0.0224630795 0.0317582414
v -0.0210674405 -0.0217015091 0.0317582414
v -0.0217823908 -0.0209155008 0.0317582414
v -0.0224706493 -0.0201059505 0.0317582414
v -0.0231313091 -0.0192737505 0.0317582414
v -0.0237637106 -0.0184199195 0.0317582414
v -0.0243670903 -0.0175452791 0.0317582414
v -0.0249407794 -0.0166509692 0.0317582414
v -0.0254842006 -0.0157378893 0.0317582414
v -0.0259966198 -0.0148070399 0.0317582414
v -0.0264775697 -0.01385957 0.0317582414
v -0.0269264504 -0.0128965303 0.0317582414
v -0.0273427907 -0.0119188996 0.0317582414
v -0.0277261101 -0.01092791 0.0317582414
v -0.0280759297 -0.00992458966 0.0317582414
v -0.0283919498 -0.0089101186 0.0317582414
v -0.0286737606 -0.00788563397 0.0317582414
v -0.0289210007 -0.00685226917 0.0317582414
v -0.0291334298 -0.00581115391 0.0317582414
v -0.0293108802 -0.00476354314 0.0317582414
v -0.0294530299 -0.00371050811 0.0317582414
v -0.0295597892 -0.0026533599 0.0317582414
v -0.0296310708 -0.00159317197 0.0317582414
v -0.02966672 -0.000531275 0.0317582414
v -0.02966672 0.000531275 0.0317582414
v -0.0296310708 0.00159317197 0.0317582414
v -0.0295597892 0.0026533599 0.0317582414
v -0.0294530299 0.00371050811 0.0317582414
v -0.0293108802 0.00476354314 0.0317582414
v -0.0291334298 0.00581115391 0.0317582414
v -0.0289210007 0.00685226917 0.0317582414
v -0.0286737606 0.00788563397 0.0317582414
v -0.0283919498 0.0089101186 0.0317582414
v -0.0280759297 0.00992458966 0.0317582414
v -0.0277261101 0.01092791 0.0317582414
v -0.0273427907 0.0119188996 0.0317582414
v -0.0269264504 0.0128965303 0.0317582414
v -0.0264775697 0.01385957 0.0317582414
v -0.0259966198 0.0148070399 0.0317582414
v -0.0254842006 0.0157378893 0.0317582414
v -0.0249407794 0.0166509692 0.0317582414
v -0.0243670903 0.0175452791 0.0317582414
v -0.0237637106 0.0184199195 0.0317582414
v -0.0231313091 0.0192737505 0.0317582414
v -0.0224706493 0.0201059505 0.0317582414
v -0.0217823908 0.0209155008 0.0317582414
v -0.0210674405 0.0217015091 0.0317582414
v -0.0203264896 0.0224630795 0.0317582414
v -0.0195603892 0.0231993701 0.0317582414
v -0.0187700298 0.0239095595 0.0317582414
v -0.0179563109 0.0245928094 0.0317582414
v -0.0171201192 0.0252484009 0.0317582414
v -0.0162624102 0.0258755591 0.0317582414
v -0.0153841302 0.0264736395 0.0317582414
v -0.0144863101 0.0270418506 0.0317582414
v -0.0135698896 0.0275796596 0.0317582414
v -0.0126360003 0.0280864798 0.0317582414
v -0.0116855996 0.0285615902 0.0317582414
v -0.0107198302 0.0290046297 0.0317582414
v -0.00973969605 0.0294149499 0.0317582414
v -0.00874638464 0.0297922399 0.0317582414
v -0.00774097396 0.0301359203 0.0317582414
v -0.00672459602 0.0304457508 0.0317582414
v -0.00569838192 0.0307212397 0.0317582414
v -0.00466352701 0.0309622195 0.0317582414
v -0.00362110091 0.0311683398 0.0317582414
v -0.00257241703 0.0313393399 0.0317582414
v -0.00151860702 0.0314750597 0.0317582414
v -0.000460815005 0.0315753818 0.0317582414
v 0.000599756022 0.0316401683 0.0317582414
v 0.000610482006 -0.0313978717 0.0321372114
v -0.000441968994 -0.0313335583 0.0321372114
v -0.00149166503 -0.0312340204 0.0321372114
v -0.0025374291 -0.0310993101 0.0321372114
v -0.00357806589 -0.0309296194 0.0321372114
v -0.0046124449 -0.0307251196 0.0321372114
v -0.00563943293 -0.0304859802 0.0321372114
v -0.00665777922 -0.0302125793 0.0321372114
v -0.00766634895 -0.0299051404 0.0321372114
v -0.00866407063 -0.0295640808 0.0321372114
v -0.00964981318 -0.0291897003 0.0321372114
v -0.0106223803 -0.0287824795 0.0321372114
v -0.0115807597 -0.0283428393 0.0321372114
v -0.0125238802 -0.0278713703 0.0321372114
v -0.0134506803 -0.0273684803 0.0321372114
v -0.0143600702 -0.0268347804 0.0321372114
v -0.0152509799 -0.0262708608 0.0321372114
v -0.0161225107 -0.0256774407 0.0321372114
v -0.0169736706 -0.0250550508 0.0321372114
v -0.0178034902 -0.0244044606 0.0321372114
v -0.0186109506 -0.0237264596 0.0321372114
v -0.0193952303 -0.0230216905 0.0321372114
v -0.0201554801 -0.0222910605 0.0321372114
v -0.0208907705 -0.0215352699 0.0321372114
v -0.0216002408 -0.0207552891 0.0321372114
v -0.0222831909 -0.0199519899 0.0321372114
v -0.0229388401 -0.0191261694 0.0321372114
v -0.0235663597 -0.0182788298 0.0321372114
v -0.0241651498 -0.0174109302 0.0321372114
v -0.0247344896 -0.0165234208 0.0321372114
v -0.0252736807 -0.0156173101 0.0321372114
v -0.0257822201 -0.01469367 0.0321372114
v -0.02625948 -0.0137534104 0.0321372114
v -0.0267049596 -0.0127977096 0.0321372114
v -0.0271180794 -0.0118276402 0.0321372114
v -0.0274984799 -0.0108442297 0.0321372114
v -0.0278456192 -0.00984859373 0.0321372114
v -0.0281591993 -0.00884187222 0.0321372114
v -0.0284387991 -0.00782525539 0.0321372114
v -0.0286841895 -0.00679975701 0.0321372114
v -0.0288950205 -0.00576663017 0.0321372114
v -0.0290710907 -0.0047270651 0.0321372114
v -0.0292121693 -0.00368213607 0.0321372114
v -0.0293180905 -0.00263303495 0.0321372114
v -0.0293887798 -0.00158101297 0.0321372114
v -0.0294241905 -0.000527205993 0.0321372114
v -0.0294241905 0.000527205993 0.0321372114
v -0.0293887798 0.00158101297 0.0321372114
v -0.0293180905 0.00263303495 0.0321372114
v -0.0292121693 0.00368213607 0.0321372114
v -0.0290710907 0.0047270651 0.0321372114
v -0.0288950205 0.00576663017 0.0321372114
v -0.0286841895 0.00679975701 0.0321372114
v -0.0284387991 0.00782525539 0.0321372114
v -0.0281591993 0.00884187222 0.0321372114
v -0.0278456192 0.00984859373 0.0321372114
v -0.0274984799 0.0108442297 0.0321372114
v -0.0271180794 0.0118276402 0.0321372114
v -0.0267049596 0.0127977096 0.0321372114
v -0.02625948 0.0137534104 0.0321372114
v -0.0257822201 0.01469367 0.0321372114
v -0.0252736807 0.0156173101 0.0321372114
v -0.0247344896 0.0165234208 0.0321372114
v -0.0241651498 0.0174109302 0.0321372114
v -0.0235663597 0.0182788298 0.0321372114
v -0.0229388401 0.0191261694 0.0321372114
v -0.0222831909 0.0199519899 0.0321372114
v -0.0216002408 0.0207552891 0.0321372114
v -0.0208907705 0.0215352699 0.0321372114
v -0.0201554801 0.0222910605 0.0321372114
v -0.0193952303 0.0230216905 0.0321372114
v -0.0186109506 0.0237264596 0.0321372114
v -0.0178034902 0.0244044606 0.0321372114
v -0.0169736706 0.0250550508 0.0321372114
v -0.0161225107 0.0256774407 0.0321372114
v -0.0152509799 0.0262708608 0.0321372114
v -0.0143600702 0.0268347804 0.0321372114
v -0.0134506803 0.0273684803 0.0321372114
v -0.0125238802 0.0278713703 0.0321372114
v -0.0115807597 0.0283428393 0.0321372114
v -0.0106223803 0.0287824795 0.0321372114
v -0.00964981318 0.0291897003 0.0321372114
v -0.00866407063 0.0295640808 0.0321372114
v -0.00766634895 0.0299051404 0.0321372114
v -0.00665777922 0.0302125793 0.0321372114
v -0.00563943293 0.0304859802 0.0321372114
v -0.0046124449 0.0307251196 0.0321372114
v -0.00357806589 0.0309296194 0.0321372114
v -0.0025374291 0.0310993101 0.0321372114
v -0.00149166503 0.0312340204 0.0321372114
v -0.000441968994 0.0313335583 0.0321372114
v 0.000610482006 0.0313978717 0.0321372114
v 0.00062243198 -0.0311278701 0.0324969217
v -0.000420969009 -0.0310641509 0.0324969217
v -0.00146162498 -0.03096544 0.0324969217
v -0.00249838806 -0.0308318697 0.0324969217
v -0.00353008509 -0.0306636002 0.0324969217
v -0.004555583 -0.0304608904 0.0324969217
v -0.00557368901 -0.0302238408 0.0324969217
v -0.00658327295 -0.0299527608 0.0324969217
v -0.0075832 -0.0296479408 0.0324969217
v -0.00857234001 -0.0293097999 0.0324969217
v -0.00954961684 -0.0289386492 0.0324969217
v -0.0105138402 -0.0285349395 0.0324969217
v -0.0114639904 -0.0280991104 0.0324969217
v -0.0123990104 -0.0276316404 0.0324969217
v -0.0133178197 -0.0271330997 0.0324969217
v -0.0142193399 -0.0266039893 0.0324969217
v -0.0151026202 -0.0260449592 0.0324969217
v -0.0159667097 -0.0254565999 0.0324969217
v -0.0168105308 -0.0248395801 0.0324969217
v -0.0176331401 -0.0241945907 0.0324969217
v -0.0184336901 -0.0235223696 0.0324969217
v -0.0192112904 -0.0228237491 0.0324969217
v -0.0199649297 -0.0220993701 0.0324969217
v -0.0206938908 -0.0213500801 0.0324969217
v -0.0213972908 -0.0205768291 0.0324969217
v -0.0220743995 -0.01978039 0.0324969217
v -0.02272439 -0.0189616606 0.0324969217
v -0.0233465396 -0.0181216504 0.0324969217
v -0.0239401404 -0.0172611997 0.0324969217
v -0.0245045405 -0.0163813196 0.0324969217
v -0.0250391308 -0.0154830199 0.0324969217
v -0.0255433302 -0.01456731 0.0324969217
v -0.02601647 -0.0136351502 0.0324969217
v -0.0264580809 -0.0126876803 0.0324969217
v -0.0268676803 -0.0117258998 0.0324969217
v -0.0272448007 -0.0107509401 0.0324969217
v -0.0275889598 -0.00976389647 0.0324969217
v -0.0278998595 -0.00876587629 0.0324969217
v -0.0281770807 -0.00775796082 0.0324969217
v -0.0284203198 -0.00674128486 0.0324969217
v -0.0286292993 -0.00571703911 0.0324969217
v -0.0288038794 -0.0046864152 0.0324969217
v -0.02894371 -0.00365042593 0.0324969217
v -0.0290488005 -0.00261038495 0.0324969217
v -0.0291188899 -0.00156742299 0.0324969217
v -0.0291539393 -0.000522672024 0.0324969217
v -0.0291539393 0.000522672024 0.0324969217
v -0.0291188899 0.00156742299 0.0324969217
v -0.0290488005 0.00261038495 0.0324969217
v -0.02894371 0.00365042593 0.0324969217
v -0.0288038794 0.0046864152 0.0324969217
v -0.0286292993 0.00571703911 0.0324969217
v -0.0284203198 0.00674128486 0.0324969217
v -0.0281770807 0.00775796082 0.0324969217
v -0.0278998595 0.00876587629 0.0324969217
v -0.0275889598 0.00976389647 0.0324969217
v -0.0272448007 0.0107509401 0.0324969217
v -0.0268676803 0.0117258998 0.0324969217
v -0.0264580809 0.0126876803 0.0324969217
v -0.02601647 0.0136351502 0.0324969217
v -0.0255433302 0.01456731 0.0324969217
v -0.0250391308 0.0154830199 0.0324969217
v -0.0245045405 0.0163813196 0.0324969217
v -0.0239401404 0.0172611997 0.0324969217
v -0.0233465396 0.0181216504 0.0324969217
v -0.02272439 0.0189616606 0.0324969217
v -0.0220743995 0.01978039 0.0324969217
v -0.0213972908 0.0205768291 0.0324969217
v -0.0206938908 0.0213500801 0.0324969217
v -0.0199649297 0.0220993701 0.0324969217
v -0.0192112904 0.0228237491 0.0324969217
v -0.0184336901 0.0235223696 0.0324969217
v -0.0176331401 0.0241945907 0.0324969217
v -0.0168105308 0.0248395801 0.0324969217
v -0.0159667097 0.0254565999 0.0324969217
v -0.0151026202 0.0260449592 0.0324969217
v -0.0142193399 0.0266039893 0.0324969217
v -0.0133178197 0.0271330997 0.0324969217
v -0.0123990104 0.0276316404 0.0324969217
v -0.0114639904 0.0280991104 0.0324969217
v -0.0105138402 0.0285349395 0.0324969217
v -0.00954961684 0.0289386492 0.0324969217
v -0.00857234001 0.0293097999 0.0324969217
v -0.0075832 0.0296479408 0.0324969217
v -0.00658327295 0.0299527608 0.0324969217
v -0.00557368901 0.0302238408 0.0324969217
v -0.004555583 0.0304608904 0.0324969217
v -0.00353008509 0.0306636002 0.0324969217
v -0.00249838806 0.0308318697 0.0324969217
v -0.00146162498 0.03096544 0.0324969217
v -0.000420969009 0.0310641509 0.0324969217
v 0.00062243198 0.0311278701 0.0324969217
v 0.000635538017 -0.0308316909 0.0328353606
v -0.000397931988 -0.0307685696 0.0328353606
v -0.00142866303 -0.0306708198 0.0328353606
v -0.00245559192 -0.03053849 0.0328353606
v -0.00347751309 -0.0303718392 0.0328353606
v -0.00449323608 -0.0301710293 0.0328353606
v -0.00550162699 -0.0299362503 0.0328353606
v -0.00650161505 -0.0296677295 0.0328353606
v -0.00749206496 -0.0293658897 0.0328353606
v -0.00847178604 -0.0290309098 0.0328353606
v -0.00943970587 -0.0286633298 0.0328353606
v -0.0103947502 -0.0282634404 0.0328353606
v -0.0113359001 -0.0278317891 0.0328353606
v -0.0122619802 -0.0273687802 0.0328353606
v -0.0131720304 -0.0268749502 0.0328353606
v -0.0140650198 -0.0263508502 0.0328353606
v -0.0149398996 -0.0257971194 0.0328353606
v -0.0157957599 -0.0252143703 0.0328353606
v -0.0166315399 -0.0246032402 0.0328353606
v -0.0174463298 -0.0239643995 0.0328353606
v -0.01823931 -0.0232985597 0.0328353606
v -0.0190094691 -0.0226065498 0.0328353606
v -0.0197559502 -0.0218890905 0.0328353606
v -0.0204779506 -0.0211469494 0.0328353606
v -0.02117466 -0.0203810297 0.0328353606
v -0.0218453407 -0.0195921604 0.0328353606
v -0.0224891305 -0.0187812392 0.0328353606
v -0.0231053196 -0.0179492198 0.0328353606
v -0.0236933194 -0.0170969907 0.0328353606
v -0.0242523495 -0.0162254497 0.0328353606
v -0.0247818809 -0.0153356697 0.0328353606
v -0.0252812505 -0.0144286696 0.0328353606
v -0.0257499199 -0.0135053899 0.0328353606
v -0.0261873007 -0.01256698 0.0328353606
v -0.0265930202 -0.0116143804 0.0328353606
v -0.0269665103 -0.0106486604 0.0328353606
v -0.0273074508 -0.00967097189 0.0328353606
v -0.0276153609 -0.00868242886 0.0328353606
v -0.0278898999 -0.00768411113 0.0328353606
v -0.0281308796 -0.00667714979 0.0328353606
v -0.0283378903 -0.00566267921 0.0328353606
v -0.02851074 -0.00464177085 0.0328353606
v -0.0286493301 -0.00361573603 0.0328353606
v -0.0287533402 -0.00258553005 0.0328353606
v -0.0288227703 -0.001552462 0.0328353606
v -0.0288575199 -0.000517698994 0.0328353606
v -0.0288575199 0.000517698994 0.0328353606
v -0.0288227703 0.001552462 0.0328353606
v -0.0287533402 0.00258553005 0.0328353606
v -0.0286493301 0.00361573603 0.0328353606
v -0.02851074 0.00464177085 0.0328353606
v -0.0283378903 0.00566267921 0.0328353606
v -0.0281308796 0.00667714979 0.0328353606
v -0.0278898999 0.00768411113 0.0328353606
v -0.0276153609 0.00868242886 0.0328353606
v -0.0273074508 0.00967097189 0.0328353606
v -0.0269665103 0.0106486604 0.0328353606
v -0.0265930202 0.0116143804 0.0328353606
v -0.0261873007 0.01256698 0.0328353606
v -0.0257499199 0.0135053899 0.0328353606
v -0.0252812505 0.0144286696 0.0328353606
v -0.0247818809 0.0153356697 0.0328353606
v -0.0242523495 0.0162254497 0.0328353606
v -0.0236933194 0.0170969907 0.0328353606
v -0.0231053196 0.0179492198 0.0328353606
v -0.0224891305 0.0187812392 0.0328353606
v -0.0218453407 0.0195921604 0.0328353606
v -0.02117466 0.0203810297 0.0328353606
v -0.0204779506 0.0211469494 0.0328353606
v -0.0197559502 0.0218890905 0.0328353606
v -0.0190094691 0.0226065498 0.0328353606
v -0.01823931 0.0232985597 0.0328353606
v -0.0174463298 0.0239643995 0.0328353606
v -0.0166315399 0.0246032402 0.0328353606
v -0.0157957599 0.0252143703 0.0328353606
v -0.0149398996 0.0257971194 0.0328353606
v -0.0140650198 0.0263508502 0.0328353606
v -0.0131720304 0.0268749502 0.0328353606
v -0.0122619802 0.0273687802 0.0328353606
v -0.0113359001 0.0278317891 0.0328353606
v -0.0103947502 0.0282634404 0.0328353606
v -0.00943970587 0.0286633298 0.0328353606
v -0.00847178604 0.0290309098 0.0328353606
v -0.00749206496 0.0293658897 0.0328353606
v -0.00650161505 0.0296677295 0.0328353606
v -0.00550162699 0.0299362503 0.0328353606
v -0.00449323608 0.0301710293 0.0328353606
v -0.00347751309 0.0303718392 0.0328353606
v -0.00245559192 0.03053849 0.0328353606
v -0.00142866303 0.0306708198 0.0328353606
v -0.000397931988 0.0307685696 0.0328353606
v 0.000635538017 0.0308316909 0.0328353606
v 0.000649731024 -0.0305109601 0.0331506096
v -0.000372990995 -0.0304484908 0.0331506096
v -0.00139302004 -0.0303518102 0.0331506096
v -0.00240921904 -0.0302208606 0.0331506096
v -0.00342053105 -0.0300559904 0.0331506096
v -0.00442570401 -0.0298572108 0.0331506096
v -0.00542360498 -0.02962487 0.0331506096
v -0.00641322089 -0.02935916 0.0331506096
v -0.00739330007 -0.0290604196 0.0331506096
v -0.00836282875 -0.0287289601 0.0331506096
v -0.009320735 -0.0283651892 0.0331506096
v -0.0102658803 -0.0279694702 0.0331506096
v -0.0111972 -0.0275422893 0.0331506096
v -0.0121136298 -0.0270841103 0.0331506096
v -0.0130142504 -0.02659541 0.0331506096
v -0.0138979498 -0.0260767899 0.0331506096
v -0.0147637101 -0.0255288407 0.0331506096
v -0.0156106297 -0.0249521099 0.0331506096
v -0.0164377596 -0.0243472997 0.0331506096
v -0.0172441006 -0.0237151291 0.0331506096
v -0.0180287901 -0.0230562594 0.0331506096
v -0.0187909007 -0.0223714095 0.0331506096
v -0.0195296407 -0.0216614008 0.0331506096
v -0.0202441793 -0.0209270101 0.0331506096
v -0.0209336206 -0.02016907 0.0331506096
v -0.0215973202 -0.0193883702 0.0331506096
v -0.0222343802 -0.0185859203 0.0331506096
v -0.0228442494 -0.0177625399 0.0331506096
v -0.0234260503 -0.0169191305 0.0331506096
v -0.0239793006 -0.0160567109 0.0331506096
v -0.0245033503 -0.0151761696 0.0331506096
v -0.0249974709 -0.0142785897 0.0331506096
v -0.0254612509 -0.0133649698 0.0331506096
v -0.0258941595 -0.0124362698 0.0331506096
v -0.0262956005 -0.0114935599 0.0331506096
v -0.0266652107 -0.0105379196 0.0331506096
v -0.0270025693 -0.00957041886 0.0331506096
v -0.0273073297 -0.00859212782 0.0331506096
v -0.0275790002 -0.00760418084 0.0331506096
v -0.0278174803 -0.00660771085 0.0331506096
v -0.0280223396 -0.00560378982 0.0331506096
v -0.0281934105 -0.00459349109 0.0331506096
v -0.0283304993 -0.00357812596 0.0331506096
v -0.0284334999 -0.00255864789 0.0331506096
v -0.0285021607 -0.00153630902 0.0331506096
v -0.0285365507 -0.000512314029 0.0331506096
v -0.0285365507 0.000512314029 0.0331506096
v -0.0285021607 0.00153630902 0.0331506096
v -0.0284334999 0.00255864789 0.0331506096
v -0.0283304993 0.00357812596 0.0331506096
v -0.0281934105 0.00459349109 0.0331506096
v -0.0280223396 0.00560378982 0.0331506096
v -0.0278174803 0.00660771085 0.0331506096
v -0.0275790002 0.00760418084 0.0331506096
v -0.0273073297 0.00859212782 0.0331506096
v -0.0270025693 0.00957041886 0.0331506096
v -0.0266652107 0.0105379196 0.0331506096
v -0.0262956005 0.0114935599 0.0331506096
v -0.0258941595 0.0124362698 0.0331506096
v -0.0254612509 0.0133649698 0.0331506096
v -0.0249974709 0.0142785897 0.0331506096
v -0.0245033503 0.0151761696 0.0331506096
v -0.0239793006 0.0160567109 0.0331506096
v -0.0234260503 0.0169191305 0.0331506096
v -0.0228442494 0.0177625399 0.0331506096
v -0.0222343802 0.0185859203 0.0331506096
v -0.0215973202 0.0193883702 0.0331506096
v -0.0209336206 0.02016907 0.0331506096
v -0.0202441793 0.0209270101 0.0331506096
v -0.0195296407 0.0216614008 0.0331506096
v -0.0187909007 0.0223714095 0.0331506096
v -0.0180287901 0.0230562594 0.0331506096
v -0.0172441006 0.0237151291 0.0331506096
v -0.0164377596 0.0243472997 0.0331506096
v -0.0156106297 0.0249521099 0.0331506096
v -0.0147637101 0.0255288407 0.0331506096
v -0.0138979498 0.0260767899 0.0331506096
v -0.0130142504 0.02659541 0.0331506096
v -0.0121136298 0.0270841103 0.0331506096
v -0.0111972 0.0275422893 0.0331506096
v -0.0102658803 0.0279694702 0.0331506096
v -0.009320735 0.0283651892 0.0331506096
v -0.00836282875 0.0287289601 0.0331506096
v -0.00739330007 0.0290604196 0.0331506096
v -0.00641322089 0.02935916 0.0331506096
v -0.00542360498 0.02962487 0.0331506096
v -0.00442570401 0.0298572108 0.0331506096
v -0.00342053105 0.0300559904 0.0331506096
v -0.00240921904 0.0302208606 0.0331506096
v -0.00139302004 0.0303518102 0.0331506096
v -0.000372990995 0.0304484908 0.0331506096
v 0.000649731024 0.0305109601 0.0331506096
v 0.000664927007 -0.0301675703 0.0334409401
v -0.000346285 -0.0301058199 0.0334409401
v -0.00135481299 -0.0300102197 0.0334409401
v -0.00235962798 -0.0298807602 0.0334409401
v -0.00335949589 -0.0297176801 0.0334409401
v -0.00435334397 -0.0295212194 0.0334409401
v -0.00534009887 -0.0292914491 0.0334409401
v -0.00631850911 -0.0290287696 0.0334409401
v -0.00728762103 -0.0287333708 0.0334409401
v -0.008246243 -0.0284056608 0.0334409401
v -0.0091933012 -0.0280459505 0.0334409401
v -0.0101278396 -0.0276547 0.0334409401
v -0.0110486699 -0.02723228 0.0334409401
v -0.0119548403 -0.0267792903 0.0334409401
v -0.0128452703 -0.0262960698 0.0334409401
v -0.0137190204 -0.0257833004 0.0334409401
v -0.0145750605 -0.0252414905 0.0334409401
v -0.0154124396 -0.0246713106 0.0334409401
v -0.01623022 -0.0240733009 0.0334409401
v -0.0170274898 -0.0234482195 0.0334409401
v -0.0178033691 -0.0227967501 0.0334409401
v -0.0185569506 -0.0221196394 0.0334409401
v -0.0192873403 -0.0214176103 0.0334409401
v -0.0199938398 -0.0206915103 0.0334409401
v -0.0206755307 -0.0199420396 0.0334409401
v -0.0213317201 -0.0191702191 0.0334409401
v -0.0219616797 -0.0183767602 0.0334409401
v -0.0225645807 -0.0175626203 0.0334409401
v -0.0231399499 -0.0167286899 0.0334409401
v -0.0236869399 -0.0158759896 0.0334409401
v -0.0242050197 -0.0150054004 0.0334409401
v -0.0246936604 -0.01411789 0.0334409401
v -0.0251522008 -0.0132145202 0.0334409401
v -0.0255802199 -0.0122962501 0.0334409401
v -0.0259771291 -0.0113642197 0.0334409401
v -0.0263426304 -0.0104192998 0.0334409401
v -0.0266761705 -0.0094627142 0.0334409401
v -0.0269774701 -0.00849545002 0.0334409401
v -0.0272461101 -0.00751858903 0.0334409401
v -0.0274819098 -0.00653332379 0.0334409401
v -0.0276844501 -0.00554066803 0.0334409401
v -0.0278536007 -0.00454181386 0.0334409401
v -0.0279891398 -0.00353783299 0.0334409401
v -0.0280909501 -0.00252985908 0.0334409401
v -0.0281588994 -0.00151902402 0.0334409401
v -0.0281928703 -0.000506547978 0.0334409401
v -0.0281928703 0.000506547978 0.0334409401
v -0.0281588994 0.00151902402 0.0334409401
v -0.0280909501 0.00252985908 0.0334409401
v -0.0279891398 0.00353783299 0.0334409401
v -0.0278536007 0.00454181386 0.0334409401
v -0.0276844501 0.00554066803 0.0334409401
v -0.0274819098 0.00653332379 0.0334409401
v -0.0272461101 0.00751858903 0.0334409401
v -0.0269774701 0.00849545002 0.0334409401
v -0.0266761705 0.0094627142 0.0334409401
v -0.0263426304 0.0104192998 0.0334409401
v -0.0259771291 0.0113642197 0.0334409401
v -0.0255802199 0.0122962501 0.0334409401
v -0.0251522008 0.0132145202 0.0334409401
v -0.0246936604 0.01411789 0.0334409401
v -0.0242050197 0.0150054004 0.0334409401
v -0.0236869399 0.0158759896 0.0334409401
v -0.0231399499 0.0167286899 0.0334409401
v -0.0225645807 0.0175626203 0.0334409401
v -0.0219616797 0.0183767602 0.0334409401
v -0.0213317201 0.0191702191 0.0334409401
v -0.0206755307 0.0199420396 0.0334409401
v -0.0199938398 0.0206915103 0.0334409401
v -0.0192873403 0.0214176103 0.0334409401
v -0.0185569506 0.0221196394 0.0334409401
v -0.0178033691 0.0227967501 0.0334409401
v -0.0170274898 0.0234482195 0.0334409401
v -0.01623022 0.0240733009 0.0334409401
v -0.0154124396 0.0246713106 0.0334409401
v -0.0145750605 0.0252414905 0.0334409401
v -0.0137190204 0.0257833004 0.0334409401
v -0.0128452703 0.0262960698 0.0334409401
v -0.0119548403 0.0267792903 0.0334409401
v -0.0110486699 0.02723228 0.0334409401
v -0.0101278396 0.0276547 0.0334409401
v -0.0091933012 0.0280459505 0.0334409401
v -0.008246243 0.0284056608 0.0334409401
v -0.00728762103 0.0287333708 0.0334409401
v -0.00631850911 0.0290287696 0.0334409401
v -0.00534009887 0.0292914491 0.0334409401
v -0.00435334397 0.0295212194 0.0334409401
v -0.00335949589 0.0297176801 0.0334409401
v -0.00235962798 0.0298807602 0.0334409401
v -0.00135481299 0.0300102197 0.0334409401
v -0.000346285 0.0301058199 0.0334409401
v 0.000664927007 0.0301675703 0.0334409401
v 0.000681041973 -0.0298034493 0.0337047502
v -0.000317964994 -0.0297424104 0.0337047502
v -0.00131434202 -0.0296479408 0.0337047502
v -0.00230699708 -0.0295200907 0.0337047502
v -0.00329482509 -0.0293589793 0.0337047502
v -0.00427669194 -0.0291648507 0.0337047502
v -0.00525146723 -0.0289378706 0.0337047502
v -0.00621807482 -0.0286783502 0.0337047502
v -0.00717550516 -0.0283865295 0.0337047502
v -0.00812256336 -0.0280627608 0.0337047502
v -0.00905817654 -0.0277073905 0.0337047502
v -0.00998139288 -0.02732086 0.0337047502
v -0.0108911302 -0.0269035604 0.0337047502
v -0.0117863398 -0.0264559891 0.0337047502
v -0.0126660401 -0.0259786807 0.0337047502
v -0.0135292402 -0.0254721008 0.0337047502
v -0.0143749705 -0.0249367896 0.0337047502
v -0.0152022801 -0.0243734699 0.0337047502
v -0.0160101596 -0.0237827301 0.0337047502
v -0.0167978406 -0.0231652204 0.0337047502
v -0.0175642893 -0.0225216094 0.0337047502
v -0.0183088109 -0.0218526106 0.0337047502
v -0.0190303903 -0.0211591106 0.0337047502
v -0.0197283607 -0.0204417091 0.0337047502
v -0.0204018299 -0.0197013598 0.0337047502
v -0.02105009 -0.0189387705 0.0337047502
v -0.0216724202 -0.0181549098 0.0337047502
v -0.0222681109 -0.0173506103 0.0337047502
v -0.0228364393 -0.0165268108 0.0337047502
v -0.0233768802 -0.0156843606 0.0337047502
v -0.0238886997 -0.0148242703 0.0337047502
v -0.0243714396 -0.0139474804 0.0337047502
v -0.0248244405 -0.01305502 0.0337047502
v -0.0252472702 -0.0121478401 0.0337047502
v -0.0256394092 -0.0112270098 0.0337047502
v -0.0260004904 -0.0102935396 0.0337047502
v -0.0263300501 -0.00934845209 0.0337047502
v -0.0266276505 -0.00839287043 0.0337047502
v -0.02689307 -0.00742787123 0.0337047502
v -0.0271260105 -0.00645446684 0.0337047502
v -0.0273260996 -0.00547379209 0.0337047502
v -0.0274932291 -0.00448697805 0.0337047502
v -0.0276271701 -0.00349509693 0.0337047502
v -0.0277277194 -0.00249934103 0.0337047502
v -0.0277948305 -0.00150072505 0.0337047502
v -0.0278283898 -0.00050043402 0.0337047502
v -0.0278283898 0.00050043402 0.0337047502
v -0.0277948305 0.00150072505 0.0337047502
v -0.0277277194 0.00249934103 0.0337047502
v -0.0276271701 0.00349509693 0.0337047502
v -0.0274932291 0.00448697805 0.0337047502
v -0.0273260996 0.00547379209 0.0337047502
v -0.0271260105 0.00645446684 0.0337047502
v -0.02689307 0.00742787123 0.0337047502
v -0.0266276505 0.00839287043 0.0337047502
v -0.0263300501 0.00934845209 0.0337047502
v -0.0260004904 0.0102935396 0.0337047502
v -0.0256394092 0.0112270098 0.0337047502
v -0.0252472702 0.0121478401 0.0337047502
v -0.0248244405 0.01305502 0.0337047502
v -0.0243714396 0.0139474804 0.0337047502
v -0.0238886997 0.0148242703 0.0337047502
v -0.0233768802 0.0156843606 0.0337047502
v -0.0228364393 0.0165268108 0.0337047502
v -0.0222681109 0.0173506103 0.0337047502
v -0.0216724202 0.0181549098 0.0337047502
v -0.02105009 0.0189387705 0.0337047502
v -0.0204018299 0.0197013598 0.0337047502
v -0.0197283607 0.0204417091 0.0337047502
v -0.0190303903 0.0211591106 0.0337047502
v -0.0183088109 0.0218526106 0.0337047502
v -0.0175642893 0.0225216094 0.0337047502
v -0.0167978406 0.0231652204 0.0337047502
v -0.0160101596 0.0237827301 0.0337047502
v -0.0152022801 0.0243734699 0.0337047502
v -0.0143749705 0.0249367896 0.0337047502
v -0.0135292402 0.0254721008 0.0337047502
v -0.0126660401 0.0259786807 0.0337047502
v -0.0117863398 0.0264559891 0.0337047502
v -0.0108911302 0.0269035604 0.0337047502
v -0.00998139288 0.02732086 0.0337047502
v -0.00905817654 0.0277073905 0.0337047502
v -0.00812256336 0.0280627608 0.0337047502
v -0.00717550516 0.0283865295 0.0337047502
v -0.00621807482 0.0286783502 0.0337047502
v -0.00525146723 0.0289378706 0.0337047502
v -0.00427669194 0.0291648507 0.0337047502
v -0.00329482509 0.0293589793 0.0337047502
v -0.00230699708 0.0295200907 0.0337047502
v -0.00131434202 0.0296479408 0.0337047502
v -0.000317964994 0.0297424104 0.0337047502
v 0.000681041973 0.0298034493 0.0337047502
v 0.000697985 -0.0294205509 0.0339404307
v -0.000288184994 -0.0293603502 0.0339404307
v -0.001271724 -0.0292670708 0.0339404307
v -0.00225168397 -0.02914083 0.0339404307
v -0.00322681596 -0.0289817993 0.0339404307
v -0.00419604685 -0.0287901703 0.0339404307
v -0.00515830517 -0.0285661202 0.0339404307
v -0.006112515 -0.0283099394 0.0339404307
v -0.00705760717 -0.0280218702 0.0339404307
v -0.00799250603 -0.0277022701 0.0339404307
v -0.00891613867 -0.0273514297 0.0339404307
v -0.00982749369 -0.0269699004 0.0339404307
v -0.0107255504 -0.0265579801 0.0339404307
v -0.0116092497 -0.0261161309 0.0339404307
v -0.0124776298 -0.0256448891 0.0339404307
v -0.0133297397 -0.0251448695 0.0339404307
v -0.0141646201 -0.0246164706 0.0339404307
v -0.0149812596 -0.0240603592 0.0339404307
v -0.0157787707 -0.0234771892 0.0339404307
v -0.0165563207 -0.0228676107 0.0339404307
v -0.0173129998 -0.0222322308 0.0339404307
v -0.0180478599 -0.0215718709 0.0339404307
v -0.0187602006 -0.0208872501 0.0339404307
v -0.0194491707 -0.0201790892 0.0339404307
v -0.0201140009 -0.0194482207 0.0339404307
v -0.0207539704 -0.0186954699 0.0339404307
v -0.0213683192 -0.0179216806 0.0339404307
v -0.0219563209 -0.0171277504 0.0339404307
v -0.0225173794 -0.0163144395 0.0339404307
v -0.0230508391 -0.0154828401 0.0339404307
v -0.0235561095 -0.0146338297 0.0339404307
v -0.0240326505 -0.0137683097 0.0339404307
v -0.0244798604 -0.0128872897 0.0339404307
v -0.0248972103 -0.0119917896 0.0339404307
v -0.0252843406 -0.0110827601 0.0339404307
v -0.0256407801 -0.0101612797 0.0339404307
v -0.0259661004 -0.00922840834 0.0339404307
v -0.0262598898 -0.00828504469 0.0339404307
v -0.0265219193 -0.00733244419 0.0339404307
v -0.0267518107 -0.00637155678 0.0339404307
v -0.0269494001 -0.00540351821 0.0339404307
v -0.0271143299 -0.0044293399 0.0339404307
v -0.0272465292 -0.00345021393 0.0339404307
v -0.0273458306 -0.00246721506 0.0339404307
v -0.0274120495 -0.00148141303 0.0339404307
v -0.0274451897 -0.000494004984 0.0339404307
v -0.0274451897 0.000494004984 0.0339404307
v -0.0274120495 0.00148141303 0.0339404307
v -0.0273458306 0.00246721506 0.0339404307
v -0.0272465292 0.00345021393 0.0339404307
v -0.0271143299 0.0044293399 0.0339404307
v -0.0269494001 0.00540351821 0.0339404307
v -0.0267518107 0.00637155678 0.0339404307
v -0.0265219193 0.00733244419 0.0339404307
v -0.0262598898 0.00828504469 0.0339404307
v -0.0259661004 0.00922840834 0.0339404307
v -0.0256407801 0.0101612797 0.0339404307
v -0.0252843406 0.0110827601 0.0339404307
v -0.0248972103 0.0119917896 0.0339404307
v -0.0244798604 0.0128872897 0.0339404307
v -0.0240326505 0.0137683097 0.0339404307
v -0.0235561095 0.0146338297 0.0339404307
v -0.0230508391 0.0154828401 0.0339404307
v -0.0225173794 0.0163144395 0.0339404307
v -0.0219563209 0.0171277504 0.0339404307
v -0.0213683192 0.0179216806 0.0339404307
v -0.0207539704 0.0186954699 0.0339404307
v -0.0201140009 0.0194482207 0.0339404307
v -0.0194491707 0.0201790892 0.0339404307
v -0.0187602006 0.0208872501 0.0339404307
v -0.0180478599 0.0215718709 0.0339404307
v -0.0173129998 0.0222322308 0.0339404307
v -0.0165563207 0.0228676107 0.0339404307
v -0.0157787707 0.0234771892 0.0339404307
v -0.0149812596 0.0240603592 0.0339404307
v -0.0141646201 0.0246164706 0.0339404307
v -0.0133297397 0.0251448695 0.0339404307
v -0.0124776298 0.0256448891 0.0339404307
v -0.0116092497 0.0261161309 0.0339404307
v -0.0107255504 0.0265579801 0.0339404307
v -0.00982749369 0.0269699004 0.0339404307
v -0.00891613867 0.0273514297 0.0339404307
v -0.00799250603 0.0277022701 0.0339404307
v -0.00705760717 0.0280218702 0.0339404307
v -0.006112515 0.0283099394 0.0339404307
v -0.00515830517 0.0285661202 0.0339404307
v -0.00419604685 0.0287901703 0.0339404307
v -0.00322681596 0.0289817993 0.0339404307
v -0.00225168397 0.02914083 0.0339404307
v -0.001271724 0.0292670708 0.0339404307
v -0.000288184994 0.0293603502 0.0339404307
v 0.000697985 0.0294205509 0.0339404307
v 0.000715664995 -0.0290211402 0.0341467783
v -0.000257120002 -0.0289617106 0.0341467783
v -0.00122731901 -0.0288696792 0.0341467783
v -0.00219392707 -0.0287451707 0.0341467783
v -0.00315582706 -0.0285883509 0.0341467783
v -0.00411194516 -0.0283992793 0.0341467783
v -0.00506114913 -0.0281782709 0.0341467783
v -0.00600236608 -0.0279255491 0.0341467783
v -0.00693464186 -0.02764141 0.0341467783
v -0.00785684492 -0.0273261592 0.0341467783
v -0.00876790192 -0.0269801002 0.0341467783
v -0.00966691878 -0.0266036894 0.0341467783
v -0.0105527602 -0.0261973701 0.0341467783
v -0.01142448 -0.0257615391 0.0341467783
v -0.0122811096 -0.0252967402 0.0341467783
v -0.0131216003 -0.0248034503 0.0341467783
v -0.0139451604 -0.0242822096 0.0341467783
v -0.0147507098 -0.0237336699 0.0341467783
v -0.0155374398 -0.0231584292 0.0341467783
v -0.01630437 -0.0225571301 0.0341467783
v -0.0170507394 -0.0219303891 0.0341467783
v -0.0177757107 -0.0212790295 0.0341467783
v -0.0184783302 -0.0206036493 0.0341467783
v -0.0191580001 -0.0199051406 0.0341467783
v -0.0198137704 -0.0191841703 0.0341467783
v -0.0204450395 -0.0184416696 0.0341467783
v -0.0210510399 -0.01767838 0.0341467783
v -0.0216310602 -0.0168951694 0.0341467783
v -0.0221844893 -0.0160929505 0.0341467783
v -0.0227107406 -0.0152726704 0.0341467783
v -0.0232091509 -0.0144351097 0.0341467783
v -0.0236791894 -0.0135813896 0.0341467783
v -0.0241203308 -0.0127123501 0.0341467783
v -0.0245320704 -0.0118289497 0.0341467783
v -0.0249138996 -0.0109323198 0.0341467783
v -0.0252655093 -0.0100233499 0.0341467783
v -0.0255863592 -0.00910305884 0.0341467783
v -0.0258762203 -0.00817257073 0.0341467783
v -0.0261346605 -0.00723290397 0.0341467783
v -0.0263614599 -0.00628507091 0.0341467783
v -0.0265563093 -0.00533014489 0.0341467783
v -0.0267190896 -0.00436919881 0.0341467783
v -0.0268494394 -0.00340336491 0.0341467783
v -0.0269473698 -0.00243371702 0.0341467783
v -0.0270127598 -0.00146132696 0.0341467783
v -0.0270454194 -0.000487298006 0.0341467783
v -0.0270454194 0.000487298006 0.0341467783
v -0.0270127598 0.00146132696 0.0341467783
v -0.0269473698 0.00243371702 0.0341467783
v -0.0268494394 0.00340336491 0.0341467783
v -0.0267190896 0.00436919881 0.0341467783
v -0.0265563093 0.00533014489 0.0341467783
v -0.0263614599 0.00628507091 0.0341467783
v -0.0261346605 0.00723290397 0.0341467783
v -0.0258762203 0.00817257073 0.0341467783
v -0.0255863592 0.00910305884 0.0341467783
v -0.0252655093 0.0100233499 0.0341467783
v -0.0249138996 0.0109323198 0.0341467783
v -0.0245320704 0.0118289497 0.0341467783
v -0.0241203308 0.0127123501 0.0341467783
v -0.0236791894 0.0135813896 0.0341467783
v -0.0232091509 0.0144351097 0.0341467783
v -0.0227107406 0.0152726704 0.0341467783
v -0.0221844893 0.0160929505 0.0341467783
v -0.0216310602 0.0168951694 0.0341467783
v -0.0210510399 0.01767838 0.0341467783
v -0.0204450395 0.0184416696 0.0341467783
v -0.0198137704 0.0191841703 0.0341467783
v -0.0191580001 0.0199051406 0.0341467783
v -0.0184783302 0.0206036493 0.0341467783
v -0.0177757107 0.0212790295 0.0341467783
v -0.0170507394 0.0219303891 0.0341467783
v -0.01630437 0.0225571301 0.0341467783
v -0.0155374398 0.0231584292 0.0341467783
v -0.0147507098 0.0237336699 0.0341467783
v -0.0139451604 0.0242822096 0.0341467783
v -0.0131216003 0.0248034503 0.0341467783
v -0.0122811096 0.0252967402 0.0341467783
v -0.01142448 0.0257615391 0.0341467783
v -0.0105527602 0.0261973701 0.0341467783
v -0.00966691878 0.0266036894 0.0341467783
v -0.00876790192 0.0269801002 0.0341467783
v -0.00785684492 0.0273261592 0.0341467783
v -0.00693464186 0.02764141 0.0341467783
v -0.00600236608 0.0279255491 0.0341467783
v -0.00506114913 0.0281782709 0.0341467783
v -0.00411194516 0.0283992793 0.0341467783
v -0.00315582706 0.0285883509 0.0341467783
v -0.00219392707 0.0287451707 0.0341467783
v -0.00122731901 0.0288696792 0.0341467783
v -0.000257120002 0.0289617106 0.0341467783
v 0.000715664995 0.0290211402 0.0341467783
v 0.000733974972 -0.0286073592 0.0343225487
v -0.000224937001 -0.0285487697 0.0343225487
v -0.00118130399 -0.0284580495 0.0343225487
v -0.00213414407 -0.0283353291 0.0343225487
v -0.00308233406 -0.0281807091 0.0343225487
v -0.00402480317 -0.0279943906 0.0343225487
v -0.00496047689 -0.02777653 0.0343225487
v -0.00588828279 -0.02752739 0.0343225487
v -0.0068072672 -0.0272473004 0.0343225487
v -0.0077162981 -0.0269365292 0.0343225487
v -0.00861441996 -0.02659541 0.0343225487
v -0.00950056314 -0.0262244307 0.0343225487
v -0.0103737703 -0.0258238893 0.0343225487
v -0.0112330904 -0.0253942609 0.0343225487
v -0.0120774498 -0.0249360707 0.0343225487
v -0.0129060103 -0.0244498197 0.0343225487
v -0.0137178302 -0.0239360295 0.0343225487
v -0.0145118805 -0.0233952906 0.0343225487
v -0.01528739 -0.0228282809 0.0343225487
v -0.0160434209 -0.0222355109 0.0343225487
v -0.0167791191 -0.0216177106 0.0343225487
v -0.0174937192 -0.02097564 0.0343225487
v -0.0181863904 -0.0203099195 0.0343225487
v -0.0188563392 -0.0196213108 0.0343225487
v -0.0195027497 -0.0189106409 0.0343225487
v -0.0201250296 -0.0181786995 0.0343225487
v -0.0207223799 -0.0174263101 0.0343225487
v -0.0212941691 -0.0166543107 0.0343225487
v -0.0218396708 -0.0158635303 0.0343225487
v -0.0223584101 -0.0150548797 0.0343225487
v -0.0228497293 -0.0142293498 0.0343225487
v -0.0233130399 -0.0133877303 0.0343225487
v -0.0237479191 -0.0125310998 0.0343225487
v -0.0241537597 -0.01166033 0.0343225487
v -0.0245301705 -0.0107764602 0.0343225487
v -0.0248767696 -0.00988042261 0.0343225487
v -0.0251930896 -0.00897330046 0.0343225487
v -0.0254787803 -0.00805604365 0.0343225487
v -0.0257335305 -0.00712978793 0.0343225487
v -0.0259571001 -0.00619542506 0.0343225487
v -0.0261492096 -0.00525414897 0.0343225487
v -0.0263096001 -0.00430691196 0.0343225487
v -0.0264381692 -0.00335484697 0.0343225487
v -0.0265346691 -0.00239902711 0.0343225487
v -0.0265990999 -0.00144046498 0.0343225487
v -0.0266312901 -0.000480349991 0.0343225487
v -0.0266312901 0.000480349991 0.0343225487
v -0.0265990999 0.00144046498 0.0343225487
v -0.0265346691 0.00239902711 0.0343225487
v -0.0264381692 0.00335484697 0.0343225487
v -0.0263096001 0.00430691196 0.0343225487
v -0.0261492096 0.00525414897 0.0343225487
v -0.0259571001 0.00619542506 0.0343225487
v -0.0257335305 0.00712978793 0.0343225487
v -0.0254787803 0.00805604365 0.0343225487
v -0.0251930896 0.00897330046 0.0343225487
v -0.0248767696 0.00988042261 0.0343225487
v -0.0245301705 0.0107764602 0.0343225487
v -0.0241537597 0.01166033 0.0343225487
v -0.0237479191 0.0125310998 0.0343225487
v -0.0233130399 0.0133877303 0.0343225487
v -0.0228497293 0.0142293498 0.0343225487
v -0.0223584101 0.0150548797 0.0343225487
v -0.0218396708 0.0158635303 0.0343225487
v -0.0212941691 0.0166543107 0.0343225487
v -0.0207223799 0.0174263101 0.0343225487
v -0.0201250296 0.0181786995 0.0343225487
v -0.0195027497 0.0189106409 0.0343225487
v -0.0188563392 0.0196213108 0.0343225487
v -0.0181863904 0.0203099195 0.0343225487
v -0.0174937192 0.02097564 0.0343225487
v -0.0167791191 0.0216177106 0.0343225487
v -0.0160434209 0.0222355109 0.0343225487
v -0.01528739 0.0228282809 0.0343225487
v -0.0145118805 0.0233952906 0.0343225487
v -0.0137178302 0.0239360295 0.0343225487
v -0.0129060103 0.0244498197 0.0343225487
v -0.0120774498 0.0249360707 0.0343225487
v -0.0112330904 0.0253942609 0.0343225487
v -0.0103737703 0.0258238893 0.0343225487
v -0.00950056314 0.0262244307 0.0343225487
v -0.00861441996 0.02659541 0.0343225487
v -0.0077162981 0.0269365292 0.0343225487
v -0.0068072672 0.0272473004 0.0343225487
v -0.00588828279 0.02752739 0.0343225487
v -0.00496047689 0.02777653 0.0343225487
v -0.00402480317 0.0279943906 0.0343225487
v -0.00308233406 0.0281807091 0.0343225487
v -0.00213414407 0.0283353291 0.0343225487
v -0.00118130399 0.0284580495 0.0343225487
v -0.000224937001 0.0285487697 0.0343225487
v 0.000733974972 0.0286073592 0.0343225487
v 0.000752817024 -0.0281816106 0.0344667993
v -0.000191822997 -0.0281239096 0.0344667993
v -0.00113397802 -0.0280345604 0.0344667993
v -0.00207263208 -0.02791363 0.0344667993
v -0.003006696 -0.0277613401 0.0344667993
v -0.00393509818 -0.0275777504 0.0344667993
v -0.00485688401 -0.0273631196 0.0344667993
v -0.0057708621 -0.0271177199 0.0344667993
v -0.00667619705 -0.0268417504 0.0344667993
v -0.00757169677 -0.0265356302 0.0344667993
v -0.00845640805 -0.0261996295 0.0344667993
v -0.00932937767 -0.0258341394 0.0344667993
v -0.0101896496 -0.0254395604 0.0344667993
v -0.0110361502 -0.0250163004 0.0344667993
v -0.0118679404 -0.02456492 0.0344667993
v -0.0126841599 -0.0240859296 0.0344667993
v -0.0134838801 -0.0235797707 0.0344667993
v -0.0142661296 -0.0230471399 0.0344667993
v -0.0150300805 -0.0224885307 0.0344667993
v -0.0157749001 -0.0219045803 0.0344667993
v -0.0164996292 -0.0212960206 0.0344667993
v -0.0172036197 -0.0206634402 0.0344667993
v -0.0178859793 -0.0200076103 0.0344667993
v -0.01854592 -0.0193293002 0.0344667993
v -0.0191827398 -0.0186292492 0.0344667993
v -0.0197957102 -0.0179081503 0.0344667993
v -0.0203841906 -0.0171669703 0.0344667993
v -0.0209474508 -0.0164064094 0.0344667993
v -0.0214849096 -0.0156274401 0.0344667993
v -0.0219959002 -0.0148308203 0.0344667993
v -0.0224798899 -0.0140175801 0.0344667993
v -0.0229363404 -0.0131884804 0.0344667993
v -0.0233647209 -0.0123445904 0.0344667993
v -0.0237645507 -0.0114867603 0.0344667993
v -0.0241353493 -0.0106160603 0.0344667993
v -0.0244767591 -0.00973337796 0.0344667993
v -0.0247883704 -0.00883972645 0.0344667993
v -0.0250698291 -0.00793617871 0.0344667993
v -0.0253207609 -0.00702363206 0.0344667993
v -0.0255410001 -0.00610321714 0.0344667993
v -0.0257302504 -0.00517594814 0.0344667993
v -0.0258882605 -0.00424283696 0.0344667993
v -0.0260149203 -0.00330489804 0.0344667993
v -0.0261099897 -0.00236332393 0.0344667993
v -0.0261734705 -0.00141906703 0.0344667993
v -0.0262051802 -0.000473201013 0.0344667993
v -0.0262051802 0.000473201013 0.0344667993
v -0.0261734705 0.00141906703 0.0344667993
v -0.0261099897 0.00236332393 0.0344667993
v -0.0260149203 0.00330489804 0.0344667993
v -0.0258882605 0.00424283696 0.0344667993
v -0.0257302504 0.00517594814 0.0344667993
v -0.0255410001 0.00610321714 0.0344667993
v -0.0253207609 0.00702363206 0.0344667993
v -0.0250698291 0.00793617871 0.0344667993
v -0.0247883704 0.00883972645 0.0344667993
v -0.0244767591 0.00973337796 0.0344667993
v -0.0241353493 0.0106160603 0.0344667993
v -0.0237645507 0.0114867603 0.0344667993
v -0.0233647209 0.0123445904 0.0344667993
v -0.0229363404 0.0131884804 0.0344667993
v -0.0224798899 0.0140175801 0.0344667993
v -0.0219959002 0.0148308203 0.0344667993
v -0.0214849096 0.0156274401 0.0344667993
v -0.0209474508 0.0164064094 0.0344667993
v -0.0203841906 0.0171669703 0.0344667993
v -0.0197957102 0.0179081503 0.0344667993
v -0.0191827398 0.0186292492 0.0344667993
v -0.01854592 0.0193293002 0.0344667993
v -0.0178859793 0.0200076103 0.0344667993
v -0.0172036197 0.0206634402 0.0344667993
v -0.0164996292 0.0212960206 0.0344667993
v -0.0157749001 0.0219045803 0.0344667993
v -0.0150300805 0.0224885307 0.0344667993
v -0.0142661296 0.0230471399 0.0344667993
v -0.0134838801 0.0235797707 0.0344667993
v -0.0126841599 0.0240859296 0.0344667993
v -0.0118679404 0.02456492 0.0344667993
v -0.0110361502 0.0250163004 0.0344667993
v -0.0101896496 0.0254395604 0.0344667993
v -0.00932937767 0.0258341394 0.0344667993
v -0.00845640805 0.0261996295 0.0344667993
v -0.00757169677 0.0265356302 0.0344667993
v -0.00667619705 0.0268417504 0.0344667993
v -0.0057708621 0.0271177199 0.0344667993
v -0.00485688401 0.0273631196 0.0344667993
v -0.00393509818 0.0275777504 0.0344667993
v -0.003006696 0.0277613401 0.0344667993
v -0.00207263208 0.02791363 0.0344667993
v -0.00113397802 0.0280345604 0.0344667993
v -0.000191822997 0.0281239096 0.0344667993
v 0.000752817024 0.0281816106 0.0344667993
v 0.02954196 0.0283655506 0.0223405305
v 0.0294562504 0.0285024606 0.0220420305
v 0.0287578702 0.0287593603 0.0225333497
v 0.0327072106 0.0221625492 0.02621793
v 0.0326507613 0.0226686504 0.02587777
v 0.0321453214 0.0227406602 0.0263339803
v 0.0322957598 0.0211452208 0.0273269992
v 0.032257311 0.0216846392 0.0269955304
v 0.0312117301 0.0217621308 0.0279420596
v 0.0301249009 0.0200136304 0.0298277102
v 0.0301127993 0.0206313692 0.0295310598
v 0.0294559002 0.0206418596 0.0300270896
v 0.0290612504 0.0161136892 0.0321037695
v 0.0294254404 0.01612854 0.0319048688
v 0.02943849 0.0167877004 0.0316585302
v 0.03068983 0.02121442 0.0287410002
v 0.0307190996 0.0206209999 0.0290427804
v 0.03128355 0.0206109192 0.0285663009
v 0.0282167699 0.00501763821 0.0347538516
v 0.0281942394 0.00430452777 0.0348198414
v 0.0290881302 0.00430816412 0.0345753394
v 0.0288673602 0 0.0348110087
v 0.0290387198 0 0.0347640514
v 0.0290452205 0.00143867696 0.0347450897
v 0.0298932102 0 0.0345298611
v 0.0327890515 0.02112424 0.02689844
v 0.0328138992 0.0205829702 0.0272462908
v 0.033299081 0.0205746796 0.0268558804
v 0.033840891 0 0.0333351418
v 0.0340161286 0 0.0332829915
v 0.0340132117 0.000713776972 0.0332742892
v 0.0331507288 0.0226013605 0.0254514199
v 0.0332433507 0.0216152593 0.0261474792
v 0.0337360501 0.0215843897 0.0257706605
v 0.0341691896 0.0224835798 0.0247055199
v 0.0342402384 0.0215565506 0.0254307892
v 0.034499459 0.02154392 0.0252759401
v 0.0353250504 0.02516835 0.0211939793
v 0.0352892205 0.0255289003 0.0207593404
v 0.0349503085 0.0255827308 0.0208801609
v 0.035638269 0.0254814606 0.0206528306
v 0.0356993601 0.0247551203 0.0215120893
v 0.036048051 0.0247195903 0.0214183293
v 0.0375558697 0.0266847592 0.0185658894
v 0.0375622511 0.0260269009 0.0194783192
v 0.0375885293 0.02388799 0.0220487695
v 0.0350919291 0.0194398705 0.0265790801
v 0.0348236486 0.0194380209 0.0266981702
v 0.0348380804 0.0188504402 0.0270994306
v 0.0358174406 0 0.0327800512
v 0.0361123011 0 0.0327197313
v 0.0361087285 0.000711539004 0.0327072702
v 0.0363138318 0.0170394704 0.0278216004
v 0.0360139608 0.0170352403 0.0278864503
v 0.0360370204 0.0164003298 0.0282597505
v 0.0369477198 0.0170458499 0.0277250409
v 0.0366247185 0.0170430504 0.0277677104
v 0.0366421901 0.0164089203 0.0281450097
v 0.0376198217 0.0194481593 0.0260459092
v 0.0376297198 0.0176694896 0.0272833109
v 0.0375191495 0.00287729502 0.0323868915
v 0.0375122391 0.00360840489 0.03231382
v 0.0375289284 0.00142771006 0.0324829184
v 0.0377572104 0 0.0325038992
v 0.0357483588 0.031944029 -0.00603389693
v 0.0357486606 0.0320604406 -0.00537115289
v 0.0357528888 0.0324827991 0.001069188
v 0.0165817104 0.0317861401 0.0245537702
v 0.0160539094 0.0318754315 0.0228947904
v 0.0153531404 0.0319441482 0.0230432097
v 0.003422081 0.0259868503 0.0349333808
v 0.0210038405 0.0311540291 0.0232519507
v 0.0204293095 0.0312516615 0.0234529898
v 0.0209847596 0.0310853701 0.0250113606
v 0.0109709501 0.0151183596 0.0363634191
v 0.0120770298 0.01512485 0.0362837315
v 0.0121699497 0.0164966509 0.0360942408
v 0.0107589299 0.0124066398 0.0366808698
v 0.0096321702 0.0124007398 0.0367421508
v 0.009526073 0.0110544497 0.0368728004
v 0.0133176995 0.0178904496 0.0357846618
v 0.0143523803 0.0178953409 0.0356730781
v 0.0144026196 0.0193022992 0.03543102
v 0.0127590802 0.0110725705 0.0366781317
v 0.0117184501 0.0110658398 0.0367504917
v 0.0115877902 0.00971919205 0.0368734486
v 0.00443518115 0 0.0374812409
v 0.00807857513 0 0.0374060199
v 0.00892984774 0 0.0373712704
v 0.00894409418 0.00145143201 0.0373678803
v 0.0108267004 0 0.0372937918
v 0.0109979501 0 0.0372836515
v 0.0110149896 0.00145101501 0.037276201
v 0.0145801902 0.00973796844 0.0366499983
v 0.0136166802 0.00973117258 0.0367309414
v 0.0134719601 0.00837916136 0.0368460417
v 0.0162502509 0.0083963871 0.0366000496
v 0.0153552201 0.00839024689 0.0366875492
v 0.0152080003 0.00702857878 0.0367934704
v 0.0179505292 0.00840973761 0.0364097916
v 0.0171151105 0.00840288401 0.0365073606
v 0.0169622805 0.00703751994 0.0366222188
v 0.01340055 0 0.0371419117
v 0.01479566 0 0.0370327197
v 0.0148166995 0.00144982303 0.0370284915
v 0.0158092305 0 0.0369533785
v 0.0165341403 0 0.0368817411
v 0.0165560208 0.00144904805 0.0368760787
v 0.0180619303 0 0.0367308185
v 0.0181717202 0 0.0367175899
v 0.01819342 0.00144821405 0.0367071591
v 0.0250830594 0.0186692998 0.0331138298
v 0.0251004007 0.0193415191 0.0329100415
v 0.0245396998 0.0193380695 0.0331289694
v 0.0250262599 0.0173262898 0.0335023887
v 0.0250581503 0.0179976802 0.0333113
v 0.0244949404 0.0179887991 0.0335163996
v 0.0249441806 0.0159823801 0.0338649713
v 0.0249880496 0.0166546106 0.0336869918
v 0.0244209692 0.0166420303 0.0338787399
v 0.0252220593 0.0126160895 0.0344940387
v 0.0257590394 0.0126314703 0.0343330503
v 0.0258679893 0.0139897997 0.0340163112
v 0.0193828307 0.00705265906 0.0363311693
v 0.0186032001 0.00704741385 0.0364324413
v 0.0184637904 0.00566858007 0.0365349613
v 0.0223863106 0.00845682621 0.03573668
v 0.0217120592 0.00844830181 0.0358579084
v 0.0215665102 0.00706964685 0.0360052511
v 0.0207290594 0.00567847397 0.0362332389
v 0.0199990794 0.00567507697 0.0363373682
v 0.0198823195 0.00428104401 0.0364241004
v 0.0201681796 0 0.0364768505
v 0.0211580899 0 0.0363345705
v 0.0211792495 0.00144636596 0.0363269411
v 0.0221378803 0 0.036193721
v 0.0225166008 0 0.0361300707
v 0.0225363299 0.00144535303 0.0361193419
v 0.02398175 0 0.0358836614
v 0.0249834005 0 0.035689529
v 0.0249999706 0.00144326605 0.0356784388
v 0.0257115904 0 0.0355483182
v 0.0261009298 0 0.0354624912
v 0.0261151101 0.00144213403 0.0354487784
v 0.0271467492 0 0.0352318212
v 0.0238054898 0.0305545907 0.0227999594
v 0.02328109 0.0306857806 0.0227999594
v 0.0236787703 0.0305132791 0.0238840505
v 0.0220879894 0.0309568606 0.0227999594
v 0.0221021101 0.0309533402 0.0228386503
v 0.0221964698 0.0309338495 0.0227999594
v 0.0217527095 0.0310279708 0.0227999594
v 0.0214704201 0.0310830399 0.0227999594
v 0.0215611998 0.0310544893 0.0230470207
v 0.0188602209 0.031527631 0.0227999594
v 0.0192258898 0.0314404294 0.0238417294
v 0.0198369008 0.0313471518 0.0236497503
v 0.00318664289 0.0324962102 0.0277913194
v 0.0349999592 0.0270478092 -0.0182569008
v 0.0349999592 0.0272093397 -0.0180054307
v 0.0357175991 0.0271679107 -0.0179741904
v 0.0349999592 0.0320200287 0.00567167904
v 0.0349999592 0.0319792591 0.00590479281
v 0.035831511 0.0319743082 0.005880713
v 0.0345448814 0.0287693106 0.0157824103
v 0.0345146582 0.0287315808 0.0158731304
v 0.0345247313 0.0286744796 0.0159862004
v 0.0325416885 0.0277398806 0.0193667393
v 0.0324191414 0.0277413707 0.0195033494
v 0.0326524302 0.0276786592 0.0193825904
v 0.0257862192 0.0299706999 0.0227690302
v 0.0254941508 0.0300646406 0.0227864906
v 0.0255481601 0.0300328694 0.0229374096
v 0.02582567 0.0299575292 0.0227651503
v 0.0258693006 0.02994298 0.0227608606
v 0.0262221601 0.0297524296 0.0233830195
v 0.0259998403 0.0298994705 0.0227481108
v 0.0266456604 0.0296771508 0.0226620995
v 0.02653425 0.0297168996 0.0226815902
v 0.0261611901 0.0298457108 0.02273231
v 0.0270434003 0.0294951703 0.0228867494
v 0.0269486904 0.0295686107 0.0226074997
v 0.02690541 0.0295845196 0.0226167403
v 0.0279268604 0.0291381404 0.0227165204
v 0.02782261 0.0292398892 0.0223943498
v 0.0278216004 0.0292400699 0.0223917905
v 0.0275998097 0.0293259006 0.0224561002
v 0.0274544898 0.0293807909 0.0224926397
v 0.0272745993 0.0294487402 0.02253782
v 0.02833068 0.0290393792 0.0222290102
v 0.0282465797 0.0290728193 0.0222569108
v 0.0279677492 0.0291834995 0.0223494098
v 0.0278291106 0.0292371493 0.0223896503
v 0.0286628008 0.0288801696 0.0222226307
v 0.0291223507 0.0287163798 0.0219092909
v 0.0290423594 0.0287492201 0.0219464805
v 0.0290167294 0.0287597105 0.0219572708
v 0.0286887791 0.02889424 0.0220947191
v 0.02863013 0.0289180204 0.0221167207
v 0.0301315691 0.0282539707 0.0215668604
v 0.0300890207 0.0283265691 0.0214077793
v 0.0300716702 0.02833312 0.0214184504
v 0.0297592208 0.0284567997 0.0215942804
v 0.0297352001 0.0284662805 0.0216077492
v 0.0293915793 0.0286058094 0.0217840597
v 0.0307573602 0.0280828997 0.02097499
v 0.0306898896 0.0281051304 0.0210233908
v 0.0307907406 0.0280160308 0.0211118404
v 0.0304688197 0.0281840507 0.0211707298
v 0.0304000303 0.0282086097 0.0212166291
v 0.0313975215 0.0278921109 0.0204841997
v 0.0312264506 0.0279365703 0.0206249896
v 0.0314406082 0.0277907792 0.0206810795
v 0.0311414003 0.0279619005 0.0206904393
v 0.0309638306 0.0280147698 0.0208269302
v 0.0319548808 0.0277789794 0.0199853107
v 0.0317721888 0.0278097894 0.0201565605
v 0.0320879817 0.0275802594 0.0202784501
v 0.031721171 0.0278183799 0.0202044193
v 0.0314785801 0.0278710108 0.0204175692
v 0.0323570296 0.02774214 0.01957261
v 0.0323441587 0.0277422592 0.0195869207
v 0.0327396914 0.0273866002 0.0199081302
v 0.0321381614 0.0277568102 0.01980328
v 0.0320190713 0.0277711693 0.0199215394
v 0.0330939814 0.0278060399 0.0186725203
v 0.0329158306 0.0277718306 0.0189105198
v 0.0333320387 0.0275119506 0.0190610196
v 0.0331571102 0.0278229099 0.0185827594
v 0.0328909718 0.0277688503 0.0189417601
v 0.0327319503 0.0277497098 0.0191416107
v 0.0326322913 0.0277445894 0.0192595106
v 0.0335165784 0.0279446803 0.0180408303
v 0.0333712101 0.0278879404 0.0182691794
v 0.0336130187 0.0277293902 0.0183985792
v 0.0333504602 0.0278798304 0.0183017198
v 0.0332654715 0.0278519299 0.01842862
v 0.0339718983 0.0276628099 0.0182674509
v 0.0338733718 0.0281380396 0.0174087808
v 0.0338251516 0.0281059705 0.0175027195
v 0.0337940417 0.0280882102 0.0175590497
v 0.0336748287 0.0280203205 0.01777458
v 0.0335583612 0.0279646497 0.0179706197
v 0.0346186683 0.0281278994 0.0170198604
v 0.0339825116 0.02821224 0.0171935502
v 0.03470736 0.0275455695 0.0180364195
v 0.0339676104 0.0282007996 0.0172250196
v 0.0343364403 0.0276014805 0.0181465708
v 0.0343469307 0.0285330396 0.0163544994
v 0.0342286192 0.0284150802 0.0166511498
v 0.0344731808 0.0286796596 0.0159978196
v 0.0344569013 0.02865934 0.0160465799
v 0.0344275795 0.0286226794 0.0161346104
v 0.0341565609 0.0283518396 0.0168164298
v 0.0341021419 0.0283041 0.0169412401
v 0.03469228 0.0289933607 0.0152543699
v 0.0353462584 0.0286015198 0.0158287808
v 0.0347403213 0.0290746 0.0150639396
v 0.0352784917 0.0291224103 0.0147925001
v 0.0347812697 0.02915686 0.0148714101
v 0.0352085195 0.0296074096 0.0137396399
v 0.0349333808 0.0295470897 0.0139518296
v 0.034882661 0.0293888394 0.0143270399
v 0.0348620415 0.0293384101 0.0144456597
v 0.0348182283 0.0292310696 0.0146977901
v 0.0351374112 0.0300565306 0.0126703903
v 0.0349999592 0.0300176702 0.0127999699
v 0.034992449 0.0298621599 0.0131882401
v 0.034970101 0.0297050998 0.0135722104
v 0.0349649116 0.0296828691 0.0136256795
v 0.0349506103 0.0296212398 0.01377373
v 0.0350664183 0.0304695293 0.01158481
v 0.0349999592 0.0302818995 0.0121127302
v 0.0349999592 0.0300616603 0.0126855299
v 0.0349999592 0.0308288895 0.0105308201
v 0.0349999592 0.0307126604 0.0108919702
v 0.0349999592 0.0305319391 0.0114210797
v 0.0349999592 0.0304706004 0.0115907099
v 0.0349999592 0.0309341494 0.0102037098
v 0.0359817706 0.0308234002 0.0104161501
v 0.0349999592 0.0311412197 0.00951272156
v 0.0359401107 0.0311682206 0.00930726528
v 0.0349999592 0.03118366 0.00935995486
v 0.0349999592 0.0313339196 0.0088190427
v 0.0359007083 0.0314754806 0.00818186905
v 0.0349999592 0.0314864516 0.00822329521
v 0.0358642302 0.0317444205 0.00703978492
v 0.0349999592 0.0316759907 0.00742346002
v 0.0349999592 0.0315122008 0.00812268164
v 0.0349999592 0.0319597684 0.00601631403
v 0.0349999592 0.0318251811 0.00672131684
v 0.0349999592 0.0317507312 0.00707149506
v 0.0349999592 0.0321323201 0.00496554282
v 0.035803251 0.0321643911 0.00470459415
v 0.0349999592 0.0321659409 0.00472187903
v 0.0357801914 0.0323135816 0.00351107097
v 0.0349999592 0.0323120318 0.00355392601
v 0.0349999592 0.0322296582 0.00425964501
v 0.0349999592 0.0324317813 0.002143502
v 0.0349999592 0.0324196815 0.00230652001
v 0.0357631408 0.0324202701 0.00229948689
v 0.0349999592 0.0323793814 0.00284850504
v 0.0349999592 0.0323149487 0.00352293206
v 0.0349999592 0.0324999616 3.15422003e-05
v 0.0349999592 0.0324919783 0.000734889007
v 0.0349999592 0.0324811302 0.00107222702
v 0.0349999592 0.0324692689 0.00143885601
v 0.0357498489 0.0324680209 -0.00145196903
v 0.0349999592 0.0324675404 -0.00145554496
v 0.0349999592 0.0324718282 -0.00137275399
v 0.0357499681 0.0324994884 -0.000180446004
v 0.0349999592 0.03249323 -0.000671037997
v 0.0349999592 0.0324979387 -0.000180920004
v 0.0349999592 0.0323196612 -0.00347125507
v 0.0349999592 0.0323849916 -0.00277298596
v 0.0357496105 0.0323859416 -0.00274372101
v 0.0349999592 0.0323866606 -0.00274997903
v 0.0349999592 0.0324357115 -0.00207340694
v 0.0357491896 0.0322508216 -0.00405144598
v 0.0349999592 0.03225201 -0.00405996991
v 0.0349999592 0.0320931599 -0.00520128012
v 0.0349999592 0.0321446583 -0.0048639169
v 0.0349999592 0.0322395489 -0.00416821195
v 0.0349999592 0.0316939317 -0.00729447603
v 0.0349999592 0.0318183787 -0.00670993282
v 0.0357480012 0.0318134986 -0.00669759512
v 0.0349999592 0.0318413898 -0.00660180999
v 0.0349999592 0.0319745503 -0.00590407802
v 0.0349999592 0.0320627615 -0.0053815241
v 0.0349999592 0.0315322205 -0.00798213389
v 0.0349999592 0.0316750407 -0.00737476302
v 0.0357476398 0.0316687189 -0.00736153079
v 0.0357466899 0.0313364193 -0.00868707802
v 0.0349999592 0.0313564502 -0.0086645484
v 0.0357471704 0.03150969 -0.00802493002
v 0.0349999592 0.0315175615 -0.00803905725
v 0.0357460305 0.0311487895 -0.00934720039
v 0.0349999592 0.0311665498 -0.00934159663
v 0.0349999592 0.0313459001 -0.00870203879
v 0.0357446 0.0307308994 -0.0106583796
v 0.0349999592 0.0309599601 -0.0100213196
v 0.0357453786 0.0309469104 -0.0100045204
v 0.0349999592 0.0309624001 -0.0100137498
v 0.0349999592 0.0311600491 -0.00936305523
v 0.03574365 0.0305011198 -0.0113079501
v 0.0349999592 0.0307443105 -0.0106804902
v 0.0349999592 0.0307458006 -0.0106760198
v 0.0357425809 0.0302579403 -0.0119525101
v 0.0349999592 0.0305124503 -0.0113417497
v 0.0349999592 0.0305178091 -0.01132649
v 0.0357412584 0.0300015807 -0.0125913601
v 0.0349999592 0.0302670002 -0.01199752
v 0.0349999592 0.0302765295 -0.0119719496
v 0.0357397087 0.0297324602 -0.0132237598
v 0.0349999592 0.0300078895 -0.01264768
v 0.0349999592 0.0300222002 -0.0126117403
v 0.0357379317 0.0294508897 -0.0138488999
v 0.0349999592 0.0297352597 -0.0132921897
v 0.0349999592 0.0297552291 -0.0132451002
v 0.0357359014 0.0291571599 -0.01446616
v 0.0349999592 0.0294494592 -0.0139300199
v 0.0349999592 0.0294758007 -0.0138712497
v 0.035733521 0.0288517401 -0.0150748398
v 0.0349999592 0.0291499998 -0.0145618301
v 0.0349999592 0.02918428 -0.0144895902
v 0.0349999592 0.0285077598 -0.0158122703
v 0.0349999592 0.0285668299 -0.0157002807
v 0.0357308909 0.0285351202 -0.0156745296
v 0.0349999592 0.0288361292 -0.0151893403
v 0.0349999592 0.0288811307 -0.0150993997
v 0.0349999592 0.0274159294 -0.0176837407
v 0.0349999592 0.0277740899 -0.0171000902
v 0.0357247517 0.0278705899 -0.0168450996
v 0.0349999592 0.0279068891 -0.0168733001
v 0.0357279703 0.0282078907 -0.0162647907
v 0.0349999592 0.0281217601 -0.0165063702
v 0.0349999592 0.0284585301 -0.0159030501
v 0.0349999592 0.0266696196 -0.0188193303
v 0.0357095487 0.0264315605 -0.0190572701
v 0.0349999592 0.0264775697 -0.0190919004
v 0.0349999592 0.0262796804 -0.0193727594
v 0.0357054994 0.0260517001 -0.0195804797
v 0.0349999592 0.0261874106 -0.0194999501
v 0.0353658684 0.0258637592 -0.0198779702
v 0.0351207815 0.0260846596 -0.0196204092
v 0.0351117812 0.0260922909 -0.0196114108
v 0.0357004404 0.0255295001 -0.0202638507
v 0.0355992913 0.0256362502 -0.0201413594
v 0.0357015692 0.02566397 -0.0200920105
v 0.0355616808 0.0256729107 -0.0200989209
v 0.0355444513 0.0256897192 -0.0200794898
v 0.0368445516 0.0248077493 -0.0210349504
v 0.036291711 0.0248302799 -0.0210537296
v 0.03684818 0.0256092492 -0.0200491492
v 0.0362309813 0.0249127094 -0.0209624097
v 0.0360426307 0.0251472499 -0.0206991993
v 0.0360317193 0.0251608398 -0.0206839405
v 0.0358211882 0.0254020002 -0.0204101205
v 0.0365961082 0.0243946295 -0.0215319898
v 0.0367621705 0.0241243206 -0.0218223296
v 0.0368422791 0.0239807907 -0.0219738409
v 0.0364884101 0.0245544296 -0.0213575903
v 0.0364190899 0.0246573593 -0.0212452393
v 0.0368818007 0.0239099804 -0.0220485907
v 0.0368456207 0.0239747707 -0.0219801608
v 0.0372641012 0.0230987594 -0.0228775702
v 0.0372190401 0.0232080799 -0.0227686092
v 0.0371951386 0.0232659504 -0.0227108505
v 0.0370616317 0.0235602204 -0.0224121194
v 0.0369173214 0.0238462593 -0.0221158192
v 0.0375699401 0.0221948009 -0.0237450507
v 0.0375156887 0.0223861299 -0.02356725
v 0.0374973416 0.0224425104 -0.0235134903
v 0.0374066196 0.02272081 -0.0232480094
v 0.0372849107 0.0230483394 -0.0229278803
v 0.0377850495 0.0212582909 -0.0245835092
v 0.0377714597 0.0213374402 -0.0245158002
v 0.0377156697 0.02160763 -0.0242779795
v 0.0376977287 0.0216946006 -0.0242014509
v 0.0376126096 0.0220440608 -0.0238851905
v 0.0378727913 0.0206964593 -0.0250574294
v 0.03783416 0.0209726002 -0.0248279497
v 0.0379878804 0.0192666594 -0.0261722207
v 0.0379824601 0.0194336101 -0.0260497294
v 0.0379673801 0.0197011195 -0.0258468892
v 0.0379600488 0.0198305193 -0.0257488396
v 0.0379281007 0.0202192608 -0.0254447404
v 0.0379210114 0.02028393 -0.0253925901
v 0.0378862582 0.0205998998 -0.0251377206
v 0.037995629 0.01902836 -0.0263471603
v 0.00433719112 0.03248512 0.0277694408
v 0.0033891201 0.0324952602 0.0227999594
v 0.00303429295 0.0324965082 0.0227999594
v 0.00653326511 0.0324418508 0.0276841503
v 0.00502622081 0.0324762985 0.0227999594
v 0.00545251323 0.032466881 0.0277335607
v 0.00475960877 0.0324810706 0.0227999594
v 0.00404262496 0.0324885212 0.0227999594
v 0.0123369005 0.0321863182 0.0235658195
v 0.0113212997 0.0322555304 0.0227999594
v 0.0115262801 0.0322377011 0.0236767493
v 0.0113175502 0.0322557017 0.0227999594
v 0.0106918197 0.0322850905 0.0237789694
v 0.0100488598 0.0323225185 0.0227999594
v 0.00983279943 0.0323282406 0.0238721296
v 0.00961697102 0.0323411189 0.0227999594
v 0.00894862413 0.032366991 0.0239557605
v 0.0087561598 0.0323781297 0.0227999594
v 0.00803858042 0.0324011408 0.0240295492
v 0.0078420043 0.0324092507 0.0227999594
v 0.00710207177 0.0324305817 0.0240930896
v 0.00744348718 0.0324228406 0.0227999594
v 0.00613844302 0.0324550793 0.0241458993
v 0.00611120416 0.0324569903 0.0227999594
v 0.0059864521 0.0324592516 0.0227999594
v 0.0138889505 0.032072179 0.0233195405
v 0.0129503002 0.03214854 0.0227999594
v 0.0131242201 0.0321310684 0.0234466102
v 0.0125731202 0.0321765505 0.0227999594
v 0.0121424701 0.0322037302 0.0227999594
v 0.0146317398 0.03200984 0.0231849495
v 0.0145177199 0.0320242606 0.0227999594
v 0.0141272498 0.0320585892 0.0227999594
v 0.0138039496 0.0320850611 0.0227999594
v 0.0137416096 0.0320897102 0.0227999594
v 0.0164749008 0.03183138 0.0227999594
v 0.0160239302 0.0318794213 0.0227999594
v 0.0157460496 0.0319089815 0.0227999594
v 0.0149424002 0.0319868885 0.0227999594
v 0.0179452803 0.0316191316 0.0242098495
v 0.0173186604 0.0317335092 0.0227999594
v 0.0172742605 0.0317042395 0.0243850295
v 0.0167546794 0.0317993686 0.0227999594
v 0.0165381394 0.0318246409 0.0227999594
v 0.0188444201 0.0315300189 0.0227999594
v 0.0180874392 0.0316354595 0.0227999594
v 0.0174708907 0.0317141414 0.0227999594
v 0.0185956303 0.0315311514 0.0240285899
v 0.0195895396 0.0314169489 0.0227999594
v 0.0195338093 0.031425409 0.0227999594
v 0.02104377 0.0311663095 0.0227999594
v 0.0208388492 0.0312031507 0.0227999594
v 0.0203227401 0.0312958285 0.0227999594
v 0.0201933291 0.0313172303 0.0227999594
v 0.0224493705 0.0308802109 0.0227999594
v 0.0226535201 0.0307473503 0.0243452694
v 0.0226915404 0.0308244806 0.0227999594
v 0.0231743399 0.0306310002 0.0241160896
v 0.0231336299 0.0307226107 0.0227999594
v 0.0244647209 0.0303754807 0.0227999594
v 0.0244182292 0.0303881094 0.0227999594
v 0.0246415697 0.0302745104 0.0234135296
v 0.0238566305 0.0305406991 0.0227999594
v 0.0241675898 0.0303943697 0.0236497503
v 0.0254094601 0.0300918799 0.0227915607
v 0.0249999706 0.0302186608 0.0227999594
v 0.0251014791 0.0301539302 0.0231759492
v 0.0249656402 0.0302289091 0.0227999594
v 0.0247691199 0.0302876197 0.0227999594
v 0.0271889493 0.00287443306 0.0351591706
v 0.0271582007 0.00144100096 0.03521543
v 0.0281335097 0.00143986905 0.0349802896
v 0.0250431802 0.00287395692 0.0356288515
v 0.0261523705 0.00287419511 0.0353958607
v 0.0262097698 0.00429743482 0.0353068709
v 0.0251098201 0.00429391814 0.0355456397
v 0.0251505896 0.005000412 0.0354912803
v 0.0239775702 0.00499486923 0.0357280299
v 0.0237906501 0 0.0359158516
v 0.02380847 0.00144433905 0.0359025486
v 0.02385699 0.00287371804 0.0358562395
v 0.0239317995 0.00429052114 0.0357786417
v 0.0272653606 0.00501179602 0.0350022316
v 0.0272973105 0.0057211509 0.0349302217
v 0.0262836795 0.00571292592 0.0351812206
v 0.0263255797 0.0064179888 0.035104569
v 0.02524429 0.00640725996 0.03535676
v 0.0258430205 0.00711429119 0.0351483189
v 0.0252962094 0.00710761501 0.035276711
v 0.0225892607 0.00287348009 0.0360761806
v 0.0226709805 0.00428718282 0.0360039994
v 0.0227761809 0.00568932202 0.0359026082
v 0.0246220808 0.00570088578 0.0355497487
v 0.0240281206 0.00569695188 0.0356694385
v 0.0234130602 0.00569307804 0.0357871614
v 0.0231802408 0.00984114408 0.0354239903
v 0.0225354992 0.00983005669 0.0355556011
v 0.0201361701 0.00705814315 0.03622609
v 0.0208638292 0.00706380606 0.0361173712
v 0.0210127197 0.0084400773 0.0359759293
v 0.01875728 0.0084168911 0.0363075696
v 0.0195360705 0.00842434075 0.0362010002
v 0.0202876907 0.00843209028 0.0360903703
v 0.0183451697 0.00427824212 0.0366150104
v 0.01979178 0.00287306309 0.0364861414
v 0.0182530805 0.00287288404 0.0366724692
v 0.0197330695 0.00144731905 0.0365234613
v 0.0197113696 0 0.0365319215
v 0.0284861904 0.01135075 0.0336869918
v 0.0285179 0.0120405499 0.0335171185
v 0.0276549403 0.0120097296 0.0338413715
v 0.0276952293 0.0126947099 0.0336728618
v 0.0285488293 0.0127268396 0.0333375297
v 0.02773422 0.0133765303 0.0334954783
v 0.0285786893 0.0134093696 0.0331485197
v 0.0277714692 0.0140549503 0.0333094001
v 0.0286071803 0.01408803 0.0329503417
v 0.0286339503 0.0147625804 0.0327432118
v 0.0282292292 0.0147462403 0.0329292417
v 0.0286586806 0.0154328896 0.0325273797
v 0.0282579605 0.0154170897 0.0327199586
v 0.0278066304 0.0147299096 0.0331149101
v 0.0278392993 0.0154013 0.0329121314
v 0.0250984393 0.0112501299 0.03476917
v 0.0245313607 0.01123631 0.0349176489
v 0.0243977308 0.00986397173 0.0351523682
v 0.0238007307 0.00985246804 0.0352894589
v 0.0236625597 0.00847440865 0.0354854986
v 0.0230361801 0.00846552756 0.0356124602
v 0.0228997394 0.00708180619 0.0357720815
v 0.0222449303 0.00707566692 0.0358900987
v 0.0221170094 0.00568562699 0.0360156186
v 0.0214348398 0.00568199111 0.0361259505
v 0.0213227198 0.00428402377 0.0362197682
v 0.0212357007 0.00287330104 0.0362867713
v 0.0235316101 0.00708806515 0.0356514417
v 0.0242660008 0.00848346855 0.0353561006
v 0.0249719601 0.00987571385 0.0350129604
v 0.0256430507 0.0112641398 0.034618549
v 0.0262739602 0.0126470895 0.0341701508
v 0.0243233405 0.0152944904 0.0342153907
v 0.0248953104 0.0153091503 0.0340363309
v 0.0243747793 0.0159685593 0.0340502784
v 0.0238275491 0.0166296903 0.0340668485
v 0.0244612601 0.0173153207 0.0337007605
v 0.0245212894 0.0186629202 0.0333257914
v 0.0238696896 0.01730459 0.0338953696
v 0.0232505202 0.0172940399 0.0340858102
v 0.0232067108 0.0166176502 0.0342509709
v 0.0239049699 0.0179800894 0.0337176882
v 0.0232872292 0.0179715101 0.0339146182
v 0.0226406399 0.0179632306 0.034106791
v 0.0219641309 0.0179551207 0.0342938304
v 0.0218786504 0.0165943503 0.0346054994
v 0.02255743 0.0166058503 0.0344306789
v 0.0239326302 0.0186566692 0.0335338116
v 0.0233161394 0.0186505299 0.0337373018
v 0.0226705596 0.0186445098 0.0339359604
v 0.0219949391 0.01863873 0.0341291986
v 0.0239520594 0.0193347298 0.0333437882
v 0.0233364701 0.0193315092 0.0335540101
v 0.0226916596 0.0193282906 0.0337591693
v 0.02201676 0.0193251893 0.033958789
v 0.0213105008 0.0193222109 0.0341524407
v 0.0168240592 0.00566262007 0.0367166884
v 0.0167064592 0.00427567912 0.0367906615
v 0.0166152101 0.00287270499 0.0368438885
v 0.0218656603 0.00981926918 0.0356840417
v 0.0211699605 0.00980871916 0.0358090401
v 0.0204476696 0.00979852583 0.0359303318
v 0.0196979605 0.00978869107 0.0360475108
v 0.0189200602 0.00977915525 0.0361603983
v 0.0181131903 0.00977003481 0.0362687111
v 0.0155108497 0.00974529888 0.0365630314
v 0.0164093301 0.00975310802 0.0364703499
v 0.0172765199 0.00976133347 0.0363721214
v 0.0150748398 0.00565725518 0.0368806683
v 0.0149615398 0.00427335501 0.0369490907
v 0.0148736797 0.00287252595 0.0369985104
v 0.0133349802 0.00702071097 0.0369439684
v 0.0132111898 0.00565254595 0.0370247886
v 0.0131058004 0.00427126791 0.0370883904
v 0.0130240899 0.00287240697 0.0371344611
v 0.0129711004 0.00145047903 0.037162479
v 0.0129517904 0 0.0371683799
v 0.0137638403 0.0110799596 0.0365986787
v 0.0147335501 0.0110879503 0.03651255
v 0.0156690404 0.0110965902 0.0364199206
v 0.0165711008 0.0111057702 0.0363211595
v 0.0174406692 0.0111154905 0.0362166092
v 0.0182785299 0.0111257397 0.0361064598
v 0.0190855209 0.0111364704 0.0359911881
v 0.0198624693 0.0111476099 0.0358708985
v 0.0206102692 0.0111592403 0.0357460901
v 0.0213297606 0.0111712804 0.0356169902
v 0.0220217109 0.0111836102 0.0354838297
v 0.0226870105 0.0111963702 0.0353470407
v 0.0233264491 0.0112094199 0.0352068506
v 0.0239409804 0.0112227201 0.0350636207
v 0.00674372911 0 0.0374377891
v 0.00445639994 0.00287204911 0.03745424
v 0.00448036101 0.00426650001 0.0374160409
v 0.00444084406 0.00145196903 0.0374776684
v 0.00454759505 0.00700229406 0.0372981392
v 0.00451129582 0.00564145995 0.0373638794
v 0.00458782911 0.00835311413 0.0372188017
v 0.00463032722 0.00969791412 0.0371258818
v 0.00514745712 0 0.037475761
v 0.006754159 0.00145178998 0.0374356508
v 0.00678259088 0.00287210895 0.0374116302
v 0.0068264599 0.00426715612 0.0373724103
v 0.00688302517 0.00564295007 0.0373186991
v 0.00694954302 0.00700473692 0.0372509286
v 0.00702309608 0.0083565712 0.0371690914
v 0.00710088015 0.00970238354 0.0370732509
v 0.00467354013 0.0110408003 0.0370193087
v 0.0114593497 0.00836974289 0.0369805582
v 0.0113378102 0.00701409485 0.0370718203
v 0.0112279598 0.00564855291 0.0371471606
v 0.0111344997 0.00426953984 0.0372066386
v 0.0110620204 0.00287228799 0.0372498594
v 0.0118466597 0.0124132596 0.0366114303
v 0.0128961196 0.0124207102 0.036534071
v 0.0139082596 0.0124288201 0.0364491902
v 0.0148839299 0.0124376398 0.0363571011
v 0.0158241298 0.0124471104 0.0362581611
v 0.0167297106 0.0124572497 0.0361526012
v 0.0176015999 0.0124679198 0.0360408388
v 0.0184406005 0.0124791795 0.0359231792
v 0.0192476492 0.0124909803 0.0357999206
v 0.0200236998 0.0125033204 0.0356714688
v 0.0207695905 0.0125160804 0.0355380699
v 0.0214862209 0.0125293098 0.0354000293
v 0.0221744701 0.0125428997 0.0352578089
v 0.0228353105 0.0125569096 0.0351115987
v 0.0234696195 0.0125712696 0.0349618085
v 0.0240781903 0.0125859296 0.0348086916
v 0.02466207 0.0126008904 0.0346526988
v 0.0211694203 0.0165832601 0.0347750708
v 0.0212566797 0.0179472491 0.0344751999
v 0.0204285905 0.0165724698 0.0349390507
v 0.0205171108 0.0179396197 0.0346506201
v 0.0196551606 0.0165621005 0.0350969397
v 0.0197443906 0.0179322902 0.0348195396
v 0.0188481808 0.0165522005 0.0352483913
v 0.0189375207 0.0179252606 0.0349815413
v 0.0180064403 0.0165426694 0.0353929885
v 0.0180953108 0.0179185793 0.0351362191
v 0.0171290599 0.0165336691 0.0355303809
v 0.0172167998 0.0179121997 0.0352831408
v 0.0162148997 0.01652514 0.0356600806
v 0.0163008496 0.0179061797 0.0354219005
v 0.0152629605 0.0165172201 0.0357817411
v 0.0153464004 0.0179005805 0.0355520211
v 0.0142721497 0.0165097695 0.0358949304
v 0.0132415202 0.0165029094 0.035999231
v 0.0153985601 0.0193043295 0.0353018008
v 0.0163544994 0.0193064809 0.0351629183
v 0.0172715094 0.0193087999 0.0350148007
v 0.0181506202 0.0193112399 0.0348579809
v 0.0189930201 0.0193138104 0.0346928798
v 0.0197997 0.0193164907 0.0345199108
v 0.0205718204 0.0193192903 0.0343395993
v 0.0261453297 0.0206839405 0.0320113301
v 0.02563655 0.0206890106 0.032251291
v 0.0256435797 0.0200145803 0.0324702784
v 0.0251094606 0.0200146995 0.0327000618
v 0.0245494805 0.0200147592 0.0329260789
v 0.0239624903 0.0200148802 0.0331478082
v 0.0233474299 0.0200149398 0.0333647691
v 0.0227032304 0.0200149994 0.033576481
v 0.0220287405 0.0200150609 0.0337825418
v 0.0213229004 0.0200151801 0.0339823887
v 0.02058452 0.0200152304 0.0341755711
v 0.0198126398 0.02001529 0.0343617201
v 0.0190060697 0.0200153496 0.0345401689
v 0.0181637406 0.0200154092 0.0347105786
v 0.0172845107 0.0200154707 0.0348724686
v 0.0163673107 0.0200155303 0.0350252911
v 0.0154110696 0.0200155899 0.0351686403
v 0.0144146597 0.0200156495 0.0353020392
v 0.0251029693 0.02069401 0.0324877985
v 0.0245434605 0.0206989609 0.0327204391
v 0.02395707 0.0207037907 0.032948669
v 0.0233425405 0.0207084995 0.0331720114
v 0.0226988103 0.0207131505 0.0333899818
v 0.0220248103 0.0207176208 0.0336020514
v 0.0213194396 0.0207219701 0.0338078104
v 0.0205815397 0.0207262002 0.0340067111
v 0.0198101401 0.0207302496 0.0341982804
v 0.0190039799 0.0207341295 0.0343819782
v 0.0181620102 0.0207378808 0.0345573984
v 0.0172831994 0.0207413994 0.0347240493
v 0.0163663607 0.0207447391 0.0348814093
v 0.0154104196 0.0207478404 0.0350289308
v 0.0144143105 0.0207507592 0.0351662599
v 0.0131422803 0.0151321199 0.0361949801
v 0.0141676599 0.0151401097 0.0360976383
v 0.0151541801 0.0151488101 0.0359919593
v 0.0161027908 0.0151581103 0.0358784087
v 0.0170144998 0.0151680103 0.0357572995
v 0.01789039 0.0151785603 0.0356290899
v 0.0187313501 0.0151896402 0.0354940817
v 0.0195384603 0.01520121 0.0353526399
v 0.0203126594 0.0152133098 0.0352052413
v 0.0210550409 0.0152258202 0.0350521803
v 0.0217664801 0.0152388196 0.0348938704
v 0.0224479996 0.0152522298 0.0347306095
v 0.0231006704 0.0152660003 0.0345628783
v 0.02372545 0.0152800595 0.0343909785
v 0.00941795111 0.00970953703 0.0369883105
v 0.00931167603 0.00836217403 0.0370889902
v 0.00921118166 0.0070087309 0.0371748209
v 0.00912028458 0.00564533379 0.03724581
v 0.00904291775 0.00426816894 0.0373019502
v 0.00898301601 0.00287216902 0.0373428389
v 0.00973242521 0.0137522202 0.0365959406
v 0.01087033 0.0137582403 0.0365303084
v 0.0119677102 0.0137650901 0.0364559218
v 0.0130254598 0.0137727195 0.036373131
v 0.01404458 0.0137811303 0.0362822413
v 0.0150259696 0.0137901902 0.0361836515
v 0.0159706399 0.0137999598 0.0360776708
v 0.01687943 0.0138103301 0.0359646603
v 0.0177534204 0.0138213597 0.0358449817
v 0.0185934901 0.0138329798 0.03571897
v 0.0194005892 0.0138451401 0.035587009
v 0.0201756898 0.0138578396 0.0354494415
v 0.0209197402 0.0138709499 0.0353065692
v 0.0216336809 0.0138846003 0.0351588093
v 0.0223184805 0.0138986101 0.0350065194
v 0.0229750201 0.0139130298 0.0348499417
v 0.0236043297 0.0139278099 0.0346895382
v 0.0242073499 0.0139428899 0.0345256291
v 0.0247849803 0.0139582697 0.034358561
v 0.0253382307 0.0139739504 0.0341886804
v 0.00718003511 0.0110460501 0.0369632207
v 0.00725769904 0.0123915002 0.0368387587
v 0.00471603777 0.01238578 0.0368986689
v 0.00479239179 0.01509785 0.0366133414
v 0.00475615216 0.0137367798 0.0367635414
v 0.0133654997 0.0193004608 0.03555011
v 0.0122861201 0.01929879 0.0356585905
v 0.0122413598 0.0178860407 0.0358862802
v 0.0111221597 0.0178820994 0.0359775983
v 0.0110564204 0.0164910499 0.0361795984
v 0.00989991426 0.0164861605 0.0362549387
v 0.00982296374 0.0151125696 0.0364337489
v 0.00863212254 0.0151076298 0.0364942513
v 0.00855296757 0.0137470299 0.0366523787
v 0.00733107282 0.0137426797 0.0366994105
v 0.0122970901 0.0207558796 0.0354080684
v 0.0111634703 0.0192972999 0.0357561111
v 0.00995916128 0.0178785902 0.03605818
v 0.00869941711 0.0164818708 0.0363197289
v 0.00739741279 0.01510345 0.036544621
v 0.00484704878 0.0178697109 0.036263939
v 0.00482326699 0.0164735299 0.0364472792
v 0.00619619992 0.0178711396 0.0362307988
v 0.00616210606 0.0164755508 0.0364162885
v 0.00749725103 0.0178730991 0.0361852013
v 0.00745379878 0.0164783504 0.0363736711
v 0.00875121262 0.0178756099 0.0361275002
v 0.00486207008 0.0192925297 0.0360617004
v 0.00621771812 0.0192930605 0.0360263512
v 0.0075246091 0.0192938391 0.0359776616
v 0.00878381729 0.0192947909 0.03591609
v 0.00999641418 0.0192959309 0.035842061
v 0.00486606313 0.0207649991 0.0358363315
v 0.00622344017 0.0207641702 0.0357987806
v 0.00753176212 0.0207630899 0.0357470512
v 0.00879222061 0.0207616594 0.0356816016
v 0.0100058299 0.02076005 0.0356029794
v 0.0111737801 0.0207580905 0.0355116688
v 0.00345861888 0.0207654797 0.0358592197
v 0.00345647288 0.0192921702 0.036083281
v 0.00344866491 0.0178688094 0.0362841412
v 0.00485551311 0.0223865509 0.0355694816
v 0.00620782282 0.0223833304 0.0355300903
v 0.00751137687 0.02237886 0.0354757905
v 0.0087672472 0.0223732498 0.0354071818
v 0.0099764457 0.02236652 0.035324689
v 0.0111402199 0.0223586503 0.035228841
v 0.0122595401 0.0223497692 0.0351201817
v 0.00343620707 0.01647228 0.0364661813
v 0.0133770099 0.0200156495 0.0354249403
v 0.0133768898 0.0207534395 0.0352928005
v 0.0133355204 0.0223398805 0.0349991918
v 0.0283936802 0.0257433597 0.0280143004
v 0.0280183498 0.0258347299 0.0283080302
v 0.0281628892 0.0251973197 0.0286067091
v 0.0277737305 0.0252770092 0.0288950801
v 0.0279059391 0.0246158205 0.0291810594
v 0.0275011007 0.02468317 0.0294637606
v 0.0276194792 0.0240024906 0.0297379997
v 0.0271971803 0.0240573809 0.0300146304
v 0.0273004696 0.0233632307 0.0302774291
v 0.0268590394 0.0234058406 0.0305474401
v 0.0269457102 0.0227057301 0.0307987891
v 0.0264834706 0.0227368996 0.0310615804
v 0.0265520792 0.0220371392 0.0313015506
v 0.0260674898 0.0220580101 0.03155642
v 0.0261166003 0.0213634297 0.0317855999
v 0.0255594794 0.0220786296 0.03180819
v 0.0256082397 0.0213754699 0.0320317112
v 0.0250267908 0.0220989492 0.0320563316
v 0.0250751302 0.0213873293 0.0322743617
v 0.0244684201 0.0221189205 0.0323004089
v 0.0245162193 0.0213990193 0.0325129591
v 0.0238832198 0.0221385304 0.0325398408
v 0.0239303708 0.0214104597 0.0327470303
v 0.0232701302 0.0221577194 0.0327741504
v 0.0233165007 0.0214216709 0.0329760909
v 0.022628 0.0221764408 0.0330028497
v 0.0226734802 0.0214326307 0.0331996009
v 0.0219557807 0.0221946202 0.0332253501
v 0.0220002495 0.0214432403 0.0334171616
v 0.02125239 0.0222123191 0.0334412418
v 0.0212956592 0.0214536097 0.0336281583
v 0.0205166303 0.0222294293 0.0336499214
v 0.0205586497 0.0214635693 0.0338321887
v 0.0197474901 0.0222458802 0.0338508412
v 0.0197881404 0.02147316 0.0340286382
v 0.0189437792 0.0222616103 0.0340436585
v 0.0189830009 0.0214824006 0.0342171118
v 0.0181045495 0.0222766902 0.0342277214
v 0.0181421004 0.0214912202 0.0343969986
v 0.01722854 0.0222909991 0.0344025418
v 0.0172642991 0.0214995705 0.0345678888
v 0.0163147394 0.0223045293 0.0345675908
v 0.0163486507 0.0215074997 0.0347292982
v 0.02407532 0.02996438 0.0266771894
v 0.0230290797 0.0302280094 0.0271960404
v 0.0236832406 0.0299218204 0.0272907
v 0.0272646509 0.0292900801 0.0235481802
v 0.0263398793 0.0296643898 0.0237240698
v 0.0264560506 0.0295596104 0.0240637008
v 0.0254755002 0.0299285594 0.0242298804
v 0.0255970899 0.0298291408 0.0245792195
v 0.0245548394 0.0301906392 0.0247316901
v 0.0246807896 0.0300966501 0.0250906907
v 0.0235712491 0.03044861 0.0252255704
v 0.0237003509 0.0303598605 0.0255940501
v 0.0225179698 0.03070038 0.0257076006
v 0.0234404802 0.0305160806 0.0248562004
v 0.0244272891 0.0302649103 0.0243716203
v 0.0253522899 0.0300096199 0.02387923
v 0.0212552492 0.0309983995 0.0257865693
v 0.0223852899 0.0307612997 0.0253291707
v 0.0215595309 0.0309747402 0.0247933809
v 0.0221155193 0.03086197 0.0245711803
v 0.0203904491 0.0311936699 0.0252246801
v 0.0197758004 0.0312992893 0.0254328791
v 0.0191399995 0.0314021111 0.0256354194
v 0.01848232 0.0315018184 0.0258319303
v 0.0178019404 0.0315982588 0.0260218903
v 0.0263966303 0.0234481599 0.0308153592
v 0.0259990003 0.0227677207 0.0313217603
v 0.0254912302 0.0227982402 0.0315787718
v 0.0249589607 0.0228282809 0.0318320915
v 0.0244011208 0.0228577796 0.0320812985
v 0.0238166992 0.0228868108 0.0323257409
v 0.0232044999 0.0229151808 0.0325649902
v 0.02256345 0.0229428392 0.0327983983
v 0.0218924806 0.0229697805 0.0330256186
v 0.0211904608 0.0229958799 0.0332459807
v 0.02045637 0.0230211597 0.0334590003
v 0.0196890198 0.0230454803 0.0336641595
v 0.0188874006 0.0230688397 0.0338609815
v 0.0180503093 0.02309113 0.0340489112
v 0.0171767399 0.0231122896 0.0342273712
v 0.0162655693 0.0231322609 0.0343958698
v 0.0153620802 0.0223172307 0.0347223803
v 0.01539391 0.0215148907 0.0348806307
v 0.0259121601 0.0234900098 0.0310805403
v 0.0254045092 0.0235313699 0.0313425586
v 0.0248726606 0.0235721394 0.0316008292
v 0.0243154094 0.0236122608 0.0318548009
v 0.0237317607 0.0236515906 0.0321040116
v 0.0231206398 0.0236901008 0.0323478505
v 0.0224808399 0.0237276498 0.0325858518
v 0.0218113605 0.0237642508 0.0328174196
v 0.0211111307 0.02379971 0.0330420695
v 0.0203789994 0.0238339901 0.0332592689
v 0.0196139198 0.0238670092 0.0334684215
v 0.0188147407 0.0238986593 0.0336690508
v 0.0179804508 0.0239288807 0.0338605605
v 0.0171099305 0.0239576101 0.0340425298
v 0.0162020903 0.0239847302 0.0342143103
v 0.0152558004 0.0240101796 0.0343754217
v 0.0143693602 0.0223289691 0.0348664485
v 0.0143990498 0.0215217993 0.0350214206
v 0.02762728 0.0259260498 0.02860176
v 0.0273675304 0.0253565293 0.0291828495
v 0.02707785 0.0247502904 0.0297453403
v 0.02675521 0.0241119191 0.0302895904
v 0.0262924992 0.0241660401 0.0305624008
v 0.0258079097 0.0242195707 0.0308324602
v 0.0253004394 0.0242724996 0.0310993101
v 0.0247689392 0.0243246499 0.031362351
v 0.0242124107 0.0243759695 0.0316209719
v 0.0236296598 0.0244263392 0.0318747684
v 0.0230196696 0.0244755708 0.032123141
v 0.0223814193 0.0245236699 0.0323655009
v 0.0217136703 0.0245703999 0.0326013491
v 0.0210154597 0.0246158205 0.0328301117
v 0.02028572 0.0246596299 0.0330512486
v 0.0195232593 0.0247018896 0.0332642682
v 0.0187270604 0.0247424208 0.0334686004
v 0.0178961102 0.0247811005 0.0336636305
v 0.0170291606 0.0248178802 0.0338489413
v 0.0161253195 0.0248525701 0.034023881
v 0.0151833799 0.0248851106 0.0341879688
v 0.0142700598 0.0240338407 0.0345253311
v 0.00483101606 0.0241493508 0.0352569818
v 0.00617206004 0.0241428595 0.0352159701
v 0.00746482611 0.0241339803 0.0351595208
v 0.00871050265 0.0241227094 0.0350880586
v 0.00991016626 0.0241091195 0.0350022316
v 0.01106482 0.0240933802 0.0349024497
v 0.0121756103 0.0240755603 0.0347893797
v 0.0132436696 0.0240556505 0.034663491
v 0.00344067789 0.0241532903 0.0352820083
v 0.003453254 0.0223885104 0.0355934985
v 0.0047947159 0.0259806495 0.0349074602
v 0.0061190119 0.0259705093 0.0348649584
v 0.00739592314 0.0259565692 0.0348064303
v 0.00862658024 0.0259389207 0.0347323418
v 0.00981205702 0.0259176996 0.0346433483
v 0.0109534804 0.0258930903 0.0345399305
v 0.0120518198 0.0258651301 0.0344227515
v 0.0131081901 0.0258340202 0.0342922211
v 0.0141237304 0.0257998705 0.0341489911
v 0.0279410407 0.0261476003 0.02814674
v 0.0271402504 0.0263414308 0.0287382007
v 0.0272195302 0.0260172393 0.0288948994
v 0.0267940108 0.0261080805 0.0291869007
v 0.0269432608 0.0254357401 0.0294694901
v 0.02649986 0.0255144797 0.0297544505
v 0.0266352203 0.0248169806 0.03002524
v 0.0260363203 0.0255926196 0.0300371591
v 0.0261720996 0.0248832107 0.0303029399
v 0.0255514309 0.0256699901 0.0303170606
v 0.0256874505 0.0249487106 0.0305778906
v 0.0250442605 0.0257463995 0.0305935703
v 0.0251800995 0.0250134394 0.0308495108
v 0.0245137196 0.0258217398 0.0308661405
v 0.0246490799 0.0250772797 0.0311172605
v 0.0239587408 0.0258958302 0.0311342403
v 0.0240932703 0.0251400396 0.0313805304
v 0.0233781897 0.0259684902 0.0313972197
v 0.0235115793 0.0252016094 0.0316388607
v 0.0227711201 0.0260396507 0.0316545889
v 0.02290296 0.0252618697 0.0318916999
v 0.0221363902 0.0261090305 0.0319057703
v 0.0222663209 0.0253206398 0.0321383998
v 0.0214729309 0.0261766296 0.0321501382
v 0.0216006003 0.0253778603 0.032378491
v 0.0207797196 0.0262421295 0.0323872492
v 0.0209047701 0.0254334193 0.0326113701
v 0.0200557094 0.0263054296 0.032616429
v 0.0201777201 0.0254870597 0.0328364894
v 0.0192997996 0.0263664704 0.0328371488
v 0.0194183495 0.0255387407 0.0330533311
v 0.0185108706 0.0264250003 0.0330488607
v 0.0186256096 0.0255883299 0.0332612917
v 0.0176879708 0.0264808498 0.0332510397
v 0.01779842 0.0256356504 0.0334598385
v 0.0168300197 0.0265338998 0.03344303
v 0.0169357006 0.0256805997 0.0336484909
v 0.0159358904 0.0265840199 0.033624351
v 0.0160363894 0.0257230401 0.0338265188
v 0.0150045697 0.0266309902 0.0337943994
v 0.0150994603 0.0257628504 0.0339936018
v 0.0140349204 0.02667474 0.0339525901
v 0.0130259898 0.0267150402 0.0340984389
v 0.01197665 0.0267517492 0.0342313014
v 0.01088583 0.0267847702 0.0343506299
v 0.00975251105 0.0268138591 0.0344558917
v 0.00857561827 0.0268388893 0.0345464908
v 0.00735402107 0.0268597007 0.0346218906
v 0.00608676579 0.0268762093 0.0346814916
v 0.00477266312 0.0268881302 0.0347247683
v 0.00339114596 0.0282146297 0.0344549417
v 0.0286021195 0.0262503605 0.0273744408
v 0.0277770702 0.0267563406 0.0277750399
v 0.02786058 0.0264552198 0.0279690009
v 0.0269716904 0.0269719902 0.0283711497
v 0.0270576403 0.0266601406 0.0285635497
v 0.0266305804 0.0267621204 0.0288593695
v 0.0267140195 0.0264378693 0.0290325191
v 0.0262691304 0.0265337192 0.0293250605
v 0.02634966 0.0261983797 0.0294771697
v 0.0258045103 0.02662885 0.0296152793
v 0.0258854609 0.0262879096 0.0297651794
v 0.0253191497 0.0267229602 0.0299026892
v 0.0254003406 0.0263765994 0.0300503299
v 0.0248121005 0.0268160105 0.0301865302
v 0.0248932205 0.0264642201 0.0303319599
v 0.02428215 0.0269076806 0.0304663703
v 0.0243631005 0.0265505891 0.0306096599
v 0.0237283092 0.0269978605 0.0307415705
v 0.0238089506 0.0266355202 0.0308827106
v 0.0231496003 0.0270863697 0.0310115796
v 0.0232296493 0.0267188493 0.0311506297
v 0.0225449204 0.0271729194 0.0312758014
v 0.0226241294 0.0268003903 0.0314127803
v 0.02191329 0.0272574406 0.0315336511
v 0.0219914299 0.0268799607 0.0316686593
v 0.0212535206 0.0273396298 0.0317845903
v 0.0213304106 0.0269573908 0.0319176316
v 0.0205647293 0.0274193808 0.0320280083
v 0.0206400696 0.0270324908 0.0321591385
v 0.01984578 0.0274965093 0.0322632715
v 0.0199193899 0.0271050893 0.032392621
v 0.0190955903 0.0275707804 0.0324899517
v 0.0191672407 0.0271750595 0.0326174386
v 0.0183132198 0.0276420098 0.0327072702
v 0.0183825996 0.0272421204 0.0328331515
v 0.0174975898 0.0277100205 0.0329148099
v 0.0175644699 0.0273061898 0.0330390893
v 0.0166476294 0.0277745705 0.0331119783
v 0.01671171 0.0273669902 0.0332346484
v 0.0157623198 0.0278356001 0.0332981311
v 0.0158233009 0.0274244491 0.0334193707
v 0.0148406001 0.0278927591 0.0334726498
v 0.0148982396 0.0274783298 0.0335925817
v 0.0138814403 0.0279459897 0.0336351283
v 0.0139353797 0.0275284592 0.033753749
v 0.0128837796 0.0279950406 0.0337847993
v 0.0129337898 0.0275746491 0.03390228
v 0.0118465396 0.0280397497 0.0339212418
v 0.0118923103 0.02761673 0.0340376385
v 0.0107687702 0.0280799195 0.0340437219
v 0.0108099496 0.0276545808 0.0341591798
v 0.00964933634 0.0281153303 0.0341517888
v 0.00968563464 0.0276878998 0.0342664085
v 0.00848722365 0.0281457901 0.0342448317
v 0.0085183382 0.0277166292 0.0343587287
v 0.00728136301 0.0281711798 0.0343221985
v 0.00730699301 0.0277404692 0.0344355106
v 0.00603079703 0.0281911995 0.0343834087
v 0.0060505271 0.0277593695 0.0344962403
v 0.004734396 0.0282057505 0.0344278812
v 0.00474786712 0.0277730804 0.0345403515
v 0.0033980601 0.0277814809 0.0345672294
v 0.00337606599 0.0290566608 0.0341325402
v 0.0268825199 0.0272755008 0.0281612203
v 0.0264534298 0.0273879692 0.02845788
v 0.0265436694 0.0270793401 0.0286677405
v 0.0260973498 0.0271860305 0.0289626103
v 0.0261849705 0.0268634502 0.0291534606
v 0.0256317798 0.0272918306 0.0292550903
v 0.0257199407 0.0269639995 0.0294451695
v 0.0251458194 0.02739661 0.0295447093
v 0.0252343398 0.0270635393 0.0297340099
v 0.0246384703 0.0275001507 0.0298308097
v 0.0247271601 0.0271619502 0.0300194006
v 0.0241087601 0.0276021902 0.0301127993
v 0.02419734 0.0272588693 0.0303006694
v 0.0235556308 0.0277025606 0.0303901993
v 0.0236439109 0.0273542404 0.0305773001
v 0.0229780003 0.0278010294 0.0306622908
v 0.0230657402 0.0274477601 0.0308486801
v 0.0223749205 0.0278973505 0.0309285503
v 0.0224618893 0.0275393091 0.0311142802
v 0.0217453204 0.0279914103 0.0311884191
v 0.0218312703 0.0276286006 0.0313735008
v 0.0210881792 0.0280828997 0.0314413309
v 0.0211728197 0.02771556 0.0316256806
v 0.0204024892 0.0281716492 0.0316866003
v 0.0204855204 0.0277999006 0.0318703614
v 0.0196871702 0.0282574799 0.0319237709
v 0.0197683498 0.0278813802 0.0321068689
v 0.0189412199 0.0283400994 0.0321521685
v 0.0190203097 0.0279598795 0.0323346816
v 0.0181636196 0.0284193698 0.0323712192
v 0.0182402693 0.0280352198 0.0325531885
v 0.0173532907 0.0284950696 0.0325803682
v 0.0174272601 0.0281070992 0.0327617489
v 0.0165092908 0.0285669491 0.0327790305
v 0.0165802203 0.0281754099 0.0329599306
v 0.0156304799 0.0286347792 0.0329666696
v 0.0156981293 0.0282399002 0.0331470296
v 0.0147159602 0.0286984406 0.0331425592
v 0.0147798602 0.0283004008 0.0333225094
v 0.0137646096 0.0287576895 0.0333063006
v 0.0138245197 0.0283566695 0.0334857702
v 0.0127754202 0.0288122799 0.0334571488
v 0.0128309699 0.0284085199 0.0336362682
v 0.0117472997 0.0288620498 0.0335946009
v 0.0117982598 0.0284557901 0.0337733589
v 0.0106793595 0.0289066993 0.0337181017
v 0.0107252495 0.0284982305 0.0338964984
v 0.00957047939 0.0289460998 0.0338269994
v 0.00961095002 0.0285356604 0.0340051018
v 0.00841963198 0.0289800093 0.0339207612
v 0.00845432188 0.0285678506 0.0340986215
v 0.00722575095 0.02900826 0.0339987203
v 0.00725436211 0.0285946708 0.0341764018
v 0.00598794222 0.0290305596 0.0340604112
v 0.00600993587 0.0286158901 0.0342379808
v 0.00470501091 0.0290467702 0.0341052413
v 0.00472009089 0.0286312606 0.034282621
v 0.00338381506 0.02864068 0.0343098603
v 0.0033591981 0.0298470203 0.033683531
v 0.0267901998 0.0275691692 0.0279340707
v 0.0259117391 0.0278030001 0.0285242703
v 0.0260062795 0.0274997298 0.0287527405
v 0.0254447404 0.0279186908 0.0288161598
v 0.0255399905 0.0276105907 0.0290453397
v 0.0249577705 0.0280331299 0.0291051809
v 0.0250536203 0.0277203899 0.0293349605
v 0.0244499408 0.0281462595 0.0293906908
v 0.0245460793 0.0278288703 0.0296211205
v 0.0239201691 0.0282577798 0.0296721403
v 0.0240163803 0.0279357992 0.0299031697
v 0.0233674608 0.0283674505 0.0299489405
v 0.0234634802 0.0280409399 0.0301805697
v 0.0227907803 0.0284750406 0.0302204993
v 0.0228863899 0.0281441193 0.0304527208
v 0.0221891906 0.0285803005 0.0304862205
v 0.0222840309 0.0282450896 0.0307190996
v 0.0215616208 0.0286830608 0.0307455603
v 0.0216554906 0.0283435509 0.0309789702
v 0.0209070407 0.0287830196 0.0309979301
v 0.0209996104 0.0284394603 0.0312318802
v 0.0202245098 0.0288800001 0.0312426593
v 0.0203155205 0.0285324398 0.0314772688
v 0.0195129495 0.0289737508 0.0314793512
v 0.0196020603 0.0286223199 0.0317144282
v 0.0187714007 0.0290640499 0.0317072794
v 0.0188582502 0.0287089292 0.0319428407
v 0.0179988109 0.0291506592 0.0319259092
v 0.0180831496 0.0287920199 0.0321619511
v 0.0171942096 0.0292333309 0.0321345888
v 0.0172756296 0.0288712904 0.0323711596
v 0.01635658 0.0293118898 0.0323328897
v 0.0164347794 0.0289466307 0.0325698815
v 0.0154848602 0.0293860994 0.0325200483
v 0.0155594302 0.0290177409 0.0327574611
v 0.0145781003 0.0294556599 0.0326956511
v 0.0146487299 0.0290844403 0.0329334699
v 0.0136352098 0.0295203291 0.0328590199
v 0.0137014901 0.0291464906 0.0330971405
v 0.0126552498 0.0295799896 0.0330095813
v 0.0127168205 0.0292037092 0.0332480595
v 0.0116372099 0.0296343509 0.0331467316
v 0.0116936499 0.0292557999 0.0333855711
v 0.0105800601 0.0296831708 0.0332699418
v 0.0106310202 0.0293025896 0.0335090086
v 0.00948280003 0.0297261998 0.0333786607
v 0.00952774193 0.0293438993 0.0336179696
v 0.00834441092 0.0297632795 0.0334721804
v 0.00838297606 0.02937942 0.0337117314
v 0.00716382219 0.0297941491 0.0335500203
v 0.00719565107 0.0294089895 0.0337897502
v 0.00594013883 0.0298185293 0.0336115882
v 0.00596463587 0.0294324104 0.033851441
v 0.00467222882 0.02983623 0.0336562917
v 0.00468909694 0.0294493996 0.03389626
v 0.00336784101 0.0294597093 0.0339235589
v 0.00334054208 0.0305640101 0.0331165083
v 0.00335007906 0.0302159097 0.0334138796
v 0.00332027604 0.0311880708 0.0324461982
v 0.00333058811 0.0308888499 0.0327933393
v 0.00461667683 0.0308769308 0.0327665806
v 0.00459659006 0.03117585 0.0324198008
v 0.00585913612 0.0308574401 0.0327227712
v 0.00582986977 0.0311559401 0.0323764607
v 0.00705897808 0.0308305603 0.0326624513
v 0.00702112913 0.0311283991 0.0323167406
v 0.00821721461 0.03079658 0.0325860903
v 0.00817131903 0.0310936496 0.0322412215
v 0.00933474302 0.0307556894 0.0324944183
v 0.00928133726 0.0310518704 0.0321504399
v 0.0104125701 0.0307082497 0.0323878489
v 0.0103521897 0.0310032908 0.0320450589
v 0.0114517203 0.0306544304 0.0322670303
v 0.0113848997 0.0309482794 0.0319254883
v 0.0124530699 0.0305945203 0.0321325585
v 0.0123803597 0.0308870003 0.0317924581
v 0.0134177199 0.0305287801 0.0319849811
v 0.0133395102 0.0308197699 0.0316463709
v 0.0143465903 0.0304574892 0.0318248197
v 0.0142633896 0.0307467505 0.0314879417
v 0.0152406003 0.0303808395 0.0316526815
v 0.0151529303 0.0306683704 0.0313175917
v 0.0161008202 0.03029906 0.0314691588
v 0.0160090905 0.0305847507 0.0311360303
v 0.0169281904 0.0302125197 0.0312747918
v 0.0168328192 0.0304961801 0.0309436899
v 0.0177236702 0.0301213805 0.0310701709
v 0.0176250897 0.0304029491 0.0307412092
v 0.0184882805 0.0300258901 0.0308558904
v 0.0183869004 0.0303053204 0.0305291396
v 0.0192229096 0.0299263503 0.0306324307
v 0.0191191994 0.0302035194 0.0303080603
v 0.0199286304 0.0298230592 0.0304003898
v 0.0198229495 0.0300977807 0.0300785303
v 0.0206063893 0.0297161303 0.0301604196
v 0.0204990506 0.0299884602 0.0298410598
v 0.0212571602 0.0296059791 0.0299130604
v 0.0211485606 0.0298757497 0.0295962598
v 0.0218818709 0.0294927303 0.0296587907
v 0.0217724405 0.0297598802 0.0293446705
v 0.0224816203 0.02937668 0.0293982606
v 0.0223715901 0.0296412092 0.0290868804
v 0.0230572801 0.0292581301 0.0291320607
v 0.0229470097 0.02951991 0.0288234893
v 0.0236098096 0.02913725 0.0288607404
v 0.0234996602 0.02939629 0.0285549704
v 0.0241402909 0.0290143397 0.0285848305
v 0.0240304396 0.02927058 0.0282819793
v 0.0246496201 0.0288897101 0.0283049308
v 0.0245404802 0.0291430298 0.0280050598
v 0.0251387898 0.0287635308 0.0280215703
v 0.0255017802 0.0288835708 0.0274414998
v 0.00329846097 0.0317016207 0.0316894017
v 0.00330954697 0.0314594507 0.0320773683
v 0.0231509209 0.0300524198 0.0275525395
v 0.0224756002 0.0303566996 0.0274493601
v 0.0225977302 0.03018081 0.0278100893
v 0.0219007693 0.030483 0.0276979208
v 0.02202278 0.0303068105 0.0280628204
v 0.0213035308 0.0306065604 0.0279411599
v 0.0214251205 0.0304300692 0.0283100605
v 0.0206831004 0.0307271406 0.0281785093
v 0.0208038595 0.0305503607 0.0285513904
v 0.0200385395 0.0308445003 0.0284094792
v 0.0201580506 0.0306674205 0.0287861805
v 0.0193689391 0.0309583507 0.0286334697
v 0.0194868408 0.0307810307 0.0290139895
v 0.0186733603 0.0310683809 0.0288500693
v 0.0187891703 0.0308908205 0.0292341709
v 0.0179508906 0.0311743598 0.0290586893
v 0.0180642009 0.0309965592 0.0294462405
v 0.0172006991 0.0312760398 0.0292587802
v 0.0173110291 0.0310979392 0.0296496693
v 0.0164218508 0.0313730799 0.0294498205
v 0.01652872 0.0311948005 0.0298439208
v 0.0156133696 0.0314652883 0.0296312496
v 0.0157163106 0.0312867686 0.0300283991
v 0.0147745004 0.031552311 0.0298026204
v 0.0148729598 0.03137362 0.0302025601
v 0.0139041496 0.0316339694 0.0299633108
v 0.0139976703 0.0314550288 0.0303659402
v 0.0130015602 0.0317098983 0.0301127993
v 0.0130895898 0.0315308496 0.0305179302
v 0.0120657599 0.0317799412 0.0302505996
v 0.01214772 0.03160071 0.0306580607
v 0.01109582 0.0318437181 0.0303761307
v 0.0111711603 0.0316643082 0.0307856705
v 0.0100908801 0.0319010615 0.0304889604
v 0.0101590101 0.031721469 0.0309003498
v 0.00905007124 0.0319515988 0.0305883791
v 0.0091103306 0.0317718908 0.0310014393
v 0.00797235873 0.0319950506 0.0306740403
v 0.0080242753 0.0318152905 0.0310885292
v 0.00685697701 0.0320312902 0.0307452604
v 0.00689983321 0.0318514109 0.0311609507
v 0.00570297195 0.0320599005 0.0308016501
v 0.00573605206 0.0318799615 0.0312182307
v 0.00450938893 0.0320806988 0.0308425408
v 0.00453215791 0.0319007002 0.031259831
v 0.0032753339 0.0320933387 0.0308674499
v 0.00328707602 0.0319133401 0.0312851593
v 0.00325101591 0.032354109 0.0300027691
v 0.003263294 0.0322404504 0.0304390099
v 0.00322574307 0.0324817188 0.0291181803
v 0.00323843909 0.0324344598 0.0295615103
v 0.00443780422 0.0324221216 0.0295379106
v 0.00441306783 0.0324696302 0.0290949903
v 0.0055988431 0.0324019082 0.0294991694
v 0.00556284096 0.0324497782 0.0290569607
v 0.00672239019 0.0323740207 0.0294458196
v 0.00667589903 0.0324224196 0.0290046297
v 0.00780940009 0.032338731 0.0293783508
v 0.00775307417 0.0323878489 0.0289384704
v 0.00886064675 0.0322962888 0.0292972904
v 0.00879520085 0.0323463008 0.0288589001
v 0.00987702608 0.032247059 0.0292031094
v 0.00980317499 0.032298021 0.0287665091
v 0.0108593702 0.0321912095 0.0290963594
v 0.01077771 0.0322433114 0.0286617801
v 0.0118085695 0.0321291015 0.02897745
v 0.0117197596 0.0321823917 0.0285451394
v 0.0127254101 0.0320608616 0.0288469698
v 0.0126301004 0.0321155712 0.0284171104
v 0.0136108296 0.0319868289 0.0287054107
v 0.0135096302 0.0320430286 0.0282782298
v 0.0144656803 0.0319072604 0.0285532996
v 0.01435911 0.0319650695 0.0281289797
v 0.0152907902 0.0318224393 0.0283910595
v 0.0151794497 0.031881921 0.0279697701
v 0.01608699 0.0317326114 0.0282192808
v 0.0159714203 0.0317938887 0.0278012101
v 0.0168551803 0.0316380188 0.0280383807
v 0.0167359691 0.0317011997 0.0276237708
v 0.0175961796 0.0315389596 0.0278489497
v 0.0174738094 0.0316041112 0.0274379198
v 0.0183108393 0.031435661 0.0276514199
v 0.0181858502 0.0315028988 0.0272440892
v 0.0190001093 0.0313284285 0.0274463203
v 0.0188729092 0.0313978083 0.0270429198
v 0.0196647607 0.0312175099 0.0272342507
v 0.0195358898 0.0312891006 0.0268347804
v 0.0203056298 0.03110319 0.0270155594
v 0.0201755092 0.0311770402 0.0266201999
v 0.0209236108 0.0309856497 0.0267907903
v 0.0207927208 0.0310618803 0.0263997298
v 0.0215195995 0.0308652502 0.0265605394
v 0.0213882904 0.0309438705 0.02617383
v 0.0220944192 0.0307421591 0.0263252202
v 0.0226488691 0.0306167603 0.0260853693
v 0.0032128091 0.0324959718 0.0286755506
v 0.0206601005 0.0311133191 0.0260083005
v 0.0200437307 0.0312254392 0.0262246095
v 0.0194053594 0.0313345715 0.0264351293
v 0.0187441092 0.0314404294 0.0266393404
v 0.01805925 0.0315427706 0.0268367492
v 0.0173498895 0.0316413604 0.0270268898
v 0.0166152101 0.0317358896 0.0272092801
v 0.0158544108 0.031826131 0.0273833796
v 0.0150666796 0.0319118984 0.0275487807
v 0.0142511697 0.031992849 0.0277049504
v 0.0134071102 0.0320687816 0.0278514009
v 0.0125336004 0.0321394205 0.0279877093
v 0.0116298096 0.0322045013 0.0281133
v 0.0106950402 0.0322638713 0.0282277409
v 0.0097283721 0.0323171616 0.0283304993
v 0.00872898102 0.03236413 0.0284211598
v 0.00769609213 0.0324046016 0.0284992401
v 0.00662881089 0.0324382707 0.0285641495
v 0.00552642299 0.0324648581 0.0286155306
v 0.00438803388 0.0324842297 0.0286528394
v 0.00758033898 0.0324101411 0.0276216809
v 0.00859451201 0.0323719904 0.0275465809
v 0.00957649946 0.0323277116 0.0274593197
v 0.0105271302 0.0322775207 0.02736043
v 0.0114472499 0.0322216712 0.0272502806
v 0.0123375598 0.0321602784 0.0271294098
v 0.0131988497 0.0320937596 0.0269982796
v 0.0140319401 0.0320222303 0.0268573705
v 0.0148376804 0.0319459401 0.0267070495
v 0.0156167103 0.0318651684 0.0265478995
v 0.0163699295 0.0317801796 0.0263803601
v 0.0170980599 0.0316910706 0.0262048803
v 0.0369447991 0.0314667784 0.00815153122
v 0.0369629189 0.0311569497 0.00927150156
v 0.0369279906 0.0317380391 0.00701457215
v 0.036912851 0.0319699012 0.00586056709
v 0.0368997417 0.0321615897 0.00468915701
v 0.0368724391 0.0309337303 -0.00998771098
v 0.0368728004 0.0311373398 -0.00933128502
v 0.0368731618 0.0313265882 -0.00867199805
v 0.0368719585 0.0307159405 -0.0106406799
v 0.0368714891 0.0304841902 -0.0112892902
v 0.0368734486 0.0315013491 -0.00801074505
v 0.0368701182 0.0299804807 -0.0125707304
v 0.0368708894 0.0302389208 -0.0119329002
v 0.03686928 0.0297091007 -0.0132020097
v 0.0368683301 0.0294250809 -0.0138260098
v 0.03686589 0.0288208704 -0.01504933
v 0.0368671417 0.0291288998 -0.0144419596
v 0.0368643887 0.0285016205 -0.0156475902
v 0.0368627906 0.0281715896 -0.0162362996
v 0.0368609987 0.0278314892 -0.0168149397
v 0.0368570611 0.0271228496 -0.0179402791
v 0.0368525907 0.0263807103 -0.0190190598
v 0.037531551 0.000710746972 0.0325065218
v 0.0375327989 0 0.0325194001
v 0.0375041291 0.00434261514 0.0322236381
v 0.0374948904 0.00507920887 0.0321159884
v 0.0370629989 0.000710911991 0.0325483605
v 0.0370650813 0 0.0325590894
v 0.0371686183 0 0.0325446092
v 0.0374847017 0.00581741286 0.0319905803
v 0.0374736115 0.00655627204 0.0318473503
v 0.0374492407 0.00803178456 0.0315079615
v 0.0374617502 0.00729471399 0.0316864811
v 0.0374228917 0.00949770212 0.0310984198
v 0.037436299 0.00876647234 0.0313119218
v 0.0374092385 0.0102244597 0.0308676306
v 0.0373954698 0.0109457904 0.0306196194
v 0.0373816416 0.0116606904 0.0303546693
v 0.0365317985 0 0.0326339006
v 0.0365901515 0.000711178989 0.0326159
v 0.036592599 0 0.0326253697
v 0.0373678803 0.0123683801 0.0300734006
v 0.0373411104 0.0137584796 0.0294640604
v 0.0373543501 0.0130679002 0.0297763906
v 0.0373045802 0.0157678705 0.0284414198
v 0.0373161398 0.0151093602 0.0287960693
v 0.0373283587 0.0144392801 0.0291371308
v 0.0372937918 0.0164142195 0.0280738398
v 0.0372839496 0.0170478802 0.0276941005
v 0.037634369 0.0170490704 0.0276752096
v 0.0376256704 0.0182764493 0.02688062
v 0.0376223885 0.0188694503 0.02646791
v 0.0376181602 0.0200121403 0.0256153904
v 0.0376166701 0.0205394607 0.0251948796
v 0.0366613194 0.0157622602 0.0285101496
v 0.0366818309 0.0151035096 0.0288624708
v 0.0367034599 0.0144333802 0.0292012598
v 0.0367261097 0.01375263 0.0295260493
v 0.0367495418 0.0130621698 0.0298362896
v 0.0367734991 0.0123628303 0.03013134
v 0.0367978215 0.0116555002 0.0304107592
v 0.0368223116 0.0109409597 0.0306739192
v 0.0368466899 0.0102200499 0.0309202597
v 0.0368708298 0.00949370768 0.0311494991
v 0.0368945487 0.00876295473 0.0313615687
v 0.0369175002 0.00802880526 0.0315563008
v 0.0369395614 0.00729227019 0.0317336917
v 0.0369605385 0.00655430509 0.0318934917
v 0.0369801484 0.00581592321 0.0320357606
v 0.0369982086 0.00507819606 0.0321603417
v 0.036062181 0.0157531407 0.0286210105
v 0.0360891782 0.0150940996 0.0289695207
v 0.0361177288 0.0144238397 0.0293047391
v 0.0361475311 0.0137431603 0.02962601
v 0.0361783504 0.0130529404 0.0299329106
v 0.0362098217 0.0123539502 0.0302248001
v 0.0362418182 0.0116470996 0.0305011794
v 0.0362740085 0.0109331002 0.0307614803
v 0.0363060795 0.0102128899 0.0310051404
v 0.0363377891 0.00948732998 0.0312319305
v 0.036368899 0.0087573519 0.0314416811
v 0.0363991186 0.00802403595 0.0316343904
v 0.0364280902 0.00728827715 0.0318097994
v 0.0364556313 0.00655114604 0.0319679305
v 0.0364813805 0.00581353903 0.0321086608
v 0.0372751318 0.0176684204 0.0273027997
v 0.0369353183 0.0176666901 0.0273348596
v 0.0366091095 0.01766425 0.0273789708
v 0.0362954699 0.0176611505 0.0274347607
v 0.0359933302 0.0176574495 0.0275018197
v 0.0372612998 0.0188688003 0.0264887791
v 0.0372675583 0.0182755496 0.0269007608
v 0.0369157083 0.0188677907 0.0265229903
v 0.0369246006 0.0182741191 0.0269338991
v 0.036584489 0.0188663602 0.0265701395
v 0.0365956388 0.0182721596 0.02697956
v 0.0362664983 0.0188645702 0.0266297404
v 0.0362796113 0.0182696506 0.0270372592
v 0.0359607898 0.0188624207 0.0267014503
v 0.0359755084 0.0182666108 0.0271065794
v 0.0372565314 0.0194477998 0.0260674898
v 0.0369089209 0.0194472596 0.0261028409
v 0.0365759097 0.0194464903 0.0261515304
v 0.0362564288 0.0194455292 0.0262131002
v 0.0359494016 0.0194444004 0.0262870695
v 0.0356537104 0.0194430295 0.0263730809
v 0.0353682004 0.0194415394 0.0264705401
v 0.0356661007 0.0188599192 0.0267846491
v 0.0353814885 0.01885706 0.0268790107
v 0.035682261 0.0182631593 0.0271870997
v 0.0353987217 0.0182591602 0.0272784196
v 0.0357016884 0.0176531598 0.0275797192
v 0.0354194604 0.0176482704 0.02766799
v 0.0357241593 0.0170302894 0.0279617291
v 0.0354433618 0.0170246903 0.0280470792
v 0.0354701206 0.0163887702 0.0284150206
v 0.035499271 0.0157408696 0.0287710391
v 0.0355305001 0.0150813404 0.0291144196
v 0.0355635211 0.0144109102 0.0294446908
v 0.03559798 0.0137303397 0.0297613107
v 0.0356335603 0.0130404197 0.0300636198
v 0.0356699787 0.01234191 0.0303512197
v 0.0357069299 0.0116357198 0.03062349
v 0.035744071 0.0109225502 0.0308799092
v 0.0357810818 0.0102032404 0.03112006
v 0.0358177386 0.00947868824 0.0313434601
v 0.0358536206 0.00874978304 0.0315500982
v 0.0358884297 0.00801753905 0.0317399502
v 0.0359219313 0.0072829118 0.0319127999
v 0.0359536409 0.00654685404 0.0320686102
v 0.0356145985 0.00071198598 0.0328205787
v 0.0356182382 0 0.0328315385
v 0.0349748097 0 0.0329977795
v 0.0351034403 0.000712512992 0.0329540893
v 0.0351067707 0 0.0329636894
v 0.0370583497 0.00142788806 0.03252488
v 0.0370510183 0.00215029693 0.0324853584
v 0.0365744196 0.00215047505 0.0325535499
v 0.0365614817 0.00287717511 0.0324982405
v 0.0360757113 0.00287711597 0.0325912796
v 0.0360571705 0.00360691501 0.0325204693
v 0.0355597101 0.00360608101 0.0326371118
v 0.0355365202 0.00433784723 0.0325513408
v 0.0350251682 0.00433576107 0.0326906405
v 0.0349987708 0.00506812287 0.0325904414
v 0.0339236185 0.00506019499 0.0329298303
v 0.0348030888 0.0205541793 0.0258878395
v 0.0350823887 0.0200123098 0.0261656605
v 0.0350723788 0.0205515008 0.0257613007
v 0.0353592001 0.0200122502 0.0260536596
v 0.0353499018 0.0205490496 0.0256460309
v 0.0356452987 0.0200122502 0.0259530507
v 0.0356368385 0.0205468498 0.0255424902
v 0.03594172 0.0200121906 0.0258642994
v 0.0359341986 0.0205448791 0.02545112
v 0.0362496898 0.0200121906 0.0257879402
v 0.0362432003 0.0205432698 0.0253724996
v 0.0365701914 0.0200121403 0.0257244091
v 0.0365648195 0.0205418393 0.02530705
v 0.0369043909 0.0200121403 0.0256740991
v 0.0369002186 0.0205407701 0.0252553206
v 0.0372533202 0.0200121403 0.0256376192
v 0.0372504517 0.0205399897 0.0252177697
v 0.03485661 0.0182499196 0.0274916794
v 0.0348789617 0.0176368896 0.0278742295
v 0.0349046513 0.0170116406 0.0282464605
v 0.0349332616 0.0163743999 0.0286076609
v 0.0349645615 0.0157256108 0.0289571192
v 0.0349979885 0.0150655499 0.0292942505
v 0.0350332782 0.0143949296 0.0296183806
v 0.0350700617 0.0137144299 0.0299290996
v 0.0351080783 0.0130248601 0.0302258097
v 0.0351469517 0.0123270098 0.0305080395
v 0.0351863503 0.0116215898 0.0307752397
v 0.03522598 0.0109094298 0.0310269501
v 0.0352655016 0.0101912599 0.0312625691
v 0.0353045389 0.00946789887 0.0314818583
v 0.0353428088 0.00874036457 0.0316846296
v 0.0353799388 0.00800949335 0.0318709612
v 0.0354155786 0.00727623701 0.0320405886
v 0.0343069397 0.0194338504 0.0269662701
v 0.0343217216 0.0188426301 0.0273589995
v 0.0343406685 0.0182390809 0.0277428608
v 0.0343633816 0.0176234804 0.0281171706
v 0.0343894288 0.0169961993 0.0284812395
v 0.0344184004 0.0163574796 0.0288345795
v 0.0344499908 0.0157076102 0.0291763507
v 0.0344837308 0.0150469504 0.0295060202
v 0.034519311 0.0143761002 0.0298229996
v 0.034556441 0.0136957103 0.0301268101
v 0.0345947109 0.0130065596 0.0304169003
v 0.0346338116 0.0123094302 0.0306928102
v 0.0346735083 0.0116049601 0.0309540592
v 0.0347133204 0.01089394 0.0312001109
v 0.0347530209 0.0101771299 0.0314304791
v 0.0347923003 0.00945526268 0.0316448212
v 0.0348307416 0.00872927904 0.0318431184
v 0.0348679982 0.00800001621 0.0320252702
v 0.0338093601 0.0194290802 0.0272712093
v 0.0338238403 0.0188336894 0.0276542306
v 0.0338422582 0.0182266794 0.0280284807
v 0.0338642485 0.0176082198 0.0283934399
v 0.0338894092 0.0169786792 0.0287483297
v 0.0339173004 0.0163382199 0.0290926006
v 0.0339476392 0.0156871602 0.0294256806
v 0.0339800715 0.0150257898 0.0297468901
v 0.0340141617 0.0143546397 0.0300556403
v 0.0340496786 0.0136744296 0.0303516295
v 0.0340862796 0.0129857603 0.0306342207
v 0.0341236517 0.0122894002 0.0309029799
v 0.0341615006 0.0115860701 0.0311573707
v 0.0341995284 0.0108763501 0.0313970409
v 0.0342374407 0.0101610404 0.0316213891
v 0.0342748687 0.00944089796 0.0318301916
v 0.0343114696 0.00871664193 0.0320233703
v 0.0333220884 0.0194238406 0.0276092198
v 0.0333357416 0.0188238602 0.0279815104
v 0.0333528481 0.0182129703 0.0283452198
v 0.0333731696 0.0175913498 0.0286996905
v 0.0333962403 0.0169592407 0.0290443804
v 0.0334218703 0.0163168907 0.0293787103
v 0.0334495902 0.0156645104 0.0297020599
v 0.0334790908 0.0150023596 0.03001385
v 0.0335101411 0.0143309198 0.0303136092
v 0.0335423909 0.0136507703 0.0306008402
v 0.0335755907 0.0129626896 0.0308750793
v 0.0336094387 0.0122672301 0.0311359093
v 0.0336437188 0.0115650799 0.0313827917
v 0.0336781703 0.0108568603 0.031615369
v 0.0337123796 0.0101432204 0.0318330489
v 0.0337462388 0.00942492392 0.032035701
v 0.0376123711 0.0214725696 0.0244048797
v 0.0376063511 0.0223150197 0.0236378293
v 0.0375784002 0.0246392991 0.0212064907
v 0.0375696383 0.0253483001 0.0203539096
v 0.0371552706 0.0253602192 0.0203806106
v 0.0371734388 0.0246496201 0.0212337896
v 0.0367559083 0.0253797099 0.02042442
v 0.0367840491 0.0246665999 0.0212786105
v 0.0363706313 0.0254065897 0.0204847995
v 0.0364092514 0.0246900301 0.0213403106
v 0.0359984003 0.0254406296 0.0205610897
v 0.0355814584 0.0261683408 0.0197620299
v 0.0359529816 0.0261249505 0.0196749493
v 0.0363359414 0.0260888301 0.0196025297
v 0.0367311798 0.0260602795 0.0195452496
v 0.0371396504 0.0260395408 0.0195036493
v 0.0352544114 0.0258787796 0.0203160606
v 0.0349092409 0.0259348098 0.0204341393
v 0.0347896814 0.0269280002 0.0190310404
v 0.0351871811 0.0265495703 0.0193996392
v 0.0351541601 0.0268721506 0.0189242903
v 0.0355274603 0.0268229209 0.0188301206
v 0.0359103605 0.0267804805 0.0187490508
v 0.0363038704 0.0267452002 0.0186815802
v 0.0367086492 0.0267172996 0.0186282303
v 0.0371257588 0.0266970899 0.0185894892
v 0.0375422202 0.0279348996 0.0166224204
v 0.0375494286 0.02732688 0.0176055394
v 0.0375342295 0.0285056196 0.0156217804
v 0.0375257097 0.0290393196 0.0146039696
v 0.0366857015 0.0273561999 0.0176633
v 0.0371115804 0.0273380205 0.0176274106
v 0.0366603099 0.0279607698 0.0166756492
v 0.0370959006 0.0279447399 0.0166425705
v 0.0366328284 0.0285282694 0.0156705901
v 0.0370787308 0.0285142008 0.0156402495
v 0.0370604917 0.0290467106 0.01462078
v 0.0375167094 0.0295362398 0.0135691697
v 0.0370413586 0.0295425598 0.0135843698
v 0.0370216295 0.0300017502 0.01253122
v 0.0370017216 0.0304240491 0.0114613101
v 0.0369820483 0.0308092199 0.0103747202
v 0.0358664915 0.0274130106 0.0177751705
v 0.036270909 0.0273813009 0.0177127104
v 0.0358185694 0.0280108992 0.0167788807
v 0.0362347886 0.0279828906 0.0167212393
v 0.0357672498 0.0285721403 0.0157652404
v 0.0361959301 0.0285476409 0.01571244
v 0.0361548588 0.0290756803 0.0146865202
v 0.03464913 0.0289203506 0.0154255005
v 0.0349323116 0.0286357403 0.0159025695
v 0.0354109406 0.0280445199 0.0168481395
v 0.0350112282 0.0280836206 0.0169286095
v 0.0354716107 0.0274510905 0.0178502705
v 0.0350854918 0.0274953805 0.0179375391
v 0.0349999592 0.0308445003 0.0104822498
v 0.036024861 0.0304414593 0.0115085803
v 0.0360686108 0.0300227404 0.0125845
v 0.0361122414 0.0295673609 0.0136438003
v 0.0372298881 0.0223190095 0.0236628596
v 0.0372419283 0.0214745402 0.0244289003
v 0.0368694589 0.0223254506 0.0237038694
v 0.0368875787 0.0214777496 0.0244683009
v 0.0365240499 0.0223343894 0.0237603709
v 0.0365481898 0.0214822199 0.0245226007
v 0.0361925289 0.0223456603 0.0238317791
v 0.0362226889 0.0214878302 0.0245912001
v 0.0358737707 0.0223591905 0.0239176694
v 0.0359099507 0.0214945599 0.0246737003
v 0.0355667397 0.0223749802 0.0240173899
v 0.0356088802 0.0215024296 0.0247695409
v 0.0352703892 0.0223928001 0.0241304599
v 0.0353184305 0.0215113107 0.0248782001
v 0.0349835083 0.0224127099 0.0242563393
v 0.0350373909 0.0215212107 0.0249991398
v 0.0347050987 0.0224344693 0.0243945103
v 0.0347647592 0.0215321109 0.0251319408
v 0.0344340205 0.0224581901 0.0245444104
v 0.0340713188 0.0233735405 0.0239691101
v 0.0343441889 0.0233337209 0.0238020997
v 0.0346233211 0.0232967101 0.0236466508
v 0.0349099003 0.0232625604 0.0235034209
v 0.0352049991 0.0232314393 0.0233729407
v 0.0355096385 0.0232034903 0.0232557002
v 0.0358248912 0.0231788699 0.0231523495
v 0.0361518785 0.0231576506 0.0230633002
v 0.0364916287 0.0231400095 0.0229892693
v 0.0368452594 0.0231260601 0.0229306798
v 0.0372137986 0.0231159292 0.0228881799
v 0.0375983715 0.0231097303 0.02286225
v 0.0352204405 0.0262187701 0.0198631808
v 0.0348291881 0.0266066696 0.0195104405
v 0.034433119 0.0269901101 0.0191499498
v 0.0343857408 0.0273002908 0.0186526701
v 0.0340288207 0.0273653809 0.0187783204
v 0.0335404202 0.0234609805 0.0243357997
v 0.0334722288 0.0239137392 0.0239624307
v 0.0329445601 0.0240281206 0.0243762694
v 0.0337404609 0.0271323901 0.0194219891
v 0.0334026814 0.0272119604 0.0195741002
v 0.0332471095 0.0278470498 0.0184547305
v 0.0332589708 0.0278009102 0.0185394809
v 0.0336778685 0.0274360105 0.0189145803
v 0.0340837203 0.0270583592 0.0192804299
v 0.0328058004 0 0.0336594507
v 0.0375247486 0.00215017702 0.0324430987
v 0.0370411202 0.00287729502 0.0324295089
v 0.0370289013 0.0036081071 0.0323569104
v 0.0365453884 0.00360757089 0.0324264094
v 0.0365265608 0.00434094621 0.032337781
v 0.0360354707 0.00433957484 0.0324330889
v 0.0360107385 0.00507426215 0.0323287807
v 0.0355102383 0.0050714612 0.03244894
v 0.0354810916 0.00580632593 0.0323296711
v 0.0349695012 0.0058016181 0.0324737988
v 0.0349377282 0.00653529121 0.0323407017
v 0.0344134495 0.00652819779 0.0325080715
v 0.0343810916 0.00725948811 0.0323623382
v 0.0338421389 0.0072495928 0.0325521789
v 0.0338113904 0.00797730591 0.0323952995
v 0.0326737091 0.00795042515 0.0328331515
v 0.0326527916 0.00867122412 0.0326727591
v 0.0314047299 0.00863611605 0.0331746303
v 0.0313989483 0.009348928 0.0330143496
v 0.0314418599 0.00143533899 0.0340579711
v 0.0314419195 0 0.0340773985
v 0.0328043103 0.000715270988 0.0336531885
v 0.0321370885 0 0.033868961
v 0.0337864682 0.0205670502 0.0264966991
v 0.0342848301 0.0205601994 0.0261726901
v 0.0328274295 0.0200128499 0.0276082698
v 0.0328364894 0.0194181204 0.0279767495
v 0.0328487083 0.0188131295 0.0283373501
v 0.0328638516 0.0181980096 0.0286894999
v 0.0328816101 0.0175729301 0.0290326402
v 0.0329017006 0.0169381406 0.0293662492
v 0.0329238102 0.0162937008 0.0296897199
v 0.0329477116 0.0156398993 0.0300025903
v 0.0329730511 0.0149768498 0.0303041302
v 0.032999631 0.0143050496 0.0305940509
v 0.0330271684 0.0136251403 0.0308717992
v 0.0330554806 0.0129375998 0.0311369803
v 0.0330843292 0.0122431498 0.0313891694
v 0.0331134684 0.0115423203 0.0316278897
v 0.0325865708 0.0108129904 0.0321066901
v 0.0326090418 0.0101031596 0.0323094688
v 0.0327533409 0.0216487609 0.0265571401
v 0.0323221609 0.0205917899 0.0276641194
v 0.0323357508 0.0200129692 0.0280141793
v 0.0323437415 0.0194120407 0.0283700209
v 0.032354109 0.0188016798 0.0287181102
v 0.0323666297 0.0181820299 0.0290579107
v 0.0323811695 0.0175532605 0.0293889605
v 0.0323973782 0.0169155505 0.02971071
v 0.0324150883 0.0162688997 0.0300225597
v 0.0324340984 0.0156135503 0.0303240996
v 0.0324541889 0.0149495602 0.0306147896
v 0.0324751101 0.0142773902 0.0308941603
v 0.0324966908 0.0135976598 0.0311617795
v 0.0325188003 0.0129107796 0.0314172506
v 0.0325412713 0.0122173401 0.0316601917
v 0.0325639211 0.0115178796 0.0318901502
v 0.0328001902 0.00143331196 0.0336336382
v 0.0314402506 0.00215506507 0.0340276286
v 0.0306980591 0.00287544704 0.0342122316
v 0.0306932908 0 0.0343019292
v 0.0306951404 0.00143647101 0.0342820808
v 0.0303590801 0 0.0344021283
v 0.0298976805 0.00143754401 0.0345117413
v 0.0290740691 0.00359195401 0.0346341692
v 0.0299144909 0.00359368301 0.0343948603
v 0.0299075209 0.00287520792 0.0344452187
v 0.0273412392 0 0.0351889096
v 0.0281237904 0 0.0349951312
v 0.0247291308 0.00710099889 0.0354034901
v 0.0251955893 0.00570482016 0.0354282781
v 0.0262449309 0.00500607397 0.0352486894
v 0.0272364002 0.00430095103 0.0350643285
v 0.0281574093 0.00287467195 0.0349205695
v 0.0290620904 0.00287496997 0.0346819684
v 0.0241411906 0.00709450198 0.0355285406
v 0.0350959785 0.00142991496 0.032932099
v 0.0340068303 0.00143146503 0.0332534313
v 0.0339966416 0.00215256191 0.0332182609
v 0.0327936411 0.002153754 0.0336007401
v 0.0327848718 0.00287610199 0.0335543118
v 0.0314381681 0.00287568499 0.0339848287
v 0.0314355418 0.00359696103 0.0339294001
v 0.0307001397 0.00359535194 0.034159299
v 0.0307025295 0.004315197 0.0340940282
v 0.0299226604 0.00431167986 0.0343328118
v 0.0299318396 0.00502920104 0.0342589617
v 0.0291039906 0.00502341893 0.0345054194
v 0.0291214492 0.00573772099 0.0344242416
v 0.0282415692 0.00572943594 0.0346772596
v 0.0282683894 0.00643980503 0.0345900618
v 0.0273318794 0.00642883684 0.0348483287
v 0.0273686592 0.00713473512 0.0347565413
v 0.0263702199 0.00712108612 0.0350186788
v 0.0264171306 0.00782209635 0.0349236093
v 0.0259464309 0.00851148274 0.0349559113
v 0.036101751 0.00142866303 0.0326843187
v 0.0356071517 0.00142925896 0.0327981114
v 0.0355952904 0.00215113093 0.0327601992
v 0.0350841209 0.00215154793 0.0328950211
v 0.0350681506 0.00287681795 0.0328425691
v 0.0339829884 0.00287651992 0.0331686102
v 0.0339661203 0.00360280205 0.0331041813
v 0.0327739716 0.00360006001 0.0334941112
v 0.0327611491 0.00432509091 0.0334198996
v 0.0314324386 0.004318594 0.0338610411
v 0.0314288698 0.00504034711 0.0337796807
v 0.0307052098 0.00503486302 0.0340164304
v 0.0307080708 0.00575405313 0.0339261815
v 0.0299419109 0.0057459469 0.0341732502
v 0.0299527608 0.006461679 0.0340754911
v 0.0291402899 0.00645077182 0.0343317911
v 0.0291603208 0.007162272 0.034228079
v 0.0282968804 0.00714850379 0.0344923101
v 0.0283268001 0.0078552356 0.0343840718
v 0.0274072792 0.0078386059 0.0346549116
v 0.0274472795 0.00854033232 0.0345434509
v 0.0264657103 0.00852102041 0.0348194204
v 0.0265155993 0.00921761896 0.0347061083
v 0.0260555092 0.00989967491 0.0347283408
v 0.0272411704 0.0126787396 0.0338396989
v 0.0271505099 0.0113070598 0.0341569111
v 0.0276136901 0.0113215996 0.0340008102
v 0.0275719706 0.0106304204 0.034150891
v 0.0284540001 0.0106576001 0.0338469706
v 0.0284216404 0.00996118691 0.0339967608
v 0.0292475205 0.00998598337 0.0337020718
v 0.0292250495 0.00928407907 0.0338501893
v 0.0300011598 0.00930607319 0.0335663483
v 0.0299885795 0.00859856606 0.0337113105
v 0.0307205897 0.00861757901 0.0334396884
v 0.0307173692 0.00790458918 0.0335800014
v 0.0314102694 0.00792044401 0.0333219096
v 0.0314155184 0.00720250607 0.0334560797
v 0.03269374 0.0072273612 0.0329792984
v 0.0327126905 0.00650262786 0.0331111513
v 0.0338712893 0.00652032997 0.0326935612
v 0.0338985287 0.00579029322 0.0328194983
v 0.034443669 0.00579625322 0.0326377712
v 0.0254072491 0.0085020056 0.0350910388
v 0.0255243108 0.00988763478 0.0348715112
v 0.0248473193 0.00849264767 0.0352244899
v 0.032730341 0.00577688217 0.0332285091
v 0.0314203501 0.00648283912 0.0335771404
v 0.0307142101 0.00718939304 0.0337079093
v 0.0299762394 0.00788837578 0.033844471
v 0.0292028692 0.00857925415 0.0339872204
v 0.0283894502 0.00926184561 0.0341362283
v 0.0275300108 0.00993639231 0.0342914388
v 0.0266173407 0.0106035396 0.0344523713
v 0.0266682506 0.0112926299 0.0343121216
v 0.0365840718 0.00142824603 0.0325926505
v 0.0360906683 0.002150774 0.0326457582
v 0.0355793796 0.00287699606 0.0327066705
v 0.0350483581 0.0036051271 0.0327745602
v 0.0339462087 0.00433087302 0.0330246612
v 0.0327465497 0.00505083706 0.0333314501
v 0.0314248204 0.00576192094 0.0336850211
v 0.0307110492 0.00647234917 0.0338233113
v 0.0299642608 0.00717592193 0.0339659415
v 0.0291812401 0.00787186623 0.0341132209
v 0.0283577405 0.00855976343 0.0342653282
v 0.0274883509 0.00923961401 0.034422271
v 0.0265663192 0.00991183519 0.0345837995
v 0.02616602 0.0112783303 0.0344660804
v 0.03129673 0.0200133305 0.0288905501
v 0.0307317898 0.0200134497 0.0293534305
v 0.0313018486 0.0193988606 0.0292190891
v 0.0307353102 0.0193918906 0.0296676103
v 0.0313074514 0.0187768899 0.0295402408
v 0.0307381097 0.0187638402 0.0299744606
v 0.0313134082 0.0181475803 0.0298534594
v 0.0307402592 0.0181293394 0.0302736107
v 0.03131973 0.0175108295 0.0301582795
v 0.0307418108 0.01748842 0.0305646006
v 0.0313262306 0.0168667398 0.0304543898
v 0.0307427607 0.0168409906 0.0308471899
v 0.0313329585 0.0162153207 0.0307412092
v 0.0307431798 0.0161870103 0.0311207697
v 0.0313397609 0.0155565701 0.0310184304
v 0.0307429992 0.0155265303 0.03138512
v 0.0313466117 0.0148906102 0.0312855206
v 0.0307423398 0.0148594901 0.031639751
v 0.0313534103 0.0142177297 0.031542059
v 0.0307411496 0.0141861998 0.0318843089
v 0.0313602611 0.0135383001 0.031787809
v 0.0307395402 0.0135070002 0.0321184918
v 0.0313670002 0.0128527796 0.0320223495
v 0.03073751 0.0128222099 0.0323419496
v 0.0313736685 0.0121616097 0.0322453305
v 0.0307352506 0.01213222 0.0325543806
v 0.0313802287 0.0114652496 0.032456331
v 0.0307326298 0.0114374096 0.0327554308
v 0.0313866697 0.010764 0.0326550603
v 0.0307298303 0.0107381297 0.0329447314
v 0.0313929282 0.0100584598 0.0328411385
v 0.03072685 0.0100347903 0.0331219994
v 0.0307237506 0.00932776928 0.0332869813
v 0.0370145403 0.00434195902 0.0322673284
v 0.0365050994 0.00507652713 0.0322319195
v 0.0359833799 0.00581031991 0.0322073102
v 0.0354494415 0.00654155016 0.0321935415
v 0.0349038206 0.00726842787 0.0321911499
v 0.0343469903 0.00798928738 0.03220075
v 0.0337793194 0.00870269537 0.0322231613
v 0.032631211 0.00938904192 0.0324981809
v 0.0320182405 0.0100812903 0.0325695202
v 0.032003399 0.0107890302 0.032374911
v 0.0319884382 0.0114921303 0.0321670696
v 0.0319733582 0.0121900998 0.0319464207
v 0.0319584012 0.0128824096 0.0317132398
v 0.0319435 0.0135686304 0.0314680301
v 0.0319288895 0.0142482501 0.0312110707
v 0.0319145918 0.0149207097 0.0309428498
v 0.0319008194 0.01558566 0.0306637194
v 0.0318875313 0.0162426792 0.0303741004
v 0.0318750106 0.0168916509 0.0300744697
v 0.0318633318 0.01753252 0.0297653005
v 0.0318527184 0.0181651693 0.0294470694
v 0.0318432413 0.0187895801 0.0291202608
v 0.0318351313 0.0194055997 0.0287853405
v 0.0318284594 0.0200131498 0.0284428503
v 0.0318149291 0.0206011496 0.0281054303
v 0.0312549993 0.0211904608 0.0282522999
v 0.0306446496 0.0218030792 0.02844196
v 0.0294104796 0.0154644204 0.0321426317
v 0.0293937903 0.01479524 0.032371521
v 0.0293756109 0.0141211096 0.03259122
v 0.0293561202 0.0134422705 0.0328015611
v 0.0293356106 0.0127589703 0.0330021903
v 0.0293142702 0.0120714298 0.0331928097
v 0.0292923395 0.0113799497 0.0333731696
v 0.0292699896 0.0106847202 0.0335430503
v 0.0301265698 0.0193847399 0.0301271006
v 0.0298036896 0.0193811003 0.0303598605
v 0.0301264506 0.0187504198 0.0304193404
v 0.0298020802 0.0187436305 0.0306447092
v 0.0301245991 0.0181106906 0.0307040792
v 0.0297981501 0.0181012694 0.0309221707
v 0.0301211998 0.0174654108 0.0309810005
v 0.02944934 0.0174420998 0.031404011
v 0.0301163103 0.0168145802 0.0312496405
v 0.0301100593 0.0161580406 0.03150969
v 0.0301025491 0.0154957101 0.0317608714
v 0.0300939605 0.0148275997 0.03200268
v 0.0300843697 0.0141538903 0.0322349593
v 0.0300739408 0.0134748798 0.0324573517
v 0.0300627891 0.0127908504 0.0326694213
v 0.0300511103 0.01210206 0.0328710601
v 0.0300388895 0.0114089204 0.0330618583
v 0.0300264303 0.0107116597 0.0332415104
v 0.0300137904 0.0100106001 0.033409711
v 0.0294670407 0.01937747 0.0305939894
v 0.0294638202 0.01873683 0.0308713894
v 0.0294578597 0.0180917308 0.0311415102
v 0.0283072498 0.0167471692 0.032276921
v 0.0287009999 0.0167606995 0.0320706889
v 0.0283271 0.0174067598 0.0320436917
v 0.0287178699 0.0174185596 0.0318303704
v 0.0283433106 0.0180630591 0.0318030082
v 0.0287315194 0.0180725995 0.0315823518
v 0.0283554699 0.0187162105 0.0315550491
v 0.0287416503 0.0187231302 0.0313270018
v 0.0283632204 0.0193665009 0.0313001201
v 0.0287479106 0.0193701908 0.0310645606
v 0.0287499409 0.0200139806 0.0307953302
v 0.0291165691 0.0200139191 0.0305522606
v 0.0291056596 0.0206471607 0.0302768294
v 0.0294257905 0.0212638304 0.0297505204
v 0.0300830007 0.0212389193 0.0292417407
v 0.0294672195 0.0200137999 0.0303096101
v 0.0291154291 0.0193738304 0.0308290701
v 0.0291107204 0.0187299792 0.0310990196
v 0.0291026793 0.0180821996 0.0313616917
v 0.0290915892 0.0174302999 0.0316169783
v 0.0290776994 0.0167742297 0.031864401
v 0.0286811497 0.0160988495 0.0323030911
v 0.0282840692 0.0160840098 0.0325024091
v 0.0278690401 0.0160691701 0.0327013694
v 0.0278955102 0.0167336408 0.0324827991
v 0.0279182699 0.0173950102 0.0322566591
v 0.0279369298 0.0180535298 0.0320232511
v 0.0279511195 0.0187093597 0.0317826197
v 0.0279604103 0.0193628594 0.0315351412
v 0.0283662602 0.0200140998 0.0310383998
v 0.0287394505 0.0206524692 0.0305270497
v 0.0290755592 0.0212763492 0.0300066397
v 0.0293778107 0.0218876004 0.0294746701
v 0.0300362706 0.0218449794 0.0289542004
v 0.0336539708 0.0225394294 0.0250592809
v 0.033021979 0.0235578399 0.0247423593
v 0.0324212313 0.0241524503 0.0248262193
v 0.0317900702 0.0247895103 0.0249473397
v 0.0323270485 0.0246369205 0.0244568493
v 0.0328602083 0.0244944002 0.0239985492
v 0.0333980918 0.02436327 0.0235769097
v 0.0339490101 0.0242449604 0.0231966302
v 0.0342319608 0.0241910797 0.0230234191
v 0.0345214009 0.0241409503 0.02286225
v 0.0348182917 0.0240947604 0.0227137208
v 0.0351236984 0.0240526702 0.0225783493
v 0.0354386494 0.0240148902 0.0224568192
v 0.0357642695 0.0239815097 0.0223495904
v 0.0361015685 0.0239528399 0.0222572591
v 0.0364515707 0.0239289403 0.0221804902
v 0.0368153416 0.02391004 0.0221197605
v 0.0371940099 0.0238963291 0.0220756494
v 0.0315597616 0.02748942 0.0212228205
v 0.0321899615 0.0272740107 0.0208049994
v 0.0328248702 0.0270759407 0.0204207301
v 0.0334716402 0.0268971901 0.0200740602
v 0.0338016711 0.0268158298 0.0199161693
v 0.0341373608 0.0267400704 0.0197692495
v 0.0344796106 0.0266702697 0.0196338203
v 0.0345730111 0.02599716 0.0205655601
v 0.0346205793 0.0256426297 0.0210146308
v 0.0342447087 0.0260656402 0.0207098108
v 0.0342990085 0.0257083699 0.0211622696
v 0.0339234993 0.0261399094 0.0208663307
v 0.0339846015 0.0257797204 0.0213223603
v 0.0336083099 0.02621972 0.0210345294
v 0.0336765014 0.0258563701 0.0214945003
v 0.0329922996 0.0263949595 0.0214038994
v 0.0330749713 0.0260246899 0.0218723994
v 0.0323891602 0.0265892707 0.0218133293
v 0.0324866697 0.0262112599 0.0222913604
v 0.0317912586 0.0268004499 0.0222584605
v 0.0319036804 0.0264141504 0.0227467995
v 0.0311910491 0.0270264708 0.0227348208
v 0.0313182399 0.0266312305 0.0232341792
v 0.0349922702 0.0252190195 0.0213166401
v 0.0346689187 0.0252753999 0.0214532595
v 0.0343538485 0.0253373291 0.0216031
v 0.0340461098 0.0254045092 0.0217657592
v 0.0337447487 0.0254766904 0.02194052
v 0.0331570506 0.0256352406 0.0223242603
v 0.0325827003 0.0258109495 0.0227496605
v 0.0320137702 0.0260019805 0.0232121293
v 0.0314421616 0.0262063704 0.0237070899
v 0.0354004502 0.0244122706 0.0220414903
v 0.0350797698 0.0244547091 0.0221646391
v 0.0347685814 0.02450197 0.0223017298
v 0.0344659016 0.0245538298 0.0224522296
v 0.0341707394 0.0246101003 0.0226154905
v 0.0338819586 0.0246706009 0.0227909591
v 0.0333196484 0.0248034 0.0231761895
v 0.0327705704 0.0249505602 0.0236033201
v 0.0322264992 0.0251106005 0.0240676403
v 0.0316791497 0.0252818391 0.0245645009
v 0.0305413008 0.02565163 0.0256373193
v 0.0302851703 0.0279633403 0.02214217
v 0.0309272408 0.0277199093 0.0216699205
v 0.0348689482 0.0262759309 0.0199778005
v 0.0345260501 0.0263395291 0.0201054793
v 0.0341908894 0.0264093801 0.0202455502
v 0.0338625312 0.0264851991 0.0203975402
v 0.0335400105 0.0265666209 0.0205609202
v 0.032908909 0.0267454293 0.0209196191
v 0.0322902203 0.0269436799 0.0213172399
v 0.0316765904 0.0271592103 0.0217495505
v 0.0310606305 0.0273898803 0.0222121403
v 0.0298732501 0.0277064405 0.02349036
v 0.0322070085 0.0222156607 0.0266654994
v 0.0310831591 0.0228961706 0.0273190103
v 0.0311542694 0.0223302208 0.0276317503
v 0.0305090491 0.0229783002 0.0278392993
v 0.0305842105 0.0223907195 0.0281421505
v 0.0298945904 0.0230624601 0.0283723995
v 0.0299732592 0.0224527102 0.0286651198
v 0.0292137191 0.0263266508 0.0265874807
v 0.0299341604 0.0258468892 0.0262039807
v 0.0298615005 0.0261160098 0.0260053799
v 0.03040337 0.0261632204 0.0252268892
v 0.0315626189 0.0257554594 0.0241510794
v 0.0321215317 0.0255665705 0.0236527901
v 0.0326775312 0.0253900792 0.0231872201
v 0.0332387611 0.0252277199 0.0227588993
v 0.0338133499 0.0250812694 0.0223725997
v 0.0341082811 0.02501457 0.0221965909
v 0.0344095789 0.0249525309 0.0220329091
v 0.0347183309 0.02489537 0.0218819901
v 0.035035491 0.0248432104 0.0217444804
v 0.0353621803 0.0247964207 0.0216210391
v 0.0302590095 0.0266478006 0.0247756205
v 0.0301846191 0.0268782303 0.0245355908
v 0.0295512006 0.0271190405 0.0250962302
v 0.0293830596 0.0286093298 0.0217879992
v 0.0284384396 0.0268235207 0.0269688293
v 0.0291344505 0.0265992805 0.0263773203
v 0.0297867004 0.0263786297 0.0257951003
v 0.0293126702 0.0225157104 0.0291964393
v 0.0295694992 0.0231051408 0.0286424104
v 0.0298008304 0.0236725807 0.0280744992
v 0.0304196402 0.0235649291 0.0275316201
v 0.0309986994 0.0234598499 0.0270017907
v 0.0320722982 0.0232608896 0.0259985905
v 0.0325841308 0.0231687408 0.0255339704
v 0.0319881998 0.0237759296 0.0256572906
v 0.0309013091 0.0240192991 0.0266784392
v 0.0303165298 0.0241478607 0.0272177998
v 0.0296927001 0.0242795907 0.0277704
v 0.0294738393 0.0237271097 0.0283495095
v 0.0292310696 0.0231480002 0.0289140306
v 0.0289610606 0.0225474797 0.0294639394
v 0.0290271007 0.0219090506 0.0297366306
v 0.0286605302 0.0219305698 0.0299991891
v 0.0287094098 0.0212889295 0.0302632991
v 0.0283262096 0.0213014409 0.0305199604
v 0.0283561908 0.0206577703 0.03077727
v 0.0279547498 0.0206630807 0.0310270097
v 0.0279643498 0.0200141594 0.0312809907
v 0.0275431797 0.0200142805 0.0315226912
v 0.0275382902 0.0193592291 0.0317692682
v 0.0270957891 0.0193555895 0.0320020318
v 0.0275275707 0.0187025592 0.0320092998
v 0.0270836297 0.0186957698 0.0322346613
v 0.0275114104 0.0180439893 0.0322425887
v 0.0270655695 0.0180345699 0.0324606188
v 0.0274903104 0.0173833296 0.0324687883
v 0.0270421505 0.0173716508 0.0326796696
v 0.0274646804 0.0167201702 0.0326878987
v 0.0270137694 0.0167068206 0.0328917503
v 0.0274349991 0.01605439 0.0328995511
v 0.0269809291 0.0160396602 0.0330964886
v 0.0274017397 0.0153856203 0.0331035815
v 0.0269442201 0.0153700104 0.0332938991
v 0.0273652598 0.0147136403 0.0332998
v 0.0269041006 0.0146974903 0.0334836803
v 0.02732604 0.0140385004 0.0334880911
v 0.0268609505 0.01402211 0.0336656496
v 0.0272845607 0.0133601399 0.0336681008
v 0.0268153492 0.0133438697 0.0338396989
v 0.0267677307 0.0126628801 0.0340055786
v 0.0307917502 0.02457284 0.0263472702
v 0.0300725102 0.0252928101 0.0265657306
v 0.0302004199 0.0247246008 0.0268963501
v 0.0294364002 0.0254710894 0.0271388199
v 0.0295708105 0.0248801094 0.0274589602
v 0.0292390492 0.0249588396 0.02774393
v 0.0293634497 0.0243462902 0.0280503593
v 0.0290211998 0.0244133994 0.0283319298
v 0.02913367 0.0237820093 0.0286260806
v 0.0287791993 0.0238370802 0.0289037805
v 0.0288781505 0.0231910292 0.02918672
v 0.0285097901 0.0232341792 0.0294599496
v 0.0285937097 0.0225792509 0.02973192
v 0.0282096192 0.0226110201 0.0299999695
v 0.0282770898 0.0219520293 0.0302616898
v 0.0278756004 0.0219734907 0.03052371
v 0.0279249493 0.0213140193 0.0307760797
v 0.0275044404 0.0213264804 0.0310312491
v 0.0275340602 0.0206683204 0.0312758014
v 0.0270929895 0.0206735693 0.031523101
v 0.0271015707 0.0200143401 0.0317628905
v 0.0266385004 0.0200144593 0.0320012495
v 0.0266318899 0.0193520095 0.0322329402
v 0.0261453893 0.0193484407 0.0324615799
v 0.0266183596 0.0186890308 0.0324582383
v 0.02613049 0.0186823606 0.03267961
v 0.0265984498 0.0180251505 0.0326769315
v 0.0261088591 0.0180159193 0.0328911506
v 0.0265727006 0.0173601508 0.0328889415
v 0.0260809604 0.0173486993 0.0330960713
v 0.0265416503 0.0166935306 0.0330939814
v 0.0260473993 0.0166804101 0.0332942009
v 0.0265058801 0.0160251204 0.0332919285
v 0.0260087196 0.0160106998 0.0334854089
v 0.0264658909 0.0153545104 0.0334827304
v 0.0259655695 0.0153391901 0.0336696506
v 0.0264221393 0.0146815097 0.0336660706
v 0.02591848 0.0146655999 0.0338466689
v 0.0263752304 0.0140058901 0.0338419005
v 0.0263257008 0.0133277699 0.0340099894
v 0.0253921095 0.0146499798 0.0340250693
v 0.0254424196 0.0153240496 0.0338542983
v 0.0254884902 0.0159964506 0.033676561
v 0.0255298596 0.01666742 0.0334920213
v 0.0255657993 0.01733738 0.0333006904
v 0.0255957805 0.0180067401 0.0331027508
v 0.0256191399 0.0186758004 0.0328982398
v 0.0256352406 0.0193449799 0.0326874182
v 0.0261528995 0.0200145207 0.0322371684
v 0.0266304594 0.0206787493 0.0317684412
v 0.0266013704 0.0213512108 0.0315365084
v 0.0270636007 0.0213388801 0.0312848613
v 0.0270141903 0.0220161006 0.0310441796
v 0.0274549704 0.0219948199 0.0307847206
v 0.0273867194 0.0226743203 0.0305339005
v 0.0278076492 0.0226427298 0.0302674696
v 0.0277219992 0.0233203694 0.0300058108
v 0.0281247403 0.0232772809 0.0297331195
v 0.0280232392 0.0239474103 0.0294603091
v 0.0284094196 0.0238922797 0.0291820709
v 0.02829355 0.0245482903 0.02889782
v 0.0286649391 0.0244807601 0.0286145806
v 0.0285361409 0.0251176301 0.0283183996
v 0.0288944803 0.0250380598 0.0280306302
v 0.0287544709 0.0256521702 0.0277210996
v 0.0291017201 0.0255613308 0.0274291001
v 0.0293648206 0.0257614795 0.0269683506
v 0.0286797807 0.0259537604 0.0275552198
v 0.0325074084 0.0236632209 0.0251843296
v 0.031893611 0.0242855493 0.0253077094
v 0.0306712296 0.0251188204 0.0260063391
v 0.0300045591 0.0255722404 0.0263907891
v 0.0292905495 0.0260470491 0.0267845299
v 0.0285216495 0.0265406296 0.0271789394
v 0.0276905205 0.0270495396 0.0275650602
v 0.0296264794 0.0282175504 0.0226352792
v 0.0288516805 0.0286261402 0.0228411499
v 0.0280296206 0.0290225707 0.0230367705
v 0.0271547996 0.0294002201 0.02321833
v 0.0276011191 0.0273334906 0.02733922
v 0.0283526704 0.0270978194 0.0267443005
v 0.0290529709 0.0268639904 0.0261541009
v 0.0297099892 0.0266338494 0.0255731903
v 0.0303319599 0.0264092609 0.0250062309
v 0.0296314899 0.0268809106 0.0253400207
v 0.0288835708 0.0273658 0.0256706998
v 0.0289692804 0.0271198098 0.0259183608
v 0.0281738006 0.0276165009 0.0262543503
v 0.0282644592 0.0273624603 0.0265058801
v 0.0274140798 0.0278691594 0.0268425904
v 0.0275089704 0.0276070796 0.0270981099
v 0.0265964195 0.0281218197 0.0274308901
v 0.0266947709 0.0278517008 0.0276902895
v 0.0257128999 0.0283725206 0.0280145407
v 0.0258139297 0.0280944109 0.0282778703
v 0.0252439901 0.0284965597 0.0283032004
v 0.0253460407 0.0282144509 0.0285684392
v 0.0247556493 0.0286192801 0.0285890102
v 0.0248584095 0.0283333007 0.0288561508
v 0.0242469292 0.0287405793 0.02887135
v 0.0243501607 0.0284506604 0.0291403495
v 0.0237167403 0.0288600903 0.0291496497
v 0.0238202196 0.0285664201 0.0294205509
v 0.0231642108 0.0289776903 0.0294233505
v 0.0232676193 0.0286801998 0.0296960995
v 0.0225882493 0.0290930197 0.0296919309
v 0.0226913597 0.0287919007 0.0299664102
v 0.0219879709 0.0292059109 0.02995467
v 0.0220904294 0.0289011505 0.0302309301
v 0.0213622991 0.0293160602 0.0302111506
v 0.0214638095 0.0290077906 0.0304891393
v 0.0207102802 0.0294232294 0.0304607097
v 0.0208105408 0.0291115604 0.0307403207
v 0.0200309101 0.0295272395 0.0307027604
v 0.0201296192 0.0292122308 0.0309840403
v 0.0193232205 0.0296277404 0.0309367701
v 0.0194199607 0.0293095093 0.0312195998
v 0.0185862109 0.0297245309 0.0311622005
v 0.0186806899 0.02940326 0.0314465091
v 0.0178189203 0.0298174005 0.031378381
v 0.0179107096 0.0294931494 0.0316641293
v 0.0170203391 0.0299060903 0.0315847918
v 0.0171090309 0.0295789801 0.0318719111
v 0.0161894504 0.0299902502 0.0317808315
v 0.0162747502 0.0296605192 0.0320693217
v 0.0153253004 0.0300698206 0.031965971
v 0.0154067203 0.0297374707 0.0322556384
v 0.01442682 0.0301443897 0.0321395881
v 0.0145040704 0.0298097096 0.0324304588
v 0.0134931803 0.0302137695 0.0323011205
v 0.0135657098 0.0298768803 0.0325930715
v 0.0125232898 0.0302777197 0.0324500203
v 0.0125906998 0.02993875 0.0327429697
v 0.0115160896 0.0303359609 0.0325856805
v 0.0115780197 0.0299951993 0.0328795314
v 0.0104707396 0.0303882901 0.0327075087
v 0.01052659 0.0300458595 0.0330021903
v 0.0093861809 0.0304344799 0.0328149684
v 0.00943559408 0.0300905108 0.0331103802
v 0.00826138165 0.03047424 0.0329075418
v 0.00830382109 0.0301290099 0.0332034789
v 0.00709545612 0.0305072591 0.0329844914
v 0.00713044405 0.0301610194 0.0332810208
v 0.00588732911 0.0305334292 0.0330453515
v 0.00591433002 0.0301863495 0.0333423018
v 0.0046359892 0.0305524394 0.0330895707
v 0.00465452578 0.0302047096 0.0333867595
v 0.0256088302 0.0286360309 0.0277354103
v 0.0264952108 0.0283783004 0.0271567702
v 0.0263912603 0.0286199395 0.0268689897
v 0.0273166206 0.0281186104 0.0265735891
v 0.0272166692 0.0283542201 0.0262919609
v 0.0280808806 0.0278588496 0.0259904191
v 0.0279856902 0.02808851 0.0257148705
v 0.0287957694 0.0276011191 0.0254117809
v 0.02870607 0.0278248694 0.0251423698
v 0.0294691306 0.0273474399 0.02484232
v 0.0293854401 0.0275654104 0.02457886
v 0.0301088002 0.0270998999 0.0242864992
v 0.0300316196 0.0273121502 0.0240288898
v 0.0299531203 0.0275144503 0.0237632897
v 0.0292133 0.0279675107 0.0240260903
v 0.0293001495 0.0277722403 0.0243065301
v 0.0285210591 0.0282349493 0.0245749895
v 0.0286144596 0.0280363504 0.0248631202
v 0.0277890507 0.0285066906 0.0251326505
v 0.0278884098 0.0283046309 0.0254285894
v 0.0270097796 0.0287805703 0.0256947801
v 0.0271143895 0.0285751205 0.0259985905
v 0.0261757299 0.0290544592 0.02625685
v 0.0262847506 0.0288455393 0.0265685301
v 0.0252794009 0.0293262005 0.0268145204
v 0.0253919307 0.0291138794 0.0271340609
v 0.0243133307 0.0295937005 0.0273634102
v 0.0244283006 0.0293779895 0.0276906397
v 0.0238017999 0.0297251306 0.0276331902
v 0.0239176098 0.0295078102 0.0279642306
v 0.0232700706 0.0298547093 0.0278991405
v 0.0233863499 0.02963572 0.0282338802
v 0.0227171108 0.0299821403 0.0281606298
v 0.0228335802 0.0297615491 0.0284990594
v 0.0221420508 0.0301072001 0.0284172203
v 0.0222583394 0.0298850499 0.0287592392
v 0.02154392 0.0302294996 0.0286683403
v 0.02165973 0.0300058108 0.0290138703
v 0.0209218208 0.0303489491 0.0289133694
v 0.0210367404 0.0301237702 0.0292623602
v 0.0202747509 0.0304651204 0.0291517898
v 0.0203884803 0.0302384403 0.0295041203
v 0.0196018796 0.0305778291 0.0293831192
v 0.0197139308 0.0303497296 0.0297386609
v 0.0189021807 0.0306867901 0.0296066906
v 0.0190122109 0.03045737 0.0299654007
v 0.01817476 0.0307916906 0.0298220497
v 0.0182823502 0.0305609703 0.0301837903
v 0.0174186192 0.0308923703 0.0300286394
v 0.0175234005 0.0306603294 0.0303933006
v 0.0166329108 0.0309884492 0.0302258693
v 0.0167343598 0.0307552796 0.0305932704
v 0.0158166792 0.0310797598 0.0304132104
v 0.0159143191 0.0308453999 0.0307832304
v 0.0149689298 0.03116595 0.0305900499
v 0.0150623303 0.0309305098 0.0309625808
v 0.0140888002 0.0312467795 0.0307559893
v 0.0141774397 0.0310103204 0.0311308503
v 0.0131753003 0.0313219987 0.0309103094
v 0.0132586304 0.0310845897 0.0312873088
v 0.0122275297 0.0313913189 0.0310525801
v 0.01230508 0.0311530195 0.0314316116
v 0.0112445299 0.0314544998 0.0311822202
v 0.0113157602 0.0312153604 0.0315630399
v 0.01022535 0.0315111801 0.0312986299
v 0.0102897799 0.0312713906 0.0316811204
v 0.00916904211 0.0315612517 0.0314013287
v 0.00922608282 0.0313208103 0.0317852385
v 0.00807476044 0.0316043384 0.0314897187
v 0.00812381506 0.0313633606 0.0318748914
v 0.00694149686 0.0316401683 0.0315632783
v 0.00698196795 0.0313987695 0.0319494605
v 0.0057682991 0.0316684805 0.0316214487
v 0.00579959108 0.0314267203 0.0320084617
v 0.00455427123 0.0316891 0.0316636488
v 0.00457578804 0.0314470492 0.0320512615
v 0.0241956096 0.0297893807 0.0270250402
v 0.0251643006 0.02951991 0.0264844801
v 0.0250467602 0.0296941902 0.0261455104
v 0.0260642692 0.02924609 0.0259352904
v 0.0259506106 0.0294197705 0.0256053209
v 0.0269029699 0.0289701205 0.0253817402
v 0.02679413 0.0291431509 0.0250608902
v 0.0276877191 0.0286941491 0.0248282496
v 0.0275845509 0.0288665202 0.0245163999
v 0.0284259301 0.0284203198 0.0242790505
v 0.0283291899 0.0285920501 0.0239761993
v 0.0291249696 0.0281508509 0.0237384997
v 0.0290352106 0.02832192 0.0234445296
v 0.0297921803 0.0278878193 0.0232109409
v 0.0297099296 0.0280582905 0.0229256693
v 0.0289441291 0.0284804106 0.0231451299
v 0.0281310007 0.0288931709 0.0233541094
v 0.0282308403 0.0287497006 0.0236675702
v 0.0273729507 0.0291644894 0.0238752905
v 0.0274796393 0.02902334 0.0241984092
v 0.0265705492 0.0294378903 0.0244005304
v 0.0266832709 0.0292991307 0.0247333609
v 0.0257168394 0.0297113601 0.0249258205
v 0.0258347299 0.0295749307 0.0252683703
v 0.0248048306 0.0299826209 0.0254470091
v 0.0249269009 0.02984857 0.0257991496
v 0.0238274895 0.0302496497 0.0259599593
v 0.02395254 0.0301178601 0.0263215806
v 0.0227778498 0.0305102393 0.0264605805
v 0.0229046308 0.0303807203 0.0268314406
v 0.0222237706 0.0306375008 0.0267050192
v 0.0223508999 0.0305090491 0.0270804092
v 0.0216489397 0.0307623092 0.0269448105
v 0.0217760801 0.0306349304 0.0273246095
v 0.0210525896 0.0308844391 0.0271794703
v 0.0211793091 0.0307581406 0.0275635701
v 0.0204337798 0.0310036503 0.0274084806
v 0.0205596592 0.0308783595 0.0277967993
v 0.0197916608 0.0311196409 0.0276312791
v 0.01991635 0.0309953596 0.0280237701
v 0.0191253405 0.0312321708 0.0278474595
v 0.0192483608 0.0311088506 0.02824389
v 0.0184339192 0.0313409492 0.0280563794
v 0.0185548607 0.0312185194 0.0284567401
v 0.0177166406 0.0314456783 0.0282576606
v 0.0178349596 0.0313242003 0.0286617205
v 0.0169725399 0.0315461718 0.02845072
v 0.0170878097 0.0314255916 0.0288583003
v 0.0162007194 0.0316421315 0.0286350194
v 0.0163124204 0.0315223299 0.0290460493
v 0.0154004004 0.0317332707 0.0288100801
v 0.0155079896 0.0316142403 0.0292243306
v 0.0145705901 0.0318193398 0.0289754197
v 0.0146736503 0.0317010209 0.02939271
v 0.0137104904 0.0319000408 0.0291304495
v 0.0138083603 0.0317824408 0.0295506101
v 0.0128192902 0.0319750905 0.0292747002
v 0.01291137 0.0318581387 0.02969753
v 0.01189595 0.0320442915 0.0294076204
v 0.0119817797 0.0319279991 0.0298328903
v 0.0109397098 0.0321073495 0.0295287892
v 0.0110186301 0.031991601 0.0299562793
v 0.00994974282 0.0321639702 0.0296375696
v 0.0100210896 0.0320486985 0.0300670806
v 0.00892501976 0.0322139785 0.0297335293
v 0.00898820069 0.0320990607 0.0301648304
v 0.00786483195 0.0322569609 0.0298161507
v 0.00791919231 0.0321424603 0.0302489903
v 0.00676816702 0.0322927199 0.0298848692
v 0.00681304885 0.0321785212 0.0303189699
v 0.00563424779 0.0323210284 0.0299392305
v 0.00566899683 0.0322070718 0.0303743407
v 0.00446212199 0.0323415883 0.0299786907
v 0.00448602391 0.0322278105 0.0304145198
v 0.0318750106 -0.0168916509 0.0300744697
v 0.0323973782 -0.0169155505 0.02971071
v 0.0324150883 -0.0162688997 0.0300225597
v 0.032354109 -0.0188016798 0.0287181102
v 0.0323437415 -0.0194120407 0.0283700209
v 0.0328364894 -0.0194181204 0.0279767495
v 0.0328043103 -0.000715270988 0.0336531885
v 0.0346186683 -0.0281278994 0.0170198008
v 0.0345247313 -0.0286744796 0.0159862004
v 0.0349323116 -0.0286357403 0.0159025695
v 0.0350112282 -0.0280836206 0.0169286095
v 0.0350854918 -0.0274953805 0.0179375391
v 0.03470736 -0.0275455695 0.0180364195
v 0.0354109406 -0.0280445199 0.0168481395
v 0.0354716107 -0.0274510905 0.0178502705
v 0.0358185694 -0.0280108992 0.0167788807
v 0.0358664915 -0.0274130106 0.0177751705
v 0.0369820483 -0.0308092199 0.0103747202
v 0.0369629189 -0.0311569497 0.00927150156
v 0.0375696383 -0.0253483001 0.0203539096
v 0.0376063511 -0.0223150197 0.0236378293
v 0.0350919291 -0.0194398705 0.0265790801
v 0.0353682004 -0.0194415394 0.0264705401
v 0.0353814885 -0.01885706 0.0268790107
v 0.0369477198 -0.0170458499 0.0277250409
v 0.0372839496 -0.0170478802 0.0276940409
v 0.0372937918 -0.0164142195 0.0280738398
v 0.0372751318 -0.0176684204 0.0273027997
v 0.0376166701 -0.0205394607 0.0251948796
v 0.0376181602 -0.0200121403 0.0256153904
v 0.0376297198 -0.0176694896 0.0272833109
v 0.0376256704 -0.0182764493 0.02688062
v 0.0373161398 -0.0151093602 0.0287960693
v 0.0373045802 -0.0157678705 0.0284414198
v 0.0374736115 -0.00655627204 0.0318473503
v 0.0374847017 -0.00581741286 0.0319905803
v 0.0369801484 -0.00581592321 0.0320357606
v 0.0374092385 -0.0102244597 0.0308676306
v 0.0375041291 -0.00434261514 0.0322236381
v 0.0375191495 -0.00287729502 0.0323868915
v 0.0375289284 -0.00142771006 0.0324829184
v 0.0368525907 -0.0263807103 -0.0190190598
v 0.0368570611 -0.0271228496 -0.0179402791
v 0.0357175991 -0.0271679107 -0.0179741904
v 0.0357476398 -0.0316687189 -0.00736153079
v 0.003422081 -0.0259868503 0.0349333808
v 0.00344067789 -0.0241532903 0.0352820083
v 0.0277770702 -0.0267563406 0.0277750399
v 0.02786058 -0.0264552198 0.0279690009
v 0.0270576403 -0.0266601406 0.0285635497
v 0.0111737801 -0.0207580905 0.0355116688
v 0.0122970901 -0.0207558796 0.0354080684
v 0.0122861201 -0.01929879 0.0356585905
v 0.00479239179 -0.01509785 0.0366133414
v 0.0115877902 -0.00971919205 0.0368734486
v 0.0114593497 -0.00836974289 0.0369805582
v 0.00931167603 -0.00836217403 0.0370889902
v 0.0113378102 -0.00701409485 0.0370718203
v 0.0112279598 -0.00564855291 0.0371471606
v 0.00912028458 -0.00564533379 0.03724581
v 0.00448036101 -0.00426650001 0.0374160409
v 0.0219641309 -0.0179551207 0.0342938304
v 0.0226406399 -0.0179632306 0.034106791
v 0.02255743 -0.0166058503 0.0344306789
v 0.0242073499 -0.0139428899 0.0345256291
v 0.0247849803 -0.0139582697 0.034358561
v 0.02466207 -0.0126008904 0.0346526988
v 0.0268153492 -0.0133438697 0.0338396989
v 0.0267677307 -0.0126628801 0.0340055786
v 0.0262739602 -0.0126470895 0.0341701508
v 0.0272845607 -0.0133601399 0.0336681008
v 0.0272411704 -0.0126787396 0.0338396989
v 0.0285179 -0.0120405499 0.0335171185
v 0.0284861904 -0.01135075 0.0336869918
v 0.0276136901 -0.0113215996 0.0340008102
v 0.0275719706 -0.0106304204 0.034150891
v 0.0282167699 -0.00501763821 0.0347538516
v 0.0281942394 -0.00430458691 0.0348198414
v 0.0272364002 -0.00430095103 0.0350643285
v 0.003204762 -0.0324964486 0.0227999594
v 0.00404268503 -0.0324878618 0.0227999594
v 0.00433719112 -0.03248512 0.0277694408
v 0.0111621004 -0.0322645903 0.0227999594
v 0.0113177802 -0.032254871 0.0227999594
v 0.0115262801 -0.0322377011 0.0236767493
v 0.01260221 -0.0321745798 0.0227999594
v 0.0129503002 -0.0321485884 0.0227999594
v 0.0131242201 -0.0321310684 0.0234466102
v 0.0138447797 -0.0320817791 0.0227999594
v 0.0145180197 -0.0320233107 0.0227999594
v 0.0146317398 -0.03200984 0.0231849495
v 0.0161455795 -0.0318674408 0.0227999594
v 0.0164677501 -0.0318308994 0.0227999594
v 0.0160539094 -0.0318754315 0.0228947904
v 0.0172087494 -0.0317468606 0.0227999594
v 0.0174710695 -0.0317133591 0.0227999594
v 0.0179452803 -0.0316191316 0.0242097899
v 0.0193874799 -0.031448599 0.0227999594
v 0.0195339303 -0.0314247012 0.0227999594
v 0.0198369008 -0.0313471518 0.0236497503
v 0.0202828608 -0.0313026905 0.0227999594
v 0.0208390299 -0.0312024299 0.0227999594
v 0.0210038405 -0.0311540291 0.0232519507
v 0.0211455207 -0.0311471801 0.0227999594
v 0.0214704797 -0.0310825091 0.0227999594
v 0.0215611998 -0.0310544893 0.0230470207
v 0.0219762903 -0.0309818909 0.0227999594
v 0.0220878702 -0.0309574008 0.0227999594
v 0.0221021101 -0.0309533402 0.0228386503
v 0.0221959297 -0.0309337303 0.0227999594
v 0.0332471095 -0.0278468095 0.0184550192
v 0.0332589708 -0.0278009102 0.0185394809
v 0.0331567489 -0.0278230291 0.0185829904
v 0.0349999592 -0.0324797593 0.00116866804
v 0.0349999592 -0.0324825011 0.00107222702
v 0.0357528888 -0.0324827991 0.001069188
v 0.0379890203 -0.0192668997 -0.0261732303
v 0.0379990302 -0.0188089609 -0.0265042093
v 0.0379478298 -0.0199947301 -0.0256215893
v 0.0379204117 -0.0202836897 -0.0253922306
v 0.0379080698 -0.0204142891 -0.02528858
v 0.0379677415 -0.0197129194 -0.0258390307
v 0.0379682109 -0.0197024308 -0.0258468296
v 0.0378724895 -0.0206960998 -0.0250574909
v 0.0378565714 -0.0208224598 -0.0249538403
v 0.0376292989 -0.0219797995 -0.0239440203
v 0.0377165601 -0.0216087103 -0.0242778007
v 0.0377174616 -0.02160489 -0.0242812596
v 0.0377854109 -0.0212584697 -0.0245836899
v 0.0377930887 -0.0212192498 -0.0246179607
v 0.0372864604 -0.0230443403 -0.0229318105
v 0.0374141894 -0.0226990506 -0.0232689902
v 0.0374969207 -0.0224419795 -0.0235136095
v 0.0375283286 -0.0223443508 -0.0236065295
v 0.0375697613 -0.0221947394 -0.0237450004
v 0.0368455015 -0.0239747707 -0.0219800994
v 0.0368818007 -0.02391004 -0.0220485292
v 0.0369119607 -0.0238563996 -0.0221052095
v 0.0369889699 -0.0237078592 -0.0222598892
v 0.0371448882 -0.0233805105 -0.0225953404
v 0.0372179709 -0.0232069399 -0.0227690898
v 0.0372635685 -0.0230986401 -0.0228774492
v 0.0368445516 -0.0248077493 -0.02103501
v 0.0363832116 -0.0247077905 -0.0211896803
v 0.0364882909 -0.0245542508 -0.0213576499
v 0.0365713201 -0.0244328901 -0.0214905106
v 0.0367475711 -0.0241491701 -0.0217958
v 0.0368422791 -0.0239804294 -0.0219741408
v 0.0357003808 -0.0255302098 -0.0202631298
v 0.0357466303 -0.0254828297 -0.0203177296
v 0.03684818 -0.0256091896 -0.0200491492
v 0.0359709188 -0.0252325498 -0.02060288
v 0.0360416695 -0.0251463596 -0.0206998494
v 0.0361831114 -0.0249742195 -0.0208936892
v 0.0362913013 -0.0248302203 -0.02105367
v 0.0357054994 -0.0260517001 -0.0195804797
v 0.0352613293 -0.0259600803 -0.0197659098
v 0.0355101787 -0.0257252399 -0.0200385991
v 0.0357015692 -0.02566397 -0.0200920105
v 0.0355446301 -0.0256898906 -0.0200793091
v 0.0355612598 -0.0256729107 -0.0200989209
v 0.0349999592 -0.0265971404 -0.0189242307
v 0.0349999592 -0.0264777504 -0.0190920196
v 0.0357095487 -0.0264315605 -0.0190572701
v 0.0349999592 -0.0261874106 -0.0194999501
v 0.0351094007 -0.0260922294 -0.0196112897
v 0.0349999592 -0.0279067103 -0.0168732405
v 0.0349999592 -0.0277488809 -0.0171419904
v 0.0357247517 -0.0278705899 -0.0168450996
v 0.0349999592 -0.0273782592 -0.0177436396
v 0.0349999592 -0.0272091608 -0.0180053692
v 0.0349999592 -0.0269939303 -0.0183386803
v 0.0349999592 -0.0281059109 -0.0165340304
v 0.0357279703 -0.0282078907 -0.0162647907
v 0.0349999592 -0.0284494106 -0.0159198008
v 0.0357308909 -0.0285351202 -0.0156745296
v 0.0349999592 -0.0285663009 -0.0156999808
v 0.0349999592 -0.0287791397 -0.01529973
v 0.035733521 -0.0288517401 -0.0150748398
v 0.0349999592 -0.0288804695 -0.0150990998
v 0.0349999592 -0.0290952306 -0.0146738198
v 0.0357359014 -0.0291571599 -0.01446616
v 0.0349999592 -0.0291835591 -0.0144892298
v 0.0349999592 -0.0293977205 -0.01404172
v 0.0357379317 -0.0294508897 -0.0138489604
v 0.0349999592 -0.0294750296 -0.0138709499
v 0.0349999592 -0.0296869203 -0.0134026399
v 0.0357397087 -0.0297324602 -0.0132237598
v 0.0349999592 -0.0297544003 -0.0132447397
v 0.0349999592 -0.0299625304 -0.01275759
v 0.0357412584 -0.0300015807 -0.0125913601
v 0.0349999592 -0.0300213601 -0.0126113798
v 0.0349999592 -0.0302244406 -0.0121069504
v 0.0357425809 -0.0302579403 -0.0119525101
v 0.0349999592 -0.0302756391 -0.0119716497
v 0.0349999592 -0.0304726306 -0.01145106
v 0.03574365 -0.0305011198 -0.0113079501
v 0.0349999592 -0.0305169206 -0.0113261295
v 0.0349999592 -0.0307069402 -0.0107901599
v 0.0357446 -0.0307308994 -0.0106583796
v 0.0349999592 -0.0307448506 -0.0106757199
v 0.0349999592 -0.0309273005 -0.0101244403
v 0.0357453786 -0.0309468508 -0.0100045204
v 0.0349999592 -0.0309594795 -0.0100211501
v 0.0349999592 -0.0310630705 -0.00968885422
v 0.0357460305 -0.0311487895 -0.00934720039
v 0.0349999592 -0.0311583802 -0.00936257839
v 0.0349999592 -0.0312631093 -0.00900429394
v 0.0357466899 -0.0313364193 -0.00868707802
v 0.0349999592 -0.0313444696 -0.00870168209
v 0.0349999592 -0.03144788 -0.00831711199
v 0.0357471704 -0.03150969 -0.00802493002
v 0.0349999592 -0.0315163694 -0.00803875923
v 0.0349999592 -0.0316175185 -0.00762766507
v 0.0349999592 -0.0316740796 -0.00737458421
v 0.0349999592 -0.0317720696 -0.00693631079
v 0.0357480012 -0.0318134986 -0.00669759512
v 0.0349999592 -0.0318177305 -0.00670981407
v 0.0349999592 -0.0319116712 -0.00624346687
v 0.0357483588 -0.031944029 -0.00603389693
v 0.0349999592 -0.0320363604 -0.00554931117
v 0.0357486606 -0.0320604406 -0.00537115289
v 0.0349999592 -0.0320628211 -0.00538158417
v 0.0349999592 -0.0323211513 -0.00345671107
v 0.0349999592 -0.0322520696 -0.00406002905
v 0.0357491896 -0.0322508216 -0.00405150605
v 0.0349999592 -0.032241039 -0.00415635109
v 0.0349999592 -0.0321461484 -0.0048536649
v 0.0357498489 -0.0324680209 -0.00145202805
v 0.0349999592 -0.0324370191 -0.00205188897
v 0.0357496105 -0.0323859416 -0.00274372101
v 0.0349999592 -0.0323868282 -0.0027500391
v 0.0349999592 -0.0323864818 -0.00275510503
v 0.0349999592 -0.0324938186 -0.000641846971
v 0.0349999592 -0.0324728414 -0.00134736195
v 0.0349999592 -0.0324673615 -0.00145554496
v 0.0349999592 -0.0324911401 0.000773711014
v 0.0349999592 -0.0324998982 6.49381036e-05
v 0.0357499681 -0.0324994884 -0.000180454997
v 0.0349999592 -0.0324977599 -0.000180928997
v 0.0349999592 -0.0324475095 0.00188070501
v 0.0357631408 -0.0324202701 0.00229942705
v 0.0349999592 -0.0324191414 0.00230652001
v 0.0349999592 -0.0324001908 0.00259172893
v 0.0357801914 -0.0323135816 0.00351107097
v 0.0349999592 -0.032337781 0.00330203702
v 0.0349999592 -0.0321676694 0.0047214618
v 0.0349999592 -0.0322602913 0.00401186896
v 0.0349999592 -0.0323137008 0.00352275302
v 0.035803251 -0.0321643911 0.00470459415
v 0.0349999592 -0.0320600793 0.00543045904
v 0.035831511 -0.0319743082 0.005880713
v 0.0349999592 -0.0319780111 0.00590455486
v 0.0358642302 -0.0317444205 0.00703972485
v 0.0349999592 -0.0318357907 0.00666844798
v 0.0349999592 -0.0319377109 0.00613748981
v 0.0349999592 -0.0314862095 0.00822323468
v 0.0349999592 -0.0315208398 0.00808745623
v 0.0359007083 -0.0314754806 0.00818186905
v 0.0349999592 -0.0316858217 0.00737917423
v 0.0349999592 -0.0317507312 0.00707143499
v 0.0349999592 -0.0313407704 0.00879341271
v 0.0359401107 -0.0311682206 0.00930726528
v 0.0349999592 -0.0311837103 0.00936001539
v 0.0349999592 -0.03114569 0.00949722528
v 0.0359817706 -0.0308234002 0.0104161501
v 0.0349999592 -0.0309356991 0.0101985298
v 0.036024861 -0.0304414593 0.0115085803
v 0.0349999592 -0.0308288299 0.0105306497
v 0.0349999592 -0.0308444407 0.0104821902
v 0.0350664183 -0.0304695293 0.01158481
v 0.0349999592 -0.0304719191 0.0115911895
v 0.0349999592 -0.0307110492 0.0108968001
v 0.0351374112 -0.0300565306 0.0126703903
v 0.0349999592 -0.0303257704 0.0119944196
v 0.0349557288 -0.0296357796 0.0137395198
v 0.0349643193 -0.0296827499 0.0136256795
v 0.0352085195 -0.0296074096 0.0137396399
v 0.0349843502 -0.0297925994 0.0133591797
v 0.0349984095 -0.0299468599 0.0129778301
v 0.0349999592 -0.0300176702 0.0127999699
v 0.0349999592 -0.0300626103 0.0126858903
v 0.0352784917 -0.0291224103 0.0147925001
v 0.0347830616 -0.0291570406 0.0148711205
v 0.0348549411 -0.0293167196 0.0144968601
v 0.0348627493 -0.0293383505 0.0144457798
v 0.0349126384 -0.0294769406 0.0141187301
v 0.0349518582 -0.02962148 0.0137736704
v 0.0353462584 -0.0286015198 0.0158287808
v 0.0346940719 -0.02899318 0.0152544901
v 0.0347825214 -0.0291557908 0.0148740401
v 0.0345929787 -0.0288361907 0.0156238601
v 0.0345146582 -0.0287318807 0.0158724096
v 0.0344785415 -0.0286838394 0.0159868505
v 0.0344748385 -0.0286796 0.0159972291
v 0.0338982306 -0.0281528793 0.0173629504
v 0.0339807197 -0.0282126609 0.0171945598
v 0.03406059 -0.02827066 0.0170313697
v 0.0341562591 -0.0283521395 0.0168162491
v 0.0342118107 -0.02839946 0.01669126
v 0.0343513414 -0.0285377502 0.0163428709
v 0.0344571993 -0.0286592804 0.0160466395
v 0.0333707295 -0.0278886501 0.0182688199
v 0.0334306918 -0.0279093906 0.0181779806
v 0.0336130187 -0.0277293902 0.0183985792
v 0.0335583612 -0.0279646497 0.0179706197
v 0.0339718983 -0.0276628099 0.0182673894
v 0.0335977599 -0.0279817507 0.0179066006
v 0.0337251984 -0.0280475002 0.0176857095
v 0.0332577191 -0.0278496109 0.0184399392
v 0.0326524302 -0.0276786592 0.0193825904
v 0.0326322913 -0.0277445298 0.0192595702
v 0.0333320387 -0.0275119506 0.0190610196
v 0.0327023789 -0.0277473908 0.0191774908
v 0.0328913294 -0.0277681891 0.0189420506
v 0.032893829 -0.0277684908 0.0189388897
v 0.0330788381 -0.0278025791 0.0186933205
v 0.0324196815 -0.0277411304 0.0195029899
v 0.0324770808 -0.0277392808 0.0194401704
v 0.0325038992 -0.0277393404 0.0194098894
v 0.0320879184 -0.0275802594 0.0202784501
v 0.0320726596 -0.0277637802 0.0198694393
v 0.0327396914 -0.0273866002 0.0199081302
v 0.0322781801 -0.0277456604 0.01965761
v 0.032356441 -0.0277431607 0.0195720699
v 0.0317720696 -0.0278099701 0.0201564394
v 0.0318607613 -0.0277934 0.0200752001
v 0.0320190713 -0.0277712904 0.0199214797
v 0.0311874691 -0.0279476009 0.0206558704
v 0.0313975811 -0.0278912708 0.0204852205
v 0.0314406082 -0.0277907792 0.0206810795
v 0.0314183198 -0.0278857294 0.0204684101
v 0.0316426717 -0.0278341696 0.0202748701
v 0.0307907406 -0.0280160904 0.0211118404
v 0.0307573602 -0.0280830804 0.0209746305
v 0.0309499502 -0.0280191302 0.0208372399
v 0.0311416909 -0.0279613696 0.0206908509
v 0.0303846505 -0.0282142702 0.0212264005
v 0.0304688197 -0.0281841103 0.0211706702
v 0.0306636002 -0.0281142499 0.0210415106
v 0.0294562504 -0.0285024606 0.0220420305
v 0.0293826405 -0.0286096297 0.0217868593
v 0.0295027997 -0.0285604 0.0217288695
v 0.0297590997 -0.0284568593 0.0215940401
v 0.0298045203 -0.0284384992 0.0215701405
v 0.0301315691 -0.0282539707 0.0215668604
v 0.0300890803 -0.0283264499 0.02140796
v 0.0300984308 -0.0283227507 0.0214026496
v 0.0287578702 -0.0287593603 0.0225333497
v 0.0286628008 -0.0288801696 0.0222226307
v 0.0288745109 -0.0288181901 0.0220188405
v 0.0290163103 -0.0287598893 0.0219563209
v 0.0291211605 -0.0287168007 0.0219101291
v 0.0291928593 -0.0286873505 0.0218784809
v 0.0282467604 -0.0290729403 0.0222575609
v 0.0285474602 -0.02895182 0.0221496206
v 0.0286300704 -0.0289180204 0.0221165996
v 0.0278221294 -0.0292401891 0.0223930404
v 0.0278263595 -0.0292385202 0.0223918501
v 0.0279268604 -0.0291381404 0.0227165204
v 0.0278662406 -0.0292231403 0.0223804098
v 0.0282114092 -0.0290871803 0.0222702604
v 0.0270434003 -0.0294951703 0.0228867494
v 0.0272805002 -0.0294464808 0.0225364491
v 0.0274543706 -0.0293806698 0.0224922206
v 0.0259997807 -0.0298994705 0.0227481108
v 0.0261503402 -0.0298493505 0.0227335598
v 0.0262221601 -0.0297524296 0.0233830195
v 0.0265293699 -0.02971863 0.0226822998
v 0.0266456604 -0.0296771508 0.0226620398
v 0.0269061308 -0.0295842793 0.0226166192
v 0.0269486904 -0.0295686107 0.0226074997
v 0.0258695409 -0.0299428701 0.0227606799
v 0.0255481601 -0.0300328694 0.0229374096
v 0.02582567 -0.0299574696 0.0227649193
v 0.0257690493 -0.0299763009 0.0227703396
v 0.0251014791 -0.0301539302 0.0231759492
v 0.0253856108 -0.0300994497 0.0227925107
v 0.0254940297 -0.0300646406 0.0227862503
v 0.0242869202 -0.0304252505 0.0227999594
v 0.0244181696 -0.0303872209 0.0227999594
v 0.0246415697 -0.0302745104 0.0234135296
v 0.0249656402 -0.0302286092 0.0227999594
v 0.0249999706 -0.0302186608 0.0227999594
v 0.0231743399 -0.0306310002 0.02411603
v 0.0227761194 -0.0308065992 0.0227999594
v 0.0236787703 -0.0305132791 0.0238840505
v 0.0232811496 -0.0306849405 0.0227999594
v 0.0235460401 -0.0306211691 0.0227999594
v 0.0192258898 -0.0314404294 0.0238417294
v 0.0188606307 -0.0315260217 0.0227999594
v 0.0191736799 -0.0314812586 0.0227999594
v 0.0153531404 -0.0319441482 0.0230432097
v 0.0150251295 -0.0319791995 0.0227999594
v 0.0160238706 -0.0318795405 0.0227999594
v 0.00502616121 -0.0324765407 0.0227999594
v 0.00598675013 -0.0324579403 0.0227999594
v 0.00613844302 -0.0324550793 0.0241458993
v 0.0271582007 -0.00144100096 0.03521543
v 0.0281335097 -0.00143986905 0.0349802896
v 0.0261151101 -0.00144213403 0.0354487784
v 0.0249999706 -0.00144326605 0.0356784388
v 0.02380847 -0.00144433905 0.0359025486
v 0.0262449309 -0.00500607397 0.0352486894
v 0.0251505896 -0.005000412 0.0354912803
v 0.0262836795 -0.00571292592 0.0351812206
v 0.0251955893 -0.00570482016 0.0354282781
v 0.0263255797 -0.0064179888 0.035104569
v 0.0272653606 -0.00501179602 0.0350022316
v 0.0272973105 -0.0057211509 0.0349302217
v 0.0273318794 -0.00642883684 0.0348483287
v 0.0273686592 -0.00713473512 0.0347565413
v 0.0263702199 -0.00712108612 0.0350186788
v 0.0274072792 -0.0078386059 0.0346549116
v 0.0282415692 -0.00572943594 0.0346772596
v 0.0282683894 -0.00643980503 0.0345900618
v 0.0282968804 -0.00714850379 0.0344923101
v 0.0283268001 -0.0078552356 0.0343840718
v 0.0283577405 -0.00855976343 0.0342653282
v 0.0260555092 -0.00989967491 0.0347283408
v 0.0266173407 -0.0106035396 0.0344523713
v 0.0265663192 -0.00991183519 0.0345837995
v 0.0284540001 -0.0106576001 0.0338469706
v 0.0284216404 -0.00996118691 0.0339967608
v 0.0275300108 -0.00993639231 0.0342914388
v 0.0274883509 -0.00923967268 0.034422271
v 0.0265155993 -0.00921761896 0.0347061083
v 0.0264657103 -0.00852102041 0.0348194204
v 0.0259464309 -0.00851148274 0.0349559113
v 0.0225363299 -0.00144535303 0.0361193419
v 0.0211792495 -0.00144636596 0.0363269411
v 0.0227761809 -0.00568932202 0.0359026082
v 0.0234130602 -0.00569307804 0.0357871614
v 0.0239775702 -0.00499486923 0.0357280299
v 0.0240281206 -0.00569695188 0.0356694385
v 0.0246220808 -0.00570088578 0.0355497487
v 0.0252443496 -0.00640725996 0.03535676
v 0.0262097698 -0.00429743482 0.0353068709
v 0.0251098201 -0.00429391814 0.0355456397
v 0.0239317995 -0.00429052114 0.0357786417
v 0.0226709805 -0.00428718282 0.0360039994
v 0.0197330695 -0.00144731905 0.0365234613
v 0.0213227198 -0.00428402377 0.0362197682
v 0.0198823195 -0.00428104401 0.0364241004
v 0.0199990794 -0.00567507697 0.0363373682
v 0.0207290594 -0.00567847397 0.0362332389
v 0.0214348398 -0.00568199111 0.0361259505
v 0.0221170094 -0.00568562699 0.0360156186
v 0.0283894502 -0.00926184561 0.0341362283
v 0.0274472795 -0.00854033232 0.0345434509
v 0.0264171306 -0.00782209635 0.0349236093
v 0.0258430205 -0.00711429119 0.0351483189
v 0.0252962094 -0.00710761501 0.035276711
v 0.0247291308 -0.00710099889 0.0354034901
v 0.0241411906 -0.00709450198 0.0355285406
v 0.0235316101 -0.00708806515 0.0356514417
v 0.0228997394 -0.00708180619 0.0357720815
v 0.0222449303 -0.00707566692 0.0358900987
v 0.0215665102 -0.00706964685 0.0360052511
v 0.0208638292 -0.00706380606 0.0361173712
v 0.0201361701 -0.00705814315 0.03622609
v 0.0193828307 -0.00705265906 0.0363311693
v 0.0186032001 -0.00704741385 0.0364324413
v 0.01875728 -0.0084168911 0.0363075696
v 0.0195360705 -0.00842434075 0.0362010002
v 0.0202876907 -0.00843209028 0.0360903703
v 0.0210127197 -0.0084400773 0.0359759293
v 0.0217120592 -0.00844836235 0.0358579084
v 0.0223863106 -0.00845682621 0.03573668
v 0.0230361801 -0.00846552756 0.0356124602
v 0.0236625597 -0.00847440865 0.0354854986
v 0.0242660008 -0.00848346855 0.0353561006
v 0.0248473193 -0.00849264767 0.0352244899
v 0.0254072491 -0.0085020056 0.0350910388
v 0.0276952293 -0.0126947099 0.0336728618
v 0.02773422 -0.0133765303 0.0334954783
v 0.0277714692 -0.0140549503 0.0333094001
v 0.0286071803 -0.01408803 0.0329503417
v 0.0285786893 -0.0134093696 0.0331485197
v 0.02732604 -0.0140385004 0.0334880911
v 0.0278066304 -0.0147299096 0.0331149101
v 0.0282292292 -0.0147462403 0.0329292417
v 0.0286339503 -0.0147625804 0.0327432118
v 0.0286586806 -0.0154328896 0.0325273797
v 0.0282579605 -0.0154170897 0.0327199586
v 0.0278392993 -0.0154013 0.0329121314
v 0.0273652598 -0.0147136403 0.0332998
v 0.0268609505 -0.01402211 0.0336656496
v 0.0263257008 -0.0133277699 0.0340099894
v 0.0257590394 -0.0126314703 0.0343330503
v 0.0285488293 -0.0127268396 0.0333375297
v 0.0276549403 -0.0120097296 0.0338413715
v 0.0271505099 -0.0113070598 0.0341569111
v 0.0266682506 -0.0112926299 0.0343121216
v 0.02616602 -0.0112783303 0.0344660804
v 0.0256430507 -0.0112641398 0.034618549
v 0.0252220593 -0.0126160895 0.0344940387
v 0.0250984393 -0.0112501299 0.03476917
v 0.0253921095 -0.0146499798 0.0340250693
v 0.0253382307 -0.0139739504 0.0341886804
v 0.02591848 -0.0146656604 0.0338466689
v 0.0258679893 -0.0139897997 0.0340163112
v 0.0264221393 -0.0146815097 0.0336660706
v 0.0263752304 -0.0140058901 0.0338419005
v 0.0269041006 -0.0146975499 0.0334836803
v 0.0274017397 -0.0153856203 0.0331035815
v 0.0269442201 -0.0153700104 0.0332938991
v 0.0264658909 -0.01535457 0.0334827304
v 0.0259655695 -0.0153391901 0.0336696506
v 0.0254424196 -0.0153240496 0.0338542983
v 0.0278955102 -0.0167336408 0.0324827991
v 0.0274646804 -0.0167201702 0.0326878987
v 0.0279182699 -0.0173950102 0.0322566591
v 0.0274903104 -0.0173833296 0.0324687883
v 0.0279369298 -0.0180535298 0.0320232511
v 0.0275114104 -0.0180439893 0.0322425887
v 0.0279511195 -0.0187093597 0.0317826197
v 0.0275275707 -0.0187025592 0.0320092998
v 0.0279604103 -0.0193628594 0.0315351412
v 0.0275382902 -0.0193592291 0.0317692682
v 0.0275431797 -0.0200142805 0.0315226912
v 0.0271015707 -0.0200143401 0.0317628905
v 0.0270929895 -0.0206735693 0.031523101
v 0.0266304594 -0.0206787493 0.0317684412
v 0.0266013704 -0.0213512108 0.0315365084
v 0.0261166003 -0.0213634297 0.0317855999
v 0.0260674898 -0.0220580101 0.03155642
v 0.0270137694 -0.0167068206 0.0328917503
v 0.0270421505 -0.0173716508 0.0326796696
v 0.0270655695 -0.0180345699 0.0324606188
v 0.0270836297 -0.0186957698 0.0322346613
v 0.0270957891 -0.0193555895 0.0320020318
v 0.0266385004 -0.0200144593 0.0320012495
v 0.0261453297 -0.0206839405 0.0320113301
v 0.0260473993 -0.0166804101 0.0332942009
v 0.0255298596 -0.01666742 0.0334920213
v 0.0260809604 -0.0173486993 0.0330960713
v 0.0255657993 -0.01733738 0.0333006904
v 0.0261088591 -0.0180159193 0.0328911506
v 0.0255957805 -0.0180067401 0.0331027508
v 0.02613049 -0.0186823606 0.03267961
v 0.0256191399 -0.0186758004 0.0328982398
v 0.0261453893 -0.0193484407 0.0324615799
v 0.0256352406 -0.0193449799 0.0326874182
v 0.0256435797 -0.0200145803 0.0324702784
v 0.0251094606 -0.0200146995 0.0327000618
v 0.0251029693 -0.02069401 0.0324877985
v 0.0283072498 -0.0167471692 0.032276921
v 0.0283271 -0.0174067598 0.0320436917
v 0.0283433106 -0.0180630591 0.0318030082
v 0.0283554699 -0.0187162105 0.0315550491
v 0.0283632204 -0.0193665009 0.0313001201
v 0.0279643498 -0.0200141594 0.0312809907
v 0.0275340602 -0.0206683204 0.0312758014
v 0.0270636007 -0.0213389304 0.0312848613
v 0.0265520792 -0.0220371392 0.0313015506
v 0.0259990003 -0.0227677207 0.0313217603
v 0.0249880496 -0.0166546106 0.0336869918
v 0.0250262599 -0.0173262898 0.0335023887
v 0.0250581503 -0.0179976802 0.0333113
v 0.0250830594 -0.0186692998 0.0331138298
v 0.0251004007 -0.0193415191 0.0329100415
v 0.0248953104 -0.0153091503 0.0340363309
v 0.0243233405 -0.0152944904 0.0342153907
v 0.02372545 -0.0152800595 0.0343909785
v 0.0245313607 -0.01123631 0.0349176489
v 0.0240781903 -0.0125859296 0.0348086916
v 0.0236043297 -0.0139278099 0.0346895382
v 0.0231006704 -0.0152660003 0.0345628783
v 0.0232067108 -0.0166176502 0.0342509709
v 0.0232505202 -0.0172940399 0.0340858102
v 0.0232872292 -0.0179715101 0.0339146182
v 0.0239409804 -0.0112227201 0.0350636207
v 0.0234696195 -0.0125712696 0.0349618085
v 0.0229750201 -0.0139130298 0.0348499417
v 0.0224479996 -0.0152522298 0.0347306095
v 0.0218786504 -0.0165943503 0.0346054994
v 0.0212566797 -0.0179472491 0.0344751999
v 0.01819342 -0.00144821405 0.0367071591
v 0.0165560208 -0.00144904805 0.0368760787
v 0.0148166995 -0.00144982303 0.0370284915
v 0.0168240592 -0.00566262007 0.0367166884
v 0.0184637904 -0.00566858007 0.0365349613
v 0.0167064592 -0.00427567912 0.0367906615
v 0.0183451697 -0.00427824212 0.0366150104
v 0.0129711004 -0.00145047903 0.037162479
v 0.0169622805 -0.00703751994 0.0366222188
v 0.0149615398 -0.00427335501 0.0369490907
v 0.0150748398 -0.00565725518 0.0368806683
v 0.0152080003 -0.00702857878 0.0367934704
v 0.0153552201 -0.00839024689 0.0366875492
v 0.0162502509 -0.0083963871 0.0366000496
v 0.0171151105 -0.00840288401 0.0365073606
v 0.0179505292 -0.00840973761 0.0364097916
v 0.0131058004 -0.00427126791 0.0370883904
v 0.0132111898 -0.00565254595 0.0370247886
v 0.0133349802 -0.00702071097 0.0369439684
v 0.0134719601 -0.00837916136 0.0368460417
v 0.0136166802 -0.00973117258 0.0367309414
v 0.0255243108 -0.00988763478 0.0348715112
v 0.0249719601 -0.00987571385 0.0350129604
v 0.0243977308 -0.00986397173 0.0351523682
v 0.0238007307 -0.00985246804 0.0352894589
v 0.0231802408 -0.00984114408 0.0354239903
v 0.0225354992 -0.00983005669 0.0355556011
v 0.0218656603 -0.00981926918 0.0356840417
v 0.0211699605 -0.00980871916 0.0358090401
v 0.0204476696 -0.00979852583 0.0359303318
v 0.0196979605 -0.00978869107 0.0360475108
v 0.0189200602 -0.00977915525 0.0361603983
v 0.0181131903 -0.00977003481 0.0362687111
v 0.0172765199 -0.00976133347 0.0363721214
v 0.0164093301 -0.00975310802 0.0364703499
v 0.0155108497 -0.00974529888 0.0365630314
v 0.0145801902 -0.00973796844 0.0366499983
v 0.0110149896 -0.00145101501 0.037276201
v 0.00894409418 -0.00145143201 0.0373678803
v 0.006754159 -0.00145178998 0.0374356508
v 0.0111344997 -0.00426953984 0.0372066386
v 0.00904291775 -0.00426816894 0.0373019502
v 0.00444084406 -0.00145196903 0.0374776684
v 0.00445639994 -0.00287204911 0.03745424
v 0.00921118166 -0.0070087309 0.0371748209
v 0.00688302517 -0.00564295007 0.0373186991
v 0.00694954302 -0.00700473692 0.0372509286
v 0.00451129582 -0.00564145995 0.0373638794
v 0.00454759505 -0.00700229406 0.0372981392
v 0.00458782911 -0.00835311413 0.0372188017
v 0.00941795111 -0.00970953703 0.0369883105
v 0.00702309608 -0.0083565712 0.0371690914
v 0.00710088015 -0.00970238354 0.0370732509
v 0.00463032722 -0.00969791412 0.0371258818
v 0.0068264599 -0.00426715612 0.0373724103
v 0.0133768898 -0.0207534395 0.0352928005
v 0.0133355204 -0.0223398805 0.0349991918
v 0.0143693602 -0.0223289691 0.0348664485
v 0.0190855209 -0.0111364704 0.0359911881
v 0.0182785299 -0.0111257397 0.0361064598
v 0.0184406005 -0.0124791795 0.0359231792
v 0.0176015999 -0.0124679198 0.0360408388
v 0.0177534204 -0.0138213597 0.0358449817
v 0.01687943 -0.0138103301 0.0359646603
v 0.0170144998 -0.0151680103 0.0357572995
v 0.0161027908 -0.0151581103 0.0358784087
v 0.0162148997 -0.01652514 0.0356600806
v 0.0152629605 -0.0165172201 0.0357817411
v 0.0153464004 -0.0179005805 0.0355520211
v 0.0143523803 -0.0178953409 0.0356730781
v 0.0144026196 -0.0193022992 0.03543102
v 0.0133654997 -0.0193004608 0.03555011
v 0.0144146597 -0.0200156495 0.0353020392
v 0.0133770099 -0.0200156495 0.0354249403
v 0.0144143105 -0.0207507592 0.0351662599
v 0.0143990498 -0.0215217993 0.0350214206
v 0.0153620802 -0.0223172307 0.0347223803
v 0.01539391 -0.0215148907 0.0348806307
v 0.0154104196 -0.0207479 0.0350289308
v 0.0154110696 -0.0200155899 0.0351686403
v 0.0153985601 -0.0193043295 0.0353018008
v 0.0163008496 -0.0179061797 0.0354219005
v 0.0171290599 -0.0165336691 0.0355303809
v 0.01789039 -0.0151785603 0.0356290899
v 0.0185934901 -0.0138329798 0.03571897
v 0.0192476492 -0.0124909803 0.0357999206
v 0.0198624693 -0.0111476099 0.0358708985
v 0.009526073 -0.0110544497 0.0368728004
v 0.0096321702 -0.0124007398 0.0367421508
v 0.0117184501 -0.0110658398 0.0367504917
v 0.0107589299 -0.0124066398 0.0366808698
v 0.00475615216 -0.0137367798 0.0367635414
v 0.00739741279 -0.01510345 0.036544621
v 0.00733107282 -0.0137426797 0.0366994105
v 0.00855296757 -0.0137470299 0.0366523787
v 0.00718003511 -0.0110460501 0.0369632207
v 0.00467354013 -0.0110408003 0.0370193087
v 0.00725769904 -0.0123915002 0.0368387587
v 0.00471603777 -0.01238578 0.0368986689
v 0.00484704878 -0.0178697109 0.036263939
v 0.00616210606 -0.0164755508 0.0364162885
v 0.00482326699 -0.0164735299 0.0364472792
v 0.0174406692 -0.0111154905 0.0362166092
v 0.0165711008 -0.0111057702 0.0363211595
v 0.0167297106 -0.0124572497 0.0361526012
v 0.0158241298 -0.0124471104 0.0362581611
v 0.0159706399 -0.0137999598 0.0360776708
v 0.0150259696 -0.0137901902 0.0361836515
v 0.0151541801 -0.0151488101 0.0359919593
v 0.0141676599 -0.0151401097 0.0360976383
v 0.0142721497 -0.0165097695 0.0358948708
v 0.0132415202 -0.0165029094 0.035999231
v 0.0133176995 -0.0178904496 0.0357846618
v 0.0122413598 -0.0178861003 0.0358862802
v 0.0111634703 -0.0192972999 0.0357561111
v 0.0100058299 -0.02076005 0.0356029794
v 0.0156690404 -0.0110965902 0.0364199206
v 0.0147335501 -0.0110879503 0.03651255
v 0.0148839299 -0.0124376398 0.0363571011
v 0.0139082596 -0.0124288201 0.0364491902
v 0.01404458 -0.0137811303 0.0362822413
v 0.0130254598 -0.0137727195 0.036373131
v 0.0131422803 -0.0151321199 0.0361949801
v 0.0120770298 -0.01512485 0.0362837315
v 0.0121699497 -0.0164967105 0.0360942408
v 0.0110564204 -0.0164911095 0.0361795984
v 0.0111221597 -0.0178820994 0.0359775983
v 0.00995916128 -0.0178786498 0.03605818
v 0.00999641418 -0.0192959309 0.035842061
v 0.00878381729 -0.0192947909 0.03591609
v 0.00879222061 -0.0207617208 0.0356816016
v 0.00753176212 -0.0207630899 0.0357470512
v 0.00751137687 -0.02237886 0.0354757905
v 0.00620782282 -0.0223833304 0.0355300903
v 0.0122595401 -0.0223497692 0.0351201817
v 0.0111402199 -0.0223586503 0.035228841
v 0.0099764457 -0.02236652 0.035324689
v 0.0087672472 -0.0223732498 0.0354071818
v 0.00973242521 -0.0137522202 0.0365959406
v 0.00863212254 -0.0151076298 0.0364942513
v 0.00745379878 -0.0164783504 0.0363736711
v 0.00619619992 -0.0178711396 0.0362307988
v 0.00486207008 -0.0192925297 0.0360617004
v 0.00343620707 -0.01647228 0.0364661813
v 0.00344866491 -0.0178688094 0.0362841412
v 0.0137638403 -0.0110799596 0.0365986787
v 0.0127590802 -0.0110725705 0.0366781317
v 0.0128961196 -0.0124207102 0.036534071
v 0.0118466597 -0.0124132596 0.0366114303
v 0.0119677102 -0.0137650901 0.0364559218
v 0.01087033 -0.0137582403 0.0365303084
v 0.0109709501 -0.0151183596 0.0363634191
v 0.00982296374 -0.0151125696 0.0364337489
v 0.00989991426 -0.0164861605 0.0362549387
v 0.00869941711 -0.0164818708 0.0363197289
v 0.00875121262 -0.0178756099 0.0361275002
v 0.00749725103 -0.0178730991 0.0361852013
v 0.0075246091 -0.0192938391 0.0359776616
v 0.00621771812 -0.0192930605 0.0360263512
v 0.00622344017 -0.0207641702 0.0357987806
v 0.00486606313 -0.0207649991 0.0358363315
v 0.00485551311 -0.0223865509 0.0355694816
v 0.003453254 -0.0223885104 0.0355934985
v 0.00345647288 -0.0192921702 0.036083281
v 0.00345861888 -0.0207654797 0.0358592197
v 0.0279410407 -0.0261476003 0.02814674
v 0.0271402504 -0.0263414308 0.0287382007
v 0.0266305804 -0.0267621204 0.0288593695
v 0.0265436694 -0.0270793401 0.0286677405
v 0.0260973498 -0.0271860305 0.0289625507
v 0.0260062795 -0.0274997298 0.0287527405
v 0.0287009999 -0.0167606995 0.0320706889
v 0.0287178699 -0.0174185596 0.0318303108
v 0.0287315194 -0.0180725995 0.0315823518
v 0.0287416503 -0.0187231302 0.0313270018
v 0.0287479106 -0.0193701908 0.0310645606
v 0.0283662602 -0.0200140998 0.0310383998
v 0.0279547498 -0.0206630807 0.0310270097
v 0.0275044404 -0.0213264804 0.0310312491
v 0.0270141903 -0.0220161006 0.0310441796
v 0.0264834706 -0.0227368996 0.0310615804
v 0.0259121601 -0.0234900098 0.0310805403
v 0.0251800995 -0.0250134394 0.0308495108
v 0.0256874505 -0.0249487106 0.0305778906
v 0.0253004394 -0.0242724996 0.0310993101
v 0.0258079097 -0.0242195707 0.0308324602
v 0.0254045092 -0.0235313699 0.0313425586
v 0.0254912302 -0.0227982402 0.0315787718
v 0.0255594794 -0.0220786296 0.03180819
v 0.0256082397 -0.0213754699 0.0320317112
v 0.02563655 -0.0206890106 0.032251291
v 0.0261528995 -0.0200145207 0.0322371684
v 0.0266318899 -0.0193520095 0.0322329402
v 0.0266183596 -0.0186890308 0.0324582383
v 0.0265984498 -0.0180251505 0.0326769315
v 0.0265727006 -0.0173601508 0.0328888819
v 0.0265416503 -0.0166935306 0.0330939814
v 0.0246490799 -0.0250772797 0.0311172605
v 0.0247689392 -0.0243247095 0.031362351
v 0.0248726606 -0.0235721394 0.0316008292
v 0.0249589607 -0.0228282809 0.0318320915
v 0.0250267908 -0.0220989492 0.0320563316
v 0.0250751302 -0.0213873293 0.0322743617
v 0.0269716904 -0.0269719902 0.0283711497
v 0.0264534298 -0.0273879692 0.02845788
v 0.0259117391 -0.0278030001 0.0285242703
v 0.0264952108 -0.02837836 0.0271567702
v 0.0273166206 -0.0281186104 0.0265735891
v 0.0265964195 -0.0281218197 0.0274308901
v 0.0274140798 -0.0278691594 0.0268425904
v 0.0266947709 -0.0278517008 0.0276902895
v 0.0275089107 -0.0276070796 0.0270981099
v 0.0267901998 -0.0275691692 0.0279340707
v 0.0276011191 -0.0273334906 0.0273391604
v 0.0268825199 -0.0272755008 0.0281612203
v 0.0276905205 -0.0270495396 0.0275650006
v 0.0256087705 -0.0286360309 0.0277354103
v 0.0257128999 -0.0283725206 0.0280145407
v 0.0258139297 -0.0280944109 0.0282778703
v 0.0260642692 -0.02924609 0.0259352904
v 0.0269029699 -0.0289701205 0.0253817402
v 0.0261756703 -0.0290544592 0.02625685
v 0.0270097796 -0.0287805703 0.0256947204
v 0.0262847506 -0.0288455393 0.0265685301
v 0.0271143895 -0.0285751205 0.0259985905
v 0.0263912603 -0.0286199395 0.0268689897
v 0.0272166692 -0.0283542201 0.0262919609
v 0.0253522899 -0.0300096795 0.02387923
v 0.0254755002 -0.0299285594 0.0242298804
v 0.0263398793 -0.0296643898 0.0237240698
v 0.0255970899 -0.0298292004 0.0245792195
v 0.0264560506 -0.0295596104 0.0240637008
v 0.0257168394 -0.0297113601 0.0249258205
v 0.0265705492 -0.0294378903 0.0244005304
v 0.0258347299 -0.0295749307 0.0252683703
v 0.0266832709 -0.0292991307 0.0247333609
v 0.0259506106 -0.0294197705 0.0256053209
v 0.02679413 -0.0291431509 0.0250608306
v 0.0251643006 -0.02951991 0.0264844801
v 0.0252794009 -0.0293262005 0.0268145204
v 0.0253919307 -0.0291138794 0.0271340609
v 0.0255017802 -0.0288835708 0.0274414998
v 0.0256317798 -0.0272918306 0.0292550903
v 0.0255399905 -0.0276105907 0.0290453397
v 0.0254447404 -0.0279186908 0.0288161598
v 0.0253460407 -0.0282144509 0.0285684392
v 0.0252439901 -0.0284965597 0.0283032004
v 0.0251387898 -0.0287635308 0.0280215703
v 0.0245404802 -0.0291430298 0.0280050002
v 0.0251458194 -0.02739661 0.0295447093
v 0.0250536203 -0.0277203899 0.0293349605
v 0.0249577705 -0.0280331895 0.0291051809
v 0.0248584095 -0.0283333007 0.0288561508
v 0.0247556493 -0.0286192801 0.0285890102
v 0.0246496201 -0.0288897101 0.0283049308
v 0.0241956096 -0.0297893807 0.0270250402
v 0.0243133307 -0.0295937005 0.0273634102
v 0.0244283006 -0.0293779895 0.0276906397
v 0.0234404802 -0.0305160806 0.0248562004
v 0.0244272295 -0.0302649103 0.0243716203
v 0.0235712491 -0.03044861 0.0252255704
v 0.0245548394 -0.0301906392 0.0247316901
v 0.0237003509 -0.0303598605 0.0255940501
v 0.0246807896 -0.0300966501 0.0250906292
v 0.0238274895 -0.0302496497 0.0259599593
v 0.0248048306 -0.0299826209 0.0254470091
v 0.02395254 -0.0301178601 0.0263215806
v 0.0249269009 -0.02984857 0.0257991496
v 0.02407532 -0.02996438 0.0266771894
v 0.0250467602 -0.0296942499 0.0261455104
v 0.0246384703 -0.0275001507 0.0298308097
v 0.0245460793 -0.0278288703 0.0296211205
v 0.0244499408 -0.0281462595 0.0293906908
v 0.0243501607 -0.0284506604 0.0291403495
v 0.0242469292 -0.0287405793 0.02887135
v 0.0241402909 -0.0290143993 0.0285848305
v 0.0240304396 -0.02927058 0.0282819793
v 0.0239176098 -0.0295078102 0.0279642306
v 0.0238017999 -0.0297251306 0.0276331902
v 0.0236832406 -0.0299218204 0.0272907
v 0.0230290797 -0.0302280094 0.0271960404
v 0.0241675898 -0.0303943697 0.0236497503
v 0.0238566902 -0.0305390302 0.0227999594
v 0.0241087601 -0.0276021902 0.0301127993
v 0.0240163803 -0.0279357992 0.0299031697
v 0.0239201691 -0.0282577798 0.0296721403
v 0.0238202196 -0.0285664201 0.0294205509
v 0.0237167403 -0.0288600903 0.0291496497
v 0.0236098096 -0.02913725 0.0288607404
v 0.0234996602 -0.02939629 0.0285549704
v 0.0233863499 -0.02963572 0.0282338802
v 0.0232700706 -0.0298547093 0.0278990809
v 0.0231509209 -0.0300524198 0.0275525395
v 0.0240932703 -0.0251400396 0.0313805304
v 0.0242124107 -0.0243759695 0.0316209719
v 0.0243154094 -0.0236122608 0.0318548009
v 0.0244011208 -0.0228577796 0.0320812985
v 0.0244684201 -0.0221189205 0.0323004089
v 0.0245162193 -0.0213990193 0.0325129591
v 0.0245434605 -0.0206989609 0.0327204391
v 0.0245494805 -0.0200147592 0.0329260789
v 0.0245396998 -0.0193380695 0.0331289694
v 0.0245212894 -0.0186629202 0.0333257914
v 0.0244949404 -0.0179887991 0.0335163996
v 0.0244612601 -0.0173153207 0.0337007605
v 0.0244209692 -0.0166420303 0.0338787399
v 0.0222663209 -0.0253206994 0.0321383998
v 0.02290296 -0.0252618697 0.0318916999
v 0.0223814193 -0.0245236699 0.0323655009
v 0.0230196696 -0.0244755708 0.032123141
v 0.0224808399 -0.0237276498 0.0325858518
v 0.0231206398 -0.0236901008 0.0323478505
v 0.02256345 -0.0229428392 0.0327983983
v 0.0232044999 -0.0229151808 0.0325649902
v 0.022628 -0.0221764408 0.0330028497
v 0.0232701302 -0.0221577194 0.0327741504
v 0.0226734802 -0.0214326307 0.0331996009
v 0.0233165007 -0.0214216709 0.0329760909
v 0.0226988103 -0.0207131505 0.0333899818
v 0.0233425405 -0.0207084995 0.0331720114
v 0.0227032304 -0.0200149994 0.033576481
v 0.0233474299 -0.0200149398 0.0333647691
v 0.0226916596 -0.0193282906 0.0337591693
v 0.0233364701 -0.0193315092 0.0335540101
v 0.0216006003 -0.0253779199 0.032378491
v 0.0217136703 -0.0245703999 0.0326013491
v 0.0218113605 -0.0237642508 0.0328174196
v 0.0218924806 -0.0229697805 0.0330256186
v 0.0219557807 -0.0221946798 0.0332253501
v 0.0220002495 -0.0214432403 0.0334171616
v 0.0220248103 -0.0207176208 0.0336020514
v 0.0220287405 -0.0200150609 0.0337825418
v 0.02201676 -0.0193251893 0.033958789
v 0.0201777201 -0.0254870597 0.0328364894
v 0.0209047701 -0.0254334193 0.0326113701
v 0.02028572 -0.0246596895 0.0330512486
v 0.0210154597 -0.0246158205 0.0328301117
v 0.0203789994 -0.0238339901 0.0332592689
v 0.0211111307 -0.02379971 0.0330420695
v 0.02045637 -0.0230211597 0.0334590003
v 0.0211904608 -0.0229958799 0.0332459807
v 0.0205166303 -0.0222294293 0.0336499214
v 0.02125239 -0.0222123191 0.0334412418
v 0.0205586497 -0.0214635693 0.0338321887
v 0.0212956592 -0.0214536097 0.0336281583
v 0.0205815397 -0.0207262002 0.0340067111
v 0.0213194396 -0.0207219701 0.0338078104
v 0.02058452 -0.0200152304 0.0341755711
v 0.0213229004 -0.0200151801 0.0339823887
v 0.0205718204 -0.0193192903 0.0343395993
v 0.0213105008 -0.0193222109 0.0341524407
v 0.0219949391 -0.01863873 0.0341291986
v 0.0226705596 -0.0186445694 0.0339359604
v 0.0233161394 -0.0186505299 0.0337373018
v 0.0194183495 -0.0255387407 0.0330532715
v 0.0195232593 -0.0247018896 0.0332642682
v 0.0196139198 -0.0238670092 0.0334684215
v 0.0196890198 -0.0230454803 0.0336641595
v 0.0197474901 -0.0222458802 0.0338508412
v 0.0197881404 -0.02147316 0.0340286382
v 0.0198101401 -0.0207302496 0.0341982804
v 0.0198126398 -0.02001529 0.0343617201
v 0.0197997 -0.0193164907 0.0345199108
v 0.0205171108 -0.0179396197 0.0346506201
v 0.0211694203 -0.0165832601 0.0347750708
v 0.0217664801 -0.0152388196 0.0348938704
v 0.0223184805 -0.0138986101 0.0350065194
v 0.0228353105 -0.0125569096 0.0351115987
v 0.0233264491 -0.0112094199 0.0352068506
v 0.0213882904 -0.0309438705 0.0261737704
v 0.0225179698 -0.03070038 0.0257076006
v 0.0226488691 -0.0306167603 0.0260853693
v 0.0235556308 -0.0277025606 0.0303901993
v 0.0234634802 -0.0280409399 0.0301805697
v 0.0233674608 -0.0283674505 0.0299489405
v 0.0232676193 -0.0286801998 0.0296960995
v 0.0231642108 -0.0289776903 0.0294233505
v 0.0230572801 -0.0292581301 0.0291320607
v 0.0229470097 -0.02951991 0.0288234893
v 0.0228335802 -0.0297615491 0.0284990594
v 0.0227171108 -0.0299821403 0.0281606298
v 0.0225977302 -0.03018081 0.0278100893
v 0.0224756002 -0.0303566996 0.0274493601
v 0.0229046308 -0.0303807203 0.0268314406
v 0.0223508999 -0.0305090491 0.0270803496
v 0.0227778498 -0.0305102393 0.0264605805
v 0.0222237706 -0.0306375008 0.0267050192
v 0.0220944192 -0.0307421591 0.0263252202
v 0.0229780003 -0.0278010294 0.0306622908
v 0.0228863899 -0.0281441193 0.0304527208
v 0.0227907803 -0.0284750406 0.0302204397
v 0.0226913597 -0.0287919007 0.0299664102
v 0.0225882493 -0.0290930197 0.0296918694
v 0.0224816203 -0.02937668 0.0293982606
v 0.0223715901 -0.0296412092 0.0290868804
v 0.0222583394 -0.0298850499 0.0287592392
v 0.0221420508 -0.0301072001 0.0284172203
v 0.02202278 -0.0303068105 0.0280628204
v 0.0219007693 -0.030483 0.0276979208
v 0.0217760801 -0.0306349304 0.0273246095
v 0.0216489397 -0.0307623092 0.0269448105
v 0.0215195995 -0.0308652502 0.0265605394
v 0.0223852899 -0.0307612997 0.0253291707
v 0.0212552492 -0.0309983995 0.0257865693
v 0.0209847596 -0.0310853701 0.0250113606
v 0.0201933291 -0.0313172899 0.0227999594
v 0.0204293095 -0.0312516615 0.0234529898
v 0.0215595309 -0.0309747402 0.0247933809
v 0.0210881792 -0.0280828997 0.0314413309
v 0.0204024892 -0.0281716492 0.0316866003
v 0.0209996104 -0.0284394603 0.0312318802
v 0.0203155205 -0.0285324398 0.0314772688
v 0.0209070407 -0.0287830196 0.0309978705
v 0.0202245098 -0.0288800001 0.0312426593
v 0.0208105408 -0.0291115604 0.0307403207
v 0.0201296192 -0.0292122308 0.0309840403
v 0.0207102802 -0.0294232294 0.0304607097
v 0.0200309101 -0.0295272395 0.0307027604
v 0.0206063893 -0.0297161303 0.0301604196
v 0.0199286304 -0.0298230592 0.0304003898
v 0.0204990506 -0.0299884602 0.0298410598
v 0.0198229495 -0.0300977807 0.0300784707
v 0.0203884803 -0.0302384403 0.0295041203
v 0.0197139308 -0.0303497892 0.0297386609
v 0.0202747509 -0.0304651204 0.0291517898
v 0.0196018796 -0.0305778291 0.0293831192
v 0.0201580506 -0.0306674205 0.0287861805
v 0.0194867793 -0.0307810307 0.0290139895
v 0.0200385395 -0.0308445003 0.0284094196
v 0.0193689391 -0.0309583507 0.0286334697
v 0.01991635 -0.0309953596 0.0280237701
v 0.0192483608 -0.0311088506 0.02824389
v 0.0197916608 -0.0311196409 0.0276312791
v 0.0191253405 -0.0312321708 0.0278473999
v 0.0196647607 -0.0312175099 0.0272341892
v 0.0190001093 -0.0313284285 0.0274463203
v 0.0195358898 -0.0312891006 0.0268347804
v 0.0188729092 -0.0313978083 0.0270429198
v 0.0194053594 -0.0313345715 0.0264351293
v 0.0187441092 -0.0314404294 0.0266393404
v 0.0191399995 -0.0314021111 0.0256354194
v 0.01848232 -0.0315018184 0.0258319303
v 0.0182172004 -0.0316179916 0.0227999594
v 0.0185956303 -0.0315311514 0.0240285899
v 0.0197758004 -0.0312992893 0.0254328195
v 0.0203904491 -0.0311936699 0.0252246801
v 0.0200437307 -0.0312254392 0.0262246095
v 0.0206601005 -0.0311133191 0.0260083005
v 0.0201755092 -0.0311770402 0.0266201999
v 0.0207927208 -0.0310618803 0.0263997298
v 0.0203056298 -0.03110319 0.0270155594
v 0.0209236108 -0.0309856497 0.0267907903
v 0.0204337798 -0.0310036503 0.0274084192
v 0.0210525896 -0.0308844391 0.0271794107
v 0.0205596592 -0.0308783595 0.0277967993
v 0.0211793091 -0.0307581406 0.0275635701
v 0.0206831004 -0.0307271406 0.0281785093
v 0.0213035308 -0.0306065604 0.0279411003
v 0.0208038595 -0.0305503607 0.0285513401
v 0.0214251205 -0.0304300692 0.0283100605
v 0.0209218208 -0.0303489491 0.0289133694
v 0.02154392 -0.0302294996 0.0286682807
v 0.0210367404 -0.0301237702 0.0292623602
v 0.02165973 -0.0300058704 0.0290138703
v 0.0211485606 -0.0298757497 0.0295962598
v 0.0217724405 -0.0297598802 0.0293446705
v 0.0212571602 -0.0296059791 0.0299130008
v 0.0218818709 -0.0294927303 0.0296587907
v 0.0213622991 -0.0293160602 0.0302111506
v 0.0219879709 -0.0292059109 0.02995467
v 0.0214638095 -0.0290077906 0.0304891393
v 0.0220904294 -0.0289011505 0.0302309301
v 0.0215616208 -0.0286830608 0.0307455603
v 0.0221891906 -0.0285803005 0.0304862205
v 0.0216554906 -0.0283436105 0.0309789702
v 0.0222840309 -0.0282450896 0.0307190996
v 0.0217453204 -0.0279914103 0.0311884191
v 0.0223749205 -0.0278973505 0.0309285503
v 0.0221155193 -0.03086197 0.0245711803
v 0.0226535201 -0.0307473503 0.0243452694
v 0.0226914808 -0.0308251306 0.0227999594
v 0.0196871702 -0.0282574799 0.0319237709
v 0.0196020603 -0.0286223795 0.0317144282
v 0.0195129495 -0.0289737508 0.0314793512
v 0.0194199607 -0.0293095708 0.0312195998
v 0.0193232205 -0.0296277404 0.0309367701
v 0.0192229096 -0.0299263503 0.0306324307
v 0.0191191994 -0.0302035194 0.0303080603
v 0.0190122109 -0.03045737 0.0299654007
v 0.0189021807 -0.0306867901 0.0296066906
v 0.0187891703 -0.0308908205 0.0292341709
v 0.0186733603 -0.0310683809 0.0288500693
v 0.0185548607 -0.0312185194 0.0284567401
v 0.0184339192 -0.0313409492 0.0280563794
v 0.0183108393 -0.031435661 0.0276514199
v 0.0181858502 -0.0315028988 0.0272440892
v 0.01805925 -0.0315427706 0.0268367492
v 0.0178019404 -0.0315982588 0.0260218903
v 0.0172742605 -0.0317042395 0.0243850295
v 0.0165817104 -0.0317861401 0.0245537702
v 0.0170980599 -0.0316910706 0.0262048803
v 0.0173498895 -0.0316413604 0.0270268898
v 0.0174738094 -0.0316041112 0.0274378601
v 0.0175961796 -0.0315389596 0.0278489497
v 0.0177166406 -0.0314456783 0.0282576606
v 0.0178349596 -0.0313242003 0.0286617205
v 0.0179508906 -0.0311743598 0.0290586893
v 0.0180642009 -0.0309965592 0.0294462405
v 0.01817476 -0.0307916906 0.0298220497
v 0.0182823502 -0.0305609703 0.0301837903
v 0.0183869004 -0.0303053204 0.0305291396
v 0.0184882209 -0.0300258901 0.0308558308
v 0.0185862109 -0.0297245309 0.0311622005
v 0.0186806899 -0.02940326 0.0314465091
v 0.0187714007 -0.0290640499 0.0317072794
v 0.0188582502 -0.0287089292 0.0319428407
v 0.0189412199 -0.0283400994 0.0321521685
v 0.0186256096 -0.0255883299 0.0332612917
v 0.0187270604 -0.0247424208 0.0334686004
v 0.0188147407 -0.0238986593 0.0336690508
v 0.0188874006 -0.0230688397 0.0338609815
v 0.0189437792 -0.0222616103 0.0340436585
v 0.0189830009 -0.0214824006 0.0342171118
v 0.0190039799 -0.0207341891 0.0343819782
v 0.0190060697 -0.0200153496 0.0345401689
v 0.0189930201 -0.0193138104 0.0346928798
v 0.0197443906 -0.0179322902 0.0348195396
v 0.0204285905 -0.0165724698 0.0349390507
v 0.0210550409 -0.0152258202 0.0350521803
v 0.0216336809 -0.0138846003 0.0351588093
v 0.0221744701 -0.0125428997 0.0352578089
v 0.0226870105 -0.0111963702 0.0353470407
v 0.0220217109 -0.0111836102 0.0354838297
v 0.0213297606 -0.0111712804 0.0356169902
v 0.0214862209 -0.0125293098 0.0354000293
v 0.0207695905 -0.0125160804 0.0355380699
v 0.0209197402 -0.0138709499 0.0353065692
v 0.0201756898 -0.0138578396 0.0354494415
v 0.0203126594 -0.0152133098 0.0352052413
v 0.0195384603 -0.01520121 0.0353526399
v 0.0196551606 -0.0165621005 0.0350969397
v 0.0188481808 -0.0165522005 0.0352483913
v 0.0189375207 -0.0179252606 0.0349815413
v 0.0180953108 -0.0179185793 0.0351362191
v 0.0181506202 -0.0193112399 0.0348579809
v 0.0172715094 -0.0193087999 0.0350148007
v 0.0181637406 -0.0200154092 0.0347105786
v 0.0172845107 -0.0200154707 0.0348724686
v 0.0181620102 -0.0207378808 0.0345573984
v 0.0172831994 -0.0207413994 0.0347240493
v 0.0181421004 -0.0214912202 0.0343969986
v 0.0172642991 -0.0214995705 0.0345678888
v 0.0181045495 -0.0222766902 0.0342277214
v 0.01722854 -0.0222909991 0.0344025418
v 0.0180503093 -0.02309113 0.0340489112
v 0.0171767399 -0.0231122896 0.0342273712
v 0.0179804508 -0.0239289403 0.0338605605
v 0.0171099305 -0.0239576101 0.0340425298
v 0.0178961102 -0.0247811005 0.0336636305
v 0.0206102692 -0.0111592403 0.0357460901
v 0.0200236998 -0.0125033204 0.0356714688
v 0.0194005892 -0.0138451401 0.035587009
v 0.0187313501 -0.0151896402 0.0354940817
v 0.0180064403 -0.0165426694 0.0353929885
v 0.0172167998 -0.0179121997 0.0352831408
v 0.0163544994 -0.0193064809 0.0351629183
v 0.0163673107 -0.0200155303 0.0350252911
v 0.0163663607 -0.0207447391 0.0348814093
v 0.0163486507 -0.0215074997 0.0347292982
v 0.0163147394 -0.0223045293 0.0345675908
v 0.0162655693 -0.0231322609 0.0343958698
v 0.0162020903 -0.0239847302 0.0342143103
v 0.0170291606 -0.0248178802 0.0338489413
v 0.01779842 -0.0256356504 0.0334598385
v 0.0142700598 -0.0240338407 0.0345253311
v 0.0151833799 -0.0248851106 0.0341879688
v 0.0152558004 -0.0240101796 0.0343754217
v 0.0161253195 -0.0248525701 0.034023881
v 0.0169357006 -0.0256805997 0.0336484909
v 0.0160363894 -0.0257230401 0.0338265188
v 0.0150994603 -0.0257628504 0.0339936018
v 0.0181636196 -0.0284193698 0.0323712192
v 0.0180831496 -0.0287920199 0.0321619511
v 0.0179988109 -0.0291506592 0.0319258496
v 0.0179107096 -0.0294931494 0.0316641293
v 0.0178189203 -0.0298174005 0.031378381
v 0.0177236702 -0.0301213805 0.0310701709
v 0.0176250897 -0.0304029491 0.0307412092
v 0.0175234005 -0.0306603909 0.0303933006
v 0.0174186192 -0.0308923703 0.0300286394
v 0.0173110291 -0.0310979392 0.0296496693
v 0.0172006991 -0.0312760398 0.0292587802
v 0.0170878097 -0.0314255916 0.0288583003
v 0.0169725399 -0.0315461718 0.02845072
v 0.0168551803 -0.0316380188 0.0280383807
v 0.0167359691 -0.0317011997 0.0276237708
v 0.0166152101 -0.0317358896 0.0272092801
v 0.0163699295 -0.0317801796 0.0263803601
v 0.0137416702 -0.0320894718 0.0227999594
v 0.0138889505 -0.032072179 0.0233195405
v 0.0156167103 -0.0318651684 0.0265478995
v 0.0158544108 -0.031826131 0.0273833796
v 0.0159714203 -0.0317938887 0.0278012101
v 0.01608699 -0.0317326114 0.0282192808
v 0.0162007194 -0.0316421315 0.0286350194
v 0.0163124204 -0.0315223299 0.0290460493
v 0.0164218508 -0.0313730799 0.0294498205
v 0.01652872 -0.0311948005 0.0298438594
v 0.0166329108 -0.0309884492 0.0302258693
v 0.0167343598 -0.0307552796 0.0305932704
v 0.0168328192 -0.0304961801 0.0309436899
v 0.0169281904 -0.0302125197 0.0312747918
v 0.0170203391 -0.0299060903 0.0315847918
v 0.0171090309 -0.0295789801 0.0318719111
v 0.0171942096 -0.0292333309 0.0321345888
v 0.0172756296 -0.0288712904 0.0323711596
v 0.0173532907 -0.0284950696 0.0325803682
v 0.00967121124 -0.0323399901 0.0227999594
v 0.0106918197 -0.0322850905 0.0237789694
v 0.0123375598 -0.0321602784 0.0271294098
v 0.0131988497 -0.0320937596 0.0269982796
v 0.0125336004 -0.0321394205 0.0279877093
v 0.0134071102 -0.0320687816 0.0278514009
v 0.0126301004 -0.0321155712 0.0284171104
v 0.0135096302 -0.0320430286 0.0282782298
v 0.0127254101 -0.0320608616 0.0288469698
v 0.0136108296 -0.0319868289 0.0287054107
v 0.0128192902 -0.0319750905 0.0292747002
v 0.0137104904 -0.0319000408 0.0291304495
v 0.01291137 -0.0318581387 0.0296974704
v 0.0138083603 -0.0317824408 0.0295506101
v 0.0130015602 -0.0317099616 0.0301127993
v 0.0139041496 -0.0316339694 0.0299633108
v 0.0130895302 -0.0315308496 0.0305179302
v 0.0139976703 -0.0314550288 0.0303659402
v 0.0131753003 -0.0313219987 0.0309103094
v 0.0140888002 -0.0312467795 0.0307559893
v 0.0132586304 -0.0310845897 0.0312873088
v 0.0141774397 -0.0310103204 0.0311307907
v 0.0133395102 -0.0308197699 0.0316463709
v 0.0142633896 -0.0307468101 0.0314879417
v 0.0134177199 -0.0305287801 0.0319849811
v 0.0143465903 -0.0304574892 0.0318248197
v 0.0134931803 -0.0302137695 0.0323011205
v 0.01442682 -0.0301443897 0.0321395881
v 0.0135657098 -0.0298768803 0.0325930715
v 0.0145040704 -0.0298097096 0.0324304588
v 0.0136352098 -0.0295203291 0.0328590199
v 0.0145780398 -0.0294556599 0.0326956511
v 0.0137014901 -0.0291464906 0.0330971405
v 0.0146487299 -0.0290844403 0.0329334103
v 0.0137646096 -0.0287576895 0.0333063006
v 0.0147159602 -0.0286985002 0.0331425592
v 0.0121426499 -0.0322033092 0.0227999594
v 0.0123369005 -0.0321863182 0.0235658195
v 0.0140319401 -0.0320222303 0.0268573705
v 0.0148376804 -0.0319459401 0.0267070495
v 0.0142511697 -0.031992849 0.0277049504
v 0.0150666796 -0.0319118984 0.0275487807
v 0.01435911 -0.0319650695 0.0281289201
v 0.0151794497 -0.031881921 0.0279697701
v 0.0144656803 -0.0319072604 0.0285532996
v 0.0152907902 -0.0318224393 0.0283910595
v 0.0145705901 -0.0318193398 0.0289753601
v 0.0154003501 -0.0317332707 0.0288100801
v 0.0146735897 -0.0317010209 0.02939271
v 0.0155079896 -0.0316142403 0.0292243306
v 0.0147745004 -0.031552311 0.0298026204
v 0.0156133696 -0.0314652883 0.0296312496
v 0.0148729598 -0.03137362 0.0302025601
v 0.0157163106 -0.0312867686 0.0300283991
v 0.0149689298 -0.03116595 0.0305900499
v 0.0158166792 -0.0310797598 0.0304132104
v 0.0150623303 -0.0309305098 0.0309625808
v 0.0159143191 -0.0308453999 0.0307832304
v 0.0151529303 -0.0306683704 0.0313175917
v 0.0160090905 -0.0305847507 0.0311360303
v 0.0152406003 -0.0303808395 0.0316526815
v 0.0161008202 -0.03029906 0.0314691588
v 0.0153252399 -0.0300698206 0.031965971
v 0.0161894504 -0.0299903098 0.0317808315
v 0.0154067203 -0.0297374707 0.0322556384
v 0.0162747502 -0.0296605192 0.0320693217
v 0.0154848602 -0.0293860994 0.0325200483
v 0.01635658 -0.0293118898 0.0323328897
v 0.0155594302 -0.0290177409 0.0327574611
v 0.0164347794 -0.0289466307 0.0325698182
v 0.0156304799 -0.0286348406 0.0329666696
v 0.0165092908 -0.0285669491 0.0327790305
v 0.00483101606 -0.0241493508 0.0352569818
v 0.00617206004 -0.0241429191 0.0352159701
v 0.00746482611 -0.0241339803 0.0351595208
v 0.00871050265 -0.0241227094 0.0350880586
v 0.00991016626 -0.0241091195 0.0350022316
v 0.01106482 -0.0240933802 0.0349024497
v 0.0121756103 -0.0240755603 0.0347893797
v 0.0132436696 -0.0240556505 0.034663491
v 0.0033980601 -0.0277814809 0.0345672294
v 0.00339114596 -0.0282146297 0.0344549417
v 0.00337606599 -0.0290566608 0.0341325402
v 0.00338381506 -0.02864068 0.0343098603
v 0.0047947159 -0.0259807091 0.0349074602
v 0.0061190119 -0.0259705707 0.0348649584
v 0.00739592314 -0.0259565692 0.0348063707
v 0.00862658024 -0.0259389207 0.0347323418
v 0.00981205702 -0.0259176996 0.0346433483
v 0.0109534804 -0.0258930903 0.0345399305
v 0.0120518198 -0.0258651301 0.0344227515
v 0.0131081901 -0.0258340202 0.0342922211
v 0.0141237304 -0.0257998705 0.0341489911
v 0.006537735 -0.0324472114 0.0227999594
v 0.0078420043 -0.0324092507 0.0227999594
v 0.00710207177 -0.0324305817 0.0240930896
v 0.00803858042 -0.0324011408 0.0240295492
v 0.00859451201 -0.0323719904 0.0275465809
v 0.00957649946 -0.0323277116 0.0274593197
v 0.00872898102 -0.03236413 0.0284211598
v 0.0097283721 -0.0323171616 0.0283304993
v 0.00879520085 -0.0323463008 0.0288589001
v 0.00980317499 -0.032298021 0.0287665091
v 0.00886064675 -0.0322963484 0.0292972904
v 0.00987702608 -0.032247059 0.0292031094
v 0.00892501976 -0.0322139785 0.0297335293
v 0.00994974282 -0.0321640298 0.0296375696
v 0.00898820069 -0.0320990607 0.0301648304
v 0.0100210896 -0.0320486985 0.0300670806
v 0.00905007124 -0.0319515988 0.0305883791
v 0.0100908801 -0.0319010615 0.0304889008
v 0.0091103306 -0.0317718908 0.0310014393
v 0.0101590101 -0.031721469 0.0309003498
v 0.00916904211 -0.0315612517 0.0314013287
v 0.01022535 -0.0315111801 0.0312986299
v 0.00922608282 -0.0313208103 0.0317852385
v 0.0102897799 -0.0312713906 0.0316811204
v 0.00928133726 -0.0310518704 0.0321504399
v 0.0103521897 -0.0310032908 0.0320449993
v 0.00933474302 -0.0307556894 0.0324944183
v 0.0104125701 -0.0307082497 0.0323878489
v 0.0093861809 -0.0304344799 0.0328149684
v 0.0104707396 -0.0303883497 0.0327075087
v 0.00943559408 -0.0300905704 0.0331103802
v 0.01052659 -0.0300458595 0.0330021903
v 0.00948280003 -0.0297261998 0.0333786607
v 0.0105800601 -0.0296831708 0.0332699418
v 0.00952774193 -0.0293438993 0.0336179696
v 0.0106310202 -0.0293025896 0.0335090086
v 0.00957047939 -0.0289460998 0.0338269994
v 0.0106793595 -0.0289066993 0.0337181017
v 0.0033591981 -0.0298470203 0.033683531
v 0.00336784101 -0.0294597093 0.0339235589
v 0.00334054208 -0.0305640101 0.0331165083
v 0.00335007906 -0.0302159097 0.0334138796
v 0.00332027604 -0.0311880708 0.0324461982
v 0.00333058811 -0.0308888499 0.0327932797
v 0.00329846097 -0.0317016207 0.0316894017
v 0.00330954697 -0.0314594507 0.0320773683
v 0.00545251323 -0.032466881 0.0277335607
v 0.00653326511 -0.0324418508 0.0276841503
v 0.00552642299 -0.0324648581 0.0286155306
v 0.00662881089 -0.0324382707 0.0285641495
v 0.00556284096 -0.0324497782 0.0290569607
v 0.00667589903 -0.0324224196 0.0290046297
v 0.0055988431 -0.0324019082 0.0294991694
v 0.00672239019 -0.0323740207 0.0294458196
v 0.00563424779 -0.0323210284 0.0299392305
v 0.00676816702 -0.0322927199 0.0298848692
v 0.00566899683 -0.0322070718 0.0303743407
v 0.00681304885 -0.0321785212 0.0303189699
v 0.00570297195 -0.0320599005 0.0308015905
v 0.00685697701 -0.0320312902 0.0307452604
v 0.00573605206 -0.0318799615 0.0312182307
v 0.00689983321 -0.0318514109 0.0311609507
v 0.0057682991 -0.0316685401 0.0316214487
v 0.00694149686 -0.0316401683 0.0315632783
v 0.00579959108 -0.0314267203 0.0320083983
v 0.00698196795 -0.0313987695 0.0319494605
v 0.00582986977 -0.0311559401 0.0323764607
v 0.00702112913 -0.0311283991 0.0323167406
v 0.00585913612 -0.0308574401 0.0327227712
v 0.00705897808 -0.0308305603 0.0326624513
v 0.00588732911 -0.0305334292 0.0330453515
v 0.00709545612 -0.0305072591 0.0329844914
v 0.00591433002 -0.0301863495 0.0333423018
v 0.00713044405 -0.0301610194 0.0332810208
v 0.00594013883 -0.0298185293 0.0336115882
v 0.00716382219 -0.0297941491 0.0335500203
v 0.00596463587 -0.0294324104 0.033851441
v 0.00719565107 -0.0294089895 0.0337897502
v 0.00598794222 -0.0290305596 0.0340604112
v 0.00722575095 -0.02900826 0.0339987203
v 0.0032753339 -0.0320933387 0.0308674499
v 0.00328707602 -0.0319133401 0.0312851593
v 0.00325101591 -0.032354109 0.0300027691
v 0.003263294 -0.0322404504 0.0304390099
v 0.00322574307 -0.0324817188 0.0291181207
v 0.00323843909 -0.0324344598 0.0295615103
v 0.0032128091 -0.0324959718 0.0286755506
v 0.00489592506 -0.0324790999 0.0227999594
v 0.00438803388 -0.0324842297 0.0286527798
v 0.00441306783 -0.0324696302 0.0290949903
v 0.00443780422 -0.0324221216 0.0295379106
v 0.00446212199 -0.0323415883 0.0299786907
v 0.00448602391 -0.0322278105 0.0304145198
v 0.00450938893 -0.0320806988 0.0308425408
v 0.00453215791 -0.0319007002 0.031259831
v 0.00455427123 -0.0316891 0.0316636488
v 0.00457578804 -0.0314470492 0.0320512615
v 0.00459659006 -0.0311759096 0.0324198008
v 0.00461667683 -0.0308769308 0.0327665806
v 0.0046359892 -0.0305524394 0.0330895707
v 0.00465452578 -0.0302047096 0.0333867595
v 0.00467222882 -0.02983623 0.0336562917
v 0.00468909694 -0.0294493996 0.03389626
v 0.00470501091 -0.0290467702 0.0341052413
v 0.00758033898 -0.0324101411 0.0276216809
v 0.00769609213 -0.0324046016 0.0284992401
v 0.00775307417 -0.0323878489 0.0289384704
v 0.00780940009 -0.032338731 0.0293783508
v 0.00786483195 -0.0322569609 0.0298161507
v 0.00791919231 -0.0321424603 0.0302489307
v 0.00797235873 -0.0319950506 0.0306740403
v 0.0080242753 -0.0318152905 0.0310885292
v 0.00807476044 -0.0316043384 0.0314897187
v 0.00812381506 -0.0313633606 0.0318748318
v 0.00817131903 -0.0310936496 0.0322412215
v 0.00821721461 -0.03079658 0.0325860903
v 0.00826138165 -0.03047424 0.0329074785
v 0.00830382109 -0.0301290099 0.0332034789
v 0.00834441092 -0.0297632795 0.0334721804
v 0.00838297606 -0.02937942 0.0337117314
v 0.00841963198 -0.0289800093 0.0339207612
v 0.00812965631 -0.0324008986 0.0227999594
v 0.00961667206 -0.0323421285 0.0227999594
v 0.00894862413 -0.032366991 0.0239557605
v 0.00983279943 -0.0323282406 0.02387207
v 0.0105271302 -0.0322775207 0.0273603704
v 0.0114472499 -0.0322216712 0.0272502806
v 0.0106950402 -0.0322638713 0.0282277409
v 0.0116298096 -0.0322045013 0.0281133
v 0.01077771 -0.0322433114 0.0286617205
v 0.0117197596 -0.0321823917 0.0285451394
v 0.0108593702 -0.0321912691 0.0290963594
v 0.0118085695 -0.0321291015 0.02897745
v 0.0109397098 -0.0321073495 0.0295287296
v 0.01189595 -0.0320442915 0.0294076204
v 0.0110186301 -0.031991601 0.0299562793
v 0.0119817797 -0.0319279991 0.0298328903
v 0.01109582 -0.0318437181 0.0303761307
v 0.0120657599 -0.0317799412 0.0302505996
v 0.0111711603 -0.0316643082 0.0307856705
v 0.01214772 -0.03160071 0.0306580607
v 0.0112445299 -0.0314544998 0.0311822202
v 0.0122275297 -0.0313913189 0.0310525801
v 0.0113157602 -0.03121542 0.0315630399
v 0.01230508 -0.0311530195 0.0314316116
v 0.0113848997 -0.0309482794 0.0319254883
v 0.0123803597 -0.0308870003 0.0317924581
v 0.0114517203 -0.0306544304 0.0322670303
v 0.0124530699 -0.0305945203 0.0321325585
v 0.0115160896 -0.0303359609 0.0325856805
v 0.0125232898 -0.0302777197 0.0324500203
v 0.0115780197 -0.0299951993 0.0328795314
v 0.0125906998 -0.02993875 0.0327429697
v 0.0116372099 -0.0296343509 0.0331467316
v 0.0126552498 -0.0295799896 0.0330095813
v 0.0116936499 -0.0292557999 0.0333855711
v 0.0127168205 -0.0292037092 0.0332480595
v 0.0117472997 -0.0288620498 0.0335946009
v 0.0127754202 -0.0288122799 0.0334571488
v 0.0167549793 -0.0317982994 0.0227999594
v 0.00303429295 -0.0324969217 0.0227999594
v 0.00318664289 -0.0324962102 0.0277913194
v 0.0369447991 -0.0314667784 0.00815153122
v 0.036912851 -0.0319699012 0.00586056709
v 0.0369279906 -0.0317380391 0.00701457215
v 0.0368997417 -0.0321615897 0.00468915701
v 0.0368728004 -0.0311373398 -0.00933128502
v 0.0368724391 -0.0309337303 -0.00998777058
v 0.0368734486 -0.0315013491 -0.00801074505
v 0.0368731618 -0.0313265882 -0.00867205765
v 0.0368708894 -0.0302389208 -0.0119329002
v 0.0368714891 -0.0304841902 -0.0112892902
v 0.0368719585 -0.0307159405 -0.0106406799
v 0.03686928 -0.0297091007 -0.0132020097
v 0.0368701182 -0.0299804807 -0.0125707304
v 0.03686589 -0.0288208704 -0.01504933
v 0.0368671417 -0.0291288998 -0.0144420201
v 0.0368683301 -0.0294250809 -0.0138260098
v 0.0368643887 -0.0285016205 -0.0156475902
v 0.0368627906 -0.0281715896 -0.0162362996
v 0.0368609987 -0.0278314892 -0.0168149397
v 0.037531551 -0.000710746972 0.0325065218
v 0.0370629989 -0.000710911991 0.0325483605
v 0.0374948904 -0.00507920887 0.0321159884
v 0.0373954698 -0.0109457904 0.0306196194
v 0.0374228917 -0.00949770212 0.0310984198
v 0.0374492407 -0.00803178456 0.0315079615
v 0.0374617502 -0.00729471399 0.0316864811
v 0.0369605385 -0.00655430509 0.0318934917
v 0.0364813805 -0.00581353903 0.0321086608
v 0.0369395614 -0.00729227019 0.0317336917
v 0.0364556313 -0.00655114604 0.0319679305
v 0.0359833799 -0.00581031991 0.0322073102
v 0.036368899 -0.0087573519 0.0314416811
v 0.0363377891 -0.00948732998 0.0312319305
v 0.0368708298 -0.00949370768 0.0311494991
v 0.037436299 -0.00876647234 0.0313119218
v 0.0369175002 -0.00802880526 0.0315563008
v 0.0364280902 -0.00728827715 0.0318097994
v 0.0359536409 -0.00654685404 0.0320686102
v 0.0354810916 -0.00580632593 0.0323296711
v 0.0358177386 -0.00947868824 0.0313434601
v 0.0358536206 -0.00874978304 0.0315500982
v 0.0358884297 -0.00801753905 0.0317399502
v 0.0373816416 -0.0116606904 0.0303546693
v 0.0373678803 -0.0123683801 0.0300734006
v 0.0373411104 -0.0137584796 0.0294640604
v 0.0373543501 -0.0130679002 0.0297763906
v 0.0373283587 -0.0144392801 0.0291371308
v 0.037634369 -0.0170490704 0.0276752096
v 0.0376223885 -0.0188694503 0.02646791
v 0.0376123711 -0.0214725696 0.0244048797
v 0.0367978215 -0.0116555002 0.0304107592
v 0.0367734991 -0.0123628303 0.03013134
v 0.0367495418 -0.0130621698 0.0298362896
v 0.0367261097 -0.01375263 0.0295260493
v 0.0367034599 -0.0144333802 0.0292012598
v 0.0366818309 -0.0151035096 0.0288624708
v 0.0366613194 -0.0157622602 0.0285101496
v 0.0366421901 -0.0164089203 0.0281450097
v 0.0360370204 -0.0164003298 0.0282597505
v 0.036062181 -0.0157531407 0.0286210105
v 0.0360891782 -0.0150940996 0.0289695207
v 0.0361177288 -0.0144238397 0.0293047391
v 0.0361475311 -0.0137431603 0.02962601
v 0.0361783504 -0.0130529404 0.0299329106
v 0.0362098217 -0.0123539502 0.0302248001
v 0.0362418182 -0.0116470996 0.0305011794
v 0.0369353183 -0.0176666901 0.0273348596
v 0.0366247185 -0.0170430504 0.0277677104
v 0.0366091095 -0.01766425 0.0273789708
v 0.0363138318 -0.0170394704 0.0278216004
v 0.0362954699 -0.0176611505 0.0274347607
v 0.0360139608 -0.0170352403 0.0278864503
v 0.0359933302 -0.0176574495 0.0275018197
v 0.0372675583 -0.0182755496 0.0269007608
v 0.0372612998 -0.0188688003 0.0264887791
v 0.0369246006 -0.0182741191 0.0269338991
v 0.0369157083 -0.0188677907 0.0265229903
v 0.0365956388 -0.0182721596 0.02697956
v 0.036584489 -0.0188663602 0.0265701395
v 0.0362796113 -0.0182696506 0.0270371996
v 0.0362664983 -0.0188645702 0.0266297404
v 0.0359755084 -0.0182666108 0.0271065794
v 0.0359607898 -0.0188624207 0.0267014503
v 0.0376198217 -0.0194481593 0.0260459092
v 0.0372565314 -0.0194477998 0.0260674302
v 0.0369089209 -0.0194472596 0.0261028409
v 0.0365759097 -0.0194464903 0.0261515304
v 0.0362564288 -0.0194455292 0.0262131002
v 0.0359494016 -0.0194444004 0.0262870695
v 0.0356537104 -0.0194430295 0.0263730809
v 0.0356661007 -0.0188599192 0.0267846491
v 0.035682261 -0.0182631593 0.0271870997
v 0.0357016884 -0.0176531598 0.0275797192
v 0.0357241593 -0.0170302894 0.0279617291
v 0.0353987217 -0.0182591602 0.0272784196
v 0.0354194604 -0.0176482704 0.02766799
v 0.0354433618 -0.0170246903 0.0280470792
v 0.0354701206 -0.0163887702 0.0284150206
v 0.035499271 -0.0157408696 0.0287710391
v 0.0355305001 -0.0150814001 0.0291144196
v 0.0355635211 -0.0144109102 0.0294446908
v 0.03559798 -0.0137303397 0.0297613107
v 0.0356335603 -0.0130404197 0.0300636198
v 0.0356699787 -0.01234191 0.0303512197
v 0.0357069299 -0.0116357198 0.03062349
v 0.0365901515 -0.000711178989 0.0326159
v 0.0361087285 -0.000711539004 0.0327072702
v 0.0356145985 -0.00071198598 0.0328205787
v 0.0368945487 -0.00876295473 0.0313615687
v 0.0363991186 -0.00802403595 0.0316343904
v 0.0359219313 -0.0072829118 0.0319127999
v 0.0354494415 -0.00654155016 0.0321935415
v 0.0349695012 -0.0058016181 0.0324737988
v 0.0353045389 -0.00946789887 0.0314818583
v 0.0353428088 -0.00874036457 0.0316846296
v 0.0353799388 -0.00800949335 0.0318709612
v 0.0354155786 -0.00727629615 0.0320405886
v 0.0347923003 -0.00945526268 0.0316448212
v 0.0348307416 -0.00872927904 0.0318431184
v 0.0348679982 -0.00800001621 0.0320252702
v 0.0349038206 -0.00726842787 0.0321911499
v 0.0349377282 -0.00653529121 0.0323407017
v 0.0369982086 -0.00507819606 0.0321603417
v 0.0365050994 -0.00507652713 0.0322319195
v 0.0360107385 -0.00507426215 0.0323287807
v 0.0355102383 -0.0050714612 0.03244894
v 0.0349987708 -0.00506812287 0.0325904414
v 0.0351034403 -0.000712512992 0.0329540893
v 0.0340132117 -0.000713776972 0.0332742892
v 0.0327611491 -0.00432509091 0.0334198996
v 0.0339236185 -0.00506019499 0.0329298303
v 0.0339462087 -0.00433087302 0.0330246612
v 0.0350251682 -0.00433576107 0.0326906405
v 0.0355365202 -0.00433784723 0.0325513408
v 0.0360354707 -0.00433957484 0.0324330889
v 0.0365265608 -0.00434094621 0.032337781
v 0.0370145403 -0.00434195902 0.0322673284
v 0.0342748687 -0.00944089796 0.0318301916
v 0.0343114696 -0.00871664193 0.0320233703
v 0.0343469903 -0.00798928738 0.03220075
v 0.0343810916 -0.00725948811 0.0323623382
v 0.0344134495 -0.00652819779 0.0325080715
v 0.034443669 -0.00579625322 0.0326377712
v 0.0337462388 -0.00942492392 0.032035701
v 0.0337793194 -0.00870269537 0.0322231613
v 0.0338113904 -0.00797730591 0.0323952995
v 0.0338421389 -0.0072495928 0.0325521789
v 0.0338712893 -0.00652032997 0.0326935612
v 0.0338985287 -0.00579029322 0.0328194983
v 0.0348030888 -0.0205541793 0.0258878395
v 0.0350723788 -0.0205515008 0.0257613007
v 0.0350823887 -0.0200123098 0.0261656605
v 0.0353499018 -0.0205490496 0.0256460309
v 0.0353592001 -0.0200122502 0.0260536596
v 0.0356368385 -0.0205468498 0.0255424902
v 0.0356452987 -0.0200122502 0.0259530507
v 0.0359341986 -0.0205449406 0.02545112
v 0.03594172 -0.0200121906 0.0258642994
v 0.0362432003 -0.0205432698 0.0253724996
v 0.0362496898 -0.0200121906 0.0257879402
v 0.0365648195 -0.0205418393 0.02530705
v 0.0365701914 -0.0200121403 0.0257244091
v 0.0369002186 -0.0205407701 0.0252553206
v 0.0369043909 -0.0200121403 0.0256740991
v 0.0372504517 -0.0205399897 0.0252177697
v 0.0372533202 -0.0200121403 0.0256376192
v 0.0348236486 -0.0194380209 0.0266981702
v 0.0348380804 -0.0188504402 0.0270994306
v 0.03485661 -0.0182499196 0.0274916794
v 0.0348789617 -0.0176368896 0.0278742295
v 0.0349046513 -0.0170116406 0.0282464605
v 0.0349332616 -0.0163743999 0.0286076609
v 0.0349645615 -0.0157256108 0.0289571192
v 0.0349979885 -0.0150656104 0.0292942505
v 0.0350332782 -0.0143949296 0.0296183806
v 0.0350700617 -0.0137144299 0.0299290996
v 0.0351080783 -0.0130248601 0.0302258097
v 0.0351469517 -0.0123270098 0.0305080395
v 0.0351863503 -0.0116215898 0.0307752397
v 0.0343069397 -0.0194338504 0.0269662701
v 0.0343217216 -0.0188426301 0.0273589995
v 0.0343406685 -0.0182390809 0.0277428608
v 0.0343633816 -0.0176234804 0.0281171706
v 0.0343894288 -0.0169961993 0.0284812395
v 0.0344184004 -0.0163574796 0.0288345795
v 0.0344499908 -0.0157076102 0.0291763507
v 0.0344837308 -0.0150469504 0.0295060202
v 0.034519311 -0.0143761002 0.0298229996
v 0.034556441 -0.0136957103 0.0301268101
v 0.0345947109 -0.0130065596 0.0304169003
v 0.0346338116 -0.0123094302 0.0306928102
v 0.0346735083 -0.0116049601 0.0309540592
v 0.0338093601 -0.0194290802 0.0272712093
v 0.0338238403 -0.0188336894 0.0276542306
v 0.0338422582 -0.0182266794 0.0280284807
v 0.0338642485 -0.0176082198 0.0283934399
v 0.0338894092 -0.0169786792 0.0287483297
v 0.0339173004 -0.0163382199 0.0290926006
v 0.0339476392 -0.0156872198 0.0294256806
v 0.0339800715 -0.0150257898 0.0297468901
v 0.0340141617 -0.0143546397 0.0300556403
v 0.0340496786 -0.0136744296 0.0303516295
v 0.0340862796 -0.0129857603 0.0306342207
v 0.0341236517 -0.0122894002 0.0309029799
v 0.0341615006 -0.0115860701 0.0311573707
v 0.0333220884 -0.0194238406 0.0276092198
v 0.0333357416 -0.0188238602 0.0279815104
v 0.0333528481 -0.0182129703 0.0283452198
v 0.0333731696 -0.0175913498 0.0286996905
v 0.0333962403 -0.0169592407 0.0290443804
v 0.0334218703 -0.0163168907 0.0293787103
v 0.0334495902 -0.0156645104 0.0297020599
v 0.0334790908 -0.0150023596 0.03001385
v 0.0335101411 -0.0143309198 0.0303136092
v 0.0335423909 -0.0136507703 0.0306008402
v 0.0335755907 -0.0129626896 0.0308750793
v 0.0336094387 -0.0122672301 0.0311359093
v 0.0336437188 -0.0115650799 0.0313827917
v 0.0372419283 -0.0214745402 0.0244289003
v 0.0368875787 -0.0214777496 0.0244683009
v 0.0365481898 -0.0214822199 0.0245226007
v 0.0362226889 -0.0214878302 0.0245912001
v 0.0359099507 -0.0214945599 0.0246737003
v 0.0356088802 -0.0215024296 0.0247695409
v 0.0353184305 -0.0215113107 0.0248782001
v 0.0350373909 -0.0215212107 0.0249991398
v 0.0347647592 -0.0215321109 0.0251319408
v 0.0375885293 -0.02388799 0.0220487695
v 0.0375784002 -0.0246392991 0.0212064907
v 0.0375558697 -0.0266847592 0.0185658894
v 0.0375421606 -0.0279348996 0.0166224204
v 0.0375342295 -0.0285056196 0.0156217804
v 0.0375494286 -0.02732688 0.0176055394
v 0.0370787308 -0.0285142008 0.0156402495
v 0.0370959006 -0.0279447399 0.0166425705
v 0.0371115804 -0.0273380205 0.0176274106
v 0.0366857015 -0.0273561999 0.0176633
v 0.0366603099 -0.0279607698 0.0166756492
v 0.0366328284 -0.0285282694 0.0156705901
v 0.0361548588 -0.0290756803 0.0146865202
v 0.0375167094 -0.0295362398 0.0135691697
v 0.0375257097 -0.0290393196 0.01460391
v 0.0370604917 -0.0290467106 0.01462078
v 0.0370413586 -0.0295425598 0.0135843698
v 0.0370216295 -0.0300017502 0.01253122
v 0.0370017216 -0.0304240491 0.0114613101
v 0.036270909 -0.0273813009 0.0177127104
v 0.0362347886 -0.0279828906 0.0167212393
v 0.0361959301 -0.0285476409 0.01571244
v 0.0357672498 -0.0285721403 0.0157652404
v 0.0337933302 -0.0280889198 0.0175586902
v 0.0338733084 -0.0281376801 0.0174093805
v 0.0343364403 -0.0276014805 0.0181465708
v 0.0360686108 -0.0300227404 0.0125845
v 0.0361122414 -0.0295673609 0.0136438003
v 0.0347896814 -0.0269280002 0.0190310404
v 0.034433119 -0.0269901101 0.0191499498
v 0.0343857408 -0.0273002908 0.0186526701
v 0.0340837203 -0.0270583592 0.0192804299
v 0.0340288207 -0.0273653809 0.0187782608
v 0.0337404609 -0.0271323901 0.0194219891
v 0.0336778685 -0.0274360105 0.0189145803
v 0.0334026814 -0.0272119604 0.0195741002
v 0.0371257588 -0.0266970899 0.0185894892
v 0.0367086492 -0.0267172996 0.0186282303
v 0.0363038704 -0.0267452002 0.0186815802
v 0.0359103605 -0.0267804805 0.0187490508
v 0.0355274603 -0.0268229209 0.0188301206
v 0.0351541601 -0.0268721506 0.0189242903
v 0.034499459 -0.02154392 0.0252759401
v 0.0342848301 -0.0205601994 0.0261726901
v 0.0342402384 -0.0215565506 0.0254307892
v 0.0337864682 -0.0205670502 0.0264966991
v 0.0337360501 -0.0215843897 0.0257706605
v 0.033299081 -0.0205746796 0.0268558804
v 0.0332433507 -0.0216152593 0.0261474792
v 0.032631211 -0.00938904192 0.0324981809
v 0.0326527916 -0.00867122412 0.0326727591
v 0.0326737091 -0.00795042515 0.0328331515
v 0.03269374 -0.0072273612 0.0329792984
v 0.0327126905 -0.00650262786 0.0331111513
v 0.032730341 -0.00577688217 0.0332285091
v 0.0327465497 -0.00505083706 0.0333314501
v 0.0328001902 -0.00143331196 0.0336336382
v 0.0340068303 -0.00143146503 0.0332534313
v 0.0350959785 -0.00142991496 0.032932099
v 0.0356071517 -0.00142925896 0.0327981114
v 0.036101751 -0.00142866303 0.0326843187
v 0.0365840718 -0.00142824603 0.0325926505
v 0.0370583497 -0.00142788806 0.03252488
v 0.0368466899 -0.0102200499 0.0309202597
v 0.0363060795 -0.0102128899 0.0310051404
v 0.0357810818 -0.0102032404 0.03112006
v 0.0352655016 -0.0101912599 0.0312625691
v 0.0347530209 -0.0101771299 0.0314304791
v 0.0342374407 -0.0101610404 0.0316213891
v 0.0337123796 -0.0101432204 0.0318330489
v 0.0326090418 -0.0101031596 0.0323094688
v 0.0320182405 -0.0100812903 0.0325695202
v 0.032003399 -0.0107890302 0.032374911
v 0.0313802287 -0.0114652496 0.032456331
v 0.0313866697 -0.010764 0.0326550603
v 0.0313929282 -0.0100584598 0.0328411385
v 0.0314324386 -0.004318594 0.0338610411
v 0.0314288698 -0.00504034711 0.0337796807
v 0.0314248204 -0.00576192094 0.0336850211
v 0.0314203501 -0.00648283912 0.0335771404
v 0.0314155184 -0.00720250607 0.0334560797
v 0.0314102694 -0.00792044401 0.0333219096
v 0.0314047299 -0.00863611605 0.0331746303
v 0.0313989483 -0.009348928 0.0330143496
v 0.0336781703 -0.0108568603 0.031615369
v 0.0325865708 -0.0108129904 0.0321066901
v 0.0325639211 -0.0115178796 0.0318901502
v 0.0324751101 -0.0142773902 0.0308941603
v 0.032999631 -0.0143050496 0.0305940509
v 0.0324966908 -0.0135976598 0.0311617795
v 0.0330271684 -0.0136251403 0.0308717992
v 0.0325188003 -0.0129107796 0.0314172506
v 0.0330554806 -0.0129375998 0.0311369803
v 0.0325412713 -0.0122173401 0.0316601917
v 0.0330843292 -0.0122431498 0.0313891694
v 0.0331134684 -0.0115423203 0.0316278897
v 0.0328274295 -0.0200128499 0.0276082698
v 0.0329238102 -0.0162937008 0.0296897199
v 0.0329017006 -0.0169381406 0.0293662492
v 0.0328816101 -0.0175729301 0.0290326402
v 0.0319884382 -0.0114921303 0.0321670696
v 0.0319733582 -0.0121900998 0.0319464207
v 0.0319584012 -0.0128824096 0.0317132398
v 0.0319435 -0.0135686304 0.0314680301
v 0.0319288895 -0.0142482501 0.0312110707
v 0.0319145918 -0.0149207702 0.0309428498
v 0.0313397609 -0.0155565701 0.0310184304
v 0.0313466117 -0.0148906698 0.031285461
v 0.0313534103 -0.0142177297 0.031542059
v 0.0313602611 -0.0135383001 0.031787809
v 0.0313670002 -0.0128527796 0.0320223495
v 0.0313736685 -0.0121616097 0.0322453305
v 0.0328638516 -0.0181980096 0.0286894999
v 0.0323811695 -0.0175533202 0.0293889605
v 0.0318633318 -0.01753252 0.0297653005
v 0.03131973 -0.0175108295 0.0301582795
v 0.0323357508 -0.0200129692 0.0280141793
v 0.0318149291 -0.0206011496 0.0281054303
v 0.0323221609 -0.0205917899 0.0276641194
v 0.0312549993 -0.0211905204 0.0282522999
v 0.0322957598 -0.0211452208 0.0273269992
v 0.0307427607 -0.0168409906 0.0308471899
v 0.0313262306 -0.0168667398 0.0304543898
v 0.0318875313 -0.0162426792 0.0303741004
v 0.0324340984 -0.0156135503 0.0303240996
v 0.0329477116 -0.0156398993 0.0300025903
v 0.0328138992 -0.0205829702 0.0272462908
v 0.0327890515 -0.02112424 0.02689844
v 0.0327533409 -0.0216487609 0.0265571401
v 0.0368223116 -0.0109409597 0.0306739192
v 0.0362740085 -0.0109331002 0.0307614803
v 0.035744071 -0.0109225502 0.0308799092
v 0.03522598 -0.0109094298 0.0310269501
v 0.0347133204 -0.01089394 0.0312001109
v 0.0341995284 -0.0108763501 0.0313970409
v 0.0306951404 -0.00143647101 0.0342820808
v 0.0314418599 -0.00143533899 0.0340579711
v 0.0306980591 -0.00287544704 0.0342122316
v 0.0314381681 -0.00287568499 0.0339848287
v 0.0314402506 -0.00215506507 0.0340276286
v 0.0327848718 -0.00287610199 0.0335543118
v 0.0327936411 -0.002153754 0.0336007401
v 0.0339829884 -0.00287651992 0.0331686102
v 0.0339966416 -0.00215256191 0.0332182609
v 0.0350681506 -0.00287687709 0.0328425691
v 0.0350841209 -0.00215154793 0.0328950211
v 0.0355793796 -0.00287699606 0.0327066705
v 0.0355952904 -0.00215113093 0.0327601992
v 0.0360757113 -0.00287711597 0.0325912796
v 0.0360906683 -0.002150774 0.0326457582
v 0.0365614817 -0.00287717511 0.0324982405
v 0.0365744196 -0.00215047505 0.0325535499
v 0.0370411202 -0.00287729502 0.0324295089
v 0.0370510183 -0.00215029693 0.0324853584
v 0.0375247486 -0.00215017702 0.0324430987
v 0.0299075209 -0.00287520792 0.0344452187
v 0.0298976805 -0.00143754401 0.0345117413
v 0.0290452205 -0.00143867696 0.0347450897
v 0.00678259088 -0.00287210895 0.0374116302
v 0.00898301601 -0.00287216902 0.0373428389
v 0.0110620204 -0.00287228799 0.0372498594
v 0.0130240899 -0.00287240697 0.0371344611
v 0.0148736797 -0.00287252595 0.0369985104
v 0.0166152101 -0.00287270499 0.0368438885
v 0.0182530805 -0.00287288404 0.0366724692
v 0.01979178 -0.00287306309 0.0364861414
v 0.0212357007 -0.00287330104 0.0362867713
v 0.0225892607 -0.00287348009 0.0360761806
v 0.02385699 -0.00287371804 0.0358562395
v 0.0250431802 -0.00287395692 0.0356288515
v 0.0261523705 -0.00287419511 0.0353958607
v 0.0271889493 -0.00287443306 0.0351591706
v 0.0281574093 -0.00287467195 0.0349205695
v 0.0290740691 -0.00359195401 0.0346341692
v 0.0290620904 -0.00287496997 0.0346819684
v 0.0299144909 -0.00359368301 0.0343948603
v 0.0307001397 -0.00359535194 0.034159299
v 0.0314355418 -0.00359696103 0.0339294001
v 0.0327739716 -0.00360006001 0.0334941112
v 0.0339661203 -0.00360280205 0.0331041813
v 0.0350483581 -0.0036051271 0.0327745602
v 0.0355597101 -0.00360608101 0.0326371118
v 0.0360571705 -0.00360691501 0.0325204693
v 0.0365453884 -0.00360757089 0.0324264094
v 0.0370289013 -0.0036081071 0.0323569104
v 0.0375122391 -0.00360840489 0.03231382
v 0.0307429992 -0.0155265303 0.03138512
v 0.0307423398 -0.0148594901 0.031639751
v 0.0307411496 -0.0141861998 0.0318843089
v 0.0307395402 -0.0135070002 0.0321184918
v 0.03073751 -0.0128222099 0.0323419496
v 0.0307352506 -0.01213222 0.0325543806
v 0.0307326298 -0.0114374096 0.0327554308
v 0.0307298303 -0.0107381297 0.0329447314
v 0.03072685 -0.0100347903 0.0331219994
v 0.0307237506 -0.00932776928 0.0332869813
v 0.0307205897 -0.00861757901 0.0334396884
v 0.0307173692 -0.00790458918 0.0335800014
v 0.0307142101 -0.00718939304 0.0337079093
v 0.0307110492 -0.00647234917 0.0338233113
v 0.0307080708 -0.00575405313 0.0339261815
v 0.0307052098 -0.00503486302 0.0340164304
v 0.0307025295 -0.004315197 0.0340940282
v 0.0301025491 -0.0154957101 0.0317608714
v 0.0300939605 -0.0148275997 0.03200268
v 0.0300843697 -0.0141538903 0.0322349593
v 0.0300739408 -0.0134748798 0.0324572884
v 0.0300627891 -0.0127908504 0.0326694213
v 0.0300511103 -0.01210206 0.0328710601
v 0.0300388895 -0.0114089204 0.0330618583
v 0.0300264303 -0.0107116597 0.0332415104
v 0.0300137904 -0.0100106001 0.033409711
v 0.0300011598 -0.00930607319 0.0335663483
v 0.0299885795 -0.00859856606 0.0337113105
v 0.0299762394 -0.00788837578 0.033844471
v 0.0299642608 -0.00717592193 0.0339659415
v 0.0299527608 -0.006461679 0.0340754911
v 0.0299419109 -0.0057459469 0.0341732502
v 0.0299318396 -0.00502920104 0.0342589617
v 0.0299226604 -0.00431167986 0.0343328118
v 0.0328487083 -0.0188131295 0.0283373501
v 0.0323666297 -0.0181820299 0.0290579107
v 0.0318527184 -0.0181651693 0.0294470694
v 0.0313134082 -0.0181475803 0.0298533998
v 0.0307418108 -0.01748842 0.0305646006
v 0.0301163103 -0.0168145802 0.0312496405
v 0.0301211998 -0.0174654108 0.0309810005
v 0.0307402592 -0.0181293394 0.0302736107
v 0.0313074514 -0.0187768899 0.0295402408
v 0.0318432413 -0.0187895801 0.0291202608
v 0.0294104796 -0.0154644204 0.0321425684
v 0.0293937903 -0.01479524 0.032371521
v 0.0293756109 -0.0141211096 0.03259122
v 0.0293561202 -0.0134422705 0.0328015611
v 0.0293356106 -0.0127589703 0.0330021903
v 0.0293142702 -0.0120714298 0.0331928097
v 0.0292923395 -0.0113799497 0.0333731696
v 0.0292699896 -0.0106847202 0.0335430503
v 0.0292475205 -0.00998598337 0.0337020718
v 0.0292250495 -0.00928407907 0.0338501893
v 0.0292028692 -0.00857925415 0.0339872204
v 0.0291812401 -0.00787186623 0.0341132209
v 0.0291603208 -0.007162272 0.034228079
v 0.0291402899 -0.00645077182 0.0343317911
v 0.0291214492 -0.00573772099 0.0344242416
v 0.0291039906 -0.00502341893 0.0345054194
v 0.0290881302 -0.00430816412 0.0345753394
v 0.0235115793 -0.0252016094 0.0316388607
v 0.0236296598 -0.0244263392 0.0318747684
v 0.0237317607 -0.0236515906 0.0321040116
v 0.0238166992 -0.0228868108 0.0323257409
v 0.0238832198 -0.0221385304 0.0325398408
v 0.0239303708 -0.0214104597 0.0327470303
v 0.02395707 -0.0207037907 0.032948669
v 0.0239624903 -0.0200148802 0.0331478082
v 0.0239520594 -0.0193347894 0.0333437882
v 0.0239326302 -0.0186566692 0.0335338116
v 0.0239049699 -0.0179800894 0.0337176882
v 0.0238696896 -0.01730459 0.0338953696
v 0.0238275491 -0.0166296903 0.0340668485
v 0.0243747793 -0.0159685593 0.0340502784
v 0.0249441806 -0.0159823801 0.0338649713
v 0.0254884902 -0.0159964506 0.033676561
v 0.0260087196 -0.0160106998 0.0334854089
v 0.0265058801 -0.0160251204 0.0332919285
v 0.0269809905 -0.0160397198 0.0330964886
v 0.0274349991 -0.01605439 0.0328995511
v 0.0278690401 -0.0160691701 0.0327013694
v 0.0282840692 -0.0160840098 0.0325024091
v 0.0286811497 -0.0160988495 0.0323030911
v 0.0290612504 -0.0161136892 0.0321037695
v 0.0307381097 -0.0187638402 0.0299744606
v 0.0301245991 -0.0181106906 0.0307040792
v 0.0301264506 -0.0187504198 0.0304193404
v 0.0297981501 -0.0181012694 0.0309221707
v 0.0298020802 -0.0187436305 0.0306447092
v 0.0313018486 -0.0193988606 0.0292190891
v 0.0307353102 -0.0193918906 0.0296676103
v 0.0301265698 -0.0193847399 0.0301271006
v 0.0298036896 -0.0193811003 0.0303598605
v 0.02943849 -0.0167877004 0.0316585302
v 0.02944934 -0.0174420998 0.031404011
v 0.0294578597 -0.0180917308 0.0311415102
v 0.0318351313 -0.0194055997 0.0287853405
v 0.03129673 -0.0200133305 0.0288905501
v 0.0307317898 -0.0200135093 0.0293534305
v 0.0301249009 -0.0200136304 0.0298277102
v 0.0294672195 -0.0200137999 0.0303096101
v 0.0263966303 -0.0234481599 0.0308153592
v 0.0268590394 -0.0234058406 0.0305474401
v 0.0269457102 -0.0227057301 0.0307987891
v 0.0273867194 -0.0226743203 0.0305339005
v 0.0274549704 -0.0219948199 0.0307847206
v 0.0278756004 -0.0219734907 0.03052371
v 0.0279249493 -0.0213140193 0.0307760797
v 0.0283262096 -0.0213014409 0.0305199604
v 0.0283561908 -0.0206577703 0.03077727
v 0.0287394505 -0.0206524692 0.0305270497
v 0.0287499409 -0.0200139806 0.0307953302
v 0.0291165691 -0.0200139191 0.0305521991
v 0.0291154291 -0.0193738304 0.0308290701
v 0.0294670407 -0.01937747 0.0305939894
v 0.0291107204 -0.0187299792 0.0310990196
v 0.0294638202 -0.01873683 0.0308713894
v 0.0291026793 -0.0180821996 0.0313616917
v 0.0290915892 -0.0174302999 0.0316169783
v 0.0290776994 -0.0167742297 0.031864401
v 0.0294254404 -0.01612854 0.0319048688
v 0.0301100593 -0.0161580406 0.03150969
v 0.0307431798 -0.0161870103 0.0311207697
v 0.0313329585 -0.0162153207 0.0307412092
v 0.0319008194 -0.01558566 0.0306637194
v 0.0324541889 -0.0149495602 0.0306147896
v 0.0329730511 -0.0149768498 0.0303041302
v 0.0318284594 -0.0200131498 0.0284428503
v 0.03128355 -0.0206109192 0.0285663009
v 0.0307190996 -0.0206209999 0.0290427804
v 0.0301127993 -0.0206313692 0.0295310598
v 0.0294559002 -0.0206418596 0.0300270896
v 0.0291056596 -0.0206471607 0.0302768294
v 0.0290755592 -0.0212763492 0.0300066397
v 0.0287094098 -0.0212889295 0.0302632991
v 0.0286605302 -0.0219305698 0.0299991891
v 0.0282770898 -0.0219520293 0.0302616898
v 0.0282096192 -0.0226110201 0.0299999695
v 0.0278076492 -0.0226427298 0.0302674696
v 0.0277219992 -0.0233203694 0.0300058108
v 0.0273004696 -0.0233632307 0.0302774291
v 0.0271971803 -0.0240573809 0.0300146304
v 0.02675521 -0.0241119191 0.0302895904
v 0.0266352203 -0.0248169806 0.03002524
v 0.0262924992 -0.0241660401 0.0305624008
v 0.0261720996 -0.0248832107 0.0303029399
v 0.0309272408 -0.0277199093 0.0216699205
v 0.0315597616 -0.02748942 0.0212228205
v 0.0321899615 -0.0272740703 0.0208049994
v 0.0328248702 -0.0270759407 0.0204207301
v 0.0334716402 -0.0268971901 0.0200740602
v 0.0338016711 -0.0268158298 0.0199161097
v 0.0341373608 -0.0267400704 0.0197692495
v 0.0344796106 -0.0266702697 0.0196338203
v 0.0348291881 -0.0266066696 0.0195104405
v 0.0351871811 -0.0265495703 0.0193996392
v 0.0355814584 -0.0261683408 0.0197620299
v 0.0359529816 -0.0261249505 0.0196749493
v 0.0363359414 -0.0260888301 0.0196025297
v 0.0367311798 -0.0260602795 0.0195452496
v 0.0371396504 -0.0260395408 0.0195036493
v 0.0375622511 -0.0260269009 0.0194783192
v 0.0357642695 -0.0239815097 0.0223495904
v 0.0354386494 -0.0240148902 0.0224568192
v 0.0354004502 -0.0244122706 0.0220414903
v 0.0351236984 -0.0240526702 0.0225783493
v 0.0350797698 -0.0244547091 0.0221646391
v 0.0348182917 -0.0240947604 0.0227137208
v 0.0347685814 -0.02450197 0.0223017298
v 0.0345214009 -0.0241409503 0.02286225
v 0.0344659016 -0.0245538298 0.0224522296
v 0.0342319608 -0.0241910797 0.0230234191
v 0.0341707394 -0.0246101003 0.0226154905
v 0.0339490101 -0.0242449604 0.0231966302
v 0.0338819586 -0.0246706009 0.0227909591
v 0.0333980918 -0.02436327 0.0235769097
v 0.0333196484 -0.0248034 0.0231761895
v 0.0328602083 -0.0244944002 0.0239985492
v 0.0327705704 -0.0249505602 0.0236033201
v 0.0323270485 -0.0246369205 0.0244568493
v 0.0322264992 -0.0251106005 0.0240676403
v 0.0317900702 -0.0247895103 0.0249473397
v 0.0316791497 -0.0252818391 0.0245645009
v 0.0306712296 -0.02511888 0.0260063391
v 0.0305413008 -0.02565163 0.0256373193
v 0.0310606305 -0.0273898803 0.0222121403
v 0.0297921803 -0.0278878193 0.0232109409
v 0.0297099296 -0.0280582905 0.0229256693
v 0.0302851703 -0.0279633403 0.0221421104
v 0.0296264794 -0.0282175504 0.0226352792
v 0.02954196 -0.0283655506 0.0223405305
v 0.0331507288 -0.0226013605 0.0254514199
v 0.0326507613 -0.0226686504 0.02587777
v 0.0325841308 -0.0231687408 0.0255339704
v 0.0321453214 -0.0227406602 0.0263339803
v 0.0320722982 -0.0232608896 0.0259985905
v 0.0310831591 -0.0228961706 0.0273190103
v 0.0309986994 -0.0234598499 0.0270017907
v 0.0305090491 -0.0229783002 0.0278392993
v 0.0304196402 -0.0235649291 0.0275316201
v 0.0299732592 -0.0224527698 0.0286651198
v 0.0305842105 -0.0223907195 0.0281421505
v 0.0311542694 -0.0223302208 0.0276317503
v 0.0322070085 -0.0222156607 0.0266654994
v 0.0327072106 -0.0221625492 0.02621793
v 0.0336539708 -0.0225394294 0.0250592809
v 0.0341691896 -0.0224835798 0.0247055199
v 0.0344340205 -0.0224581901 0.0245444104
v 0.0347050987 -0.0224345308 0.0243945103
v 0.0349835083 -0.0224127099 0.0242563393
v 0.0352703892 -0.0223928001 0.0241304599
v 0.0355667397 -0.0223749802 0.0240173899
v 0.0358737707 -0.0223591905 0.0239176694
v 0.0361925289 -0.0223456603 0.0238317791
v 0.0365240499 -0.0223343894 0.0237603709
v 0.0368694589 -0.0223254506 0.0237038694
v 0.0372298881 -0.0223190095 0.0236628596
v 0.0292905495 -0.0260470491 0.0267845299
v 0.0292137191 -0.0263266508 0.0265874807
v 0.0298615005 -0.0261160098 0.0260053799
v 0.0299341604 -0.0258468892 0.0262039807
v 0.0293648206 -0.0257614795 0.0269683506
v 0.0300045591 -0.0255722404 0.0263907891
v 0.0294364002 -0.0254710894 0.0271388199
v 0.0300725102 -0.0252928101 0.0265656691
v 0.0288516805 -0.0286261402 0.0228411499
v 0.0289441291 -0.0284804106 0.0231451299
v 0.0290352106 -0.02832192 0.0234445296
v 0.0291249696 -0.0281508509 0.0237384997
v 0.0315626189 -0.0257554594 0.0241510794
v 0.03040337 -0.0261632204 0.0252268892
v 0.0303319599 -0.0264092609 0.0250062309
v 0.0297867004 -0.0263786297 0.0257951003
v 0.0297099892 -0.0266338494 0.0255731903
v 0.0291344505 -0.0265992805 0.0263773203
v 0.0290529709 -0.0268639904 0.0261541009
v 0.0314421616 -0.02620643 0.0237070899
v 0.0302590095 -0.0266478006 0.0247756205
v 0.0301846191 -0.0268782303 0.0245355908
v 0.0296314899 -0.0268809106 0.0253400207
v 0.0295512006 -0.0271190405 0.0250962302
v 0.0289692804 -0.0271198098 0.0259183608
v 0.0288835708 -0.0273658 0.0256706998
v 0.0356993601 -0.0247551203 0.0215120893
v 0.0353621803 -0.0247964207 0.0216209795
v 0.0353250504 -0.02516835 0.0211939793
v 0.035035491 -0.0248432104 0.0217444804
v 0.0349922702 -0.0252190195 0.0213166401
v 0.0347183309 -0.02489537 0.0218819901
v 0.0346689187 -0.0252753999 0.0214532595
v 0.0344095789 -0.0249525309 0.0220329091
v 0.0343538485 -0.0253373291 0.0216031
v 0.0341082811 -0.02501457 0.0221965909
v 0.0340461098 -0.0254045092 0.0217657592
v 0.0338133499 -0.0250812694 0.0223725997
v 0.0337447487 -0.0254766904 0.02194052
v 0.0332387611 -0.0252277199 0.0227588993
v 0.0331570506 -0.0256352406 0.0223242603
v 0.0326775312 -0.0253900792 0.0231872201
v 0.0325827003 -0.0258109495 0.0227496605
v 0.0321215317 -0.0255665705 0.0236527901
v 0.0320137702 -0.0260019805 0.0232121293
v 0.0313182399 -0.0266312305 0.0232341792
v 0.0301088002 -0.0270998999 0.0242864992
v 0.0300316196 -0.0273121502 0.0240288898
v 0.0294691306 -0.0273474399 0.02484232
v 0.0293854401 -0.0275654104 0.02457886
v 0.0287957694 -0.0276011191 0.0254117809
v 0.02870607 -0.0278248694 0.0251423698
v 0.0311910491 -0.0270264708 0.0227348208
v 0.0299530607 -0.0275144503 0.0237632897
v 0.0298732501 -0.0277064405 0.02349036
v 0.0293001495 -0.0277722403 0.0243064705
v 0.0292133 -0.0279675107 0.0240260903
v 0.0286144596 -0.0280363504 0.0248631202
v 0.0285210591 -0.0282349493 0.0245749895
v 0.035638269 -0.0254814606 0.0206528306
v 0.0352892205 -0.0255289003 0.0207593404
v 0.0352544114 -0.0258787796 0.0203160606
v 0.0349503085 -0.0255827308 0.0208801609
v 0.0349092409 -0.0259348098 0.0204341393
v 0.0346205793 -0.0256426297 0.0210146308
v 0.0345730111 -0.0259972196 0.0205655601
v 0.0342990085 -0.0257083699 0.02116221
v 0.0342447087 -0.0260656402 0.0207098108
v 0.0339846015 -0.0257797204 0.0213223603
v 0.0339234993 -0.0261399094 0.0208663307
v 0.0336765014 -0.0258563701 0.0214945003
v 0.0336083099 -0.02621972 0.0210345294
v 0.0330749713 -0.0260246899 0.0218723994
v 0.0329922996 -0.0263949595 0.0214038994
v 0.0324866697 -0.0262112599 0.0222913604
v 0.0323891602 -0.0265892707 0.0218133293
v 0.0319036804 -0.0264141504 0.0227467995
v 0.0317912586 -0.0268004499 0.0222584605
v 0.0371734388 -0.0246496201 0.0212337896
v 0.0371552706 -0.0253602192 0.0203806106
v 0.0367840491 -0.0246665999 0.0212786105
v 0.0367559083 -0.0253797099 0.02042442
v 0.0364092514 -0.0246900301 0.0213403106
v 0.0363706313 -0.0254065897 0.0204847399
v 0.036048051 -0.0247195903 0.0214183293
v 0.0359984003 -0.0254406296 0.0205610897
v 0.0281310007 -0.0288931709 0.0233541094
v 0.0282308403 -0.0287497006 0.0236675702
v 0.0283291899 -0.0285920501 0.0239761993
v 0.0284259301 -0.0284203198 0.0242789909
v 0.0280296206 -0.0290226303 0.0230367109
v 0.0352204405 -0.0262187701 0.0198631193
v 0.0348689482 -0.0262759309 0.0199778005
v 0.0345260501 -0.0263395291 0.0201054793
v 0.0341908894 -0.0264093801 0.0202455502
v 0.0338625312 -0.0264851991 0.0203975402
v 0.0335400105 -0.0265666209 0.0205609202
v 0.032908909 -0.0267454293 0.0209196191
v 0.0322902203 -0.0269436799 0.0213172399
v 0.0316765904 -0.0271592103 0.0217495505
v 0.0371940099 -0.0238963291 0.0220756494
v 0.0368153416 -0.02391004 0.0221197605
v 0.0364515707 -0.0239289403 0.0221804902
v 0.0361015685 -0.0239528399 0.0222572591
v 0.0340713188 -0.0233735405 0.0239691101
v 0.0335404202 -0.0234609805 0.0243357997
v 0.0334722288 -0.0239137392 0.0239624307
v 0.033021979 -0.0235578399 0.0247423593
v 0.0329445601 -0.0240281206 0.0243762694
v 0.0325074084 -0.0236632209 0.0251843296
v 0.0324212313 -0.0241524503 0.0248262193
v 0.0319881998 -0.0237759296 0.0256572906
v 0.031893611 -0.0242855493 0.0253077094
v 0.0309013091 -0.0240192991 0.0266784392
v 0.0307917502 -0.02457284 0.0263472702
v 0.0303165298 -0.0241478607 0.0272177998
v 0.0302004199 -0.0247246008 0.0268963501
v 0.0296927001 -0.0242795907 0.0277704
v 0.0295708105 -0.0248801094 0.0274589602
v 0.0292390492 -0.0249588396 0.02774393
v 0.0291017201 -0.0255613904 0.0274291001
v 0.0287544709 -0.0256521702 0.0277210996
v 0.0286797807 -0.0259537604 0.0275552198
v 0.032257311 -0.0216846392 0.0269955304
v 0.0312117301 -0.0217621308 0.0279420596
v 0.03068983 -0.02121442 0.0287410002
v 0.0306446496 -0.0218030792 0.02844196
v 0.0300830007 -0.0212389193 0.0292417407
v 0.0300362706 -0.0218449794 0.0289542004
v 0.0294257905 -0.0212638304 0.0297505204
v 0.0293778107 -0.0218876004 0.0294746701
v 0.0290271007 -0.0219090506 0.0297366306
v 0.0289610606 -0.0225474797 0.0294639394
v 0.0285937097 -0.0225792509 0.02973192
v 0.0285097901 -0.0232341792 0.0294599496
v 0.0281247403 -0.0232773405 0.0297331195
v 0.0280232392 -0.0239474699 0.0294603091
v 0.0276194792 -0.0240025502 0.0297379997
v 0.0275011007 -0.02468317 0.0294637606
v 0.02707785 -0.0247502904 0.0297453403
v 0.0269432608 -0.0254357401 0.0294694901
v 0.02649986 -0.0255144797 0.0297544505
v 0.02634966 -0.0261983797 0.0294771697
v 0.0260363203 -0.0255926196 0.0300371591
v 0.0258854609 -0.0262879096 0.0297651794
v 0.0255514309 -0.0256699901 0.0303170606
v 0.0254003406 -0.0263765994 0.0300503299
v 0.0250442605 -0.0257463995 0.0305935703
v 0.0248932205 -0.0264642201 0.0303319599
v 0.0245137196 -0.0258217398 0.0308661405
v 0.0243631005 -0.0265505891 0.0306096599
v 0.0239587408 -0.0258958302 0.0311342403
v 0.0238089506 -0.0266355202 0.0308827106
v 0.0233781897 -0.0259684902 0.0313972197
v 0.0232295897 -0.0267188493 0.0311506297
v 0.0227711201 -0.0260396507 0.0316545889
v 0.0226241294 -0.0268003903 0.0314127803
v 0.0221363902 -0.0261090305 0.0319057703
v 0.0219914299 -0.0268799607 0.0316686593
v 0.0214729309 -0.0261766296 0.0321501382
v 0.0213304106 -0.0269573908 0.0319176316
v 0.0207797196 -0.0262421295 0.0323871896
v 0.0206400696 -0.0270324908 0.0321591385
v 0.0200557094 -0.0263054892 0.032616429
v 0.0199193899 -0.0271050893 0.032392621
v 0.0192997996 -0.0263664704 0.0328371488
v 0.0191672407 -0.0271750595 0.0326174386
v 0.0185108706 -0.0264250003 0.0330488607
v 0.0183825996 -0.0272421204 0.0328331515
v 0.0176879708 -0.0264808498 0.0332510397
v 0.0175644699 -0.0273061898 0.0330390893
v 0.0168300197 -0.0265338998 0.03344303
v 0.01671171 -0.0273669902 0.0332346484
v 0.0159358904 -0.0265840199 0.033624351
v 0.0158233009 -0.0274244491 0.0334193707
v 0.0150045697 -0.0266310498 0.0337943994
v 0.0148982396 -0.0274783298 0.0335925817
v 0.0140349204 -0.02667474 0.0339525901
v 0.0139353797 -0.0275284592 0.033753749
v 0.0130259898 -0.0267150402 0.0340984389
v 0.0129337898 -0.0275746491 0.03390228
v 0.01197665 -0.0267517492 0.0342313014
v 0.0118923103 -0.02761673 0.0340376385
v 0.01088583 -0.0267847702 0.0343506299
v 0.0108099496 -0.0276545808 0.0341591798
v 0.00975251105 -0.0268138591 0.0344558917
v 0.00968563464 -0.0276878998 0.0342664085
v 0.00857561827 -0.0268388893 0.0345464908
v 0.0085183382 -0.0277166292 0.0343587287
v 0.00735402107 -0.0268597007 0.0346218906
v 0.00730699301 -0.0277405307 0.0344355106
v 0.00608676579 -0.0268762093 0.0346814916
v 0.0060505271 -0.0277593695 0.0344962403
v 0.00477266312 -0.0268881898 0.0347247683
v 0.00474786712 -0.02777314 0.0345403515
v 0.0293126702 -0.0225157104 0.0291964393
v 0.0292310696 -0.0231480002 0.0289140306
v 0.0288781505 -0.0231910292 0.02918672
v 0.0287791993 -0.0238370802 0.0289037805
v 0.0284094196 -0.0238922797 0.0291820709
v 0.02829355 -0.0245482903 0.02889782
v 0.0279059391 -0.0246158205 0.0291810594
v 0.0277737305 -0.0252770092 0.0288950801
v 0.0273675304 -0.0253565293 0.0291828495
v 0.0272195302 -0.0260172393 0.0288948994
v 0.0267940108 -0.0261080805 0.0291869007
v 0.0267140195 -0.0264378693 0.0290325191
v 0.0262691304 -0.0265337192 0.0293250605
v 0.0261849705 -0.0268634502 0.0291533992
v 0.0258045103 -0.02662885 0.0296152793
v 0.0257199407 -0.0269639995 0.0294451695
v 0.0253191497 -0.0267229602 0.0299026296
v 0.0252343398 -0.0270636007 0.0297340099
v 0.0248120409 -0.0268160105 0.0301865302
v 0.0247271601 -0.0271619502 0.0300194006
v 0.02428215 -0.0269076806 0.0304663703
v 0.02419734 -0.0272588693 0.0303006694
v 0.0237283092 -0.0269978605 0.0307415705
v 0.0236439109 -0.0273542404 0.0305773001
v 0.0231496003 -0.0270863697 0.0310115796
v 0.0230657402 -0.0274477601 0.0308486801
v 0.0225449204 -0.0271729194 0.0312758014
v 0.0224618893 -0.0275393091 0.0311142802
v 0.02191329 -0.0272574406 0.0315336511
v 0.0218312703 -0.0276286602 0.0313735008
v 0.0212535206 -0.0273396298 0.0317845903
v 0.0211728197 -0.02771556 0.0316256806
v 0.0205647293 -0.0274193808 0.0320280083
v 0.0204855204 -0.0277999006 0.0318703614
v 0.01984578 -0.0274965093 0.0322632715
v 0.0197683498 -0.0278813802 0.0321068689
v 0.0190955903 -0.0275707804 0.0324899517
v 0.0190203097 -0.0279599391 0.0323346816
v 0.0183132198 -0.0276420098 0.0327072702
v 0.0182402693 -0.0280352198 0.0325531289
v 0.0174975898 -0.0277100205 0.0329148099
v 0.0174272601 -0.0281070992 0.0327617489
v 0.0166476294 -0.0277745705 0.0331119783
v 0.0165802203 -0.0281754099 0.0329599306
v 0.0157623198 -0.0278356001 0.0332981311
v 0.0156980697 -0.0282399002 0.0331470296
v 0.0148406001 -0.0278927591 0.0334726498
v 0.0147798602 -0.0283004008 0.0333225094
v 0.0138814403 -0.0279459897 0.0336351283
v 0.0138245197 -0.0283566695 0.0334857702
v 0.0128837796 -0.0279950406 0.0337847993
v 0.0128309699 -0.0284085199 0.0336362682
v 0.0118465396 -0.0280397497 0.0339212418
v 0.0117982598 -0.0284557901 0.0337733589
v 0.0107687702 -0.0280799195 0.0340437219
v 0.0107252495 -0.0284982305 0.0338964984
v 0.00964933634 -0.0281153303 0.0341517888
v 0.00961095002 -0.0285356604 0.0340051018
v 0.00848722365 -0.0281457901 0.0342448317
v 0.00845432188 -0.0285678506 0.0340986215
v 0.00728136301 -0.0281711798 0.0343221985
v 0.00725436211 -0.0285946708 0.0341764018
v 0.00603079703 -0.0281911995 0.0343834087
v 0.00600993587 -0.0286158901 0.0342379808
v 0.004734396 -0.0282057505 0.0344278812
v 0.00472009089 -0.0286312606 0.034282621
v 0.0298945904 -0.0230624601 0.0283723995
v 0.0295694992 -0.0231051408 0.0286424104
v 0.0294738393 -0.0237271097 0.0283495095
v 0.02913367 -0.0237820093 0.0286260806
v 0.0290211998 -0.0244133994 0.0283319298
v 0.0286649391 -0.0244808104 0.0286145806
v 0.0285361409 -0.0251176301 0.0283183996
v 0.0281628892 -0.0251973197 0.0286067091
v 0.0280183498 -0.0258347299 0.0283080302
v 0.02762728 -0.0259260498 0.02860176
v 0.0298008304 -0.0236725807 0.0280744992
v 0.0293634497 -0.0243462902 0.0280503593
v 0.0288944803 -0.0250380598 0.0280305706
v 0.0283936802 -0.0257433597 0.0280143004
v 0.0276525598 -0.0293056909 0.0224417392
v 0.0271547996 -0.0294002201 0.02321833
v 0.0272646509 -0.0292900801 0.0235481802
v 0.0273729507 -0.0291644894 0.0238752905
v 0.0274796393 -0.02902334 0.0241983496
v 0.0275845509 -0.0288665202 0.0245163999
v 0.0276877191 -0.0286941491 0.02482819
v 0.0277890507 -0.0285066906 0.0251326505
v 0.0278884098 -0.0283046905 0.0254285894
v 0.0279856902 -0.02808851 0.0257148705
v 0.0280808806 -0.0278588496 0.0259904191
v 0.0281738006 -0.0276165009 0.0262543503
v 0.0282644592 -0.0273624603 0.0265058801
v 0.0283526704 -0.0270978194 0.0267443005
v 0.0284384396 -0.0268235207 0.0269688293
v 0.0285216495 -0.0265406296 0.0271789394
v 0.0286021195 -0.0262503605 0.0273744408
v 0.0343441889 -0.0233337209 0.0238020997
v 0.0346233211 -0.0232967101 0.0236466508
v 0.0349099003 -0.0232625604 0.0235034209
v 0.0352049991 -0.0232314393 0.0233729407
v 0.0355096385 -0.0232034903 0.0232557002
v 0.0358248912 -0.0231788699 0.0231523495
v 0.0361518785 -0.0231576506 0.0230633002
v 0.0364916287 -0.0231400095 0.0229892693
v 0.0368452594 -0.0231260601 0.0229306798
v 0.0372137986 -0.0231159292 0.0228881799
v 0.0375983715 -0.0231097303 0.02286225
f 1 2 3
f 4 5 6
f 7 8 9
f 10 11 12
f 13 14 15
f 16 17 18
f 19 20 21
f 22 23 24
f 24 23 25
f 24 25 20
f 20 25 26
f 20 26 21
f 27 28 29
f 29 28 30
f 29 30 24
f 24 30 31
f 24 31 22
f 32 33 27
f 27 33 34
f 27 34 28
f 35 36 32
f 32 36 37
f 32 37 33
f 38 39 35
f 35 39 40
f 35 40 36
f 41 42 38
f 38 42 43
f 43 44 38
f 38 44 45
f 38 45 39
f 46 47 41
f 41 47 48
f 41 48 42
f 49 50 46
f 46 50 51
f 46 51 47
f 52 53 49
f 49 53 54
f 54 55 49
f 49 55 56
f 49 56 50
f 57 58 59
f 59 58 60
f 59 60 52
f 52 60 61
f 52 61 53
f 57 59 62
f 62 59 63
f 62 63 64
f 63 65 66
f 66 67 63
f 63 67 68
f 63 68 64
f 65 63 69
f 69 63 70
f 69 70 71
f 71 70 72
f 71 72 73
f 74 75 76
f 76 75 77
f 76 77 72
f 72 77 78
f 72 78 73
f 74 76 79
f 79 76 80
f 79 80 81
f 82 83 84
f 84 83 85
f 84 85 80
f 80 85 86
f 80 86 81
f 82 84 87
f 87 84 88
f 87 88 89
f 89 88 90
f 90 88 91
f 90 91 92
f 92 91 93
f 93 91 94
f 93 94 95
f 96 97 94
f 94 97 98
f 94 98 95
f 99 100 96
f 96 100 101
f 96 101 97
f 102 103 99
f 99 103 104
f 99 104 100
f 105 106 107
f 107 106 108
f 107 108 102
f 102 108 109
f 102 109 103
f 105 107 110
f 110 107 111
f 110 111 112
f 112 111 113
f 113 111 114
f 113 114 115
f 115 114 116
f 116 114 117
f 116 117 118
f 119 120 117
f 117 120 121
f 117 121 118
f 122 123 119
f 119 123 124
f 119 124 120
f 125 126 127
f 127 126 128
f 127 128 122
f 122 128 129
f 122 129 123
f 125 127 130
f 130 127 131
f 130 131 132
f 132 131 133
f 133 131 134
f 133 134 135
f 135 134 136
f 136 134 137
f 136 137 138
f 139 140 137
f 137 140 141
f 137 141 138
f 142 143 144
f 144 143 145
f 144 145 139
f 139 145 146
f 139 146 140
f 142 144 147
f 147 144 148
f 147 148 149
f 149 148 150
f 150 148 151
f 150 151 152
f 152 151 153
f 153 151 154
f 153 154 155
f 156 157 154
f 154 157 158
f 154 158 155
f 156 159 160
f 160 161 156
f 156 161 162
f 156 162 157
f 159 156 163
f 163 156 164
f 163 164 165
f 165 164 166
f 165 166 167
f 168 169 170
f 170 169 171
f 170 171 166
f 166 171 172
f 166 172 167
f 168 170 173
f 173 170 174
f 173 174 175
f 176 177 178
f 178 177 179
f 178 179 174
f 174 179 180
f 174 180 175
f 176 178 181
f 181 178 182
f 181 182 183
f 184 185 186
f 186 185 187
f 186 187 182
f 182 187 188
f 182 188 183
f 184 186 189
f 189 186 190
f 189 190 191
f 192 193 194
f 194 193 195
f 194 195 190
f 190 195 196
f 190 196 191
f 192 194 197
f 197 194 198
f 197 198 199
f 200 201 202
f 202 201 203
f 202 203 198
f 198 203 204
f 198 204 199
f 200 202 205
f 205 202 206
f 205 206 207
f 208 209 210
f 210 209 211
f 210 211 206
f 206 211 212
f 206 212 207
f 208 210 213
f 213 210 214
f 213 214 215
f 216 217 218
f 218 219 216
f 216 219 220
f 216 220 214
f 214 220 221
f 214 221 215
f 222 223 224
f 224 223 225
f 224 225 216
f 216 225 226
f 216 226 217
f 227 228 229
f 229 228 230
f 229 230 224
f 224 230 231
f 224 231 222
f 17 232 18
f 18 232 233
f 18 233 229
f 229 233 234
f 229 234 227
f 235 236 237
f 237 236 18
f 18 236 238
f 18 238 16
f 239 240 241
f 241 240 242
f 241 242 237
f 237 242 243
f 237 243 235
f 244 245 246
f 246 245 247
f 247 248 246
f 246 248 249
f 246 249 241
f 241 249 250
f 241 250 239
f 251 252 253
f 251 253 246
f 246 253 254
f 246 254 244
f 255 256 257
f 257 256 258
f 257 258 251
f 251 258 259
f 251 259 252
f 260 261 262
f 262 261 263
f 263 264 262
f 262 264 265
f 262 265 257
f 257 265 266
f 257 266 255
f 260 262 267
f 267 262 268
f 267 268 269
f 270 271 272
f 272 271 273
f 272 273 268
f 268 273 274
f 268 274 269
f 275 276 272
f 272 276 277
f 277 278 272
f 272 278 279
f 272 279 270
f 280 281 275
f 275 281 282
f 275 282 283
f 283 284 275
f 275 284 285
f 275 285 276
f 280 275 286
f 286 275 287
f 286 287 288
f 288 287 289
f 288 289 290
f 291 289 292
f 292 289 293
f 291 294 289
f 289 294 295
f 289 295 290
f 14 296 15
f 15 296 297
f 15 297 293
f 293 297 298
f 293 298 292
f 299 300 301
f 299 301 15
f 15 301 302
f 15 302 13
f 303 304 305
f 305 304 306
f 305 306 299
f 299 306 307
f 299 307 300
f 308 309 305
f 305 309 310
f 305 310 303
f 311 312 308
f 308 312 313
f 308 313 314
f 314 315 308
f 308 315 316
f 308 316 309
f 317 318 319
f 319 318 320
f 319 320 311
f 311 320 321
f 311 321 312
f 317 319 322
f 322 319 323
f 322 323 324
f 325 326 323
f 323 326 327
f 327 328 323
f 323 328 329
f 323 329 324
f 330 331 332
f 332 331 333
f 332 333 325
f 325 333 334
f 325 334 326
f 11 335 12
f 12 335 336
f 12 336 332
f 332 336 337
f 332 337 330
f 10 12 338
f 338 12 339
f 338 339 340
f 8 341 9
f 9 341 342
f 9 342 339
f 339 342 343
f 339 343 340
f 344 345 346
f 346 345 347
f 344 348 345
f 345 348 349
f 345 349 9
f 9 349 350
f 9 350 7
f 351 352 353
f 353 352 354
f 353 354 347
f 347 354 355
f 347 355 346
f 356 357 358
f 358 357 359
f 358 359 353
f 353 359 360
f 353 360 351
f 361 362 358
f 358 362 363
f 358 363 356
f 364 365 366
f 366 365 367
f 366 367 361
f 361 367 368
f 361 368 362
f 369 370 371
f 371 370 372
f 371 372 366
f 366 372 373
f 366 373 364
f 369 371 374
f 374 371 375
f 374 375 376
f 377 375 378
f 378 375 379
f 377 380 375
f 375 380 381
f 375 381 376
f 382 383 379
f 383 384 379
f 379 384 385
f 379 385 378
f 386 387 388
f 388 387 389
f 388 389 390
f 390 389 391
f 390 391 379
f 379 391 392
f 379 392 382
f 393 394 395
f 395 394 396
f 396 397 395
f 395 397 398
f 395 398 388
f 388 398 399
f 388 399 386
f 400 401 402
f 402 401 403
f 402 403 395
f 395 403 404
f 395 404 393
f 5 405 6
f 6 405 406
f 6 406 402
f 402 406 407
f 402 407 400
f 408 409 410
f 410 409 411
f 410 411 6
f 6 411 412
f 6 412 4
f 413 414 415
f 415 416 413
f 413 416 417
f 413 417 410
f 410 417 418
f 410 418 408
f 414 413 419
f 419 413 420
f 419 420 421
f 422 423 420
f 420 423 424
f 424 425 420
f 420 425 426
f 420 426 421
f 427 428 429
f 429 430 427
f 427 430 431
f 427 431 422
f 422 431 432
f 422 432 423
f 428 427 433
f 433 427 434
f 433 434 435
f 436 437 434
f 434 437 438
f 434 438 435
f 439 440 441
f 441 440 442
f 441 442 443
f 443 442 444
f 443 444 434
f 434 444 445
f 434 445 436
f 446 447 448
f 448 447 449
f 448 449 441
f 441 449 450
f 441 450 439
f 446 448 451
f 451 448 452
f 451 452 453
f 2 454 3
f 3 454 455
f 3 455 452
f 452 455 456
f 452 456 453
f 457 458 459
f 457 459 3
f 3 459 460
f 3 460 1
f 458 457 461
f 461 457 462
f 461 462 463
f 464 465 466
f 466 465 467
f 466 467 462
f 462 467 468
f 462 468 463
f 464 466 469
f 469 466 470
f 469 470 471
f 472 473 470
f 470 473 474
f 474 475 470
f 470 475 471
f 476 477 478
f 478 477 479
f 478 479 472
f 472 479 480
f 472 480 473
f 476 478 481
f 481 478 482
f 481 482 483
f 484 485 486
f 486 485 487
f 486 487 482
f 482 487 488
f 482 488 483
f 484 486 489
f 489 486 490
f 489 490 491
f 492 493 494
f 494 493 495
f 494 495 490
f 490 495 496
f 490 496 491
f 492 494 497
f 497 494 498
f 497 498 499
f 500 501 502
f 502 501 503
f 502 503 498
f 498 503 504
f 498 504 499
f 21 505 19
f 19 505 506
f 19 506 507
f 507 506 508
f 507 508 509
f 509 508 510
f 509 510 511
f 511 510 512
f 511 512 513
f 513 512 514
f 513 514 515
f 515 514 516
f 515 516 517
f 517 516 518
f 517 518 519
f 519 518 520
f 519 520 521
f 521 520 522
f 521 522 523
f 523 522 524
f 523 524 525
f 525 524 526
f 525 526 527
f 527 526 528
f 527 528 529
f 529 528 530
f 529 530 502
f 502 530 531
f 502 531 500
f 224 216 532
f 532 216 214
f 532 214 210
f 237 18 532
f 532 18 229
f 532 229 224
f 251 246 532
f 532 246 241
f 532 241 237
f 268 262 532
f 532 262 257
f 532 257 251
f 287 275 532
f 532 275 272
f 532 272 268
f 15 293 532
f 532 293 289
f 532 289 287
f 308 305 532
f 532 305 299
f 532 299 15
f 323 319 532
f 532 319 311
f 532 311 308
f 12 332 532
f 532 332 325
f 532 325 323
f 345 9 532
f 532 9 339
f 532 339 12
f 358 353 532
f 532 353 347
f 532 347 345
f 371 366 532
f 532 366 361
f 532 361 358
f 390 379 532
f 532 379 375
f 532 375 371
f 402 395 532
f 532 395 388
f 532 388 390
f 413 410 532
f 532 410 6
f 532 6 402
f 427 422 532
f 532 422 420
f 532 420 413
f 441 443 532
f 532 443 434
f 532 434 427
f 3 452 532
f 532 452 448
f 532 448 441
f 466 462 532
f 532 462 457
f 532 457 3
f 478 472 532
f 532 472 470
f 532 470 466
f 490 486 532
f 532 486 482
f 532 482 478
f 502 498 532
f 532 498 494
f 532 494 490
f 525 527 532
f 532 527 529
f 532 529 502
f 519 521 532
f 532 521 523
f 532 523 525
f 513 515 532
f 532 515 517
f 532 517 519
f 507 509 532
f 532 509 511
f 532 511 513
f 24 20 532
f 532 20 19
f 532 19 507
f 32 27 532
f 532 27 29
f 532 29 24
f 41 38 532
f 532 38 35
f 532 35 32
f 52 49 532
f 532 49 46
f 532 46 41
f 70 63 532
f 532 63 59
f 532 59 52
f 80 76 532
f 532 76 72
f 532 72 70
f 91 88 532
f 532 88 84
f 532 84 80
f 99 96 532
f 532 96 94
f 532 94 91
f 111 107 532
f 532 107 102
f 532 102 99
f 119 117 532
f 532 117 114
f 532 114 111
f 131 127 532
f 532 127 122
f 532 122 119
f 139 137 532
f 532 137 134
f 532 134 131
f 151 148 532
f 532 148 144
f 532 144 139
f 164 156 532
f 532 156 154
f 532 154 151
f 174 170 532
f 532 170 166
f 532 166 164
f 186 182 532
f 532 182 178
f 532 178 174
f 198 194 532
f 532 194 190
f 532 190 186
f 210 206 532
f 532 206 202
f 532 202 198
f 533 534 535
f 536 537 538
f 538 539 536
f 536 539 540
f 536 540 541
f 541 540 542
f 543 544 545
f 545 544 546
f 544 533 546
f 546 533 535
f 546 535 547
f 547 535 548
f 547 548 549
f 550 551 548
f 548 551 552
f 548 552 549
f 553 554 550
f 550 554 555
f 550 555 551
f 556 557 558
f 558 557 559
f 558 559 553
f 553 559 560
f 553 560 554
f 556 558 561
f 561 558 562
f 561 562 563
f 563 562 564
f 564 562 565
f 564 565 566
f 567 568 565
f 565 568 569
f 565 569 566
f 570 571 567
f 567 571 572
f 567 572 568
f 573 574 575
f 575 574 576
f 575 576 570
f 570 576 577
f 570 577 571
f 573 575 578
f 578 575 579
f 578 579 580
f 580 579 581
f 581 579 582
f 581 582 583
f 584 585 582
f 582 585 586
f 582 586 583
f 587 588 584
f 584 588 589
f 584 589 585
f 590 591 592
f 592 591 593
f 592 593 587
f 587 593 594
f 587 594 588
f 590 592 595
f 595 592 596
f 595 596 597
f 597 596 598
f 598 596 599
f 598 599 600
f 601 602 599
f 599 602 603
f 599 603 600
f 604 605 606
f 606 605 607
f 606 607 601
f 601 607 608
f 601 608 602
f 604 606 609
f 609 606 610
f 609 610 611
f 611 610 612
f 612 610 613
f 612 613 614
f 614 613 615
f 615 613 616
f 615 616 617
f 618 619 616
f 616 619 620
f 616 620 617
f 621 622 623
f 623 622 624
f 623 624 618
f 618 624 625
f 618 625 619
f 621 623 626
f 626 623 627
f 626 627 628
f 628 627 629
f 629 627 630
f 629 630 631
f 631 630 632
f 632 630 633
f 632 633 634
f 635 636 633
f 633 636 637
f 633 637 634
f 638 639 640
f 640 639 641
f 640 641 635
f 635 641 642
f 635 642 636
f 638 640 643
f 643 640 644
f 643 644 645
f 645 644 646
f 646 644 647
f 646 647 648
f 648 647 649
f 649 647 650
f 649 650 651
f 652 653 650
f 650 653 654
f 650 654 651
f 655 656 657
f 657 656 658
f 657 658 652
f 652 658 659
f 652 659 653
f 655 657 660
f 660 657 661
f 660 661 662
f 662 661 663
f 663 661 664
f 663 664 665
f 666 667 664
f 664 667 668
f 664 668 665
f 669 670 666
f 666 670 671
f 666 671 667
f 672 673 674
f 674 673 675
f 674 675 669
f 669 675 676
f 669 676 670
f 672 674 677
f 677 674 678
f 677 678 679
f 679 678 680
f 680 678 681
f 680 681 682
f 683 684 681
f 681 684 685
f 681 685 682
f 686 687 683
f 683 687 688
f 683 688 684
f 689 690 691
f 691 690 692
f 691 692 686
f 686 692 693
f 686 693 687
f 689 691 694
f 694 691 695
f 694 695 696
f 696 695 697
f 697 695 698
f 697 698 699
f 700 701 698
f 698 701 702
f 698 702 699
f 703 704 700
f 700 704 705
f 700 705 701
f 706 707 708
f 708 707 709
f 708 709 703
f 703 709 710
f 703 710 704
f 706 708 711
f 711 708 712
f 711 712 713
f 713 712 714
f 714 712 715
f 714 715 716
f 717 718 719
f 719 718 720
f 719 720 715
f 715 720 721
f 715 721 716
f 722 723 724
f 724 723 725
f 724 725 719
f 719 725 726
f 719 726 717
f 727 728 722
f 722 728 729
f 722 729 723
f 730 731 732
f 732 731 733
f 732 733 727
f 727 733 734
f 727 734 728
f 730 732 735
f 735 732 736
f 735 736 737
f 737 736 738
f 738 736 739
f 738 739 740
f 741 742 739
f 739 742 743
f 739 743 740
f 744 745 741
f 741 745 746
f 741 746 742
f 747 748 749
f 749 748 750
f 749 750 744
f 744 750 751
f 744 751 745
f 747 749 752
f 752 749 753
f 752 753 754
f 754 753 755
f 755 753 756
f 755 756 757
f 758 759 756
f 756 759 760
f 756 760 757
f 761 762 758
f 758 762 763
f 758 763 759
f 536 764 537
f 537 764 765
f 537 765 761
f 761 765 766
f 761 766 762
f 767 768 769
f 770 771 772
f 773 774 775
f 776 777 778
f 779 780 781
f 782 783 784
f 785 786 787
f 787 786 788
f 789 790 791
f 791 790 788
f 792 793 794
f 794 793 788
f 795 796 797
f 797 796 788
f 782 798 788
f 799 800 801
f 788 802 803
f 804 805 806
f 807 808 809
f 810 811 812
f 813 814 810
f 813 810 815
f 815 810 812
f 815 812 816
f 817 818 819
f 820 821 822
f 822 821 823
f 824 825 826
f 826 825 827
f 828 829 830
f 830 829 831
f 830 831 832
f 833 834 835
f 835 834 836
f 837 838 839
f 839 838 840
f 841 842 843
f 804 806 844
f 845 846 847
f 847 846 848
f 849 850 851
f 852 853 854
f 854 853 855
f 854 855 856
f 784 857 858
f 783 859 784
f 784 859 860
f 784 860 857
f 788 861 783
f 783 861 862
f 783 862 859
f 782 788 783
f 803 802 863
f 863 802 864
f 863 864 865
f 865 864 866
f 866 864 867
f 866 867 868
f 869 870 871
f 869 871 867
f 867 871 872
f 867 872 868
f 870 869 873
f 873 869 874
f 873 874 875
f 875 874 876
f 876 874 877
f 876 877 878
f 879 880 881
f 879 881 877
f 877 881 882
f 877 882 878
f 880 879 883
f 883 879 884
f 883 884 885
f 886 887 888
f 886 888 889
f 888 890 889
f 889 890 891
f 889 891 884
f 884 891 892
f 884 892 885
f 887 886 893
f 893 886 894
f 893 894 895
f 801 800 894
f 894 800 896
f 894 896 895
f 799 801 897
f 897 801 898
f 897 898 899
f 899 898 900
f 899 900 901
f 901 900 902
f 902 900 903
f 902 903 904
f 903 905 904
f 904 905 906
f 904 906 907
f 907 906 908
f 798 782 909
f 909 782 784
f 909 784 849
f 849 784 858
f 849 858 850
f 910 788 798
f 911 795 912
f 912 795 797
f 912 797 913
f 913 797 788
f 914 792 915
f 915 792 794
f 915 794 916
f 916 794 788
f 917 789 918
f 918 789 791
f 918 791 919
f 919 791 788
f 920 785 921
f 921 785 787
f 921 787 922
f 922 787 788
f 910 798 923
f 923 798 909
f 923 909 924
f 924 909 849
f 924 849 854
f 854 849 851
f 854 851 852
f 925 788 910
f 926 911 927
f 927 911 912
f 927 912 928
f 928 912 913
f 928 913 929
f 929 913 788
f 930 914 931
f 931 914 915
f 931 915 932
f 932 915 916
f 932 916 933
f 933 916 788
f 934 917 935
f 935 917 918
f 935 918 936
f 936 918 919
f 936 919 937
f 937 919 788
f 938 920 939
f 939 920 921
f 939 921 940
f 940 921 922
f 940 922 941
f 941 922 788
f 925 910 942
f 942 910 923
f 942 923 943
f 943 923 924
f 943 924 944
f 944 924 854
f 944 854 846
f 846 854 856
f 846 856 848
f 945 788 925
f 946 926 947
f 947 926 927
f 947 927 948
f 948 927 928
f 948 928 949
f 949 928 929
f 949 929 950
f 950 929 788
f 951 930 952
f 952 930 931
f 952 931 953
f 953 931 932
f 953 932 954
f 954 932 933
f 954 933 955
f 955 933 788
f 956 934 957
f 957 934 935
f 957 935 958
f 958 935 936
f 958 936 959
f 959 936 937
f 959 937 960
f 960 937 788
f 961 938 962
f 962 938 939
f 962 939 963
f 963 939 940
f 963 940 964
f 964 940 941
f 964 941 965
f 965 941 788
f 945 925 966
f 966 925 942
f 966 942 967
f 967 942 943
f 967 943 968
f 968 943 944
f 968 944 969
f 969 944 846
f 969 846 841
f 841 846 845
f 841 845 842
f 970 788 945
f 971 946 972
f 972 946 947
f 972 947 973
f 973 947 948
f 973 948 974
f 974 948 949
f 974 949 975
f 975 949 950
f 975 950 976
f 976 950 788
f 977 951 978
f 978 951 952
f 978 952 979
f 979 952 953
f 979 953 980
f 980 953 954
f 980 954 981
f 981 954 955
f 981 955 982
f 982 955 788
f 983 956 984
f 984 956 957
f 984 957 985
f 985 957 958
f 985 958 986
f 986 958 959
f 986 959 987
f 987 959 960
f 987 960 988
f 988 960 788
f 989 961 990
f 990 961 962
f 990 962 991
f 991 962 963
f 991 963 992
f 992 963 964
f 992 964 993
f 993 964 965
f 993 965 994
f 994 965 788
f 970 945 995
f 995 945 966
f 995 966 996
f 996 966 967
f 996 967 997
f 997 967 968
f 997 968 998
f 998 968 969
f 998 969 999
f 999 969 841
f 999 841 806
f 806 841 843
f 806 843 844
f 1000 788 970
f 1001 971 1002
f 1002 971 972
f 1002 972 1003
f 1003 972 973
f 1003 973 1004
f 1004 973 974
f 1004 974 1005
f 1005 974 975
f 1005 975 1006
f 1006 975 976
f 1006 976 1007
f 1007 976 788
f 1008 977 1009
f 1009 977 978
f 1009 978 1010
f 1010 978 979
f 1010 979 1011
f 1011 979 980
f 1011 980 1012
f 1012 980 981
f 1012 981 1013
f 1013 981 982
f 1013 982 1014
f 1014 982 788
f 1015 983 1016
f 1016 983 984
f 1016 984 1017
f 1017 984 985
f 1017 985 1018
f 1018 985 986
f 1018 986 1019
f 1019 986 987
f 1019 987 1020
f 1020 987 988
f 1020 988 1021
f 1021 988 788
f 1022 989 1023
f 1023 989 990
f 1023 990 1024
f 1024 990 991
f 1024 991 1025
f 1025 991 992
f 1025 992 1026
f 1026 992 993
f 1026 993 1027
f 1027 993 994
f 1027 994 1028
f 1028 994 788
f 1000 970 1029
f 1029 970 995
f 1029 995 1030
f 1030 995 996
f 1030 996 1031
f 1031 996 997
f 1031 997 1032
f 1032 997 998
f 1032 998 1033
f 1033 998 999
f 1033 999 1034
f 1034 999 806
f 1034 806 839
f 839 806 805
f 839 805 837
f 1035 788 1000
f 1036 1001 1037
f 1037 1001 1002
f 1037 1002 1038
f 1038 1002 1003
f 1038 1003 1039
f 1039 1003 1004
f 1039 1004 1040
f 1040 1004 1005
f 1040 1005 1041
f 1041 1005 1006
f 1041 1006 1042
f 1042 1006 1007
f 1042 1007 1043
f 1043 1007 788
f 1044 1008 1045
f 1045 1008 1009
f 1045 1009 1046
f 1046 1009 1010
f 1046 1010 1047
f 1047 1010 1011
f 1047 1011 1048
f 1048 1011 1012
f 1048 1012 1049
f 1049 1012 1013
f 1049 1013 1050
f 1050 1013 1014
f 1050 1014 1051
f 1051 1014 788
f 1052 1015 1053
f 1053 1015 1016
f 1053 1016 1054
f 1054 1016 1017
f 1054 1017 1055
f 1055 1017 1018
f 1055 1018 1056
f 1056 1018 1019
f 1056 1019 1057
f 1057 1019 1020
f 1057 1020 1058
f 1058 1020 1021
f 1058 1021 1059
f 1059 1021 788
f 1060 1022 1061
f 1061 1022 1023
f 1061 1023 1062
f 1062 1023 1024
f 1062 1024 1063
f 1063 1024 1025
f 1063 1025 1064
f 1064 1025 1026
f 1064 1026 1065
f 1065 1026 1027
f 1065 1027 1066
f 1066 1027 1028
f 1066 1028 1067
f 1067 1028 788
f 1035 1000 1068
f 1068 1000 1029
f 1068 1029 1069
f 1069 1029 1030
f 1069 1030 1070
f 1070 1030 1031
f 1070 1031 1071
f 1071 1031 1032
f 1071 1032 1072
f 1072 1032 1033
f 1072 1033 1073
f 1073 1033 1034
f 1073 1034 1074
f 1074 1034 839
f 1074 839 835
f 835 839 840
f 835 840 833
f 1075 788 1035
f 1076 1036 1077
f 1077 1036 1037
f 1077 1037 1078
f 1078 1037 1038
f 1078 1038 1079
f 1079 1038 1039
f 1079 1039 1080
f 1080 1039 1040
f 1080 1040 1081
f 1081 1040 1041
f 1081 1041 1082
f 1082 1041 1042
f 1082 1042 1083
f 1083 1042 1043
f 1083 1043 1084
f 1084 1043 788
f 1085 1044 1086
f 1086 1044 1045
f 1086 1045 1087
f 1087 1045 1046
f 1087 1046 1088
f 1088 1046 1047
f 1088 1047 1089
f 1089 1047 1048
f 1089 1048 1090
f 1090 1048 1049
f 1090 1049 1091
f 1091 1049 1050
f 1091 1050 1092
f 1092 1050 1051
f 1092 1051 1093
f 1093 1051 788
f 1094 1052 1095
f 1095 1052 1053
f 1095 1053 1096
f 1096 1053 1054
f 1096 1054 1097
f 1097 1054 1055
f 1097 1055 1098
f 1098 1055 1056
f 1098 1056 1099
f 1099 1056 1057
f 1099 1057 1100
f 1100 1057 1058
f 1100 1058 1101
f 1101 1058 1059
f 1101 1059 1102
f 1102 1059 788
f 1103 1060 1104
f 1104 1060 1061
f 1104 1061 1105
f 1105 1061 1062
f 1105 1062 1106
f 1106 1062 1063
f 1106 1063 1107
f 1107 1063 1064
f 1107 1064 1108
f 1108 1064 1065
f 1108 1065 1109
f 1109 1065 1066
f 1109 1066 1110
f 1110 1066 1067
f 1110 1067 1111
f 1111 1067 788
f 1075 1035 1112
f 1112 1035 1068
f 1112 1068 1113
f 1113 1068 1069
f 1113 1069 1114
f 1114 1069 1070
f 1114 1070 1115
f 1115 1070 1071
f 1115 1071 1116
f 1116 1071 1072
f 1116 1072 1117
f 1117 1072 1073
f 1117 1073 1118
f 1118 1073 1074
f 1118 1074 1119
f 1119 1074 835
f 1119 835 809
f 809 835 836
f 809 836 807
f 1120 788 1075
f 1121 1076 1122
f 1122 1076 1077
f 1122 1077 1123
f 1123 1077 1078
f 1123 1078 1124
f 1124 1078 1079
f 1124 1079 1125
f 1125 1079 1080
f 1125 1080 1126
f 1126 1080 1081
f 1126 1081 1127
f 1127 1081 1082
f 1127 1082 1128
f 1128 1082 1083
f 1128 1083 1129
f 1129 1083 1084
f 1129 1084 1130
f 1130 1084 788
f 1131 1085 1132
f 1132 1085 1086
f 1132 1086 1133
f 1133 1086 1087
f 1133 1087 1134
f 1134 1087 1088
f 1134 1088 1135
f 1135 1088 1089
f 1135 1089 1136
f 1136 1089 1090
f 1136 1090 1137
f 1137 1090 1091
f 1137 1091 1138
f 1138 1091 1092
f 1138 1092 1139
f 1139 1092 1093
f 1139 1093 1140
f 1140 1093 788
f 1141 1094 1142
f 1142 1094 1095
f 1142 1095 1143
f 1143 1095 1096
f 1143 1096 1144
f 1144 1096 1097
f 1144 1097 1145
f 1145 1097 1098
f 1145 1098 1146
f 1146 1098 1099
f 1146 1099 1147
f 1147 1099 1100
f 1147 1100 1148
f 1148 1100 1101
f 1148 1101 1149
f 1149 1101 1102
f 1149 1102 1150
f 1150 1102 788
f 1151 1103 1152
f 1152 1103 1104
f 1152 1104 1153
f 1153 1104 1105
f 1153 1105 1154
f 1154 1105 1106
f 1154 1106 1155
f 1155 1106 1107
f 1155 1107 1156
f 1156 1107 1108
f 1156 1108 1157
f 1157 1108 1109
f 1157 1109 1158
f 1158 1109 1110
f 1158 1110 1159
f 1159 1110 1111
f 1159 1111 1160
f 1160 1111 788
f 1120 1075 1161
f 1161 1075 1112
f 1161 1112 1162
f 1162 1112 1113
f 1162 1113 1163
f 1163 1113 1114
f 1163 1114 1164
f 1164 1114 1115
f 1164 1115 1165
f 1165 1115 1116
f 1165 1116 1166
f 1166 1116 1117
f 1166 1117 1167
f 1167 1117 1118
f 1167 1118 1168
f 1168 1118 1119
f 1168 1119 1169
f 1169 1119 809
f 1169 809 830
f 830 809 808
f 830 808 828
f 1170 788 1120
f 1171 1121 1172
f 1172 1121 1122
f 1172 1122 1173
f 1173 1122 1123
f 1173 1123 1174
f 1174 1123 1124
f 1174 1124 1175
f 1175 1124 1125
f 1175 1125 1176
f 1176 1125 1126
f 1176 1126 1177
f 1177 1126 1127
f 1177 1127 1178
f 1178 1127 1128
f 1178 1128 1179
f 1179 1128 1129
f 1179 1129 1180
f 1180 1129 1130
f 1180 1130 1181
f 1181 1130 788
f 1182 1131 1183
f 1183 1131 1132
f 1183 1132 1184
f 1184 1132 1133
f 1184 1133 1185
f 1185 1133 1134
f 1185 1134 1186
f 1186 1134 1135
f 1186 1135 1187
f 1187 1135 1136
f 1187 1136 1188
f 1188 1136 1137
f 1188 1137 1189
f 1189 1137 1138
f 1189 1138 1190
f 1190 1138 1139
f 1190 1139 1191
f 1191 1139 1140
f 1191 1140 1192
f 1192 1140 788
f 1193 1141 1194
f 1194 1141 1142
f 1194 1142 1195
f 1195 1142 1143
f 1195 1143 1196
f 1196 1143 1144
f 1196 1144 1197
f 1197 1144 1145
f 1197 1145 1198
f 1198 1145 1146
f 1198 1146 1199
f 1199 1146 1147
f 1199 1147 1200
f 1200 1147 1148
f 1200 1148 1201
f 1201 1148 1149
f 1201 1149 1202
f 1202 1149 1150
f 1202 1150 1203
f 1203 1150 788
f 1204 1151 1205
f 1205 1151 1152
f 1205 1152 1206
f 1206 1152 1153
f 1206 1153 1207
f 1207 1153 1154
f 1207 1154 1208
f 1208 1154 1155
f 1208 1155 1209
f 1209 1155 1156
f 1209 1156 1210
f 1210 1156 1157
f 1210 1157 1211
f 1211 1157 1158
f 1211 1158 1212
f 1212 1158 1159
f 1212 1159 1213
f 1213 1159 1160
f 1213 1160 1214
f 1214 1160 788
f 1170 1120 1215
f 1215 1120 1161
f 1215 1161 1216
f 1216 1161 1162
f 1216 1162 1217
f 1217 1162 1163
f 1217 1163 1218
f 1218 1163 1164
f 1218 1164 1219
f 1219 1164 1165
f 1219 1165 1220
f 1220 1165 1166
f 1220 1166 1221
f 1221 1166 1167
f 1221 1167 1222
f 1222 1167 1168
f 1222 1168 1223
f 1223 1168 1169
f 1223 1169 1224
f 1224 1169 830
f 1224 830 826
f 826 830 832
f 826 832 824
f 1225 788 1170
f 1226 1171 1227
f 1227 1171 1172
f 1227 1172 1228
f 1228 1172 1173
f 1228 1173 1229
f 1229 1173 1174
f 1229 1174 1230
f 1230 1174 1175
f 1230 1175 1231
f 1231 1175 1176
f 1231 1176 1232
f 1232 1176 1177
f 1232 1177 1233
f 1233 1177 1178
f 1233 1178 1234
f 1234 1178 1179
f 1234 1179 1235
f 1235 1179 1180
f 1235 1180 1236
f 1236 1180 1181
f 1236 1181 1237
f 1237 1181 788
f 1238 1182 1239
f 1239 1182 1183
f 1239 1183 1240
f 1240 1183 1184
f 1240 1184 1241
f 1241 1184 1185
f 1241 1185 1242
f 1242 1185 1186
f 1242 1186 1243
f 1243 1186 1187
f 1243 1187 1244
f 1244 1187 1188
f 1244 1188 1245
f 1245 1188 1189
f 1245 1189 1246
f 1246 1189 1190
f 1246 1190 1247
f 1247 1190 1191
f 1247 1191 1248
f 1248 1191 1192
f 1248 1192 1249
f 1249 1192 788
f 1250 1193 1251
f 1251 1193 1194
f 1251 1194 1252
f 1252 1194 1195
f 1252 1195 1253
f 1253 1195 1196
f 1253 1196 1254
f 1254 1196 1197
f 1254 1197 1255
f 1255 1197 1198
f 1255 1198 1256
f 1256 1198 1199
f 1256 1199 1257
f 1257 1199 1200
f 1257 1200 1258
f 1258 1200 1201
f 1258 1201 1259
f 1259 1201 1202
f 1259 1202 1260
f 1260 1202 1203
f 1260 1203 1261
f 1261 1203 788
f 1262 1204 1263
f 1263 1204 1205
f 1263 1205 1264
f 1264 1205 1206
f 1264 1206 1265
f 1265 1206 1207
f 1265 1207 1266
f 1266 1207 1208
f 1266 1208 1267
f 1267 1208 1209
f 1267 1209 1268
f 1268 1209 1210
f 1268 1210 1269
f 1269 1210 1211
f 1269 1211 1270
f 1270 1211 1212
f 1270 1212 1271
f 1271 1212 1213
f 1271 1213 1272
f 1272 1213 1214
f 1272 1214 1273
f 1273 1214 788
f 1225 1170 1274
f 1274 1170 1215
f 1274 1215 1275
f 1275 1215 1216
f 1275 1216 1276
f 1276 1216 1217
f 1276 1217 1277
f 1277 1217 1218
f 1277 1218 1278
f 1278 1218 1219
f 1278 1219 1279
f 1279 1219 1220
f 1279 1220 1280
f 1280 1220 1221
f 1280 1221 1281
f 1281 1221 1222
f 1281 1222 1282
f 1282 1222 1223
f 1282 1223 1283
f 1283 1223 1224
f 1283 1224 1284
f 1284 1224 826
f 1284 826 822
f 822 826 827
f 822 827 820
f 1285 788 1225
f 1286 1226 1287
f 1287 1226 1227
f 1287 1227 1288
f 1288 1227 1228
f 1288 1228 1289
f 1289 1228 1229
f 1289 1229 1290
f 1290 1229 1230
f 1290 1230 1291
f 1291 1230 1231
f 1291 1231 1292
f 1292 1231 1232
f 1292 1232 1293
f 1293 1232 1233
f 1293 1233 1294
f 1294 1233 1234
f 1294 1234 1295
f 1295 1234 1235
f 1295 1235 1296
f 1296 1235 1236
f 1296 1236 1297
f 1297 1236 1237
f 1297 1237 1298
f 1298 1237 788
f 1299 1238 1300
f 1300 1238 1239
f 1300 1239 1301
f 1301 1239 1240
f 1301 1240 1302
f 1302 1240 1241
f 1302 1241 1303
f 1303 1241 1242
f 1303 1242 1304
f 1304 1242 1243
f 1304 1243 1305
f 1305 1243 1244
f 1305 1244 1306
f 1306 1244 1245
f 1306 1245 1307
f 1307 1245 1246
f 1307 1246 1308
f 1308 1246 1247
f 1308 1247 1309
f 1309 1247 1248
f 1309 1248 1310
f 1310 1248 1249
f 1310 1249 1311
f 1311 1249 788
f 1312 1250 1313
f 1313 1250 1251
f 1313 1251 1314
f 1314 1251 1252
f 1314 1252 1315
f 1315 1252 1253
f 1315 1253 1316
f 1316 1253 1254
f 1316 1254 1317
f 1317 1254 1255
f 1317 1255 1318
f 1318 1255 1256
f 1318 1256 1319
f 1319 1256 1257
f 1319 1257 1320
f 1320 1257 1258
f 1320 1258 1321
f 1321 1258 1259
f 1321 1259 1322
f 1322 1259 1260
f 1322 1260 1323
f 1323 1260 1261
f 1323 1261 1324
f 1324 1261 788
f 1325 1262 1326
f 1326 1262 1263
f 1326 1263 1327
f 1327 1263 1264
f 1327 1264 1328
f 1328 1264 1265
f 1328 1265 1329
f 1329 1265 1266
f 1329 1266 1330
f 1330 1266 1267
f 1330 1267 1331
f 1331 1267 1268
f 1331 1268 1332
f 1332 1268 1269
f 1332 1269 1333
f 1333 1269 1270
f 1333 1270 1334
f 1334 1270 1271
f 1334 1271 1335
f 1335 1271 1272
f 1335 1272 1336
f 1336 1272 1273
f 1336 1273 1337
f 1337 1273 788
f 1285 1225 1338
f 1338 1225 1274
f 1338 1274 1339
f 1339 1274 1275
f 1339 1275 1340
f 1340 1275 1276
f 1340 1276 1341
f 1341 1276 1277
f 1341 1277 1342
f 1342 1277 1278
f 1342 1278 1343
f 1343 1278 1279
f 1343 1279 1344
f 1344 1279 1280
f 1344 1280 1345
f 1345 1280 1281
f 1345 1281 1346
f 1346 1281 1282
f 1346 1282 1347
f 1347 1282 1283
f 1347 1283 1348
f 1348 1283 1284
f 1348 1284 1349
f 1349 1284 822
f 1349 822 817
f 817 822 823
f 817 823 818
f 1350 788 1285
f 1351 1286 1352
f 1352 1286 1287
f 1352 1287 1353
f 1353 1287 1288
f 1353 1288 1354
f 1354 1288 1289
f 1354 1289 1355
f 1355 1289 1290
f 1355 1290 1356
f 1356 1290 1291
f 1356 1291 1357
f 1357 1291 1292
f 1357 1292 1358
f 1358 1292 1293
f 1358 1293 1359
f 1359 1293 1294
f 1359 1294 1360
f 1360 1294 1295
f 1360 1295 1361
f 1361 1295 1296
f 1361 1296 1362
f 1362 1296 1297
f 1362 1297 1363
f 1363 1297 1298
f 1363 1298 1364
f 1364 1298 788
f 1365 1299 1366
f 1366 1299 1300
f 1366 1300 1367
f 1367 1300 1301
f 1367 1301 1368
f 1368 1301 1302
f 1368 1302 1369
f 1369 1302 1303
f 1369 1303 1370
f 1370 1303 1304
f 1370 1304 1371
f 1371 1304 1305
f 1371 1305 1372
f 1372 1305 1306
f 1372 1306 1373
f 1373 1306 1307
f 1373 1307 1374
f 1374 1307 1308
f 1374 1308 1375
f 1375 1308 1309
f 1375 1309 1376
f 1376 1309 1310
f 1376 1310 1377
f 1377 1310 1311
f 1377 1311 1378
f 1378 1311 788
f 1379 1312 1380
f 1380 1312 1313
f 1380 1313 1381
f 1381 1313 1314
f 1381 1314 1382
f 1382 1314 1315
f 1382 1315 1383
f 1383 1315 1316
f 1383 1316 1384
f 1384 1316 1317
f 1384 1317 1385
f 1385 1317 1318
f 1385 1318 1386
f 1386 1318 1319
f 1386 1319 1387
f 1387 1319 1320
f 1387 1320 1388
f 1388 1320 1321
f 1388 1321 1389
f 1389 1321 1322
f 1389 1322 1390
f 1390 1322 1323
f 1390 1323 1391
f 1391 1323 1324
f 1391 1324 1392
f 1392 1324 788
f 1393 1325 1394
f 1394 1325 1326
f 1394 1326 1395
f 1395 1326 1327
f 1395 1327 1396
f 1396 1327 1328
f 1396 1328 1397
f 1397 1328 1329
f 1397 1329 1398
f 1398 1329 1330
f 1398 1330 1399
f 1399 1330 1331
f 1399 1331 1400
f 1400 1331 1332
f 1400 1332 1401
f 1401 1332 1333
f 1401 1333 1402
f 1402 1333 1334
f 1402 1334 1403
f 1403 1334 1335
f 1403 1335 1404
f 1404 1335 1336
f 1404 1336 1405
f 1405 1336 1337
f 1405 1337 1406
f 1406 1337 788
f 1350 1285 1407
f 1407 1285 1338
f 1407 1338 1408
f 1408 1338 1339
f 1408 1339 1409
f 1409 1339 1340
f 1409 1340 1410
f 1410 1340 1341
f 1410 1341 1411
f 1411 1341 1342
f 1411 1342 1412
f 1412 1342 1343
f 1412 1343 1413
f 1413 1343 1344
f 1413 1344 1414
f 1414 1344 1345
f 1414 1345 1415
f 1415 1345 1346
f 1415 1346 1416
f 1416 1346 1347
f 1416 1347 1417
f 1417 1347 1348
f 1417 1348 1418
f 1418 1348 1349
f 1418 1349 1419
f 1419 1349 817
f 1419 817 812
f 812 817 819
f 812 819 816
f 1420 1351 1421
f 1421 1351 1352
f 1421 1352 1422
f 1422 1352 1353
f 1422 1353 1423
f 1423 1353 1354
f 1423 1354 1424
f 1424 1354 1355
f 1424 1355 1425
f 1425 1355 1356
f 1425 1356 1426
f 1426 1356 1357
f 1426 1357 1427
f 1427 1357 1358
f 1427 1358 1428
f 1428 1358 1359
f 1428 1359 1429
f 1429 1359 1360
f 1429 1360 1430
f 1430 1360 1361
f 1430 1361 1431
f 1431 1361 1362
f 1431 1362 1432
f 1432 1362 1363
f 1432 1363 1433
f 1433 1363 1364
f 1433 1364 1434
f 1434 1364 788
f 1435 1365 1436
f 1436 1365 1366
f 1436 1366 1437
f 1437 1366 1367
f 1437 1367 1438
f 1438 1367 1368
f 1438 1368 1439
f 1439 1368 1369
f 1439 1369 1440
f 1440 1369 1370
f 1440 1370 1441
f 1441 1370 1371
f 1441 1371 1442
f 1442 1371 1372
f 1442 1372 1443
f 1443 1372 1373
f 1443 1373 1444
f 1444 1373 1374
f 1444 1374 1445
f 1445 1374 1375
f 1445 1375 1446
f 1446 1375 1376
f 1446 1376 1447
f 1447 1376 1377
f 1447 1377 1448
f 1448 1377 1378
f 1448 1378 1449
f 1449 1378 788
f 1450 1379 1451
f 1451 1379 1380
f 1451 1380 1452
f 1452 1380 1381
f 1452 1381 1453
f 1453 1381 1382
f 1453 1382 1454
f 1454 1382 1383
f 1454 1383 1455
f 1455 1383 1384
f 1455 1384 1456
f 1456 1384 1385
f 1456 1385 1457
f 1457 1385 1386
f 1457 1386 1458
f 1458 1386 1387
f 1458 1387 1459
f 1459 1387 1388
f 1459 1388 1460
f 1460 1388 1389
f 1460 1389 1461
f 1461 1389 1390
f 1461 1390 1462
f 1462 1390 1391
f 1462 1391 1463
f 1463 1391 1392
f 1463 1392 1464
f 1464 1392 788
f 1465 1393 1466
f 1466 1393 1394
f 1466 1394 1467
f 1467 1394 1395
f 1467 1395 1468
f 1468 1395 1396
f 1468 1396 1469
f 1469 1396 1397
f 1469 1397 1470
f 1470 1397 1398
f 1470 1398 1471
f 1471 1398 1399
f 1471 1399 1472
f 1472 1399 1400
f 1472 1400 1473
f 1473 1400 1401
f 1473 1401 1474
f 1474 1401 1402
f 1474 1402 1475
f 1475 1402 1403
f 1475 1403 1476
f 1476 1403 1404
f 1476 1404 1477
f 1477 1404 1405
f 1477 1405 1478
f 1478 1405 1406
f 1478 1406 1479
f 1479 1406 788
f 1480 1481 1482
f 1483 1484 1485
f 1485 1484 1486
f 1485 1486 1487
f 1487 1486 1488
f 1487 1488 1489
f 1489 1488 1490
f 1489 1490 1491
f 1491 1490 1492
f 1491 1492 1493
f 1494 1495 1496
f 1496 1495 1497
f 1496 1497 1498
f 1498 1497 1499
f 1498 1499 1500
f 1500 1499 1501
f 1500 1501 1502
f 1502 1501 1503
f 1502 1503 1504
f 1504 1503 1505
f 1504 1505 1506
f 1506 1505 1507
f 1506 1507 1508
f 1509 1510 1511
f 1511 1510 1512
f 1511 1512 1513
f 1513 1512 1514
f 1513 1514 1515
f 1515 1514 1516
f 1515 1516 1517
f 1517 1516 1518
f 1517 1518 1519
f 1519 1518 1520
f 1519 1520 1521
f 1521 1520 1522
f 1521 1522 1523
f 1523 1522 1524
f 1523 1524 1525
f 1525 1524 1526
f 1525 1526 1527
f 1528 1529 1530
f 1530 1529 1531
f 1530 1531 1532
f 1532 1531 1533
f 1532 1533 1534
f 1534 1533 1535
f 1534 1535 1536
f 1536 1535 1537
f 1536 1537 1538
f 1538 1537 1539
f 1538 1539 1540
f 1540 1539 1541
f 1540 1541 1542
f 1542 1541 1543
f 1542 1543 1544
f 1544 1543 1545
f 1544 1545 1546
f 1546 1545 1547
f 1546 1547 1548
f 1548 1547 1549
f 1548 1549 1550
f 1551 1552 1553
f 1553 1552 1554
f 1553 1554 1555
f 1555 1554 1556
f 1555 1556 1557
f 1557 1556 1558
f 1557 1558 1559
f 1559 1558 1560
f 1559 1560 1561
f 1561 1560 1562
f 1561 1562 1563
f 1563 1562 1564
f 1563 1564 1565
f 1565 1564 1566
f 1565 1566 1567
f 1567 1566 1568
f 1567 1568 1569
f 1569 1568 1570
f 1569 1570 1571
f 1571 1570 1572
f 1571 1572 1573
f 1573 1572 1574
f 1573 1574 1575
f 1575 1574 1576
f 1575 1576 1577
f 788 1578 1579
f 1579 1578 1580
f 1579 1580 1581
f 1581 1580 1582
f 1581 1582 1583
f 1583 1582 1584
f 1583 1584 1585
f 1585 1584 1586
f 1585 1586 1587
f 1587 1586 1588
f 1587 1588 1589
f 1589 1588 1590
f 1589 1590 1591
f 1591 1590 1592
f 1591 1592 1593
f 1593 1592 1594
f 1593 1594 1595
f 1595 1594 1596
f 1595 1596 1597
f 1597 1596 1598
f 1597 1598 1599
f 1599 1598 1600
f 1599 1600 1601
f 1601 1600 1602
f 1601 1602 1603
f 1603 1602 1604
f 1603 1604 1605
f 1605 1604 1606
f 1605 1606 1607
f 1608 1609 1610
f 1611 1612 1613
f 1613 1612 1614
f 1613 1614 1615
f 1615 1614 1616
f 1615 1616 1617
f 1617 1616 1618
f 1617 1618 1619
f 1620 1621 1622
f 1622 1621 1623
f 1622 1623 1624
f 1624 1623 1625
f 1624 1625 1626
f 1626 1625 1627
f 1626 1627 1628
f 1628 1627 1629
f 1628 1629 1630
f 1630 1629 1631
f 1630 1631 1632
f 1633 1634 1635
f 1635 1634 1636
f 1635 1636 1637
f 1637 1636 1638
f 1637 1638 1639
f 1639 1638 1640
f 1639 1640 1641
f 1641 1640 1642
f 1641 1642 1643
f 1643 1642 1644
f 1643 1644 1645
f 1645 1644 1646
f 1645 1646 1647
f 1647 1646 1648
f 1647 1648 1649
f 1650 1651 1652
f 1652 1651 1653
f 1652 1653 1654
f 1654 1653 1655
f 1654 1655 1656
f 1656 1655 1657
f 1656 1657 1658
f 1658 1657 1659
f 1658 1659 1660
f 1660 1659 1661
f 1660 1661 1662
f 1662 1661 1663
f 1662 1663 1664
f 1664 1663 1665
f 1664 1665 1666
f 1666 1665 1667
f 1666 1667 1668
f 1668 1667 1669
f 1668 1669 1670
f 1671 1672 1673
f 1673 1672 1674
f 1673 1674 1675
f 1675 1674 1676
f 1675 1676 1677
f 1677 1676 1678
f 1677 1678 1679
f 1679 1678 1680
f 1679 1680 1681
f 1681 1680 1682
f 1681 1682 1683
f 1683 1682 1684
f 1683 1684 1685
f 1685 1684 1686
f 1685 1686 1687
f 1687 1686 1688
f 1687 1688 1689
f 1689 1688 1690
f 1689 1690 1691
f 1691 1690 1692
f 1691 1692 1693
f 1693 1692 1694
f 1693 1694 1695
f 788 1696 1697
f 1697 1696 1698
f 1697 1698 1699
f 1699 1698 1700
f 1699 1700 1701
f 1701 1700 1702
f 1701 1702 1703
f 1703 1702 1704
f 1703 1704 1705
f 1705 1704 1706
f 1705 1706 1707
f 1707 1706 1708
f 1707 1708 1709
f 1709 1708 1710
f 1709 1710 1711
f 1711 1710 1712
f 1711 1712 1713
f 1713 1712 1714
f 1713 1714 1715
f 1715 1714 1716
f 1715 1716 1717
f 1717 1716 1718
f 1717 1718 1719
f 1719 1718 1720
f 1719 1720 1721
f 1721 1720 1722
f 1721 1722 1723
f 1723 1722 1724
f 1723 1724 1725
f 1726 1727 1728
f 1729 1730 1731
f 1731 1730 1732
f 1731 1732 1733
f 1733 1732 1734
f 1733 1734 1735
f 1735 1734 1736
f 1735 1736 1737
f 1738 1739 1740
f 1740 1739 1741
f 1740 1741 1742
f 1742 1741 1743
f 1742 1743 1744
f 1744 1743 1745
f 1744 1745 1746
f 1746 1745 1747
f 1746 1747 1748
f 1748 1747 1749
f 1748 1749 1750
f 1751 1752 1753
f 1753 1752 1754
f 1753 1754 1755
f 1755 1754 1756
f 1755 1756 1757
f 1757 1756 1758
f 1757 1758 1759
f 1759 1758 1760
f 1759 1760 1761
f 1761 1760 1762
f 1761 1762 1763
f 1763 1762 1764
f 1763 1764 1765
f 1765 1764 1766
f 1765 1766 1767
f 1767 1766 1768
f 1767 1768 1769
f 1770 1771 1772
f 1772 1771 1773
f 1772 1773 1774
f 1774 1773 1775
f 1774 1775 1776
f 1776 1775 1777
f 1776 1777 1778
f 1778 1777 1779
f 1778 1779 1780
f 1780 1779 1781
f 1780 1781 1782
f 1782 1781 1783
f 1782 1783 1784
f 1784 1783 1785
f 1784 1785 1786
f 1786 1785 1787
f 1786 1787 1788
f 1788 1787 1789
f 1788 1789 1790
f 1790 1789 1791
f 1790 1791 1792
f 1793 1794 1795
f 1795 1794 1796
f 1795 1796 1797
f 1797 1796 1798
f 1797 1798 1799
f 1799 1798 1800
f 1799 1800 1801
f 1801 1800 1802
f 1801 1802 1803
f 1803 1802 1804
f 1803 1804 1805
f 1805 1804 1806
f 1805 1806 1807
f 1807 1806 1808
f 1807 1808 1809
f 1809 1808 1810
f 1809 1810 1811
f 1811 1810 1812
f 1811 1812 1813
f 1813 1812 1814
f 1813 1814 1815
f 1815 1814 1816
f 1815 1816 1817
f 1817 1816 1818
f 1817 1818 1819
f 788 1820 1821
f 1821 1820 1822
f 1821 1822 1823
f 1823 1822 1824
f 1823 1824 1825
f 1825 1824 1826
f 1825 1826 1827
f 1827 1826 1828
f 1827 1828 1829
f 1829 1828 1830
f 1829 1830 1831
f 1831 1830 1832
f 1831 1832 1833
f 1833 1832 1834
f 1833 1834 1835
f 1835 1834 1836
f 1835 1836 1837
f 1837 1836 1838
f 1837 1838 1839
f 1839 1838 1840
f 1839 1840 1841
f 1841 1840 1842
f 1841 1842 1843
f 1843 1842 1844
f 1843 1844 1845
f 1845 1844 1846
f 1845 1846 1847
f 1847 1846 1848
f 1847 1848 1849
f 1850 1851 1852
f 1853 1854 1855
f 1855 1854 1856
f 1855 1856 1857
f 1857 1856 1858
f 1857 1858 1859
f 1860 1861 1862
f 1862 1861 1863
f 1862 1863 1864
f 1864 1863 1865
f 1864 1865 1866
f 1866 1865 1867
f 1866 1867 1868
f 1868 1867 1869
f 1868 1869 1870
f 1871 1872 1873
f 1873 1872 1874
f 1873 1874 1875
f 1875 1874 1876
f 1875 1876 1877
f 1877 1876 1878
f 1877 1878 1879
f 1879 1878 1880
f 1879 1880 1881
f 1881 1880 1882
f 1881 1882 1883
f 1883 1882 1884
f 1883 1884 1885
f 1886 1887 1888
f 1888 1887 1889
f 1888 1889 1890
f 1890 1889 1891
f 1890 1891 1892
f 1892 1891 1893
f 1892 1893 1894
f 1894 1893 1895
f 1894 1895 1896
f 1896 1895 1897
f 1896 1897 1898
f 1898 1897 1899
f 1898 1899 1900
f 1900 1899 1901
f 1900 1901 1902
f 1902 1901 1903
f 1902 1903 1904
f 1905 1906 1907
f 1907 1906 1908
f 1907 1908 1909
f 1909 1908 1910
f 1909 1910 1911
f 1911 1910 1912
f 1911 1912 1913
f 1913 1912 1914
f 1913 1914 1915
f 1915 1914 1916
f 1915 1916 1917
f 1917 1916 1918
f 1917 1918 1919
f 1919 1918 1920
f 1919 1920 1921
f 1921 1920 1922
f 1921 1922 1923
f 1923 1922 1924
f 1923 1924 1925
f 1925 1924 1926
f 1925 1926 1927
f 1928 1929 1930
f 1930 1929 1931
f 1930 1931 1932
f 1932 1931 1933
f 1932 1933 1934
f 1934 1933 1935
f 1934 1935 1936
f 1936 1935 1937
f 1936 1937 1938
f 1938 1937 1939
f 1938 1939 1940
f 1940 1939 1941
f 1940 1941 1942
f 1942 1941 1943
f 1942 1943 1944
f 1944 1943 1945
f 1944 1945 1946
f 1946 1945 1947
f 1946 1947 1948
f 1948 1947 1949
f 1948 1949 1950
f 1950 1949 1951
f 1950 1951 1952
f 1952 1951 1953
f 1952 1953 1954
f 788 1955 1956
f 1956 1955 1957
f 1956 1957 1958
f 1958 1957 1959
f 1958 1959 1960
f 1960 1959 1961
f 1960 1961 1962
f 1962 1961 1963
f 1962 1963 1964
f 1964 1963 1965
f 1964 1965 1966
f 1966 1965 1967
f 1966 1967 1968
f 1968 1967 1969
f 1968 1969 1970
f 1970 1969 1971
f 1970 1971 1972
f 1972 1971 1973
f 1972 1973 1974
f 1974 1973 1975
f 1974 1975 1976
f 1976 1975 1977
f 1976 1977 1978
f 1978 1977 1979
f 1978 1979 1980
f 1980 1979 1981
f 1980 1981 1982
f 1982 1981 1983
f 1982 1983 1984
f 1985 1986 1987
f 1988 1989 1990
f 1990 1989 1991
f 1990 1991 1992
f 1992 1991 1993
f 1992 1993 1994
f 1994 1993 1995
f 1994 1995 1996
f 1997 1998 1999
f 1999 1998 2000
f 1999 2000 2001
f 2001 2000 2002
f 2001 2002 2003
f 2003 2002 2004
f 2003 2004 2005
f 2005 2004 2006
f 2005 2006 2007
f 2007 2006 2008
f 2007 2008 2009
f 2010 2011 2012
f 2012 2011 2013
f 2012 2013 2014
f 2014 2013 2015
f 2014 2015 2016
f 2016 2015 2017
f 2016 2017 2018
f 2018 2017 2019
f 2018 2019 2020
f 2020 2019 2021
f 2020 2021 2022
f 2022 2021 2023
f 2022 2023 2024
f 2024 2023 2025
f 2024 2025 2026
f 2027 2028 2029
f 2029 2028 2030
f 2029 2030 2031
f 2031 2030 2032
f 2031 2032 2033
f 2033 2032 2034
f 2033 2034 2035
f 2035 2034 2036
f 2035 2036 2037
f 2037 2036 2038
f 2037 2038 2039
f 2039 2038 2040
f 2039 2040 2041
f 2041 2040 2042
f 2041 2042 2043
f 2043 2042 2044
f 2043 2044 2045
f 2045 2044 2046
f 2045 2046 2047
f 2047 2046 2048
f 2047 2048 2049
f 2050 2051 2052
f 2052 2051 2053
f 2052 2053 2054
f 2054 2053 2055
f 2054 2055 2056
f 2056 2055 2057
f 2056 2057 2058
f 2058 2057 2059
f 2058 2059 2060
f 2060 2059 2061
f 2060 2061 2062
f 2062 2061 2063
f 2062 2063 2064
f 2064 2063 2065
f 2064 2065 2066
f 2066 2065 2067
f 2066 2067 2068
f 2068 2067 2069
f 2068 2069 2070
f 2070 2069 2071
f 2070 2071 2072
f 2072 2071 2073
f 2072 2073 2074
f 2074 2073 2075
f 2074 2075 2076
f 788 2077 2078
f 2078 2077 2079
f 2078 2079 2080
f 2080 2079 2081
f 2080 2081 2082
f 2082 2081 2083
f 2082 2083 2084
f 2084 2083 2085
f 2084 2085 2086
f 2086 2085 2087
f 2086 2087 2088
f 2088 2087 2089
f 2088 2089 2090
f 2090 2089 2091
f 2090 2091 2092
f 2092 2091 2093
f 2092 2093 2094
f 2094 2093 2095
f 2094 2095 2096
f 2096 2095 2097
f 2096 2097 2098
f 2098 2097 2099
f 2098 2099 2100
f 2100 2099 2101
f 2100 2101 2102
f 2102 2101 2103
f 2102 2103 2104
f 2104 2103 2105
f 2104 2105 2106
f 780 776 781
f 781 776 778
f 781 778 2107
f 2107 778 2108
f 2107 2108 2109
f 2109 2108 2110
f 2109 2110 2111
f 777 2112 778
f 778 2112 1480
f 778 1480 2108
f 2108 1480 1482
f 2108 1482 2110
f 2112 2113 1480
f 1480 2113 2114
f 1480 2114 1481
f 1481 2114 2115
f 1481 2115 2116
f 1484 2111 1486
f 1486 2111 2110
f 1486 2110 1488
f 1488 2110 1482
f 1488 1482 1490
f 1490 1482 1481
f 1490 1481 1492
f 1492 1481 2116
f 2116 2117 1492
f 1492 2117 2118
f 1492 2118 1493
f 1493 2118 2119
f 1493 2119 2120
f 1495 1483 1497
f 1497 1483 1485
f 1497 1485 1499
f 1499 1485 1487
f 1499 1487 1501
f 1501 1487 1489
f 1501 1489 1503
f 1503 1489 1491
f 1503 1491 1505
f 1505 1491 1493
f 1505 1493 1507
f 1507 1493 2120
f 1507 2120 2121
f 2121 2122 1507
f 1507 2122 2123
f 1507 2123 1508
f 1508 2123 2124
f 1508 2124 2125
f 1510 1494 1512
f 1512 1494 1496
f 1512 1496 1514
f 1514 1496 1498
f 1514 1498 1516
f 1516 1498 1500
f 1516 1500 1518
f 1518 1500 1502
f 1518 1502 1520
f 1520 1502 1504
f 1520 1504 1522
f 1522 1504 1506
f 1522 1506 1524
f 1524 1506 1508
f 1524 1508 1526
f 1526 1508 2125
f 2125 2126 1526
f 1526 2126 2127
f 1526 2127 1527
f 1527 2127 2128
f 1527 2128 2129
f 1529 1509 1531
f 1531 1509 1511
f 1531 1511 1533
f 1533 1511 1513
f 1533 1513 1535
f 1535 1513 1515
f 1535 1515 1537
f 1537 1515 1517
f 1537 1517 1539
f 1539 1517 1519
f 1539 1519 1541
f 1541 1519 1521
f 1541 1521 1543
f 1543 1521 1523
f 1543 1523 1545
f 1545 1523 1525
f 1545 1525 1547
f 1547 1525 1527
f 1547 1527 1549
f 1549 1527 2129
f 2129 2130 1549
f 1549 2130 2131
f 1549 2131 1550
f 1550 2131 2132
f 1550 2132 2133
f 1552 1528 1554
f 1554 1528 1530
f 1554 1530 1556
f 1556 1530 1532
f 1556 1532 1558
f 1558 1532 1534
f 1558 1534 1560
f 1560 1534 1536
f 1560 1536 1562
f 1562 1536 1538
f 1562 1538 1564
f 1564 1538 1540
f 1564 1540 1566
f 1566 1540 1542
f 1566 1542 1568
f 1568 1542 1544
f 1568 1544 1570
f 1570 1544 1546
f 1570 1546 1572
f 1572 1546 1548
f 1572 1548 1574
f 1574 1548 1550
f 1574 1550 1576
f 1576 1550 2133
f 2133 2134 1576
f 1576 2134 2135
f 1576 2135 1577
f 1577 2135 2136
f 1577 2136 2137
f 1578 1551 1580
f 1580 1551 1553
f 1580 1553 1582
f 1582 1553 1555
f 1582 1555 1584
f 1584 1555 1557
f 1584 1557 1586
f 1586 1557 1559
f 1586 1559 1588
f 1588 1559 1561
f 1588 1561 1590
f 1590 1561 1563
f 1590 1563 1592
f 1592 1563 1565
f 1592 1565 1594
f 1594 1565 1567
f 1594 1567 1596
f 1596 1567 1569
f 1596 1569 1598
f 1598 1569 1571
f 1598 1571 1600
f 1600 1571 1573
f 1600 1573 1602
f 1602 1573 1575
f 1602 1575 1604
f 1604 1575 1577
f 1604 1577 1606
f 1606 1577 2137
f 2137 2138 1606
f 1606 2138 2139
f 1606 2139 1607
f 1607 2139 2140
f 1607 2140 2141
f 788 1579 1434
f 1434 1579 1581
f 1434 1581 1433
f 1433 1581 1583
f 1433 1583 1432
f 1432 1583 1585
f 1432 1585 1431
f 1431 1585 1587
f 1431 1587 1430
f 1430 1587 1589
f 1430 1589 1429
f 1429 1589 1591
f 1429 1591 1428
f 1428 1591 1593
f 1428 1593 1427
f 1427 1593 1595
f 1427 1595 1426
f 1426 1595 1597
f 1426 1597 1425
f 1425 1597 1599
f 1425 1599 1424
f 1424 1599 1601
f 1424 1601 1423
f 1423 1601 1603
f 1423 1603 1422
f 1422 1603 1605
f 1422 1605 1421
f 1421 1605 1607
f 1421 1607 1420
f 1420 1607 2141
f 1420 2141 2142
f 811 779 812
f 812 779 781
f 812 781 1419
f 1419 781 2107
f 1419 2107 1418
f 1418 2107 2109
f 1418 2109 1417
f 1417 2109 2111
f 1417 2111 1416
f 1416 2111 1484
f 1416 1484 1415
f 1415 1484 1483
f 1415 1483 1414
f 1414 1483 1495
f 1414 1495 1413
f 1413 1495 1494
f 1413 1494 1412
f 1412 1494 1510
f 1412 1510 1411
f 1411 1510 1509
f 1411 1509 1410
f 1410 1509 1529
f 1410 1529 1409
f 1409 1529 1528
f 1409 1528 1408
f 1408 1528 1552
f 1408 1552 1407
f 1407 1552 1551
f 1407 1551 1350
f 1350 1551 1578
f 1350 1578 788
f 2143 2144 1608
f 774 2143 775
f 775 2143 1608
f 775 1608 2145
f 2145 1608 1610
f 2145 1610 2146
f 2144 2147 1608
f 1608 2147 2148
f 1608 2148 1609
f 1609 2148 2149
f 1609 2149 2150
f 1612 2146 1614
f 1614 2146 1610
f 1614 1610 1616
f 1616 1610 1609
f 1616 1609 1618
f 1618 1609 2150
f 2150 2151 1618
f 1618 2151 2152
f 1618 2152 1619
f 1619 2152 2153
f 1619 2153 2154
f 1621 1611 1623
f 1623 1611 1613
f 1623 1613 1625
f 1625 1613 1615
f 1625 1615 1627
f 1627 1615 1617
f 1627 1617 1629
f 1629 1617 1619
f 1629 1619 1631
f 1631 1619 2154
f 2154 2155 1631
f 1631 2155 2156
f 1631 2156 1632
f 1632 2156 2157
f 1632 2157 2158
f 1634 1620 1636
f 1636 1620 1622
f 1636 1622 1638
f 1638 1622 1624
f 1638 1624 1640
f 1640 1624 1626
f 1640 1626 1642
f 1642 1626 1628
f 1642 1628 1644
f 1644 1628 1630
f 1644 1630 1646
f 1646 1630 1632
f 1646 1632 1648
f 1648 1632 2158
f 2158 2159 1648
f 1648 2159 2160
f 1648 2160 1649
f 1649 2160 2161
f 1649 2161 2162
f 1651 1633 1653
f 1653 1633 1635
f 1653 1635 1655
f 1655 1635 1637
f 1655 1637 1657
f 1657 1637 1639
f 1657 1639 1659
f 1659 1639 1641
f 1659 1641 1661
f 1661 1641 1643
f 1661 1643 1663
f 1663 1643 1645
f 1663 1645 1665
f 1665 1645 1647
f 1665 1647 1667
f 1667 1647 1649
f 1667 1649 1669
f 1669 1649 2162
f 2162 2163 1669
f 1669 2163 2164
f 1669 2164 1670
f 1670 2164 2165
f 1670 2165 2166
f 1672 1650 1674
f 1674 1650 1652
f 1674 1652 1676
f 1676 1652 1654
f 1676 1654 1678
f 1678 1654 1656
f 1678 1656 1680
f 1680 1656 1658
f 1680 1658 1682
f 1682 1658 1660
f 1682 1660 1684
f 1684 1660 1662
f 1684 1662 1686
f 1686 1662 1664
f 1686 1664 1688
f 1688 1664 1666
f 1688 1666 1690
f 1690 1666 1668
f 1690 1668 1692
f 1692 1668 1670
f 1692 1670 1694
f 1694 1670 2166
f 2166 2167 1694
f 1694 2167 2168
f 1694 2168 1695
f 1695 2168 2169
f 1695 2169 2170
f 2171 1671 2172
f 2172 1671 1673
f 2172 1673 2173
f 2173 1673 1675
f 2173 1675 2174
f 2174 1675 1677
f 2174 1677 2175
f 2175 1677 1679
f 2175 1679 2176
f 2176 1679 1681
f 2176 1681 2177
f 2177 1681 1683
f 2177 1683 2178
f 2178 1683 1685
f 2178 1685 2179
f 2179 1685 1687
f 2179 1687 2180
f 2180 1687 1689
f 2180 1689 2181
f 2181 1689 1691
f 2181 1691 2182
f 2182 1691 1693
f 2182 1693 2183
f 2183 1693 1695
f 2183 1695 2184
f 2184 1695 2170
f 2170 2185 2184
f 2184 2185 2186
f 2184 2186 2187
f 1696 2171 1698
f 1698 2171 2172
f 1698 2172 1700
f 1700 2172 2173
f 1700 2173 1702
f 1702 2173 2174
f 1702 2174 1704
f 1704 2174 2175
f 1704 2175 1706
f 1706 2175 2176
f 1706 2176 1708
f 1708 2176 2177
f 1708 2177 1710
f 1710 2177 2178
f 1710 2178 1712
f 1712 2178 2179
f 1712 2179 1714
f 1714 2179 2180
f 1714 2180 1716
f 1716 2180 2181
f 1716 2181 1718
f 1718 2181 2182
f 1718 2182 1720
f 1720 2182 2183
f 1720 2183 1722
f 1722 2183 2184
f 1722 2184 1724
f 1724 2184 2187
f 2187 2188 1724
f 1724 2188 2189
f 1724 2189 1725
f 1725 2189 2190
f 1725 2190 2191
f 788 1697 1449
f 1449 1697 1699
f 1449 1699 1448
f 1448 1699 1701
f 1448 1701 1447
f 1447 1701 1703
f 1447 1703 1446
f 1446 1703 1705
f 1446 1705 1445
f 1445 1705 1707
f 1445 1707 1444
f 1444 1707 1709
f 1444 1709 1443
f 1443 1709 1711
f 1443 1711 1442
f 1442 1711 1713
f 1442 1713 1441
f 1441 1713 1715
f 1441 1715 1440
f 1440 1715 1717
f 1440 1717 1439
f 1439 1717 1719
f 1439 1719 1438
f 1438 1719 1721
f 1438 1721 1437
f 1437 1721 1723
f 1437 1723 1436
f 1436 1723 1725
f 1436 1725 1435
f 1435 1725 2191
f 1435 2191 2192
f 2142 773 1420
f 1420 773 775
f 1420 775 1351
f 1351 775 2145
f 1351 2145 1286
f 1286 2145 2146
f 1286 2146 1226
f 1226 2146 1612
f 1226 1612 1171
f 1171 1612 1611
f 1171 1611 1121
f 1121 1611 1621
f 1121 1621 1076
f 1076 1621 1620
f 1076 1620 1036
f 1036 1620 1634
f 1036 1634 1001
f 1001 1634 1633
f 1001 1633 971
f 971 1633 1651
f 971 1651 946
f 946 1651 1650
f 946 1650 926
f 926 1650 1672
f 926 1672 911
f 911 1672 1671
f 911 1671 795
f 795 1671 2171
f 795 2171 796
f 796 2171 1696
f 796 1696 788
f 771 2193 772
f 772 2193 1726
f 772 1726 2194
f 2194 1726 1728
f 2194 1728 2195
f 2193 2196 1726
f 1726 2196 2197
f 1726 2197 1727
f 1727 2197 2198
f 1727 2198 2199
f 1730 2195 1732
f 1732 2195 1728
f 1732 1728 1734
f 1734 1728 1727
f 1734 1727 1736
f 1736 1727 2199
f 2199 2200 1736
f 1736 2200 2201
f 1736 2201 1737
f 1737 2201 2202
f 1737 2202 2203
f 1739 1729 1741
f 1741 1729 1731
f 1741 1731 1743
f 1743 1731 1733
f 1743 1733 1745
f 1745 1733 1735
f 1745 1735 1747
f 1747 1735 1737
f 1747 1737 1749
f 1749 1737 2203
f 2203 2204 1749
f 1749 2204 2205
f 1749 2205 1750
f 1750 2205 2206
f 1750 2206 2207
f 2208 1738 2209
f 2209 1738 1740
f 2209 1740 2210
f 2210 1740 1742
f 2210 1742 2211
f 2211 1742 1744
f 2211 1744 2212
f 2212 1744 1746
f 2212 1746 2213
f 2213 1746 1748
f 2213 1748 2214
f 2214 1748 1750
f 2214 1750 2215
f 2215 1750 2207
f 2207 2216 2215
f 2215 2216 2217
f 2215 2217 2218
f 1752 2208 1754
f 1754 2208 2209
f 1754 2209 1756
f 1756 2209 2210
f 1756 2210 1758
f 1758 2210 2211
f 1758 2211 1760
f 1760 2211 2212
f 1760 2212 1762
f 1762 2212 2213
f 1762 2213 1764
f 1764 2213 2214
f 1764 2214 1766
f 1766 2214 2215
f 1766 2215 1768
f 1768 2215 2218
f 2218 2219 1768
f 1768 2219 2220
f 1768 2220 1769
f 1769 2220 2221
f 1769 2221 2222
f 1771 1751 1773
f 1773 1751 1753
f 1773 1753 1775
f 1775 1753 1755
f 1775 1755 1777
f 1777 1755 1757
f 1777 1757 1779
f 1779 1757 1759
f 1779 1759 1781
f 1781 1759 1761
f 1781 1761 1783
f 1783 1761 1763
f 1783 1763 1785
f 1785 1763 1765
f 1785 1765 1787
f 1787 1765 1767
f 1787 1767 1789
f 1789 1767 1769
f 1789 1769 1791
f 1791 1769 2222
f 2222 2223 1791
f 1791 2223 2224
f 1791 2224 1792
f 1792 2224 2225
f 1792 2225 2226
f 1794 1770 1796
f 1796 1770 1772
f 1796 1772 1798
f 1798 1772 1774
f 1798 1774 1800
f 1800 1774 1776
f 1800 1776 1802
f 1802 1776 1778
f 1802 1778 1804
f 1804 1778 1780
f 1804 1780 1806
f 1806 1780 1782
f 1806 1782 1808
f 1808 1782 1784
f 1808 1784 1810
f 1810 1784 1786
f 1810 1786 1812
f 1812 1786 1788
f 1812 1788 1814
f 1814 1788 1790
f 1814 1790 1816
f 1816 1790 1792
f 1816 1792 1818
f 1818 1792 2226
f 2226 2227 1818
f 1818 2227 2228
f 1818 2228 1819
f 1819 2228 2229
f 1819 2229 2230
f 1820 1793 1822
f 1822 1793 1795
f 1822 1795 1824
f 1824 1795 1797
f 1824 1797 1826
f 1826 1797 1799
f 1826 1799 1828
f 1828 1799 1801
f 1828 1801 1830
f 1830 1801 1803
f 1830 1803 1832
f 1832 1803 1805
f 1832 1805 1834
f 1834 1805 1807
f 1834 1807 1836
f 1836 1807 1809
f 1836 1809 1838
f 1838 1809 1811
f 1838 1811 1840
f 1840 1811 1813
f 1840 1813 1842
f 1842 1813 1815
f 1842 1815 1844
f 1844 1815 1817
f 1844 1817 1846
f 1846 1817 1819
f 1846 1819 1848
f 1848 1819 2230
f 2230 2231 1848
f 1848 2231 2232
f 1848 2232 1849
f 1849 2232 2233
f 1849 2233 2234
f 788 1821 1464
f 1464 1821 1823
f 1464 1823 1463
f 1463 1823 1825
f 1463 1825 1462
f 1462 1825 1827
f 1462 1827 1461
f 1461 1827 1829
f 1461 1829 1460
f 1460 1829 1831
f 1460 1831 1459
f 1459 1831 1833
f 1459 1833 1458
f 1458 1833 1835
f 1458 1835 1457
f 1457 1835 1837
f 1457 1837 1456
f 1456 1837 1839
f 1456 1839 1455
f 1455 1839 1841
f 1455 1841 1454
f 1454 1841 1843
f 1454 1843 1453
f 1453 1843 1845
f 1453 1845 1452
f 1452 1845 1847
f 1452 1847 1451
f 1451 1847 1849
f 1451 1849 1450
f 1450 1849 2234
f 1450 2234 2235
f 2192 770 1435
f 1435 770 772
f 1435 772 1365
f 1365 772 2194
f 1365 2194 1299
f 1299 2194 2195
f 1299 2195 1238
f 1238 2195 1730
f 1238 1730 1182
f 1182 1730 1729
f 1182 1729 1131
f 1131 1729 1739
f 1131 1739 1085
f 1085 1739 1738
f 1085 1738 1044
f 1044 1738 2208
f 1044 2208 1008
f 1008 2208 1752
f 1008 1752 977
f 977 1752 1751
f 977 1751 951
f 951 1751 1771
f 951 1771 930
f 930 1771 1770
f 930 1770 914
f 914 1770 1794
f 914 1794 792
f 792 1794 1793
f 792 1793 793
f 793 1793 1820
f 793 1820 788
f 2236 2237 1850
f 1850 2237 2238
f 1850 2238 1851
f 1851 2238 2239
f 1851 2239 2240
f 1854 1852 1856
f 1856 1852 1851
f 1856 1851 1858
f 1858 1851 2240
f 1858 2240 2241
f 2241 2242 1858
f 1858 2242 2243
f 1858 2243 1859
f 1859 2243 2244
f 1859 2244 2245
f 1861 1853 1863
f 1863 1853 1855
f 1863 1855 1865
f 1865 1855 1857
f 1865 1857 1867
f 1867 1857 1859
f 1867 1859 1869
f 1869 1859 2245
f 2245 2246 1869
f 1869 2246 2247
f 1869 2247 1870
f 1870 2247 2248
f 1870 2248 2249
f 1872 1860 1874
f 1874 1860 1862
f 1874 1862 1876
f 1876 1862 1864
f 1876 1864 1878
f 1878 1864 1866
f 1878 1866 1880
f 1880 1866 1868
f 1880 1868 1882
f 1882 1868 1870
f 1882 1870 1884
f 1884 1870 2249
f 2249 2250 1884
f 1884 2250 2251
f 1884 2251 1885
f 1885 2251 2252
f 1885 2252 2253
f 1887 1871 1889
f 1889 1871 1873
f 1889 1873 1891
f 1891 1873 1875
f 1891 1875 1893
f 1893 1875 1877
f 1893 1877 1895
f 1895 1877 1879
f 1895 1879 1897
f 1897 1879 1881
f 1897 1881 1899
f 1899 1881 1883
f 1899 1883 1901
f 1901 1883 1885
f 1901 1885 1903
f 1903 1885 2253
f 2253 2254 1903
f 1903 2254 2255
f 1903 2255 1904
f 1904 2255 2256
f 1904 2256 2257
f 1906 1886 1908
f 1908 1886 1888
f 1908 1888 1910
f 1910 1888 1890
f 1910 1890 1912
f 1912 1890 1892
f 1912 1892 1914
f 1914 1892 1894
f 1914 1894 1916
f 1916 1894 1896
f 1916 1896 1918
f 1918 1896 1898
f 1918 1898 1920
f 1920 1898 1900
f 1920 1900 1922
f 1922 1900 1902
f 1922 1902 1924
f 1924 1902 1904
f 1924 1904 1926
f 1926 1904 2257
f 2257 2258 1926
f 1926 2258 2259
f 1926 2259 1927
f 1927 2259 2260
f 1927 2260 2261
f 1929 1905 1931
f 1931 1905 1907
f 1931 1907 1933
f 1933 1907 1909
f 1933 1909 1935
f 1935 1909 1911
f 1935 1911 1937
f 1937 1911 1913
f 1937 1913 1939
f 1939 1913 1915
f 1939 1915 1941
f 1941 1915 1917
f 1941 1917 1943
f 1943 1917 1919
f 1943 1919 1945
f 1945 1919 1921
f 1945 1921 1947
f 1947 1921 1923
f 1947 1923 1949
f 1949 1923 1925
f 1949 1925 1951
f 1951 1925 1927
f 1951 1927 1953
f 1953 1927 2261
f 2261 2262 1953
f 1953 2262 2263
f 1953 2263 1954
f 1954 2263 2264
f 1954 2264 2265
f 1955 1928 1957
f 1957 1928 1930
f 1957 1930 1959
f 1959 1930 1932
f 1959 1932 1961
f 1961 1932 1934
f 1961 1934 1963
f 1963 1934 1936
f 1963 1936 1965
f 1965 1936 1938
f 1965 1938 1967
f 1967 1938 1940
f 1967 1940 1969
f 1969 1940 1942
f 1969 1942 1971
f 1971 1942 1944
f 1971 1944 1973
f 1973 1944 1946
f 1973 1946 1975
f 1975 1946 1948
f 1975 1948 1977
f 1977 1948 1950
f 1977 1950 1979
f 1979 1950 1952
f 1979 1952 1981
f 1981 1952 1954
f 1981 1954 1983
f 1983 1954 2265
f 1983 2265 2266
f 2266 2267 1983
f 1983 2267 2268
f 1983 2268 1984
f 1984 2268 2269
f 1984 2269 2270
f 788 1956 1479
f 1479 1956 1958
f 1479 1958 1478
f 1478 1958 1960
f 1478 1960 1477
f 1477 1960 1962
f 1477 1962 1476
f 1476 1962 1964
f 1476 1964 1475
f 1475 1964 1966
f 1475 1966 1474
f 1474 1966 1968
f 1474 1968 1473
f 1473 1968 1970
f 1473 1970 1472
f 1472 1970 1972
f 1472 1972 1471
f 1471 1972 1974
f 1471 1974 1470
f 1470 1974 1976
f 1470 1976 1469
f 1469 1976 1978
f 1469 1978 1468
f 1468 1978 1980
f 1468 1980 1467
f 1467 1980 1982
f 1467 1982 1466
f 1466 1982 1984
f 1466 1984 1465
f 1465 1984 2270
f 1465 2270 2271
f 2235 2236 1450
f 1450 2236 1850
f 1450 1850 1379
f 1379 1850 1852
f 1379 1852 1312
f 1312 1852 1854
f 1312 1854 1250
f 1250 1854 1853
f 1250 1853 1193
f 1193 1853 1861
f 1193 1861 1141
f 1141 1861 1860
f 1141 1860 1094
f 1094 1860 1872
f 1094 1872 1052
f 1052 1872 1871
f 1052 1871 1015
f 1015 1871 1887
f 1015 1887 983
f 983 1887 1886
f 983 1886 956
f 956 1886 1906
f 956 1906 934
f 934 1906 1905
f 934 1905 917
f 917 1905 1929
f 917 1929 789
f 789 1929 1928
f 789 1928 790
f 790 1928 1955
f 790 1955 788
f 768 2272 769
f 769 2272 1985
f 769 1985 2273
f 2273 1985 1987
f 2273 1987 2274
f 2272 2275 1985
f 1985 2275 2276
f 1985 2276 1986
f 1986 2276 2277
f 1986 2277 2278
f 1989 2274 1991
f 1991 2274 1987
f 1991 1987 1993
f 1993 1987 1986
f 1993 1986 1995
f 1995 1986 2278
f 2278 2279 1995
f 1995 2279 2280
f 1995 2280 1996
f 1996 2280 2281
f 1996 2281 2282
f 1998 1988 2000
f 2000 1988 1990
f 2000 1990 2002
f 2002 1990 1992
f 2002 1992 2004
f 2004 1992 1994
f 2004 1994 2006
f 2006 1994 1996
f 2006 1996 2008
f 2008 1996 2282
f 2282 2283 2008
f 2008 2283 2284
f 2008 2284 2009
f 2009 2284 2285
f 2009 2285 2286
f 2011 1997 2013
f 2013 1997 1999
f 2013 1999 2015
f 2015 1999 2001
f 2015 2001 2017
f 2017 2001 2003
f 2017 2003 2019
f 2019 2003 2005
f 2019 2005 2021
f 2021 2005 2007
f 2021 2007 2023
f 2023 2007 2009
f 2023 2009 2025
f 2025 2009 2286
f 2286 2287 2025
f 2025 2287 2288
f 2025 2288 2026
f 2026 2288 2289
f 2026 2289 2290
f 2291 2010 2292
f 2292 2010 2012
f 2292 2012 2293
f 2293 2012 2014
f 2293 2014 2294
f 2294 2014 2016
f 2294 2016 2295
f 2295 2016 2018
f 2295 2018 2296
f 2296 2018 2020
f 2296 2020 2297
f 2297 2020 2022
f 2297 2022 2298
f 2298 2022 2024
f 2298 2024 2299
f 2299 2024 2026
f 2299 2026 2300
f 2300 2026 2290
f 2290 2301 2300
f 2300 2301 2302
f 2300 2302 2303
f 2028 2291 2030
f 2030 2291 2292
f 2030 2292 2032
f 2032 2292 2293
f 2032 2293 2034
f 2034 2293 2294
f 2034 2294 2036
f 2036 2294 2295
f 2036 2295 2038
f 2038 2295 2296
f 2038 2296 2040
f 2040 2296 2297
f 2040 2297 2042
f 2042 2297 2298
f 2042 2298 2044
f 2044 2298 2299
f 2044 2299 2046
f 2046 2299 2300
f 2046 2300 2048
f 2048 2300 2303
f 2303 2304 2048
f 2048 2304 2305
f 2048 2305 2049
f 2049 2305 2306
f 2049 2306 2307
f 2051 2027 2053
f 2053 2027 2029
f 2053 2029 2055
f 2055 2029 2031
f 2055 2031 2057
f 2057 2031 2033
f 2057 2033 2059
f 2059 2033 2035
f 2059 2035 2061
f 2061 2035 2037
f 2061 2037 2063
f 2063 2037 2039
f 2063 2039 2065
f 2065 2039 2041
f 2065 2041 2067
f 2067 2041 2043
f 2067 2043 2069
f 2069 2043 2045
f 2069 2045 2071
f 2071 2045 2047
f 2071 2047 2073
f 2073 2047 2049
f 2073 2049 2075
f 2075 2049 2307
f 2307 2308 2075
f 2075 2308 2309
f 2075 2309 2076
f 2076 2309 2310
f 2076 2310 2311
f 2077 2050 2079
f 2079 2050 2052
f 2079 2052 2081
f 2081 2052 2054
f 2081 2054 2083
f 2083 2054 2056
f 2083 2056 2085
f 2085 2056 2058
f 2085 2058 2087
f 2087 2058 2060
f 2087 2060 2089
f 2089 2060 2062
f 2089 2062 2091
f 2091 2062 2064
f 2091 2064 2093
f 2093 2064 2066
f 2093 2066 2095
f 2095 2066 2068
f 2095 2068 2097
f 2097 2068 2070
f 2097 2070 2099
f 2099 2070 2072
f 2099 2072 2101
f 2101 2072 2074
f 2101 2074 2103
f 2103 2074 2076
f 2103 2076 2105
f 2105 2076 2311
f 2311 2312 2105
f 2105 2312 2313
f 2105 2313 2106
f 2106 2313 2314
f 2106 2314 2315
f 788 2078 802
f 802 2078 2080
f 802 2080 864
f 864 2080 2082
f 864 2082 867
f 867 2082 2084
f 867 2084 869
f 869 2084 2086
f 869 2086 874
f 874 2086 2088
f 874 2088 877
f 877 2088 2090
f 877 2090 879
f 879 2090 2092
f 879 2092 884
f 884 2092 2094
f 884 2094 889
f 889 2094 2096
f 889 2096 886
f 886 2096 2098
f 886 2098 894
f 894 2098 2100
f 894 2100 801
f 801 2100 2102
f 801 2102 898
f 898 2102 2104
f 898 2104 900
f 900 2104 2106
f 900 2106 903
f 903 2106 2315
f 903 2315 905
f 2271 767 1465
f 1465 767 769
f 1465 769 1393
f 1393 769 2273
f 1393 2273 1325
f 1325 2273 2274
f 1325 2274 1262
f 1262 2274 1989
f 1262 1989 1204
f 1204 1989 1988
f 1204 1988 1151
f 1151 1988 1998
f 1151 1998 1103
f 1103 1998 1997
f 1103 1997 1060
f 1060 1997 2011
f 1060 2011 1022
f 1022 2011 2010
f 1022 2010 989
f 989 2010 2291
f 989 2291 961
f 961 2291 2028
f 961 2028 938
f 938 2028 2027
f 938 2027 920
f 920 2027 2051
f 920 2051 785
f 785 2051 2050
f 785 2050 786
f 786 2050 2077
f 786 2077 788
f 2316 2317 2318
f 2188 2187 2319
f 2149 2148 2320
f 2124 2123 2321
f 2322 2323 543
f 2324 2325 2326
f 2327 2328 2329
f 2329 2328 2330
f 2331 2332 2333
f 2333 2332 2334
f 2335 2336 2337
f 2337 2336 2338
f 2339 2340 2341
f 2341 2340 2342
f 2343 2344 2345
f 2346 2347 2348
f 2349 2350 2351
f 2351 2350 2352
f 2351 2352 2353
f 2354 2355 2356
f 2356 2355 2357
f 2358 2359 2360
f 2361 2362 2363
f 2363 2362 2364
f 2365 2366 2367
f 2367 2366 2368
f 2369 2370 2371
f 2372 2373 2374
f 2374 2373 2375
f 2376 2377 2378
f 2378 2377 2379
f 2380 2381 2382
f 2382 2381 2383
f 2384 2385 2386
f 2386 2385 2387
f 2388 2389 2390
f 810 814 2388
f 2388 814 2391
f 2388 2391 2389
f 810 2388 811
f 811 2388 2392
f 811 2392 779
f 779 2392 780
f 780 2392 2393
f 780 2393 776
f 776 2393 777
f 777 2393 2394
f 777 2394 2112
f 2112 2394 2113
f 2113 2394 2395
f 2113 2395 2114
f 2114 2395 2115
f 2115 2395 2396
f 2115 2396 2116
f 2116 2396 2117
f 2117 2396 2397
f 2117 2397 2118
f 2118 2397 2119
f 2119 2397 2398
f 2119 2398 2120
f 2120 2398 2399
f 2120 2399 2121
f 2321 2123 2399
f 2399 2123 2122
f 2399 2122 2121
f 2124 2321 2125
f 2125 2321 2400
f 2125 2400 2126
f 2126 2400 2401
f 2126 2401 2127
f 2127 2401 2128
f 2128 2401 2402
f 2128 2402 2129
f 2129 2402 2130
f 2130 2402 2403
f 2130 2403 2131
f 2131 2403 2132
f 2132 2403 2404
f 2132 2404 2133
f 2133 2404 2134
f 2134 2404 2405
f 2134 2405 2135
f 2135 2405 2136
f 2136 2405 2406
f 2136 2406 2137
f 2137 2406 2138
f 2138 2406 2407
f 2138 2407 2139
f 2139 2407 2140
f 2140 2407 2408
f 2140 2408 2141
f 2141 2408 2142
f 2142 2408 2409
f 2142 2409 773
f 773 2409 774
f 774 2409 2410
f 774 2410 2143
f 2143 2410 2411
f 2143 2411 2144
f 2320 2148 2411
f 2411 2148 2147
f 2411 2147 2144
f 2149 2320 2150
f 2150 2320 2412
f 2150 2412 2151
f 2151 2412 2413
f 2151 2413 2152
f 2152 2413 2153
f 2153 2413 2414
f 2153 2414 2154
f 2154 2414 2155
f 2155 2414 2415
f 2155 2415 2156
f 2156 2415 2157
f 2157 2415 2416
f 2157 2416 2158
f 2158 2416 2159
f 2159 2416 2417
f 2159 2417 2160
f 2160 2417 2161
f 2161 2417 2418
f 2161 2418 2162
f 2162 2418 2163
f 2163 2418 2419
f 2163 2419 2164
f 2164 2419 2165
f 2165 2419 2420
f 2165 2420 2166
f 2166 2420 2167
f 2167 2420 2421
f 2167 2421 2168
f 2168 2421 2169
f 2169 2421 2422
f 2169 2422 2170
f 2170 2422 2423
f 2170 2423 2185
f 2319 2187 2423
f 2423 2187 2186
f 2423 2186 2185
f 2188 2319 2189
f 2189 2319 2424
f 2189 2424 2190
f 2190 2424 2425
f 2190 2425 2191
f 2191 2425 2192
f 2192 2425 2426
f 2192 2426 770
f 770 2426 771
f 771 2426 2427
f 771 2427 2193
f 2193 2427 2196
f 2196 2427 2428
f 2196 2428 2197
f 2197 2428 2198
f 2198 2428 2429
f 2198 2429 2199
f 2199 2429 2200
f 2200 2429 2430
f 2200 2430 2201
f 2201 2430 2202
f 2202 2430 2431
f 2202 2431 2203
f 2203 2431 2204
f 2204 2431 2432
f 2204 2432 2205
f 2205 2432 2206
f 2206 2432 2433
f 2206 2433 2207
f 2207 2433 2216
f 2216 2433 2434
f 2216 2434 2217
f 2217 2434 2435
f 2217 2435 2218
f 2436 2220 2435
f 2435 2220 2219
f 2435 2219 2218
f 2437 2223 2438
f 2438 2223 2222
f 2438 2222 2436
f 2436 2222 2221
f 2436 2221 2220
f 2439 2225 2437
f 2437 2225 2224
f 2437 2224 2223
f 2440 2227 2439
f 2439 2227 2226
f 2439 2226 2225
f 2441 2229 2440
f 2440 2229 2228
f 2440 2228 2227
f 2442 2231 2441
f 2441 2231 2230
f 2441 2230 2229
f 2443 2233 2442
f 2442 2233 2232
f 2442 2232 2231
f 2444 2235 2443
f 2443 2235 2234
f 2443 2234 2233
f 2445 2237 2444
f 2444 2237 2236
f 2444 2236 2235
f 2446 2239 2445
f 2445 2239 2238
f 2445 2238 2237
f 2244 2243 2447
f 2447 2243 2242
f 2447 2242 2448
f 2448 2242 2241
f 2448 2241 2446
f 2446 2241 2240
f 2446 2240 2239
f 2244 2447 2245
f 2245 2447 2449
f 2245 2449 2246
f 2246 2449 2450
f 2246 2450 2247
f 2247 2450 2248
f 2248 2450 2451
f 2248 2451 2249
f 2249 2451 2250
f 2250 2451 2452
f 2250 2452 2251
f 2251 2452 2252
f 2252 2452 2453
f 2252 2453 2253
f 2253 2453 2254
f 2254 2453 2454
f 2254 2454 2255
f 2255 2454 2256
f 2256 2454 2455
f 2256 2455 2257
f 2257 2455 2258
f 2258 2455 2456
f 2258 2456 2259
f 2259 2456 2260
f 2260 2456 2457
f 2260 2457 2261
f 2261 2457 2262
f 2262 2457 2458
f 2262 2458 2263
f 2263 2458 2264
f 2264 2458 2459
f 2264 2459 2265
f 2265 2459 2266
f 2266 2459 2460
f 2266 2460 2267
f 2267 2460 2461
f 2267 2461 2268
f 2462 2271 2463
f 2463 2271 2270
f 2463 2270 2461
f 2461 2270 2269
f 2461 2269 2268
f 2464 768 2462
f 2462 768 767
f 2462 767 2271
f 2465 2275 2464
f 2464 2275 2272
f 2464 2272 768
f 2466 2277 2465
f 2465 2277 2276
f 2465 2276 2275
f 2467 2279 2466
f 2466 2279 2278
f 2466 2278 2277
f 2468 2281 2467
f 2467 2281 2280
f 2467 2280 2279
f 2469 2283 2468
f 2468 2283 2282
f 2468 2282 2281
f 2470 2285 2469
f 2469 2285 2284
f 2469 2284 2283
f 2471 2287 2470
f 2470 2287 2286
f 2470 2286 2285
f 2472 2289 2471
f 2471 2289 2288
f 2471 2288 2287
f 2304 2303 2473
f 2473 2303 2302
f 2473 2302 2474
f 2474 2302 2301
f 2474 2301 2472
f 2472 2301 2290
f 2472 2290 2289
f 2304 2473 2305
f 2305 2473 2475
f 2305 2475 2306
f 2306 2475 2476
f 2306 2476 2307
f 2307 2476 2308
f 2308 2476 2477
f 2308 2477 2309
f 2309 2477 2310
f 2310 2477 2478
f 2310 2478 2311
f 2311 2478 2312
f 2312 2478 2479
f 2312 2479 2313
f 2313 2479 2314
f 2314 2479 2480
f 2314 2480 2315
f 2315 2480 905
f 905 2480 2318
f 905 2318 906
f 906 2318 2317
f 906 2317 908
f 2481 2482 2483
f 2483 2482 2316
f 2484 2485 2486
f 2486 2485 2481
f 2487 2488 2489
f 2489 2488 2484
f 2490 2491 2492
f 2492 2491 2487
f 2493 2494 2495
f 2495 2494 2490
f 2496 2497 2498
f 2498 2497 2493
f 2499 2500 2501
f 2501 2500 2496
f 2502 2503 2504
f 2504 2503 2499
f 2505 2506 2507
f 2507 2506 2502
f 2508 2509 2510
f 2510 2509 2505
f 2511 2512 2513
f 2513 2512 2508
f 2514 2515 2516
f 2516 2515 2511
f 2517 2518 2519
f 2519 2518 2514
f 2520 2521 2522
f 2522 2521 2517
f 2523 2524 2525
f 2525 2524 2520
f 2526 2527 2528
f 2528 2527 2523
f 2529 2530 2531
f 2531 2530 2526
f 2532 2533 2529
f 542 2533 541
f 541 2533 2532
f 541 2532 536
f 536 2532 2534
f 536 2534 764
f 764 2534 2535
f 764 2535 765
f 2536 763 2537
f 2537 763 762
f 2537 762 2535
f 2535 762 766
f 2535 766 765
f 2538 757 2539
f 2539 757 760
f 2539 760 2536
f 2536 760 759
f 2536 759 763
f 2540 754 2538
f 2538 754 755
f 2538 755 757
f 751 750 2541
f 2541 750 748
f 2541 748 2542
f 2542 748 747
f 2542 747 2540
f 2540 747 752
f 2540 752 754
f 751 2541 745
f 745 2541 2543
f 745 2543 746
f 746 2543 2544
f 746 2544 742
f 742 2544 743
f 743 2544 2545
f 743 2545 740
f 740 2545 2546
f 740 2546 738
f 738 2546 737
f 737 2546 2547
f 737 2547 735
f 735 2547 730
f 730 2547 2548
f 730 2548 731
f 731 2548 2549
f 731 2549 733
f 733 2549 734
f 734 2549 2550
f 734 2550 728
f 728 2550 729
f 729 2550 2551
f 729 2551 723
f 723 2551 725
f 725 2551 2552
f 725 2552 726
f 726 2552 2553
f 726 2553 717
f 717 2553 718
f 718 2553 2554
f 718 2554 720
f 720 2554 721
f 721 2554 2555
f 721 2555 716
f 716 2555 2556
f 716 2556 714
f 714 2556 713
f 713 2556 2557
f 713 2557 711
f 711 2557 706
f 706 2557 2558
f 706 2558 707
f 707 2558 2559
f 707 2559 709
f 2560 705 2561
f 2561 705 704
f 2561 704 2559
f 2559 704 710
f 2559 710 709
f 2562 699 2563
f 2563 699 702
f 2563 702 2560
f 2560 702 701
f 2560 701 705
f 2564 696 2562
f 2562 696 697
f 2562 697 699
f 693 692 2565
f 2565 692 690
f 2565 690 2566
f 2566 690 689
f 2566 689 2564
f 2564 689 694
f 2564 694 696
f 693 2565 687
f 687 2565 2567
f 687 2567 688
f 688 2567 2568
f 688 2568 684
f 684 2568 685
f 685 2568 2569
f 685 2569 682
f 682 2569 2570
f 682 2570 680
f 680 2570 679
f 679 2570 2571
f 679 2571 677
f 677 2571 672
f 672 2571 2572
f 672 2572 673
f 673 2572 2573
f 673 2573 675
f 675 2573 676
f 676 2573 2574
f 676 2574 670
f 670 2574 671
f 671 2574 2575
f 671 2575 667
f 667 2575 668
f 668 2575 2576
f 668 2576 665
f 665 2576 2577
f 665 2577 663
f 663 2577 662
f 662 2577 2578
f 662 2578 660
f 660 2578 655
f 655 2578 2579
f 655 2579 656
f 656 2579 2580
f 656 2580 658
f 658 2580 659
f 659 2580 2581
f 659 2581 653
f 653 2581 654
f 654 2581 2582
f 654 2582 651
f 651 2582 2583
f 651 2583 649
f 2584 645 2585
f 2585 645 646
f 2585 646 2583
f 2583 646 648
f 2583 648 649
f 2586 639 2587
f 2587 639 638
f 2587 638 2584
f 2584 638 643
f 2584 643 645
f 2588 642 2586
f 2586 642 641
f 2586 641 639
f 631 632 2589
f 2589 632 634
f 2589 634 2590
f 2590 634 637
f 2590 637 2588
f 2588 637 636
f 2588 636 642
f 631 2589 629
f 629 2589 2591
f 629 2591 628
f 628 2591 2592
f 628 2592 626
f 626 2592 621
f 621 2592 2593
f 621 2593 622
f 622 2593 2594
f 622 2594 624
f 624 2594 625
f 625 2594 2595
f 625 2595 619
f 619 2595 620
f 620 2595 2596
f 620 2596 617
f 617 2596 2597
f 617 2597 615
f 615 2597 614
f 614 2597 2598
f 614 2598 612
f 612 2598 611
f 611 2598 2599
f 611 2599 609
f 609 2599 604
f 604 2599 2600
f 604 2600 605
f 605 2600 2601
f 605 2601 607
f 607 2601 608
f 608 2601 2602
f 608 2602 602
f 602 2602 603
f 603 2602 2603
f 603 2603 600
f 600 2603 2604
f 600 2604 598
f 598 2604 597
f 597 2604 2605
f 597 2605 595
f 595 2605 590
f 590 2605 2606
f 590 2606 591
f 591 2606 2607
f 591 2607 593
f 593 2607 594
f 594 2607 2608
f 594 2608 588
f 588 2608 589
f 589 2608 2609
f 589 2609 585
f 585 2609 586
f 586 2609 2610
f 586 2610 583
f 583 2610 2611
f 583 2611 581
f 581 2611 580
f 580 2611 2612
f 580 2612 578
f 578 2612 573
f 573 2612 2613
f 573 2613 574
f 574 2613 2614
f 574 2614 576
f 2615 572 2616
f 2616 572 571
f 2616 571 2614
f 2614 571 577
f 2614 577 576
f 2617 566 2618
f 2618 566 569
f 2618 569 2615
f 2615 569 568
f 2615 568 572
f 2619 563 2617
f 2617 563 564
f 2617 564 566
f 2620 557 2621
f 2621 557 556
f 2621 556 2619
f 2619 556 561
f 2619 561 563
f 2622 560 2620
f 2620 560 559
f 2620 559 557
f 2623 555 2622
f 2622 555 554
f 2622 554 560
f 2624 549 2625
f 2625 549 552
f 2625 552 2623
f 2623 552 551
f 2623 551 555
f 543 545 2322
f 2322 545 546
f 2322 546 2624
f 2624 546 547
f 2624 547 549
f 2529 2531 2532
f 2532 2531 2626
f 2532 2626 2534
f 2534 2626 2627
f 2534 2627 2535
f 2535 2627 2628
f 2535 2628 2537
f 2537 2628 2629
f 2537 2629 2536
f 2536 2629 2630
f 2536 2630 2539
f 2539 2630 2631
f 2539 2631 2538
f 2538 2631 2632
f 2538 2632 2540
f 2540 2632 2633
f 2540 2633 2542
f 2542 2633 2634
f 2542 2634 2541
f 2541 2634 2635
f 2541 2635 2543
f 2543 2635 2636
f 2543 2636 2544
f 2544 2636 2637
f 2544 2637 2545
f 2545 2637 2638
f 2545 2638 2546
f 2546 2638 2639
f 2546 2639 2547
f 2547 2639 2640
f 2547 2640 2548
f 2548 2640 2641
f 2548 2641 2549
f 2549 2641 2642
f 2549 2642 2550
f 2550 2642 2643
f 2550 2643 2551
f 2551 2643 2644
f 2551 2644 2552
f 2552 2644 2645
f 2552 2645 2553
f 2553 2645 2646
f 2553 2646 2554
f 2554 2646 2647
f 2554 2647 2555
f 2555 2647 2648
f 2555 2648 2556
f 2556 2648 2649
f 2556 2649 2557
f 2557 2649 2650
f 2557 2650 2558
f 2558 2650 2651
f 2558 2651 2559
f 2559 2651 2652
f 2559 2652 2561
f 2561 2652 2653
f 2561 2653 2560
f 2560 2653 2654
f 2560 2654 2563
f 2563 2654 2655
f 2563 2655 2562
f 2562 2655 2656
f 2562 2656 2564
f 2564 2656 2657
f 2564 2657 2566
f 2566 2657 2658
f 2566 2658 2565
f 2565 2658 2659
f 2565 2659 2567
f 2567 2659 2660
f 2567 2660 2568
f 2568 2660 2661
f 2568 2661 2569
f 2569 2661 2662
f 2569 2662 2570
f 2570 2662 2663
f 2570 2663 2571
f 2571 2663 2664
f 2571 2664 2572
f 2572 2664 2665
f 2572 2665 2573
f 2573 2665 2666
f 2573 2666 2574
f 2574 2666 2667
f 2574 2667 2575
f 2575 2667 2668
f 2575 2668 2576
f 2576 2668 2669
f 2576 2669 2577
f 2577 2669 2670
f 2577 2670 2578
f 2578 2670 2671
f 2578 2671 2579
f 2579 2671 2672
f 2579 2672 2580
f 2580 2672 2673
f 2580 2673 2581
f 2581 2673 2674
f 2581 2674 2582
f 2582 2674 2675
f 2582 2675 2583
f 2583 2675 2676
f 2583 2676 2585
f 2585 2676 2677
f 2585 2677 2584
f 2584 2677 2678
f 2584 2678 2587
f 2587 2678 2679
f 2587 2679 2586
f 2586 2679 2680
f 2586 2680 2588
f 2588 2680 2681
f 2588 2681 2590
f 2590 2681 2682
f 2590 2682 2589
f 2589 2682 2683
f 2589 2683 2591
f 2591 2683 2684
f 2591 2684 2592
f 2592 2684 2685
f 2592 2685 2593
f 2593 2685 2686
f 2593 2686 2594
f 2594 2686 2687
f 2594 2687 2595
f 2595 2687 2688
f 2595 2688 2596
f 2596 2688 2689
f 2596 2689 2597
f 2597 2689 2690
f 2597 2690 2598
f 2598 2690 2691
f 2598 2691 2599
f 2599 2691 2692
f 2599 2692 2600
f 2600 2692 2693
f 2600 2693 2601
f 2601 2693 2694
f 2601 2694 2602
f 2602 2694 2695
f 2602 2695 2603
f 2603 2695 2696
f 2603 2696 2604
f 2604 2696 2697
f 2604 2697 2605
f 2605 2697 2698
f 2605 2698 2606
f 2606 2698 2699
f 2606 2699 2607
f 2607 2699 2700
f 2607 2700 2608
f 2608 2700 2701
f 2608 2701 2609
f 2609 2701 2702
f 2609 2702 2610
f 2610 2702 2703
f 2610 2703 2611
f 2611 2703 2704
f 2611 2704 2612
f 2612 2704 2705
f 2612 2705 2613
f 2613 2705 2706
f 2613 2706 2614
f 2614 2706 2707
f 2614 2707 2616
f 2616 2707 2708
f 2616 2708 2615
f 2615 2708 2709
f 2615 2709 2618
f 2618 2709 2710
f 2618 2710 2617
f 2617 2710 2711
f 2617 2711 2619
f 2619 2711 2712
f 2619 2712 2621
f 2621 2712 2713
f 2621 2713 2620
f 2620 2713 2714
f 2620 2714 2622
f 2622 2714 2715
f 2622 2715 2623
f 2623 2715 2716
f 2623 2716 2625
f 2625 2716 2717
f 2625 2717 2624
f 2624 2717 2324
f 2624 2324 2322
f 2322 2324 2326
f 2322 2326 2323
f 2526 2528 2531
f 2531 2528 2718
f 2531 2718 2626
f 2626 2718 2719
f 2626 2719 2627
f 2627 2719 2720
f 2627 2720 2628
f 2628 2720 2721
f 2628 2721 2629
f 2629 2721 2722
f 2629 2722 2630
f 2630 2722 2723
f 2630 2723 2631
f 2631 2723 2724
f 2631 2724 2632
f 2632 2724 2725
f 2632 2725 2633
f 2633 2725 2726
f 2633 2726 2634
f 2634 2726 2727
f 2634 2727 2635
f 2635 2727 2728
f 2635 2728 2636
f 2636 2728 2729
f 2636 2729 2637
f 2637 2729 2730
f 2637 2730 2638
f 2638 2730 2731
f 2638 2731 2639
f 2639 2731 2732
f 2639 2732 2640
f 2640 2732 2733
f 2640 2733 2641
f 2641 2733 2734
f 2641 2734 2642
f 2642 2734 2735
f 2642 2735 2643
f 2643 2735 2736
f 2643 2736 2644
f 2644 2736 2737
f 2644 2737 2645
f 2645 2737 2738
f 2645 2738 2646
f 2646 2738 2739
f 2646 2739 2647
f 2647 2739 2740
f 2647 2740 2648
f 2648 2740 2741
f 2648 2741 2649
f 2649 2741 2742
f 2649 2742 2650
f 2650 2742 2743
f 2650 2743 2651
f 2651 2743 2744
f 2651 2744 2652
f 2652 2744 2745
f 2652 2745 2653
f 2653 2745 2746
f 2653 2746 2654
f 2654 2746 2747
f 2654 2747 2655
f 2655 2747 2748
f 2655 2748 2656
f 2656 2748 2749
f 2656 2749 2657
f 2657 2749 2750
f 2657 2750 2658
f 2658 2750 2751
f 2658 2751 2659
f 2659 2751 2752
f 2659 2752 2660
f 2660 2752 2753
f 2660 2753 2661
f 2661 2753 2754
f 2661 2754 2662
f 2662 2754 2755
f 2662 2755 2663
f 2663 2755 2756
f 2663 2756 2664
f 2664 2756 2757
f 2664 2757 2665
f 2665 2757 2758
f 2665 2758 2666
f 2666 2758 2759
f 2666 2759 2667
f 2667 2759 2760
f 2667 2760 2668
f 2668 2760 2761
f 2668 2761 2669
f 2669 2761 2762
f 2669 2762 2670
f 2670 2762 2763
f 2670 2763 2671
f 2671 2763 2764
f 2671 2764 2672
f 2672 2764 2765
f 2672 2765 2673
f 2673 2765 2766
f 2673 2766 2674
f 2674 2766 2767
f 2674 2767 2675
f 2675 2767 2768
f 2675 2768 2676
f 2676 2768 2769
f 2676 2769 2677
f 2677 2769 2770
f 2677 2770 2678
f 2678 2770 2771
f 2678 2771 2679
f 2679 2771 2772
f 2679 2772 2680
f 2680 2772 2773
f 2680 2773 2681
f 2681 2773 2774
f 2681 2774 2682
f 2682 2774 2775
f 2682 2775 2683
f 2683 2775 2776
f 2683 2776 2684
f 2684 2776 2777
f 2684 2777 2685
f 2685 2777 2778
f 2685 2778 2686
f 2686 2778 2779
f 2686 2779 2687
f 2687 2779 2780
f 2687 2780 2688
f 2688 2780 2781
f 2688 2781 2689
f 2689 2781 2782
f 2689 2782 2690
f 2690 2782 2783
f 2690 2783 2691
f 2691 2783 2784
f 2691 2784 2692
f 2692 2784 2785
f 2692 2785 2693
f 2693 2785 2786
f 2693 2786 2694
f 2694 2786 2787
f 2694 2787 2695
f 2695 2787 2788
f 2695 2788 2696
f 2696 2788 2789
f 2696 2789 2697
f 2697 2789 2790
f 2697 2790 2698
f 2698 2790 2791
f 2698 2791 2699
f 2699 2791 2792
f 2699 2792 2700
f 2700 2792 2793
f 2700 2793 2701
f 2701 2793 2794
f 2701 2794 2702
f 2702 2794 2795
f 2702 2795 2703
f 2703 2795 2796
f 2703 2796 2704
f 2704 2796 2797
f 2704 2797 2705
f 2705 2797 2798
f 2705 2798 2706
f 2706 2798 2799
f 2706 2799 2707
f 2707 2799 2800
f 2707 2800 2708
f 2708 2800 2801
f 2708 2801 2709
f 2709 2801 2802
f 2709 2802 2710
f 2710 2802 2803
f 2710 2803 2711
f 2711 2803 2804
f 2711 2804 2712
f 2712 2804 2805
f 2712 2805 2713
f 2713 2805 2806
f 2713 2806 2714
f 2714 2806 2807
f 2714 2807 2715
f 2715 2807 2808
f 2715 2808 2716
f 2716 2808 2809
f 2716 2809 2717
f 2717 2809 2329
f 2717 2329 2324
f 2324 2329 2330
f 2324 2330 2325
f 2523 2525 2528
f 2528 2525 2810
f 2528 2810 2718
f 2718 2810 2811
f 2718 2811 2719
f 2719 2811 2812
f 2719 2812 2720
f 2720 2812 2813
f 2720 2813 2721
f 2721 2813 2814
f 2721 2814 2722
f 2722 2814 2815
f 2722 2815 2723
f 2723 2815 2816
f 2723 2816 2724
f 2724 2816 2817
f 2724 2817 2725
f 2725 2817 2818
f 2725 2818 2726
f 2726 2818 2819
f 2726 2819 2727
f 2727 2819 2820
f 2727 2820 2728
f 2728 2820 2821
f 2728 2821 2729
f 2729 2821 2822
f 2729 2822 2730
f 2730 2822 2823
f 2730 2823 2731
f 2731 2823 2824
f 2731 2824 2732
f 2732 2824 2825
f 2732 2825 2733
f 2733 2825 2826
f 2733 2826 2734
f 2734 2826 2827
f 2734 2827 2735
f 2735 2827 2828
f 2735 2828 2736
f 2736 2828 2829
f 2736 2829 2737
f 2737 2829 2830
f 2737 2830 2738
f 2738 2830 2831
f 2738 2831 2739
f 2739 2831 2832
f 2739 2832 2740
f 2740 2832 2833
f 2740 2833 2741
f 2741 2833 2834
f 2741 2834 2742
f 2742 2834 2835
f 2742 2835 2743
f 2743 2835 2836
f 2743 2836 2744
f 2744 2836 2837
f 2744 2837 2745
f 2745 2837 2838
f 2745 2838 2746
f 2746 2838 2839
f 2746 2839 2747
f 2747 2839 2840
f 2747 2840 2748
f 2748 2840 2841
f 2748 2841 2749
f 2749 2841 2842
f 2749 2842 2750
f 2750 2842 2843
f 2750 2843 2751
f 2751 2843 2844
f 2751 2844 2752
f 2752 2844 2845
f 2752 2845 2753
f 2753 2845 2846
f 2753 2846 2754
f 2754 2846 2847
f 2754 2847 2755
f 2755 2847 2848
f 2755 2848 2756
f 2756 2848 2849
f 2756 2849 2757
f 2757 2849 2850
f 2757 2850 2758
f 2758 2850 2851
f 2758 2851 2759
f 2759 2851 2852
f 2759 2852 2760
f 2760 2852 2853
f 2760 2853 2761
f 2761 2853 2854
f 2761 2854 2762
f 2762 2854 2855
f 2762 2855 2763
f 2763 2855 2856
f 2763 2856 2764
f 2764 2856 2857
f 2764 2857 2765
f 2765 2857 2858
f 2765 2858 2766
f 2766 2858 2859
f 2766 2859 2767
f 2767 2859 2860
f 2767 2860 2768
f 2768 2860 2861
f 2768 2861 2769
f 2769 2861 2862
f 2769 2862 2770
f 2770 2862 2863
f 2770 2863 2771
f 2771 2863 2864
f 2771 2864 2772
f 2772 2864 2865
f 2772 2865 2773
f 2773 2865 2866
f 2773 2866 2774
f 2774 2866 2867
f 2774 2867 2775
f 2775 2867 2868
f 2775 2868 2776
f 2776 2868 2869
f 2776 2869 2777
f 2777 2869 2870
f 2777 2870 2778
f 2778 2870 2871
f 2778 2871 2779
f 2779 2871 2872
f 2779 2872 2780
f 2780 2872 2873
f 2780 2873 2781
f 2781 2873 2874
f 2781 2874 2782
f 2782 2874 2875
f 2782 2875 2783
f 2783 2875 2876
f 2783 2876 2784
f 2784 2876 2877
f 2784 2877 2785
f 2785 2877 2878
f 2785 2878 2786
f 2786 2878 2879
f 2786 2879 2787
f 2787 2879 2880
f 2787 2880 2788
f 2788 2880 2881
f 2788 2881 2789
f 2789 2881 2882
f 2789 2882 2790
f 2790 2882 2883
f 2790 2883 2791
f 2791 2883 2884
f 2791 2884 2792
f 2792 2884 2885
f 2792 2885 2793
f 2793 2885 2886
f 2793 2886 2794
f 2794 2886 2887
f 2794 2887 2795
f 2795 2887 2888
f 2795 2888 2796
f 2796 2888 2889
f 2796 2889 2797
f 2797 2889 2890
f 2797 2890 2798
f 2798 2890 2891
f 2798 2891 2799
f 2799 2891 2892
f 2799 2892 2800
f 2800 2892 2893
f 2800 2893 2801
f 2801 2893 2894
f 2801 2894 2802
f 2802 2894 2895
f 2802 2895 2803
f 2803 2895 2896
f 2803 2896 2804
f 2804 2896 2897
f 2804 2897 2805
f 2805 2897 2898
f 2805 2898 2806
f 2806 2898 2899
f 2806 2899 2807
f 2807 2899 2900
f 2807 2900 2808
f 2808 2900 2901
f 2808 2901 2809
f 2809 2901 2333
f 2809 2333 2329
f 2329 2333 2334
f 2329 2334 2327
f 2520 2522 2525
f 2525 2522 2902
f 2525 2902 2810
f 2810 2902 2903
f 2810 2903 2811
f 2811 2903 2904
f 2811 2904 2812
f 2812 2904 2905
f 2812 2905 2813
f 2813 2905 2906
f 2813 2906 2814
f 2814 2906 2907
f 2814 2907 2815
f 2815 2907 2908
f 2815 2908 2816
f 2816 2908 2909
f 2816 2909 2817
f 2817 2909 2910
f 2817 2910 2818
f 2818 2910 2911
f 2818 2911 2819
f 2819 2911 2912
f 2819 2912 2820
f 2820 2912 2913
f 2820 2913 2821
f 2821 2913 2914
f 2821 2914 2822
f 2822 2914 2915
f 2822 2915 2823
f 2823 2915 2916
f 2823 2916 2824
f 2824 2916 2917
f 2824 2917 2825
f 2825 2917 2918
f 2825 2918 2826
f 2826 2918 2919
f 2826 2919 2827
f 2827 2919 2920
f 2827 2920 2828
f 2828 2920 2921
f 2828 2921 2829
f 2829 2921 2922
f 2829 2922 2830
f 2830 2922 2923
f 2830 2923 2831
f 2831 2923 2924
f 2831 2924 2832
f 2832 2924 2925
f 2832 2925 2833
f 2833 2925 2926
f 2833 2926 2834
f 2834 2926 2927
f 2834 2927 2835
f 2835 2927 2928
f 2835 2928 2836
f 2836 2928 2929
f 2836 2929 2837
f 2837 2929 2930
f 2837 2930 2838
f 2838 2930 2931
f 2838 2931 2839
f 2839 2931 2932
f 2839 2932 2840
f 2840 2932 2933
f 2840 2933 2841
f 2841 2933 2934
f 2841 2934 2842
f 2842 2934 2935
f 2842 2935 2843
f 2843 2935 2936
f 2843 2936 2844
f 2844 2936 2937
f 2844 2937 2845
f 2845 2937 2938
f 2845 2938 2846
f 2846 2938 2939
f 2846 2939 2847
f 2847 2939 2940
f 2847 2940 2848
f 2848 2940 2941
f 2848 2941 2849
f 2849 2941 2942
f 2849 2942 2850
f 2850 2942 2943
f 2850 2943 2851
f 2851 2943 2944
f 2851 2944 2852
f 2852 2944 2945
f 2852 2945 2853
f 2853 2945 2946
f 2853 2946 2854
f 2854 2946 2947
f 2854 2947 2855
f 2855 2947 2948
f 2855 2948 2856
f 2856 2948 2949
f 2856 2949 2857
f 2857 2949 2950
f 2857 2950 2858
f 2858 2950 2951
f 2858 2951 2859
f 2859 2951 2952
f 2859 2952 2860
f 2860 2952 2953
f 2860 2953 2861
f 2861 2953 2954
f 2861 2954 2862
f 2862 2954 2955
f 2862 2955 2863
f 2863 2955 2956
f 2863 2956 2864
f 2864 2956 2957
f 2864 2957 2865
f 2865 2957 2958
f 2865 2958 2866
f 2866 2958 2959
f 2866 2959 2867
f 2867 2959 2960
f 2867 2960 2868
f 2868 2960 2961
f 2868 2961 2869
f 2869 2961 2962
f 2869 2962 2870
f 2870 2962 2963
f 2870 2963 2871
f 2871 2963 2964
f 2871 2964 2872
f 2872 2964 2965
f 2872 2965 2873
f 2873 2965 2966
f 2873 2966 2874
f 2874 2966 2967
f 2874 2967 2875
f 2875 2967 2968
f 2875 2968 2876
f 2876 2968 2969
f 2876 2969 2877
f 2877 2969 2970
f 2877 2970 2878
f 2878 2970 2971
f 2878 2971 2879
f 2879 2971 2972
f 2879 2972 2880
f 2880 2972 2973
f 2880 2973 2881
f 2881 2973 2974
f 2881 2974 2882
f 2882 2974 2975
f 2882 2975 2883
f 2883 2975 2976
f 2883 2976 2884
f 2884 2976 2977
f 2884 2977 2885
f 2885 2977 2978
f 2885 2978 2886
f 2886 2978 2979
f 2886 2979 2887
f 2887 2979 2980
f 2887 2980 2888
f 2888 2980 2981
f 2888 2981 2889
f 2889 2981 2982
f 2889 2982 2890
f 2890 2982 2983
f 2890 2983 2891
f 2891 2983 2984
f 2891 2984 2892
f 2892 2984 2985
f 2892 2985 2893
f 2893 2985 2986
f 2893 2986 2894
f 2894 2986 2987
f 2894 2987 2895
f 2895 2987 2988
f 2895 2988 2896
f 2896 2988 2989
f 2896 2989 2897
f 2897 2989 2990
f 2897 2990 2898
f 2898 2990 2991
f 2898 2991 2899
f 2899 2991 2992
f 2899 2992 2900
f 2900 2992 2993
f 2900 2993 2901
f 2901 2993 2337
f 2901 2337 2333
f 2333 2337 2338
f 2333 2338 2331
f 2517 2519 2522
f 2522 2519 2994
f 2522 2994 2902
f 2902 2994 2995
f 2902 2995 2903
f 2903 2995 2996
f 2903 2996 2904
f 2904 2996 2997
f 2904 2997 2905
f 2905 2997 2998
f 2905 2998 2906
f 2906 2998 2999
f 2906 2999 2907
f 2907 2999 3000
f 2907 3000 2908
f 2908 3000 3001
f 2908 3001 2909
f 2909 3001 3002
f 2909 3002 2910
f 2910 3002 3003
f 2910 3003 2911
f 2911 3003 3004
f 2911 3004 2912
f 2912 3004 3005
f 2912 3005 2913
f 2913 3005 3006
f 2913 3006 2914
f 2914 3006 3007
f 2914 3007 2915
f 2915 3007 3008
f 2915 3008 2916
f 2916 3008 3009
f 2916 3009 2917
f 2917 3009 3010
f 2917 3010 2918
f 2918 3010 3011
f 2918 3011 2919
f 2919 3011 3012
f 2919 3012 2920
f 2920 3012 3013
f 2920 3013 2921
f 2921 3013 3014
f 2921 3014 2922
f 2922 3014 3015
f 2922 3015 2923
f 2923 3015 3016
f 2923 3016 2924
f 2924 3016 3017
f 2924 3017 2925
f 2925 3017 3018
f 2925 3018 2926
f 2926 3018 3019
f 2926 3019 2927
f 2927 3019 3020
f 2927 3020 2928
f 2928 3020 3021
f 2928 3021 2929
f 2929 3021 3022
f 2929 3022 2930
f 2930 3022 3023
f 2930 3023 2931
f 2931 3023 3024
f 2931 3024 2932
f 2932 3024 3025
f 2932 3025 2933
f 2933 3025 3026
f 2933 3026 2934
f 2934 3026 3027
f 2934 3027 2935
f 2935 3027 3028
f 2935 3028 2936
f 2936 3028 3029
f 2936 3029 2937
f 2937 3029 3030
f 2937 3030 2938
f 2938 3030 3031
f 2938 3031 2939
f 2939 3031 3032
f 2939 3032 2940
f 2940 3032 3033
f 2940 3033 2941
f 2941 3033 3034
f 2941 3034 2942
f 2942 3034 3035
f 2942 3035 2943
f 2943 3035 3036
f 2943 3036 2944
f 2944 3036 3037
f 2944 3037 2945
f 2945 3037 3038
f 2945 3038 2946
f 2946 3038 3039
f 2946 3039 2947
f 2947 3039 3040
f 2947 3040 2948
f 2948 3040 3041
f 2948 3041 2949
f 2949 3041 3042
f 2949 3042 2950
f 2950 3042 3043
f 2950 3043 2951
f 2951 3043 3044
f 2951 3044 2952
f 2952 3044 3045
f 2952 3045 2953
f 2953 3045 3046
f 2953 3046 2954
f 2954 3046 3047
f 2954 3047 2955
f 2955 3047 3048
f 2955 3048 2956
f 2956 3048 3049
f 2956 3049 2957
f 2957 3049 3050
f 2957 3050 2958
f 2958 3050 3051
f 2958 3051 2959
f 2959 3051 3052
f 2959 3052 2960
f 2960 3052 3053
f 2960 3053 2961
f 2961 3053 3054
f 2961 3054 2962
f 2962 3054 3055
f 2962 3055 2963
f 2963 3055 3056
f 2963 3056 2964
f 2964 3056 3057
f 2964 3057 2965
f 2965 3057 3058
f 2965 3058 2966
f 2966 3058 3059
f 2966 3059 2967
f 2967 3059 3060
f 2967 3060 2968
f 2968 3060 3061
f 2968 3061 2969
f 2969 3061 3062
f 2969 3062 2970
f 2970 3062 3063
f 2970 3063 2971
f 2971 3063 3064
f 2971 3064 2972
f 2972 3064 3065
f 2972 3065 2973
f 2973 3065 3066
f 2973 3066 2974
f 2974 3066 3067
f 2974 3067 2975
f 2975 3067 3068
f 2975 3068 2976
f 2976 3068 3069
f 2976 3069 2977
f 2977 3069 3070
f 2977 3070 2978
f 2978 3070 3071
f 2978 3071 2979
f 2979 3071 3072
f 2979 3072 2980
f 2980 3072 3073
f 2980 3073 2981
f 2981 3073 3074
f 2981 3074 2982
f 2982 3074 3075
f 2982 3075 2983
f 2983 3075 3076
f 2983 3076 2984
f 2984 3076 3077
f 2984 3077 2985
f 2985 3077 3078
f 2985 3078 2986
f 2986 3078 3079
f 2986 3079 2987
f 2987 3079 3080
f 2987 3080 2988
f 2988 3080 3081
f 2988 3081 2989
f 2989 3081 3082
f 2989 3082 2990
f 2990 3082 3083
f 2990 3083 2991
f 2991 3083 3084
f 2991 3084 2992
f 2992 3084 3085
f 2992 3085 2993
f 2993 3085 2341
f 2993 2341 2337
f 2337 2341 2342
f 2337 2342 2335
f 2514 2516 2519
f 2519 2516 3086
f 2519 3086 2994
f 2994 3086 3087
f 2994 3087 2995
f 2995 3087 3088
f 2995 3088 2996
f 2996 3088 3089
f 2996 3089 2997
f 2997 3089 3090
f 2997 3090 2998
f 2998 3090 3091
f 2998 3091 2999
f 2999 3091 3092
f 2999 3092 3000
f 3000 3092 3093
f 3000 3093 3001
f 3001 3093 3094
f 3001 3094 3002
f 3002 3094 3095
f 3002 3095 3003
f 3003 3095 3096
f 3003 3096 3004
f 3004 3096 3097
f 3004 3097 3005
f 3005 3097 3098
f 3005 3098 3006
f 3006 3098 3099
f 3006 3099 3007
f 3007 3099 3100
f 3007 3100 3008
f 3008 3100 3101
f 3008 3101 3009
f 3009 3101 3102
f 3009 3102 3010
f 3010 3102 3103
f 3010 3103 3011
f 3011 3103 3104
f 3011 3104 3012
f 3012 3104 3105
f 3012 3105 3013
f 3013 3105 3106
f 3013 3106 3014
f 3014 3106 3107
f 3014 3107 3015
f 3015 3107 3108
f 3015 3108 3016
f 3016 3108 3109
f 3016 3109 3017
f 3017 3109 3110
f 3017 3110 3018
f 3018 3110 3111
f 3018 3111 3019
f 3019 3111 3112
f 3019 3112 3020
f 3020 3112 3113
f 3020 3113 3021
f 3021 3113 3114
f 3021 3114 3022
f 3022 3114 3115
f 3022 3115 3023
f 3023 3115 3116
f 3023 3116 3024
f 3024 3116 3117
f 3024 3117 3025
f 3025 3117 3118
f 3025 3118 3026
f 3026 3118 3119
f 3026 3119 3027
f 3027 3119 3120
f 3027 3120 3028
f 3028 3120 3121
f 3028 3121 3029
f 3029 3121 3122
f 3029 3122 3030
f 3030 3122 3123
f 3030 3123 3031
f 3031 3123 3124
f 3031 3124 3032
f 3032 3124 3125
f 3032 3125 3033
f 3033 3125 3126
f 3033 3126 3034
f 3034 3126 3127
f 3034 3127 3035
f 3035 3127 3128
f 3035 3128 3036
f 3036 3128 3129
f 3036 3129 3037
f 3037 3129 3130
f 3037 3130 3038
f 3038 3130 3131
f 3038 3131 3039
f 3039 3131 3132
f 3039 3132 3040
f 3040 3132 3133
f 3040 3133 3041
f 3041 3133 3134
f 3041 3134 3042
f 3042 3134 3135
f 3042 3135 3043
f 3043 3135 3136
f 3043 3136 3044
f 3044 3136 3137
f 3044 3137 3045
f 3045 3137 3138
f 3045 3138 3046
f 3046 3138 3139
f 3046 3139 3047
f 3047 3139 3140
f 3047 3140 3048
f 3048 3140 3141
f 3048 3141 3049
f 3049 3141 3142
f 3049 3142 3050
f 3050 3142 3143
f 3050 3143 3051
f 3051 3143 3144
f 3051 3144 3052
f 3052 3144 3145
f 3052 3145 3053
f 3053 3145 3146
f 3053 3146 3054
f 3054 3146 3147
f 3054 3147 3055
f 3055 3147 3148
f 3055 3148 3056
f 3056 3148 3149
f 3056 3149 3057
f 3057 3149 3150
f 3057 3150 3058
f 3058 3150 3151
f 3058 3151 3059
f 3059 3151 3152
f 3059 3152 3060
f 3060 3152 3153
f 3060 3153 3061
f 3061 3153 3154
f 3061 3154 3062
f 3062 3154 3155
f 3062 3155 3063
f 3063 3155 3156
f 3063 3156 3064
f 3064 3156 3157
f 3064 3157 3065
f 3065 3157 3158
f 3065 3158 3066
f 3066 3158 3159
f 3066 3159 3067
f 3067 3159 3160
f 3067 3160 3068
f 3068 3160 3161
f 3068 3161 3069
f 3069 3161 3162
f 3069 3162 3070
f 3070 3162 3163
f 3070 3163 3071
f 3071 3163 3164
f 3071 3164 3072
f 3072 3164 3165
f 3072 3165 3073
f 3073 3165 3166
f 3073 3166 3074
f 3074 3166 3167
f 3074 3167 3075
f 3075 3167 3168
f 3075 3168 3076
f 3076 3168 3169
f 3076 3169 3077
f 3077 3169 3170
f 3077 3170 3078
f 3078 3170 3171
f 3078 3171 3079
f 3079 3171 3172
f 3079 3172 3080
f 3080 3172 3173
f 3080 3173 3081
f 3081 3173 3174
f 3081 3174 3082
f 3082 3174 3175
f 3082 3175 3083
f 3083 3175 3176
f 3083 3176 3084
f 3084 3176 3177
f 3084 3177 3085
f 3085 3177 2343
f 3085 2343 2341
f 2341 2343 2345
f 2341 2345 2339
f 2511 2513 2516
f 2516 2513 3178
f 2516 3178 3086
f 3086 3178 3179
f 3086 3179 3087
f 3087 3179 3180
f 3087 3180 3088
f 3088 3180 3181
f 3088 3181 3089
f 3089 3181 3182
f 3089 3182 3090
f 3090 3182 3183
f 3090 3183 3091
f 3091 3183 3184
f 3091 3184 3092
f 3092 3184 3185
f 3092 3185 3093
f 3093 3185 3186
f 3093 3186 3094
f 3094 3186 3187
f 3094 3187 3095
f 3095 3187 3188
f 3095 3188 3096
f 3096 3188 3189
f 3096 3189 3097
f 3097 3189 3190
f 3097 3190 3098
f 3098 3190 3191
f 3098 3191 3099
f 3099 3191 3192
f 3099 3192 3100
f 3100 3192 3193
f 3100 3193 3101
f 3101 3193 3194
f 3101 3194 3102
f 3102 3194 3195
f 3102 3195 3103
f 3103 3195 3196
f 3103 3196 3104
f 3104 3196 3197
f 3104 3197 3105
f 3105 3197 3198
f 3105 3198 3106
f 3106 3198 3199
f 3106 3199 3107
f 3107 3199 3200
f 3107 3200 3108
f 3108 3200 3201
f 3108 3201 3109
f 3109 3201 3202
f 3109 3202 3110
f 3110 3202 3203
f 3110 3203 3111
f 3111 3203 3204
f 3111 3204 3112
f 3112 3204 3205
f 3112 3205 3113
f 3113 3205 3206
f 3113 3206 3114
f 3114 3206 3207
f 3114 3207 3115
f 3115 3207 3208
f 3115 3208 3116
f 3116 3208 3209
f 3116 3209 3117
f 3117 3209 3210
f 3117 3210 3118
f 3118 3210 3211
f 3118 3211 3119
f 3119 3211 3212
f 3119 3212 3120
f 3120 3212 3213
f 3120 3213 3121
f 3121 3213 3214
f 3121 3214 3122
f 3122 3214 3215
f 3122 3215 3123
f 3123 3215 3216
f 3123 3216 3124
f 3124 3216 3217
f 3124 3217 3125
f 3125 3217 3218
f 3125 3218 3126
f 3126 3218 3219
f 3126 3219 3127
f 3127 3219 3220
f 3127 3220 3128
f 3128 3220 3221
f 3128 3221 3129
f 3129 3221 3222
f 3129 3222 3130
f 3130 3222 3223
f 3130 3223 3131
f 3131 3223 3224
f 3131 3224 3132
f 3132 3224 3225
f 3132 3225 3133
f 3133 3225 3226
f 3133 3226 3134
f 3134 3226 3227
f 3134 3227 3135
f 3135 3227 3228
f 3135 3228 3136
f 3136 3228 3229
f 3136 3229 3137
f 3137 3229 3230
f 3137 3230 3138
f 3138 3230 3231
f 3138 3231 3139
f 3139 3231 3232
f 3139 3232 3140
f 3140 3232 3233
f 3140 3233 3141
f 3141 3233 3234
f 3141 3234 3142
f 3142 3234 3235
f 3142 3235 3143
f 3143 3235 3236
f 3143 3236 3144
f 3144 3236 3237
f 3144 3237 3145
f 3145 3237 3238
f 3145 3238 3146
f 3146 3238 3239
f 3146 3239 3147
f 3147 3239 3240
f 3147 3240 3148
f 3148 3240 3241
f 3148 3241 3149
f 3149 3241 3242
f 3149 3242 3150
f 3150 3242 3243
f 3150 3243 3151
f 3151 3243 3244
f 3151 3244 3152
f 3152 3244 3245
f 3152 3245 3153
f 3153 3245 3246
f 3153 3246 3154
f 3154 3246 3247
f 3154 3247 3155
f 3155 3247 3248
f 3155 3248 3156
f 3156 3248 3249
f 3156 3249 3157
f 3157 3249 3250
f 3157 3250 3158
f 3158 3250 3251
f 3158 3251 3159
f 3159 3251 3252
f 3159 3252 3160
f 3160 3252 3253
f 3160 3253 3161
f 3161 3253 3254
f 3161 3254 3162
f 3162 3254 3255
f 3162 3255 3163
f 3163 3255 3256
f 3163 3256 3164
f 3164 3256 3257
f 3164 3257 3165
f 3165 3257 3258
f 3165 3258 3166
f 3166 3258 3259
f 3166 3259 3167
f 3167 3259 3260
f 3167 3260 3168
f 3168 3260 3261
f 3168 3261 3169
f 3169 3261 3262
f 3169 3262 3170
f 3170 3262 3263
f 3170 3263 3171
f 3171 3263 3264
f 3171 3264 3172
f 3172 3264 3265
f 3172 3265 3173
f 3173 3265 3266
f 3173 3266 3174
f 3174 3266 3267
f 3174 3267 3175
f 3175 3267 3268
f 3175 3268 3176
f 3176 3268 3269
f 3176 3269 3177
f 3177 3269 2346
f 3177 2346 2343
f 2343 2346 2348
f 2343 2348 2344
f 2508 2510 2513
f 2513 2510 3270
f 2513 3270 3178
f 3178 3270 3271
f 3178 3271 3179
f 3179 3271 3272
f 3179 3272 3180
f 3180 3272 3273
f 3180 3273 3181
f 3181 3273 3274
f 3181 3274 3182
f 3182 3274 3275
f 3182 3275 3183
f 3183 3275 3276
f 3183 3276 3184
f 3184 3276 3277
f 3184 3277 3185
f 3185 3277 3278
f 3185 3278 3186
f 3186 3278 3279
f 3186 3279 3187
f 3187 3279 3280
f 3187 3280 3188
f 3188 3280 3281
f 3188 3281 3189
f 3189 3281 3282
f 3189 3282 3190
f 3190 3282 3283
f 3190 3283 3191
f 3191 3283 3284
f 3191 3284 3192
f 3192 3284 3285
f 3192 3285 3193
f 3193 3285 3286
f 3193 3286 3194
f 3194 3286 3287
f 3194 3287 3195
f 3195 3287 3288
f 3195 3288 3196
f 3196 3288 3289
f 3196 3289 3197
f 3197 3289 3290
f 3197 3290 3198
f 3198 3290 3291
f 3198 3291 3199
f 3199 3291 3292
f 3199 3292 3200
f 3200 3292 3293
f 3200 3293 3201
f 3201 3293 3294
f 3201 3294 3202
f 3202 3294 3295
f 3202 3295 3203
f 3203 3295 3296
f 3203 3296 3204
f 3204 3296 3297
f 3204 3297 3205
f 3205 3297 3298
f 3205 3298 3206
f 3206 3298 3299
f 3206 3299 3207
f 3207 3299 3300
f 3207 3300 3208
f 3208 3300 3301
f 3208 3301 3209
f 3209 3301 3302
f 3209 3302 3210
f 3210 3302 3303
f 3210 3303 3211
f 3211 3303 3304
f 3211 3304 3212
f 3212 3304 3305
f 3212 3305 3213
f 3213 3305 3306
f 3213 3306 3214
f 3214 3306 3307
f 3214 3307 3215
f 3215 3307 3308
f 3215 3308 3216
f 3216 3308 3309
f 3216 3309 3217
f 3217 3309 3310
f 3217 3310 3218
f 3218 3310 3311
f 3218 3311 3219
f 3219 3311 3312
f 3219 3312 3220
f 3220 3312 3313
f 3220 3313 3221
f 3221 3313 3314
f 3221 3314 3222
f 3222 3314 3315
f 3222 3315 3223
f 3223 3315 3316
f 3223 3316 3224
f 3224 3316 3317
f 3224 3317 3225
f 3225 3317 3318
f 3225 3318 3226
f 3226 3318 3319
f 3226 3319 3227
f 3227 3319 3320
f 3227 3320 3228
f 3228 3320 3321
f 3228 3321 3229
f 3229 3321 3322
f 3229 3322 3230
f 3230 3322 3323
f 3230 3323 3231
f 3231 3323 3324
f 3231 3324 3232
f 3232 3324 3325
f 3232 3325 3233
f 3233 3325 3326
f 3233 3326 3234
f 3234 3326 3327
f 3234 3327 3235
f 3235 3327 3328
f 3235 3328 3236
f 3236 3328 3329
f 3236 3329 3237
f 3237 3329 3330
f 3237 3330 3238
f 3238 3330 3331
f 3238 3331 3239
f 3239 3331 3332
f 3239 3332 3240
f 3240 3332 3333
f 3240 3333 3241
f 3241 3333 3334
f 3241 3334 3242
f 3242 3334 3335
f 3242 3335 3243
f 3243 3335 3336
f 3243 3336 3244
f 3244 3336 3337
f 3244 3337 3245
f 3245 3337 3338
f 3245 3338 3246
f 3246 3338 3339
f 3246 3339 3247
f 3247 3339 3340
f 3247 3340 3248
f 3248 3340 3341
f 3248 3341 3249
f 3249 3341 3342
f 3249 3342 3250
f 3250 3342 3343
f 3250 3343 3251
f 3251 3343 3344
f 3251 3344 3252
f 3252 3344 3345
f 3252 3345 3253
f 3253 3345 3346
f 3253 3346 3254
f 3254 3346 3347
f 3254 3347 3255
f 3255 3347 3348
f 3255 3348 3256
f 3256 3348 3349
f 3256 3349 3257
f 3257 3349 3350
f 3257 3350 3258
f 3258 3350 3351
f 3258 3351 3259
f 3259 3351 3352
f 3259 3352 3260
f 3260 3352 3353
f 3260 3353 3261
f 3261 3353 3354
f 3261 3354 3262
f 3262 3354 3355
f 3262 3355 3263
f 3263 3355 3356
f 3263 3356 3264
f 3264 3356 3357
f 3264 3357 3265
f 3265 3357 3358
f 3265 3358 3266
f 3266 3358 3359
f 3266 3359 3267
f 3267 3359 3360
f 3267 3360 3268
f 3268 3360 3361
f 3268 3361 3269
f 3269 3361 2351
f 3269 2351 2346
f 2346 2351 2353
f 2346 2353 2347
f 2505 2507 2510
f 2510 2507 3362
f 2510 3362 3270
f 3270 3362 3363
f 3270 3363 3271
f 3271 3363 3364
f 3271 3364 3272
f 3272 3364 3365
f 3272 3365 3273
f 3273 3365 3366
f 3273 3366 3274
f 3274 3366 3367
f 3274 3367 3275
f 3275 3367 3368
f 3275 3368 3276
f 3276 3368 3369
f 3276 3369 3277
f 3277 3369 3370
f 3277 3370 3278
f 3278 3370 3371
f 3278 3371 3279
f 3279 3371 3372
f 3279 3372 3280
f 3280 3372 3373
f 3280 3373 3281
f 3281 3373 3374
f 3281 3374 3282
f 3282 3374 3375
f 3282 3375 3283
f 3283 3375 3376
f 3283 3376 3284
f 3284 3376 3377
f 3284 3377 3285
f 3285 3377 3378
f 3285 3378 3286
f 3286 3378 3379
f 3286 3379 3287
f 3287 3379 3380
f 3287 3380 3288
f 3288 3380 3381
f 3288 3381 3289
f 3289 3381 3382
f 3289 3382 3290
f 3290 3382 3383
f 3290 3383 3291
f 3291 3383 3384
f 3291 3384 3292
f 3292 3384 3385
f 3292 3385 3293
f 3293 3385 3386
f 3293 3386 3294
f 3294 3386 3387
f 3294 3387 3295
f 3295 3387 3388
f 3295 3388 3296
f 3296 3388 3389
f 3296 3389 3297
f 3297 3389 3390
f 3297 3390 3298
f 3298 3390 3391
f 3298 3391 3299
f 3299 3391 3392
f 3299 3392 3300
f 3300 3392 3393
f 3300 3393 3301
f 3301 3393 3394
f 3301 3394 3302
f 3302 3394 3395
f 3302 3395 3303
f 3303 3395 3396
f 3303 3396 3304
f 3304 3396 3397
f 3304 3397 3305
f 3305 3397 3398
f 3305 3398 3306
f 3306 3398 3399
f 3306 3399 3307
f 3307 3399 3400
f 3307 3400 3308
f 3308 3400 3401
f 3308 3401 3309
f 3309 3401 3402
f 3309 3402 3310
f 3310 3402 3403
f 3310 3403 3311
f 3311 3403 3404
f 3311 3404 3312
f 3312 3404 3405
f 3312 3405 3313
f 3313 3405 3406
f 3313 3406 3314
f 3314 3406 3407
f 3314 3407 3315
f 3315 3407 3408
f 3315 3408 3316
f 3316 3408 3409
f 3316 3409 3317
f 3317 3409 3410
f 3317 3410 3318
f 3318 3410 3411
f 3318 3411 3319
f 3319 3411 3412
f 3319 3412 3320
f 3320 3412 3413
f 3320 3413 3321
f 3321 3413 3414
f 3321 3414 3322
f 3322 3414 3415
f 3322 3415 3323
f 3323 3415 3416
f 3323 3416 3324
f 3324 3416 3417
f 3324 3417 3325
f 3325 3417 3418
f 3325 3418 3326
f 3326 3418 3419
f 3326 3419 3327
f 3327 3419 3420
f 3327 3420 3328
f 3328 3420 3421
f 3328 3421 3329
f 3329 3421 3422
f 3329 3422 3330
f 3330 3422 3423
f 3330 3423 3331
f 3331 3423 3424
f 3331 3424 3332
f 3332 3424 3425
f 3332 3425 3333
f 3333 3425 3426
f 3333 3426 3334
f 3334 3426 3427
f 3334 3427 3335
f 3335 3427 3428
f 3335 3428 3336
f 3336 3428 3429
f 3336 3429 3337
f 3337 3429 3430
f 3337 3430 3338
f 3338 3430 3431
f 3338 3431 3339
f 3339 3431 3432
f 3339 3432 3340
f 3340 3432 3433
f 3340 3433 3341
f 3341 3433 3434
f 3341 3434 3342
f 3342 3434 3435
f 3342 3435 3343
f 3343 3435 3436
f 3343 3436 3344
f 3344 3436 3437
f 3344 3437 3345
f 3345 3437 3438
f 3345 3438 3346
f 3346 3438 3439
f 3346 3439 3347
f 3347 3439 3440
f 3347 3440 3348
f 3348 3440 3441
f 3348 3441 3349
f 3349 3441 3442
f 3349 3442 3350
f 3350 3442 3443
f 3350 3443 3351
f 3351 3443 3444
f 3351 3444 3352
f 3352 3444 3445
f 3352 3445 3353
f 3353 3445 3446
f 3353 3446 3354
f 3354 3446 3447
f 3354 3447 3355
f 3355 3447 3448
f 3355 3448 3356
f 3356 3448 3449
f 3356 3449 3357
f 3357 3449 3450
f 3357 3450 3358
f 3358 3450 3451
f 3358 3451 3359
f 3359 3451 3452
f 3359 3452 3360
f 3360 3452 3453
f 3360 3453 3361
f 3361 3453 2356
f 3361 2356 2351
f 2351 2356 2357
f 2351 2357 2349
f 2502 2504 2507
f 2507 2504 3454
f 2507 3454 3362
f 3362 3454 3455
f 3362 3455 3363
f 3363 3455 3456
f 3363 3456 3364
f 3364 3456 3457
f 3364 3457 3365
f 3365 3457 3458
f 3365 3458 3366
f 3366 3458 3459
f 3366 3459 3367
f 3367 3459 3460
f 3367 3460 3368
f 3368 3460 3461
f 3368 3461 3369
f 3369 3461 3462
f 3369 3462 3370
f 3370 3462 3463
f 3370 3463 3371
f 3371 3463 3464
f 3371 3464 3372
f 3372 3464 3465
f 3372 3465 3373
f 3373 3465 3466
f 3373 3466 3374
f 3374 3466 3467
f 3374 3467 3375
f 3375 3467 3468
f 3375 3468 3376
f 3376 3468 3469
f 3376 3469 3377
f 3377 3469 3470
f 3377 3470 3378
f 3378 3470 3471
f 3378 3471 3379
f 3379 3471 3472
f 3379 3472 3380
f 3380 3472 3473
f 3380 3473 3381
f 3381 3473 3474
f 3381 3474 3382
f 3382 3474 3475
f 3382 3475 3383
f 3383 3475 3476
f 3383 3476 3384
f 3384 3476 3477
f 3384 3477 3385
f 3385 3477 3478
f 3385 3478 3386
f 3386 3478 3479
f 3386 3479 3387
f 3387 3479 3480
f 3387 3480 3388
f 3388 3480 3481
f 3388 3481 3389
f 3389 3481 3482
f 3389 3482 3390
f 3390 3482 3483
f 3390 3483 3391
f 3391 3483 3484
f 3391 3484 3392
f 3392 3484 3485
f 3392 3485 3393
f 3393 3485 3486
f 3393 3486 3394
f 3394 3486 3487
f 3394 3487 3395
f 3395 3487 3488
f 3395 3488 3396
f 3396 3488 3489
f 3396 3489 3397
f 3397 3489 3490
f 3397 3490 3398
f 3398 3490 3491
f 3398 3491 3399
f 3399 3491 3492
f 3399 3492 3400
f 3400 3492 3493
f 3400 3493 3401
f 3401 3493 3494
f 3401 3494 3402
f 3402 3494 3495
f 3402 3495 3403
f 3403 3495 3496
f 3403 3496 3404
f 3404 3496 3497
f 3404 3497 3405
f 3405 3497 3498
f 3405 3498 3406
f 3406 3498 3499
f 3406 3499 3407
f 3407 3499 3500
f 3407 3500 3408
f 3408 3500 3501
f 3408 3501 3409
f 3409 3501 3502
f 3409 3502 3410
f 3410 3502 3503
f 3410 3503 3411
f 3411 3503 3504
f 3411 3504 3412
f 3412 3504 3505
f 3412 3505 3413
f 3413 3505 3506
f 3413 3506 3414
f 3414 3506 3507
f 3414 3507 3415
f 3415 3507 3508
f 3415 3508 3416
f 3416 3508 3509
f 3416 3509 3417
f 3417 3509 3510
f 3417 3510 3418
f 3418 3510 3511
f 3418 3511 3419
f 3419 3511 3512
f 3419 3512 3420
f 3420 3512 3513
f 3420 3513 3421
f 3421 3513 3514
f 3421 3514 3422
f 3422 3514 3515
f 3422 3515 3423
f 3423 3515 3516
f 3423 3516 3424
f 3424 3516 3517
f 3424 3517 3425
f 3425 3517 3518
f 3425 3518 3426
f 3426 3518 3519
f 3426 3519 3427
f 3427 3519 3520
f 3427 3520 3428
f 3428 3520 3521
f 3428 3521 3429
f 3429 3521 3522
f 3429 3522 3430
f 3430 3522 3523
f 3430 3523 3431
f 3431 3523 3524
f 3431 3524 3432
f 3432 3524 3525
f 3432 3525 3433
f 3433 3525 3526
f 3433 3526 3434
f 3434 3526 3527
f 3434 3527 3435
f 3435 3527 3528
f 3435 3528 3436
f 3436 3528 3529
f 3436 3529 3437
f 3437 3529 3530
f 3437 3530 3438
f 3438 3530 3531
f 3438 3531 3439
f 3439 3531 3532
f 3439 3532 3440
f 3440 3532 3533
f 3440 3533 3441
f 3441 3533 3534
f 3441 3534 3442
f 3442 3534 3535
f 3442 3535 3443
f 3443 3535 3536
f 3443 3536 3444
f 3444 3536 3537
f 3444 3537 3445
f 3445 3537 3538
f 3445 3538 3446
f 3446 3538 3539
f 3446 3539 3447
f 3447 3539 3540
f 3447 3540 3448
f 3448 3540 3541
f 3448 3541 3449
f 3449 3541 3542
f 3449 3542 3450
f 3450 3542 3543
f 3450 3543 3451
f 3451 3543 3544
f 3451 3544 3452
f 3452 3544 3545
f 3452 3545 3453
f 3453 3545 2358
f 3453 2358 2356
f 2356 2358 2360
f 2356 2360 2354
f 2499 2501 2504
f 2504 2501 3546
f 2504 3546 3454
f 3454 3546 3547
f 3454 3547 3455
f 3455 3547 3548
f 3455 3548 3456
f 3456 3548 3549
f 3456 3549 3457
f 3457 3549 3550
f 3457 3550 3458
f 3458 3550 3551
f 3458 3551 3459
f 3459 3551 3552
f 3459 3552 3460
f 3460 3552 3553
f 3460 3553 3461
f 3461 3553 3554
f 3461 3554 3462
f 3462 3554 3555
f 3462 3555 3463
f 3463 3555 3556
f 3463 3556 3464
f 3464 3556 3557
f 3464 3557 3465
f 3465 3557 3558
f 3465 3558 3466
f 3466 3558 3559
f 3466 3559 3467
f 3467 3559 3560
f 3467 3560 3468
f 3468 3560 3561
f 3468 3561 3469
f 3469 3561 3562
f 3469 3562 3470
f 3470 3562 3563
f 3470 3563 3471
f 3471 3563 3564
f 3471 3564 3472
f 3472 3564 3565
f 3472 3565 3473
f 3473 3565 3566
f 3473 3566 3474
f 3474 3566 3567
f 3474 3567 3475
f 3475 3567 3568
f 3475 3568 3476
f 3476 3568 3569
f 3476 3569 3477
f 3477 3569 3570
f 3477 3570 3478
f 3478 3570 3571
f 3478 3571 3479
f 3479 3571 3572
f 3479 3572 3480
f 3480 3572 3573
f 3480 3573 3481
f 3481 3573 3574
f 3481 3574 3482
f 3482 3574 3575
f 3482 3575 3483
f 3483 3575 3576
f 3483 3576 3484
f 3484 3576 3577
f 3484 3577 3485
f 3485 3577 3578
f 3485 3578 3486
f 3486 3578 3579
f 3486 3579 3487
f 3487 3579 3580
f 3487 3580 3488
f 3488 3580 3581
f 3488 3581 3489
f 3489 3581 3582
f 3489 3582 3490
f 3490 3582 3583
f 3490 3583 3491
f 3491 3583 3584
f 3491 3584 3492
f 3492 3584 3585
f 3492 3585 3493
f 3493 3585 3586
f 3493 3586 3494
f 3494 3586 3587
f 3494 3587 3495
f 3495 3587 3588
f 3495 3588 3496
f 3496 3588 3589
f 3496 3589 3497
f 3497 3589 3590
f 3497 3590 3498
f 3498 3590 3591
f 3498 3591 3499
f 3499 3591 3592
f 3499 3592 3500
f 3500 3592 3593
f 3500 3593 3501
f 3501 3593 3594
f 3501 3594 3502
f 3502 3594 3595
f 3502 3595 3503
f 3503 3595 3596
f 3503 3596 3504
f 3504 3596 3597
f 3504 3597 3505
f 3505 3597 3598
f 3505 3598 3506
f 3506 3598 3599
f 3506 3599 3507
f 3507 3599 3600
f 3507 3600 3508
f 3508 3600 3601
f 3508 3601 3509
f 3509 3601 3602
f 3509 3602 3510
f 3510 3602 3603
f 3510 3603 3511
f 3511 3603 3604
f 3511 3604 3512
f 3512 3604 3605
f 3512 3605 3513
f 3513 3605 3606
f 3513 3606 3514
f 3514 3606 3607
f 3514 3607 3515
f 3515 3607 3608
f 3515 3608 3516
f 3516 3608 3609
f 3516 3609 3517
f 3517 3609 3610
f 3517 3610 3518
f 3518 3610 3611
f 3518 3611 3519
f 3519 3611 3612
f 3519 3612 3520
f 3520 3612 3613
f 3520 3613 3521
f 3521 3613 3614
f 3521 3614 3522
f 3522 3614 3615
f 3522 3615 3523
f 3523 3615 3616
f 3523 3616 3524
f 3524 3616 3617
f 3524 3617 3525
f 3525 3617 3618
f 3525 3618 3526
f 3526 3618 3619
f 3526 3619 3527
f 3527 3619 3620
f 3527 3620 3528
f 3528 3620 3621
f 3528 3621 3529
f 3529 3621 3622
f 3529 3622 3530
f 3530 3622 3623
f 3530 3623 3531
f 3531 3623 3624
f 3531 3624 3532
f 3532 3624 3625
f 3532 3625 3533
f 3533 3625 3626
f 3533 3626 3534
f 3534 3626 3627
f 3534 3627 3535
f 3535 3627 3628
f 3535 3628 3536
f 3536 3628 3629
f 3536 3629 3537
f 3537 3629 3630
f 3537 3630 3538
f 3538 3630 3631
f 3538 3631 3539
f 3539 3631 3632
f 3539 3632 3540
f 3540 3632 3633
f 3540 3633 3541
f 3541 3633 3634
f 3541 3634 3542
f 3542 3634 3635
f 3542 3635 3543
f 3543 3635 3636
f 3543 3636 3544
f 3544 3636 3637
f 3544 3637 3545
f 3545 3637 2363
f 3545 2363 2358
f 2358 2363 2364
f 2358 2364 2359
f 2496 2498 2501
f 2501 2498 3638
f 2501 3638 3546
f 3546 3638 3639
f 3546 3639 3547
f 3547 3639 3640
f 3547 3640 3548
f 3548 3640 3641
f 3548 3641 3549
f 3549 3641 3642
f 3549 3642 3550
f 3550 3642 3643
f 3550 3643 3551
f 3551 3643 3644
f 3551 3644 3552
f 3552 3644 3645
f 3552 3645 3553
f 3553 3645 3646
f 3553 3646 3554
f 3554 3646 3647
f 3554 3647 3555
f 3555 3647 3648
f 3555 3648 3556
f 3556 3648 3649
f 3556 3649 3557
f 3557 3649 3650
f 3557 3650 3558
f 3558 3650 3651
f 3558 3651 3559
f 3559 3651 3652
f 3559 3652 3560
f 3560 3652 3653
f 3560 3653 3561
f 3561 3653 3654
f 3561 3654 3562
f 3562 3654 3655
f 3562 3655 3563
f 3563 3655 3656
f 3563 3656 3564
f 3564 3656 3657
f 3564 3657 3565
f 3565 3657 3658
f 3565 3658 3566
f 3566 3658 3659
f 3566 3659 3567
f 3567 3659 3660
f 3567 3660 3568
f 3568 3660 3661
f 3568 3661 3569
f 3569 3661 3662
f 3569 3662 3570
f 3570 3662 3663
f 3570 3663 3571
f 3571 3663 3664
f 3571 3664 3572
f 3572 3664 3665
f 3572 3665 3573
f 3573 3665 3666
f 3573 3666 3574
f 3574 3666 3667
f 3574 3667 3575
f 3575 3667 3668
f 3575 3668 3576
f 3576 3668 3669
f 3576 3669 3577
f 3577 3669 3670
f 3577 3670 3578
f 3578 3670 3671
f 3578 3671 3579
f 3579 3671 3672
f 3579 3672 3580
f 3580 3672 3673
f 3580 3673 3581
f 3581 3673 3674
f 3581 3674 3582
f 3582 3674 3675
f 3582 3675 3583
f 3583 3675 3676
f 3583 3676 3584
f 3584 3676 3677
f 3584 3677 3585
f 3585 3677 3678
f 3585 3678 3586
f 3586 3678 3679
f 3586 3679 3587
f 3587 3679 3680
f 3587 3680 3588
f 3588 3680 3681
f 3588 3681 3589
f 3589 3681 3682
f 3589 3682 3590
f 3590 3682 3683
f 3590 3683 3591
f 3591 3683 3684
f 3591 3684 3592
f 3592 3684 3685
f 3592 3685 3593
f 3593 3685 3686
f 3593 3686 3594
f 3594 3686 3687
f 3594 3687 3595
f 3595 3687 3688
f 3595 3688 3596
f 3596 3688 3689
f 3596 3689 3597
f 3597 3689 3690
f 3597 3690 3598
f 3598 3690 3691
f 3598 3691 3599
f 3599 3691 3692
f 3599 3692 3600
f 3600 3692 3693
f 3600 3693 3601
f 3601 3693 3694
f 3601 3694 3602
f 3602 3694 3695
f 3602 3695 3603
f 3603 3695 3696
f 3603 3696 3604
f 3604 3696 3697
f 3604 3697 3605
f 3605 3697 3698
f 3605 3698 3606
f 3606 3698 3699
f 3606 3699 3607
f 3607 3699 3700
f 3607 3700 3608
f 3608 3700 3701
f 3608 3701 3609
f 3609 3701 3702
f 3609 3702 3610
f 3610 3702 3703
f 3610 3703 3611
f 3611 3703 3704
f 3611 3704 3612
f 3612 3704 3705
f 3612 3705 3613
f 3613 3705 3706
f 3613 3706 3614
f 3614 3706 3707
f 3614 3707 3615
f 3615 3707 3708
f 3615 3708 3616
f 3616 3708 3709
f 3616 3709 3617
f 3617 3709 3710
f 3617 3710 3618
f 3618 3710 3711
f 3618 3711 3619
f 3619 3711 3712
f 3619 3712 3620
f 3620 3712 3713
f 3620 3713 3621
f 3621 3713 3714
f 3621 3714 3622
f 3622 3714 3715
f 3622 3715 3623
f 3623 3715 3716
f 3623 3716 3624
f 3624 3716 3717
f 3624 3717 3625
f 3625 3717 3718
f 3625 3718 3626
f 3626 3718 3719
f 3626 3719 3627
f 3627 3719 3720
f 3627 3720 3628
f 3628 3720 3721
f 3628 3721 3629
f 3629 3721 3722
f 3629 3722 3630
f 3630 3722 3723
f 3630 3723 3631
f 3631 3723 3724
f 3631 3724 3632
f 3632 3724 3725
f 3632 3725 3633
f 3633 3725 3726
f 3633 3726 3634
f 3634 3726 3727
f 3634 3727 3635
f 3635 3727 3728
f 3635 3728 3636
f 3636 3728 3729
f 3636 3729 3637
f 3637 3729 2367
f 3637 2367 2363
f 2363 2367 2368
f 2363 2368 2361
f 2493 2495 2498
f 2498 2495 3730
f 2498 3730 3638
f 3638 3730 3731
f 3638 3731 3639
f 3639 3731 3732
f 3639 3732 3640
f 3640 3732 3733
f 3640 3733 3641
f 3641 3733 3734
f 3641 3734 3642
f 3642 3734 3735
f 3642 3735 3643
f 3643 3735 3736
f 3643 3736 3644
f 3644 3736 3737
f 3644 3737 3645
f 3645 3737 3738
f 3645 3738 3646
f 3646 3738 3739
f 3646 3739 3647
f 3647 3739 3740
f 3647 3740 3648
f 3648 3740 3741
f 3648 3741 3649
f 3649 3741 3742
f 3649 3742 3650
f 3650 3742 3743
f 3650 3743 3651
f 3651 3743 3744
f 3651 3744 3652
f 3652 3744 3745
f 3652 3745 3653
f 3653 3745 3746
f 3653 3746 3654
f 3654 3746 3747
f 3654 3747 3655
f 3655 3747 3748
f 3655 3748 3656
f 3656 3748 3749
f 3656 3749 3657
f 3657 3749 3750
f 3657 3750 3658
f 3658 3750 3751
f 3658 3751 3659
f 3659 3751 3752
f 3659 3752 3660
f 3660 3752 3753
f 3660 3753 3661
f 3661 3753 3754
f 3661 3754 3662
f 3662 3754 3755
f 3662 3755 3663
f 3663 3755 3756
f 3663 3756 3664
f 3664 3756 3757
f 3664 3757 3665
f 3665 3757 3758
f 3665 3758 3666
f 3666 3758 3759
f 3666 3759 3667
f 3667 3759 3760
f 3667 3760 3668
f 3668 3760 3761
f 3668 3761 3669
f 3669 3761 3762
f 3669 3762 3670
f 3670 3762 3763
f 3670 3763 3671
f 3671 3763 3764
f 3671 3764 3672
f 3672 3764 3765
f 3672 3765 3673
f 3673 3765 3766
f 3673 3766 3674
f 3674 3766 3767
f 3674 3767 3675
f 3675 3767 3768
f 3675 3768 3676
f 3676 3768 3769
f 3676 3769 3677
f 3677 3769 3770
f 3677 3770 3678
f 3678 3770 3771
f 3678 3771 3679
f 3679 3771 3772
f 3679 3772 3680
f 3680 3772 3773
f 3680 3773 3681
f 3681 3773 3774
f 3681 3774 3682
f 3682 3774 3775
f 3682 3775 3683
f 3683 3775 3776
f 3683 3776 3684
f 3684 3776 3777
f 3684 3777 3685
f 3685 3777 3778
f 3685 3778 3686
f 3686 3778 3779
f 3686 3779 3687
f 3687 3779 3780
f 3687 3780 3688
f 3688 3780 3781
f 3688 3781 3689
f 3689 3781 3782
f 3689 3782 3690
f 3690 3782 3783
f 3690 3783 3691
f 3691 3783 3784
f 3691 3784 3692
f 3692 3784 3785
f 3692 3785 3693
f 3693 3785 3786
f 3693 3786 3694
f 3694 3786 3787
f 3694 3787 3695
f 3695 3787 3788
f 3695 3788 3696
f 3696 3788 3789
f 3696 3789 3697
f 3697 3789 3790
f 3697 3790 3698
f 3698 3790 3791
f 3698 3791 3699
f 3699 3791 3792
f 3699 3792 3700
f 3700 3792 3793
f 3700 3793 3701
f 3701 3793 3794
f 3701 3794 3702
f 3702 3794 3795
f 3702 3795 3703
f 3703 3795 3796
f 3703 3796 3704
f 3704 3796 3797
f 3704 3797 3705
f 3705 3797 3798
f 3705 3798 3706
f 3706 3798 3799
f 3706 3799 3707
f 3707 3799 3800
f 3707 3800 3708
f 3708 3800 3801
f 3708 3801 3709
f 3709 3801 3802
f 3709 3802 3710
f 3710 3802 3803
f 3710 3803 3711
f 3711 3803 3804
f 3711 3804 3712
f 3712 3804 3805
f 3712 3805 3713
f 3713 3805 3806
f 3713 3806 3714
f 3714 3806 3807
f 3714 3807 3715
f 3715 3807 3808
f 3715 3808 3716
f 3716 3808 3809
f 3716 3809 3717
f 3717 3809 3810
f 3717 3810 3718
f 3718 3810 3811
f 3718 3811 3719
f 3719 3811 3812
f 3719 3812 3720
f 3720 3812 3813
f 3720 3813 3721
f 3721 3813 3814
f 3721 3814 3722
f 3722 3814 3815
f 3722 3815 3723
f 3723 3815 3816
f 3723 3816 3724
f 3724 3816 3817
f 3724 3817 3725
f 3725 3817 3818
f 3725 3818 3726
f 3726 3818 3819
f 3726 3819 3727
f 3727 3819 3820
f 3727 3820 3728
f 3728 3820 3821
f 3728 3821 3729
f 3729 3821 2369
f 3729 2369 2367
f 2367 2369 2371
f 2367 2371 2365
f 2490 2492 2495
f 2495 2492 3822
f 2495 3822 3730
f 3730 3822 3823
f 3730 3823 3731
f 3731 3823 3824
f 3731 3824 3732
f 3732 3824 3825
f 3732 3825 3733
f 3733 3825 3826
f 3733 3826 3734
f 3734 3826 3827
f 3734 3827 3735
f 3735 3827 3828
f 3735 3828 3736
f 3736 3828 3829
f 3736 3829 3737
f 3737 3829 3830
f 3737 3830 3738
f 3738 3830 3831
f 3738 3831 3739
f 3739 3831 3832
f 3739 3832 3740
f 3740 3832 3833
f 3740 3833 3741
f 3741 3833 3834
f 3741 3834 3742
f 3742 3834 3835
f 3742 3835 3743
f 3743 3835 3836
f 3743 3836 3744
f 3744 3836 3837
f 3744 3837 3745
f 3745 3837 3838
f 3745 3838 3746
f 3746 3838 3839
f 3746 3839 3747
f 3747 3839 3840
f 3747 3840 3748
f 3748 3840 3841
f 3748 3841 3749
f 3749 3841 3842
f 3749 3842 3750
f 3750 3842 3843
f 3750 3843 3751
f 3751 3843 3844
f 3751 3844 3752
f 3752 3844 3845
f 3752 3845 3753
f 3753 3845 3846
f 3753 3846 3754
f 3754 3846 3847
f 3754 3847 3755
f 3755 3847 3848
f 3755 3848 3756
f 3756 3848 3849
f 3756 3849 3757
f 3757 3849 3850
f 3757 3850 3758
f 3758 3850 3851
f 3758 3851 3759
f 3759 3851 3852
f 3759 3852 3760
f 3760 3852 3853
f 3760 3853 3761
f 3761 3853 3854
f 3761 3854 3762
f 3762 3854 3855
f 3762 3855 3763
f 3763 3855 3856
f 3763 3856 3764
f 3764 3856 3857
f 3764 3857 3765
f 3765 3857 3858
f 3765 3858 3766
f 3766 3858 3859
f 3766 3859 3767
f 3767 3859 3860
f 3767 3860 3768
f 3768 3860 3861
f 3768 3861 3769
f 3769 3861 3862
f 3769 3862 3770
f 3770 3862 3863
f 3770 3863 3771
f 3771 3863 3864
f 3771 3864 3772
f 3772 3864 3865
f 3772 3865 3773
f 3773 3865 3866
f 3773 3866 3774
f 3774 3866 3867
f 3774 3867 3775
f 3775 3867 3868
f 3775 3868 3776
f 3776 3868 3869
f 3776 3869 3777
f 3777 3869 3870
f 3777 3870 3778
f 3778 3870 3871
f 3778 3871 3779
f 3779 3871 3872
f 3779 3872 3780
f 3780 3872 3873
f 3780 3873 3781
f 3781 3873 3874
f 3781 3874 3782
f 3782 3874 3875
f 3782 3875 3783
f 3783 3875 3876
f 3783 3876 3784
f 3784 3876 3877
f 3784 3877 3785
f 3785 3877 3878
f 3785 3878 3786
f 3786 3878 3879
f 3786 3879 3787
f 3787 3879 3880
f 3787 3880 3788
f 3788 3880 3881
f 3788 3881 3789
f 3789 3881 3882
f 3789 3882 3790
f 3790 3882 3883
f 3790 3883 3791
f 3791 3883 3884
f 3791 3884 3792
f 3792 3884 3885
f 3792 3885 3793
f 3793 3885 3886
f 3793 3886 3794
f 3794 3886 3887
f 3794 3887 3795
f 3795 3887 3888
f 3795 3888 3796
f 3796 3888 3889
f 3796 3889 3797
f 3797 3889 3890
f 3797 3890 3798
f 3798 3890 3891
f 3798 3891 3799
f 3799 3891 3892
f 3799 3892 3800
f 3800 3892 3893
f 3800 3893 3801
f 3801 3893 3894
f 3801 3894 3802
f 3802 3894 3895
f 3802 3895 3803
f 3803 3895 3896
f 3803 3896 3804
f 3804 3896 3897
f 3804 3897 3805
f 3805 3897 3898
f 3805 3898 3806
f 3806 3898 3899
f 3806 3899 3807
f 3807 3899 3900
f 3807 3900 3808
f 3808 3900 3901
f 3808 3901 3809
f 3809 3901 3902
f 3809 3902 3810
f 3810 3902 3903
f 3810 3903 3811
f 3811 3903 3904
f 3811 3904 3812
f 3812 3904 3905
f 3812 3905 3813
f 3813 3905 3906
f 3813 3906 3814
f 3814 3906 3907
f 3814 3907 3815
f 3815 3907 3908
f 3815 3908 3816
f 3816 3908 3909
f 3816 3909 3817
f 3817 3909 3910
f 3817 3910 3818
f 3818 3910 3911
f 3818 3911 3819
f 3819 3911 3912
f 3819 3912 3820
f 3820 3912 3913
f 3820 3913 3821
f 3821 3913 2374
f 3821 2374 2369
f 2369 2374 2375
f 2369 2375 2370
f 2487 2489 2492
f 2492 2489 3914
f 2492 3914 3822
f 3822 3914 3915
f 3822 3915 3823
f 3823 3915 3916
f 3823 3916 3824
f 3824 3916 3917
f 3824 3917 3825
f 3825 3917 3918
f 3825 3918 3826
f 3826 3918 3919
f 3826 3919 3827
f 3827 3919 3920
f 3827 3920 3828
f 3828 3920 3921
f 3828 3921 3829
f 3829 3921 3922
f 3829 3922 3830
f 3830 3922 3923
f 3830 3923 3831
f 3831 3923 3924
f 3831 3924 3832
f 3832 3924 3925
f 3832 3925 3833
f 3833 3925 3926
f 3833 3926 3834
f 3834 3926 3927
f 3834 3927 3835
f 3835 3927 3928
f 3835 3928 3836
f 3836 3928 3929
f 3836 3929 3837
f 3837 3929 3930
f 3837 3930 3838
f 3838 3930 3931
f 3838 3931 3839
f 3839 3931 3932
f 3839 3932 3840
f 3840 3932 3933
f 3840 3933 3841
f 3841 3933 3934
f 3841 3934 3842
f 3842 3934 3935
f 3842 3935 3843
f 3843 3935 3936
f 3843 3936 3844
f 3844 3936 3937
f 3844 3937 3845
f 3845 3937 3938
f 3845 3938 3846
f 3846 3938 3939
f 3846 3939 3847
f 3847 3939 3940
f 3847 3940 3848
f 3848 3940 3941
f 3848 3941 3849
f 3849 3941 3942
f 3849 3942 3850
f 3850 3942 3943
f 3850 3943 3851
f 3851 3943 3944
f 3851 3944 3852
f 3852 3944 3945
f 3852 3945 3853
f 3853 3945 3946
f 3853 3946 3854
f 3854 3946 3947
f 3854 3947 3855
f 3855 3947 3948
f 3855 3948 3856
f 3856 3948 3949
f 3856 3949 3857
f 3857 3949 3950
f 3857 3950 3858
f 3858 3950 3951
f 3858 3951 3859
f 3859 3951 3952
f 3859 3952 3860
f 3860 3952 3953
f 3860 3953 3861
f 3861 3953 3954
f 3861 3954 3862
f 3862 3954 3955
f 3862 3955 3863
f 3863 3955 3956
f 3863 3956 3864
f 3864 3956 3957
f 3864 3957 3865
f 3865 3957 3958
f 3865 3958 3866
f 3866 3958 3959
f 3866 3959 3867
f 3867 3959 3960
f 3867 3960 3868
f 3868 3960 3961
f 3868 3961 3869
f 3869 3961 3962
f 3869 3962 3870
f 3870 3962 3963
f 3870 3963 3871
f 3871 3963 3964
f 3871 3964 3872
f 3872 3964 3965
f 3872 3965 3873
f 3873 3965 3966
f 3873 3966 3874
f 3874 3966 3967
f 3874 3967 3875
f 3875 3967 3968
f 3875 3968 3876
f 3876 3968 3969
f 3876 3969 3877
f 3877 3969 3970
f 3877 3970 3878
f 3878 3970 3971
f 3878 3971 3879
f 3879 3971 3972
f 3879 3972 3880
f 3880 3972 3973
f 3880 3973 3881
f 3881 3973 3974
f 3881 3974 3882
f 3882 3974 3975
f 3882 3975 3883
f 3883 3975 3976
f 3883 3976 3884
f 3884 3976 3977
f 3884 3977 3885
f 3885 3977 3978
f 3885 3978 3886
f 3886 3978 3979
f 3886 3979 3887
f 3887 3979 3980
f 3887 3980 3888
f 3888 3980 3981
f 3888 3981 3889
f 3889 3981 3982
f 3889 3982 3890
f 3890 3982 3983
f 3890 3983 3891
f 3891 3983 3984
f 3891 3984 3892
f 3892 3984 3985
f 3892 3985 3893
f 3893 3985 3986
f 3893 3986 3894
f 3894 3986 3987
f 3894 3987 3895
f 3895 3987 3988
f 3895 3988 3896
f 3896 3988 3989
f 3896 3989 3897
f 3897 3989 3990
f 3897 3990 3898
f 3898 3990 3991
f 3898 3991 3899
f 3899 3991 3992
f 3899 3992 3900
f 3900 3992 3993
f 3900 3993 3901
f 3901 3993 3994
f 3901 3994 3902
f 3902 3994 3995
f 3902 3995 3903
f 3903 3995 3996
f 3903 3996 3904
f 3904 3996 3997
f 3904 3997 3905
f 3905 3997 3998
f 3905 3998 3906
f 3906 3998 3999
f 3906 3999 3907
f 3907 3999 4000
f 3907 4000 3908
f 3908 4000 4001
f 3908 4001 3909
f 3909 4001 4002
f 3909 4002 3910
f 3910 4002 4003
f 3910 4003 3911
f 3911 4003 4004
f 3911 4004 3912
f 3912 4004 4005
f 3912 4005 3913
f 3913 4005 2378
f 3913 2378 2374
f 2374 2378 2379
f 2374 2379 2372
f 2484 2486 2489
f 2489 2486 4006
f 2489 4006 3914
f 3914 4006 4007
f 3914 4007 3915
f 3915 4007 4008
f 3915 4008 3916
f 3916 4008 4009
f 3916 4009 3917
f 3917 4009 4010
f 3917 4010 3918
f 3918 4010 4011
f 3918 4011 3919
f 3919 4011 4012
f 3919 4012 3920
f 3920 4012 4013
f 3920 4013 3921
f 3921 4013 4014
f 3921 4014 3922
f 3922 4014 4015
f 3922 4015 3923
f 3923 4015 4016
f 3923 4016 3924
f 3924 4016 4017
f 3924 4017 3925
f 3925 4017 4018
f 3925 4018 3926
f 3926 4018 4019
f 3926 4019 3927
f 3927 4019 4020
f 3927 4020 3928
f 3928 4020 4021
f 3928 4021 3929
f 3929 4021 4022
f 3929 4022 3930
f 3930 4022 4023
f 3930 4023 3931
f 3931 4023 4024
f 3931 4024 3932
f 3932 4024 4025
f 3932 4025 3933
f 3933 4025 4026
f 3933 4026 3934
f 3934 4026 4027
f 3934 4027 3935
f 3935 4027 4028
f 3935 4028 3936
f 3936 4028 4029
f 3936 4029 3937
f 3937 4029 4030
f 3937 4030 3938
f 3938 4030 4031
f 3938 4031 3939
f 3939 4031 4032
f 3939 4032 3940
f 3940 4032 4033
f 3940 4033 3941
f 3941 4033 4034
f 3941 4034 3942
f 3942 4034 4035
f 3942 4035 3943
f 3943 4035 4036
f 3943 4036 3944
f 3944 4036 4037
f 3944 4037 3945
f 3945 4037 4038
f 3945 4038 3946
f 3946 4038 4039
f 3946 4039 3947
f 3947 4039 4040
f 3947 4040 3948
f 3948 4040 4041
f 3948 4041 3949
f 3949 4041 4042
f 3949 4042 3950
f 3950 4042 4043
f 3950 4043 3951
f 3951 4043 4044
f 3951 4044 3952
f 3952 4044 4045
f 3952 4045 3953
f 3953 4045 4046
f 3953 4046 3954
f 3954 4046 4047
f 3954 4047 3955
f 3955 4047 4048
f 3955 4048 3956
f 3956 4048 4049
f 3956 4049 3957
f 3957 4049 4050
f 3957 4050 3958
f 3958 4050 4051
f 3958 4051 3959
f 3959 4051 4052
f 3959 4052 3960
f 3960 4052 4053
f 3960 4053 3961
f 3961 4053 4054
f 3961 4054 3962
f 3962 4054 4055
f 3962 4055 3963
f 3963 4055 4056
f 3963 4056 3964
f 3964 4056 4057
f 3964 4057 3965
f 3965 4057 4058
f 3965 4058 3966
f 3966 4058 4059
f 3966 4059 3967
f 3967 4059 4060
f 3967 4060 3968
f 3968 4060 4061
f 3968 4061 3969
f 3969 4061 4062
f 3969 4062 3970
f 3970 4062 4063
f 3970 4063 3971
f 3971 4063 4064
f 3971 4064 3972
f 3972 4064 4065
f 3972 4065 3973
f 3973 4065 4066
f 3973 4066 3974
f 3974 4066 4067
f 3974 4067 3975
f 3975 4067 4068
f 3975 4068 3976
f 3976 4068 4069
f 3976 4069 3977
f 3977 4069 4070
f 3977 4070 3978
f 3978 4070 4071
f 3978 4071 3979
f 3979 4071 4072
f 3979 4072 3980
f 3980 4072 4073
f 3980 4073 3981
f 3981 4073 4074
f 3981 4074 3982
f 3982 4074 4075
f 3982 4075 3983
f 3983 4075 4076
f 3983 4076 3984
f 3984 4076 4077
f 3984 4077 3985
f 3985 4077 4078
f 3985 4078 3986
f 3986 4078 4079
f 3986 4079 3987
f 3987 4079 4080
f 3987 4080 3988
f 3988 4080 4081
f 3988 4081 3989
f 3989 4081 4082
f 3989 4082 3990
f 3990 4082 4083
f 3990 4083 3991
f 3991 4083 4084
f 3991 4084 3992
f 3992 4084 4085
f 3992 4085 3993
f 3993 4085 4086
f 3993 4086 3994
f 3994 4086 4087
f 3994 4087 3995
f 3995 4087 4088
f 3995 4088 3996
f 3996 4088 4089
f 3996 4089 3997
f 3997 4089 4090
f 3997 4090 3998
f 3998 4090 4091
f 3998 4091 3999
f 3999 4091 4092
f 3999 4092 4000
f 4000 4092 4093
f 4000 4093 4001
f 4001 4093 4094
f 4001 4094 4002
f 4002 4094 4095
f 4002 4095 4003
f 4003 4095 4096
f 4003 4096 4004
f 4004 4096 4097
f 4004 4097 4005
f 4005 4097 2382
f 4005 2382 2378
f 2378 2382 2383
f 2378 2383 2376
f 2481 2483 2486
f 2486 2483 4098
f 2486 4098 4006
f 4006 4098 4099
f 4006 4099 4007
f 4007 4099 4100
f 4007 4100 4008
f 4008 4100 4101
f 4008 4101 4009
f 4009 4101 4102
f 4009 4102 4010
f 4010 4102 4103
f 4010 4103 4011
f 4011 4103 4104
f 4011 4104 4012
f 4012 4104 4105
f 4012 4105 4013
f 4013 4105 4106
f 4013 4106 4014
f 4014 4106 4107
f 4014 4107 4015
f 4015 4107 4108
f 4015 4108 4016
f 4016 4108 4109
f 4016 4109 4017
f 4017 4109 4110
f 4017 4110 4018
f 4018 4110 4111
f 4018 4111 4019
f 4019 4111 4112
f 4019 4112 4020
f 4020 4112 4113
f 4020 4113 4021
f 4021 4113 4114
f 4021 4114 4022
f 4022 4114 4115
f 4022 4115 4023
f 4023 4115 4116
f 4023 4116 4024
f 4024 4116 4117
f 4024 4117 4025
f 4025 4117 4118
f 4025 4118 4026
f 4026 4118 4119
f 4026 4119 4027
f 4027 4119 4120
f 4027 4120 4028
f 4028 4120 4121
f 4028 4121 4029
f 4029 4121 4122
f 4029 4122 4030
f 4030 4122 4123
f 4030 4123 4031
f 4031 4123 4124
f 4031 4124 4032
f 4032 4124 4125
f 4032 4125 4033
f 4033 4125 4126
f 4033 4126 4034
f 4034 4126 4127
f 4034 4127 4035
f 4035 4127 4128
f 4035 4128 4036
f 4036 4128 4129
f 4036 4129 4037
f 4037 4129 4130
f 4037 4130 4038
f 4038 4130 4131
f 4038 4131 4039
f 4039 4131 4132
f 4039 4132 4040
f 4040 4132 4133
f 4040 4133 4041
f 4041 4133 4134
f 4041 4134 4042
f 4042 4134 4135
f 4042 4135 4043
f 4043 4135 4136
f 4043 4136 4044
f 4044 4136 4137
f 4044 4137 4045
f 4045 4137 4138
f 4045 4138 4046
f 4046 4138 4139
f 4046 4139 4047
f 4047 4139 4140
f 4047 4140 4048
f 4048 4140 4141
f 4048 4141 4049
f 4049 4141 4142
f 4049 4142 4050
f 4050 4142 4143
f 4050 4143 4051
f 4051 4143 4144
f 4051 4144 4052
f 4052 4144 4145
f 4052 4145 4053
f 4053 4145 4146
f 4053 4146 4054
f 4054 4146 4147
f 4054 4147 4055
f 4055 4147 4148
f 4055 4148 4056
f 4056 4148 4149
f 4056 4149 4057
f 4057 4149 4150
f 4057 4150 4058
f 4058 4150 4151
f 4058 4151 4059
f 4059 4151 4152
f 4059 4152 4060
f 4060 4152 4153
f 4060 4153 4061
f 4061 4153 4154
f 4061 4154 4062
f 4062 4154 4155
f 4062 4155 4063
f 4063 4155 4156
f 4063 4156 4064
f 4064 4156 4157
f 4064 4157 4065
f 4065 4157 4158
f 4065 4158 4066
f 4066 4158 4159
f 4066 4159 4067
f 4067 4159 4160
f 4067 4160 4068
f 4068 4160 4161
f 4068 4161 4069
f 4069 4161 4162
f 4069 4162 4070
f 4070 4162 4163
f 4070 4163 4071
f 4071 4163 4164
f 4071 4164 4072
f 4072 4164 4165
f 4072 4165 4073
f 4073 4165 4166
f 4073 4166 4074
f 4074 4166 4167
f 4074 4167 4075
f 4075 4167 4168
f 4075 4168 4076
f 4076 4168 4169
f 4076 4169 4077
f 4077 4169 4170
f 4077 4170 4078
f 4078 4170 4171
f 4078 4171 4079
f 4079 4171 4172
f 4079 4172 4080
f 4080 4172 4173
f 4080 4173 4081
f 4081 4173 4174
f 4081 4174 4082
f 4082 4174 4175
f 4082 4175 4083
f 4083 4175 4176
f 4083 4176 4084
f 4084 4176 4177
f 4084 4177 4085
f 4085 4177 4178
f 4085 4178 4086
f 4086 4178 4179
f 4086 4179 4087
f 4087 4179 4180
f 4087 4180 4088
f 4088 4180 4181
f 4088 4181 4089
f 4089 4181 4182
f 4089 4182 4090
f 4090 4182 4183
f 4090 4183 4091
f 4091 4183 4184
f 4091 4184 4092
f 4092 4184 4185
f 4092 4185 4093
f 4093 4185 4186
f 4093 4186 4094
f 4094 4186 4187
f 4094 4187 4095
f 4095 4187 4188
f 4095 4188 4096
f 4096 4188 4189
f 4096 4189 4097
f 4097 4189 2386
f 4097 2386 2382
f 2382 2386 2387
f 2382 2387 2380
f 2316 2318 2483
f 2483 2318 2480
f 2483 2480 4098
f 4098 2480 2479
f 4098 2479 4099
f 4099 2479 2478
f 4099 2478 4100
f 4100 2478 2477
f 4100 2477 4101
f 4101 2477 2476
f 4101 2476 4102
f 4102 2476 2475
f 4102 2475 4103
f 4103 2475 2473
f 4103 2473 4104
f 4104 2473 2474
f 4104 2474 4105
f 4105 2474 2472
f 4105 2472 4106
f 4106 2472 2471
f 4106 2471 4107
f 4107 2471 2470
f 4107 2470 4108
f 4108 2470 2469
f 4108 2469 4109
f 4109 2469 2468
f 4109 2468 4110
f 4110 2468 2467
f 4110 2467 4111
f 4111 2467 2466
f 4111 2466 4112
f 4112 2466 2465
f 4112 2465 4113
f 4113 2465 2464
f 4113 2464 4114
f 4114 2464 2462
f 4114 2462 4115
f 4115 2462 2463
f 4115 2463 4116
f 4116 2463 2461
f 4116 2461 4117
f 4117 2461 2460
f 4117 2460 4118
f 4118 2460 2459
f 4118 2459 4119
f 4119 2459 2458
f 4119 2458 4120
f 4120 2458 2457
f 4120 2457 4121
f 4121 2457 2456
f 4121 2456 4122
f 4122 2456 2455
f 4122 2455 4123
f 4123 2455 2454
f 4123 2454 4124
f 4124 2454 2453
f 4124 2453 4125
f 4125 2453 2452
f 4125 2452 4126
f 4126 2452 2451
f 4126 2451 4127
f 4127 2451 2450
f 4127 2450 4128
f 4128 2450 2449
f 4128 2449 4129
f 4129 2449 2447
f 4129 2447 4130
f 4130 2447 2448
f 4130 2448 4131
f 4131 2448 2446
f 4131 2446 4132
f 4132 2446 2445
f 4132 2445 4133
f 4133 2445 2444
f 4133 2444 4134
f 4134 2444 2443
f 4134 2443 4135
f 4135 2443 2442
f 4135 2442 4136
f 4136 2442 2441
f 4136 2441 4137
f 4137 2441 2440
f 4137 2440 4138
f 4138 2440 2439
f 4138 2439 4139
f 4139 2439 2437
f 4139 2437 4140
f 4140 2437 2438
f 4140 2438 4141
f 4141 2438 2436
f 4141 2436 4142
f 4142 2436 2435
f 4142 2435 4143
f 4143 2435 2434
f 4143 2434 4144
f 4144 2434 2433
f 4144 2433 4145
f 4145 2433 2432
f 4145 2432 4146
f 4146 2432 2431
f 4146 2431 4147
f 4147 2431 2430
f 4147 2430 4148
f 4148 2430 2429
f 4148 2429 4149
f 4149 2429 2428
f 4149 2428 4150
f 4150 2428 2427
f 4150 2427 4151
f 4151 2427 2426
f 4151 2426 4152
f 4152 2426 2425
f 4152 2425 4153
f 4153 2425 2424
f 4153 2424 4154
f 4154 2424 2319
f 4154 2319 4155
f 4155 2319 2423
f 4155 2423 4156
f 4156 2423 2422
f 4156 2422 4157
f 4157 2422 2421
f 4157 2421 4158
f 4158 2421 2420
f 4158 2420 4159
f 4159 2420 2419
f 4159 2419 4160
f 4160 2419 2418
f 4160 2418 4161
f 4161 2418 2417
f 4161 2417 4162
f 4162 2417 2416
f 4162 2416 4163
f 4163 2416 2415
f 4163 2415 4164
f 4164 2415 2414
f 4164 2414 4165
f 4165 2414 2413
f 4165 2413 4166
f 4166 2413 2412
f 4166 2412 4167
f 4167 2412 2320
f 4167 2320 4168
f 4168 2320 2411
f 4168 2411 4169
f 4169 2411 2410
f 4169 2410 4170
f 4170 2410 2409
f 4170 2409 4171
f 4171 2409 2408
f 4171 2408 4172
f 4172 2408 2407
f 4172 2407 4173
f 4173 2407 2406
f 4173 2406 4174
f 4174 2406 2405
f 4174 2405 4175
f 4175 2405 2404
f 4175 2404 4176
f 4176 2404 2403
f 4176 2403 4177
f 4177 2403 2402
f 4177 2402 4178
f 4178 2402 2401
f 4178 2401 4179
f 4179 2401 2400
f 4179 2400 4180
f 4180 2400 2321
f 4180 2321 4181
f 4181 2321 2399
f 4181 2399 4182
f 4182 2399 2398
f 4182 2398 4183
f 4183 2398 2397
f 4183 2397 4184
f 4184 2397 2396
f 4184 2396 4185
f 4185 2396 2395
f 4185 2395 4186
f 4186 2395 2394
f 4186 2394 4187
f 4187 2394 2393
f 4187 2393 4188
f 4188 2393 2392
f 4188 2392 4189
f 4189 2392 2388
f 4189 2388 2386
f 2386 2388 2390
f 2386 2390 2384
f 4190 4191 4192
f 4193 4194 4195
f 4196 4197 4198
f 4199 4200 4201
f 4202 4203 4204
f 4205 4206 4207
f 4208 4209 4210
f 4211 4212 4213
f 4213 4212 4214
f 4215 4216 4217
f 4218 4219 4220
f 4221 4222 4223
f 4224 4225 4226
f 4227 4228 4229
f 4230 4231 4232
f 315 314 4233
f 310 309 4234
f 13 302 4235
f 4236 4237 4238
f 4239 4240 4241
f 4242 4243 4244
f 4245 4246 4247
f 283 282 4248
f 279 278 4249
f 225 223 4250
f 222 231 4251
f 219 218 4252
f 4253 221 220
f 4254 4255 377
f 356 363 4256
f 4257 4258 4259
f 814 813 4260
f 4261 4262 4263
f 4264 4265 4266
f 4267 4268 4269
f 4270 4271 4272
f 4273 4274 4275
f 861 788 4276
f 4277 4278 4279
f 4280 4281 4282
f 4283 4284 4285
f 4286 4287 4288
f 4289 4290 4291
f 4292 4293 4294
f 4295 4296 4297
f 4298 4299 4300
f 4301 4302 4303
f 4304 4305 4306
f 4307 4308 4309
f 4310 4311 4312
f 4313 4314 4315
f 4316 4317 4318
f 4319 4320 4321
f 4322 4323 4324
f 4325 4326 4327
f 4328 4329 4330
f 4331 4332 4333
f 4333 4332 4334
f 4335 4336 4337
f 4338 4339 4340
f 4341 4342 4343
f 4344 4345 4346
f 534 533 4347
f 4348 4349 4350
f 4351 4352 4353
f 4354 4355 4356
f 4357 4358 4359
f 4360 4361 4362
f 4360 4362 4363
f 4363 4362 4364
f 4364 4362 4365
f 4364 4365 4366
f 4367 4368 4365
f 4365 4368 4369
f 4365 4369 4366
f 4370 4371 4372
f 4373 4374 4370
f 4370 4374 4375
f 4370 4375 4376
f 4376 4377 4370
f 4370 4377 4378
f 4370 4378 4371
f 4379 4380 4373
f 4373 4380 4381
f 4373 4381 4374
f 4374 4381 4382
f 4374 4382 4375
f 4383 4384 4385
f 4385 4386 4383
f 4383 4386 4387
f 4383 4387 4388
f 4389 4390 4391
f 4389 4391 4191
f 4391 4392 4191
f 4191 4392 4393
f 4191 4393 4394
f 4395 4396 4397
f 4397 4396 4398
f 4397 4398 4389
f 4389 4398 4399
f 4389 4399 4390
f 4400 4401 4402
f 4402 4401 4403
f 4402 4403 4397
f 4397 4403 4404
f 4397 4404 4395
f 4405 4406 4407
f 4407 4406 4408
f 4407 4408 4402
f 4402 4408 4409
f 4402 4409 4400
f 4410 4411 4412
f 4412 4411 4413
f 4412 4413 4407
f 4407 4413 4414
f 4407 4414 4405
f 4415 4416 4417
f 4415 4417 4418
f 4416 4419 4417
f 4417 4419 4420
f 4417 4420 4359
f 4359 4420 4421
f 4359 4421 4357
f 4422 4423 4424
f 4424 4423 4425
f 4424 4425 4426
f 4427 4428 4429
f 4429 4430 4427
f 4427 4430 4431
f 4427 4431 4424
f 4424 4431 4432
f 4424 4432 4422
f 4433 4434 4435
f 4435 4434 4436
f 4428 4427 4436
f 4436 4427 4437
f 4436 4437 4435
f 4438 4439 4433
f 4355 4440 4356
f 4356 4440 4441
f 4356 4441 4433
f 4433 4441 4442
f 4433 4442 4438
f 4439 4443 4433
f 4433 4443 4444
f 4433 4444 4434
f 4445 4446 4447
f 4447 4446 4448
f 4447 4448 4449
f 4450 4451 4448
f 4448 4451 4452
f 4452 4453 4448
f 4448 4453 4454
f 4448 4454 4449
f 4455 4456 4450
f 4450 4456 4457
f 4450 4457 4458
f 4458 4459 4450
f 4450 4459 4460
f 4450 4460 4451
f 4461 4462 4455
f 4455 4462 4463
f 4455 4463 4456
f 4461 4464 4465
f 4465 4466 4461
f 4461 4466 4467
f 4461 4467 4462
f 4468 4469 4470
f 4470 4469 4471
f 4470 4471 4472
f 4472 4471 4473
f 4473 4471 4474
f 4473 4474 4475
f 4476 4477 4474
f 4474 4477 4478
f 4474 4478 4475
f 4352 4479 4353
f 4353 4479 4480
f 4353 4480 4476
f 4476 4480 4481
f 4476 4481 4477
f 4351 4353 4482
f 4482 4353 4483
f 4482 4483 4484
f 4485 4486 4483
f 4483 4486 4487
f 4483 4487 4484
f 4488 4489 4490
f 4490 4489 4491
f 4490 4491 4485
f 4485 4491 4492
f 4485 4492 4486
f 4493 4494 4256
f 4256 4494 4495
f 4256 4495 4496
f 4497 4498 4499
f 4497 4499 4500
f 4500 4499 4501
f 4500 4501 4502
f 4503 4504 4505
f 4505 4504 4506
f 4505 4506 4497
f 4497 4506 4507
f 4497 4507 4498
f 4508 4509 4503
f 4510 4511 4255
f 4255 4511 4508
f 4508 4511 4512
f 4508 4512 4509
f 4513 4514 4515
f 4515 4514 4516
f 4515 4516 4254
f 4254 4516 4517
f 4254 4517 4255
f 4255 4517 4518
f 4255 4518 4510
f 4519 4520 4521
f 4521 4520 4513
f 4522 4523 4524
f 4524 4523 4525
f 4524 4525 4519
f 4526 4527 4522
f 4522 4527 4528
f 4522 4528 4523
f 4529 4530 4531
f 4531 4530 4532
f 4531 4532 4526
f 4526 4532 4533
f 4526 4533 4527
f 4534 4535 4529
f 4529 4535 4536
f 4529 4536 4530
f 4537 4538 4534
f 4534 4538 4539
f 4534 4539 4535
f 4540 4541 4537
f 4537 4541 4542
f 4537 4542 4538
f 4543 4544 4540
f 4540 4544 4545
f 4540 4545 4541
f 4546 4547 4543
f 4543 4547 4548
f 4543 4548 4544
f 4549 4550 4546
f 4546 4550 4551
f 4546 4551 4547
f 4552 4553 4549
f 4549 4553 4554
f 4549 4554 4550
f 4555 4556 4557
f 4557 4556 4558
f 4557 4558 4552
f 4552 4558 4559
f 4552 4559 4553
f 4349 4560 4350
f 4350 4560 4561
f 4350 4561 4562
f 4562 4561 4563
f 4562 4563 4564
f 4564 4563 4565
f 4564 4565 4557
f 4557 4565 4566
f 4557 4566 4555
f 4348 4350 4567
f 4567 4350 4568
f 4567 4568 4569
f 4569 4568 4570
f 4570 4568 4571
f 4570 4571 4572
f 4573 4574 4571
f 4571 4574 4575
f 4571 4575 4572
f 4576 4577 4578
f 4578 4577 4579
f 4578 4579 4571
f 4571 4579 4580
f 4571 4580 4573
f 4581 4582 4583
f 4583 4582 4584
f 4584 4585 4583
f 4583 4585 4586
f 4583 4586 4587
f 4588 4581 4589
f 4589 4581 4590
f 4588 4591 4581
f 4581 4591 4592
f 4581 4592 4582
f 4593 4594 436
f 436 4594 4590
f 436 4590 437
f 437 4590 4581
f 437 4581 438
f 442 4595 4596
f 442 4596 444
f 444 4596 4597
f 444 4597 445
f 445 4597 4598
f 445 4598 436
f 436 4598 4599
f 436 4599 4593
f 439 450 4600
f 4600 4601 439
f 439 4601 4602
f 439 4602 440
f 440 4602 4603
f 440 4603 442
f 442 4603 4604
f 442 4604 4595
f 447 446 4605
f 4605 4606 447
f 447 4606 4607
f 447 4607 449
f 449 4607 4608
f 449 4608 450
f 450 4608 4609
f 450 4609 4600
f 451 4610 446
f 446 4610 4611
f 446 4611 4605
f 454 4612 4613
f 454 4613 455
f 4613 4614 455
f 455 4614 4615
f 455 4615 456
f 456 4615 4616
f 456 4616 453
f 453 4616 4617
f 453 4617 451
f 451 4617 4618
f 451 4618 4610
f 1 460 4619
f 4612 454 4619
f 4619 454 2
f 4619 2 1
f 4620 4621 4347
f 4347 4621 4622
f 4347 4622 534
f 4623 4624 4625
f 4625 4624 4626
f 4625 4626 4620
f 4620 4626 4627
f 4620 4627 4621
f 4628 4629 4630
f 4630 4629 4631
f 4630 4631 4632
f 4632 4631 4633
f 4632 4633 4634
f 4634 4633 4635
f 4634 4635 4636
f 4636 4635 4637
f 4636 4637 4638
f 4638 4637 4639
f 4638 4639 4640
f 4640 4639 4641
f 4640 4641 4642
f 4642 4641 4643
f 4642 4643 4644
f 4645 4646 4647
f 4647 4646 4648
f 4647 4648 4628
f 4628 4648 4649
f 4628 4649 4629
f 4650 4651 4645
f 4645 4651 4652
f 4652 4653 4645
f 4645 4653 4654
f 4645 4654 4646
f 4257 4655 4258
f 4258 4655 4656
f 4258 4656 4259
f 4259 4656 4657
f 4259 4657 4650
f 4650 4657 4658
f 4650 4658 4651
f 4659 4660 4661
f 4661 4660 4662
f 4661 4662 4257
f 4257 4662 4663
f 4257 4663 4655
f 4664 4665 4659
f 4659 4665 4666
f 4659 4666 4660
f 4345 4344 4667
f 4262 4668 4346
f 4346 4668 4669
f 4346 4669 4344
f 4670 4671 4261
f 4261 4671 4672
f 4261 4672 4262
f 4262 4672 4673
f 4262 4673 4668
f 4340 4339 4674
f 4674 4339 4675
f 4674 4675 4676
f 4676 4675 4677
f 4676 4677 4678
f 4679 4680 4681
f 4681 4680 4682
f 4681 4682 4683
f 4683 4682 4335
f 4684 4685 4686
f 4686 4685 4687
f 4686 4687 4681
f 4681 4687 4688
f 4681 4688 4679
f 4689 4690 4691
f 4329 4331 4330
f 4330 4331 4333
f 4330 4333 4692
f 4690 4689 4693
f 4693 4689 4694
f 4693 4694 4695
f 4695 4694 4696
f 4695 4696 4697
f 4698 4328 4699
f 4699 4328 4330
f 4699 4330 4700
f 4700 4330 4692
f 4700 4692 4701
f 4209 4208 4702
f 4702 4208 4703
f 4702 4703 4704
f 4704 4703 4705
f 4704 4705 4706
f 4706 4705 4707
f 4706 4707 4708
f 4326 4698 4327
f 4327 4698 4699
f 4327 4699 4709
f 4709 4699 4700
f 4709 4700 4710
f 4710 4700 4701
f 4710 4701 4711
f 4696 4712 4697
f 4697 4712 4713
f 4697 4713 4714
f 4715 4716 4316
f 4717 4320 4718
f 4718 4320 4319
f 4718 4319 4318
f 4318 4317 4718
f 4718 4317 4719
f 4718 4719 4717
f 4720 4314 4721
f 4721 4314 4313
f 4721 4313 4722
f 4719 4722 4717
f 4717 4722 4313
f 4717 4313 4320
f 4320 4313 4315
f 4320 4315 4321
f 4321 4315 4723
f 4321 4723 4724
f 4724 4723 4725
f 4724 4725 4726
f 4726 4725 4300
f 4726 4300 4727
f 4727 4300 4299
f 4728 4729 4730
f 4730 4729 4731
f 4731 4729 4732
f 4731 4732 4733
f 4733 4732 4734
f 4733 4734 4735
f 4736 4737 4738
f 4738 4737 4739
f 4738 4739 4740
f 4734 4736 4735
f 4735 4736 4738
f 4735 4738 4741
f 4741 4738 4740
f 4741 4740 4742
f 4311 4310 4743
f 4743 4310 4744
f 4743 4744 4745
f 4745 4744 4746
f 4745 4746 4747
f 4747 4746 4748
f 4747 4748 4749
f 4749 4748 4750
f 4749 4750 4751
f 4751 4750 4752
f 4751 4752 4753
f 4323 4325 4324
f 4324 4325 4327
f 4324 4327 4754
f 4754 4327 4709
f 4754 4709 4753
f 4753 4709 4710
f 4753 4710 4751
f 4751 4710 4711
f 4751 4711 4749
f 4749 4711 4755
f 4749 4755 4747
f 4747 4755 4756
f 4747 4756 4745
f 4745 4756 4757
f 4745 4757 4743
f 4743 4757 4758
f 4743 4758 4311
f 4311 4758 4759
f 4311 4759 4312
f 4760 4761 4762
f 4762 4761 4307
f 4307 4309 4762
f 4762 4309 4763
f 4762 4763 4760
f 4308 4304 4764
f 4305 4301 4765
f 4308 4764 4309
f 4309 4764 4766
f 4309 4766 4763
f 4763 4766 4767
f 4763 4767 4768
f 4304 4306 4764
f 4764 4306 4769
f 4764 4769 4766
f 4766 4769 4770
f 4766 4770 4767
f 4767 4770 4771
f 4767 4771 4768
f 4772 4773 4771
f 4771 4773 4774
f 4771 4774 4768
f 4305 4765 4306
f 4306 4765 4775
f 4306 4775 4769
f 4769 4775 4776
f 4769 4776 4770
f 4770 4776 4777
f 4770 4777 4771
f 4771 4777 4778
f 4771 4778 4772
f 4301 4303 4765
f 4765 4303 4779
f 4765 4779 4775
f 4775 4779 4780
f 4775 4780 4776
f 4776 4780 4781
f 4776 4781 4777
f 4777 4781 4782
f 4777 4782 4778
f 4778 4782 4783
f 4778 4783 4772
f 4720 4289 4314
f 4314 4289 4291
f 4314 4291 4315
f 4315 4291 4784
f 4315 4784 4723
f 4723 4784 4785
f 4723 4785 4725
f 4725 4785 4786
f 4725 4786 4300
f 4300 4786 4297
f 4300 4297 4298
f 4298 4297 4296
f 4316 4716 4317
f 4317 4716 4787
f 4317 4787 4719
f 4719 4787 4788
f 4719 4788 4722
f 4722 4788 4789
f 4722 4789 4721
f 4721 4789 4790
f 4721 4790 4720
f 4720 4790 4791
f 4720 4791 4289
f 4289 4791 4792
f 4289 4792 4290
f 4793 4287 4794
f 4794 4287 4286
f 4794 4286 4795
f 4792 4795 4290
f 4290 4795 4286
f 4290 4286 4291
f 4291 4286 4288
f 4291 4288 4784
f 4784 4288 4796
f 4784 4796 4785
f 4785 4796 4797
f 4785 4797 4786
f 4786 4797 4798
f 4786 4798 4297
f 4297 4798 4294
f 4297 4294 4295
f 4295 4294 4293
f 4793 4283 4287
f 4287 4283 4285
f 4287 4285 4288
f 4288 4285 4799
f 4288 4799 4796
f 4796 4799 4800
f 4796 4800 4797
f 4797 4800 4801
f 4797 4801 4798
f 4798 4801 4802
f 4798 4802 4294
f 4294 4802 4803
f 4294 4803 4292
f 4292 4803 4804
f 4805 4284 4806
f 4806 4284 4283
f 4806 4283 4807
f 4807 4283 4793
f 4807 4793 4808
f 4808 4793 4794
f 4808 4794 4809
f 4809 4794 4795
f 4809 4795 4810
f 4810 4795 4792
f 4810 4792 4811
f 4811 4792 4791
f 4811 4791 4812
f 4812 4791 4790
f 4812 4790 4813
f 4813 4790 4789
f 4813 4789 4814
f 4814 4789 4788
f 4814 4788 4815
f 4815 4788 4787
f 4815 4787 4816
f 4816 4787 4716
f 4816 4716 4817
f 4817 4716 4715
f 4817 4715 4818
f 4277 4279 4819
f 858 4820 850
f 850 4820 4821
f 858 857 4820
f 4820 857 860
f 4820 860 4822
f 4822 860 859
f 4822 859 4276
f 4276 859 862
f 4276 862 861
f 856 855 4823
f 4823 855 4824
f 4825 4826 842
f 4276 4827 4822
f 4822 4827 4828
f 4822 4828 4820
f 4820 4828 4829
f 4820 4829 4821
f 4821 4829 4830
f 4821 4830 4824
f 4824 4830 4831
f 4824 4831 4823
f 4823 4831 4832
f 4823 4832 4825
f 4825 4832 4833
f 4825 4833 4826
f 4826 4833 4834
f 4826 4834 4835
f 842 845 4825
f 4825 845 847
f 4825 847 4823
f 4823 847 848
f 4823 848 856
f 855 853 4824
f 4824 853 852
f 4824 852 4821
f 4821 852 851
f 4821 851 850
f 4805 4273 4284
f 4284 4273 4275
f 4284 4275 4285
f 4285 4275 4836
f 4285 4836 4799
f 4799 4836 4837
f 4799 4837 4800
f 4800 4837 4838
f 4800 4838 4801
f 4801 4838 4839
f 4801 4839 4802
f 4802 4839 4840
f 4802 4840 4803
f 4803 4840 4282
f 4803 4282 4804
f 4804 4282 4281
f 4841 4274 4842
f 4842 4274 4273
f 4842 4273 4843
f 4843 4273 4805
f 4843 4805 4844
f 4844 4805 4806
f 4844 4806 4845
f 4845 4806 4807
f 4845 4807 4846
f 4846 4807 4808
f 4846 4808 4847
f 4847 4808 4809
f 4847 4809 4848
f 4848 4809 4810
f 4848 4810 4849
f 4849 4810 4811
f 4849 4811 4850
f 4850 4811 4812
f 4850 4812 4851
f 4851 4812 4813
f 4851 4813 4852
f 4852 4813 4814
f 4852 4814 4853
f 4853 4814 4815
f 4853 4815 4854
f 4854 4815 4816
f 4854 4816 4855
f 4855 4816 4817
f 4855 4817 4856
f 4856 4817 4818
f 4856 4818 4857
f 4858 4859 4860
f 4860 4859 4861
f 4860 4861 4862
f 4862 4861 4863
f 4862 4863 4864
f 4864 4863 4865
f 4864 4865 4866
f 4866 4865 4867
f 4866 4867 4868
f 4868 4867 4869
f 4868 4869 4870
f 4870 4869 4871
f 4870 4871 4872
f 4872 4871 4873
f 4872 4873 4874
f 4874 4873 4271
f 4874 4271 4875
f 4875 4271 4270
f 4875 4270 4266
f 4272 4271 4876
f 4876 4271 4873
f 4876 4873 4877
f 4877 4873 4871
f 4877 4871 4878
f 4878 4871 4869
f 4878 4869 4879
f 4879 4869 4867
f 4879 4867 4880
f 4880 4867 4865
f 4880 4865 4881
f 4881 4865 4863
f 4881 4863 4882
f 4882 4863 4861
f 4882 4861 4783
f 4783 4861 4859
f 4783 4859 4772
f 4772 4859 4858
f 4772 4858 4773
f 4883 4884 4885
f 4885 4884 4886
f 4885 4886 4302
f 4302 4886 4887
f 4302 4887 4303
f 4303 4887 4888
f 4303 4888 4779
f 4779 4888 4889
f 4779 4889 4780
f 4780 4889 4890
f 4780 4890 4781
f 4781 4890 4891
f 4781 4891 4782
f 4782 4891 4892
f 4782 4892 4783
f 4783 4892 4893
f 4783 4893 4882
f 4882 4893 4894
f 4882 4894 4881
f 4881 4894 4895
f 4881 4895 4880
f 4880 4895 4896
f 4880 4896 4879
f 4879 4896 4897
f 4879 4897 4878
f 4878 4897 4898
f 4878 4898 4877
f 4877 4898 4899
f 4877 4899 4876
f 4876 4899 4900
f 4876 4900 4272
f 4884 4901 4886
f 4886 4901 4902
f 4886 4902 4887
f 4887 4902 4903
f 4887 4903 4888
f 4888 4903 4904
f 4888 4904 4889
f 4889 4904 4905
f 4889 4905 4890
f 4890 4905 4906
f 4890 4906 4891
f 4891 4906 4907
f 4891 4907 4892
f 4892 4907 4908
f 4892 4908 4893
f 4893 4908 4909
f 4893 4909 4894
f 4894 4909 4910
f 4894 4910 4895
f 4895 4910 4911
f 4895 4911 4896
f 4896 4911 4912
f 4896 4912 4897
f 4897 4912 4913
f 4897 4913 4898
f 4898 4913 4914
f 4898 4914 4899
f 4899 4914 4915
f 4899 4915 4900
f 4266 4265 4875
f 4875 4265 4916
f 4875 4916 4874
f 4874 4916 4917
f 4874 4917 4872
f 4872 4917 4918
f 4872 4918 4870
f 4870 4918 4919
f 4870 4919 4868
f 4868 4919 4920
f 4868 4920 4866
f 4866 4920 4921
f 4866 4921 4864
f 4864 4921 4922
f 4864 4922 4862
f 4862 4922 4923
f 4862 4923 4860
f 4860 4923 4924
f 4860 4924 4858
f 4858 4924 4925
f 4858 4925 4773
f 4773 4925 4926
f 4773 4926 4774
f 4774 4926 4927
f 4774 4927 4768
f 4768 4927 4928
f 4768 4928 4763
f 4763 4928 4929
f 4763 4929 4760
f 4841 4267 4274
f 4274 4267 4269
f 4274 4269 4275
f 4275 4269 4930
f 4275 4930 4836
f 4836 4930 4931
f 4836 4931 4837
f 4837 4931 4932
f 4837 4932 4838
f 4838 4932 4933
f 4838 4933 4839
f 4839 4933 4934
f 4839 4934 4840
f 4840 4934 4935
f 4840 4935 4282
f 4282 4935 4279
f 4282 4279 4280
f 4280 4279 4278
f 4936 4268 4937
f 4937 4268 4267
f 4937 4267 4938
f 4938 4267 4841
f 4938 4841 4939
f 4939 4841 4842
f 4939 4842 4940
f 4940 4842 4843
f 4940 4843 4941
f 4941 4843 4844
f 4941 4844 4942
f 4942 4844 4845
f 4942 4845 4943
f 4943 4845 4846
f 4943 4846 4944
f 4944 4846 4847
f 4944 4847 4945
f 4945 4847 4848
f 4945 4848 4946
f 4946 4848 4849
f 4946 4849 4947
f 4947 4849 4850
f 4947 4850 4948
f 4948 4850 4851
f 4948 4851 4949
f 4949 4851 4852
f 4949 4852 4950
f 4950 4852 4853
f 4950 4853 4951
f 4951 4853 4854
f 4951 4854 4952
f 4952 4854 4855
f 4952 4855 4953
f 4953 4855 4856
f 4953 4856 4954
f 4954 4856 4857
f 4857 4955 4954
f 4954 4955 4761
f 4954 4761 4953
f 4953 4761 4760
f 4953 4760 4952
f 4952 4760 4929
f 4952 4929 4951
f 4951 4929 4928
f 4951 4928 4950
f 4950 4928 4927
f 4950 4927 4949
f 4949 4927 4926
f 4949 4926 4948
f 4948 4926 4925
f 4948 4925 4947
f 4947 4925 4924
f 4947 4924 4946
f 4946 4924 4923
f 4946 4923 4945
f 4945 4923 4922
f 4945 4922 4944
f 4944 4922 4921
f 4944 4921 4943
f 4943 4921 4920
f 4943 4920 4942
f 4942 4920 4919
f 4942 4919 4941
f 4941 4919 4918
f 4941 4918 4940
f 4940 4918 4917
f 4940 4917 4939
f 4939 4917 4916
f 4939 4916 4938
f 4938 4916 4265
f 4938 4265 4937
f 4937 4265 4264
f 4937 4264 4936
f 4956 4957 4958
f 837 805 4958
f 4958 805 4835
f 4958 4835 4956
f 4956 4835 4834
f 4959 834 833
f 4960 840 838
f 4961 4962 4963
f 4963 4962 4964
f 4963 4964 4965
f 4965 4964 4966
f 4965 4966 4967
f 4967 4966 4968
f 4967 4968 4969
f 4969 4968 4970
f 4969 4970 4957
f 4957 4970 4960
f 4957 4960 4958
f 4958 4960 838
f 4958 838 837
f 4961 4971 4962
f 4962 4971 4972
f 4962 4972 4964
f 4964 4972 4973
f 4964 4973 4966
f 4966 4973 4974
f 4966 4974 4968
f 4968 4974 4975
f 4968 4975 4970
f 4970 4975 4959
f 4970 4959 4960
f 4960 4959 833
f 4960 833 840
f 4976 4977 4978
f 4978 4977 4979
f 4978 4979 4980
f 4980 4979 4981
f 4980 4981 4982
f 4983 4976 4984
f 4984 4976 4978
f 4984 4978 4985
f 4985 4978 4980
f 4985 4980 4986
f 4986 4980 4982
f 4986 4982 4987
f 4988 4983 4989
f 4989 4983 4984
f 4989 4984 4990
f 4990 4984 4985
f 4990 4985 4991
f 4991 4985 4986
f 4991 4986 4992
f 4992 4986 4987
f 4992 4987 4993
f 4994 825 824
f 4994 824 4995
f 4995 824 832
f 4995 832 4996
f 4996 832 831
f 4996 831 829
f 4997 4988 4998
f 4998 4988 4989
f 4998 4989 4999
f 4999 4989 4990
f 4999 4990 5000
f 5000 4990 4991
f 5000 4991 5001
f 5001 4991 4992
f 5001 4992 5002
f 5002 4992 4993
f 5002 4993 5003
f 829 828 4996
f 4996 828 808
f 4996 808 5004
f 5004 808 807
f 5004 807 4959
f 4959 807 836
f 4959 836 834
f 4961 5005 4971
f 4971 5005 5006
f 4971 5006 5007
f 805 804 4835
f 4835 804 844
f 4835 844 4826
f 4826 844 843
f 4826 843 842
f 5008 5009 5010
f 5010 5009 5011
f 5010 5011 5012
f 5012 5011 5013
f 5012 5013 5014
f 5014 5013 5015
f 5014 5015 5016
f 5016 5015 5017
f 5016 5017 5018
f 5018 5017 5019
f 5018 5019 5020
f 5020 5019 5021
f 5020 5021 5022
f 5022 5021 5023
f 5022 5023 5024
f 5024 5023 5025
f 5024 5025 5026
f 5026 5025 5027
f 5026 5027 5028
f 5028 5027 5029
f 5028 5029 5030
f 5030 5029 5031
f 5030 5031 5032
f 5032 5031 5033
f 5032 5033 5034
f 5034 5033 5035
f 5034 5035 5036
f 5036 5035 5037
f 5036 5037 5038
f 5038 5037 5039
f 5038 5039 5040
f 5040 5039 5041
f 5040 5041 5042
f 5042 5041 5043
f 5042 5043 5044
f 5044 5043 5045
f 5044 5045 5046
f 5046 5045 5047
f 5046 5047 5048
f 5048 5047 5049
f 5048 5049 5050
f 5051 5052 5053
f 5054 5055 5056
f 5056 5055 5057
f 5056 5057 5058
f 5058 5057 5059
f 5058 5059 5060
f 5060 5059 5061
f 5060 5061 5062
f 5062 5061 5063
f 5064 5065 4337
f 4335 4337 4683
f 4683 4337 5065
f 4683 5065 4681
f 4681 5065 5066
f 4681 5066 4686
f 5067 5068 5069
f 5069 5068 5070
f 5069 5070 4343
f 4336 4678 4337
f 4337 4678 4677
f 4337 4677 5064
f 5064 4677 4675
f 5064 4675 5068
f 5068 4675 5070
f 5070 4675 4339
f 5070 4339 4343
f 4343 4339 4338
f 4343 4338 4341
f 4263 4262 5071
f 5071 4262 4346
f 5071 4346 5072
f 5072 4346 4345
f 5072 4345 5073
f 5073 4345 4667
f 5073 4667 5074
f 4344 4664 4667
f 4667 4664 4659
f 4667 4659 5074
f 5074 4659 4661
f 5074 4661 5075
f 5075 4661 4257
f 5017 5076 5019
f 5019 5076 5077
f 5019 5077 5021
f 5021 5077 5078
f 5021 5078 5023
f 5023 5078 5079
f 5023 5079 5025
f 5025 5079 5080
f 5025 5080 5027
f 5027 5080 5081
f 5027 5081 5029
f 5029 5081 5082
f 5029 5082 5031
f 5031 5082 5083
f 5031 5083 5033
f 5033 5083 5084
f 5033 5084 5035
f 5035 5084 5085
f 5035 5085 5037
f 5037 5085 5086
f 5037 5086 5039
f 5039 5086 5087
f 5039 5087 5041
f 5041 5087 5088
f 5041 5088 5043
f 5043 5088 5089
f 5043 5089 5045
f 5045 5089 5090
f 5045 5090 5047
f 5047 5090 5091
f 5047 5091 5049
f 5049 5091 5092
f 5049 5092 5050
f 5050 5092 5093
f 5076 5094 5077
f 5077 5094 5095
f 5077 5095 5078
f 5078 5095 5096
f 5078 5096 5079
f 5079 5096 5097
f 5079 5097 5080
f 5080 5097 5098
f 5080 5098 5081
f 5081 5098 5099
f 5081 5099 5082
f 5082 5099 5100
f 5082 5100 5083
f 5083 5100 5101
f 5083 5101 5084
f 5084 5101 5102
f 5084 5102 5085
f 5085 5102 5103
f 5085 5103 5086
f 5086 5103 5104
f 5086 5104 5087
f 5087 5104 5105
f 5087 5105 5088
f 5088 5105 5106
f 5088 5106 5089
f 5089 5106 5107
f 5089 5107 5090
f 5090 5107 5108
f 5090 5108 5091
f 5091 5108 5109
f 5091 5109 5092
f 5092 5109 5110
f 5092 5110 5093
f 5093 5110 5111
f 5009 5112 5011
f 5011 5112 5113
f 5011 5113 5013
f 5013 5113 5114
f 5013 5114 5015
f 5015 5114 5115
f 5015 5115 5017
f 5017 5115 5116
f 5017 5116 5076
f 5076 5116 5117
f 5076 5117 5094
f 5094 5117 5118
f 5094 5118 5095
f 5095 5118 5119
f 5095 5119 5096
f 5096 5119 5120
f 5096 5120 5097
f 5097 5120 5121
f 5097 5121 5098
f 5098 5121 5122
f 5098 5122 5099
f 5099 5122 5123
f 5099 5123 5100
f 5100 5123 5124
f 5100 5124 5101
f 5101 5124 5125
f 5101 5125 5102
f 5102 5125 5126
f 5102 5126 5103
f 5103 5126 5127
f 5103 5127 5104
f 5104 5127 5128
f 5104 5128 5105
f 5105 5128 5129
f 5105 5129 5106
f 5106 5129 5130
f 5106 5130 5107
f 5107 5130 5131
f 5107 5131 5108
f 5108 5131 5132
f 5108 5132 5109
f 5109 5132 5133
f 5109 5133 5110
f 5110 5133 5007
f 5110 5007 5111
f 5111 5007 5006
f 5134 4997 5135
f 5135 4997 4998
f 5135 4998 5136
f 5136 4998 4999
f 5136 4999 5137
f 5137 4999 5000
f 5137 5000 5138
f 5138 5000 5001
f 5138 5001 5139
f 5139 5001 5002
f 5139 5002 5140
f 5140 5002 5003
f 5140 5003 5141
f 818 823 5142
f 5142 823 5143
f 5144 5134 5145
f 5145 5134 5135
f 5145 5135 5146
f 5146 5135 5136
f 5146 5136 5147
f 5147 5136 5137
f 5147 5137 5148
f 5148 5137 5138
f 5148 5138 5149
f 5149 5138 5139
f 5149 5139 5150
f 5150 5139 5140
f 5150 5140 5151
f 5151 5140 5141
f 5151 5141 5152
f 5153 5154 5155
f 5155 5154 5156
f 5155 5156 5157
f 5157 5156 5158
f 5157 5158 5159
f 5159 5158 5160
f 5159 5160 5161
f 5161 5160 5162
f 5161 5162 5163
f 5163 5162 5164
f 5163 5164 5165
f 5165 5164 5166
f 5165 5166 5167
f 5167 5166 5168
f 5167 5168 5169
f 5169 5168 5170
f 5169 5170 5171
f 5171 5170 5172
f 5171 5172 5173
f 5173 5172 5174
f 5173 5174 5175
f 5175 5174 5176
f 5175 5176 5177
f 5177 5176 5178
f 5177 5178 5179
f 5179 5178 5180
f 5179 5180 5181
f 5181 5180 5182
f 5181 5182 5183
f 5183 5182 5184
f 5183 5184 5185
f 5185 5184 5186
f 5185 5186 5187
f 5187 5186 5188
f 5187 5188 5189
f 5189 5188 5190
f 5189 5190 5191
f 5191 5190 5192
f 5191 5192 5193
f 5193 5192 5194
f 5193 5194 5152
f 5152 5194 5195
f 5152 5195 5151
f 5151 5195 5196
f 5151 5196 5150
f 5150 5196 5197
f 5150 5197 5149
f 5149 5197 5198
f 5149 5198 5148
f 5148 5198 5199
f 5148 5199 5147
f 5147 5199 5200
f 5147 5200 5146
f 5146 5200 5201
f 5146 5201 5145
f 5145 5201 5202
f 5145 5202 5144
f 2385 2384 5203
f 5203 2384 2390
f 5204 5205 5206
f 5206 5205 5207
f 5206 5207 5208
f 5208 5207 5209
f 5208 5209 5210
f 5210 5209 5211
f 5210 5211 5212
f 5212 5211 5213
f 5212 5213 5214
f 5214 5213 5215
f 5214 5215 5216
f 5216 5215 5217
f 5216 5217 5218
f 5218 5217 5219
f 5218 5219 5220
f 5220 5219 5221
f 5220 5221 5222
f 5222 5221 5223
f 5222 5223 5224
f 5224 5223 5225
f 5224 5225 5226
f 5226 5225 5227
f 5226 5227 5228
f 5228 5227 5229
f 5228 5229 5230
f 5230 5229 5231
f 5230 5231 5232
f 5232 5231 5233
f 5232 5233 5234
f 5234 5233 5235
f 5234 5235 5236
f 5236 5235 5237
f 5236 5237 5238
f 5238 5237 5239
f 5238 5239 5240
f 5240 5239 5241
f 5240 5241 5242
f 5242 5241 5243
f 5242 5243 5244
f 5244 5243 5245
f 5244 5245 5246
f 5246 5245 5247
f 5246 5247 5248
f 5248 5247 5249
f 5248 5249 5250
f 5250 5249 5251
f 5250 5251 5252
f 5252 5251 5253
f 5252 5253 5254
f 5254 5253 5255
f 5254 5255 5256
f 5256 5255 5257
f 5256 5257 5258
f 5258 5257 5259
f 5258 5259 5260
f 5260 5259 5261
f 5260 5261 5262
f 5262 5261 5263
f 5262 5263 5264
f 5264 5263 5203
f 5264 5203 5265
f 5265 5203 2390
f 2377 2376 5266
f 5266 2376 2383
f 5267 5268 5269
f 5269 5268 5270
f 5269 5270 5271
f 5271 5270 5272
f 5271 5272 5273
f 5273 5272 5274
f 5273 5274 5275
f 5275 5274 5276
f 5275 5276 5277
f 5277 5276 5278
f 5277 5278 5279
f 5279 5278 5280
f 5279 5280 5281
f 5281 5280 5282
f 5281 5282 5283
f 5283 5282 5284
f 5283 5284 5285
f 5285 5284 5286
f 5285 5286 5287
f 5287 5286 5288
f 5287 5288 5289
f 5289 5288 5290
f 5289 5290 5291
f 5291 5290 5292
f 5291 5292 5293
f 5293 5292 5294
f 5293 5294 5295
f 5295 5294 5296
f 5295 5296 5297
f 5297 5296 5298
f 5297 5298 5299
f 5299 5298 5300
f 5299 5300 5301
f 5301 5300 5302
f 5301 5302 5303
f 5303 5302 5304
f 5303 5304 5305
f 5305 5304 5306
f 5305 5306 5307
f 5307 5306 5308
f 5307 5308 5309
f 5309 5308 5310
f 5309 5310 5311
f 5311 5310 5312
f 5311 5312 5313
f 5313 5312 5314
f 5313 5314 5315
f 5315 5314 5316
f 5315 5316 5317
f 5317 5316 5318
f 5317 5318 5319
f 5319 5318 5320
f 5319 5320 5321
f 5321 5320 5322
f 5321 5322 5323
f 5323 5322 5266
f 5323 5266 5324
f 5324 5266 2383
f 2383 2381 5324
f 5324 2381 2380
f 5324 2380 2387
f 5205 5267 5207
f 5207 5267 5269
f 5207 5269 5209
f 5209 5269 5271
f 5209 5271 5211
f 5211 5271 5273
f 5211 5273 5213
f 5213 5273 5275
f 5213 5275 5215
f 5215 5275 5277
f 5215 5277 5217
f 5217 5277 5279
f 5217 5279 5219
f 5219 5279 5281
f 5219 5281 5221
f 5221 5281 5283
f 5221 5283 5223
f 5223 5283 5285
f 5223 5285 5225
f 5225 5285 5287
f 5225 5287 5227
f 5227 5287 5289
f 5227 5289 5229
f 5229 5289 5291
f 5229 5291 5231
f 5231 5291 5293
f 5231 5293 5233
f 5233 5293 5295
f 5233 5295 5235
f 5235 5295 5297
f 5235 5297 5237
f 5237 5297 5299
f 5237 5299 5239
f 5239 5299 5301
f 5239 5301 5241
f 5241 5301 5303
f 5241 5303 5243
f 5243 5303 5305
f 5243 5305 5245
f 5245 5305 5307
f 5245 5307 5247
f 5247 5307 5309
f 5247 5309 5249
f 5249 5309 5311
f 5249 5311 5251
f 5251 5311 5313
f 5251 5313 5253
f 5253 5313 5315
f 5253 5315 5255
f 5255 5315 5317
f 5255 5317 5257
f 5257 5317 5319
f 5257 5319 5259
f 5259 5319 5321
f 5259 5321 5261
f 5261 5321 5323
f 5261 5323 5263
f 5263 5323 5324
f 5263 5324 5203
f 5203 5324 2387
f 5203 2387 2385
f 2390 2389 5265
f 5265 2389 2391
f 5265 2391 814
f 813 815 4260
f 4260 815 816
f 4260 816 5142
f 5142 816 819
f 5142 819 818
f 2371 2370 5325
f 5325 2370 2375
f 5326 5327 5328
f 5328 5327 5329
f 5328 5329 5330
f 5330 5329 5331
f 5330 5331 5332
f 5332 5331 5333
f 5332 5333 5334
f 5334 5333 5335
f 5334 5335 5336
f 5336 5335 5337
f 5336 5337 5338
f 5338 5337 5339
f 5338 5339 5340
f 5340 5339 5341
f 5340 5341 5342
f 5342 5341 5343
f 5342 5343 5344
f 5344 5343 5345
f 5344 5345 5346
f 5346 5345 5347
f 5346 5347 5348
f 5348 5347 5349
f 5348 5349 5350
f 5350 5349 5351
f 5350 5351 5352
f 5352 5351 5353
f 5352 5353 5354
f 5354 5353 5355
f 5354 5355 5356
f 5356 5355 5357
f 5356 5357 5358
f 5358 5357 5359
f 5358 5359 5360
f 5360 5359 5361
f 5360 5361 5362
f 5362 5361 5363
f 5362 5363 5364
f 5364 5363 5365
f 5364 5365 5366
f 5366 5365 5367
f 5366 5367 5368
f 5368 5367 5369
f 5368 5369 5370
f 5370 5369 5371
f 5370 5371 5372
f 5372 5371 5373
f 5372 5373 5374
f 5374 5373 5375
f 5374 5375 5376
f 5376 5375 5377
f 5376 5377 5378
f 5378 5377 5379
f 5378 5379 5380
f 5380 5379 5325
f 5380 5325 5381
f 5381 5325 2375
f 2364 2362 5382
f 5382 2362 2361
f 5382 2361 2368
f 5383 2366 2365
f 2349 2357 5384
f 5384 2357 2355
f 5384 2355 2354
f 2354 5385 5384
f 5384 5385 5386
f 5384 5386 5387
f 5387 5386 5388
f 5387 5388 5389
f 5389 5388 5390
f 5389 5390 5391
f 5391 5390 5392
f 5391 5392 5393
f 5393 5392 5394
f 5393 5394 5395
f 5395 5394 5396
f 5395 5396 5397
f 5397 5396 5398
f 5397 5398 5399
f 5399 5398 5400
f 5399 5400 5401
f 5401 5400 5402
f 5401 5402 5403
f 5403 5402 5404
f 5403 5404 5405
f 5405 5404 5406
f 5405 5406 5407
f 5407 5406 5408
f 5407 5408 5409
f 5409 5408 5410
f 5409 5410 5411
f 5411 5410 5412
f 5411 5412 5413
f 5413 5412 5414
f 5413 5414 5415
f 5415 5414 5416
f 5415 5416 5417
f 5417 5416 5418
f 5417 5418 5419
f 5419 5418 5420
f 5419 5420 5421
f 5421 5420 5422
f 5421 5422 5423
f 5423 5422 5424
f 5423 5424 5425
f 5425 5424 5426
f 5425 5426 5427
f 5427 5426 5428
f 5427 5428 5429
f 5429 5428 5430
f 5429 5430 5431
f 5431 5430 5432
f 5431 5432 5433
f 5433 5432 5434
f 5433 5434 5435
f 5435 5434 5436
f 5435 5436 5437
f 2344 2348 5438
f 5438 2348 2347
f 5438 2347 2353
f 2352 2350 5439
f 5439 2350 2349
f 2354 2360 5385
f 5385 2360 2359
f 5385 2359 2364
f 5053 5052 5440
f 5440 5052 5441
f 5440 5441 5442
f 5442 5441 5443
f 5442 5443 5444
f 5444 5443 5445
f 5444 5445 5446
f 5446 5445 5447
f 5446 5447 5448
f 5448 5447 5449
f 5448 5449 5450
f 5450 5449 5451
f 5450 5451 5452
f 5452 5451 5453
f 5452 5453 5454
f 5454 5453 5455
f 5454 5455 5456
f 5456 5455 5457
f 5456 5457 5458
f 5458 5457 5459
f 5458 5459 5460
f 5460 5459 5461
f 5460 5461 5462
f 5462 5461 5463
f 5462 5463 5464
f 5464 5463 5465
f 5464 5465 5466
f 5466 5465 5467
f 5466 5467 5468
f 5468 5467 5469
f 5468 5469 5470
f 5470 5469 5471
f 5470 5471 5472
f 5472 5471 5473
f 5472 5473 5474
f 5474 5473 5475
f 5474 5475 5476
f 5476 5475 5477
f 5476 5477 5478
f 5478 5477 5479
f 5478 5479 5480
f 5480 5479 5481
f 5480 5481 5482
f 5482 5481 5483
f 5482 5483 5484
f 5484 5483 5485
f 5484 5485 5486
f 5485 2340 2339
f 2332 2331 5487
f 5487 2331 2338
f 2336 2335 5488
f 5488 2335 2342
f 2326 2325 5489
f 5489 2325 2330
f 2330 5490 5489
f 5489 5490 5491
f 5489 5491 5492
f 5492 5491 5493
f 5492 5493 5494
f 5494 5493 5495
f 5494 5495 5496
f 5496 5495 5497
f 5496 5497 5498
f 5498 5497 5499
f 5498 5499 5500
f 5500 5499 5501
f 5500 5501 5502
f 5502 5501 5503
f 5502 5503 5504
f 5504 5503 5505
f 5504 5505 5506
f 5506 5505 5507
f 5506 5507 5508
f 5508 5507 5509
f 5508 5509 5510
f 5510 5509 5511
f 5510 5511 5512
f 5512 5511 5513
f 5512 5513 5514
f 5514 5513 5515
f 5514 5515 5516
f 5516 5515 5517
f 5516 5517 5518
f 5518 5517 5519
f 5518 5519 5520
f 5520 5519 5521
f 5520 5521 5522
f 5522 5521 5523
f 5522 5523 5524
f 5524 5523 5525
f 5524 5525 5526
f 5526 5525 5527
f 5526 5527 5528
f 5528 5527 5529
f 5528 5529 5530
f 5530 5529 5531
f 5530 5531 5532
f 5532 5531 5533
f 5532 5533 5063
f 5063 5533 5534
f 5063 5534 5062
f 2323 5535 543
f 543 5535 544
f 5055 5066 5057
f 5057 5066 5065
f 5057 5065 5059
f 5059 5065 5064
f 5059 5064 5061
f 5061 5064 5068
f 5061 5068 5063
f 5063 5068 5067
f 5063 5067 5532
f 5532 5067 5536
f 5532 5536 5530
f 5530 5536 5537
f 5530 5537 5528
f 5528 5537 5538
f 5528 5538 5526
f 5526 5538 5539
f 5526 5539 5524
f 5524 5539 5540
f 5524 5540 5522
f 5522 5540 5541
f 5522 5541 5520
f 5520 5541 5542
f 5520 5542 5518
f 5518 5542 5543
f 5518 5543 5516
f 5516 5543 5544
f 5516 5544 5514
f 5514 5544 5545
f 5514 5545 5512
f 5512 5545 5546
f 5512 5546 5510
f 5510 5546 5547
f 5510 5547 5508
f 5508 5547 5548
f 5508 5548 5506
f 5506 5548 5549
f 5506 5549 5504
f 5504 5549 5550
f 5504 5550 5502
f 5502 5550 5551
f 5502 5551 5500
f 5500 5551 5552
f 5500 5552 5498
f 5498 5552 5553
f 5498 5553 5496
f 5496 5553 5554
f 5496 5554 5494
f 5494 5554 5555
f 5494 5555 5492
f 5492 5555 5535
f 5492 5535 5489
f 5489 5535 2323
f 5489 2323 2326
f 2330 2328 5490
f 5490 2328 2327
f 5490 2327 2334
f 5485 2339 5486
f 5486 2339 2345
f 5486 2345 2344
f 2375 2373 5381
f 5381 2373 2372
f 5381 2372 2379
f 4644 4624 4642
f 4642 4624 4623
f 4642 4623 4640
f 4640 4623 5556
f 4640 5556 4638
f 4638 5556 5557
f 4638 5557 4636
f 4636 5557 5558
f 4636 5558 4634
f 4634 5558 5559
f 4634 5559 4632
f 4632 5559 5560
f 4632 5560 4630
f 4630 5560 5561
f 4630 5561 4628
f 4628 5561 5562
f 4628 5562 4647
f 4647 5562 5563
f 4647 5563 4645
f 4645 5563 5564
f 4645 5564 4650
f 4650 5564 5565
f 4650 5565 4259
f 4259 5565 5566
f 4259 5566 4257
f 4257 5566 5567
f 4257 5567 5075
f 4342 4670 4343
f 4343 4670 4261
f 4343 4261 5069
f 5069 4261 4263
f 5069 4263 5067
f 5067 4263 5071
f 5067 5071 5536
f 5536 5071 5072
f 5536 5072 5537
f 5537 5072 5073
f 5537 5073 5538
f 5538 5073 5074
f 5538 5074 5539
f 5539 5074 5075
f 5539 5075 5540
f 5540 5075 5567
f 5540 5567 5541
f 5541 5567 5566
f 5541 5566 5542
f 5542 5566 5565
f 5542 5565 5543
f 5543 5565 5564
f 5543 5564 5544
f 5544 5564 5563
f 5544 5563 5545
f 5545 5563 5562
f 5545 5562 5546
f 5546 5562 5561
f 5546 5561 5547
f 5547 5561 5560
f 5547 5560 5548
f 5548 5560 5559
f 5548 5559 5549
f 5549 5559 5558
f 5549 5558 5550
f 5550 5558 5557
f 5550 5557 5551
f 5551 5557 5556
f 5551 5556 5552
f 5552 5556 4623
f 5552 4623 5553
f 5553 4623 4625
f 5553 4625 5554
f 5554 4625 4620
f 5554 4620 5555
f 5555 4620 4347
f 5555 4347 5535
f 5535 4347 533
f 5535 533 544
f 823 821 5143
f 5143 821 820
f 5143 820 4994
f 4994 820 827
f 4994 827 825
f 342 5568 343
f 343 5568 5569
f 343 5569 340
f 7 5570 8
f 8 5570 5568
f 8 5568 341
f 341 5568 342
f 7 350 5570
f 5570 350 349
f 5570 349 5571
f 355 354 5572
f 349 348 5571
f 5571 348 344
f 5571 344 5572
f 5572 344 346
f 5572 346 355
f 357 356 4490
f 4490 356 4256
f 4490 4256 4488
f 4488 4256 4496
f 352 351 4485
f 4485 351 360
f 4485 360 4490
f 4490 360 359
f 4490 359 357
f 363 362 4256
f 4256 362 4500
f 4256 4500 4493
f 4493 4500 4502
f 362 368 4500
f 4500 368 367
f 4500 367 4497
f 4497 367 365
f 4505 370 369
f 4503 4505 4508
f 4508 4505 369
f 4508 369 374
f 365 364 4497
f 4497 364 373
f 4497 373 4505
f 4505 373 372
f 4505 372 370
f 374 376 4508
f 4508 376 381
f 4508 381 4255
f 4255 381 380
f 4255 380 377
f 4513 4515 4521
f 4521 4515 383
f 4521 383 382
f 377 378 4254
f 4254 378 385
f 4254 385 4515
f 4515 385 384
f 4515 384 383
f 397 5573 398
f 398 5573 5574
f 398 5574 399
f 399 5574 5575
f 399 5575 386
f 397 396 5573
f 5573 396 394
f 5573 394 5576
f 5576 394 393
f 5576 393 5577
f 382 392 4521
f 4521 392 391
f 4521 391 5578
f 5578 391 389
f 5578 389 5575
f 5575 389 387
f 5575 387 386
f 5579 5580 400
f 393 404 5577
f 5577 404 403
f 5577 403 5580
f 5580 403 401
f 5580 401 400
f 400 407 5579
f 5579 407 406
f 5579 406 5581
f 406 405 5581
f 5581 405 5
f 5581 5 5582
f 409 5583 411
f 411 5583 5584
f 411 5584 412
f 412 5584 5582
f 412 5582 4
f 4 5582 5
f 409 408 5583
f 5583 408 418
f 5583 418 5585
f 418 417 5585
f 5585 417 416
f 5585 416 5586
f 419 5587 414
f 414 5587 5586
f 414 5586 415
f 415 5586 416
f 425 5588 426
f 426 5588 5587
f 426 5587 421
f 421 5587 419
f 432 5589 423
f 423 5589 5588
f 423 5588 424
f 424 5588 425
f 429 4583 430
f 430 4583 5589
f 430 5589 431
f 431 5589 432
f 4519 4521 4524
f 4524 4521 5578
f 4524 5578 4522
f 4522 5578 5575
f 4522 5575 4526
f 4526 5575 5574
f 4526 5574 4531
f 4531 5574 5573
f 4531 5573 4529
f 4529 5573 5576
f 4529 5576 4534
f 4534 5576 5577
f 4534 5577 4537
f 4537 5577 5580
f 4537 5580 4540
f 4540 5580 5579
f 4540 5579 4543
f 4543 5579 5581
f 4543 5581 4546
f 4546 5581 5582
f 4546 5582 4549
f 4549 5582 5584
f 4549 5584 4552
f 4552 5584 5583
f 4552 5583 4557
f 4557 5583 5585
f 4557 5585 4564
f 4564 5585 5586
f 4564 5586 4562
f 4562 5586 5587
f 4562 5587 4350
f 4350 5587 5588
f 4350 5588 4568
f 4568 5588 5589
f 4568 5589 4571
f 4571 5589 4583
f 4571 4583 4578
f 4578 4583 4587
f 4578 4587 4576
f 429 428 4583
f 4583 428 433
f 4583 433 4581
f 4581 433 435
f 4581 435 438
f 5590 5591 4253
f 219 4252 220
f 230 228 5592
f 5592 228 227
f 5592 227 5593
f 225 4250 226
f 5594 5595 5596
f 227 234 5593
f 5593 234 233
f 5593 233 5597
f 233 232 5597
f 5597 232 17
f 5597 17 5598
f 5599 5600 235
f 17 16 5598
f 5598 16 238
f 5598 238 5600
f 5600 238 236
f 5600 236 235
f 5601 5602 239
f 247 245 5603
f 5603 245 5604
f 239 250 5601
f 5601 250 249
f 5601 249 5603
f 5603 249 248
f 5603 248 247
f 235 243 5599
f 5599 243 242
f 5599 242 5602
f 5602 242 240
f 5602 240 239
f 245 244 5604
f 5604 244 254
f 5604 254 5605
f 4240 5606 5607
f 5607 5606 5608
f 5607 5608 5595
f 254 253 5605
f 5605 253 252
f 5605 252 5609
f 255 5610 5611
f 252 259 5609
f 5609 259 258
f 5609 258 5611
f 5611 258 256
f 5611 256 255
f 267 5612 260
f 260 5612 5613
f 260 5613 261
f 255 266 5610
f 5610 266 265
f 5610 265 5614
f 5614 265 264
f 5614 264 5613
f 5613 264 263
f 5613 263 261
f 267 269 5612
f 5612 269 274
f 5612 274 5615
f 5615 274 273
f 5615 273 5616
f 5616 273 271
f 5616 271 5617
f 5617 271 270
f 5617 270 279
f 278 277 5618
f 5618 277 276
f 5618 276 285
f 285 284 5619
f 5619 284 283
f 281 280 5620
f 5620 280 286
f 5621 288 290
f 5616 4245 5615
f 5615 4245 4247
f 5615 4247 5612
f 5612 4247 5622
f 5612 5622 5613
f 5613 5622 5623
f 5613 5623 5614
f 5614 5623 5624
f 5614 5624 5610
f 5610 5624 5625
f 5610 5625 5611
f 5611 5625 5626
f 5611 5626 5609
f 5609 5626 5627
f 5609 5627 5605
f 5605 5627 5628
f 5605 5628 5604
f 5604 5628 5629
f 5604 5629 5603
f 5603 5629 5630
f 5603 5630 5601
f 5601 5630 5631
f 5601 5631 5602
f 5602 5631 5632
f 5602 5632 5599
f 5599 5632 5633
f 5599 5633 5600
f 5600 5633 5634
f 5600 5634 5598
f 5598 5634 5635
f 5598 5635 5597
f 5597 5635 5636
f 5597 5636 5593
f 5593 5636 5637
f 5593 5637 5592
f 4246 4242 4247
f 4247 4242 4244
f 4247 4244 5622
f 5622 4244 5638
f 5622 5638 5623
f 5623 5638 5639
f 5623 5639 5624
f 5624 5639 5640
f 5624 5640 5625
f 5625 5640 5641
f 5625 5641 5626
f 5626 5641 5642
f 5626 5642 5627
f 5627 5642 5643
f 5627 5643 5628
f 5628 5643 5644
f 5628 5644 5629
f 5629 5644 5645
f 5629 5645 5630
f 5630 5645 5646
f 5630 5646 5631
f 5631 5646 5647
f 5631 5647 5632
f 5632 5647 5648
f 5632 5648 5633
f 5633 5648 5649
f 5633 5649 5634
f 5634 5649 5650
f 5634 5650 5635
f 5635 5650 5651
f 5635 5651 5636
f 5636 5651 5652
f 5636 5652 5637
f 279 4249 5617
f 5617 4249 5653
f 5617 5653 5616
f 5616 5653 5654
f 5616 5654 4245
f 4245 5654 5655
f 4245 5655 4246
f 4246 5655 5656
f 4246 5656 4242
f 4242 5656 5657
f 4242 5657 4243
f 285 5619 5618
f 5618 5619 5658
f 5618 5658 5659
f 5659 5658 5660
f 5659 5660 5661
f 5661 5660 5662
f 5661 5662 5663
f 5663 5662 5664
f 5663 5664 5665
f 5665 5664 5666
f 5665 5666 5667
f 278 5618 4249
f 4249 5618 5659
f 4249 5659 5653
f 5653 5659 5661
f 5653 5661 5654
f 5654 5661 5663
f 5654 5663 5655
f 5655 5663 5665
f 5655 5665 5656
f 5656 5665 5667
f 5656 5667 5657
f 283 4248 5619
f 5619 4248 5668
f 5619 5668 5658
f 5658 5668 5669
f 5658 5669 5660
f 5660 5669 5670
f 5660 5670 5662
f 5662 5670 5671
f 5662 5671 5664
f 5664 5671 5672
f 5664 5672 5666
f 5673 5674 5675
f 5675 5674 5676
f 5675 5676 5677
f 5677 5676 5678
f 5677 5678 5679
f 5679 5678 5680
f 5679 5680 5681
f 5681 5680 5682
f 5681 5682 5683
f 5672 5673 5666
f 5666 5673 5675
f 5666 5675 5667
f 5667 5675 5677
f 5667 5677 5657
f 5657 5677 5679
f 5657 5679 4243
f 4243 5679 5681
f 4243 5681 4244
f 4244 5681 5683
f 4244 5683 5638
f 5638 5683 5684
f 5638 5684 5639
f 5639 5684 5685
f 5639 5685 5640
f 5640 5685 5686
f 5640 5686 5641
f 5641 5686 5687
f 5641 5687 5642
f 5642 5687 5688
f 5642 5688 5643
f 5643 5688 5689
f 5643 5689 5644
f 5644 5689 5690
f 5644 5690 5645
f 5645 5690 5691
f 5645 5691 5646
f 5646 5691 5692
f 5646 5692 5647
f 5647 5692 5693
f 5647 5693 5648
f 5648 5693 5694
f 5648 5694 5649
f 5649 5694 5695
f 5649 5695 5650
f 5650 5695 5696
f 5650 5696 5651
f 5651 5696 5697
f 5651 5697 5652
f 5698 5699 4239
f 4219 5700 5701
f 5701 5700 5702
f 5701 5702 5699
f 4253 220 5590
f 5590 220 4252
f 5590 4252 5703
f 5703 4252 5704
f 5703 5704 5705
f 5705 5704 5706
f 5705 5706 5707
f 5707 5706 5708
f 5707 5708 5709
f 5709 5708 5710
f 5709 5710 5711
f 5711 5710 5712
f 5711 5712 5713
f 5714 5715 5716
f 5716 5715 5717
f 5716 5717 5718
f 5718 5717 5719
f 5718 5719 5720
f 5720 5719 5721
f 5720 5721 5722
f 5722 5721 5723
f 5722 5723 5724
f 5724 5723 5725
f 5724 5725 5726
f 5726 5725 5727
f 5726 5727 5728
f 5728 5727 5729
f 5728 5729 5730
f 5730 5729 5620
f 5730 5620 5621
f 5621 5620 286
f 5621 286 288
f 5674 4236 5676
f 5676 4236 4238
f 5676 4238 5678
f 5678 4238 5731
f 5678 5731 5680
f 5680 5731 5732
f 5680 5732 5682
f 5682 5732 5733
f 5682 5733 5683
f 5683 5733 5734
f 5683 5734 5684
f 5684 5734 5735
f 5684 5735 5685
f 5685 5735 5736
f 5685 5736 5686
f 5686 5736 5737
f 5686 5737 5687
f 5687 5737 5738
f 5687 5738 5688
f 5688 5738 5739
f 5688 5739 5689
f 5689 5739 5740
f 5689 5740 5690
f 5690 5740 5741
f 5690 5741 5691
f 5691 5741 5742
f 5691 5742 5692
f 5692 5742 5743
f 5692 5743 5693
f 5693 5743 5744
f 5693 5744 5694
f 5694 5744 5745
f 5694 5745 5695
f 5695 5745 5746
f 5695 5746 5696
f 5696 5746 5747
f 5696 5747 5697
f 4237 5748 4238
f 4238 5748 5749
f 4238 5749 5731
f 5731 5749 5750
f 5731 5750 5732
f 5732 5750 5751
f 5732 5751 5733
f 5733 5751 5752
f 5733 5752 5734
f 5734 5752 5753
f 5734 5753 5735
f 5735 5753 5754
f 5735 5754 5736
f 5736 5754 5755
f 5736 5755 5737
f 5737 5755 5756
f 5737 5756 5738
f 5738 5756 5757
f 5738 5757 5739
f 5739 5757 5758
f 5739 5758 5740
f 5740 5758 5759
f 5740 5759 5741
f 5741 5759 5760
f 5741 5760 5742
f 5742 5760 5761
f 5742 5761 5743
f 5743 5761 5762
f 5743 5762 5744
f 5744 5762 5763
f 5744 5763 5745
f 5745 5763 5764
f 5745 5764 5746
f 5746 5764 5765
f 5746 5765 5747
f 5748 5766 5749
f 5749 5766 5767
f 5749 5767 5750
f 5750 5767 5768
f 5750 5768 5751
f 5751 5768 5769
f 5751 5769 5752
f 5752 5769 5770
f 5752 5770 5753
f 5753 5770 5771
f 5753 5771 5754
f 5754 5771 5772
f 5754 5772 5755
f 5755 5772 5773
f 5755 5773 5756
f 5756 5773 5774
f 5756 5774 5757
f 5757 5774 5775
f 5757 5775 5758
f 5758 5775 5776
f 5758 5776 5759
f 5759 5776 5777
f 5759 5777 5760
f 5760 5777 5778
f 5760 5778 5761
f 5761 5778 5779
f 5761 5779 5762
f 5762 5779 5780
f 5762 5780 5763
f 5763 5780 5781
f 5763 5781 5764
f 5764 5781 5782
f 5764 5782 5765
f 5766 5783 5767
f 5767 5783 5784
f 5767 5784 5768
f 5768 5784 5785
f 5768 5785 5769
f 5769 5785 5786
f 5769 5786 5770
f 5770 5786 5787
f 5770 5787 5771
f 5771 5787 5788
f 5771 5788 5772
f 5772 5788 5789
f 5772 5789 5773
f 5773 5789 5790
f 5773 5790 5774
f 5774 5790 5791
f 5774 5791 5775
f 5775 5791 5792
f 5775 5792 5776
f 5776 5792 5793
f 5776 5793 5777
f 5777 5793 5794
f 5777 5794 5778
f 5778 5794 5795
f 5778 5795 5779
f 5779 5795 5796
f 5779 5796 5780
f 5780 5796 5797
f 5780 5797 5781
f 5781 5797 5798
f 5781 5798 5782
f 290 295 5799
f 5799 295 294
f 5799 294 291
f 291 292 5800
f 5800 292 298
f 5800 298 297
f 13 4235 14
f 307 5801 300
f 300 5801 301
f 307 306 5802
f 5802 306 304
f 5802 304 303
f 315 4233 316
f 307 5802 5801
f 5801 5802 5803
f 5801 5803 5804
f 5804 5803 5805
f 5804 5805 5806
f 5806 5805 5807
f 5806 5807 5808
f 5808 5807 5809
f 5808 5809 4232
f 5810 5809 5811
f 5811 5809 5807
f 5811 5807 5812
f 5812 5807 5805
f 5812 5805 5813
f 5813 5805 5803
f 5813 5803 5814
f 5814 5803 5802
f 5814 5802 4234
f 4234 5802 303
f 4234 303 310
f 4228 5815 5816
f 5817 5818 5819
f 5819 5818 5810
f 5819 5810 5820
f 5820 5810 5811
f 5820 5811 5821
f 5821 5811 5812
f 5821 5812 5822
f 5822 5812 5813
f 5822 5813 5823
f 5823 5813 5814
f 5823 5814 5824
f 5824 5814 4234
f 5824 4234 4233
f 4233 4234 309
f 4233 309 316
f 320 5825 321
f 321 5825 5826
f 321 5826 312
f 312 5826 313
f 320 318 5825
f 5825 318 317
f 5825 317 5827
f 317 322 5827
f 5827 322 324
f 5827 324 5828
f 5828 324 329
f 5829 5830 5831
f 5831 5830 5832
f 5831 5832 5833
f 5833 5832 5834
f 5833 5834 5835
f 329 328 5828
f 5828 328 327
f 5828 327 5836
f 5836 327 326
f 5836 326 334
f 5830 5826 5832
f 5832 5826 5825
f 5832 5825 5834
f 5834 5825 5827
f 5834 5827 5835
f 5835 5827 5828
f 5835 5828 5837
f 5837 5828 5836
f 5837 5836 5838
f 5838 5836 334
f 5838 334 333
f 5839 336 5840
f 5840 336 335
f 333 331 5838
f 5838 331 330
f 5838 330 5839
f 5839 330 337
f 5839 337 336
f 335 11 5840
f 5840 11 10
f 5840 10 5569
f 5569 10 338
f 5569 338 340
f 5841 5842 5843
f 5843 5842 5844
f 5843 5844 5845
f 5845 5844 5846
f 5845 5846 5847
f 4445 5848 4446
f 4446 5848 5849
f 4446 5849 5850
f 5850 5849 5851
f 5850 5851 5852
f 5852 5851 5853
f 5848 4354 5849
f 5849 4354 4356
f 5849 4356 5851
f 5851 4356 4433
f 5851 4433 5853
f 5853 4433 4435
f 4468 5854 4469
f 4469 5854 4464
f 4469 4464 5855
f 5855 4464 4461
f 5855 4461 5856
f 5856 4461 4455
f 5856 4455 5857
f 5857 4455 4450
f 5857 4450 5847
f 5847 4450 4448
f 5847 4448 5845
f 5845 4448 4446
f 5845 4446 5843
f 5843 4446 5850
f 5843 5850 5841
f 5841 5850 5852
f 5842 5829 5844
f 5844 5829 5831
f 5844 5831 5846
f 5846 5831 5833
f 5846 5833 5847
f 5847 5833 5835
f 5847 5835 5857
f 5857 5835 5837
f 5857 5837 5856
f 5856 5837 5838
f 5856 5838 5855
f 5855 5838 5839
f 5855 5839 4469
f 4469 5839 5840
f 4469 5840 4471
f 4471 5840 5569
f 4471 5569 4474
f 4474 5569 5568
f 4474 5568 4476
f 4476 5568 5570
f 4476 5570 4353
f 4353 5570 5571
f 4353 5571 4483
f 4483 5571 5572
f 4483 5572 4485
f 4485 5572 354
f 4485 354 352
f 291 5800 5799
f 5799 5800 5858
f 5799 5858 5859
f 5859 5858 5860
f 5859 5860 5861
f 5861 5860 5862
f 5861 5862 5863
f 5863 5862 5864
f 5863 5864 5865
f 5865 5864 5866
f 5865 5866 5867
f 5867 5866 5868
f 5867 5868 5869
f 5869 5868 5870
f 5869 5870 5871
f 5871 5870 5872
f 5871 5872 5873
f 5873 5872 5874
f 5873 5874 5875
f 5875 5874 5876
f 5875 5876 4226
f 5877 5876 5878
f 5878 5876 5874
f 5878 5874 5879
f 5879 5874 5872
f 5879 5872 5880
f 5880 5872 5870
f 5880 5870 5881
f 5881 5870 5868
f 5881 5868 5882
f 5882 5868 5866
f 5882 5866 5883
f 5883 5866 5864
f 5883 5864 5884
f 5884 5864 5862
f 5884 5862 5885
f 5885 5862 5860
f 5885 5860 5886
f 5886 5860 5858
f 5886 5858 5887
f 5887 5858 5800
f 5887 5800 5888
f 5888 5800 297
f 5888 297 296
f 4232 5809 4230
f 4230 5809 5810
f 4230 5810 5889
f 5889 5810 5818
f 5889 5818 5890
f 5890 5818 5817
f 5890 5817 5891
f 5891 5817 5892
f 5891 5892 5893
f 4424 5893 4427
f 4427 5893 5892
f 4427 5892 4437
f 4437 5892 5817
f 4437 5817 4435
f 4435 5817 5819
f 4435 5819 5853
f 5853 5819 5820
f 5853 5820 5852
f 5852 5820 5821
f 5852 5821 5841
f 5841 5821 5822
f 5841 5822 5842
f 5842 5822 5823
f 5842 5823 5829
f 5829 5823 5824
f 5829 5824 5830
f 5830 5824 4233
f 5830 4233 5826
f 5826 4233 314
f 5826 314 313
f 4226 5876 4224
f 4224 5876 5877
f 4224 5877 5894
f 5894 5877 5895
f 5894 5895 5896
f 5897 4417 5898
f 5898 4417 4359
f 5898 4359 4412
f 4412 4359 4358
f 4412 4358 4410
f 5899 4418 5900
f 5900 4418 4417
f 5900 4417 5901
f 5901 4417 5897
f 5901 5897 5902
f 4218 4220 5903
f 217 226 5904
f 5904 226 4250
f 5904 4250 5905
f 5905 4250 5906
f 5905 5906 5907
f 5907 5906 5908
f 5907 5908 5909
f 5909 5908 5910
f 5909 5910 5911
f 5911 5910 5912
f 5911 5912 5913
f 5913 5912 5914
f 5913 5914 5915
f 5915 5914 5916
f 5915 5916 5917
f 5917 5916 5918
f 5917 5918 5919
f 5919 5918 5920
f 5919 5920 5921
f 5921 5920 5922
f 5923 5924 5925
f 5925 5924 5926
f 5925 5926 5903
f 4216 5783 4217
f 4217 5783 5766
f 4217 5766 5927
f 5927 5766 5748
f 5927 5748 5928
f 5928 5748 4237
f 5928 4237 5714
f 5714 4237 4236
f 5714 4236 5715
f 5715 4236 5674
f 5715 5674 5717
f 5717 5674 5673
f 5717 5673 5719
f 5719 5673 5672
f 5719 5672 5721
f 5721 5672 5671
f 5721 5671 5723
f 5723 5671 5670
f 5723 5670 5725
f 5725 5670 5669
f 5725 5669 5727
f 5727 5669 5668
f 5727 5668 5729
f 5729 5668 4248
f 5729 4248 5620
f 5620 4248 282
f 5620 282 281
f 4216 5929 5783
f 5783 5929 5930
f 5783 5930 5784
f 5784 5930 5931
f 5784 5931 5785
f 5785 5931 5932
f 5785 5932 5786
f 5786 5932 5933
f 5786 5933 5787
f 5787 5933 5934
f 5787 5934 5788
f 5788 5934 5935
f 5788 5935 5789
f 5789 5935 5936
f 5789 5936 5790
f 5790 5936 5937
f 5790 5937 5791
f 5791 5937 5938
f 5791 5938 5792
f 5792 5938 5939
f 5792 5939 5793
f 5793 5939 5940
f 5793 5940 5794
f 5794 5940 5941
f 5794 5941 5795
f 5795 5941 5942
f 5795 5942 5796
f 5796 5942 5943
f 5796 5943 5797
f 5797 5943 5944
f 5797 5944 5798
f 5928 4223 5927
f 5927 4223 4222
f 5927 4222 4217
f 4217 4222 5945
f 4217 5945 4215
f 5945 4197 4215
f 4215 4197 4196
f 4215 4196 4216
f 4216 4196 5946
f 4216 5946 5929
f 5929 5946 5947
f 5929 5947 5930
f 5930 5947 5948
f 5930 5948 5931
f 5931 5948 5949
f 5931 5949 5932
f 5932 5949 5950
f 5932 5950 5933
f 5933 5950 5951
f 5933 5951 5934
f 5934 5951 5952
f 5934 5952 5935
f 5935 5952 5953
f 5935 5953 5936
f 5936 5953 5954
f 5936 5954 5937
f 5937 5954 5955
f 5937 5955 5938
f 5938 5955 5956
f 5938 5956 5939
f 5939 5956 5957
f 5939 5957 5940
f 5940 5957 5958
f 5940 5958 5941
f 5941 5958 5959
f 5941 5959 5942
f 5942 5959 5960
f 5942 5960 5943
f 5903 4220 5925
f 5925 4220 5961
f 5925 5961 5923
f 5923 5961 5962
f 5923 5962 5963
f 5964 5965 5966
f 5966 5965 5967
f 4210 5968 5969
f 5969 5968 5970
f 5969 5970 5963
f 4690 5971 4691
f 4691 5971 5972
f 4691 5972 4211
f 4708 5973 4706
f 4706 5973 5974
f 4706 5974 4704
f 4704 5974 5975
f 4704 5975 4702
f 4702 5975 5976
f 4702 5976 4209
f 4209 5976 5977
f 4209 5977 5978
f 5978 5977 4213
f 5978 4213 5967
f 5967 4213 4214
f 5967 4214 5966
f 4210 4209 5968
f 5968 4209 5978
f 5968 5978 5970
f 5970 5978 5967
f 5970 5967 5963
f 5963 5967 5965
f 5963 5965 5923
f 5923 5965 5964
f 5923 5964 5924
f 4211 4213 4691
f 4691 4213 5977
f 4691 5977 4689
f 4689 5977 5976
f 4689 5976 4694
f 4694 5976 5975
f 4694 5975 4696
f 4696 5975 5974
f 4696 5974 4712
f 4712 5974 5973
f 4712 5973 4713
f 4713 5973 5979
f 4713 5979 4714
f 5699 5698 5701
f 5701 5698 5980
f 5701 5980 5981
f 5981 5980 5982
f 5981 5982 5983
f 5983 5982 5984
f 5983 5984 5985
f 5985 5984 5986
f 5985 5986 5987
f 5987 5986 5988
f 5987 5988 5989
f 5989 5988 5990
f 5989 5990 5991
f 5991 5990 5992
f 5991 5992 5993
f 5993 5992 5994
f 5993 5994 5995
f 5995 5994 5996
f 5995 5996 5997
f 5997 5996 5998
f 5997 5998 5999
f 4240 5607 4241
f 4241 5607 6000
f 4241 6000 6001
f 6001 6000 6002
f 6001 6002 6003
f 6003 6002 6004
f 6003 6004 6005
f 6005 6004 6006
f 6005 6006 6007
f 6007 6006 6008
f 6007 6008 6009
f 6009 6008 6010
f 6009 6010 6011
f 6011 6010 6012
f 6011 6012 6013
f 6013 6012 6014
f 6013 6014 6015
f 6015 6014 6016
f 6015 6016 6017
f 6017 6016 6018
f 6017 6018 6019
f 6019 6018 6020
f 6019 6020 6021
f 6021 6020 6022
f 6021 6022 6023
f 6024 6025 6026
f 6026 6025 6027
f 6026 6027 6028
f 6028 6027 6029
f 6028 6029 6030
f 6030 6029 6031
f 6030 6031 6032
f 6032 6031 6033
f 6032 6033 6034
f 6034 6033 6035
f 6034 6035 6036
f 6036 6035 6037
f 6036 6037 6038
f 6038 6037 6039
f 6038 6039 6040
f 6040 6039 6041
f 6040 6041 6042
f 4239 4241 5698
f 5698 4241 6001
f 5698 6001 5980
f 5980 6001 6003
f 5980 6003 5982
f 5982 6003 6005
f 5982 6005 5984
f 5984 6005 6007
f 5984 6007 5986
f 5986 6007 6009
f 5986 6009 5988
f 5988 6009 6011
f 5988 6011 5990
f 5990 6011 6013
f 5990 6013 5992
f 5992 6013 6015
f 5992 6015 5994
f 5994 6015 6017
f 5994 6017 5996
f 5996 6017 6019
f 5996 6019 5998
f 5998 6019 6021
f 5998 6021 5999
f 5999 6021 6023
f 5999 6023 6043
f 6043 6023 6044
f 6043 6044 6045
f 5712 6042 5713
f 5713 6042 6041
f 5713 6041 6046
f 6046 6041 6039
f 6046 6039 6047
f 6047 6039 6037
f 6047 6037 6048
f 6048 6037 6035
f 6048 6035 6049
f 6049 6035 6033
f 6049 6033 6050
f 6050 6033 6031
f 6050 6031 6051
f 6051 6031 6029
f 6051 6029 6052
f 6052 6029 6027
f 6052 6027 6053
f 6053 6027 6025
f 6053 6025 6054
f 6054 6025 6024
f 5595 5594 5607
f 5607 5594 6055
f 5607 6055 6000
f 6000 6055 6056
f 6000 6056 6002
f 6002 6056 6057
f 6002 6057 6004
f 6004 6057 6058
f 6004 6058 6006
f 6006 6058 6059
f 6006 6059 6008
f 6008 6059 6060
f 6008 6060 6010
f 6010 6060 6061
f 6010 6061 6012
f 6012 6061 6062
f 6012 6062 6014
f 6014 6062 6063
f 6014 6063 6016
f 6016 6063 6064
f 6016 6064 6018
f 6018 6064 6065
f 6018 6065 6020
f 6020 6065 6066
f 6020 6066 6022
f 6022 6066 6067
f 6022 6067 6023
f 6023 6067 6068
f 6023 6068 6044
f 4219 5701 4220
f 4220 5701 5981
f 4220 5981 5961
f 5961 5981 5983
f 5961 5983 5962
f 5962 5983 5985
f 5962 5985 5963
f 5963 5985 5987
f 5963 5987 5969
f 5969 5987 5989
f 5969 5989 4210
f 4210 5989 5991
f 4210 5991 4208
f 4208 5991 5993
f 4208 5993 4703
f 4703 5993 5995
f 4703 5995 4705
f 4705 5995 5997
f 4705 5997 4707
f 4707 5997 5999
f 4707 5999 4708
f 4708 5999 6043
f 4708 6043 5973
f 5973 6043 6045
f 5973 6045 5979
f 4207 4206 6069
f 6069 4206 6070
f 6069 6070 6071
f 6071 6070 6072
f 6071 6072 6073
f 6073 6072 6074
f 6073 6074 6075
f 6075 6074 6076
f 6075 6076 6077
f 6077 6076 6078
f 6077 6078 6079
f 6079 6078 6080
f 6079 6080 6081
f 6081 6080 6082
f 6081 6082 6083
f 6083 6082 6084
f 6083 6084 6085
f 6085 6084 6086
f 6085 6086 6087
f 6087 6086 6088
f 6087 6088 6089
f 6089 6088 6090
f 6089 6090 6091
f 6091 6090 6092
f 6091 6092 6093
f 6093 6092 6094
f 6093 6094 6095
f 6095 6094 6096
f 6095 6096 6097
f 6097 6096 6098
f 6097 6098 6099
f 6099 6098 6100
f 6099 6100 5922
f 5922 6100 6101
f 5922 6101 5921
f 223 222 4250
f 4250 222 4251
f 4250 4251 5906
f 5906 4251 6102
f 5906 6102 5908
f 5908 6102 6103
f 5908 6103 5910
f 5910 6103 6104
f 5910 6104 5912
f 5912 6104 6105
f 5912 6105 5914
f 5914 6105 6106
f 5914 6106 5916
f 5916 6106 6107
f 5916 6107 5918
f 5918 6107 6108
f 5918 6108 5920
f 5920 6108 6109
f 5920 6109 5922
f 5922 6109 6110
f 5922 6110 6099
f 6099 6110 6111
f 6099 6111 6097
f 6097 6111 6112
f 6097 6112 6095
f 6095 6112 6113
f 6095 6113 6093
f 6093 6113 6114
f 6093 6114 6091
f 6091 6114 6115
f 6091 6115 6089
f 6089 6115 6116
f 6089 6116 6087
f 6087 6116 6117
f 6087 6117 6085
f 6085 6117 6118
f 6085 6118 6083
f 6083 6118 6119
f 6083 6119 6081
f 6081 6119 6120
f 6081 6120 6079
f 6079 6120 6121
f 6079 6121 6077
f 6077 6121 6122
f 6077 6122 6075
f 6075 6122 6123
f 6075 6123 6073
f 6073 6123 6124
f 6073 6124 6071
f 6071 6124 6125
f 6071 6125 6069
f 6069 6125 6126
f 6069 6126 4207
f 4207 6126 6127
f 4207 6127 4205
f 4205 6127 6128
f 4203 4202 6129
f 6129 4202 4739
f 6129 4739 6130
f 6130 4739 4737
f 6130 4737 6131
f 6131 4737 4736
f 6131 4736 6132
f 6132 4736 4734
f 6132 4734 6133
f 6133 4734 4732
f 6133 4732 6134
f 6134 4732 4729
f 6134 4729 6135
f 6135 4729 4728
f 6135 4728 6136
f 6137 6138 6139
f 6139 6138 6140
f 6139 6140 6141
f 6141 6140 6142
f 6141 6142 6143
f 6143 6142 6144
f 6143 6144 6145
f 6145 6144 4204
f 6145 4204 6146
f 6146 4204 4203
f 6146 4203 6147
f 6147 4203 6129
f 6147 6129 6148
f 6148 6129 6130
f 6148 6130 6149
f 6149 6130 6131
f 6149 6131 6150
f 6150 6131 6132
f 6150 6132 6151
f 6151 6132 6133
f 6151 6133 6152
f 6152 6133 6134
f 6152 6134 6153
f 6153 6134 6135
f 6153 6135 6154
f 6154 6135 6136
f 6154 6136 6155
f 6138 6156 6140
f 6140 6156 6157
f 6140 6157 6142
f 6142 6157 6158
f 6142 6158 6144
f 6159 6160 6161
f 6161 6160 6162
f 6161 6162 6163
f 6163 6162 6164
f 6163 6164 6165
f 6165 6164 6166
f 6165 6166 6167
f 6167 6166 6168
f 6167 6168 6169
f 6169 6168 6170
f 6169 6170 6171
f 6171 6170 4201
f 6171 4201 6172
f 6172 4201 4200
f 6172 4200 6173
f 4199 4201 6174
f 6174 4201 6170
f 6174 6170 6175
f 6175 6170 6168
f 6175 6168 6176
f 6176 6168 6166
f 6176 6166 6177
f 6177 6166 6164
f 6177 6164 6178
f 6178 6164 6162
f 6178 6162 6179
f 6179 6162 6160
f 6179 6160 6180
f 6180 6160 6159
f 6180 6159 6181
f 6182 6181 6183
f 6183 6181 6159
f 6183 6159 6184
f 6184 6159 6161
f 6184 6161 6185
f 6185 6161 6163
f 6185 6163 6186
f 6186 6163 6165
f 6186 6165 6187
f 6187 6165 6167
f 6187 6167 6188
f 6188 6167 6169
f 6188 6169 6189
f 6189 6169 6171
f 6189 6171 6190
f 6190 6171 6172
f 6190 6172 6191
f 6191 6172 6173
f 6191 6173 6192
f 6137 4199 6138
f 6138 4199 6174
f 6138 6174 6156
f 6156 6174 6175
f 6156 6175 6157
f 6157 6175 6176
f 6157 6176 6158
f 6158 6176 6177
f 6158 6177 6144
f 6144 6177 6178
f 6144 6178 4204
f 4204 6178 6179
f 4204 6179 4202
f 4202 6179 6180
f 4202 6180 4739
f 4739 6180 6181
f 4739 6181 4740
f 4740 6181 6182
f 4740 6182 4742
f 6128 6192 4205
f 4205 6192 6173
f 4205 6173 4206
f 4206 6173 4200
f 4206 4200 6070
f 6070 4200 4199
f 6070 4199 6072
f 6072 4199 6137
f 6072 6137 6074
f 6074 6137 6139
f 6074 6139 6076
f 6076 6139 6141
f 6076 6141 6078
f 6078 6141 6143
f 6078 6143 6080
f 6080 6143 6145
f 6080 6145 6082
f 6082 6145 6146
f 6082 6146 6084
f 6084 6146 6147
f 6084 6147 6086
f 6086 6147 6148
f 6086 6148 6088
f 6088 6148 6149
f 6088 6149 6090
f 6090 6149 6150
f 6090 6150 6092
f 6092 6150 6151
f 6092 6151 6094
f 6094 6151 6152
f 6094 6152 6096
f 6096 6152 6153
f 6096 6153 6098
f 6098 6153 6154
f 6098 6154 6100
f 6100 6154 6155
f 6100 6155 6101
f 231 230 4251
f 4251 230 5592
f 4251 5592 6102
f 6102 5592 5637
f 6102 5637 6103
f 6103 5637 5652
f 6103 5652 6104
f 6104 5652 5697
f 6104 5697 6105
f 6105 5697 5747
f 6105 5747 6106
f 6106 5747 5765
f 6106 5765 6107
f 6107 5765 5782
f 6107 5782 6108
f 6108 5782 5798
f 6108 5798 6109
f 6109 5798 5944
f 6109 5944 6110
f 6110 5944 5943
f 6110 5943 6111
f 6111 5943 5960
f 6111 5960 6112
f 6112 5960 5959
f 6112 5959 6113
f 6113 5959 5958
f 6113 5958 6114
f 6114 5958 5957
f 6114 5957 6115
f 6115 5957 5956
f 6115 5956 6116
f 6116 5956 5955
f 6116 5955 6117
f 6117 5955 5954
f 6117 5954 6118
f 6118 5954 5953
f 6118 5953 6119
f 6119 5953 5952
f 6119 5952 6120
f 6120 5952 5951
f 6120 5951 6121
f 6121 5951 5950
f 6121 5950 6122
f 6122 5950 5949
f 6122 5949 6123
f 6123 5949 5948
f 6123 5948 6124
f 6124 5948 5947
f 6124 5947 6125
f 6125 5947 5946
f 6125 5946 6126
f 6126 5946 4196
f 6126 4196 6127
f 6127 4196 4198
f 6127 4198 6128
f 4225 4224 6193
f 6193 4224 5894
f 6193 5894 6194
f 6194 5894 5896
f 6194 5896 6195
f 6196 6195 6197
f 6197 6195 5896
f 6197 5896 6198
f 6198 5896 5895
f 6198 5895 6199
f 6199 5895 5877
f 6199 5877 6200
f 6200 5877 5878
f 6200 5878 6201
f 6201 5878 5879
f 6201 5879 6202
f 6202 5879 5880
f 6202 5880 6203
f 6203 5880 5881
f 6203 5881 6204
f 6204 5881 5882
f 6204 5882 6205
f 6205 5882 5883
f 6205 5883 6206
f 6206 5883 5884
f 6206 5884 6207
f 6207 5884 5885
f 6207 5885 6208
f 6208 5885 5886
f 6208 5886 6209
f 6209 5886 5887
f 6209 5887 6210
f 6210 5887 5888
f 6210 5888 4235
f 4235 5888 296
f 4235 296 14
f 4397 6211 4402
f 4402 6211 6212
f 4402 6212 4407
f 4407 6212 6213
f 4407 6213 4412
f 4412 6213 6214
f 4412 6214 5898
f 5898 6214 6215
f 5898 6215 5897
f 5897 6215 6216
f 5897 6216 5902
f 5902 6216 6217
f 4228 5816 4229
f 4229 5816 6218
f 4229 6218 6219
f 6219 6218 6220
f 6219 6220 6221
f 6221 6220 6222
f 6221 6222 6223
f 6223 6222 6224
f 6223 6224 6225
f 6225 6224 6226
f 6225 6226 6227
f 6227 6226 6228
f 6227 6228 6229
f 6229 6228 6230
f 6229 6230 6231
f 6231 6230 6232
f 6231 6232 6233
f 4227 4229 6234
f 6234 4229 6219
f 6234 6219 6235
f 6235 6219 6221
f 6235 6221 6236
f 6236 6221 6223
f 6236 6223 6237
f 6237 6223 6225
f 6237 6225 6238
f 6238 6225 6227
f 6238 6227 6239
f 6239 6227 6229
f 6239 6229 6240
f 6240 6229 6231
f 6240 6231 6241
f 6241 6231 6233
f 6241 6233 6242
f 6206 6243 6205
f 6205 6243 6244
f 6205 6244 6204
f 6204 6244 6245
f 6204 6245 6203
f 6203 6245 6246
f 6203 6246 6202
f 6202 6246 6247
f 6202 6247 6201
f 6201 6247 6248
f 6201 6248 6200
f 6200 6248 6249
f 6200 6249 6199
f 6199 6249 6250
f 6199 6250 6198
f 6198 6250 6251
f 6198 6251 6197
f 6197 6251 6252
f 6197 6252 6196
f 6196 6252 6253
f 4191 4190 4389
f 4389 4190 6254
f 4389 6254 4397
f 4397 6254 6255
f 4397 6255 6211
f 5815 6256 5816
f 5816 6256 6257
f 5816 6257 6218
f 6218 6257 6258
f 6218 6258 6220
f 6220 6258 6259
f 6220 6259 6222
f 6222 6259 6260
f 6222 6260 6224
f 6224 6260 6261
f 6224 6261 6226
f 6226 6261 6262
f 6226 6262 6228
f 6228 6262 6263
f 6228 6263 6230
f 6230 6263 6264
f 6230 6264 6232
f 6232 6264 6265
f 4193 4195 6266
f 6266 4195 6267
f 6266 6267 6268
f 6268 6267 6269
f 6268 6269 6270
f 6270 6269 6271
f 6270 6271 6272
f 6273 6274 6275
f 6275 6274 6253
f 6275 6253 6276
f 6276 6253 6252
f 6276 6252 6277
f 6277 6252 6251
f 6277 6251 6278
f 6278 6251 6250
f 6278 6250 6279
f 6279 6250 6249
f 6279 6249 6280
f 6280 6249 6248
f 6280 6248 6281
f 6281 6248 6247
f 6281 6247 6282
f 6282 6247 6246
f 6282 6246 6283
f 6283 6246 6245
f 6283 6245 6284
f 6284 6245 6244
f 6284 6244 6285
f 6285 6244 6243
f 6285 6243 6286
f 6286 6243 6206
f 6286 6206 4231
f 4231 6206 6207
f 4231 6207 4232
f 4232 6207 6208
f 4232 6208 5808
f 5808 6208 6209
f 5808 6209 5806
f 5806 6209 6210
f 5806 6210 5804
f 5804 6210 4235
f 5804 4235 5801
f 5801 4235 302
f 5801 302 301
f 6287 6288 6289
f 4394 6290 4191
f 4191 6290 4384
f 4191 4384 4192
f 4192 4384 4383
f 4192 4383 4373
f 4373 4383 4388
f 4373 4388 4379
f 6291 6273 6292
f 6292 6273 6275
f 6292 6275 6293
f 6293 6275 6276
f 6294 6272 6295
f 6295 6272 6271
f 6295 6271 6296
f 6296 6271 6269
f 6296 6269 6297
f 6297 6269 6267
f 6297 6267 6298
f 6298 6267 4195
f 6298 4195 6299
f 6299 4195 4194
f 6299 4194 6300
f 6300 6301 6299
f 6299 6301 6302
f 6299 6302 6298
f 6298 6302 6303
f 6298 6303 6297
f 6297 6303 6304
f 6297 6304 6296
f 6296 6304 6305
f 6296 6305 6295
f 6295 6305 6306
f 6295 6306 6294
f 6294 6306 6307
f 6294 6307 6308
f 6308 6307 6309
f 6308 6309 6310
f 6310 6309 6311
f 6310 6311 6312
f 6312 6311 6313
f 6312 6313 6314
f 6314 6313 6315
f 6314 6315 6316
f 6316 6315 6317
f 6316 6317 6318
f 6318 6317 6319
f 6318 6319 6320
f 6320 6319 6321
f 6320 6321 6322
f 6322 6321 6323
f 6322 6323 6324
f 6324 6323 6325
f 6324 6325 6326
f 6326 6325 6327
f 6326 6327 6328
f 6328 6327 6329
f 6328 6329 6330
f 6330 6329 6331
f 6330 6331 6332
f 6332 6331 6333
f 6332 6333 6334
f 6334 6333 6335
f 6334 6335 6024
f 6024 6335 6336
f 6024 6336 6054
f 6054 6336 6068
f 6054 6068 6053
f 6053 6068 6067
f 6053 6067 6052
f 6052 6067 6066
f 6052 6066 6051
f 6051 6066 6065
f 6051 6065 6050
f 6050 6065 6064
f 6050 6064 6049
f 6049 6064 6063
f 6049 6063 6048
f 6048 6063 6062
f 6048 6062 6047
f 6047 6062 6061
f 6047 6061 6046
f 6046 6061 6060
f 6046 6060 5713
f 5713 6060 6059
f 5713 6059 5711
f 5711 6059 6058
f 5711 6058 5709
f 5709 6058 6057
f 5709 6057 5707
f 5707 6057 6056
f 5707 6056 5705
f 5705 6056 6055
f 5705 6055 5703
f 5703 6055 5594
f 5703 5594 5590
f 5590 5594 5596
f 5590 5596 5591
f 6337 6338 6339
f 6339 6338 6340
f 6339 6340 6341
f 6341 6340 6342
f 6341 6342 6343
f 6343 6342 6344
f 6343 6344 6345
f 6345 6344 6346
f 6345 6346 6347
f 6347 6346 6348
f 6347 6348 6349
f 6349 6348 6350
f 6349 6350 6351
f 6351 6350 6352
f 6351 6352 6353
f 6353 6352 6354
f 6353 6354 6355
f 6355 6354 6356
f 6355 6356 6357
f 6357 6356 6358
f 6357 6358 6359
f 6359 6358 6360
f 6359 6360 6361
f 6361 6360 6362
f 6361 6362 6363
f 6363 6362 6364
f 6363 6364 6365
f 6365 6364 6366
f 6365 6366 6367
f 6367 6366 6368
f 6367 6368 6369
f 6369 6368 6370
f 6369 6370 6371
f 6371 6370 6372
f 6371 6372 6373
f 6373 6372 6374
f 6373 6374 6375
f 6375 6374 4312
f 6375 4312 6376
f 6376 4312 4759
f 6301 6337 6302
f 6302 6337 6339
f 6302 6339 6303
f 6303 6339 6341
f 6303 6341 6304
f 6304 6341 6343
f 6304 6343 6305
f 6305 6343 6345
f 6305 6345 6306
f 6306 6345 6347
f 6306 6347 6307
f 6307 6347 6349
f 6307 6349 6309
f 6309 6349 6351
f 6309 6351 6311
f 6311 6351 6353
f 6311 6353 6313
f 6313 6353 6355
f 6313 6355 6315
f 6315 6355 6357
f 6315 6357 6317
f 6317 6357 6359
f 6317 6359 6319
f 6319 6359 6361
f 6319 6361 6321
f 6321 6361 6363
f 6321 6363 6323
f 6323 6363 6365
f 6323 6365 6325
f 6325 6365 6367
f 6325 6367 6327
f 6327 6367 6369
f 6327 6369 6329
f 6329 6369 6371
f 6329 6371 6331
f 6331 6371 6373
f 6331 6373 6333
f 6333 6373 6375
f 6333 6375 6335
f 6335 6375 6376
f 6335 6376 6336
f 6336 6376 4759
f 6336 4759 6068
f 6068 4759 4758
f 6068 4758 6044
f 6044 4758 4757
f 6044 4757 6045
f 6045 4757 4756
f 6045 4756 5979
f 5979 4756 4755
f 5979 4755 4714
f 4714 4755 4711
f 4714 4711 4697
f 4697 4711 4701
f 4697 4701 4695
f 4695 4701 4692
f 4695 4692 4693
f 4693 4692 4333
f 4693 4333 4690
f 4690 4333 4334
f 4690 4334 5971
f 4955 6377 4761
f 4761 6377 6378
f 4761 6378 4307
f 4307 6378 6379
f 4307 6379 4308
f 4308 6379 6380
f 4308 6380 4304
f 4304 6380 6381
f 4304 6381 4305
f 4305 6381 6382
f 4305 6382 4301
f 4301 6382 6383
f 4301 6383 4302
f 4302 6383 6384
f 4302 6384 4885
f 4885 6384 6385
f 4885 6385 4883
f 4883 6385 6386
f 4883 6386 6387
f 6387 6386 6388
f 6387 6388 6389
f 6389 6388 6390
f 6389 6390 6391
f 6391 6390 6392
f 6391 6392 6393
f 6393 6392 6394
f 6393 6394 6395
f 6395 6394 6396
f 6395 6396 6397
f 6397 6396 6398
f 6397 6398 6399
f 6399 6398 6400
f 6399 6400 6401
f 6401 6400 6402
f 6401 6402 6403
f 5202 4260 5144
f 5144 4260 5142
f 5144 5142 5134
f 5134 5142 5143
f 5134 5143 4997
f 4997 5143 4994
f 4997 4994 4988
f 4988 4994 4995
f 4988 4995 4983
f 4983 4995 4996
f 4983 4996 4976
f 4976 4996 5004
f 4976 5004 4977
f 4977 5004 4959
f 4977 4959 4979
f 4979 4959 4975
f 4979 4975 4981
f 4981 4975 4974
f 4981 4974 4982
f 4982 4974 4973
f 4982 4973 4987
f 4987 4973 4972
f 4987 4972 4993
f 4993 4972 4971
f 4993 4971 5003
f 5003 4971 5007
f 5003 5007 5141
f 5141 5007 5133
f 5141 5133 5152
f 5152 5133 5132
f 5152 5132 5193
f 5193 5132 5131
f 5193 5131 5191
f 5191 5131 5130
f 5191 5130 5189
f 5189 5130 5129
f 5189 5129 5187
f 5187 5129 5128
f 5187 5128 5185
f 5185 5128 5127
f 5185 5127 5183
f 5183 5127 5126
f 5183 5126 5181
f 5181 5126 5125
f 5181 5125 5179
f 5179 5125 5124
f 5179 5124 5177
f 5177 5124 5123
f 5177 5123 5175
f 5175 5123 5122
f 5175 5122 5173
f 5173 5122 5121
f 5173 5121 5171
f 5171 5121 5120
f 5171 5120 5169
f 5169 5120 5119
f 5169 5119 5167
f 5167 5119 5118
f 5167 5118 5165
f 5165 5118 5117
f 5165 5117 5163
f 5163 5117 5116
f 5163 5116 5161
f 5161 5116 5115
f 5161 5115 5159
f 5159 5115 5114
f 5159 5114 5157
f 5157 5114 5113
f 5157 5113 5155
f 5155 5113 5112
f 5155 5112 5153
f 5153 5112 5009
f 5153 5009 6404
f 6404 5009 5008
f 814 4260 5265
f 5265 4260 5202
f 5265 5202 5264
f 5264 5202 5201
f 5264 5201 5262
f 5262 5201 5200
f 5262 5200 5260
f 5260 5200 5199
f 5260 5199 5258
f 5258 5199 5198
f 5258 5198 5256
f 5256 5198 5197
f 5256 5197 5254
f 5254 5197 5196
f 5254 5196 5252
f 5252 5196 5195
f 5252 5195 5250
f 5250 5195 5194
f 5250 5194 5248
f 5248 5194 5192
f 5248 5192 5246
f 5246 5192 5190
f 5246 5190 5244
f 5244 5190 5188
f 5244 5188 5242
f 5242 5188 5186
f 5242 5186 5240
f 5240 5186 5184
f 5240 5184 5238
f 5238 5184 5182
f 5238 5182 5236
f 5236 5182 5180
f 5236 5180 5234
f 5234 5180 5178
f 5234 5178 5232
f 5232 5178 5176
f 5232 5176 5230
f 5230 5176 5174
f 5230 5174 5228
f 5228 5174 5172
f 5228 5172 5226
f 5226 5172 5170
f 5226 5170 5224
f 5224 5170 5168
f 5224 5168 5222
f 5222 5168 5166
f 5222 5166 5220
f 5220 5166 5164
f 5220 5164 5218
f 5218 5164 5162
f 5218 5162 5216
f 5216 5162 5160
f 5216 5160 5214
f 5214 5160 5158
f 5214 5158 5212
f 5212 5158 5156
f 5212 5156 5210
f 5210 5156 5154
f 5210 5154 5208
f 5208 5154 5153
f 5208 5153 5206
f 5206 5153 6404
f 5206 6404 5204
f 4827 4819 4828
f 4828 4819 4279
f 4828 4279 4829
f 4829 4279 4935
f 4829 4935 4830
f 4830 4935 4934
f 4830 4934 4831
f 4831 4934 4933
f 4831 4933 4832
f 4832 4933 4932
f 4832 4932 4833
f 4833 4932 4931
f 4833 4931 4834
f 4834 4931 4930
f 4834 4930 4956
f 4956 4930 4269
f 4956 4269 4957
f 4957 4269 4268
f 4957 4268 4969
f 4969 4268 4936
f 4969 4936 4967
f 4967 4936 4264
f 4967 4264 4965
f 4965 4264 4266
f 4965 4266 4963
f 4963 4266 4270
f 4963 4270 4961
f 4961 4270 4272
f 4961 4272 5005
f 5005 4272 4900
f 5005 4900 5006
f 5006 4900 4915
f 5006 4915 5111
f 5111 4915 4914
f 5111 4914 5093
f 5093 4914 4913
f 5093 4913 5050
f 5050 4913 4912
f 5050 4912 5048
f 5048 4912 4911
f 5048 4911 5046
f 5046 4911 4910
f 5046 4910 5044
f 5044 4910 4909
f 5044 4909 5042
f 5042 4909 4908
f 5042 4908 5040
f 5040 4908 4907
f 5040 4907 5038
f 5038 4907 4906
f 5038 4906 5036
f 5036 4906 4905
f 5036 4905 5034
f 5034 4905 4904
f 5034 4904 5032
f 5032 4904 4903
f 5032 4903 5030
f 5030 4903 4902
f 5030 4902 5028
f 5028 4902 4901
f 5028 4901 5026
f 5026 4901 4884
f 5026 4884 5024
f 5024 4884 4883
f 5024 4883 5022
f 5022 4883 6387
f 5022 6387 5020
f 5020 6387 6389
f 5020 6389 5018
f 5018 6389 6391
f 5018 6391 5016
f 5016 6391 6393
f 5016 6393 5014
f 5014 6393 6395
f 5014 6395 5012
f 5012 6395 6397
f 5012 6397 5010
f 5010 6397 6399
f 5010 6399 5008
f 5008 6399 6401
f 5008 6401 6404
f 6404 6401 6403
f 6404 6403 5204
f 6338 6403 6340
f 6340 6403 6402
f 6340 6402 6342
f 6342 6402 6400
f 6342 6400 6344
f 6344 6400 6398
f 6344 6398 6346
f 6346 6398 6396
f 6346 6396 6348
f 6348 6396 6394
f 6348 6394 6350
f 6350 6394 6392
f 6350 6392 6352
f 6352 6392 6390
f 6352 6390 6354
f 6354 6390 6388
f 6354 6388 6356
f 6356 6388 6386
f 6356 6386 6358
f 6358 6386 6385
f 6358 6385 6360
f 6360 6385 6384
f 6360 6384 6362
f 6362 6384 6383
f 6362 6383 6364
f 6364 6383 6382
f 6364 6382 6366
f 6366 6382 6381
f 6366 6381 6368
f 6368 6381 6380
f 6368 6380 6370
f 6370 6380 6379
f 6370 6379 6372
f 6372 6379 6378
f 6372 6378 6374
f 6374 6378 6377
f 6374 6377 4312
f 4312 6377 4955
f 4312 4955 4310
f 4310 4955 4857
f 4310 4857 4744
f 4744 4857 4818
f 4744 4818 4746
f 4746 4818 4715
f 4746 4715 4748
f 4748 4715 4316
f 4748 4316 4750
f 4750 4316 4318
f 4750 4318 4752
f 4752 4318 4319
f 4752 4319 4753
f 4753 4319 4321
f 4753 4321 4754
f 4754 4321 4724
f 4754 4724 4324
f 4324 4724 4726
f 4324 4726 4322
f 4322 4726 4727
f 290 5799 5621
f 5621 5799 5859
f 5621 5859 5730
f 5730 5859 5861
f 5730 5861 5728
f 5728 5861 5863
f 5728 5863 5726
f 5726 5863 5865
f 5726 5865 5724
f 5724 5865 5867
f 5724 5867 5722
f 5722 5867 5869
f 5722 5869 5720
f 5720 5869 5871
f 5720 5871 5718
f 5718 5871 5873
f 5718 5873 5716
f 5716 5873 5875
f 5716 5875 5714
f 5714 5875 4226
f 5714 4226 5928
f 5928 4226 4225
f 5928 4225 4223
f 4223 4225 6193
f 4223 6193 4221
f 4221 6193 6194
f 4221 6194 6405
f 6405 6194 6195
f 6405 6195 6406
f 6406 6195 6196
f 6406 6196 6407
f 6407 6196 6253
f 6407 6253 6408
f 6408 6253 6274
f 6408 6274 6409
f 6409 6274 6273
f 6409 6273 6410
f 6410 6273 6291
f 6410 6291 6411
f 6256 6217 6257
f 6257 6217 6216
f 6257 6216 6258
f 6258 6216 6215
f 6258 6215 6259
f 6259 6215 6214
f 6259 6214 6260
f 6260 6214 6213
f 6260 6213 6261
f 6261 6213 6212
f 6261 6212 6262
f 6262 6212 6211
f 6262 6211 6263
f 6263 6211 6255
f 6263 6255 6264
f 6264 6255 6254
f 6264 6254 6412
f 6412 6254 4190
f 6412 4190 6413
f 6413 4190 4192
f 6413 4192 6414
f 6414 4192 4373
f 6414 4373 6415
f 6415 4373 4370
f 6415 4370 4365
f 4365 4370 4372
f 4365 4372 4367
f 5326 6411 6416
f 6416 6411 6291
f 6416 6291 6417
f 6417 6291 6292
f 6417 6292 6418
f 6418 6292 6293
f 6418 6293 6419
f 6419 6293 6276
f 6419 6276 6420
f 6420 6276 6277
f 6420 6277 6242
f 6242 6277 6278
f 6242 6278 6241
f 6241 6278 6279
f 6241 6279 6240
f 6240 6279 6280
f 6240 6280 6239
f 6239 6280 6281
f 6239 6281 6238
f 6238 6281 6282
f 6238 6282 6237
f 6237 6282 6283
f 6237 6283 6236
f 6236 6283 6284
f 6236 6284 6235
f 6235 6284 6285
f 6235 6285 6234
f 6234 6285 6286
f 6234 6286 4227
f 4227 6286 4231
f 4227 4231 4228
f 4228 4231 4230
f 4228 4230 5815
f 5815 4230 5889
f 5815 5889 6256
f 6256 5889 5890
f 6256 5890 6217
f 6217 5890 5891
f 6217 5891 5902
f 5902 5891 5893
f 5902 5893 5901
f 5901 5893 4424
f 5901 4424 5900
f 5900 4424 4426
f 5900 4426 5899
f 6287 6289 6421
f 6421 6289 6422
f 6421 6422 6423
f 6423 6422 6424
f 6423 6424 6425
f 6425 6424 6426
f 6425 6426 6427
f 6427 6426 6428
f 6427 6428 6429
f 6429 6428 6430
f 6429 6430 6431
f 6431 6430 6432
f 6431 6432 6433
f 6433 6432 6434
f 6433 6434 6435
f 6435 6434 6436
f 6435 6436 6437
f 6437 6436 6438
f 6437 6438 6439
f 6439 6438 6440
f 6439 6440 6441
f 6441 6440 6442
f 6441 6442 6443
f 6443 6442 6444
f 6443 6444 6445
f 6445 6444 6446
f 6445 6446 6447
f 6447 6446 6448
f 6447 6448 6449
f 6449 6448 6450
f 6449 6450 6451
f 6451 6450 6452
f 6451 6452 6453
f 6453 6452 6454
f 6453 6454 6455
f 6455 6454 6456
f 6455 6456 6457
f 6457 6456 6458
f 6457 6458 6459
f 6459 6458 6460
f 6459 6460 6461
f 6461 6460 6462
f 6461 6462 6463
f 6463 6462 6464
f 6463 6464 6465
f 6465 6464 6466
f 6465 6466 6467
f 6467 6466 6468
f 6467 6468 6469
f 6469 6468 6470
f 6469 6470 6471
f 6471 6470 6472
f 6471 6472 6473
f 6473 6472 6474
f 6473 6474 6475
f 6475 6474 6476
f 6475 6476 6477
f 6477 6476 6478
f 6477 6478 6479
f 6479 6478 6480
f 6479 6480 6481
f 6481 6480 6482
f 6481 6482 6483
f 6483 6482 5382
f 6483 5382 5383
f 5383 5382 2368
f 5383 2368 2366
f 6233 6288 6242
f 6242 6288 6287
f 6242 6287 6420
f 6420 6287 6421
f 6420 6421 6419
f 6419 6421 6423
f 6419 6423 6418
f 6418 6423 6425
f 6418 6425 6417
f 6417 6425 6427
f 6417 6427 6416
f 6416 6427 6429
f 6416 6429 5326
f 5326 6429 6431
f 5326 6431 5327
f 5327 6431 6433
f 5327 6433 5329
f 5329 6433 6435
f 5329 6435 5331
f 5331 6435 6437
f 5331 6437 5333
f 5333 6437 6439
f 5333 6439 5335
f 5335 6439 6441
f 5335 6441 5337
f 5337 6441 6443
f 5337 6443 5339
f 5339 6443 6445
f 5339 6445 5341
f 5341 6445 6447
f 5341 6447 5343
f 5343 6447 6449
f 5343 6449 5345
f 5345 6449 6451
f 5345 6451 5347
f 5347 6451 6453
f 5347 6453 5349
f 5349 6453 6455
f 5349 6455 5351
f 5351 6455 6457
f 5351 6457 5353
f 5353 6457 6459
f 5353 6459 5355
f 5355 6459 6461
f 5355 6461 5357
f 5357 6461 6463
f 5357 6463 5359
f 5359 6463 6465
f 5359 6465 5361
f 5361 6465 6467
f 5361 6467 5363
f 5363 6467 6469
f 5363 6469 5365
f 5365 6469 6471
f 5365 6471 5367
f 5367 6471 6473
f 5367 6473 5369
f 5369 6473 6475
f 5369 6475 5371
f 5371 6475 6477
f 5371 6477 5373
f 5373 6477 6479
f 5373 6479 5375
f 5375 6479 6481
f 5375 6481 5377
f 5377 6481 6483
f 5377 6483 5379
f 5379 6483 5383
f 5379 5383 5325
f 5325 5383 2365
f 5325 2365 2371
f 5436 6484 5437
f 5437 6484 6485
f 5437 6485 6486
f 6486 6485 6487
f 6486 6487 6488
f 6488 6487 6489
f 6488 6489 6490
f 6490 6489 6491
f 6490 6491 6492
f 6492 6491 6493
f 6492 6493 6494
f 6494 6493 6495
f 6494 6495 6496
f 6497 6498 6499
f 6499 6498 6500
f 6499 6500 6501
f 6501 6500 6502
f 6501 6502 6503
f 6503 6502 6504
f 6503 6504 6505
f 6505 6504 6506
f 6505 6506 6507
f 6507 6506 6508
f 6507 6508 6509
f 6509 6508 6510
f 6509 6510 6511
f 6511 6510 6512
f 6511 6512 6513
f 6513 6512 6514
f 6513 6514 6515
f 6515 6514 6516
f 6515 6516 6517
f 6517 6516 6518
f 6517 6518 6519
f 6519 6518 6520
f 6519 6520 6521
f 6521 6520 6522
f 6521 6522 6523
f 6523 6522 6524
f 6523 6524 6525
f 6525 6524 6526
f 6525 6526 6527
f 6527 6526 6528
f 6527 6528 6529
f 6529 6528 6530
f 6529 6530 6531
f 6531 6530 6532
f 6531 6532 6533
f 6533 6532 6534
f 6533 6534 6535
f 6535 6534 6536
f 6535 6536 6537
f 6537 6536 6538
f 6537 6538 6539
f 6539 6538 6540
f 6539 6540 6541
f 6541 6540 6542
f 6541 6542 6543
f 6543 6542 6544
f 6543 6544 6545
f 6545 6544 6546
f 6545 6546 6547
f 6547 6546 6548
f 6547 6548 6549
f 6549 6548 6550
f 6549 6550 6551
f 6551 6550 6552
f 6551 6552 6553
f 6553 6552 6554
f 6553 6554 6555
f 6555 6554 6556
f 6555 6556 6557
f 6557 6556 6558
f 6557 6558 6559
f 6559 6558 5438
f 6559 5438 5439
f 5439 5438 2353
f 5439 2353 2352
f 2349 5384 5439
f 5439 5384 5387
f 5439 5387 6559
f 6559 5387 5389
f 6559 5389 6557
f 6557 5389 5391
f 6557 5391 6555
f 6555 5391 5393
f 6555 5393 6553
f 6553 5393 5395
f 6553 5395 6551
f 6551 5395 5397
f 6551 5397 6549
f 6549 5397 5399
f 6549 5399 6547
f 6547 5399 5401
f 6547 5401 6545
f 6545 5401 5403
f 6545 5403 6543
f 6543 5403 5405
f 6543 5405 6541
f 6541 5405 5407
f 6541 5407 6539
f 6539 5407 5409
f 6539 5409 6537
f 6537 5409 5411
f 6537 5411 6535
f 6535 5411 5413
f 6535 5413 6533
f 6533 5413 5415
f 6533 5415 6531
f 6531 5415 5417
f 6531 5417 6529
f 6529 5417 5419
f 6529 5419 6527
f 6527 5419 5421
f 6527 5421 6525
f 6525 5421 5423
f 6525 5423 6523
f 6523 5423 5425
f 6523 5425 6521
f 6521 5425 5427
f 6521 5427 6519
f 6519 5427 5429
f 6519 5429 6517
f 6517 5429 5431
f 6517 5431 6515
f 6515 5431 5433
f 6515 5433 6513
f 6513 5433 5435
f 6513 5435 6511
f 6511 5435 5437
f 6511 5437 6509
f 6509 5437 6486
f 6509 6486 6507
f 6507 6486 6488
f 6507 6488 6505
f 6505 6488 6490
f 6505 6490 6503
f 6503 6490 6492
f 6503 6492 6501
f 6501 6492 6494
f 6501 6494 6499
f 6499 6494 6496
f 6499 6496 6497
f 2364 5382 5385
f 5385 5382 6482
f 5385 6482 5386
f 5386 6482 6480
f 5386 6480 5388
f 5388 6480 6478
f 5388 6478 5390
f 5390 6478 6476
f 5390 6476 5392
f 5392 6476 6474
f 5392 6474 5394
f 5394 6474 6472
f 5394 6472 5396
f 5396 6472 6470
f 5396 6470 5398
f 5398 6470 6468
f 5398 6468 5400
f 5400 6468 6466
f 5400 6466 5402
f 5402 6466 6464
f 5402 6464 5404
f 5404 6464 6462
f 5404 6462 5406
f 5406 6462 6460
f 5406 6460 5408
f 5408 6460 6458
f 5408 6458 5410
f 5410 6458 6456
f 5410 6456 5412
f 5412 6456 6454
f 5412 6454 5414
f 5414 6454 6452
f 5414 6452 5416
f 5416 6452 6450
f 5416 6450 5418
f 5418 6450 6448
f 5418 6448 5420
f 5420 6448 6446
f 5420 6446 5422
f 5422 6446 6444
f 5422 6444 5424
f 5424 6444 6442
f 5424 6442 5426
f 5426 6442 6440
f 5426 6440 5428
f 5428 6440 6438
f 5428 6438 5430
f 5430 6438 6436
f 5430 6436 5432
f 5432 6436 6434
f 5432 6434 5434
f 5434 6434 6432
f 5434 6432 5436
f 5436 6432 6430
f 5436 6430 6484
f 6484 6430 6428
f 6484 6428 6485
f 6485 6428 6426
f 6485 6426 6487
f 6487 6426 6424
f 6487 6424 6489
f 6489 6424 6422
f 6489 6422 6491
f 6491 6422 6289
f 6491 6289 6493
f 6493 6289 6288
f 6493 6288 6495
f 6495 6288 6233
f 6495 6233 6496
f 6496 6233 6232
f 6496 6232 6497
f 6497 6232 6265
f 6497 6265 6498
f 5053 6560 5051
f 5051 6560 6561
f 5051 6561 6562
f 6562 6561 6563
f 6562 6563 6564
f 6564 6563 6565
f 6564 6565 6566
f 6566 6565 6567
f 6566 6567 6568
f 6568 6567 6569
f 6568 6569 6570
f 6570 6569 6571
f 6570 6571 6572
f 6572 6571 6573
f 6572 6573 6574
f 6575 6576 6577
f 6577 6576 6578
f 6577 6578 6579
f 6579 6578 6580
f 6579 6580 6581
f 6581 6580 6582
f 6581 6582 6583
f 6583 6582 6584
f 6583 6584 6585
f 6585 6584 6586
f 6585 6586 6587
f 6587 6586 6588
f 6587 6588 6589
f 6589 6588 6590
f 6589 6590 6591
f 6591 6590 6592
f 6591 6592 6593
f 6593 6592 6594
f 6593 6594 6595
f 6595 6594 6596
f 6595 6596 6597
f 6597 6596 6598
f 6597 6598 6599
f 6599 6598 6600
f 6599 6600 6601
f 6601 6600 6602
f 6601 6602 6603
f 6603 6602 6604
f 6603 6604 6605
f 6605 6604 6606
f 6605 6606 6607
f 6607 6606 6608
f 6607 6608 6609
f 6609 6608 6610
f 6609 6610 6611
f 6611 6610 6612
f 6611 6612 6613
f 6613 6612 6614
f 6613 6614 6615
f 6615 6614 6616
f 6615 6616 6617
f 6617 6616 6618
f 6617 6618 6619
f 6619 6618 6620
f 6619 6620 6621
f 6621 6620 6622
f 6621 6622 6623
f 6623 6622 6624
f 6623 6624 6625
f 6625 6624 6626
f 6625 6626 6627
f 6627 6626 6628
f 6627 6628 6629
f 6629 6628 6630
f 6629 6630 6631
f 6631 6630 6632
f 6631 6632 6633
f 6633 6632 5487
f 6633 5487 5488
f 5488 5487 2338
f 5488 2338 2336
f 6574 6575 6572
f 6572 6575 6577
f 6572 6577 6570
f 6570 6577 6579
f 6570 6579 6568
f 6568 6579 6581
f 6568 6581 6566
f 6566 6581 6583
f 6566 6583 6564
f 6564 6583 6585
f 6564 6585 6562
f 6562 6585 6587
f 6562 6587 5051
f 5051 6587 6589
f 5051 6589 5052
f 5052 6589 6591
f 5052 6591 5441
f 5441 6591 6593
f 5441 6593 5443
f 5443 6593 6595
f 5443 6595 5445
f 5445 6595 6597
f 5445 6597 5447
f 5447 6597 6599
f 5447 6599 5449
f 5449 6599 6601
f 5449 6601 5451
f 5451 6601 6603
f 5451 6603 5453
f 5453 6603 6605
f 5453 6605 5455
f 5455 6605 6607
f 5455 6607 5457
f 5457 6607 6609
f 5457 6609 5459
f 5459 6609 6611
f 5459 6611 5461
f 5461 6611 6613
f 5461 6613 5463
f 5463 6613 6615
f 5463 6615 5465
f 5465 6615 6617
f 5465 6617 5467
f 5467 6617 6619
f 5467 6619 5469
f 5469 6619 6621
f 5469 6621 5471
f 5471 6621 6623
f 5471 6623 5473
f 5473 6623 6625
f 5473 6625 5475
f 5475 6625 6627
f 5475 6627 5477
f 5477 6627 6629
f 5477 6629 5479
f 5479 6629 6631
f 5479 6631 5481
f 5481 6631 6633
f 5481 6633 5483
f 5483 6633 5488
f 5483 5488 5485
f 5485 5488 2342
f 5485 2342 2340
f 6576 5054 6578
f 6578 5054 5056
f 6578 5056 6580
f 6580 5056 5058
f 6580 5058 6582
f 6582 5058 5060
f 6582 5060 6584
f 6584 5060 5062
f 6584 5062 6586
f 6586 5062 5534
f 6586 5534 6588
f 6588 5534 5533
f 6588 5533 6590
f 6590 5533 5531
f 6590 5531 6592
f 6592 5531 5529
f 6592 5529 6594
f 6594 5529 5527
f 6594 5527 6596
f 6596 5527 5525
f 6596 5525 6598
f 6598 5525 5523
f 6598 5523 6600
f 6600 5523 5521
f 6600 5521 6602
f 6602 5521 5519
f 6602 5519 6604
f 6604 5519 5517
f 6604 5517 6606
f 6606 5517 5515
f 6606 5515 6608
f 6608 5515 5513
f 6608 5513 6610
f 6610 5513 5511
f 6610 5511 6612
f 6612 5511 5509
f 6612 5509 6614
f 6614 5509 5507
f 6614 5507 6616
f 6616 5507 5505
f 6616 5505 6618
f 6618 5505 5503
f 6618 5503 6620
f 6620 5503 5501
f 6620 5501 6622
f 6622 5501 5499
f 6622 5499 6624
f 6624 5499 5497
f 6624 5497 6626
f 6626 5497 5495
f 6626 5495 6628
f 6628 5495 5493
f 6628 5493 6630
f 6630 5493 5491
f 6630 5491 6632
f 6632 5491 5490
f 6632 5490 5487
f 5487 5490 2334
f 5487 2334 2332
f 2344 5438 5486
f 5486 5438 6558
f 5486 6558 5484
f 5484 6558 6556
f 5484 6556 5482
f 5482 6556 6554
f 5482 6554 5480
f 5480 6554 6552
f 5480 6552 5478
f 5478 6552 6550
f 5478 6550 5476
f 5476 6550 6548
f 5476 6548 5474
f 5474 6548 6546
f 5474 6546 5472
f 5472 6546 6544
f 5472 6544 5470
f 5470 6544 6542
f 5470 6542 5468
f 5468 6542 6540
f 5468 6540 5466
f 5466 6540 6538
f 5466 6538 5464
f 5464 6538 6536
f 5464 6536 5462
f 5462 6536 6534
f 5462 6534 5460
f 5460 6534 6532
f 5460 6532 5458
f 5458 6532 6530
f 5458 6530 5456
f 5456 6530 6528
f 5456 6528 5454
f 5454 6528 6526
f 5454 6526 5452
f 5452 6526 6524
f 5452 6524 5450
f 5450 6524 6522
f 5450 6522 5448
f 5448 6522 6520
f 5448 6520 5446
f 5446 6520 6518
f 5446 6518 5444
f 5444 6518 6516
f 5444 6516 5442
f 5442 6516 6514
f 5442 6514 5440
f 5440 6514 6512
f 5440 6512 5053
f 5053 6512 6510
f 5053 6510 6560
f 6560 6510 6508
f 6560 6508 6561
f 6561 6508 6506
f 6561 6506 6563
f 6563 6506 6504
f 6563 6504 6565
f 6565 6504 6502
f 6565 6502 6567
f 6567 6502 6500
f 6567 6500 6569
f 6569 6500 6498
f 6569 6498 6571
f 6571 6498 6265
f 6571 6265 6573
f 6573 6265 6264
f 6573 6264 6574
f 6574 6264 6412
f 6574 6412 6575
f 6575 6412 6413
f 6575 6413 6576
f 6576 6413 6414
f 6576 6414 5054
f 5054 6414 6415
f 5054 6415 5055
f 5055 6415 4365
f 5055 4365 5066
f 5066 4365 4362
f 5066 4362 4686
f 4686 4362 4361
f 4686 4361 4684
f 218 217 4252
f 4252 217 5904
f 4252 5904 5704
f 5704 5904 5905
f 5704 5905 5706
f 5706 5905 5907
f 5706 5907 5708
f 5708 5907 5909
f 5708 5909 5710
f 5710 5909 5911
f 5710 5911 5712
f 5712 5911 5913
f 5712 5913 6042
f 6042 5913 5915
f 6042 5915 6040
f 6040 5915 5917
f 6040 5917 6038
f 6038 5917 5919
f 6038 5919 6036
f 6036 5919 5921
f 6036 5921 6034
f 6034 5921 6101
f 6034 6101 6032
f 6032 6101 6155
f 6032 6155 6030
f 6030 6155 6136
f 6030 6136 6028
f 6028 6136 4728
f 6028 4728 6026
f 6026 4728 4730
f 6026 4730 6024
f 6024 4730 4731
f 6024 4731 6334
f 6334 4731 4733
f 6334 4733 6332
f 6332 4733 4735
f 6332 4735 6330
f 6330 4735 4741
f 6330 4741 6328
f 6328 4741 4742
f 6328 4742 6326
f 6326 4742 6182
f 6326 6182 6324
f 6324 6182 6183
f 6324 6183 6322
f 6322 6183 6184
f 6322 6184 6320
f 6320 6184 6185
f 6320 6185 6318
f 6318 6185 6186
f 6318 6186 6316
f 6316 6186 6187
f 6316 6187 6314
f 6314 6187 6188
f 6314 6188 6312
f 6312 6188 6189
f 6312 6189 6310
f 6310 6189 6190
f 6310 6190 6308
f 6308 6190 6191
f 6308 6191 6294
f 6294 6191 6192
f 6294 6192 6272
f 6272 6192 6128
f 6272 6128 6270
f 6270 6128 4198
f 6270 4198 6268
f 6268 4198 4197
f 6268 4197 6266
f 6266 4197 5945
f 6266 5945 4193
f 4193 5945 4222
f 4193 4222 4194
f 4194 4222 4221
f 4194 4221 6300
f 6300 4221 6405
f 6300 6405 6301
f 6301 6405 6406
f 6301 6406 6337
f 6337 6406 6407
f 6337 6407 6338
f 6338 6407 6408
f 6338 6408 6403
f 6403 6408 6409
f 6403 6409 5204
f 5204 6409 6410
f 5204 6410 5205
f 5205 6410 6411
f 5205 6411 5267
f 5267 6411 5326
f 5267 5326 5268
f 5268 5326 5328
f 5268 5328 5270
f 5270 5328 5330
f 5270 5330 5272
f 5272 5330 5332
f 5272 5332 5274
f 5274 5332 5334
f 5274 5334 5276
f 5276 5334 5336
f 5276 5336 5278
f 5278 5336 5338
f 5278 5338 5280
f 5280 5338 5340
f 5280 5340 5282
f 5282 5340 5342
f 5282 5342 5284
f 5284 5342 5344
f 5284 5344 5286
f 5286 5344 5346
f 5286 5346 5288
f 5288 5346 5348
f 5288 5348 5290
f 5290 5348 5350
f 5290 5350 5292
f 5292 5350 5352
f 5292 5352 5294
f 5294 5352 5354
f 5294 5354 5296
f 5296 5354 5356
f 5296 5356 5298
f 5298 5356 5358
f 5298 5358 5300
f 5300 5358 5360
f 5300 5360 5302
f 5302 5360 5362
f 5302 5362 5304
f 5304 5362 5364
f 5304 5364 5306
f 5306 5364 5366
f 5306 5366 5308
f 5308 5366 5368
f 5308 5368 5310
f 5310 5368 5370
f 5310 5370 5312
f 5312 5370 5372
f 5312 5372 5314
f 5314 5372 5374
f 5314 5374 5316
f 5316 5374 5376
f 5316 5376 5318
f 5318 5376 5378
f 5318 5378 5320
f 5320 5378 5380
f 5320 5380 5322
f 5322 5380 5381
f 5322 5381 5266
f 5266 5381 2379
f 5266 2379 2377
f 6634 6635 6636
f 6637 6638 6639
f 5926 5924 6640
f 6641 6642 6643
f 6644 6645 6646
f 6647 6648 6645
f 6649 6650 6648
f 6651 6652 116
f 146 145 6653
f 152 153 6654
f 6655 6656 6657
f 6658 6659 6660
f 6659 6658 6661
f 158 157 6662
f 162 161 6663
f 6664 6665 165
f 165 6665 163
f 6666 6667 173
f 6668 6669 6670
f 184 189 6671
f 204 203 6669
f 200 205 6672
f 212 211 6673
f 208 213 6674
f 6675 6676 6677
f 74 79 6678
f 904 907 6679
f 901 902 6680
f 6681 6682 6683
f 6684 6685 6686
f 891 890 6687
f 6688 6689 6690
f 6691 6692 6693
f 868 872 6694
f 6695 6696 6697
f 6698 6699 6700
f 6701 6702 6703
f 6704 6705 6702
f 6706 6707 6708
f 6708 6707 6709
f 6710 6711 6712
f 6713 6714 6715
f 6716 6717 6718
f 6719 6720 6721
f 6722 6723 6724
f 6725 6726 6727
f 6728 6729 6730
f 6731 6732 6733
f 6734 6735 6736
f 6737 6738 6739
f 6740 6741 6742
f 6742 6741 6743
f 6744 6745 6746
f 6747 6748 6749
f 25 6750 26
f 26 6750 6751
f 26 6751 21
f 6752 23 6753
f 6753 23 22
f 6753 22 6754
f 6752 6755 23
f 23 6755 6756
f 23 6756 25
f 25 6756 6750
f 6754 22 6757
f 6757 22 31
f 6757 31 6758
f 6759 6760 28
f 28 6760 6761
f 28 6761 30
f 30 6761 6762
f 30 6762 31
f 31 6762 6763
f 31 6763 6758
f 33 6764 6765
f 33 6765 34
f 6765 6766 34
f 34 6766 6767
f 34 6767 28
f 28 6767 6768
f 28 6768 6759
f 36 6769 6770
f 6770 6771 36
f 36 6771 6772
f 36 6772 37
f 6772 6773 37
f 37 6773 6774
f 37 6774 33
f 33 6774 6775
f 33 6775 6764
f 6776 6777 6778
f 6778 6779 6776
f 6776 6779 6780
f 6776 6780 6781
f 6782 6783 6784
f 6784 6783 6785
f 6785 6786 6784
f 6784 6786 6787
f 6784 6787 6776
f 6776 6787 6788
f 6776 6788 6777
f 6789 6790 6791
f 6789 6791 6792
f 6792 6791 6793
f 6792 6793 6794
f 6795 6796 6797
f 6797 6796 6798
f 6797 6798 6789
f 6789 6798 6799
f 6789 6799 6790
f 6800 6801 6802
f 6802 6801 6803
f 6802 6803 6677
f 6677 6803 6804
f 6677 6804 6805
f 6800 6802 6806
f 6806 6802 6807
f 6806 6807 6808
f 6808 6807 6809
f 6808 6809 6810
f 6810 6809 6811
f 6811 6809 6812
f 6811 6812 6813
f 6813 6812 6814
f 6814 6812 6815
f 6814 6815 6816
f 6816 6815 6817
f 6817 6815 6818
f 6817 6818 6819
f 6819 6818 6820
f 6820 6818 6821
f 6820 6821 6822
f 6822 6821 6823
f 6823 6821 6824
f 6823 6824 6825
f 6825 6824 6826
f 6826 6824 6827
f 6826 6827 6828
f 6828 6827 6829
f 6829 6827 6830
f 6829 6830 6831
f 6831 6830 6832
f 6832 6830 6833
f 6832 6833 6834
f 6834 6833 6835
f 6835 6833 6836
f 6835 6836 6837
f 6837 6836 6838
f 6838 6836 6839
f 6838 6839 6840
f 6840 6839 6841
f 6841 6839 6842
f 6841 6842 6843
f 6843 6842 6844
f 6844 6842 6845
f 6844 6845 6846
f 6846 6845 6847
f 6847 6845 6678
f 6847 6678 6848
f 6848 6678 6849
f 6849 6678 6850
f 6849 6850 6851
f 6851 6850 6852
f 6852 6850 6853
f 6852 6853 6854
f 6854 6853 6855
f 6854 6855 6856
f 6857 6858 6859
f 6859 6858 6860
f 6859 6860 6855
f 6855 6860 6861
f 6855 6861 6856
f 6862 6863 6864
f 6864 6863 6865
f 6864 6865 6866
f 6867 6868 6862
f 6862 6868 6869
f 6862 6869 6863
f 6748 6870 6749
f 6749 6870 6871
f 6749 6871 6872
f 6872 6871 6873
f 6872 6873 6867
f 6747 6749 6874
f 6874 6749 6875
f 6874 6875 6876
f 6876 6875 6877
f 6877 6875 6878
f 6877 6878 6879
f 6880 6881 6878
f 6878 6881 6882
f 6878 6882 6879
f 6880 6883 6884
f 6884 6883 6885
f 6884 6885 6886
f 6887 6888 6885
f 6885 6888 6889
f 6885 6889 6886
f 6890 6891 6892
f 6892 6891 6893
f 6892 6893 6887
f 6887 6893 6894
f 6887 6894 6888
f 6890 6892 6895
f 6895 6892 6896
f 6895 6896 6897
f 6897 6896 6898
f 6898 6896 6899
f 6898 6899 6900
f 6901 6902 6899
f 6899 6902 6903
f 6899 6903 6900
f 6904 6905 6906
f 6907 6908 6904
f 6904 6908 6905
f 6909 6910 6911
f 6911 6910 6912
f 6911 6912 6907
f 6907 6912 6913
f 6907 6913 6914
f 6914 6915 6907
f 6907 6915 6908
f 6916 6917 6918
f 6918 6919 6916
f 6916 6919 6920
f 6916 6920 6911
f 6911 6920 6921
f 6911 6921 6909
f 6922 6923 6916
f 6916 6923 6924
f 6916 6924 6917
f 6925 6643 6926
f 6926 6643 6642
f 6926 6642 6927
f 6927 6642 6928
f 6929 6930 6641
f 6641 6930 6931
f 6641 6931 6932
f 6932 6933 6641
f 6641 6933 6934
f 6641 6934 6642
f 6642 6934 6935
f 6642 6935 6928
f 6936 6937 6938
f 6938 6937 6939
f 6938 6939 6940
f 6940 6939 6941
f 6940 6941 6942
f 6745 6744 6938
f 6938 6744 6943
f 6938 6943 6936
f 6944 6945 6946
f 6946 6945 6947
f 6947 6948 6946
f 6946 6948 6949
f 6946 6949 6950
f 6951 6952 6944
f 6944 6952 6953
f 6944 6953 6945
f 6954 6955 6956
f 6956 6955 6957
f 6956 6957 6958
f 6959 6960 6954
f 6954 6960 6961
f 6954 6961 6955
f 6962 6963 6964
f 6964 6963 6965
f 6964 6965 6954
f 6954 6965 6966
f 6954 6966 6959
f 6967 6968 6969
f 6967 6969 6964
f 6964 6969 6970
f 6964 6970 6962
f 6971 6972 6967
f 6967 6972 6973
f 6967 6973 6968
f 6974 6975 6976
f 6976 6977 6974
f 6974 6977 6978
f 6974 6978 6979
f 6979 6978 6980
f 6979 6980 6981
f 6974 6982 6983
f 6984 6985 6983
f 6983 6985 6986
f 6983 6986 6974
f 6974 6986 6987
f 6974 6987 6975
f 6988 6989 6983
f 6983 6989 6990
f 6983 6990 6984
f 6991 6992 6993
f 6993 6992 6994
f 6993 6994 6995
f 6996 6997 6998
f 6999 7000 7001
f 7001 7000 7002
f 7003 7004 6996
f 6996 7004 7005
f 6996 7005 6997
f 7006 7007 7008
f 7008 7007 7009
f 7010 7011 7007
f 7007 7011 7012
f 7007 7012 7009
f 7013 7014 7015
f 7015 7014 7016
f 7015 7016 7010
f 7010 7016 7017
f 7010 7017 7011
f 7018 7019 7020
f 7020 7019 7021
f 7020 7021 7022
f 7023 7024 7025
f 7026 7027 6727
f 6727 7027 7028
f 6727 7028 6725
f 7029 7030 7031
f 5971 7032 7033
f 5971 4334 7032
f 7032 4334 4332
f 7032 4332 7034
f 7034 4332 4331
f 7034 4331 7035
f 4331 4329 7035
f 7035 4329 4328
f 7035 4328 7036
f 7037 7038 7039
f 7039 7038 7040
f 7039 7040 7041
f 7042 7037 7043
f 7043 7037 7039
f 7043 7039 7044
f 7044 7039 7041
f 7044 7041 7045
f 7045 7041 7046
f 7045 7046 7047
f 6710 7042 7048
f 7048 7042 7043
f 7048 7043 7049
f 7049 7043 7044
f 7049 7044 7050
f 7050 7044 7045
f 7050 7045 7051
f 7051 7045 7047
f 7051 7047 7052
f 7053 7054 7055
f 7055 7054 6709
f 7056 7057 7058
f 7058 7057 7059
f 7058 7059 7060
f 7060 7059 7061
f 7060 7061 7062
f 4328 4698 7036
f 7036 4698 4326
f 7036 4326 7063
f 7063 4326 4325
f 7063 4325 7064
f 7065 7066 7067
f 7067 7066 7068
f 7067 7068 7038
f 7038 7068 7069
f 7038 7069 7040
f 7040 7069 7070
f 7040 7070 7041
f 6710 6712 7042
f 7042 6712 7071
f 7042 7071 7037
f 7037 7071 7072
f 7037 7072 7038
f 7038 7072 7073
f 7038 7073 7067
f 7067 7073 7074
f 7067 7074 7065
f 4325 4323 7064
f 7064 4323 4322
f 7064 4322 7075
f 7076 7077 7078
f 7078 7079 7076
f 7076 7079 7080
f 7076 7080 7074
f 7074 7080 7081
f 7074 7081 7065
f 7082 7052 7083
f 7083 7052 7047
f 7083 7047 7084
f 7084 7047 7046
f 7084 7046 7085
f 7085 7046 7041
f 7085 7041 7086
f 7086 7041 7070
f 7086 7070 7087
f 7087 7070 7069
f 7087 7069 7088
f 7088 7069 7068
f 7088 7068 7089
f 7089 7068 7066
f 7089 7066 7090
f 7090 7066 7065
f 7090 7065 7091
f 7091 7065 7081
f 7091 7081 7092
f 7092 7081 7080
f 7092 7080 7093
f 7093 7080 7079
f 7093 7079 7094
f 7094 7079 7078
f 7094 7078 7095
f 7095 7078 7096
f 7096 7097 7095
f 7095 7097 7098
f 7095 7098 7094
f 7094 7098 7099
f 7094 7099 7093
f 7093 7099 7100
f 7093 7100 7092
f 7092 7100 7101
f 7092 7101 7091
f 7091 7101 7102
f 7091 7102 7090
f 7090 7102 7103
f 7090 7103 7089
f 7089 7103 7104
f 7089 7104 7088
f 7088 7104 7105
f 7088 7105 7087
f 7087 7105 7106
f 7087 7106 7086
f 7086 7106 7107
f 7086 7107 7085
f 7085 7107 7062
f 7085 7062 7084
f 7084 7062 7061
f 7084 7061 7083
f 7083 7061 7059
f 7083 7059 7082
f 7082 7059 7057
f 7108 6705 7109
f 7109 6705 6704
f 7109 6704 7110
f 7110 7111 7109
f 7109 7111 7112
f 7109 7112 7108
f 6702 6701 6704
f 6704 6701 7113
f 6704 7113 7110
f 7110 7113 7114
f 7110 7114 7111
f 7111 7114 7115
f 7111 7115 7116
f 7117 7116 7118
f 7118 7116 7115
f 7118 7115 7119
f 7119 7115 7114
f 7119 7114 7120
f 7120 7114 7113
f 7120 7113 7121
f 7121 7113 6701
f 7121 6701 7122
f 7122 6701 6703
f 7122 6703 7123
f 7112 7124 7108
f 7108 7124 7125
f 7108 7125 6705
f 6705 7125 7126
f 6705 7126 6702
f 6702 7126 7127
f 6702 7127 6703
f 6703 7127 7128
f 6703 7128 7123
f 7123 7128 7129
f 7123 7129 7130
f 7130 7129 7131
f 7130 7131 6700
f 6699 7132 7133
f 7133 7132 7134
f 7133 7134 7135
f 7135 7134 7136
f 7135 7136 7137
f 7137 7136 7138
f 7139 7138 7140
f 7140 7138 7136
f 7140 7136 7141
f 7141 7136 7134
f 7141 7134 7142
f 7142 7134 7132
f 7142 7132 7143
f 6700 6699 7130
f 7130 6699 7133
f 7130 7133 7123
f 7123 7133 7135
f 7123 7135 7122
f 7122 7135 7137
f 7122 7137 7121
f 7121 7137 7138
f 7121 7138 7120
f 7120 7138 7139
f 7120 7139 7119
f 7144 7145 7146
f 7146 7145 7147
f 7146 7147 7148
f 7148 7147 7149
f 7148 7149 7150
f 7150 7149 7151
f 7150 7151 7152
f 7152 7151 7153
f 7152 7153 7154
f 7154 7153 7155
f 7154 7155 7156
f 7156 7155 7157
f 7156 7157 7158
f 7158 7157 7159
f 7158 7159 7160
f 7145 7161 7147
f 7147 7161 7162
f 7147 7162 7149
f 7149 7162 7163
f 7149 7163 7151
f 7151 7163 7164
f 7151 7164 7153
f 7153 7164 7165
f 7153 7165 7155
f 7155 7165 7166
f 7155 7166 7157
f 7157 7166 7167
f 7157 7167 7159
f 7168 7169 7170
f 7170 7169 7171
f 7170 7171 7172
f 7172 7171 7173
f 7172 7173 7174
f 7174 7173 7175
f 7174 7175 7176
f 7176 7175 7177
f 7176 7177 7178
f 7178 7177 7179
f 7178 7179 7180
f 7181 7144 7182
f 7182 7144 7146
f 7182 7146 7183
f 7183 7146 7148
f 7183 7148 7184
f 7184 7148 7150
f 7184 7150 7185
f 7185 7150 7152
f 7185 7152 7186
f 7186 7152 7154
f 7186 7154 7187
f 7187 7154 7156
f 7187 7156 7188
f 7188 7156 7158
f 7188 7158 7189
f 7189 7158 7160
f 7189 7160 7190
f 7169 7191 7171
f 7171 7191 7192
f 7171 7192 7173
f 7173 7192 7193
f 7173 7193 7175
f 7175 7193 7194
f 7175 7194 7177
f 7177 7194 7195
f 7177 7195 7179
f 7143 7132 7196
f 7196 7132 6699
f 7196 6699 7197
f 7197 6699 6698
f 7197 6698 7198
f 7131 7199 6700
f 6700 7199 7200
f 6700 7200 6698
f 6698 7200 7201
f 6698 7201 7198
f 7198 7201 7202
f 7198 7202 7203
f 7203 7202 6697
f 7203 6697 7204
f 7204 6697 6696
f 7204 6696 7205
f 7199 7206 7200
f 7200 7206 7207
f 7200 7207 7201
f 7201 7207 7208
f 7201 7208 7202
f 7202 7208 7209
f 7202 7209 6697
f 6697 7209 7210
f 6697 7210 6695
f 6695 7210 7211
f 4322 4727 7075
f 7075 4727 4299
f 7075 4299 7212
f 7212 4299 4298
f 7212 4298 7213
f 4298 4296 7213
f 7213 4296 4295
f 7213 4295 7214
f 7215 7216 7217
f 7217 7216 7218
f 4295 4293 7214
f 7214 4293 4292
f 7214 4292 7219
f 7077 7218 7078
f 7078 7218 7216
f 7078 7216 7096
f 7096 7216 7215
f 7096 7215 7220
f 7217 7221 7215
f 7215 7221 7222
f 7215 7222 7220
f 7220 7222 7223
f 7220 7223 7224
f 7224 7225 7220
f 7220 7225 7226
f 7220 7226 7096
f 7096 7226 7227
f 7096 7227 7097
f 7221 7228 7222
f 7222 7228 7229
f 7222 7229 7223
f 7223 7229 7230
f 7223 7230 7224
f 7224 7230 7231
f 7224 7231 7232
f 6707 7056 6709
f 6709 7056 7058
f 6709 7058 7055
f 7055 7058 7060
f 7055 7060 7053
f 7053 7060 7062
f 7053 7062 7233
f 7233 7062 7107
f 7233 7107 7234
f 7234 7107 7106
f 7234 7106 7235
f 7235 7106 7105
f 7235 7105 7236
f 7236 7105 7104
f 7236 7104 7237
f 7237 7104 7103
f 7237 7103 7238
f 7238 7103 7102
f 7238 7102 7239
f 7239 7102 7101
f 7239 7101 7240
f 7240 7101 7100
f 7240 7100 7241
f 7241 7100 7099
f 7241 7099 7242
f 7242 7099 7098
f 7242 7098 7243
f 7243 7098 7097
f 7243 7097 7244
f 7244 7097 7227
f 7244 7227 7245
f 7245 7227 7226
f 7245 7226 7246
f 7246 7226 7225
f 7246 7225 7247
f 7247 7225 7224
f 7247 7224 7248
f 7248 7224 7232
f 4292 4804 7219
f 7219 4804 4281
f 7219 4281 7249
f 7249 4281 4280
f 7249 4280 7250
f 4280 4278 7250
f 7250 4278 4277
f 7250 4277 7251
f 6692 7252 7253
f 4276 7254 4827
f 4827 7254 7251
f 4827 7251 4819
f 4819 7251 4277
f 4276 788 803
f 7255 866 868
f 4276 803 7254
f 7254 803 863
f 7254 863 865
f 6689 6691 7256
f 6691 6693 7256
f 7256 6693 7257
f 7256 7257 7258
f 7258 7257 7259
f 7258 7259 7260
f 7259 871 870
f 7261 876 878
f 6688 6690 7262
f 7262 6690 7263
f 7262 7263 7264
f 7264 7263 7261
f 7264 7261 7265
f 7265 7261 878
f 7265 878 882
f 7259 870 7260
f 7260 870 873
f 7260 873 875
f 6689 7256 6690
f 6690 7256 7258
f 6690 7258 7263
f 7263 7258 7260
f 7263 7260 7261
f 7261 7260 875
f 7261 875 876
f 6692 7253 6693
f 6693 7253 7266
f 6693 7266 7257
f 7257 7266 6694
f 7257 6694 7259
f 7259 6694 872
f 7259 872 871
f 7267 7268 7269
f 7270 7271 7272
f 7272 7271 7273
f 7272 7273 7274
f 7274 7273 7275
f 7274 7275 7276
f 7276 7275 7277
f 7276 7277 7278
f 7278 7277 7279
f 7278 7279 7280
f 7280 7279 7281
f 7280 7281 7282
f 7282 7281 7283
f 7282 7283 7284
f 7284 7283 7285
f 7284 7285 7286
f 7286 7285 7267
f 7286 7267 7287
f 7287 7267 7269
f 7269 7288 7287
f 7287 7288 7289
f 7287 7289 7286
f 7286 7289 7290
f 7286 7290 7284
f 7284 7290 7291
f 7284 7291 7282
f 7282 7291 7292
f 7282 7292 7280
f 7280 7292 7293
f 7280 7293 7278
f 7278 7293 7294
f 7278 7294 7276
f 7276 7294 7295
f 7276 7295 7274
f 7274 7295 7296
f 7274 7296 7272
f 7272 7296 7297
f 7272 7297 7270
f 7270 7297 7298
f 7299 7300 7301
f 7301 7300 7302
f 7303 7304 7305
f 7305 7304 7306
f 7305 7306 7300
f 7307 7308 7309
f 7309 7308 7310
f 7308 881 880
f 7311 7312 7313
f 7313 7312 7304
f 7313 7304 6687
f 6687 7304 7303
f 6687 7303 891
f 891 7303 892
f 7308 880 7310
f 7310 880 883
f 7310 883 885
f 7299 7307 7300
f 7300 7307 7309
f 7300 7309 7305
f 7305 7309 7310
f 7305 7310 7303
f 7303 7310 885
f 7303 885 892
f 7314 7315 7316
f 7316 7315 7317
f 7316 7317 7318
f 7318 7317 7319
f 7318 7319 7320
f 7320 7319 7321
f 7320 7321 7322
f 7322 7321 7323
f 7322 7323 7324
f 7324 7323 7325
f 7324 7325 6686
f 6686 7325 7326
f 6686 7326 6684
f 6684 7326 7327
f 7328 7329 7330
f 7330 7329 7331
f 7330 7331 7332
f 7332 7331 7333
f 7332 7333 7334
f 7334 7333 7335
f 7334 7335 7336
f 7336 7335 7337
f 7336 7337 7338
f 7338 7337 7339
f 7338 7339 7340
f 7340 7339 7341
f 7340 7341 7342
f 7342 7341 7343
f 7342 7343 7344
f 7344 7343 7345
f 7346 6685 7347
f 7347 6685 6684
f 7347 6684 7348
f 7348 6684 7327
f 7348 7327 7349
f 7302 7300 7350
f 7350 7300 7306
f 7350 7306 7351
f 7351 7306 7304
f 7351 7304 7352
f 7352 7304 7312
f 7352 7312 7353
f 7353 7312 7311
f 7353 7311 7354
f 7355 888 887
f 7355 887 7356
f 7357 7358 7359
f 7359 7358 7360
f 7359 7360 7361
f 7361 7360 7362
f 7361 7362 7363
f 7363 7362 7364
f 7363 7364 7365
f 7365 7364 7366
f 7365 7366 7367
f 7367 7366 7368
f 7367 7368 7369
f 7369 7368 7370
f 7369 7370 7371
f 7371 7370 7372
f 7371 7372 7373
f 7373 7372 7374
f 7329 7357 7331
f 7331 7357 7359
f 7331 7359 7333
f 7333 7359 7361
f 7333 7361 7335
f 7335 7361 7363
f 7335 7363 7337
f 7337 7363 7365
f 7337 7365 7339
f 7339 7365 7367
f 7339 7367 7341
f 7341 7367 7369
f 7341 7369 7343
f 7343 7369 7371
f 7343 7371 7345
f 7345 7371 7373
f 887 893 7356
f 7356 893 895
f 7356 895 7375
f 7315 7328 7317
f 7317 7328 7330
f 7317 7330 7319
f 7319 7330 7332
f 7319 7332 7321
f 7321 7332 7334
f 7321 7334 7323
f 7323 7334 7336
f 7323 7336 7325
f 7325 7336 7338
f 7325 7338 7326
f 7326 7338 7340
f 7326 7340 7327
f 7327 7340 7342
f 7327 7342 7349
f 7349 7342 7344
f 890 888 6687
f 6687 888 7355
f 6687 7355 7313
f 7313 7355 7356
f 7313 7356 7311
f 7311 7356 7375
f 7311 7375 7354
f 7354 7375 7376
f 7271 7314 7273
f 7273 7314 7316
f 7273 7316 7275
f 7275 7316 7318
f 7275 7318 7277
f 7277 7318 7320
f 7277 7320 7279
f 7279 7320 7322
f 7279 7322 7281
f 7281 7322 7324
f 7281 7324 7283
f 7283 7324 6686
f 7283 6686 7285
f 7285 6686 6685
f 7285 6685 7267
f 7267 6685 7346
f 7267 7346 7268
f 7228 7252 7229
f 7229 7252 6692
f 7229 6692 7230
f 7230 6692 6691
f 7230 6691 7231
f 7231 6691 6689
f 7231 6689 7232
f 7232 6689 6688
f 7232 6688 7301
f 7301 6688 7262
f 7301 7262 7299
f 7299 7262 7264
f 7299 7264 7307
f 7307 7264 7265
f 7307 7265 7308
f 7308 7265 882
f 7308 882 881
f 6682 7377 7378
f 6682 7378 6683
f 6683 7378 7379
f 6683 7379 7380
f 7380 7379 7381
f 7380 7381 7382
f 7383 7181 7384
f 7384 7181 7182
f 7384 7182 7385
f 7385 7182 7183
f 7385 7183 7386
f 7386 7183 7184
f 7386 7184 7387
f 7387 7184 7185
f 7387 7185 7388
f 7388 7185 7186
f 7388 7186 7389
f 7389 7186 7187
f 7389 7187 7390
f 7390 7187 7188
f 7390 7188 7391
f 7391 7188 7189
f 7391 7189 7392
f 7392 7189 7190
f 7392 7190 7393
f 7394 7395 7396
f 7396 7395 7397
f 7396 7397 7398
f 7398 7397 7393
f 7398 7393 7399
f 7399 7393 7190
f 7399 7190 7400
f 7400 7190 7160
f 7400 7160 7401
f 7401 7160 7159
f 7401 7159 7402
f 7402 7159 7167
f 7402 7167 7403
f 7403 7167 7166
f 7403 7166 7404
f 7404 7166 7165
f 7404 7165 7405
f 7405 7165 7164
f 7405 7164 7406
f 7406 7164 7163
f 7406 7163 7407
f 7407 7163 7162
f 7407 7162 7408
f 7408 7162 7161
f 7409 7394 7410
f 7410 7394 7396
f 7410 7396 7411
f 7411 7396 7398
f 7411 7398 7412
f 7412 7398 7399
f 7412 7399 7413
f 7413 7399 7400
f 7413 7400 7414
f 7414 7400 7401
f 7414 7401 7180
f 7180 7401 7402
f 7180 7402 7178
f 7178 7402 7403
f 7178 7403 7176
f 7176 7403 7404
f 7176 7404 7174
f 7174 7404 7405
f 7174 7405 7172
f 7172 7405 7406
f 7172 7406 7170
f 7170 7406 7407
f 7170 7407 7168
f 7168 7407 7408
f 6681 6683 7415
f 7415 6683 7380
f 7415 7380 7416
f 7416 7380 7382
f 7416 7382 7417
f 7418 7419 7420
f 7420 7419 7421
f 7420 7421 7422
f 7422 7421 7423
f 7422 7423 7424
f 7424 7423 7425
f 7424 7425 7426
f 7426 7425 7427
f 7428 7418 7429
f 7429 7418 7420
f 7429 7420 7430
f 7430 7420 7422
f 7430 7422 7417
f 7417 7422 7424
f 7417 7424 7416
f 7416 7424 7426
f 7416 7426 7415
f 7415 7426 7427
f 7415 7427 6681
f 7431 7432 7433
f 7433 7432 7434
f 7433 7434 7435
f 7435 7434 7436
f 7435 7436 7437
f 7437 7436 7438
f 7439 7001 7440
f 7440 7001 7441
f 7440 7441 7442
f 7442 7441 7443
f 7442 7443 7444
f 7444 7443 7445
f 7444 7445 7446
f 7446 7445 7447
f 7446 7447 7448
f 7448 7447 7449
f 7450 7431 7451
f 7451 7431 7433
f 7451 7433 7452
f 7452 7433 7435
f 7452 7435 7453
f 7453 7435 7437
f 7381 7454 7382
f 7382 7454 7455
f 7382 7455 7417
f 7417 7455 7456
f 7417 7456 7430
f 7430 7456 7457
f 7430 7457 7429
f 7429 7457 7458
f 7429 7458 7428
f 7428 7458 7459
f 7428 7459 7460
f 7454 7461 7455
f 7455 7461 7462
f 7455 7462 7456
f 7456 7462 7463
f 7456 7463 7457
f 7457 7463 7464
f 7457 7464 7458
f 7458 7464 7465
f 7458 7465 7459
f 7459 7465 7466
f 7459 7466 7460
f 7467 7450 7468
f 7468 7450 7451
f 7468 7451 7469
f 7469 7451 7452
f 7469 7452 7460
f 7460 7452 7453
f 7460 7453 7428
f 7428 7453 7437
f 7428 7437 7418
f 7418 7437 7438
f 7418 7438 7419
f 7470 7471 7472
f 7472 7471 7473
f 7472 7473 7474
f 7474 7473 7475
f 7474 7475 7476
f 7476 7475 7477
f 7476 7477 7478
f 7478 7477 7479
f 7478 7479 7480
f 7480 7479 7481
f 7461 7482 7462
f 7462 7482 7483
f 7462 7483 7463
f 7463 7483 7484
f 7463 7484 7464
f 7464 7484 7485
f 7464 7485 7465
f 7465 7485 7486
f 7465 7486 7466
f 7466 7486 7487
f 7466 7487 7460
f 7460 7487 7488
f 7460 7488 7469
f 7469 7488 7489
f 7469 7489 7468
f 7468 7489 7490
f 7468 7490 7467
f 7467 7490 7491
f 7467 7491 7492
f 7448 7481 7446
f 7446 7481 7479
f 7446 7479 7444
f 7444 7479 7477
f 7444 7477 7442
f 7442 7477 7475
f 7442 7475 7440
f 7440 7475 7473
f 7440 7473 7439
f 7439 7473 7471
f 7439 7471 7493
f 7006 6999 7007
f 7007 6999 7001
f 7007 7001 7010
f 7010 7001 7439
f 7010 7439 7015
f 7015 7439 7493
f 7015 7493 7013
f 7013 7493 7494
f 7482 7495 7483
f 7483 7495 7496
f 7483 7496 7484
f 7484 7496 7497
f 7484 7497 7485
f 7485 7497 7498
f 7485 7498 7486
f 7486 7498 7499
f 7486 7499 7487
f 7487 7499 7500
f 7487 7500 7488
f 7488 7500 7501
f 7488 7501 7489
f 7489 7501 7502
f 7489 7502 7490
f 7490 7502 7503
f 7490 7503 7491
f 7491 7503 7504
f 7491 7504 7492
f 7505 7409 7506
f 7506 7409 7410
f 7506 7410 7507
f 7507 7410 7411
f 7507 7411 7508
f 7508 7411 7412
f 7508 7412 7509
f 7509 7412 7413
f 7509 7413 7510
f 7510 7413 7414
f 7510 7414 7511
f 7511 7414 7180
f 7511 7180 7512
f 7512 7180 7179
f 7512 7179 7513
f 7513 7179 7195
f 7513 7195 7514
f 7514 7195 7194
f 7514 7194 7515
f 7515 7194 7193
f 7515 7193 7516
f 7516 7193 7192
f 7516 7192 7517
f 7517 7192 7191
f 7518 7519 7520
f 7520 7519 7521
f 7520 7521 7522
f 7522 7521 7523
f 7522 7523 7524
f 7524 7523 7525
f 7524 7525 7526
f 7526 7525 7527
f 7526 7527 7528
f 7528 7527 7529
f 7528 7529 7530
f 7530 7529 7531
f 7530 7531 7532
f 7532 7531 7533
f 7532 7533 7534
f 7534 7533 7535
f 7536 7518 7537
f 7537 7518 7520
f 7537 7520 7538
f 7538 7520 7522
f 7538 7522 7539
f 7539 7522 7524
f 7539 7524 7540
f 7540 7524 7526
f 7540 7526 7541
f 7541 7526 7528
f 7541 7528 7542
f 7542 7528 7530
f 7542 7530 7543
f 7543 7530 7532
f 7543 7532 7544
f 7544 7532 7534
f 7545 7546 7547
f 7547 7546 7548
f 7547 7548 7549
f 7549 7548 7550
f 7549 7550 7551
f 7551 7550 7552
f 7551 7552 7553
f 7553 7552 7554
f 7553 7554 7555
f 7555 7554 7556
f 7555 7556 7557
f 7557 7556 7558
f 7557 7558 7559
f 7559 7558 7560
f 7559 7560 7561
f 7561 7560 7562
f 7561 7562 7211
f 7211 7562 7563
f 7211 7563 6695
f 6695 7563 7564
f 6695 7564 6696
f 6696 7564 7565
f 6696 7565 7205
f 7546 7536 7548
f 7548 7536 7537
f 7548 7537 7550
f 7550 7537 7538
f 7550 7538 7552
f 7552 7538 7539
f 7552 7539 7554
f 7554 7539 7540
f 7554 7540 7556
f 7556 7540 7541
f 7556 7541 7558
f 7558 7541 7542
f 7558 7542 7560
f 7560 7542 7543
f 7560 7543 7562
f 7562 7543 7544
f 7562 7544 7563
f 7563 7544 7534
f 7563 7534 7564
f 7564 7534 7535
f 7564 7535 7565
f 7566 7545 7567
f 7567 7545 7547
f 7567 7547 7568
f 7568 7547 7549
f 7568 7549 7569
f 7569 7549 7551
f 7569 7551 7570
f 7570 7551 7553
f 7570 7553 7571
f 7571 7553 7555
f 7571 7555 7572
f 7572 7555 7557
f 7572 7557 7573
f 7573 7557 7559
f 7573 7559 7574
f 7574 7559 7561
f 7574 7561 7575
f 7575 7561 7211
f 7575 7211 7576
f 7576 7211 7210
f 7576 7210 7577
f 7577 7210 7209
f 7577 7209 7578
f 7578 7209 7208
f 7578 7208 7579
f 7579 7208 7207
f 7579 7207 7580
f 7580 7207 7206
f 7581 7582 7583
f 7495 7584 7496
f 7496 7584 7585
f 7496 7585 7497
f 7497 7585 7586
f 7497 7586 7498
f 7498 7586 7587
f 7498 7587 7499
f 7499 7587 7588
f 7499 7588 7500
f 7500 7588 7589
f 7500 7589 7501
f 7501 7589 7590
f 7501 7590 7502
f 7502 7590 7591
f 7502 7591 7503
f 7503 7591 7592
f 7503 7592 7504
f 7504 7592 7593
f 7504 7593 7492
f 7492 7593 7594
f 7492 7594 7595
f 7595 7594 7596
f 7595 7596 7597
f 7597 7596 7598
f 7597 7598 7583
f 7583 7598 7599
f 7583 7599 7581
f 7584 7600 7585
f 7585 7600 7601
f 7585 7601 7586
f 7586 7601 7602
f 7586 7602 7587
f 7587 7602 7603
f 7587 7603 7588
f 7588 7603 7604
f 7588 7604 7589
f 7589 7604 7605
f 7589 7605 7590
f 7590 7605 7606
f 7590 7606 7591
f 7591 7606 7607
f 7591 7607 7592
f 7592 7607 7608
f 7592 7608 7593
f 7593 7608 7609
f 7593 7609 7594
f 7594 7609 7610
f 7594 7610 7596
f 7596 7610 7611
f 7596 7611 7598
f 7598 7611 7612
f 7598 7612 7599
f 7599 7612 7613
f 7599 7613 7581
f 7582 7581 7614
f 7614 7581 7615
f 7614 7615 7616
f 6732 7617 6733
f 6733 7617 7618
f 6733 7618 7616
f 7616 7618 7619
f 7616 7619 7614
f 7620 7621 7622
f 7622 7621 7623
f 7622 7623 7624
f 7624 7623 7625
f 7624 7625 7626
f 7626 7625 7627
f 7626 7627 7628
f 7628 7627 7629
f 7628 7629 7630
f 7630 7629 7631
f 7630 7631 7632
f 7632 7631 7633
f 7632 7633 7634
f 7634 7633 7635
f 7634 7635 7636
f 7636 7635 7637
f 7636 7637 7638
f 7638 7637 7639
f 7638 7639 7640
f 7640 7639 7641
f 7640 7641 7642
f 7642 7641 7643
f 7642 7643 7644
f 7644 7643 7645
f 7644 7645 7646
f 7646 7645 7647
f 7646 7647 7648
f 7648 7647 7649
f 7648 7649 7650
f 7650 7649 7651
f 7650 7651 7652
f 7652 7651 7653
f 7652 7653 6730
f 7654 7024 7655
f 7655 7024 7023
f 7655 7023 7656
f 7656 7023 7657
f 7656 7657 7658
f 7658 7657 7659
f 7658 7659 7660
f 7660 7659 7661
f 7660 7661 7662
f 7662 7661 7663
f 7662 7663 7664
f 7664 7663 7665
f 7664 7665 7666
f 7666 7665 7667
f 7666 7667 7668
f 7668 7667 7669
f 7668 7669 7670
f 7670 7669 7671
f 7670 7671 7672
f 7672 7671 7673
f 7672 7673 7674
f 7674 7673 7675
f 7674 7675 7676
f 7676 7675 7677
f 7676 7677 7678
f 7678 7677 7679
f 7678 7679 7680
f 7680 7679 7681
f 7680 7681 7682
f 7682 7681 7683
f 7682 7683 7684
f 7684 7683 7685
f 7684 7685 7686
f 7686 7685 7687
f 7686 7687 7688
f 7688 7687 7689
f 6735 6737 6736
f 6736 6737 6739
f 6736 6739 7690
f 7690 6739 7691
f 7690 7691 7470
f 7470 7691 7018
f 7470 7018 7471
f 7471 7018 7020
f 7471 7020 7493
f 7493 7020 7022
f 7493 7022 7494
f 6738 6740 6739
f 6739 6740 6742
f 6739 6742 7691
f 7691 6742 6743
f 7691 6743 7018
f 7018 6743 7692
f 7018 7692 7019
f 7617 6734 7618
f 7618 6734 6736
f 7618 6736 7619
f 7619 6736 7690
f 7619 7690 7614
f 7614 7690 7470
f 7614 7470 7582
f 7582 7470 7472
f 7582 7472 7583
f 7583 7472 7474
f 7583 7474 7597
f 7597 7474 7476
f 7597 7476 7595
f 7595 7476 7478
f 7595 7478 7492
f 7492 7478 7480
f 7492 7480 7467
f 7467 7480 7481
f 7467 7481 7450
f 7450 7481 7448
f 7450 7448 7431
f 7431 7448 7449
f 7431 7449 7432
f 7600 7689 7601
f 7601 7689 7687
f 7601 7687 7602
f 7602 7687 7685
f 7602 7685 7603
f 7603 7685 7683
f 7603 7683 7604
f 7604 7683 7681
f 7604 7681 7605
f 7605 7681 7679
f 7605 7679 7606
f 7606 7679 7677
f 7606 7677 7607
f 7607 7677 7675
f 7607 7675 7608
f 7608 7675 7673
f 7608 7673 7609
f 7609 7673 7671
f 7609 7671 7610
f 7610 7671 7669
f 7610 7669 7611
f 7611 7669 7667
f 7611 7667 7612
f 7612 7667 7665
f 7612 7665 7613
f 7613 7665 7663
f 7613 7663 7581
f 7581 7663 7661
f 7581 7661 7615
f 7615 7661 7659
f 7615 7659 7616
f 7616 7659 7657
f 7616 7657 6733
f 6733 7657 7023
f 6733 7023 6731
f 6731 7023 7025
f 7688 7620 7686
f 7686 7620 7622
f 7686 7622 7684
f 7684 7622 7624
f 7684 7624 7682
f 7682 7624 7626
f 7682 7626 7680
f 7680 7626 7628
f 7680 7628 7678
f 7678 7628 7630
f 7678 7630 7676
f 7676 7630 7632
f 7676 7632 7674
f 7674 7632 7634
f 7674 7634 7672
f 7672 7634 7636
f 7672 7636 7670
f 7670 7636 7638
f 7670 7638 7668
f 7668 7638 7640
f 7668 7640 7666
f 7666 7640 7642
f 7666 7642 7664
f 7664 7642 7644
f 7664 7644 7662
f 7662 7644 7646
f 7662 7646 7660
f 7660 7646 7648
f 7660 7648 7658
f 7658 7648 7650
f 7658 7650 7656
f 7656 7650 7652
f 7656 7652 7655
f 7655 7652 6730
f 7655 6730 7654
f 7654 6730 6729
f 7621 7693 7623
f 7623 7693 7694
f 7623 7694 7625
f 7625 7694 7695
f 7625 7695 7627
f 7627 7695 7696
f 7627 7696 7629
f 7629 7696 7697
f 7629 7697 7631
f 7631 7697 7698
f 7631 7698 7633
f 7633 7698 7699
f 7633 7699 7635
f 7635 7699 7700
f 7635 7700 7637
f 7637 7700 7701
f 7637 7701 7639
f 7639 7701 7702
f 7639 7702 7641
f 7641 7702 7703
f 7641 7703 7643
f 7643 7703 7704
f 7643 7704 7645
f 7645 7704 7705
f 7645 7705 7647
f 7647 7705 7706
f 7647 7706 7649
f 7649 7706 7707
f 7649 7707 7651
f 7651 7707 7708
f 7651 7708 7653
f 7653 7708 7709
f 7653 7709 6730
f 6730 7709 7710
f 6730 7710 6728
f 7711 7710 7712
f 7712 7710 7709
f 7712 7709 7713
f 7713 7709 7708
f 7713 7708 7714
f 7714 7708 7707
f 7714 7707 7715
f 7715 7707 7706
f 7715 7706 7716
f 7716 7706 7705
f 7716 7705 7717
f 7717 7705 7704
f 7717 7704 7718
f 7718 7704 7703
f 7718 7703 7719
f 7719 7703 7702
f 7719 7702 7720
f 7720 7702 7701
f 7720 7701 7721
f 7721 7701 7700
f 7721 7700 7722
f 7722 7700 7699
f 7722 7699 7723
f 7723 7699 7698
f 7723 7698 7724
f 7724 7698 7697
f 7724 7697 7725
f 7725 7697 7696
f 7725 7696 7726
f 7726 7696 7695
f 7726 7695 7727
f 7727 7695 7694
f 7727 7694 7728
f 7728 7694 7693
f 7729 7566 7730
f 7730 7566 7567
f 7730 7567 7731
f 7731 7567 7568
f 7731 7568 7732
f 7732 7568 7569
f 7732 7569 7733
f 7733 7569 7570
f 7733 7570 7734
f 7734 7570 7571
f 7734 7571 7735
f 7735 7571 7572
f 7735 7572 7736
f 7736 7572 7573
f 7736 7573 7737
f 7737 7573 7574
f 7737 7574 7738
f 7738 7574 7575
f 7738 7575 7739
f 7739 7575 7576
f 7739 7576 7740
f 7740 7576 7577
f 7740 7577 7741
f 7741 7577 7578
f 7741 7578 7742
f 7742 7578 7579
f 7742 7579 7743
f 7743 7579 7580
f 7744 7745 7746
f 7746 7745 7747
f 7746 7747 7748
f 7748 7747 7749
f 7748 7749 7750
f 7750 7749 7751
f 7750 7751 7752
f 7752 7751 7753
f 7752 7753 7754
f 7754 7753 7755
f 7754 7755 7756
f 7756 7755 7757
f 7756 7757 7758
f 7758 7757 7759
f 7758 7759 7760
f 7760 7759 7761
f 7760 7761 7762
f 7762 7761 7763
f 7762 7763 7764
f 7764 7763 7765
f 7764 7765 7766
f 7766 7765 7767
f 7766 7767 7768
f 7768 7767 7769
f 7768 7769 7770
f 7745 7771 7747
f 7747 7771 7772
f 7747 7772 7749
f 7749 7772 7773
f 7749 7773 7751
f 7751 7773 7774
f 7751 7774 7753
f 7753 7774 7775
f 7753 7775 7755
f 7755 7775 7776
f 7755 7776 7757
f 7757 7776 7777
f 7757 7777 7759
f 7759 7777 7778
f 7759 7778 7761
f 7761 7778 7779
f 7761 7779 7763
f 7763 7779 7780
f 7763 7780 7765
f 7765 7780 7781
f 7765 7781 7767
f 7767 7781 7782
f 7767 7782 7769
f 7743 7744 7742
f 7742 7744 7746
f 7742 7746 7741
f 7741 7746 7748
f 7741 7748 7740
f 7740 7748 7750
f 7740 7750 7739
f 7739 7750 7752
f 7739 7752 7738
f 7738 7752 7754
f 7738 7754 7737
f 7737 7754 7756
f 7737 7756 7736
f 7736 7756 7758
f 7736 7758 7735
f 7735 7758 7760
f 7735 7760 7734
f 7734 7760 7762
f 7734 7762 7733
f 7733 7762 7764
f 7733 7764 7732
f 7732 7764 7766
f 7732 7766 7731
f 7731 7766 7768
f 7731 7768 7730
f 7730 7768 7770
f 7730 7770 7729
f 7771 7298 7772
f 7772 7298 7297
f 7772 7297 7773
f 7773 7297 7296
f 7773 7296 7774
f 7774 7296 7295
f 7774 7295 7775
f 7775 7295 7294
f 7775 7294 7776
f 7776 7294 7293
f 7776 7293 7777
f 7777 7293 7292
f 7777 7292 7778
f 7778 7292 7291
f 7778 7291 7779
f 7779 7291 7290
f 7779 7290 7780
f 7780 7290 7289
f 7780 7289 7781
f 7781 7289 7288
f 7781 7288 7782
f 7782 7288 7783
f 7782 7783 7769
f 7769 7783 7784
f 7769 7784 7770
f 7770 7784 7785
f 7770 7785 7729
f 7786 7787 7788
f 7788 7787 7789
f 7790 7789 7791
f 7791 7789 7787
f 7791 7787 7792
f 7792 7787 7786
f 7728 7793 7727
f 7727 7793 7794
f 7727 7794 7726
f 7726 7794 7795
f 7726 7795 7725
f 7725 7795 7796
f 7725 7796 7724
f 7724 7796 7797
f 7724 7797 7723
f 7723 7797 7798
f 7723 7798 7722
f 7722 7798 7799
f 7722 7799 7721
f 7721 7799 7800
f 7721 7800 7720
f 7720 7800 7801
f 7720 7801 7719
f 7719 7801 7802
f 7719 7802 7718
f 7718 7802 7803
f 7718 7803 7717
f 7717 7803 7804
f 7717 7804 7716
f 7716 7804 7805
f 7716 7805 7715
f 7715 7805 7806
f 7715 7806 7714
f 7714 7806 7807
f 7714 7807 7713
f 7713 7807 7808
f 7713 7808 7712
f 7712 7808 7809
f 7712 7809 7711
f 7810 6722 7811
f 7811 6722 6724
f 7811 6724 7812
f 7812 6724 7809
f 7812 7809 7813
f 7813 7809 7808
f 7813 7808 7814
f 7814 7808 7807
f 7814 7807 7815
f 7815 7807 7806
f 7815 7806 7816
f 7816 7806 7805
f 7816 7805 7817
f 7817 7805 7804
f 7817 7804 7818
f 7818 7804 7803
f 7818 7803 7819
f 7819 7803 7802
f 7819 7802 7820
f 7820 7802 7801
f 7820 7801 7821
f 7821 7801 7800
f 7821 7800 7822
f 7822 7800 7799
f 7822 7799 7823
f 7823 7799 7798
f 7823 7798 7824
f 7824 7798 7797
f 7824 7797 7825
f 7825 7797 7796
f 7825 7796 7826
f 7826 7796 7795
f 7826 7795 7827
f 7827 7795 7794
f 7827 7794 7828
f 7828 7794 7793
f 7829 6716 7830
f 7830 6716 6718
f 7830 6718 7831
f 7831 6718 7832
f 7831 7832 7833
f 7833 7832 7834
f 7833 7834 7835
f 7835 7834 7836
f 7835 7836 7837
f 7837 7836 7838
f 7837 7838 7839
f 7839 7838 7840
f 7839 7840 7841
f 7841 7840 7842
f 7841 7842 7843
f 7843 7842 7844
f 7843 7844 7845
f 7845 7844 7846
f 7845 7846 7847
f 7847 7846 7848
f 7847 7848 7849
f 7849 7848 7850
f 7849 7850 7851
f 7851 7850 7852
f 7851 7852 7853
f 7853 7852 7854
f 7853 7854 7855
f 7855 7854 7856
f 7855 7856 7857
f 7857 7856 7858
f 7857 7858 7859
f 7859 7858 7860
f 7859 7860 7861
f 7861 7860 7862
f 7861 7862 7863
f 7863 7862 7864
f 7865 6719 7866
f 7866 6719 6721
f 7866 6721 7867
f 7867 6721 7868
f 7867 7868 7869
f 7869 7868 7870
f 7869 7870 7871
f 7871 7870 7872
f 7871 7872 7873
f 7873 7872 7874
f 7873 7874 7875
f 7875 7874 7876
f 7875 7876 7877
f 7877 7876 7878
f 7877 7878 7879
f 7879 7878 7880
f 7879 7880 7881
f 7881 7880 7882
f 7881 7882 7883
f 7883 7882 7884
f 7883 7884 7885
f 7885 7884 7886
f 7885 7886 7887
f 7887 7886 7888
f 7887 7888 7889
f 7889 7888 7890
f 7889 7890 7891
f 7891 7890 7892
f 7891 7892 7893
f 7893 7892 7894
f 7893 7894 7895
f 7895 7894 7896
f 7895 7896 7897
f 7897 7896 7898
f 7897 7898 7899
f 7899 7898 7900
f 899 901 7374
f 7374 901 6680
f 7374 6680 7373
f 7373 6680 7901
f 7373 7901 7345
f 7345 7901 7902
f 7345 7902 7344
f 7344 7902 7903
f 7344 7903 7349
f 7349 7903 7904
f 7349 7904 7348
f 7348 7904 7905
f 7348 7905 7347
f 7347 7905 7906
f 7347 7906 7346
f 7346 7906 7907
f 7346 7907 7268
f 7268 7907 7908
f 7268 7908 7269
f 7269 7908 7786
f 7269 7786 7288
f 7288 7786 7788
f 7288 7788 7783
f 7783 7788 7789
f 7783 7789 7784
f 7784 7789 7790
f 7784 7790 7785
f 2317 2316 7909
f 7909 2316 2482
f 7909 2482 7910
f 2488 7911 7912
f 2482 2481 7910
f 7910 2481 2485
f 7910 2485 7912
f 7912 2485 2484
f 7912 2484 2488
f 6679 907 7909
f 7909 907 908
f 7909 908 2317
f 902 904 6680
f 6680 904 6679
f 6680 6679 7901
f 7901 6679 7913
f 7901 7913 7902
f 7902 7913 7914
f 7902 7914 7903
f 7903 7914 7915
f 7903 7915 7904
f 7904 7915 7916
f 7904 7916 7905
f 7905 7916 7917
f 7905 7917 7906
f 7906 7917 7918
f 7906 7918 7907
f 7907 7918 7919
f 7907 7919 7908
f 7908 7919 7920
f 7908 7920 7786
f 7786 7920 7921
f 7786 7921 7792
f 7922 7923 7924
f 7924 7923 7925
f 7924 7925 7926
f 7926 7925 7927
f 7926 7927 7928
f 7928 7927 7929
f 7928 7929 7930
f 7930 7929 7931
f 7930 7931 7932
f 7932 7931 7933
f 7932 7933 7934
f 7934 7933 7935
f 7934 7935 7936
f 7936 7935 7937
f 7936 7937 7938
f 7938 7937 7939
f 7938 7939 7940
f 7940 7939 7941
f 7940 7941 7942
f 7942 7941 7943
f 7942 7943 7944
f 7944 7943 7945
f 7944 7945 7946
f 7946 7945 7947
f 7946 7947 7948
f 7948 7947 7949
f 7948 7949 7950
f 7950 7949 7951
f 7950 7951 7952
f 7952 7951 7953
f 7952 7953 7954
f 7954 7953 7955
f 7954 7955 7956
f 7956 7955 7957
f 7956 7957 7958
f 7958 7957 7959
f 2494 7960 7961
f 2500 7962 7963
f 2494 2493 7960
f 7960 2493 2497
f 7960 2497 7963
f 7963 2497 2496
f 7963 2496 2500
f 2506 7964 7965
f 2512 7966 7967
f 2506 2505 7964
f 7964 2505 2509
f 7964 2509 7967
f 7967 2509 2508
f 7967 2508 2512
f 2500 2499 7962
f 7962 2499 2503
f 7962 2503 7965
f 7965 2503 2502
f 7965 2502 2506
f 7968 7969 7970
f 7970 7969 7971
f 7970 7971 7972
f 7972 7971 7973
f 7972 7973 7974
f 7974 7973 7975
f 7974 7975 7976
f 7976 7975 7977
f 7976 7977 7978
f 7978 7977 7979
f 7978 7979 7980
f 7980 7979 7981
f 7980 7981 7982
f 7982 7981 7983
f 7982 7983 7984
f 7984 7983 7985
f 7984 7985 7986
f 7986 7985 7987
f 7986 7987 7988
f 7988 7987 7989
f 7988 7989 7990
f 7990 7989 7991
f 7990 7991 7992
f 7992 7991 7993
f 7992 7993 7994
f 7994 7993 7995
f 7994 7995 7996
f 7996 7995 7997
f 7996 7997 7998
f 7998 7997 7999
f 7998 7999 8000
f 8000 7999 8001
f 2518 8002 8003
f 2524 8004 8005
f 2518 2517 8002
f 8002 2517 2521
f 8002 2521 8005
f 8005 2521 2520
f 8005 2520 2524
f 2530 8006 8007
f 2530 2529 8006
f 8006 2529 2533
f 8006 2533 8008
f 2524 2523 8004
f 8004 2523 2527
f 8004 2527 8007
f 8007 2527 2526
f 8007 2526 2530
f 6714 8009 6715
f 6715 8009 7968
f 6715 7968 8010
f 8010 7968 7970
f 8010 7970 8011
f 8011 7970 7972
f 8011 7972 8012
f 8012 7972 7974
f 8012 7974 8013
f 8013 7974 7976
f 8013 7976 8014
f 8014 7976 7978
f 8014 7978 8015
f 8015 7978 7980
f 8015 7980 8016
f 8016 7980 7982
f 8016 7982 8017
f 8017 7982 7984
f 8017 7984 8018
f 8018 7984 7986
f 8018 7986 8019
f 8019 7986 7988
f 8019 7988 8020
f 8020 7988 7990
f 8020 7990 8021
f 8021 7990 7992
f 8021 7992 8022
f 8022 7992 7994
f 8022 7994 8023
f 8023 7994 7996
f 8023 7996 8024
f 8024 7996 7998
f 8024 7998 8025
f 8025 7998 8000
f 2512 2511 7966
f 7966 2511 2515
f 7966 2515 8003
f 8003 2515 2514
f 8003 2514 2518
f 8009 7029 7968
f 7968 7029 7031
f 7968 7031 7969
f 7969 7031 8026
f 7969 8026 7971
f 7971 8026 8027
f 7971 8027 7973
f 7973 8027 8028
f 7973 8028 7975
f 7975 8028 8029
f 7975 8029 7977
f 7977 8029 8030
f 7977 8030 7979
f 7979 8030 8031
f 7979 8031 7981
f 7981 8031 8032
f 7981 8032 7983
f 7983 8032 8033
f 7983 8033 7985
f 7985 8033 8034
f 7985 8034 7987
f 7987 8034 8035
f 7987 8035 7989
f 7989 8035 8036
f 7989 8036 7991
f 7991 8036 8037
f 7991 8037 7993
f 7993 8037 8038
f 7993 8038 7995
f 7995 8038 8039
f 7995 8039 7997
f 7997 8039 8040
f 7997 8040 7999
f 7999 8040 8041
f 7999 8041 8001
f 8001 8041 8042
f 2488 2487 7911
f 7911 2487 2491
f 7911 2491 7961
f 7961 2491 2490
f 7961 2490 2494
f 8043 8044 8045
f 8045 8044 8046
f 8045 8046 8047
f 8047 8046 8048
f 8047 8048 8049
f 8049 8048 8050
f 8049 8050 8051
f 8051 8050 8052
f 8051 8052 8053
f 8053 8052 8054
f 8053 8054 8055
f 8055 8054 8056
f 8055 8056 8057
f 8057 8056 8058
f 8057 8058 8059
f 8059 8058 8060
f 8059 8060 8061
f 8061 8060 8062
f 8061 8062 8063
f 8063 8062 8064
f 8063 8064 8065
f 8065 8064 8066
f 8065 8066 8067
f 8067 8066 8068
f 8067 8068 8069
f 8069 8068 8070
f 8069 8070 8071
f 8071 8070 8072
f 8071 8072 8073
f 8073 8072 8074
f 8073 8074 8075
f 8075 8074 8076
f 8075 8076 8077
f 8077 8076 8078
f 8077 8078 8079
f 8079 8078 8080
f 6723 7027 6724
f 6724 7027 7026
f 6724 7026 7809
f 7809 7026 6727
f 7809 6727 7711
f 7711 6727 6726
f 7711 6726 7710
f 7710 6726 8081
f 7710 8081 6728
f 7828 7900 7827
f 7827 7900 7898
f 7827 7898 7826
f 7826 7898 7896
f 7826 7896 7825
f 7825 7896 7894
f 7825 7894 7824
f 7824 7894 7892
f 7824 7892 7823
f 7823 7892 7890
f 7823 7890 7822
f 7822 7890 7888
f 7822 7888 7821
f 7821 7888 7886
f 7821 7886 7820
f 7820 7886 7884
f 7820 7884 7819
f 7819 7884 7882
f 7819 7882 7818
f 7818 7882 7880
f 7818 7880 7817
f 7817 7880 7878
f 7817 7878 7816
f 7816 7878 7876
f 7816 7876 7815
f 7815 7876 7874
f 7815 7874 7814
f 7814 7874 7872
f 7814 7872 7813
f 7813 7872 7870
f 7813 7870 7812
f 7812 7870 7868
f 7812 7868 7811
f 7811 7868 6721
f 7811 6721 7810
f 7810 6721 6720
f 7899 7864 7897
f 7897 7864 7862
f 7897 7862 7895
f 7895 7862 7860
f 7895 7860 7893
f 7893 7860 7858
f 7893 7858 7891
f 7891 7858 7856
f 7891 7856 7889
f 7889 7856 7854
f 7889 7854 7887
f 7887 7854 7852
f 7887 7852 7885
f 7885 7852 7850
f 7885 7850 7883
f 7883 7850 7848
f 7883 7848 7881
f 7881 7848 7846
f 7881 7846 7879
f 7879 7846 7844
f 7879 7844 7877
f 7877 7844 7842
f 7877 7842 7875
f 7875 7842 7840
f 7875 7840 7873
f 7873 7840 7838
f 7873 7838 7871
f 7871 7838 7836
f 7871 7836 7869
f 7869 7836 7834
f 7869 7834 7867
f 7867 7834 7832
f 7867 7832 7866
f 7866 7832 6718
f 7866 6718 7865
f 7865 6718 6717
f 7863 8080 7861
f 7861 8080 8078
f 7861 8078 7859
f 7859 8078 8076
f 7859 8076 7857
f 7857 8076 8074
f 7857 8074 7855
f 7855 8074 8072
f 7855 8072 7853
f 7853 8072 8070
f 7853 8070 7851
f 7851 8070 8068
f 7851 8068 7849
f 7849 8068 8066
f 7849 8066 7847
f 7847 8066 8064
f 7847 8064 7845
f 7845 8064 8062
f 7845 8062 7843
f 7843 8062 8060
f 7843 8060 7841
f 7841 8060 8058
f 7841 8058 7839
f 7839 8058 8056
f 7839 8056 7837
f 7837 8056 8054
f 7837 8054 7835
f 7835 8054 8052
f 7835 8052 7833
f 7833 8052 8050
f 7833 8050 7831
f 7831 8050 8048
f 7831 8048 7830
f 7830 8048 8046
f 7830 8046 7829
f 7829 8046 8044
f 8079 7959 8077
f 8077 7959 7957
f 8077 7957 8075
f 8075 7957 7955
f 8075 7955 8073
f 8073 7955 7953
f 8073 7953 8071
f 8071 7953 7951
f 8071 7951 8069
f 8069 7951 7949
f 8069 7949 8067
f 8067 7949 7947
f 8067 7947 8065
f 8065 7947 7945
f 8065 7945 8063
f 8063 7945 7943
f 8063 7943 8061
f 8061 7943 7941
f 8061 7941 8059
f 8059 7941 7939
f 8059 7939 8057
f 8057 7939 7937
f 8057 7937 8055
f 8055 7937 7935
f 8055 7935 8053
f 8053 7935 7933
f 8053 7933 8051
f 8051 7933 7931
f 8051 7931 8049
f 8049 7931 7929
f 8049 7929 8047
f 8047 7929 7927
f 8047 7927 8045
f 8045 7927 7925
f 8045 7925 8043
f 8043 7925 7923
f 7958 8042 7956
f 7956 8042 8041
f 7956 8041 7954
f 7954 8041 8040
f 7954 8040 7952
f 7952 8040 8039
f 7952 8039 7950
f 7950 8039 8038
f 7950 8038 7948
f 7948 8038 8037
f 7948 8037 7946
f 7946 8037 8036
f 7946 8036 7944
f 7944 8036 8035
f 7944 8035 7942
f 7942 8035 8034
f 7942 8034 7940
f 7940 8034 8033
f 7940 8033 7938
f 7938 8033 8032
f 7938 8032 7936
f 7936 8032 8031
f 7936 8031 7934
f 7934 8031 8030
f 7934 8030 7932
f 7932 8030 8029
f 7932 8029 7930
f 7930 8029 8028
f 7930 8028 7928
f 7928 8028 8027
f 7928 8027 7926
f 7926 8027 8026
f 7926 8026 7924
f 7924 8026 7031
f 7924 7031 7922
f 7922 7031 7030
f 538 8082 539
f 539 8082 8083
f 539 8083 540
f 540 8083 8008
f 540 8008 542
f 542 8008 2533
f 895 896 7375
f 7375 896 800
f 7375 800 7376
f 7376 800 799
f 7376 799 897
f 7124 6706 7125
f 7125 6706 6708
f 7125 6708 7126
f 7126 6708 6709
f 7126 6709 7127
f 7127 6709 7054
f 7127 7054 7128
f 7128 7054 7053
f 7128 7053 7129
f 7129 7053 7233
f 7129 7233 7131
f 7131 7233 7234
f 7131 7234 7199
f 7199 7234 7235
f 7199 7235 7206
f 7206 7235 7236
f 7206 7236 7580
f 7580 7236 7237
f 7580 7237 7743
f 7743 7237 7238
f 7743 7238 7744
f 7744 7238 7239
f 7744 7239 7745
f 7745 7239 7240
f 7745 7240 7771
f 7771 7240 7241
f 7771 7241 7298
f 7298 7241 7242
f 7298 7242 7270
f 7270 7242 7243
f 7270 7243 7271
f 7271 7243 7244
f 7271 7244 7314
f 7314 7244 7245
f 7314 7245 7315
f 7315 7245 7246
f 7315 7246 7328
f 7328 7246 7247
f 7328 7247 7329
f 7329 7247 7248
f 7329 7248 7357
f 7357 7248 7232
f 7357 7232 7358
f 7358 7232 7301
f 7358 7301 7360
f 7360 7301 7302
f 7360 7302 7362
f 7362 7302 7350
f 7362 7350 7364
f 7364 7350 7351
f 7364 7351 7366
f 7366 7351 7352
f 7366 7352 7368
f 7368 7352 7353
f 7368 7353 7370
f 7370 7353 7354
f 7370 7354 7372
f 7372 7354 7376
f 7372 7376 7374
f 7374 7376 897
f 7374 897 899
f 8084 113 6652
f 6652 113 115
f 6652 115 116
f 8085 105 8086
f 8086 105 110
f 8086 110 8084
f 8084 110 112
f 8084 112 113
f 8087 6878 103
f 103 109 8087
f 8087 109 108
f 8087 108 8085
f 8085 108 106
f 8085 106 105
f 6749 97 101
f 6749 101 6875
f 6875 101 100
f 6875 100 6878
f 6878 100 104
f 6878 104 103
f 97 6749 98
f 98 6749 6872
f 98 6872 95
f 6867 6862 6872
f 6872 6862 93
f 6872 93 95
f 87 6864 6859
f 6859 6864 6866
f 6859 6866 6857
f 87 89 6864
f 6864 89 90
f 6864 90 6862
f 6862 90 92
f 6862 92 93
f 6678 79 6850
f 6850 79 81
f 6850 81 6853
f 81 86 6853
f 6853 86 85
f 6853 85 6855
f 6855 85 83
f 6855 83 6859
f 6859 83 82
f 6859 82 87
f 8088 8089 71
f 75 8090 77
f 77 8090 8091
f 77 8091 78
f 78 8091 8088
f 78 8088 73
f 73 8088 71
f 8092 67 8093
f 8093 67 66
f 8093 66 8094
f 8094 66 65
f 8094 65 8089
f 8089 65 69
f 8089 69 71
f 8095 62 8096
f 8096 62 64
f 8096 64 8092
f 8092 64 68
f 8092 68 67
f 8097 53 61
f 8097 61 8098
f 8098 61 60
f 8098 60 8099
f 8099 60 58
f 8099 58 8095
f 8095 58 57
f 8095 57 62
f 53 8097 54
f 54 8097 8100
f 54 8100 55
f 55 8100 8101
f 55 8101 56
f 56 8101 50
f 50 8101 8102
f 50 8102 51
f 51 8102 6676
f 51 6676 47
f 47 6676 48
f 48 6676 6675
f 48 6675 42
f 6784 44 6675
f 6675 44 43
f 6675 43 42
f 6677 6676 6802
f 6802 6676 8102
f 6802 8102 6807
f 6807 8102 8101
f 6807 8101 6809
f 6809 8101 8100
f 6809 8100 6812
f 6812 8100 8097
f 6812 8097 6815
f 6815 8097 8098
f 6815 8098 6818
f 6818 8098 8099
f 6818 8099 6821
f 6821 8099 8095
f 6821 8095 6824
f 6824 8095 8096
f 6824 8096 6827
f 6827 8096 8092
f 6827 8092 6830
f 6830 8092 8093
f 6830 8093 6833
f 6833 8093 8094
f 6833 8094 6836
f 6836 8094 8089
f 6836 8089 6839
f 6839 8089 8088
f 6839 8088 6842
f 6842 8088 8091
f 6842 8091 6845
f 6845 8091 8090
f 6845 8090 6678
f 6678 8090 75
f 6678 75 74
f 6794 6782 6792
f 6792 6782 6784
f 6792 6784 6789
f 6789 6784 6675
f 6789 6675 6797
f 6797 6675 6677
f 6797 6677 6795
f 6795 6677 6805
f 6769 36 6781
f 6781 36 40
f 6781 40 6776
f 6776 40 39
f 6776 39 6784
f 6784 39 45
f 6784 45 44
f 8103 215 221
f 221 4253 8103
f 8103 4253 5591
f 8103 5591 8104
f 8104 5591 5596
f 203 201 8105
f 204 6669 199
f 199 6669 6668
f 199 6668 197
f 8106 185 184
f 189 191 8107
f 195 193 8108
f 192 197 8109
f 8109 197 6668
f 8109 6668 8110
f 8110 6668 6670
f 8110 6670 8111
f 193 192 8108
f 8108 192 8109
f 8108 8109 8112
f 8112 8109 8110
f 8112 8110 8113
f 8113 8110 8111
f 8113 8111 8114
f 8115 8116 8117
f 196 195 8118
f 8118 195 8108
f 8118 8108 8119
f 8119 8108 8112
f 8119 8112 8120
f 8120 8112 8113
f 8120 8113 8121
f 8121 8113 8114
f 8121 8114 8122
f 8123 8116 8124
f 8124 8116 8115
f 8124 8115 8125
f 187 8126 188
f 188 8126 8127
f 8128 176 8129
f 8129 176 181
f 8129 181 8127
f 8127 181 183
f 8127 183 188
f 173 6667 168
f 168 6667 6660
f 168 6660 169
f 173 175 6666
f 6666 175 180
f 6666 180 8130
f 8130 180 179
f 8130 179 8128
f 8128 179 177
f 8128 177 176
f 165 167 6664
f 6664 167 172
f 6664 172 8131
f 8131 172 171
f 8131 171 169
f 169 6660 8131
f 8131 6660 6659
f 8131 6659 6664
f 6664 6659 6661
f 6664 6661 6665
f 160 159 8132
f 8133 155 158
f 8126 8134 8127
f 8127 8134 8135
f 8127 8135 8129
f 8129 8135 8136
f 8129 8136 8128
f 8128 8136 8137
f 8128 8137 8130
f 8130 8137 8138
f 8130 8138 6666
f 6666 8138 8139
f 6666 8139 6667
f 6667 8139 8140
f 6667 8140 6660
f 6660 8140 8141
f 6660 8141 6658
f 8142 8141 8143
f 8143 8141 8140
f 8143 8140 8144
f 8144 8140 8139
f 8144 8139 8145
f 8145 8139 8138
f 8145 8138 8146
f 8146 8138 8137
f 8146 8137 8147
f 8147 8137 8136
f 8147 8136 8148
f 8148 8136 8135
f 8148 8135 8149
f 8149 8135 8134
f 8150 8151 8152
f 8152 8151 8153
f 8152 8153 8154
f 8154 8153 8155
f 8154 8155 8156
f 8132 8157 8158
f 8158 8157 8159
f 8158 8159 8160
f 8160 8159 8161
f 8160 8161 8162
f 8162 8161 8163
f 8162 8163 8164
f 8164 8163 8165
f 8164 8165 8166
f 8157 8150 8159
f 8159 8150 8152
f 8159 8152 8161
f 8161 8152 8154
f 8161 8154 8163
f 8163 8154 8156
f 8163 8156 8165
f 160 8132 8167
f 8167 8132 8158
f 8167 8158 8168
f 8168 8158 8160
f 8168 8160 8169
f 8169 8160 8162
f 8169 8162 8170
f 8170 8162 8164
f 8170 8164 8171
f 8171 8164 8166
f 8171 8166 8172
f 8173 8172 8174
f 8174 8172 8166
f 8174 8166 8175
f 8175 8166 8165
f 8175 8165 8176
f 8176 8165 8156
f 8176 8156 8177
f 8177 8156 8155
f 8177 8155 8142
f 8142 8155 8153
f 8142 8153 8141
f 8141 8153 8151
f 8141 8151 6658
f 6658 8151 8150
f 6658 8150 6661
f 6661 8150 8157
f 6661 8157 6665
f 6665 8157 8132
f 6665 8132 163
f 163 8132 159
f 6656 8173 6657
f 6657 8173 8174
f 6657 8174 8178
f 8178 8174 8175
f 8178 8175 8179
f 8179 8175 8176
f 8179 8176 8180
f 8180 8176 8177
f 8180 8177 8181
f 8181 8177 8142
f 8181 8142 8182
f 8182 8142 8143
f 8182 8143 8183
f 8183 8143 8144
f 8183 8144 8184
f 8184 8144 8145
f 8184 8145 8185
f 8185 8145 8146
f 8185 8146 8186
f 8186 8146 8147
f 8186 8147 8187
f 8187 8147 8148
f 8187 8148 8188
f 8188 8148 8149
f 5596 5595 8104
f 8104 5595 5608
f 8104 5608 8189
f 8189 5608 5606
f 8189 5606 8190
f 8190 5606 4240
f 8190 4240 8191
f 8191 4240 4239
f 191 196 8107
f 8107 196 8118
f 8107 8118 8192
f 8192 8118 8119
f 8192 8119 8193
f 8193 8119 8120
f 8193 8120 8194
f 8194 8120 8121
f 8194 8121 8195
f 8195 8121 8122
f 8195 8122 8196
f 8197 8123 8198
f 8198 8123 8124
f 8198 8124 8199
f 8199 8124 8125
f 8199 8125 8200
f 8201 8197 8202
f 8202 8197 8198
f 8202 8198 8203
f 8203 8198 8199
f 8203 8199 8204
f 8204 8199 8200
f 8204 8200 8205
f 203 8105 6669
f 6669 8105 8206
f 6669 8206 6670
f 6670 8206 8207
f 6670 8207 8111
f 8111 8207 8208
f 8111 8208 8114
f 8114 8208 8209
f 8114 8209 8122
f 8122 8209 8210
f 8122 8210 8196
f 4239 5699 8191
f 8191 5699 5702
f 8191 5702 8211
f 8211 5702 5700
f 8211 5700 8212
f 8213 8214 8215
f 8215 8214 8210
f 8215 8210 8216
f 8216 8210 8209
f 8216 8209 8217
f 8217 8209 8208
f 8217 8208 8218
f 8218 8208 8207
f 8218 8207 8219
f 8219 8207 8206
f 8219 8206 8220
f 8220 8206 8105
f 8220 8105 6672
f 6672 8105 201
f 6672 201 200
f 8221 8201 8222
f 8222 8201 8202
f 8222 8202 8223
f 8223 8202 8203
f 8223 8203 8224
f 8224 8203 8204
f 8224 8204 8225
f 8225 8204 8205
f 8225 8205 8226
f 8227 8221 8228
f 8228 8221 8222
f 8228 8222 8229
f 8229 8222 8223
f 8229 8223 8230
f 8230 8223 8224
f 8230 8224 8231
f 8231 8224 8225
f 8231 8225 8232
f 8232 8225 8226
f 8233 8234 8235
f 8235 8234 8236
f 8235 8236 8237
f 8237 8236 8238
f 8237 8238 8239
f 8239 8238 8240
f 8239 8240 8241
f 8241 8240 8242
f 8241 8242 8243
f 8243 8242 8244
f 8243 8244 8245
f 8245 8244 8246
f 8245 8246 8247
f 8247 8246 8248
f 8247 8248 8249
f 8249 8248 6662
f 8249 6662 6663
f 6663 6662 157
f 6663 157 162
f 8250 6655 8251
f 8251 6655 6657
f 8251 6657 8252
f 8252 6657 8178
f 8252 8178 8253
f 8253 8178 8179
f 8253 8179 8254
f 8254 8179 8180
f 8254 8180 8255
f 8255 8180 8181
f 8255 8181 8256
f 8256 8181 8182
f 8256 8182 8257
f 8257 8182 8183
f 8257 8183 8258
f 8258 8183 8184
f 8258 8184 8259
f 8259 8184 8185
f 8259 8185 8260
f 8260 8185 8186
f 8260 8186 8261
f 8261 8186 8187
f 8261 8187 8262
f 8262 8187 8188
f 8263 8250 8264
f 8264 8250 8251
f 8264 8251 8265
f 8265 8251 8252
f 8265 8252 8266
f 8266 8252 8253
f 8266 8253 8267
f 8267 8253 8254
f 8267 8254 8268
f 8268 8254 8255
f 8268 8255 8269
f 8269 8255 8256
f 8269 8256 8270
f 8270 8256 8257
f 8270 8257 8271
f 8271 8257 8258
f 8271 8258 8272
f 8272 8258 8259
f 8272 8259 8273
f 8273 8259 8260
f 8273 8260 8274
f 8274 8260 8261
f 8274 8261 8275
f 8275 8261 8262
f 8276 8263 8277
f 8277 8263 8264
f 8277 8264 8278
f 8278 8264 8265
f 8278 8265 8279
f 8279 8265 8266
f 8279 8266 8280
f 8280 8266 8267
f 8280 8267 8281
f 8281 8267 8268
f 8281 8268 8282
f 8282 8268 8269
f 8282 8269 8283
f 8283 8269 8270
f 8283 8270 8284
f 8284 8270 8271
f 8284 8271 8285
f 8285 8271 8272
f 8285 8272 8286
f 8286 8272 8273
f 8286 8273 8287
f 8287 8273 8274
f 8287 8274 8288
f 8288 8274 8275
f 8289 8276 8290
f 8290 8276 8277
f 8290 8277 8291
f 8291 8277 8278
f 8291 8278 8292
f 8292 8278 8279
f 8292 8279 8293
f 8293 8279 8280
f 8293 8280 8294
f 8294 8280 8281
f 8294 8281 8295
f 8295 8281 8282
f 8295 8282 8296
f 8296 8282 8283
f 8296 8283 8297
f 8297 8283 8284
f 8297 8284 8298
f 8298 8284 8285
f 8298 8285 8299
f 8299 8285 8286
f 8299 8286 8300
f 8300 8286 8287
f 8300 8287 8301
f 8301 8287 8288
f 158 6662 8133
f 8133 6662 8248
f 8133 8248 8302
f 8302 8248 8246
f 8302 8246 8303
f 8303 8246 8244
f 8303 8244 8304
f 8304 8244 8242
f 8304 8242 8305
f 8305 8242 8240
f 8305 8240 8306
f 8306 8240 8238
f 8306 8238 8307
f 8307 8238 8236
f 8307 8236 8308
f 8308 8236 8234
f 8308 8234 8309
f 8309 8234 8233
f 8309 8233 8310
f 142 147 8311
f 8311 147 149
f 145 143 8312
f 8312 143 142
f 146 6653 140
f 8313 138 141
f 138 8313 136
f 8314 8315 130
f 130 132 8314
f 8314 132 133
f 8314 133 8316
f 8316 133 135
f 8316 135 136
f 8317 8315 8318
f 8318 8315 8314
f 8318 8314 8319
f 8319 8314 8316
f 8319 8320 8318
f 8318 8320 8321
f 8318 8321 8317
f 8317 8321 8322
f 8317 8322 8323
f 8324 8325 8326
f 8326 8327 8324
f 8324 8327 8328
f 8324 8328 123
f 123 129 8324
f 8324 129 128
f 8324 128 8325
f 8325 128 126
f 8325 126 125
f 116 118 6651
f 6651 118 121
f 6651 121 8329
f 8329 121 120
f 8329 120 8328
f 8328 120 124
f 8328 124 123
f 8330 6650 8331
f 8331 6650 6649
f 8331 6649 8332
f 6648 6647 6649
f 6649 6647 8333
f 6649 8333 8332
f 6645 6644 6647
f 6647 6644 6922
f 6647 6922 8333
f 8333 6922 6916
f 8333 6916 8332
f 6942 8334 6940
f 6940 8334 8335
f 6940 8335 8336
f 8336 8335 6929
f 8336 6929 6646
f 6646 6929 6641
f 6646 6641 6644
f 6644 6641 6643
f 6644 6643 6922
f 6922 6643 6925
f 6922 6925 6923
f 6906 6902 6904
f 6904 6902 6901
f 6904 6901 6907
f 6907 6901 8337
f 6907 8337 6911
f 6911 8337 8338
f 6911 8338 6916
f 6916 8338 8323
f 6916 8323 8332
f 8332 8323 8322
f 8332 8322 8331
f 8331 8322 8321
f 8331 8321 8330
f 8330 8321 8320
f 6880 6878 6883
f 6883 6878 8087
f 6883 8087 6885
f 6885 8087 8085
f 6885 8085 6887
f 6887 8085 8086
f 6887 8086 6892
f 6892 8086 8084
f 6892 8084 6896
f 6896 8084 6652
f 6896 6652 6899
f 6899 6652 6651
f 6899 6651 6901
f 6901 6651 8329
f 6901 8329 8337
f 8337 8329 8328
f 8337 8328 8338
f 8338 8328 8327
f 8338 8327 8323
f 8323 8327 8326
f 8323 8326 8317
f 8317 8326 8325
f 8317 8325 8315
f 8315 8325 125
f 8315 125 130
f 8339 8340 8341
f 8341 8340 8342
f 8341 8342 8343
f 8343 8342 8344
f 8343 8344 8345
f 8345 8344 8346
f 8345 8346 6946
f 6946 8346 6956
f 6946 6956 6944
f 6944 6956 6958
f 6944 6958 6951
f 136 8313 8316
f 8316 8313 8347
f 8316 8347 8319
f 8319 8347 8348
f 8319 8348 8320
f 8320 8348 8349
f 8320 8349 8330
f 8330 8349 8350
f 8330 8350 6650
f 6650 8350 8351
f 6650 8351 6648
f 6648 8351 8352
f 6648 8352 6645
f 6645 8352 8339
f 6645 8339 6646
f 6646 8339 8341
f 6646 8341 8336
f 8336 8341 8343
f 8336 8343 6940
f 6940 8343 8345
f 6940 8345 6938
f 6938 8345 6946
f 6938 6946 6745
f 6745 6946 6950
f 6745 6950 6746
f 8310 8233 8353
f 8353 8233 8354
f 8353 8354 8355
f 8355 8354 8356
f 8355 8356 8357
f 8357 8356 8358
f 8357 8358 8359
f 8360 8227 8361
f 8361 8227 8228
f 8361 8228 8362
f 8362 8228 8229
f 8362 8229 8363
f 8363 8229 8230
f 8363 8230 8364
f 8364 8230 8231
f 8364 8231 8365
f 8365 8231 8232
f 8365 8232 8366
f 8213 8366 8214
f 8214 8366 8232
f 8214 8232 8210
f 8210 8232 8226
f 8210 8226 8196
f 8196 8226 8205
f 8196 8205 8195
f 8195 8205 8200
f 8195 8200 8194
f 8194 8200 8125
f 8194 8125 8193
f 8193 8125 8115
f 8193 8115 8192
f 8192 8115 8117
f 8192 8117 8107
f 5924 8367 6640
f 6640 8367 8368
f 6640 8368 8212
f 8212 8368 8369
f 8212 8369 8211
f 8211 8369 8370
f 8211 8370 8191
f 8191 8370 8371
f 8191 8371 8190
f 8190 8371 8372
f 8190 8372 8189
f 8189 8372 8373
f 8189 8373 8104
f 8104 8373 6674
f 8104 6674 8103
f 8103 6674 213
f 8103 213 215
f 5700 4219 8212
f 8212 4219 4218
f 8212 4218 6640
f 6640 4218 5903
f 6640 5903 5926
f 189 8107 6671
f 6671 8107 8117
f 6671 8117 8374
f 8374 8117 8116
f 8374 8116 8375
f 8375 8116 8123
f 8375 8123 8376
f 8376 8123 8197
f 8376 8197 8377
f 8377 8197 8201
f 8377 8201 8378
f 8378 8201 8221
f 8378 8221 8379
f 8379 8221 8227
f 8379 8227 8380
f 8380 8227 8360
f 8380 8360 8381
f 8381 8360 8382
f 8381 8382 8383
f 8384 8383 8385
f 8385 8383 8382
f 8385 8382 8386
f 8386 8382 8360
f 8213 8387 8366
f 8366 8387 8388
f 8366 8388 8365
f 8365 8388 8389
f 8365 8389 8364
f 8364 8389 8390
f 8364 8390 8363
f 8363 8390 8391
f 8363 8391 8362
f 8362 8391 8392
f 8362 8392 8361
f 8361 8392 8393
f 8361 8393 8360
f 8360 8393 8394
f 8360 8394 8386
f 8395 8396 8397
f 8398 8399 8400
f 8400 8399 8401
f 8400 8401 8402
f 8402 8401 8403
f 8402 8403 8404
f 8404 8403 8405
f 8404 8405 8397
f 8397 8405 8406
f 8397 8406 8395
f 8407 8358 8289
f 8289 8358 8356
f 8289 8356 8276
f 8276 8356 8354
f 8276 8354 8263
f 8263 8354 8233
f 8263 8233 8250
f 8250 8233 8235
f 8250 8235 6655
f 6655 8235 8237
f 6655 8237 6656
f 6656 8237 8239
f 6656 8239 8173
f 8173 8239 8241
f 8173 8241 8172
f 8172 8241 8243
f 8172 8243 8171
f 8171 8243 8245
f 8171 8245 8170
f 8170 8245 8247
f 8170 8247 8169
f 8169 8247 8249
f 8169 8249 8168
f 8168 8249 6663
f 8168 6663 8167
f 8167 6663 161
f 8167 161 160
f 8408 6636 8409
f 8409 6636 6635
f 8409 6635 8410
f 8396 8411 8397
f 8397 8411 8412
f 8397 8412 8404
f 8404 8412 8413
f 8404 8413 8402
f 8402 8413 8414
f 8402 8414 8400
f 8400 8414 8415
f 8400 8415 8398
f 8398 8415 8416
f 8417 8416 8418
f 8418 8416 8415
f 8418 8415 8419
f 8419 8415 8414
f 8419 8414 8420
f 8420 8414 8413
f 8420 8413 8421
f 8421 8413 8412
f 8421 8412 8422
f 8422 8412 8411
f 8423 8410 8424
f 8424 8410 6635
f 8424 6635 8425
f 8425 6635 6634
f 8425 6634 8426
f 8427 8428 8429
f 8429 8428 8430
f 8429 8430 8431
f 8432 8426 8433
f 8433 8426 6634
f 8433 6634 8434
f 8434 6634 6636
f 8434 6636 8435
f 8435 6636 8408
f 8435 8408 8436
f 8407 8427 8437
f 8437 8427 8429
f 8437 8429 8438
f 8438 8429 8431
f 8438 8431 8439
f 184 6671 8106
f 8106 6671 8374
f 8106 8374 8440
f 8440 8374 8375
f 8440 8375 8441
f 8441 8375 8376
f 8441 8376 8442
f 8442 8376 8377
f 8442 8377 8443
f 8443 8377 8378
f 8443 8378 8444
f 8444 8378 8379
f 8444 8379 8445
f 8445 8379 8380
f 8445 8380 8395
f 8395 8380 8381
f 8395 8381 8396
f 8396 8381 8383
f 8396 8383 8411
f 8411 8383 8384
f 8411 8384 8422
f 5964 8446 5924
f 5924 8446 8447
f 5924 8447 8367
f 8448 8449 8450
f 8450 8449 8451
f 8450 8451 8452
f 8452 8451 8453
f 8452 8453 8454
f 8454 8453 8455
f 8454 8455 8456
f 8456 8455 8457
f 8456 8457 8458
f 8458 8457 8459
f 8458 8459 8460
f 8460 8459 8461
f 8460 8461 8462
f 8462 8461 8463
f 8462 8463 8464
f 8464 8463 6673
f 8464 6673 8465
f 8465 6673 211
f 8465 211 209
f 8466 8448 8446
f 8446 8448 8450
f 8446 8450 8447
f 8447 8450 8452
f 8447 8452 8367
f 8367 8452 8454
f 8367 8454 8368
f 8368 8454 8456
f 8368 8456 8369
f 8369 8456 8458
f 8369 8458 8370
f 8370 8458 8460
f 8370 8460 8371
f 8371 8460 8462
f 8371 8462 8372
f 8372 8462 8464
f 8372 8464 8373
f 8373 8464 8465
f 8373 8465 6674
f 6674 8465 209
f 6674 209 208
f 5966 4214 8467
f 8467 4214 4212
f 8467 4212 8468
f 8468 4212 4211
f 8468 4211 7033
f 7033 4211 5972
f 7033 5972 5971
f 868 6694 7255
f 7255 6694 7266
f 7255 7266 8469
f 8469 7266 7253
f 8469 7253 8470
f 8470 7253 7252
f 8470 7252 8471
f 8471 7252 7228
f 8471 7228 8472
f 8472 7228 7221
f 8472 7221 8473
f 8473 7221 7217
f 8473 7217 8474
f 8474 7217 7218
f 8474 7218 8475
f 8475 7218 7077
f 8475 7077 8476
f 8476 7077 7076
f 8476 7076 8477
f 8477 7076 7074
f 8477 7074 8478
f 8478 7074 7073
f 8478 7073 8479
f 8479 7073 7072
f 8479 7072 8480
f 8480 7072 7071
f 8480 7071 8481
f 8481 7071 6712
f 8481 6712 8482
f 8482 6712 6711
f 8482 6711 8483
f 8483 6711 8484
f 8483 8484 8485
f 8485 8484 8486
f 8485 8486 8466
f 8466 8486 8487
f 8466 8487 8448
f 8448 8487 8488
f 8448 8488 8449
f 8449 8488 8489
f 8449 8489 8451
f 8451 8489 8490
f 8451 8490 8453
f 8453 8490 8491
f 8453 8491 8455
f 8455 8491 8492
f 8455 8492 8457
f 8457 8492 8493
f 8457 8493 8459
f 8459 8493 8494
f 8459 8494 8461
f 8461 8494 8495
f 8461 8495 8463
f 8463 8495 8496
f 8463 8496 6673
f 6673 8496 207
f 6673 207 212
f 5964 5966 8446
f 8446 5966 8467
f 8446 8467 8466
f 8466 8467 8468
f 8466 8468 8485
f 8485 8468 7033
f 8485 7033 8483
f 8483 7033 7032
f 8483 7032 8482
f 8482 7032 7034
f 8482 7034 8481
f 8481 7034 7035
f 8481 7035 8480
f 8480 7035 7036
f 8480 7036 8479
f 8479 7036 7063
f 8479 7063 8478
f 8478 7063 7064
f 8478 7064 8477
f 8477 7064 7075
f 8477 7075 8476
f 8476 7075 7212
f 8476 7212 8475
f 8475 7212 7213
f 8475 7213 8474
f 8474 7213 7214
f 8474 7214 8473
f 8473 7214 7219
f 8473 7219 8472
f 8472 7219 7249
f 8472 7249 8471
f 8471 7249 7250
f 8471 7250 8470
f 8470 7250 7251
f 8470 7251 8469
f 8469 7251 7254
f 8469 7254 7255
f 7255 7254 865
f 7255 865 866
f 8497 8417 8498
f 8498 8417 8418
f 8498 8418 8499
f 8499 8418 8419
f 8499 8419 8500
f 8500 8419 8420
f 8500 8420 8501
f 8501 8420 8421
f 8501 8421 8502
f 8502 8421 8422
f 8502 8422 8503
f 8503 8422 8384
f 8503 8384 8504
f 8504 8384 8385
f 8504 8385 8505
f 8505 8385 8386
f 8505 8386 8506
f 8506 8386 8394
f 8506 8394 8507
f 8507 8394 8393
f 8507 8393 8508
f 8508 8393 8392
f 8508 8392 8509
f 8509 8392 8391
f 8509 8391 8510
f 8510 8391 8390
f 8510 8390 8511
f 8511 8390 8389
f 8511 8389 8512
f 8512 8389 8388
f 8512 8388 8513
f 8513 8388 8387
f 8514 8497 8515
f 8515 8497 8498
f 8515 8498 8516
f 8516 8498 8499
f 8516 8499 8517
f 8517 8499 8500
f 8517 8500 8518
f 8518 8500 8501
f 8518 8501 8519
f 8519 8501 8502
f 8519 8502 8520
f 8520 8502 8503
f 8520 8503 8521
f 8521 8503 8504
f 8521 8504 8522
f 8522 8504 8505
f 8522 8505 8523
f 8523 8505 8506
f 8523 8506 8524
f 8524 8506 8507
f 8524 8507 8525
f 8525 8507 8508
f 8525 8508 8526
f 8526 8508 8509
f 8526 8509 8527
f 8527 8509 8510
f 8527 8510 8528
f 8528 8510 8511
f 8528 8511 8529
f 8529 8511 8512
f 8529 8512 8530
f 8530 8512 8513
f 8531 8423 8532
f 8532 8423 8424
f 8532 8424 8533
f 8533 8424 8425
f 8533 8425 8534
f 8534 8425 8426
f 8534 8426 8535
f 8535 8426 8432
f 8535 8432 8536
f 8536 8537 8535
f 8535 8537 8538
f 8535 8538 8534
f 8534 8538 8539
f 8534 8539 8533
f 8533 8539 8540
f 8533 8540 8532
f 8532 8540 6637
f 8532 6637 8531
f 8531 6637 6639
f 8541 8514 8542
f 8542 8514 8515
f 8542 8515 8543
f 8543 8515 8516
f 8543 8516 8544
f 8544 8516 8517
f 8544 8517 8545
f 8545 8517 8518
f 8545 8518 8546
f 8546 8518 8519
f 8546 8519 8547
f 8547 8519 8520
f 8547 8520 8548
f 8548 8520 8521
f 8548 8521 8549
f 8549 8521 8522
f 8549 8522 8550
f 8550 8522 8523
f 8550 8523 8551
f 8551 8523 8524
f 8551 8524 8552
f 8552 8524 8525
f 8552 8525 8553
f 8553 8525 8526
f 8553 8526 8554
f 8554 8526 8527
f 8554 8527 8555
f 8555 8527 8528
f 8555 8528 8556
f 8556 8528 8529
f 8556 8529 8557
f 8557 8529 8530
f 8558 7505 8559
f 8559 7505 7506
f 8559 7506 8560
f 8560 7506 7507
f 8560 7507 8561
f 8561 7507 7508
f 8561 7508 8562
f 8562 7508 7509
f 8562 7509 8563
f 8563 7509 7510
f 8563 7510 8564
f 8564 7510 7511
f 8564 7511 8565
f 8565 7511 7512
f 8565 7512 8566
f 8566 7512 7513
f 8566 7513 8567
f 8567 7513 7514
f 8567 7514 8568
f 8568 7514 7515
f 8568 7515 8569
f 8569 7515 7516
f 8569 7516 8570
f 8570 7516 7517
f 8570 7517 8571
f 8571 7517 7191
f 8571 7191 8572
f 8572 7191 7169
f 8572 7169 8573
f 8573 7169 7168
f 8573 7168 8574
f 8574 7168 7408
f 8574 7408 8575
f 8575 7408 7161
f 8575 7161 8576
f 8576 7161 7145
f 8576 7145 8577
f 8577 7145 7144
f 8577 7144 8578
f 8578 7144 7181
f 8578 7181 8579
f 8579 7181 7383
f 8579 7383 8580
f 8580 7383 8581
f 8580 8581 8541
f 8582 8583 8584
f 8584 8583 8585
f 8584 8585 8586
f 8587 8582 8588
f 8588 8582 8584
f 8588 8584 8589
f 8589 8584 8586
f 8589 8586 8590
f 8536 8591 8537
f 8537 8591 8592
f 8537 8592 8593
f 8594 8587 8595
f 8595 8587 8588
f 8595 8588 8596
f 8596 8588 8589
f 8596 8589 8597
f 8597 8589 8590
f 8597 8590 8598
f 8599 8600 8601
f 8601 8600 8602
f 8601 8602 8603
f 8603 8602 8604
f 8603 8604 8605
f 8605 8604 8606
f 8605 8606 8607
f 8607 8606 8608
f 8607 8608 8609
f 8609 8608 8610
f 8609 8610 8611
f 8611 8610 8612
f 8611 8612 8613
f 8613 8612 8614
f 8613 8614 8615
f 8615 8614 8593
f 8615 8593 8616
f 8616 8593 8592
f 8616 8592 8617
f 8617 8592 8591
f 8617 8591 8618
f 8618 8591 8536
f 8618 8536 8619
f 8619 8536 8432
f 8619 8432 8620
f 8620 8432 8433
f 8620 8433 8621
f 8621 8433 8434
f 8621 8434 8622
f 8622 8434 8435
f 8622 8435 8623
f 8623 8435 8436
f 8623 8436 8624
f 6638 8594 8625
f 8625 8594 8595
f 8625 8595 8626
f 8626 8595 8596
f 8626 8596 8627
f 8627 8596 8597
f 8627 8597 8628
f 8628 8597 8598
f 8628 8598 8629
f 8629 8598 8630
f 8629 8630 8631
f 8631 8630 8632
f 8631 8632 8633
f 8633 8632 8634
f 8633 8634 8635
f 8635 8634 8636
f 8635 8636 8637
f 8637 8636 8638
f 8637 8638 8639
f 8639 8638 8640
f 8639 8640 8641
f 8641 8640 8642
f 8641 8642 8643
f 6638 6637 8594
f 8594 6637 8540
f 8594 8540 8587
f 8587 8540 8539
f 8587 8539 8582
f 8582 8539 8538
f 8582 8538 8583
f 8583 8538 8537
f 8583 8537 8585
f 8585 8537 8593
f 8585 8593 8586
f 8586 8593 8614
f 8586 8614 8590
f 8590 8614 8612
f 8590 8612 8598
f 8598 8612 8610
f 8598 8610 8630
f 8630 8610 8608
f 8630 8608 8632
f 8632 8608 8606
f 8632 8606 8634
f 8634 8606 8604
f 8634 8604 8636
f 8636 8604 8602
f 8636 8602 8638
f 8638 8602 8600
f 8638 8600 8640
f 8640 8600 8599
f 8640 8599 8642
f 7395 8643 7397
f 7397 8643 8642
f 7397 8642 7393
f 7393 8642 8599
f 7393 8599 7392
f 7392 8599 8601
f 7392 8601 7391
f 7391 8601 8603
f 7391 8603 7390
f 7390 8603 8605
f 7390 8605 7389
f 7389 8605 8607
f 7389 8607 7388
f 7388 8607 8609
f 7388 8609 7387
f 7387 8609 8611
f 7387 8611 7386
f 7386 8611 8613
f 7386 8613 7385
f 7385 8613 8615
f 7385 8615 7384
f 7384 8615 8616
f 7384 8616 7383
f 7383 8616 8617
f 7383 8617 8581
f 8581 8617 8618
f 8581 8618 8541
f 8541 8618 8619
f 8541 8619 8514
f 8514 8619 8620
f 8514 8620 8497
f 8497 8620 8621
f 8497 8621 8417
f 8417 8621 8622
f 8417 8622 8416
f 8416 8622 8623
f 8416 8623 8398
f 8398 8623 8624
f 8398 8624 8399
f 7519 8558 7521
f 7521 8558 8559
f 7521 8559 7523
f 7523 8559 8560
f 7523 8560 7525
f 7525 8560 8561
f 7525 8561 7527
f 7527 8561 8562
f 7527 8562 7529
f 7529 8562 8563
f 7529 8563 7531
f 7531 8563 8564
f 7531 8564 7533
f 7533 8564 8565
f 7533 8565 7535
f 7535 8565 8566
f 7535 8566 7565
f 7565 8566 8567
f 7565 8567 7205
f 7205 8567 8568
f 7205 8568 7204
f 7204 8568 8569
f 7204 8569 7203
f 7203 8569 8570
f 7203 8570 7198
f 7198 8570 8571
f 7198 8571 7197
f 7197 8571 8572
f 7197 8572 7196
f 7196 8572 8573
f 7196 8573 7143
f 7143 8573 8574
f 7143 8574 7142
f 7142 8574 8575
f 7142 8575 7141
f 7141 8575 8576
f 7141 8576 7140
f 7140 8576 8577
f 7140 8577 7139
f 7139 8577 8578
f 7139 8578 7119
f 7119 8578 8579
f 7119 8579 7118
f 7118 8579 8580
f 7118 8580 7117
f 7117 8580 8541
f 7117 8541 7116
f 7116 8541 8542
f 7116 8542 7111
f 7111 8542 8543
f 7111 8543 7112
f 7112 8543 8544
f 7112 8544 7124
f 7124 8544 8545
f 7124 8545 6706
f 6706 8545 8546
f 6706 8546 6707
f 6707 8546 8547
f 6707 8547 7056
f 7056 8547 8548
f 7056 8548 7057
f 7057 8548 8549
f 7057 8549 7082
f 7082 8549 8550
f 7082 8550 7052
f 7052 8550 8551
f 7052 8551 7051
f 7051 8551 8552
f 7051 8552 7050
f 7050 8552 8553
f 7050 8553 7049
f 7049 8553 8554
f 7049 8554 7048
f 7048 8554 8555
f 7048 8555 6710
f 6710 8555 8556
f 6710 8556 6711
f 6711 8556 8557
f 6711 8557 8484
f 8484 8557 8530
f 8484 8530 8486
f 8486 8530 8513
f 8486 8513 8487
f 8487 8513 8387
f 8487 8387 8488
f 8488 8387 8213
f 8488 8213 8489
f 8489 8213 8215
f 8489 8215 8490
f 8490 8215 8216
f 8490 8216 8491
f 8491 8216 8217
f 8491 8217 8492
f 8492 8217 8218
f 8492 8218 8493
f 8493 8218 8219
f 8493 8219 8494
f 8494 8219 8220
f 8494 8220 8495
f 8495 8220 6672
f 8495 6672 8496
f 8496 6672 205
f 8496 205 207
f 6981 6971 6979
f 6979 6971 6967
f 6979 6967 8644
f 8644 6967 6964
f 8644 6964 8645
f 8645 6964 6954
f 8645 6954 8646
f 8646 6954 6956
f 8646 6956 8647
f 8647 6956 8346
f 8647 8346 8648
f 8648 8346 8344
f 8648 8344 8649
f 8649 8344 8342
f 8649 8342 8650
f 8650 8342 8340
f 8650 8340 8651
f 8651 8340 8339
f 8651 8339 8652
f 8652 8339 8352
f 8652 8352 8653
f 8653 8352 8351
f 8653 8351 8654
f 8654 8351 8350
f 8654 8350 8655
f 8655 8350 8349
f 8655 8349 8656
f 8656 8349 8348
f 8656 8348 8657
f 8657 8348 8347
f 8657 8347 8658
f 8658 8347 8313
f 8658 8313 8659
f 8659 8313 141
f 8659 141 140
f 8660 8661 8662
f 8662 8661 8663
f 8662 8663 8664
f 8664 8663 8665
f 8664 8665 8666
f 8666 8665 8667
f 8666 8667 8668
f 8668 8667 8669
f 8668 8669 8670
f 8670 8669 8671
f 8670 8671 8672
f 8672 8671 8673
f 8672 8673 8674
f 8674 8673 8675
f 8674 8675 8676
f 8676 8675 8677
f 8676 8677 8678
f 8678 8677 8679
f 8678 8679 8680
f 8680 8679 8681
f 8680 8681 8682
f 8683 8684 8685
f 8683 8685 8686
f 8686 8685 8687
f 8686 8687 8688
f 8689 8690 8691
f 8691 8690 8692
f 8691 8692 8693
f 8693 8692 8694
f 8693 8694 8695
f 8695 8694 8696
f 8695 8696 8697
f 8698 8696 8699
f 8699 8696 8694
f 8699 8694 8700
f 8700 8694 8692
f 8700 8692 8701
f 8701 8692 8690
f 8701 8690 8702
f 8702 8690 8689
f 8702 8689 8359
f 8359 8689 8703
f 8359 8703 8357
f 8357 8703 8704
f 8357 8704 8355
f 8355 8704 8705
f 8355 8705 8353
f 8353 8705 8706
f 8353 8706 8310
f 8310 8706 8707
f 8310 8707 8309
f 8309 8707 8708
f 8309 8708 8308
f 8308 8708 8709
f 8308 8709 8307
f 8307 8709 8710
f 8307 8710 8306
f 8306 8710 8711
f 8306 8711 8305
f 8305 8711 8712
f 8305 8712 8304
f 8304 8712 8713
f 8304 8713 8303
f 8303 8713 8714
f 8303 8714 8302
f 8302 8714 6654
f 8302 6654 8133
f 8133 6654 153
f 8133 153 155
f 8715 8716 8717
f 8715 8718 8719
f 8719 8718 8720
f 8719 8720 8721
f 8721 8720 8722
f 8715 8717 8718
f 8718 8717 8682
f 8718 8682 8720
f 8720 8682 8681
f 8720 8681 8722
f 8723 8688 8724
f 8724 8688 8687
f 8724 8687 8725
f 8725 8687 8685
f 8725 8685 8726
f 8726 8685 8684
f 8727 8728 8729
f 8729 8728 8730
f 8729 8730 8731
f 8731 8730 8732
f 8731 8732 8733
f 8734 8735 8736
f 8736 8735 8737
f 8736 8737 8738
f 8738 8737 8739
f 8738 8739 8740
f 8741 8742 8743
f 8743 8742 8744
f 8743 8744 8745
f 8745 8744 8746
f 8745 8746 8747
f 8747 8746 8748
f 8747 8748 8749
f 8749 8748 8750
f 8749 8750 8751
f 8751 8750 8752
f 8751 8752 8753
f 8753 8752 8754
f 8753 8754 8755
f 8755 8754 8756
f 8755 8756 8757
f 8757 8756 8758
f 8757 8758 8759
f 8759 8758 8727
f 8759 8727 8734
f 8734 8727 8729
f 8734 8729 8735
f 8735 8729 8731
f 8735 8731 8737
f 8737 8731 8733
f 8737 8733 8739
f 8760 8761 8762
f 8762 8761 8763
f 8762 8763 8764
f 8764 8763 8765
f 8764 8765 8766
f 8767 8768 8769
f 8769 8768 8770
f 8769 8770 8771
f 8771 8770 8772
f 8771 8772 8773
f 8774 8775 8776
f 8776 8775 8777
f 8776 8777 8778
f 8778 8777 8779
f 8778 8779 8780
f 8780 8779 8781
f 8780 8781 8782
f 8782 8781 8783
f 8782 8783 8784
f 8784 8783 8785
f 8784 8785 8786
f 8786 8785 8787
f 8786 8787 8788
f 8788 8787 8789
f 8788 8789 8790
f 8790 8789 8791
f 8790 8791 8792
f 8792 8791 8760
f 8792 8760 8767
f 8767 8760 8762
f 8767 8762 8768
f 8768 8762 8764
f 8768 8764 8770
f 8770 8764 8766
f 8770 8766 8772
f 145 8312 6653
f 6653 8312 8793
f 6653 8793 8794
f 8794 8793 8795
f 8794 8795 8796
f 8796 8795 8797
f 8796 8797 8798
f 8798 8797 8799
f 8798 8799 8800
f 8800 8799 8741
f 8800 8741 8774
f 8774 8741 8743
f 8774 8743 8775
f 8775 8743 8745
f 8775 8745 8777
f 8777 8745 8747
f 8777 8747 8779
f 8779 8747 8749
f 8779 8749 8781
f 8781 8749 8751
f 8781 8751 8783
f 8783 8751 8753
f 8783 8753 8785
f 8785 8753 8755
f 8785 8755 8787
f 8787 8755 8757
f 8787 8757 8789
f 8789 8757 8759
f 8789 8759 8791
f 8791 8759 8734
f 8791 8734 8760
f 8760 8734 8736
f 8760 8736 8761
f 8761 8736 8738
f 8761 8738 8763
f 8763 8738 8740
f 8763 8740 8765
f 8801 8723 8802
f 8802 8723 8724
f 8802 8724 8803
f 8803 8724 8725
f 8803 8725 8804
f 8804 8725 8726
f 6982 8805 6983
f 6983 8805 6993
f 6983 6993 6988
f 6988 6993 6995
f 8654 8806 8653
f 8653 8806 8807
f 8653 8807 8652
f 8652 8807 8808
f 8652 8808 8651
f 8651 8808 8809
f 8651 8809 8650
f 8650 8809 8810
f 8650 8810 8649
f 8649 8810 8811
f 8649 8811 8648
f 8648 8811 8812
f 8648 8812 8647
f 8647 8812 8813
f 8647 8813 8646
f 8646 8813 8814
f 8646 8814 8645
f 8645 8814 8683
f 8645 8683 8644
f 8644 8683 8686
f 8644 8686 6979
f 6979 8686 8688
f 6979 8688 6974
f 6974 8688 8723
f 6974 8723 6982
f 6982 8723 8801
f 6982 8801 8805
f 140 6653 8659
f 8659 6653 8794
f 8659 8794 8658
f 8658 8794 8796
f 8658 8796 8657
f 8657 8796 8798
f 8657 8798 8656
f 8656 8798 8800
f 8656 8800 8655
f 8655 8800 8774
f 8655 8774 8654
f 8654 8774 8776
f 8654 8776 8806
f 8806 8776 8778
f 8806 8778 8807
f 8807 8778 8780
f 8807 8780 8808
f 8808 8780 8782
f 8808 8782 8809
f 8809 8782 8784
f 8809 8784 8810
f 8810 8784 8786
f 8810 8786 8811
f 8811 8786 8788
f 8811 8788 8812
f 8812 8788 8790
f 8812 8790 8813
f 8813 8790 8792
f 8813 8792 8814
f 8814 8792 8767
f 8814 8767 8683
f 8683 8767 8769
f 8683 8769 8684
f 8684 8769 8771
f 8684 8771 8726
f 8726 8771 8773
f 8726 8773 8804
f 142 8311 8312
f 8312 8311 8815
f 8312 8815 8793
f 8793 8815 8816
f 8793 8816 8795
f 8795 8816 8817
f 8795 8817 8797
f 8797 8817 8818
f 8797 8818 8799
f 8799 8818 8660
f 8799 8660 8741
f 8741 8660 8662
f 8741 8662 8742
f 8742 8662 8664
f 8742 8664 8744
f 8744 8664 8666
f 8744 8666 8746
f 8746 8666 8668
f 8746 8668 8748
f 8748 8668 8670
f 8748 8670 8750
f 8750 8670 8672
f 8750 8672 8752
f 8752 8672 8674
f 8752 8674 8754
f 8754 8674 8676
f 8754 8676 8756
f 8756 8676 8678
f 8756 8678 8758
f 8758 8678 8680
f 8758 8680 8727
f 8727 8680 8682
f 8727 8682 8728
f 8728 8682 8717
f 8728 8717 8730
f 8730 8717 8716
f 8730 8716 8732
f 8819 8820 8821
f 8821 8820 8822
f 8821 8822 8823
f 8823 8822 8824
f 8823 8824 8825
f 8825 8824 8826
f 8825 8826 8827
f 8827 8826 8828
f 8827 8828 8829
f 8829 8828 8830
f 8829 8830 8831
f 8831 8830 8832
f 8831 8832 8833
f 8833 8832 8834
f 8833 8834 8835
f 8835 8834 8836
f 8835 8836 8837
f 8439 8431 8838
f 8838 8431 8430
f 8838 8430 8839
f 8839 8430 8840
f 8839 8840 8841
f 8841 8840 8842
f 8841 8842 8843
f 8843 8842 8844
f 8843 8844 8845
f 8845 8844 8846
f 8845 8846 8847
f 8847 8846 8848
f 8847 8848 8849
f 8849 8848 8850
f 8849 8850 8851
f 8851 8850 8852
f 8851 8852 8853
f 8853 8852 8854
f 8853 8854 8855
f 8855 8854 8856
f 8855 8856 8857
f 8857 8856 8858
f 8857 8858 8859
f 8859 8858 8860
f 8859 8860 8861
f 8861 8860 8862
f 8861 8862 8863
f 8863 8862 8864
f 8863 8864 8865
f 8865 8864 8866
f 8865 8866 8867
f 8867 8866 8868
f 8867 8868 8869
f 8869 8868 8870
f 8869 8870 8871
f 8871 8870 8872
f 8871 8872 8873
f 8873 8872 8874
f 8873 8874 8875
f 8875 8874 8876
f 8875 8876 8877
f 8877 8876 8878
f 8877 8878 8879
f 8879 8878 8880
f 8879 8880 8881
f 8881 8880 8882
f 8881 8882 8883
f 8883 8882 8884
f 8883 8884 8885
f 8885 8884 8886
f 8885 8886 8887
f 8887 8886 8888
f 8887 8888 8889
f 8889 8888 8890
f 8889 8890 8891
f 8891 8890 8892
f 8891 8892 8893
f 8893 8892 8894
f 8893 8894 8895
f 8895 8894 8896
f 8895 8896 8897
f 8897 8896 8898
f 8897 8898 8899
f 8899 8898 8900
f 8899 8900 8901
f 8901 8900 8902
f 8901 8902 8903
f 8903 8902 8904
f 8903 8904 8905
f 8905 8904 8906
f 8905 8906 8907
f 8907 8906 8908
f 8907 8908 8909
f 8698 8910 8911
f 8911 8910 8912
f 8911 8912 8913
f 8913 8912 8914
f 8913 8914 8915
f 8915 8914 8916
f 8915 8916 8917
f 8917 8916 8918
f 8917 8918 8919
f 8919 8918 8920
f 8919 8920 8921
f 8921 8920 8922
f 8921 8922 8923
f 8923 8922 8924
f 8923 8924 8925
f 8925 8924 8926
f 8925 8926 8927
f 8927 8926 8928
f 8927 8928 8929
f 8929 8928 8930
f 8929 8930 8931
f 8931 8930 8932
f 8931 8932 8933
f 8933 8932 8934
f 8933 8934 8935
f 8935 8934 8936
f 8935 8936 8937
f 8937 8936 8938
f 8937 8938 8939
f 8939 8938 8940
f 8939 8940 8941
f 8941 8940 8942
f 8941 8942 8943
f 8943 8942 8944
f 8943 8944 8945
f 8945 8944 8946
f 8945 8946 8947
f 8947 8946 8948
f 8947 8948 8949
f 8949 8948 8950
f 8949 8950 8951
f 8951 8950 8952
f 8951 8952 8953
f 8953 8952 8954
f 8953 8954 8955
f 8955 8954 8956
f 8955 8956 8957
f 8957 8956 8958
f 8957 8958 8959
f 8959 8958 8960
f 8959 8960 8961
f 8961 8960 8962
f 8961 8962 8963
f 8963 8962 8964
f 8963 8964 8965
f 8965 8964 8966
f 8965 8966 8967
f 8967 8966 8968
f 8967 8968 8969
f 8969 8968 8970
f 8969 8970 8971
f 8971 8970 8972
f 8971 8972 8973
f 8973 8972 8974
f 8973 8974 8975
f 8407 8437 8358
f 8358 8437 8438
f 8358 8438 8359
f 8359 8438 8439
f 8359 8439 8702
f 8702 8439 8838
f 8702 8838 8701
f 8701 8838 8839
f 8701 8839 8700
f 8700 8839 8841
f 8700 8841 8699
f 8699 8841 8843
f 8699 8843 8698
f 8698 8843 8845
f 8698 8845 8910
f 8910 8845 8847
f 8910 8847 8912
f 8912 8847 8849
f 8912 8849 8914
f 8914 8849 8851
f 8914 8851 8916
f 8916 8851 8853
f 8916 8853 8918
f 8918 8853 8855
f 8918 8855 8920
f 8920 8855 8857
f 8920 8857 8922
f 8922 8857 8859
f 8922 8859 8924
f 8924 8859 8861
f 8924 8861 8926
f 8926 8861 8863
f 8926 8863 8928
f 8928 8863 8865
f 8928 8865 8930
f 8930 8865 8867
f 8930 8867 8932
f 8932 8867 8869
f 8932 8869 8934
f 8934 8869 8871
f 8934 8871 8936
f 8936 8871 8873
f 8936 8873 8938
f 8938 8873 8875
f 8938 8875 8940
f 8940 8875 8877
f 8940 8877 8942
f 8942 8877 8879
f 8942 8879 8944
f 8944 8879 8881
f 8944 8881 8946
f 8946 8881 8883
f 8946 8883 8948
f 8948 8883 8885
f 8948 8885 8950
f 8950 8885 8887
f 8950 8887 8952
f 8952 8887 8889
f 8952 8889 8954
f 8954 8889 8891
f 8954 8891 8956
f 8956 8891 8893
f 8956 8893 8958
f 8958 8893 8895
f 8958 8895 8960
f 8960 8895 8897
f 8960 8897 8962
f 8962 8897 8899
f 8962 8899 8964
f 8964 8899 8901
f 8964 8901 8966
f 8966 8901 8903
f 8966 8903 8968
f 8968 8903 8905
f 8968 8905 8970
f 8970 8905 8907
f 8970 8907 8972
f 8972 8907 8909
f 8972 8909 8974
f 8976 8977 8978
f 8978 8977 8979
f 8978 8979 8980
f 8980 8979 8981
f 8980 8981 8982
f 8982 8981 8983
f 8982 8983 8984
f 8984 8983 8985
f 8697 8976 8986
f 8986 8976 8978
f 8986 8978 8987
f 8987 8978 8980
f 8987 8980 8988
f 8988 8980 8982
f 8988 8982 8989
f 8989 8982 8984
f 8989 8984 7377
f 7377 8984 8985
f 7377 8985 7378
f 8697 8696 8976
f 8976 8696 8698
f 8976 8698 8977
f 8977 8698 8911
f 8977 8911 8979
f 8979 8911 8913
f 8979 8913 8981
f 8981 8913 8915
f 8981 8915 8983
f 8983 8915 8917
f 8983 8917 8985
f 8985 8917 8919
f 8985 8919 7378
f 7378 8919 8921
f 7378 8921 7379
f 7379 8921 8923
f 7379 8923 7381
f 7381 8923 8925
f 7381 8925 7454
f 7454 8925 8927
f 7454 8927 7461
f 7461 8927 8929
f 7461 8929 7482
f 7482 8929 8931
f 7482 8931 7495
f 7495 8931 8933
f 7495 8933 7584
f 7584 8933 8935
f 7584 8935 7600
f 7600 8935 8937
f 7600 8937 7689
f 7689 8937 8939
f 7689 8939 7688
f 7688 8939 8941
f 7688 8941 7620
f 7620 8941 8943
f 7620 8943 7621
f 7621 8943 8945
f 7621 8945 7693
f 7693 8945 8947
f 7693 8947 7728
f 7728 8947 8949
f 7728 8949 7793
f 7793 8949 8951
f 7793 8951 7828
f 7828 8951 8953
f 7828 8953 7900
f 7900 8953 8955
f 7900 8955 7899
f 7899 8955 8957
f 7899 8957 7864
f 7864 8957 8959
f 7864 8959 7863
f 7863 8959 8961
f 7863 8961 8080
f 8080 8961 8963
f 8080 8963 8079
f 8079 8963 8965
f 8079 8965 7959
f 7959 8965 8967
f 7959 8967 7958
f 7958 8967 8969
f 7958 8969 8042
f 8042 8969 8971
f 8042 8971 8001
f 8001 8971 8973
f 8001 8973 8000
f 8000 8973 8975
f 8000 8975 8025
f 6998 8990 6996
f 6996 8990 6991
f 6996 6991 8991
f 8991 6991 6993
f 8991 6993 8992
f 8992 6993 8805
f 8992 8805 8993
f 8993 8805 8801
f 8993 8801 8994
f 8994 8801 8802
f 8994 8802 8995
f 8995 8802 8803
f 8995 8803 8996
f 8996 8803 8804
f 8996 8804 8997
f 8997 8804 8773
f 8997 8773 8998
f 8998 8773 8772
f 8998 8772 8999
f 8999 8772 8766
f 8999 8766 9000
f 9000 8766 8765
f 9000 8765 9001
f 9001 8765 8740
f 9001 8740 9002
f 9002 8740 8739
f 9002 8739 9003
f 9003 8739 8733
f 9003 8733 9004
f 9004 8733 8732
f 9004 8732 9005
f 9005 8732 8716
f 9005 8716 9006
f 9006 8716 8715
f 9006 8715 8837
f 8837 8715 8719
f 8837 8719 8835
f 8835 8719 8721
f 8835 8721 8833
f 8833 8721 8722
f 8833 8722 8831
f 8831 8722 8681
f 8831 8681 8829
f 8829 8681 8679
f 8829 8679 8827
f 8827 8679 8677
f 8827 8677 8825
f 8825 8677 8675
f 8825 8675 8823
f 8823 8675 8673
f 8823 8673 8821
f 8821 8673 8671
f 8821 8671 8819
f 8819 8671 8669
f 8819 8669 9007
f 9007 8669 8667
f 9007 8667 9008
f 9008 8667 8665
f 9008 8665 9009
f 9009 8665 8663
f 9009 8663 9010
f 9010 8663 8661
f 9010 8661 9011
f 9011 8661 8660
f 9011 8660 9012
f 9012 8660 8818
f 9012 8818 9013
f 9013 8818 8817
f 9013 8817 9014
f 9014 8817 8816
f 9014 8816 9015
f 9015 8816 8815
f 9015 8815 9016
f 9016 8815 8311
f 9016 8311 9017
f 9017 8311 149
f 9017 149 150
f 7002 7003 7001
f 7001 7003 6996
f 7001 6996 7441
f 7441 6996 8991
f 7441 8991 7443
f 7443 8991 8992
f 7443 8992 7445
f 7445 8992 8993
f 7445 8993 7447
f 7447 8993 8994
f 7447 8994 7449
f 7449 8994 8995
f 7449 8995 7432
f 7432 8995 8996
f 7432 8996 7434
f 7434 8996 8997
f 7434 8997 7436
f 7436 8997 8998
f 7436 8998 7438
f 7438 8998 8999
f 7438 8999 7419
f 7419 8999 9000
f 7419 9000 7421
f 7421 9000 9001
f 7421 9001 7423
f 7423 9001 9002
f 7423 9002 7425
f 7425 9002 9003
f 7425 9003 7427
f 7427 9003 9004
f 7427 9004 6681
f 6681 9004 9005
f 6681 9005 6682
f 6682 9005 9006
f 6682 9006 7377
f 7377 9006 8837
f 7377 8837 8989
f 8989 8837 8836
f 8989 8836 8988
f 8988 8836 8834
f 8988 8834 8987
f 8987 8834 8832
f 8987 8832 8986
f 8986 8832 8830
f 8986 8830 8697
f 8697 8830 8828
f 8697 8828 8695
f 8695 8828 8826
f 8695 8826 8693
f 8693 8826 8824
f 8693 8824 8691
f 8691 8824 8822
f 8691 8822 8689
f 8689 8822 8820
f 8689 8820 8703
f 8703 8820 8819
f 8703 8819 8704
f 8704 8819 9007
f 8704 9007 8705
f 8705 9007 9008
f 8705 9008 8706
f 8706 9008 9009
f 8706 9009 8707
f 8707 9009 9010
f 8707 9010 8708
f 8708 9010 9011
f 8708 9011 8709
f 8709 9011 9012
f 8709 9012 8710
f 8710 9012 9013
f 8710 9013 8711
f 8711 9013 9014
f 8711 9014 8712
f 8712 9014 9015
f 8712 9015 8713
f 8713 9015 9016
f 8713 9016 8714
f 8714 9016 9017
f 8714 9017 6654
f 6654 9017 150
f 6654 150 152
f 8082 6713 8083
f 8083 6713 6715
f 8083 6715 8008
f 8008 6715 8010
f 8008 8010 8006
f 8006 8010 8011
f 8006 8011 8007
f 8007 8011 8012
f 8007 8012 8004
f 8004 8012 8013
f 8004 8013 8005
f 8005 8013 8014
f 8005 8014 8002
f 8002 8014 8015
f 8002 8015 8003
f 8003 8015 8016
f 8003 8016 7966
f 7966 8016 8017
f 7966 8017 7967
f 7967 8017 8018
f 7967 8018 7964
f 7964 8018 8019
f 7964 8019 7965
f 7965 8019 8020
f 7965 8020 7962
f 7962 8020 8021
f 7962 8021 7963
f 7963 8021 8022
f 7963 8022 7960
f 7960 8022 8023
f 7960 8023 7961
f 7961 8023 8024
f 7961 8024 7911
f 7911 8024 8025
f 7911 8025 7912
f 7912 8025 8975
f 7912 8975 7910
f 7910 8975 8974
f 7910 8974 7909
f 7909 8974 8909
f 7909 8909 6679
f 6679 8909 8908
f 6679 8908 7913
f 7913 8908 8906
f 7913 8906 7914
f 7914 8906 8904
f 7914 8904 7915
f 7915 8904 8902
f 7915 8902 7916
f 7916 8902 8900
f 7916 8900 7917
f 7917 8900 8898
f 7917 8898 7918
f 7918 8898 8896
f 7918 8896 7919
f 7919 8896 8894
f 7919 8894 7920
f 7920 8894 8892
f 7920 8892 7921
f 7921 8892 8890
f 7921 8890 7792
f 7792 8890 8888
f 7792 8888 7791
f 7791 8888 8886
f 7791 8886 7790
f 7790 8886 8884
f 7790 8884 7785
f 7785 8884 8882
f 7785 8882 7729
f 7729 8882 8880
f 7729 8880 7566
f 7566 8880 8878
f 7566 8878 7545
f 7545 8878 8876
f 7545 8876 7546
f 7546 8876 8874
f 7546 8874 7536
f 7536 8874 8872
f 7536 8872 7518
f 7518 8872 8870
f 7518 8870 7519
f 7519 8870 8868
f 7519 8868 8558
f 8558 8868 8866
f 8558 8866 7505
f 7505 8866 8864
f 7505 8864 7409
f 7409 8864 8862
f 7409 8862 7394
f 7394 8862 8860
f 7394 8860 7395
f 7395 8860 8858
f 7395 8858 8643
f 8643 8858 8856
f 8643 8856 8641
f 8641 8856 8854
f 8641 8854 8639
f 8639 8854 8852
f 8639 8852 8637
f 8637 8852 8850
f 8637 8850 8635
f 8635 8850 8848
f 8635 8848 8633
f 8633 8848 8846
f 8633 8846 8631
f 8631 8846 8844
f 8631 8844 8629
f 8629 8844 8842
f 8629 8842 8628
f 8628 8842 8840
f 8628 8840 8627
f 8627 8840 8430
f 8627 8430 8626
f 8626 8430 8428
f 8626 8428 8625
f 8625 8428 8427
f 8625 8427 6638
f 6638 8427 8407
f 6638 8407 6639
f 6639 8407 8289
f 6639 8289 8531
f 8531 8289 8290
f 8531 8290 8423
f 8423 8290 8291
f 8423 8291 8410
f 8410 8291 8292
f 8410 8292 8409
f 8409 8292 8293
f 8409 8293 8408
f 8408 8293 8294
f 8408 8294 8436
f 8436 8294 8295
f 8436 8295 8624
f 8624 8295 8296
f 8624 8296 8399
f 8399 8296 8297
f 8399 8297 8401
f 8401 8297 8298
f 8401 8298 8403
f 8403 8298 8299
f 8403 8299 8405
f 8405 8299 8300
f 8405 8300 8406
f 8406 8300 8301
f 8406 8301 8395
f 8395 8301 8288
f 8395 8288 8445
f 8445 8288 8275
f 8445 8275 8444
f 8444 8275 8262
f 8444 8262 8443
f 8443 8262 8188
f 8443 8188 8442
f 8442 8188 8149
f 8442 8149 8441
f 8441 8149 8134
f 8441 8134 8440
f 8440 8134 8126
f 8440 8126 8106
f 8106 8126 187
f 8106 187 185
f 7923 7922 4633
f 6713 8082 4621
f 4621 4627 6713
f 6713 4627 4626
f 6713 4626 6714
f 6714 4626 4624
f 6714 4624 8009
f 8009 4624 4644
f 8009 4644 7029
f 537 535 538
f 538 535 534
f 538 534 8082
f 8082 534 4622
f 8082 4622 4621
f 7030 4637 7922
f 7922 4637 4635
f 7922 4635 4633
f 4649 8043 4629
f 4629 8043 7923
f 4629 7923 4631
f 4631 7923 4633
f 4653 4652 8044
f 4670 4342 7016
f 4649 4648 8043
f 8043 4648 4646
f 8043 4646 8044
f 8044 4646 4654
f 8044 4654 4653
f 4652 4651 8044
f 8044 4651 4658
f 8044 4658 4657
f 4657 4656 8044
f 8044 4656 4655
f 8044 4655 4663
f 4663 4662 8044
f 8044 4662 4660
f 8044 4660 4666
f 6728 8081 4344
f 6723 4344 7027
f 7027 4344 7028
f 6720 6719 4344
f 4344 6719 7865
f 4344 7865 6717
f 4644 4643 7029
f 7029 4643 4641
f 7029 4641 7030
f 7030 4641 4639
f 7030 4639 4637
f 4666 4665 8044
f 8044 4665 4664
f 8044 4664 4344
f 4668 4673 7016
f 4340 4674 4676
f 4336 4335 7016
f 7016 4335 4682
f 7016 4682 4680
f 4685 7017 4687
f 4687 7017 7016
f 7014 7013 4344
f 4344 7013 7494
f 4344 7494 7022
f 7022 7021 4344
f 4344 7021 7019
f 4344 7019 7692
f 6723 6722 4344
f 4344 6722 7810
f 4344 7810 6720
f 7014 4344 7016
f 7016 4344 4669
f 7016 4669 4668
f 4673 4672 7016
f 7016 4672 4671
f 7016 4671 4670
f 4342 4341 7016
f 7016 4341 4338
f 7016 4338 4340
f 8081 6726 4344
f 4344 6726 6725
f 4344 6725 7028
f 6717 6716 4344
f 4344 6716 7829
f 4344 7829 8044
f 553 550 537
f 537 550 548
f 537 548 535
f 4680 4679 7016
f 7016 4679 4688
f 7016 4688 4687
f 7692 6743 4344
f 4344 6743 6741
f 4344 6741 6740
f 6740 6738 4344
f 4344 6738 6737
f 4344 6737 6735
f 681 678 537
f 537 678 674
f 537 674 669
f 669 666 537
f 537 666 664
f 537 664 661
f 4340 4676 7016
f 7016 4676 4678
f 7016 4678 4336
f 7024 7654 4344
f 4344 7654 6729
f 4344 6729 6728
f 703 700 537
f 661 657 537
f 537 657 652
f 537 652 650
f 537 640 635
f 635 633 537
f 537 633 630
f 537 630 627
f 565 562 537
f 537 562 558
f 537 558 553
f 6735 6734 4344
f 4344 6734 7617
f 4344 7617 6732
f 761 758 712
f 712 758 756
f 712 756 753
f 700 698 537
f 537 698 695
f 537 695 691
f 691 686 537
f 537 686 683
f 537 683 681
f 650 647 537
f 537 647 644
f 537 644 640
f 627 623 537
f 537 623 618
f 537 618 616
f 584 582 537
f 537 582 579
f 537 579 575
f 575 570 537
f 537 570 567
f 537 567 565
f 761 712 537
f 537 712 708
f 537 708 703
f 6732 6731 4344
f 4344 6731 7025
f 4344 7025 7024
f 715 712 719
f 719 712 724
f 753 749 712
f 712 749 744
f 712 744 741
f 741 739 712
f 712 739 736
f 712 736 732
f 732 727 712
f 712 727 722
f 712 722 724
f 616 613 537
f 537 613 610
f 537 610 606
f 606 601 537
f 537 601 599
f 537 599 596
f 596 592 537
f 537 592 587
f 537 587 584
f 6898 6900 4530
f 6870 6748 4530
f 4513 4520 6905
f 6905 4520 4519
f 4519 4525 6905
f 6905 4525 4523
f 6905 4523 4528
f 4528 4527 6905
f 6905 4527 4533
f 6905 4533 6906
f 4530 6900 4532
f 4532 6900 6903
f 4532 6903 4533
f 4533 6903 6902
f 4533 6902 6906
f 6870 4530 6871
f 4517 4516 6905
f 6905 4516 4514
f 6905 4514 4513
f 4535 4539 6865
f 4541 4545 6865
f 6865 4545 4544
f 4544 4548 6865
f 6865 4548 4547
f 6865 4547 4551
f 6847 6848 4551
f 4551 6848 6849
f 4551 6849 6851
f 6863 6869 4530
f 4530 6869 6868
f 4539 4538 6865
f 6865 4538 4542
f 6865 4542 4541
f 6823 6825 4551
f 6868 6867 4530
f 4530 6867 6873
f 4530 6873 6871
f 6748 6747 4530
f 4530 6747 6874
f 4530 6874 6876
f 6863 4530 6865
f 6865 4530 4536
f 6865 4536 4535
f 4550 4554 6796
f 6796 4554 4553
f 4553 4559 6796
f 6796 4559 4558
f 6796 4558 4556
f 6851 6852 4551
f 4551 6852 6854
f 4551 6854 6856
f 6876 6877 4530
f 4530 6877 6879
f 4530 6879 6882
f 6886 4530 6884
f 6884 4530 6880
f 6886 6889 4530
f 4530 6889 6888
f 4530 6888 6894
f 6890 6895 4530
f 4530 6895 6897
f 4530 6897 6898
f 5854 4468 4470
f 4491 4489 6905
f 6805 6804 4551
f 6814 6816 4551
f 4551 6816 6817
f 4551 6817 6819
f 6819 6820 4551
f 4551 6820 6822
f 4551 6822 6823
f 6856 6861 4551
f 4551 6861 6860
f 4551 6860 6858
f 6858 6857 4551
f 4551 6857 6866
f 4551 6866 6865
f 6882 6881 4530
f 4530 6881 6880
f 6894 6893 4530
f 4530 6893 6891
f 4530 6891 6890
f 6908 4463 6905
f 6914 4456 6915
f 6915 4456 4463
f 6915 4463 6908
f 4463 4462 6905
f 6905 4462 4467
f 6905 4467 4466
f 4466 4465 6905
f 6905 4465 4464
f 6905 4464 5854
f 4473 4475 6905
f 4512 4511 6905
f 4556 4555 6796
f 6796 4555 4566
f 6796 4566 4565
f 6825 6826 4551
f 4551 6826 6828
f 4551 6828 6829
f 6829 6831 4551
f 4551 6831 6832
f 4551 6832 6834
f 5854 4470 6905
f 6905 4470 4472
f 6905 4472 4473
f 6905 4352 4351
f 4489 4488 6905
f 6905 4488 4496
f 6905 4496 4495
f 4511 4510 6905
f 6905 4510 4518
f 6905 4518 4517
f 4565 4563 6796
f 6796 4563 4561
f 6796 4561 4560
f 4550 6796 4551
f 4551 6796 6795
f 4551 6795 6805
f 6804 6803 4551
f 4551 6803 6801
f 4551 6801 6800
f 6810 6811 4551
f 4551 6811 6813
f 4551 6813 6814
f 4475 4478 6905
f 6905 4478 4477
f 6905 4477 4481
f 4481 4480 6905
f 6905 4480 4479
f 6905 4479 4352
f 4351 4482 6905
f 6905 4482 4484
f 6905 4484 4487
f 4487 4486 6905
f 6905 4486 4492
f 6905 4492 4491
f 4495 4494 6905
f 6905 4494 4493
f 6905 4493 4502
f 4560 4349 6796
f 6796 4349 4348
f 6796 4348 4567
f 4572 6798 4570
f 4570 6798 6796
f 4570 6796 4569
f 4569 6796 4567
f 6800 6806 4551
f 4551 6806 6808
f 4551 6808 6810
f 6834 6835 4551
f 4551 6835 6837
f 4551 6837 6838
f 4502 4501 6905
f 6905 4501 4499
f 6905 4499 4498
f 4498 4507 6905
f 6905 4507 4506
f 6905 4506 4504
f 4504 4503 6905
f 6905 4503 4509
f 6905 4509 4512
f 6838 6840 4551
f 4551 6840 6841
f 4551 6841 6843
f 6843 6844 4551
f 4551 6844 6846
f 4551 6846 6847
f 21 460 459
f 531 530 21
f 21 530 528
f 21 528 505
f 503 501 21
f 21 501 500
f 21 500 531
f 497 499 21
f 21 499 504
f 21 504 503
f 459 458 21
f 21 458 461
f 21 461 463
f 477 476 21
f 21 496 495
f 477 21 479
f 495 493 21
f 21 493 492
f 21 492 497
f 528 526 505
f 505 526 524
f 505 524 506
f 506 524 508
f 463 468 21
f 21 468 467
f 21 467 465
f 476 481 21
f 21 481 483
f 21 483 488
f 488 487 21
f 21 487 485
f 21 485 484
f 484 489 21
f 21 489 491
f 21 491 496
f 516 522 518
f 518 522 520
f 516 514 522
f 522 514 512
f 522 512 524
f 524 512 510
f 524 510 508
f 465 464 21
f 21 464 469
f 21 469 471
f 471 475 21
f 21 475 474
f 474 473 21
f 21 473 480
f 21 480 479
f 4420 4419 6947
f 4456 6914 6913
f 6920 6919 4453
f 4451 4460 6910
f 6910 4460 4459
f 6910 4459 6912
f 6912 4459 4458
f 6912 4458 6913
f 6913 4458 4457
f 6913 4457 4456
f 4451 6910 4452
f 4452 6910 6909
f 4452 6909 4453
f 4453 6909 6921
f 4453 6921 6920
f 6924 6923 4453
f 6919 6918 4453
f 4453 6918 6917
f 4453 6917 6924
f 4447 4449 6923
f 6923 4449 4454
f 6923 4454 4453
f 4447 6923 4445
f 4445 6923 6925
f 6935 4441 6928
f 6928 4441 4440
f 6928 4440 6927
f 6927 4440 4355
f 6927 4355 4354
f 6925 6926 4445
f 4445 6926 6927
f 4445 6927 5848
f 5848 6927 4354
f 6933 4439 4438
f 6935 6934 4441
f 4441 6934 6933
f 4441 6933 4442
f 4442 6933 4438
f 6930 6929 4443
f 6930 4443 6931
f 4439 6933 4443
f 4443 6933 6932
f 4443 6932 6931
f 4430 4429 6929
f 6929 4429 4428
f 6929 4428 4436
f 4436 4434 6929
f 6929 4434 4444
f 6929 4444 4443
f 6929 8335 4430
f 4430 8335 8334
f 4430 8334 6942
f 6942 6941 4430
f 4430 6941 6939
f 4430 6939 6937
f 6936 4423 6937
f 6937 4423 4422
f 4422 4432 6937
f 6937 4432 4431
f 6937 4431 4430
f 6936 6943 4423
f 4423 6943 6744
f 4423 6744 6746
f 6949 4416 4415
f 4415 4418 6949
f 6949 4418 5899
f 6949 5899 4426
f 6746 6950 4423
f 4423 6950 6949
f 4423 6949 4425
f 4425 6949 4426
f 4416 6949 4419
f 4419 6949 6948
f 4419 6948 6947
f 6945 6953 4357
f 6952 4410 6953
f 6953 4410 4358
f 6953 4358 4357
f 6945 4357 6947
f 6947 4357 4421
f 6947 4421 4420
f 6959 4406 4405
f 4405 4414 6959
f 6959 4414 4413
f 6959 4413 4411
f 6952 6951 4410
f 4410 6951 6958
f 4410 6958 4411
f 4411 6958 6957
f 4411 6957 6955
f 6955 6961 4411
f 4411 6961 6960
f 4411 6960 6959
f 4409 4408 6970
f 4403 4401 6970
f 6970 4401 4400
f 6970 4400 4409
f 4406 6959 4408
f 4408 6959 6966
f 4408 6966 6965
f 6965 6963 4408
f 4408 6963 6962
f 4408 6962 6970
f 6972 4398 4396
f 4396 4395 6972
f 6972 4395 4404
f 6972 4404 6973
f 6973 4404 6968
f 4403 6970 4404
f 4404 6970 6969
f 4404 6969 6968
f 4392 4391 6977
f 6977 4391 4390
f 6977 4390 4399
f 4398 6972 4399
f 4399 6972 6971
f 4399 6971 6981
f 6981 6980 4399
f 4399 6980 6978
f 4399 6978 6977
f 6290 6985 4384
f 4384 6985 4385
f 6975 6987 4393
f 4392 6977 4393
f 4393 6977 6976
f 4393 6976 6975
f 6290 4394 6985
f 6985 4394 4393
f 6985 4393 6986
f 6986 4393 6987
f 4379 4388 6984
f 6984 4388 4387
f 6984 4387 6985
f 6985 4387 4386
f 6985 4386 4385
f 6989 6988 4380
f 4379 6984 4380
f 4380 6984 6990
f 4380 6990 6989
f 6992 6991 4375
f 6992 4375 6994
f 6994 4375 6995
f 6995 4375 4382
f 6995 4382 6988
f 6988 4382 4381
f 6988 4381 4380
f 6991 8990 4375
f 4375 8990 6998
f 4375 6998 4376
f 4371 7003 4372
f 4372 7003 4367
f 4376 6998 4377
f 4377 6998 6997
f 4377 6997 4378
f 4378 6997 7005
f 4378 7005 4371
f 4371 7005 7004
f 4371 7004 7003
f 6999 7006 4363
f 4364 4366 7003
f 6999 4363 7000
f 4364 7003 4363
f 4363 7003 7002
f 4363 7002 7000
f 4366 4369 7003
f 7003 4369 4368
f 7003 4368 4367
f 4361 7017 4684
f 4684 7017 4685
f 7006 7008 4363
f 4363 7008 7009
f 4363 7009 4360
f 4360 7009 7012
f 4360 7012 4361
f 4361 7012 7011
f 4361 7011 7017
f 6750 6756 4612
f 4612 6756 4613
f 460 21 4619
f 4619 21 6751
f 4619 6751 4612
f 4612 6751 6750
f 4610 4618 6753
f 6753 4618 4617
f 6753 4617 6752
f 6752 4617 6755
f 4617 4616 6755
f 6755 4616 4615
f 6755 4615 6756
f 6756 4615 4614
f 6756 4614 4613
f 4605 6760 4606
f 4606 6760 4607
f 6753 6754 4610
f 4610 6754 6757
f 4610 6757 4611
f 4611 6757 6758
f 6758 6763 4611
f 4611 6763 6762
f 4611 6762 4605
f 4605 6762 6761
f 4605 6761 6760
f 4601 4600 6766
f 6768 4609 4608
f 4607 6760 4608
f 4608 6760 6759
f 4608 6759 6768
f 4609 6768 4600
f 4600 6768 6767
f 4600 6767 6766
f 6765 6764 4596
f 6765 4596 6766
f 6766 4596 4595
f 6766 4595 4604
f 4604 4603 6766
f 6766 4603 4602
f 6766 4602 4601
f 4593 4599 6772
f 6772 4599 4598
f 6772 4598 4597
f 6764 6775 4596
f 4596 6775 6774
f 4596 6774 4597
f 4597 6774 6773
f 4597 6773 6772
f 4589 4590 6778
f 6772 6771 4593
f 4593 6771 6770
f 4593 6770 4594
f 4594 6770 4590
f 6778 4590 6779
f 6770 6769 4590
f 4590 6769 6781
f 4590 6781 6779
f 6779 6781 6780
f 4584 4582 6786
f 4592 4591 6778
f 6778 4591 4588
f 6778 4588 4589
f 6778 6777 4592
f 4592 6777 6788
f 4592 6788 4582
f 4582 6788 6787
f 4582 6787 6786
f 6783 6782 4580
f 4579 6786 4580
f 4580 6786 6785
f 4580 6785 6783
f 4579 4577 6786
f 6786 4577 4576
f 6786 4576 4587
f 4587 4586 6786
f 6786 4586 4585
f 6786 4585 4584
f 6791 6790 4572
f 4572 6790 6799
f 4572 6799 6798
f 6791 4572 6793
f 6793 4572 4575
f 6793 4575 4574
f 6782 6794 4580
f 4580 6794 6793
f 4580 6793 4573
f 4573 6793 4574
